Datetime,Open,High,Low,Close
2024-07-23 09:00:00+02:00,198.1999969482422,198.89999389648438,195.60000610351562,198.14999389648438
2024-07-23 13:00:00+02:00,198.10000610351562,198.35000610351562,196.1999969482422,196.85000610351562
2024-07-23 17:00:00+02:00,196.8000030517578,197.5,196.75,197.4499969482422
2024-07-24 09:00:00+02:00,195.5,195.8000030517578,193.6999969482422,195.64999389648438
2024-07-24 13:00:00+02:00,195.6999969482422,197.64999389648438,195.64999389648438,197.5
2024-07-24 17:00:00+02:00,197.4499969482422,197.5,196.39999389648438,196.5
2024-07-25 09:00:00+02:00,194.64999389648438,194.8000030517578,192.4499969482422,192.6999969482422
2024-07-25 13:00:00+02:00,192.75,194.5500030517578,191.9499969482422,193.9499969482422
2024-07-25 17:00:00+02:00,193.89999389648438,194.35000610351562,193.8000030517578,194.14999389648438
2024-07-26 09:00:00+02:00,181.0,182.39999389648438,172.0500030517578,180.25
2024-07-26 13:00:00+02:00,180.1999969482422,188.25,179.5500030517578,187.9499969482422
2024-07-26 17:00:00+02:00,187.9499969482422,189.0,187.85000610351562,188.8000030517578
2024-07-29 09:00:00+02:00,188.8000030517578,189.14999389648438,185.89999389648438,186.85000610351562
2024-07-29 13:00:00+02:00,186.89999389648438,187.6999969482422,184.9499969482422,187.10000610351562
2024-07-29 17:00:00+02:00,187.10000610351562,187.10000610351562,185.6999969482422,185.6999969482422
2024-07-30 09:00:00+02:00,185.5,187.8000030517578,185.0,186.75
2024-07-30 13:00:00+02:00,186.8000030517578,187.14999389648438,184.85000610351562,185.0500030517578
2024-07-30 17:00:00+02:00,185.0500030517578,185.8000030517578,184.89999389648438,185.35000610351562
2024-07-31 09:00:00+02:00,186.0500030517578,187.14999389648438,185.39999389648438,186.5500030517578
2024-07-31 13:00:00+02:00,186.4499969482422,186.9499969482422,184.1999969482422,184.1999969482422
2024-07-31 17:00:00+02:00,184.1999969482422,184.35000610351562,183.9499969482422,184.35000610351562
2024-08-01 09:00:00+02:00,182.75,183.6999969482422,181.25,183.10000610351562
2024-08-01 13:00:00+02:00,183.3000030517578,183.9499969482422,180.60000610351562,180.75
2024-08-01 17:00:00+02:00,180.8000030517578,180.89999389648438,180.14999389648438,180.39999389648438
2024-08-02 09:00:00+02:00,180.3000030517578,181.0500030517578,178.0500030517578,178.89999389648438
2024-08-02 13:00:00+02:00,178.9499969482422,179.75,177.14999389648438,178.10000610351562
2024-08-02 17:00:00+02:00,178.0500030517578,178.85000610351562,177.6999969482422,178.47500610351562
2024-08-05 09:00:00+02:00,175.85000610351562,176.64999389648438,171.5,173.5500030517578
2024-08-05 13:00:00+02:00,173.75,174.14999389648438,170.14999389648438,173.4499969482422
2024-08-05 17:00:00+02:00,173.5500030517578,175.5500030517578,173.35000610351562,174.6999969482422
2024-08-06 09:00:00+02:00,176.89999389648438,178.5,176.14999389648438,177.8000030517578
2024-08-06 13:00:00+02:00,178.0,178.25,175.8000030517578,177.0
2024-08-06 17:00:00+02:00,177.0500030517578,177.14999389648438,175.14999389648438,175.1999969482422
2024-08-07 09:00:00+02:00,176.75,178.3000030517578,175.5500030517578,177.9499969482422
2024-08-07 13:00:00+02:00,177.9499969482422,178.64999389648438,177.1999969482422,178.60000610351562
2024-08-07 17:00:00+02:00,178.5500030517578,178.5500030517578,177.85000610351562,177.9499969482422
2024-08-08 09:00:00+02:00,176.1999969482422,176.5500030517578,175.0,175.64999389648438
2024-08-08 13:00:00+02:00,175.64999389648438,177.5,175.5500030517578,177.14999389648438
2024-08-08 17:00:00+02:00,177.14999389648438,177.3000030517578,176.4499969482422,176.6999969482422
2024-08-09 09:00:00+02:00,177.0,178.75,175.8000030517578,177.3000030517578
2024-08-09 13:00:00+02:00,177.25,177.39999389648438,176.0,176.8000030517578
2024-08-09 17:00:00+02:00,176.85000610351562,177.0500030517578,176.64999389648438,176.64999389648438
2024-08-12 09:00:00+02:00,176.89999389648438,177.5,176.35000610351562,176.5
2024-08-12 13:00:00+02:00,176.5,177.0500030517578,175.35000610351562,176.14999389648438
2024-08-12 17:00:00+02:00,176.1999969482422,176.3000030517578,175.14999389648438,175.25
2024-08-13 09:00:00+02:00,176.1999969482422,176.5500030517578,174.6999969482422,174.89999389648438
2024-08-13 13:00:00+02:00,174.89999389648438,176.8000030517578,174.4499969482422,176.6999969482422
2024-08-13 17:00:00+02:00,176.6999969482422,176.85000610351562,176.64999389648438,176.75
2024-08-14 09:00:00+02:00,178.0,178.0500030517578,177.1999969482422,177.85000610351562
2024-08-14 13:00:00+02:00,177.8000030517578,178.14999389648438,176.85000610351562,177.10000610351562
2024-08-14 17:00:00+02:00,177.10000610351562,177.25,176.9499969482422,177.25
2024-08-15 09:00:00+02:00,178.10000610351562,178.35000610351562,177.60000610351562,177.85000610351562
2024-08-15 13:00:00+02:00,177.89999389648438,181.3000030517578,177.8000030517578,180.85000610351562
2024-08-15 17:00:00+02:00,180.85000610351562,180.89999389648438,180.39999389648438,180.39999389648438
2024-08-16 09:00:00+02:00,180.4499969482422,182.0500030517578,180.35000610351562,180.75
2024-08-16 13:00:00+02:00,180.75,180.9499969482422,180.1999969482422,180.3000030517578
2024-08-16 17:00:00+02:00,180.35000610351562,180.60000610351562,180.3000030517578,180.60000610351562
2024-08-19 09:00:00+02:00,180.39999389648438,182.4499969482422,180.39999389648438,182.0500030517578
2024-08-19 13:00:00+02:00,182.0500030517578,182.75,181.9499969482422,182.60000610351562
2024-08-19 17:00:00+02:00,182.64999389648438,182.6999969482422,181.85000610351562,181.85000610351562
2024-08-20 09:00:00+02:00,182.3000030517578,183.0500030517578,181.64999389648438,181.89999389648438
2024-08-20 13:00:00+02:00,181.75,182.5500030517578,181.1999969482422,181.3000030517578
2024-08-20 17:00:00+02:00,181.25,181.5,181.10000610351562,181.35000610351562
2024-08-21 09:00:00+02:00,181.5500030517578,183.5500030517578,181.5,183.5
2024-08-21 13:00:00+02:00,183.4499969482422,183.4499969482422,182.14999389648438,182.39999389648438
2024-08-21 17:00:00+02:00,182.35000610351562,182.8000030517578,182.35000610351562,182.8000030517578
2024-08-22 09:00:00+02:00,182.60000610351562,183.64999389648438,182.10000610351562,183.25
2024-08-22 13:00:00+02:00,183.1999969482422,183.89999389648438,183.1999969482422,183.5500030517578
2024-08-22 17:00:00+02:00,183.5500030517578,183.60000610351562,183.0500030517578,183.10000610351562
2024-08-23 09:00:00+02:00,182.6999969482422,183.0500030517578,181.5500030517578,182.35000610351562
2024-08-23 13:00:00+02:00,182.5,183.10000610351562,181.64999389648438,182.14999389648438
2024-08-23 17:00:00+02:00,182.0500030517578,182.6999969482422,182.0500030517578,182.5500030517578
2024-08-26 09:00:00+02:00,182.75,183.5500030517578,182.5500030517578,183.10000610351562
2024-08-26 13:00:00+02:00,183.0500030517578,183.5500030517578,182.60000610351562,183.0
2024-08-26 17:00:00+02:00,183.0500030517578,183.4499969482422,183.0500030517578,183.3000030517578
2024-08-27 09:00:00+02:00,183.1999969482422,184.4499969482422,183.1999969482422,184.25
2024-08-27 13:00:00+02:00,184.25,185.14999389648438,183.64999389648438,184.6999969482422
2024-08-27 17:00:00+02:00,184.6999969482422,184.9499969482422,184.60000610351562,184.9499969482422
2024-08-28 09:00:00+02:00,185.5500030517578,186.5500030517578,185.3000030517578,186.10000610351562
2024-08-28 13:00:00+02:00,186.1999969482422,186.3000030517578,184.85000610351562,185.3000030517578
2024-08-28 17:00:00+02:00,185.25,185.25,184.85000610351562,184.85000610351562
2024-08-29 09:00:00+02:00,184.5,186.85000610351562,184.14999389648438,185.89999389648438
2024-08-29 13:00:00+02:00,185.89999389648438,186.75,185.35000610351562,186.1999969482422
2024-08-29 17:00:00+02:00,186.3000030517578,186.35000610351562,186.0500030517578,186.25
2024-08-30 09:00:00+02:00,185.4499969482422,189.60000610351562,185.4499969482422,189.60000610351562
2024-08-30 13:00:00+02:00,189.6999969482422,189.8000030517578,187.60000610351562,187.64999389648438
2024-08-30 17:00:00+02:00,187.64999389648438,187.75,187.0500030517578,187.14999389648438
2024-09-02 09:00:00+02:00,187.60000610351562,187.6999969482422,185.8000030517578,186.5
2024-09-02 13:00:00+02:00,186.5,187.4499969482422,186.3000030517578,187.0500030517578
2024-09-02 17:00:00+02:00,187.0500030517578,187.35000610351562,186.89999389648438,187.35000610351562
2024-09-03 09:00:00+02:00,187.10000610351562,188.35000610351562,186.64999389648438,187.75
2024-09-03 13:00:00+02:00,187.6999969482422,187.89999389648438,186.8000030517578,187.0
2024-09-03 17:00:00+02:00,186.9499969482422,187.39999389648438,186.35000610351562,186.35000610351562
2024-09-04 09:00:00+02:00,182.1999969482422,185.25,181.85000610351562,182.5
2024-09-04 13:00:00+02:00,182.4499969482422,183.85000610351562,180.6999969482422,183.85000610351562
2024-09-04 17:00:00+02:00,183.89999389648438,184.14999389648438,183.0,183.0
2024-09-05 09:00:00+02:00,183.64999389648438,184.4499969482422,182.4499969482422,183.85000610351562
2024-09-05 13:00:00+02:00,183.75,184.35000610351562,183.39999389648438,183.8000030517578
2024-09-05 17:00:00+02:00,183.8000030517578,183.89999389648438,183.25,183.39999389648438
2024-09-06 09:00:00+02:00,183.10000610351562,183.64999389648438,181.64999389648438,181.6999969482422
2024-09-06 13:00:00+02:00,181.75,183.39999389648438,180.35000610351562,180.4499969482422
2024-09-06 17:00:00+02:00,180.39999389648438,181.0500030517578,179.60000610351562,179.60000610351562
2024-09-09 09:00:00+02:00,180.35000610351562,181.64999389648438,180.35000610351562,180.85000610351562
2024-09-09 13:00:00+02:00,180.9499969482422,181.1999969482422,180.25,180.5
2024-09-09 17:00:00+02:00,180.4499969482422,180.85000610351562,180.4499969482422,180.8000030517578
2024-09-10 09:00:00+02:00,187.3000030517578,194.0500030517578,186.35000610351562,192.1999969482422
2024-09-10 13:00:00+02:00,192.1999969482422,192.64999389648438,189.3000030517578,189.5
2024-09-10 17:00:00+02:00,189.4499969482422,190.25,189.35000610351562,190.1999969482422
2024-09-11 09:00:00+02:00,190.10000610351562,190.64999389648438,189.3000030517578,190.10000610351562
2024-09-11 13:00:00+02:00,190.1999969482422,192.0,189.64999389648438,190.3000030517578
2024-09-11 17:00:00+02:00,190.35000610351562,191.0500030517578,190.35000610351562,190.60000610351562
2024-09-12 09:00:00+02:00,194.0,194.25,191.5,192.89999389648438
2024-09-12 13:00:00+02:00,192.75,193.64999389648438,192.0500030517578,192.64999389648438
2024-09-12 17:00:00+02:00,192.60000610351562,193.14999389648438,192.5500030517578,193.0500030517578
2024-09-13 09:00:00+02:00,194.4499969482422,195.0500030517578,193.14999389648438,193.89999389648438
2024-09-13 13:00:00+02:00,193.85000610351562,193.89999389648438,192.89999389648438,193.5500030517578
2024-09-13 17:00:00+02:00,193.60000610351562,193.64999389648438,193.3000030517578,193.4499969482422
2024-09-16 09:00:00+02:00,189.9499969482422,191.5,187.64999389648438,189.9499969482422
2024-09-16 13:00:00+02:00,190.0,191.0,189.85000610351562,189.89999389648438
2024-09-16 17:00:00+02:00,189.89999389648438,190.3000030517578,189.6999969482422,190.0
2024-09-17 09:00:00+02:00,190.8000030517578,195.10000610351562,190.8000030517578,194.4499969482422
2024-09-17 13:00:00+02:00,194.35000610351562,196.25,191.4499969482422,192.5
2024-09-17 17:00:00+02:00,192.5500030517578,192.75,192.39999389648438,192.75
2024-09-18 09:00:00+02:00,191.75,192.4499969482422,191.4499969482422,191.8000030517578
2024-09-18 13:00:00+02:00,191.8000030517578,192.4499969482422,191.60000610351562,192.1999969482422
2024-09-18 17:00:00+02:00,192.25,192.35000610351562,192.0,192.0500030517578
2024-09-19 09:00:00+02:00,193.0500030517578,195.4499969482422,192.9499969482422,195.1999969482422
2024-09-19 13:00:00+02:00,195.1999969482422,196.64999389648438,194.85000610351562,194.9499969482422
2024-09-19 17:00:00+02:00,195.0500030517578,195.64999389648438,195.0500030517578,195.25
2024-09-20 09:00:00+02:00,194.89999389648438,195.10000610351562,190.75,190.89999389648438
2024-09-20 13:00:00+02:00,190.89999389648438,191.14999389648438,188.35000610351562,188.5500030517578
2024-09-20 17:00:00+02:00,188.5500030517578,188.6999969482422,187.8000030517578,187.9499969482422
2024-09-23 09:00:00+02:00,188.0500030517578,188.5500030517578,186.89999389648438,188.3000030517578
2024-09-23 13:00:00+02:00,188.35000610351562,189.39999389648438,187.9499969482422,188.6999969482422
2024-09-23 17:00:00+02:00,188.64999389648438,188.75,188.5500030517578,188.5500030517578
2024-09-24 09:00:00+02:00,190.0500030517578,191.10000610351562,190.0,190.5500030517578
2024-09-24 13:00:00+02:00,190.5,190.5500030517578,188.85000610351562,189.39999389648438
2024-09-24 17:00:00+02:00,189.4499969482422,189.75,189.4499969482422,189.60000610351562
2024-09-25 09:00:00+02:00,188.0,188.60000610351562,186.85000610351562,188.60000610351562
2024-09-25 13:00:00+02:00,188.5500030517578,189.64999389648438,188.5,189.14999389648438
2024-09-25 17:00:00+02:00,189.10000610351562,189.5,189.10000610351562,189.39999389648438
2024-09-26 09:00:00+02:00,190.0,194.3000030517578,189.75,192.64999389648438
2024-09-26 13:00:00+02:00,192.8000030517578,195.5,192.64999389648438,194.64999389648438
2024-09-26 17:00:00+02:00,194.60000610351562,195.39999389648438,194.39999389648438,195.3000030517578
2024-09-27 09:00:00+02:00,196.0,198.4499969482422,196.0,198.1999969482422
2024-09-27 13:00:00+02:00,198.14999389648438,199.25,197.85000610351562,199.1999969482422
2024-09-27 17:00:00+02:00,199.1999969482422,199.5,199.0500030517578,199.4499969482422
2024-09-30 09:00:00+02:00,198.14999389648438,198.8000030517578,195.10000610351562,195.64999389648438
2024-09-30 13:00:00+02:00,195.64999389648438,195.6999969482422,194.1999969482422,195.0500030517578
2024-09-30 17:00:00+02:00,195.0500030517578,195.4499969482422,194.89999389648438,194.9499969482422
2024-10-01 09:00:00+02:00,194.14999389648438,194.5,193.10000610351562,194.10000610351562
2024-10-01 13:00:00+02:00,194.0500030517578,194.8000030517578,191.35000610351562,191.6999969482422
2024-10-01 17:00:00+02:00,191.8000030517578,192.10000610351562,191.35000610351562,191.89999389648438
2024-10-02 09:00:00+02:00,192.14999389648438,192.5,190.89999389648438,191.1999969482422
2024-10-02 13:00:00+02:00,191.1999969482422,192.0,189.75,191.1999969482422
2024-10-02 17:00:00+02:00,191.3000030517578,191.85000610351562,191.1999969482422,191.85000610351562
2024-10-03 09:00:00+02:00,191.0,191.5500030517578,189.5,190.0500030517578
2024-10-03 13:00:00+02:00,190.0,190.4499969482422,187.64999389648438,188.5500030517578
2024-10-03 17:00:00+02:00,188.5,188.60000610351562,187.8000030517578,187.89999389648438
2024-10-04 09:00:00+02:00,187.8000030517578,189.39999389648438,187.60000610351562,188.9499969482422
2024-10-04 13:00:00+02:00,188.9499969482422,190.8000030517578,188.6999969482422,189.8000030517578
2024-10-04 17:00:00+02:00,189.75,189.85000610351562,189.0,189.10000610351562
2024-10-07 09:00:00+02:00,189.0,189.3000030517578,184.89999389648438,185.5500030517578
2024-10-07 13:00:00+02:00,185.5,186.25,184.5500030517578,184.89999389648438
2024-10-07 17:00:00+02:00,184.85000610351562,185.0500030517578,184.125,184.1999969482422
2024-10-08 09:00:00+02:00,181.1999969482422,182.1999969482422,180.5500030517578,182.0
2024-10-08 13:00:00+02:00,181.9499969482422,183.10000610351562,181.10000610351562,183.10000610351562
2024-10-08 17:00:00+02:00,183.14999389648438,183.64999389648438,183.10000610351562,183.39999389648438
2024-10-09 09:00:00+02:00,184.60000610351562,185.6999969482422,183.8000030517578,184.25
2024-10-09 13:00:00+02:00,184.3000030517578,184.5,183.3000030517578,184.10000610351562
2024-10-09 17:00:00+02:00,184.1999969482422,184.39999389648438,184.14999389648438,184.35000610351562
2024-10-10 09:00:00+02:00,182.85000610351562,183.0,180.25,181.3000030517578
2024-10-10 13:00:00+02:00,181.35000610351562,181.6999969482422,180.60000610351562,181.4499969482422
2024-10-10 17:00:00+02:00,181.5,183.10000610351562,181.4499969482422,182.85000610351562
2024-10-11 09:00:00+02:00,181.8000030517578,183.89999389648438,181.8000030517578,182.14999389648438
2024-10-11 13:00:00+02:00,182.14999389648438,182.64999389648438,181.75,181.9499969482422
2024-10-11 17:00:00+02:00,182.0,182.14999389648438,181.64999389648438,181.6999969482422
2024-10-14 09:00:00+02:00,181.35000610351562,183.14999389648438,181.35000610351562,181.89999389648438
2024-10-14 13:00:00+02:00,181.85000610351562,183.75,181.85000610351562,182.9499969482422
2024-10-14 17:00:00+02:00,182.9499969482422,183.35000610351562,182.9499969482422,183.1999969482422
2024-10-15 09:00:00+02:00,185.1999969482422,185.85000610351562,183.1999969482422,183.35000610351562
2024-10-15 13:00:00+02:00,183.35000610351562,183.5,181.6999969482422,182.5
2024-10-15 17:00:00+02:00,182.5,182.64999389648438,182.25,182.3000030517578
2024-10-16 09:00:00+02:00,181.4499969482422,183.0,181.1999969482422,182.1999969482422
2024-10-16 13:00:00+02:00,182.25,182.89999389648438,180.9499969482422,182.14999389648438
2024-10-16 17:00:00+02:00,182.1999969482422,182.39999389648438,182.0500030517578,182.1999969482422
2024-10-17 09:00:00+02:00,182.3000030517578,185.0,181.64999389648438,184.5500030517578
2024-10-17 13:00:00+02:00,184.5,185.25,182.1999969482422,182.1999969482422
2024-10-17 17:00:00+02:00,182.25,182.8000030517578,182.0500030517578,182.75
2024-10-18 09:00:00+02:00,182.0,185.4499969482422,182.0,184.9499969482422
2024-10-18 13:00:00+02:00,185.0,185.39999389648438,184.10000610351562,184.35000610351562
2024-10-18 17:00:00+02:00,184.35000610351562,184.4499969482422,184.10000610351562,184.25
2024-10-21 09:00:00+02:00,184.1999969482422,185.1999969482422,183.10000610351562,183.14999389648438
2024-10-21 13:00:00+02:00,183.14999389648438,183.25,181.0500030517578,181.39999389648438
2024-10-21 17:00:00+02:00,181.39999389648438,181.5500030517578,180.6999969482422,180.75
2024-10-22 09:00:00+02:00,183.0500030517578,184.14999389648438,180.64999389648438,181.3000030517578
2024-10-22 13:00:00+02:00,181.35000610351562,183.8000030517578,181.3000030517578,183.10000610351562
2024-10-22 17:00:00+02:00,183.14999389648438,183.3000030517578,182.9499969482422,183.10000610351562
2024-10-23 09:00:00+02:00,182.1999969482422,184.9499969482422,181.75,181.89999389648438
2024-10-23 13:00:00+02:00,181.89999389648438,182.25,180.5,180.6999969482422
2024-10-23 17:00:00+02:00,180.8000030517578,181.0,180.35000610351562,180.5
2024-10-24 09:00:00+02:00,181.10000610351562,182.60000610351562,180.8000030517578,182.0
2024-10-24 13:00:00+02:00,182.0,182.35000610351562,180.35000610351562,180.5
2024-10-24 17:00:00+02:00,180.5500030517578,180.60000610351562,180.1999969482422,180.25
2024-10-25 09:00:00+02:00,179.5,180.10000610351562,175.89999389648438,176.39999389648438
2024-10-25 13:00:00+02:00,176.35000610351562,176.5,175.25,175.3000030517578
2024-10-25 17:00:00+02:00,175.3000030517578,175.60000610351562,175.25,175.4499969482422
2024-10-28 09:00:00+01:00,176.0,177.85000610351562,175.85000610351562,176.4499969482422
2024-10-28 13:00:00+01:00,176.4499969482422,177.3000030517578,176.3000030517578,177.0500030517578
2024-10-28 17:00:00+01:00,177.10000610351562,177.10000610351562,176.85000610351562,177.0500030517578
2024-10-29 09:00:00+01:00,177.39999389648438,177.85000610351562,176.39999389648438,176.39999389648438
2024-10-29 13:00:00+01:00,176.35000610351562,176.75,175.5500030517578,175.89999389648438
2024-10-29 17:00:00+01:00,175.89999389648438,176.39999389648438,175.89999389648438,176.0
2024-10-30 09:00:00+01:00,172.89999389648438,173.4499969482422,161.60000610351562,164.5
2024-10-30 13:00:00+01:00,164.5500030517578,169.25,164.35000610351562,165.89999389648438
2024-10-30 17:00:00+01:00,165.85000610351562,165.89999389648438,164.8000030517578,164.89999389648438
2024-10-31 09:00:00+01:00,163.10000610351562,164.25,160.14999389648438,160.3000030517578
2024-10-31 13:00:00+01:00,160.1999969482422,162.10000610351562,158.75,158.85000610351562
2024-10-31 17:00:00+01:00,158.8000030517578,159.0,158.3000030517578,158.35000610351562
2024-11-01 09:00:00+01:00,159.14999389648438,161.9499969482422,159.14999389648438,161.85000610351562
2024-11-01 13:00:00+01:00,161.8000030517578,164.14999389648438,161.64999389648438,164.0500030517578
2024-11-01 17:00:00+01:00,164.10000610351562,164.39999389648438,164.0,164.0500030517578
2024-11-04 09:00:00+01:00,163.4499969482422,164.64999389648438,162.6999969482422,163.85000610351562
2024-11-04 13:00:00+01:00,163.8000030517578,163.85000610351562,161.89999389648438,162.4499969482422
2024-11-04 17:00:00+01:00,162.4499969482422,162.5500030517578,162.1999969482422,162.39999389648438
2024-11-05 09:00:00+01:00,162.4499969482422,162.75,160.5,160.8000030517578
2024-11-05 13:00:00+01:00,160.75,160.85000610351562,159.5500030517578,160.25
2024-11-05 17:00:00+01:00,160.25,160.3000030517578,159.8000030517578,159.8000030517578
2024-11-06 09:00:00+01:00,160.75,164.1999969482422,160.75,160.89999389648438
2024-11-06 13:00:00+01:00,160.8000030517578,161.0,158.10000610351562,159.0
2024-11-06 17:00:00+01:00,159.0,159.14999389648438,158.5500030517578,158.85000610351562
2024-11-07 09:00:00+01:00,159.3000030517578,161.5,159.3000030517578,160.9499969482422
2024-11-07 13:00:00+01:00,160.9499969482422,161.25,160.5500030517578,160.89999389648438
2024-11-07 17:00:00+01:00,160.9499969482422,161.5500030517578,160.85000610351562,161.5500030517578
2024-11-08 09:00:00+01:00,161.35000610351562,163.0500030517578,160.8000030517578,162.25
2024-11-08 13:00:00+01:00,162.35000610351562,162.60000610351562,161.39999389648438,162.0500030517578
2024-11-08 17:00:00+01:00,162.0,162.5,161.85000610351562,162.3000030517578
2024-11-11 09:00:00+01:00,163.0500030517578,163.3000030517578,162.4499969482422,162.89999389648438
2024-11-11 13:00:00+01:00,162.9499969482422,164.14999389648438,162.75,163.85000610351562
2024-11-11 17:00:00+01:00,163.89999389648438,164.0500030517578,163.8000030517578,164.0500030517578
2024-11-12 09:00:00+01:00,162.75,164.75,161.25,164.5
2024-11-12 13:00:00+01:00,164.5500030517578,165.75,164.35000610351562,164.8000030517578
2024-11-12 17:00:00+01:00,164.85000610351562,164.85000610351562,164.3000030517578,164.6999969482422
2024-11-13 09:00:00+01:00,163.35000610351562,163.5,159.14999389648438,159.39999389648438
2024-11-13 13:00:00+01:00,159.4499969482422,159.64999389648438,157.89999389648438,158.5
2024-11-13 17:00:00+01:00,158.5,158.6999969482422,158.39999389648438,158.5
2024-11-14 09:00:00+01:00,160.14999389648438,160.75,158.39999389648438,160.35000610351562
2024-11-14 13:00:00+01:00,160.39999389648438,161.60000610351562,160.10000610351562,160.89999389648438
2024-11-14 17:00:00+01:00,160.89999389648438,161.3000030517578,160.6999969482422,161.3000030517578
2024-11-15 09:00:00+01:00,158.6999969482422,158.85000610351562,154.9499969482422,156.5
2024-11-15 13:00:00+01:00,156.5,157.0500030517578,155.0500030517578,155.1999969482422
2024-11-15 17:00:00+01:00,155.14999389648438,155.3000030517578,154.5,154.75
2024-11-18 09:00:00+01:00,154.0,156.39999389648438,154.0,155.35000610351562
2024-11-18 13:00:00+01:00,155.35000610351562,155.6999969482422,154.0500030517578,155.5500030517578
2024-11-18 17:00:00+01:00,155.5500030517578,155.8000030517578,155.35000610351562,155.75
2024-11-19 09:00:00+01:00,155.60000610351562,157.39999389648438,155.14999389648438,155.39999389648438
2024-11-19 13:00:00+01:00,155.39999389648438,156.5,154.8000030517578,156.10000610351562
2024-11-19 17:00:00+01:00,156.14999389648438,156.75,156.10000610351562,156.60000610351562
2024-11-20 09:00:00+01:00,157.75,157.89999389648438,154.5,154.89999389648438
2024-11-20 13:00:00+01:00,154.85000610351562,155.4499969482422,153.39999389648438,154.25
2024-11-20 17:00:00+01:00,154.1999969482422,154.1999969482422,153.6999969482422,153.8000030517578
2024-11-21 09:00:00+01:00,154.3000030517578,154.39999389648438,152.39999389648438,152.9499969482422
2024-11-21 13:00:00+01:00,152.89999389648438,153.89999389648438,152.6999969482422,152.9499969482422
2024-11-21 17:00:00+01:00,153.0,153.75,152.9499969482422,153.64999389648438
2024-11-22 09:00:00+01:00,153.5,154.9499969482422,153.3000030517578,153.89999389648438
2024-11-22 13:00:00+01:00,153.9499969482422,155.39999389648438,153.8000030517578,154.4499969482422
2024-11-22 17:00:00+01:00,154.5,154.6999969482422,154.35000610351562,154.60000610351562
2024-11-25 09:00:00+01:00,154.9499969482422,155.6999969482422,152.9499969482422,153.0
2024-11-25 13:00:00+01:00,153.0500030517578,154.39999389648438,152.64999389648438,153.60000610351562
2024-11-25 17:00:00+01:00,153.5500030517578,153.64999389648438,153.3000030517578,153.5500030517578
2024-11-26 09:00:00+01:00,151.1999969482422,153.35000610351562,150.9499969482422,153.35000610351562
2024-11-26 13:00:00+01:00,153.35000610351562,154.60000610351562,152.3000030517578,153.1999969482422
2024-11-26 17:00:00+01:00,153.1999969482422,153.39999389648438,152.5500030517578,152.60000610351562
2024-11-27 09:00:00+01:00,151.39999389648438,151.9499969482422,149.85000610351562,150.8000030517578
2024-11-27 13:00:00+01:00,150.8000030517578,151.6999969482422,150.60000610351562,150.9499969482422
2024-11-27 17:00:00+01:00,150.9499969482422,151.5,150.89999389648438,151.39999389648438
2024-11-28 09:00:00+01:00,151.64999389648438,152.6999969482422,151.3000030517578,151.64999389648438
2024-11-28 13:00:00+01:00,151.64999389648438,152.0500030517578,151.14999389648438,151.4499969482422
2024-11-28 17:00:00+01:00,151.4499969482422,151.75,151.4499969482422,151.64999389648438
2024-11-29 09:00:00+01:00,151.39999389648438,152.5,151.0,151.5
2024-11-29 13:00:00+01:00,151.5,151.6999969482422,150.14999389648438,151.35000610351562
2024-11-29 17:00:00+01:00,151.39999389648438,151.8000030517578,151.39999389648438,151.6999969482422
2024-12-02 09:00:00+01:00,149.6999969482422,151.10000610351562,149.60000610351562,150.60000610351562
2024-12-02 13:00:00+01:00,150.64999389648438,152.5,150.5,151.0
2024-12-02 17:00:00+01:00,150.9499969482422,151.25,150.6999969482422,150.6999969482422
2024-12-03 09:00:00+01:00,151.60000610351562,153.5,151.0,151.64999389648438
2024-12-03 13:00:00+01:00,151.6999969482422,152.1999969482422,150.89999389648438,151.75
2024-12-03 17:00:00+01:00,151.6999969482422,152.3000030517578,151.64999389648438,152.22500610351562
2024-12-04 09:00:00+01:00,152.10000610351562,153.6999969482422,152.10000610351562,153.35000610351562
2024-12-04 13:00:00+01:00,153.35000610351562,154.0,153.0,153.64999389648438
2024-12-04 17:00:00+01:00,153.64999389648438,153.85000610351562,153.5,153.8000030517578
2024-12-05 09:00:00+01:00,152.9499969482422,154.75,152.9499969482422,154.0500030517578
2024-12-05 13:00:00+01:00,154.10000610351562,155.35000610351562,153.89999389648438,154.60000610351562
2024-12-05 17:00:00+01:00,154.64999389648438,155.10000610351562,154.4499969482422,155.10000610351562
2024-12-06 09:00:00+01:00,155.14999389648438,157.75,154.85000610351562,156.25
2024-12-06 13:00:00+01:00,156.25,157.9499969482422,156.25,157.375
2024-12-06 17:00:00+01:00,157.35000610351562,157.4499969482422,157.14999389648438,157.4499969482422
2024-12-09 09:00:00+01:00,158.39999389648438,159.9499969482422,158.3000030517578,159.85000610351562
2024-12-09 13:00:00+01:00,159.8000030517578,160.5,159.25,160.0
2024-12-09 17:00:00+01:00,160.0,160.1999969482422,159.64999389648438,160.1999969482422
2024-12-10 09:00:00+01:00,159.75,160.39999389648438,159.4499969482422,160.25
2024-12-10 13:00:00+01:00,160.25,160.3000030517578,159.3000030517578,159.64999389648438
2024-12-10 17:00:00+01:00,159.64999389648438,159.64999389648438,159.1999969482422,159.375
2024-12-11 09:00:00+01:00,159.14999389648438,159.64999389648438,158.3000030517578,159.3000030517578
2024-12-11 13:00:00+01:00,159.3000030517578,159.75,158.75,158.9499969482422
2024-12-11 17:00:00+01:00,159.0,159.39999389648438,158.85000610351562,159.3000030517578
2024-12-12 09:00:00+01:00,159.10000610351562,159.3000030517578,158.14999389648438,158.64999389648438
2024-12-12 13:00:00+01:00,158.64999389648438,158.75,156.10000610351562,156.8000030517578
2024-12-12 17:00:00+01:00,156.85000610351562,157.4499969482422,156.85000610351562,157.35000610351562
2024-12-13 09:00:00+01:00,156.60000610351562,157.6999969482422,155.8000030517578,156.89999389648438
2024-12-13 13:00:00+01:00,156.89999389648438,157.0500030517578,155.5500030517578,155.75
2024-12-13 17:00:00+01:00,155.75,156.25,155.60000610351562,156.10000610351562
2024-12-16 09:00:00+01:00,155.0,155.4499969482422,152.9499969482422,153.3000030517578
2024-12-16 13:00:00+01:00,153.39999389648438,154.1999969482422,153.10000610351562,153.85000610351562
2024-12-16 17:00:00+01:00,153.85000610351562,154.10000610351562,153.8000030517578,153.89999389648438
2024-12-17 09:00:00+01:00,153.0,154.10000610351562,152.64999389648438,153.5
2024-12-17 13:00:00+01:00,153.5,154.14999389648438,153.0,153.8000030517578
2024-12-17 17:00:00+01:00,153.8000030517578,154.0,153.5,153.75
2024-12-18 09:00:00+01:00,153.8000030517578,154.8000030517578,153.5500030517578,154.3000030517578
2024-12-18 13:00:00+01:00,154.25,154.77499389648438,153.89999389648438,154.25
2024-12-18 17:00:00+01:00,154.25,154.4499969482422,154.0,154.4499969482422
2024-12-19 09:00:00+01:00,151.4499969482422,154.25,150.9499969482422,152.9499969482422
2024-12-19 13:00:00+01:00,153.0,157.5,153.0,156.64999389648438
2024-12-19 17:00:00+01:00,156.64999389648438,157.14999389648438,156.4499969482422,156.64999389648438
2024-12-20 09:00:00+01:00,155.6999969482422,155.75,154.14999389648438,154.89999389648438
2024-12-20 13:00:00+01:00,154.9499969482422,155.39999389648438,154.39999389648438,155.0
2024-12-20 17:00:00+01:00,155.0,155.8000030517578,155.0,155.8000030517578
2024-12-23 09:00:00+01:00,154.5,156.4499969482422,154.3000030517578,155.89999389648438
2024-12-23 13:00:00+01:00,155.9499969482422,156.39999389648438,155.1999969482422,155.25
2024-12-23 17:00:00+01:00,155.25,155.64999389648438,155.1999969482422,155.5500030517578
2024-12-24 09:00:00+01:00,155.60000610351562,157.5,155.60000610351562,156.64999389648438
2024-12-24 13:00:00+01:00,156.6999969482422,156.6999969482422,156.0,156.0
2024-12-27 09:00:00+01:00,156.89999389648438,158.25,155.75,157.5
2024-12-27 13:00:00+01:00,157.5,158.0500030517578,156.75,157.35000610351562
2024-12-27 17:00:00+01:00,157.3000030517578,157.3000030517578,157.10000610351562,157.14999389648438
2024-12-30 09:00:00+01:00,156.39999389648438,157.4499969482422,156.3000030517578,157.10000610351562
2024-12-30 13:00:00+01:00,157.10000610351562,157.14999389648438,154.85000610351562,154.9499969482422
2024-12-30 17:00:00+01:00,154.9499969482422,155.10000610351562,154.75,154.85000610351562
2024-12-31 09:00:00+01:00,154.9499969482422,157.39999389648438,154.75,157.3000030517578
2024-12-31 13:00:00+01:00,157.25,158.14999389648438,157.10000610351562,158.14999389648438
2025-01-02 09:00:00+01:00,156.9499969482422,158.10000610351562,155.39999389648438,156.0
2025-01-02 13:00:00+01:00,156.0,157.0,155.85000610351562,156.4499969482422
2025-01-02 17:00:00+01:00,156.5,156.75,156.1999969482422,156.6999969482422
2025-01-03 09:00:00+01:00,156.60000610351562,156.85000610351562,155.5,155.75
2025-01-03 13:00:00+01:00,155.75,155.8000030517578,154.85000610351562,155.35000610351562
2025-01-03 17:00:00+01:00,155.3000030517578,155.3000030517578,154.85000610351562,155.0500030517578
2025-01-06 09:00:00+01:00,155.5,159.60000610351562,155.39999389648438,159.60000610351562
2025-01-06 13:00:00+01:00,159.5,160.64999389648438,157.25,160.25
2025-01-06 17:00:00+01:00,160.25,160.25,159.64999389648438,160.0
2025-01-07 09:00:00+01:00,159.25,161.10000610351562,158.6999969482422,160.0500030517578
2025-01-07 13:00:00+01:00,160.10000610351562,161.8000030517578,159.85000610351562,160.5500030517578
2025-01-07 17:00:00+01:00,160.64999389648438,160.9499969482422,160.5,160.8000030517578
2025-01-08 09:00:00+01:00,159.8000030517578,160.3000030517578,157.64999389648438,158.5
2025-01-08 13:00:00+01:00,158.4499969482422,158.4499969482422,156.5500030517578,158.0500030517578
2025-01-08 17:00:00+01:00,158.10000610351562,158.14999389648438,157.64999389648438,157.75
2025-01-09 09:00:00+01:00,157.0,158.35000610351562,156.5,157.0
2025-01-09 13:00:00+01:00,157.0,158.10000610351562,156.8000030517578,157.10000610351562
2025-01-09 17:00:00+01:00,157.0500030517578,157.25,156.85000610351562,156.89999389648438
2025-01-10 09:00:00+01:00,156.89999389648438,160.89999389648438,156.89999389648438,159.60000610351562
2025-01-10 13:00:00+01:00,159.64999389648438,159.64999389648438,156.35000610351562,157.35000610351562
2025-01-10 17:00:00+01:00,157.39999389648438,157.4499969482422,156.3000030517578,156.8000030517578
2025-01-13 09:00:00+01:00,156.3000030517578,156.35000610351562,154.39999389648438,155.0
2025-01-13 13:00:00+01:00,155.10000610351562,156.6999969482422,154.89999389648438,156.5
2025-01-13 17:00:00+01:00,156.39999389648438,156.5,156.1999969482422,156.1999969482422
2025-01-14 09:00:00+01:00,157.39999389648438,157.89999389648438,156.0,156.85000610351562
2025-01-14 13:00:00+01:00,156.8000030517578,156.89999389648438,155.0500030517578,155.6999969482422
2025-01-14 17:00:00+01:00,155.6999969482422,155.6999969482422,155.0500030517578,155.0500030517578
2025-01-15 09:00:00+01:00,155.89999389648438,157.60000610351562,155.39999389648438,157.39999389648438
2025-01-15 13:00:00+01:00,157.39999389648438,158.85000610351562,156.5,157.25
2025-01-15 17:00:00+01:00,157.3000030517578,157.35000610351562,157.0500030517578,157.25
2025-01-16 09:00:00+01:00,158.0500030517578,162.8000030517578,157.14999389648438,161.8000030517578
2025-01-16 13:00:00+01:00,161.75,161.9499969482422,157.8000030517578,159.85000610351562
2025-01-16 17:00:00+01:00,159.8000030517578,160.39999389648438,159.75,160.0
2025-01-17 09:00:00+01:00,160.25,161.5500030517578,159.6999969482422,160.9499969482422
2025-01-17 13:00:00+01:00,160.9499969482422,161.35000610351562,160.5500030517578,160.5500030517578
2025-01-17 17:00:00+01:00,160.60000610351562,160.75,160.39999389648438,160.5
2025-01-20 09:00:00+01:00,161.0,162.0,160.6999969482422,160.75
2025-01-20 13:00:00+01:00,160.6999969482422,162.8000030517578,160.4499969482422,161.64999389648438
2025-01-20 17:00:00+01:00,161.6999969482422,161.8000030517578,161.39999389648438,161.75
2025-01-21 09:00:00+01:00,161.60000610351562,162.5,161.3000030517578,162.1999969482422
2025-01-21 13:00:00+01:00,162.25,163.64999389648438,161.89999389648438,163.1999969482422
2025-01-21 17:00:00+01:00,163.14999389648438,163.5,163.0500030517578,163.5
2025-01-22 09:00:00+01:00,164.0500030517578,164.6999969482422,163.5,163.9499969482422
2025-01-22 13:00:00+01:00,163.9499969482422,164.60000610351562,162.4499969482422,162.5
2025-01-22 17:00:00+01:00,162.5,162.9499969482422,162.39999389648438,162.9499969482422
2025-01-23 09:00:00+01:00,162.5,163.39999389648438,162.1999969482422,162.4499969482422
2025-01-23 13:00:00+01:00,162.4499969482422,163.35000610351562,162.35000610351562,163.3000030517578
2025-01-23 17:00:00+01:00,163.3000030517578,164.14999389648438,163.3000030517578,164.0500030517578
2025-01-24 09:00:00+01:00,165.5,168.35000610351562,164.60000610351562,167.8000030517578
2025-01-24 13:00:00+01:00,167.75,167.75,165.64999389648438,166.60000610351562
2025-01-24 17:00:00+01:00,166.5500030517578,167.60000610351562,166.35000610351562,167.5
2025-01-27 09:00:00+01:00,163.8000030517578,165.25,162.14999389648438,163.4499969482422
2025-01-27 13:00:00+01:00,163.5,165.0500030517578,162.5,164.5
2025-01-27 17:00:00+01:00,164.5,165.8000030517578,164.5,165.4499969482422
2025-01-28 09:00:00+01:00,165.75,170.75,165.3000030517578,169.8000030517578
2025-01-28 13:00:00+01:00,169.75,170.0500030517578,168.4499969482422,170.0500030517578
2025-01-28 17:00:00+01:00,170.0500030517578,170.5,169.9499969482422,170.35000610351562
2025-01-29 09:00:00+01:00,170.8000030517578,172.4499969482422,170.39999389648438,171.75
2025-01-29 13:00:00+01:00,171.6999969482422,172.5500030517578,171.25,171.89999389648438
2025-01-29 17:00:00+01:00,171.85000610351562,172.39999389648438,171.5,172.10000610351562
2025-01-30 09:00:00+01:00,172.1999969482422,174.1999969482422,171.9499969482422,173.60000610351562
2025-01-30 13:00:00+01:00,173.60000610351562,175.0,173.14999389648438,174.89999389648438
2025-01-30 17:00:00+01:00,174.85000610351562,175.4499969482422,174.85000610351562,175.39999389648438
2025-01-31 09:00:00+01:00,175.39999389648438,176.60000610351562,174.4499969482422,176.3000030517578
2025-01-31 13:00:00+01:00,176.35000610351562,177.6999969482422,176.35000610351562,177.10000610351562
2025-01-31 17:00:00+01:00,177.10000610351562,177.25,176.9499969482422,177.14999389648438
2025-02-03 09:00:00+01:00,170.0,172.85000610351562,169.60000610351562,172.3000030517578
2025-02-03 13:00:00+01:00,172.35000610351562,174.85000610351562,172.14999389648438,174.8000030517578
2025-02-03 17:00:00+01:00,174.75,174.9499969482422,174.25,174.35000610351562
2025-02-04 09:00:00+01:00,174.5,176.1999969482422,173.9499969482422,176.10000610351562
2025-02-04 13:00:00+01:00,176.10000610351562,177.1999969482422,175.89999389648438,176.89999389648438
2025-02-04 17:00:00+01:00,176.9499969482422,177.6999969482422,176.9499969482422,177.5
2025-02-05 09:00:00+01:00,176.8000030517578,177.9499969482422,176.60000610351562,177.75
2025-02-05 13:00:00+01:00,177.8000030517578,178.25,177.0,178.1999969482422
2025-02-05 17:00:00+01:00,178.1999969482422,178.25,178.0500030517578,178.25
2025-02-06 09:00:00+01:00,178.5500030517578,179.9499969482422,177.89999389648438,179.35000610351562
2025-02-06 13:00:00+01:00,179.39999389648438,179.60000610351562,177.5,178.1999969482422
2025-02-06 17:00:00+01:00,178.3000030517578,179.39999389648438,178.3000030517578,179.39999389648438
2025-02-07 09:00:00+01:00,179.0,179.1999969482422,175.6999969482422,176.14999389648438
2025-02-07 13:00:00+01:00,176.14999389648438,176.5500030517578,174.35000610351562,174.9499969482422
2025-02-07 17:00:00+01:00,174.9499969482422,175.0500030517578,174.35000610351562,174.60000610351562
2025-02-10 09:00:00+01:00,174.9499969482422,176.75,174.60000610351562,176.35000610351562
2025-02-10 13:00:00+01:00,176.35000610351562,176.75,175.60000610351562,176.35000610351562
2025-02-10 17:00:00+01:00,176.39999389648438,177.0,176.39999389648438,176.85000610351562
2025-02-11 09:00:00+01:00,176.39999389648438,178.5,176.39999389648438,177.5500030517578
2025-02-11 13:00:00+01:00,177.5,179.10000610351562,177.39999389648438,179.0500030517578
2025-02-11 17:00:00+01:00,179.10000610351562,179.10000610351562,178.5,179.10000610351562
2025-02-12 09:00:00+01:00,179.89999389648438,182.9499969482422,179.75,181.5500030517578
2025-02-12 13:00:00+01:00,181.4499969482422,182.5500030517578,179.5500030517578,182.5
2025-02-12 17:00:00+01:00,182.4499969482422,182.6999969482422,181.85000610351562,182.3000030517578
2025-02-13 09:00:00+01:00,183.5,186.10000610351562,183.5,184.85000610351562
2025-02-13 13:00:00+01:00,184.8000030517578,185.4499969482422,184.39999389648438,185.14999389648438
2025-02-13 17:00:00+01:00,185.10000610351562,185.5,185.0,185.4499969482422
2025-02-14 09:00:00+01:00,184.5500030517578,186.5500030517578,183.9499969482422,186.35000610351562
2025-02-14 13:00:00+01:00,186.35000610351562,186.64999389648438,185.35000610351562,186.0
2025-02-14 17:00:00+01:00,186.0500030517578,186.0500030517578,185.5500030517578,185.8000030517578
2025-02-17 09:00:00+01:00,185.0500030517578,186.0,184.25,185.0500030517578
2025-02-17 13:00:00+01:00,185.0500030517578,186.10000610351562,184.89999389648438,185.9499969482422
2025-02-17 17:00:00+01:00,185.9499969482422,186.35000610351562,185.89999389648438,186.0500030517578
2025-02-18 09:00:00+01:00,176.6999969482422,177.35000610351562,164.14999389648438,170.5
2025-02-18 13:00:00+01:00,170.5,172.39999389648438,168.1999969482422,169.39999389648438
2025-02-18 17:00:00+01:00,169.39999389648438,169.5,166.64999389648438,167.0
2025-02-19 09:00:00+01:00,167.60000610351562,168.1999969482422,163.39999389648438,163.6999969482422
2025-02-19 13:00:00+01:00,163.6999969482422,165.25,162.10000610351562,162.25
2025-02-19 17:00:00+01:00,162.1999969482422,162.60000610351562,161.64999389648438,162.14999389648438
2025-02-20 09:00:00+01:00,162.0,162.25,160.0500030517578,160.1999969482422
2025-02-20 13:00:00+01:00,160.3000030517578,160.64999389648438,158.0500030517578,160.1999969482422
2025-02-20 17:00:00+01:00,160.25,160.60000610351562,159.8000030517578,160.0500030517578
2025-02-21 09:00:00+01:00,161.0,164.1999969482422,160.85000610351562,163.64999389648438
2025-02-21 13:00:00+01:00,163.64999389648438,164.35000610351562,162.75,163.14999389648438
2025-02-21 17:00:00+01:00,163.1999969482422,163.75,163.1999969482422,163.6999969482422
2025-02-24 09:00:00+01:00,165.3000030517578,166.1999969482422,163.3000030517578,164.10000610351562
2025-02-24 13:00:00+01:00,164.0500030517578,164.4499969482422,161.0,161.64999389648438
2025-02-24 17:00:00+01:00,161.6999969482422,162.75,161.64999389648438,162.60000610351562
2025-02-25 09:00:00+01:00,161.1999969482422,161.75,159.4499969482422,159.89999389648438
2025-02-25 13:00:00+01:00,159.89999389648438,161.1999969482422,159.10000610351562,159.39999389648438
2025-02-25 17:00:00+01:00,159.35000610351562,159.35000610351562,158.89999389648438,159.0
2025-02-26 09:00:00+01:00,159.25,159.5500030517578,156.9499969482422,157.3000030517578
2025-02-26 13:00:00+01:00,157.35000610351562,158.0,155.5,155.6999969482422
2025-02-26 17:00:00+01:00,155.6999969482422,155.9499969482422,155.39999389648438,155.5
2025-02-27 09:00:00+01:00,153.4499969482422,153.6999969482422,151.75,152.14999389648438
2025-02-27 13:00:00+01:00,152.14999389648438,152.8000030517578,151.1999969482422,151.3000030517578
2025-02-27 17:00:00+01:00,151.3000030517578,151.8000030517578,151.10000610351562,151.4499969482422
2025-02-28 09:00:00+01:00,149.1999969482422,151.25,149.0500030517578,150.0
2025-02-28 13:00:00+01:00,150.0500030517578,150.14999389648438,148.60000610351562,149.6999969482422
2025-02-28 17:00:00+01:00,149.6999969482422,150.14999389648438,149.39999389648438,149.4499969482422
2025-03-03 09:00:00+01:00,148.6999969482422,150.0500030517578,147.75,149.14999389648438
2025-03-03 13:00:00+01:00,149.14999389648438,150.39999389648438,148.39999389648438,148.8000030517578
2025-03-03 17:00:00+01:00,148.8000030517578,148.9499969482422,148.39999389648438,148.4499969482422
2025-03-04 09:00:00+01:00,146.35000610351562,148.0,146.10000610351562,146.89999389648438
2025-03-04 13:00:00+01:00,146.85000610351562,146.89999389648438,144.39999389648438,144.6999969482422
2025-03-04 17:00:00+01:00,144.6999969482422,144.75,143.5,143.60000610351562
2025-03-05 09:00:00+01:00,146.60000610351562,150.1999969482422,146.0500030517578,149.4499969482422
2025-03-05 13:00:00+01:00,149.4499969482422,151.8000030517578,149.0500030517578,151.5500030517578
2025-03-05 17:00:00+01:00,151.5,151.64999389648438,150.89999389648438,151.14999389648438
2025-03-06 09:00:00+01:00,152.8000030517578,154.14999389648438,151.39999389648438,153.39999389648438
2025-03-06 13:00:00+01:00,153.4499969482422,157.4499969482422,152.75,157.10000610351562
2025-03-06 17:00:00+01:00,157.10000610351562,157.3000030517578,156.5,157.25
2025-03-07 09:00:00+01:00,156.1999969482422,156.89999389648438,153.35000610351562,154.10000610351562
2025-03-07 13:00:00+01:00,154.0500030517578,154.89999389648438,153.0,153.9499969482422
2025-03-07 17:00:00+01:00,153.85000610351562,153.9499969482422,153.14999389648438,153.3000030517578
2025-03-10 09:00:00+01:00,155.4499969482422,156.5500030517578,152.64999389648438,153.1999969482422
2025-03-10 13:00:00+01:00,153.25,153.85000610351562,152.10000610351562,152.8000030517578
2025-03-10 17:00:00+01:00,152.8000030517578,153.0,152.60000610351562,152.6999969482422
2025-03-11 09:00:00+01:00,153.14999389648438,153.60000610351562,149.14999389648438,149.25
2025-03-11 13:00:00+01:00,149.3000030517578,149.3000030517578,145.9499969482422,146.6999969482422
2025-03-11 17:00:00+01:00,146.64999389648438,146.89999389648438,146.39999389648438,146.39999389648438
2025-03-12 09:00:00+01:00,149.0,151.39999389648438,148.60000610351562,150.5
2025-03-12 13:00:00+01:00,150.4499969482422,151.1999969482422,146.9499969482422,148.35000610351562
2025-03-12 17:00:00+01:00,148.39999389648438,149.35000610351562,148.3000030517578,148.85000610351562
2025-03-13 09:00:00+01:00,147.60000610351562,150.1999969482422,147.39999389648438,148.14999389648438
2025-03-13 13:00:00+01:00,148.10000610351562,148.4499969482422,146.25,146.5
2025-03-13 17:00:00+01:00,146.5,146.5500030517578,145.85000610351562,145.85000610351562
2025-03-14 09:00:00+01:00,145.0500030517578,148.6999969482422,144.60000610351562,147.8000030517578
2025-03-14 13:00:00+01:00,147.89999389648438,148.10000610351562,146.4499969482422,146.5
2025-03-14 17:00:00+01:00,146.5500030517578,146.85000610351562,146.4499969482422,146.75
2025-03-17 09:00:00+01:00,147.39999389648438,148.3000030517578,146.8000030517578,147.14999389648438
2025-03-17 13:00:00+01:00,147.14999389648438,148.10000610351562,146.0,146.0500030517578
2025-03-17 17:00:00+01:00,146.0,146.0500030517578,145.5500030517578,145.64999389648438
2025-03-18 09:00:00+01:00,146.10000610351562,148.10000610351562,145.10000610351562,146.5
2025-03-18 13:00:00+01:00,146.39999389648438,147.0500030517578,145.60000610351562,145.9499969482422
2025-03-18 17:00:00+01:00,146.0,146.39999389648438,145.9499969482422,146.25
2025-03-19 09:00:00+01:00,146.25,146.75,144.9499969482422,145.64999389648438
2025-03-19 13:00:00+01:00,145.64999389648438,147.1999969482422,145.5,146.6999969482422
2025-03-19 17:00:00+01:00,146.60000610351562,146.8000030517578,146.35000610351562,146.6999969482422
2025-03-20 09:00:00+01:00,147.5,150.4499969482422,144.0500030517578,148.1999969482422
2025-03-20 13:00:00+01:00,148.0500030517578,148.10000610351562,144.64999389648438,147.4499969482422
2025-03-20 17:00:00+01:00,147.39999389648438,147.64999389648438,146.85000610351562,146.9499969482422
2025-03-21 09:00:00+01:00,146.39999389648438,146.60000610351562,144.5,144.64999389648438
2025-03-21 13:00:00+01:00,144.75,145.9499969482422,144.4499969482422,145.1999969482422
2025-03-21 17:00:00+01:00,145.14999389648438,146.10000610351562,145.10000610351562,145.89999389648438
2025-03-24 09:00:00+01:00,147.75,147.85000610351562,144.6999969482422,145.60000610351562
2025-03-24 13:00:00+01:00,145.5500030517578,147.8000030517578,145.5,146.60000610351562
2025-03-24 17:00:00+01:00,146.64999389648438,146.9499969482422,146.35000610351562,146.39999389648438
2025-03-25 09:00:00+01:00,147.0,148.5500030517578,145.75,148.5500030517578
2025-03-25 13:00:00+01:00,148.60000610351562,148.8000030517578,146.1999969482422,146.85000610351562
2025-03-25 17:00:00+01:00,146.85000610351562,147.14999389648438,146.75,147.14999389648438
2025-03-26 09:00:00+01:00,147.9499969482422,148.60000610351562,147.35000610351562,147.64999389648438
2025-03-26 13:00:00+01:00,147.60000610351562,149.5,146.9499969482422,148.60000610351562
2025-03-26 17:00:00+01:00,148.5500030517578,148.5500030517578,147.6999969482422,148.0
2025-03-27 09:00:00+01:00,146.60000610351562,146.89999389648438,144.0500030517578,144.6999969482422
2025-03-27 13:00:00+01:00,144.6999969482422,146.5500030517578,144.25,146.5500030517578
2025-03-27 17:00:00+01:00,146.5500030517578,147.0,146.5,146.9499969482422
2025-03-28 09:00:00+01:00,145.85000610351562,147.60000610351562,144.5,145.0
2025-03-28 13:00:00+01:00,145.0,145.85000610351562,144.35000610351562,145.6999969482422
2025-03-28 17:00:00+01:00,145.64999389648438,145.85000610351562,145.3000030517578,145.3000030517578
2025-03-31 09:00:00+02:00,143.3000030517578,144.0,138.25,138.35000610351562
2025-03-31 13:00:00+02:00,138.39999389648438,138.9499969482422,137.5500030517578,137.75
2025-03-31 17:00:00+02:00,137.75,138.25,137.5500030517578,137.85000610351562
2025-04-01 09:00:00+02:00,140.35000610351562,141.5,138.85000610351562,140.6999969482422
2025-04-01 13:00:00+02:00,140.8000030517578,141.5,139.6999969482422,140.35000610351562
2025-04-01 17:00:00+02:00,140.35000610351562,140.35000610351562,139.60000610351562,139.64999389648438
2025-04-02 09:00:00+02:00,138.14999389648438,138.8000030517578,137.3000030517578,137.60000610351562
2025-04-02 13:00:00+02:00,137.60000610351562,138.75,136.64999389648438,138.75
2025-04-02 17:00:00+02:00,138.75,139.4499969482422,138.64999389648438,139.39999389648438
2025-04-03 09:00:00+02:00,137.8000030517578,138.6999969482422,135.89999389648438,136.3000030517578
2025-04-03 13:00:00+02:00,136.3000030517578,136.8000030517578,133.4499969482422,133.64999389648438
2025-04-03 17:00:00+02:00,133.64999389648438,134.6999969482422,133.60000610351562,134.4499969482422
2025-04-04 09:00:00+02:00,133.60000610351562,134.25,127.5,127.75
2025-04-04 13:00:00+02:00,127.8499984741211,128.6999969482422,126.25,127.25
2025-04-04 17:00:00+02:00,127.19999694824219,129.4499969482422,127.19999694824219,128.85000610351562
2025-04-07 09:00:00+02:00,112.5999984741211,122.5,110.0,120.6500015258789
2025-04-07 13:00:00+02:00,120.69999694824219,127.8499984741211,118.6500015258789,122.8499984741211
2025-04-07 17:00:00+02:00,122.80000305175781,123.19999694824219,119.3499984741211,120.19999694824219
2025-04-08 09:00:00+02:00,122.69999694824219,124.30000305175781,120.55000305175781,123.44999694824219
2025-04-08 13:00:00+02:00,123.5,127.80000305175781,123.19999694824219,126.55000305175781
2025-04-08 17:00:00+02:00,126.55000305175781,126.75,125.80000305175781,126.25
2025-04-09 09:00:00+02:00,122.0,125.6500015258789,121.9000015258789,124.05000305175781
2025-04-09 13:00:00+02:00,124.05000305175781,125.5999984741211,122.30000305175781,122.44999694824219
2025-04-09 17:00:00+02:00,122.55000305175781,123.30000305175781,122.5,122.8499984741211
2025-04-10 09:00:00+02:00,136.0,136.39999389648438,128.35000610351562,130.6999969482422
2025-04-10 13:00:00+02:00,130.6999969482422,130.8000030517578,123.9000015258789,127.5
2025-04-10 17:00:00+02:00,127.55000305175781,128.25,126.3499984741211,126.3499984741211
2025-04-11 09:00:00+02:00,126.1500015258789,127.6500015258789,123.8499984741211,124.69999694824219
2025-04-11 13:00:00+02:00,124.69999694824219,125.8499984741211,123.75,124.5999984741211
2025-04-11 17:00:00+02:00,124.6500015258789,125.25,124.19999694824219,124.5999984741211
2025-04-14 09:00:00+02:00,128.8000030517578,129.5,127.75,128.9499969482422
2025-04-14 13:00:00+02:00,129.0,129.39999389648438,127.94999694824219,129.3000030517578
2025-04-14 17:00:00+02:00,129.25,129.5,128.75,128.75
2025-04-15 09:00:00+02:00,128.64999389648438,130.3000030517578,128.60000610351562,128.8000030517578
2025-04-15 13:00:00+02:00,128.89999389648438,130.25,128.35000610351562,129.60000610351562
2025-04-15 17:00:00+02:00,129.64999389648438,130.3000030517578,129.64999389648438,129.9499969482422
2025-04-16 09:00:00+02:00,128.6999969482422,129.35000610351562,127.3499984741211,127.9000015258789
2025-04-16 13:00:00+02:00,127.9000015258789,128.64999389648438,127.44999694824219,128.3000030517578
2025-04-16 17:00:00+02:00,128.35000610351562,129.0,128.25,128.89999389648438
2025-04-17 09:00:00+02:00,128.25,129.39999389648438,127.44999694824219,127.9000015258789
2025-04-17 13:00:00+02:00,127.8499984741211,128.6999969482422,126.75,127.0
2025-04-17 17:00:00+02:00,127.0,127.30000305175781,126.8499984741211,126.94999694824219
2025-04-22 09:00:00+02:00,126.55000305175781,126.69999694824219,124.0,125.30000305175781
2025-04-22 13:00:00+02:00,125.25,127.3499984741211,125.1500015258789,127.0999984741211
2025-04-22 17:00:00+02:00,127.1500015258789,127.94999694824219,127.1500015258789,127.80000305175781
2025-04-23 09:00:00+02:00,131.60000610351562,132.64999389648438,131.0,131.5500030517578
2025-04-23 13:00:00+02:00,131.5500030517578,134.85000610351562,131.4499969482422,132.75
2025-04-23 17:00:00+02:00,132.8000030517578,132.85000610351562,132.14999389648438,132.39999389648438
2025-04-24 09:00:00+02:00,132.14999389648438,133.35000610351562,130.39999389648438,131.85000610351562
2025-04-24 13:00:00+02:00,131.85000610351562,132.35000610351562,131.10000610351562,131.9499969482422
2025-04-24 17:00:00+02:00,132.0,132.10000610351562,131.85000610351562,131.85000610351562
2025-04-25 09:00:00+02:00,132.14999389648438,132.5,127.8499984741211,128.3000030517578
2025-04-25 13:00:00+02:00,128.35000610351562,130.0500030517578,128.14999389648438,129.75
2025-04-25 17:00:00+02:00,129.75,130.0,129.60000610351562,129.89999389648438
2025-04-28 09:00:00+02:00,130.5,132.5500030517578,130.35000610351562,131.60000610351562
2025-04-28 13:00:00+02:00,131.60000610351562,132.25,130.4499969482422,130.5500030517578
2025-04-28 17:00:00+02:00,130.60000610351562,130.85000610351562,130.25,130.3000030517578
2025-04-29 09:00:00+02:00,143.0,144.1999969482422,138.1999969482422,138.1999969482422
2025-04-29 13:00:00+02:00,138.14999389648438,138.75,135.60000610351562,135.89999389648438
2025-04-29 17:00:00+02:00,135.9499969482422,137.39999389648438,135.35000610351562,137.0
2025-04-30 09:00:00+02:00,138.5,141.0,138.0,139.0
2025-04-30 13:00:00+02:00,139.10000610351562,139.1999969482422,136.0,138.64999389648438
2025-04-30 17:00:00+02:00,138.64999389648438,139.60000610351562,138.5500030517578,139.4499969482422
2025-05-02 09:00:00+02:00,141.14999389648438,142.75,140.0500030517578,141.4499969482422
2025-05-02 13:00:00+02:00,141.5,143.60000610351562,141.10000610351562,143.1999969482422
2025-05-02 17:00:00+02:00,143.1999969482422,143.25,142.89999389648438,142.89999389648438
2025-05-05 09:00:00+02:00,142.85000610351562,143.1999969482422,142.0,142.9499969482422
2025-05-05 13:00:00+02:00,143.0,143.0,141.4499969482422,142.3000030517578
2025-05-05 17:00:00+02:00,142.35000610351562,142.4499969482422,142.25,142.3000030517578
2025-05-06 09:00:00+02:00,141.6999969482422,143.25,140.89999389648438,142.39999389648438
2025-05-06 13:00:00+02:00,142.4499969482422,144.1999969482422,142.1999969482422,144.0
2025-05-06 17:00:00+02:00,144.0,144.14999389648438,143.8000030517578,143.89999389648438
2025-05-07 09:00:00+02:00,142.39999389648438,143.35000610351562,141.3000030517578,143.0
2025-05-07 13:00:00+02:00,143.0500030517578,143.6999969482422,142.64999389648438,142.64999389648438
2025-05-07 17:00:00+02:00,142.6999969482422,143.25,142.60000610351562,142.9499969482422
2025-05-08 09:00:00+02:00,144.8000030517578,148.0500030517578,144.0500030517578,146.89999389648438
2025-05-08 13:00:00+02:00,147.0,147.0500030517578,144.89999389648438,144.9499969482422
2025-05-08 17:00:00+02:00,144.9499969482422,145.10000610351562,144.64999389648438,144.89999389648438
2025-05-09 09:00:00+02:00,146.0500030517578,148.8000030517578,146.0500030517578,148.39999389648438
2025-05-09 13:00:00+02:00,148.35000610351562,149.0500030517578,147.89999389648438,148.5500030517578
2025-05-09 17:00:00+02:00,148.60000610351562,149.14999389648438,148.60000610351562,149.0
2025-05-12 09:00:00+02:00,150.60000610351562,154.5,150.0500030517578,153.3000030517578
2025-05-12 13:00:00+02:00,153.3000030517578,155.14999389648438,153.1999969482422,155.0500030517578
2025-05-12 17:00:00+02:00,155.10000610351562,155.9499969482422,154.89999389648438,155.75
2025-05-13 09:00:00+02:00,156.0500030517578,156.5,153.5500030517578,154.39999389648438
2025-05-13 13:00:00+02:00,154.5,155.89999389648438,154.5,155.1999969482422
2025-05-13 17:00:00+02:00,155.35000610351562,155.89999389648438,155.35000610351562,155.89999389648438
2025-05-14 09:00:00+02:00,156.0,156.5500030517578,153.14999389648438,153.5500030517578
2025-05-14 13:00:00+02:00,153.5500030517578,154.4499969482422,152.9499969482422,153.25
2025-05-14 17:00:00+02:00,153.1999969482422,153.35000610351562,152.85000610351562,152.9499969482422
2025-05-15 09:00:00+02:00,151.3000030517578,153.64999389648438,151.10000610351562,153.14999389648438
2025-05-15 13:00:00+02:00,153.10000610351562,153.35000610351562,151.89999389648438,152.75
2025-05-15 17:00:00+02:00,152.75,153.6999969482422,152.6999969482422,153.4499969482422
2025-05-16 09:00:00+02:00,153.0500030517578,154.0500030517578,151.85000610351562,152.4499969482422
2025-05-16 13:00:00+02:00,152.39999389648438,152.60000610351562,150.14999389648438,150.9499969482422
2025-05-16 17:00:00+02:00,151.0,151.0500030517578,150.8000030517578,151.0500030517578
2025-05-19 09:00:00+02:00,150.39999389648438,151.64999389648438,149.64999389648438,150.10000610351562
2025-05-19 13:00:00+02:00,150.10000610351562,150.89999389648438,149.89999389648438,150.85000610351562
2025-05-19 17:00:00+02:00,150.85000610351562,151.10000610351562,150.75,150.75
2025-05-20 09:00:00+02:00,147.35000610351562,150.0500030517578,147.35000610351562,149.85000610351562
2025-05-20 13:00:00+02:00,149.89999389648438,150.0,148.3000030517578,148.8000030517578
2025-05-20 17:00:00+02:00,148.75,148.8000030517578,148.60000610351562,148.64999389648438
2025-05-21 09:00:00+02:00,148.14999389648438,149.0,147.9499969482422,148.85000610351562
2025-05-21 13:00:00+02:00,148.89999389648438,149.75,148.5,149.75
2025-05-21 17:00:00+02:00,149.8000030517578,150.0,149.60000610351562,149.9499969482422
2025-05-22 09:00:00+02:00,149.14999389648438,149.5500030517578,145.75,145.85000610351562
2025-05-22 13:00:00+02:00,145.89999389648438,147.1999969482422,145.1999969482422,146.9499969482422
2025-05-22 17:00:00+02:00,146.9499969482422,147.64999389648438,146.89999389648438,147.39999389648438
2025-05-23 09:00:00+02:00,148.14999389648438,149.5,147.8000030517578,148.0500030517578
2025-05-23 13:00:00+02:00,148.10000610351562,148.4499969482422,143.39999389648438,146.89999389648438
2025-05-23 17:00:00+02:00,146.64999389648438,146.85000610351562,146.35000610351562,146.64999389648438
2025-05-26 09:00:00+02:00,149.39999389648438,150.75,149.0,149.64999389648438
2025-05-26 13:00:00+02:00,149.5500030517578,149.85000610351562,149.1999969482422,149.25
2025-05-26 17:00:00+02:00,149.25,149.25,149.0,149.1999969482422
2025-05-27 09:00:00+02:00,149.6999969482422,150.9499969482422,148.60000610351562,150.75
2025-05-27 13:00:00+02:00,150.75,150.75,149.35000610351562,149.64999389648438
2025-05-27 17:00:00+02:00,149.60000610351562,149.60000610351562,149.14999389648438,149.3000030517578
2025-05-28 09:00:00+02:00,149.1999969482422,150.0,148.35000610351562,149.5
2025-05-28 13:00:00+02:00,149.60000610351562,149.64999389648438,148.0500030517578,148.1999969482422
2025-05-28 17:00:00+02:00,148.14999389648438,148.35000610351562,148.0500030517578,148.10000610351562
2025-05-29 09:00:00+02:00,149.1999969482422,150.14999389648438,148.8000030517578,149.3000030517578
2025-05-29 13:00:00+02:00,149.35000610351562,149.64999389648438,147.35000610351562,147.9499969482422
2025-05-29 17:00:00+02:00,147.9499969482422,148.10000610351562,147.75,147.85000610351562
2025-05-30 09:00:00+02:00,146.89999389648438,148.85000610351562,146.6999969482422,148.0
2025-05-30 13:00:00+02:00,148.0,148.10000610351562,146.10000610351562,146.5500030517578
2025-05-30 17:00:00+02:00,146.60000610351562,147.39999389648438,146.60000610351562,147.1999969482422
2025-06-02 09:00:00+02:00,145.4499969482422,146.3000030517578,143.8000030517578,144.5500030517578
2025-06-02 13:00:00+02:00,144.5500030517578,145.4499969482422,143.64999389648438,144.89999389648438
2025-06-02 17:00:00+02:00,144.85000610351562,145.35000610351562,144.8000030517578,145.14999389648438
2025-06-03 09:00:00+02:00,145.85000610351562,146.39999389648438,143.8000030517578,144.14999389648438
2025-06-03 13:00:00+02:00,144.1999969482422,144.64999389648438,143.60000610351562,144.3000030517578
2025-06-03 17:00:00+02:00,144.35000610351562,145.64999389648438,144.3000030517578,145.5500030517578
2025-06-04 09:00:00+02:00,146.85000610351562,148.39999389648438,146.25,147.9499969482422
2025-06-04 13:00:00+02:00,147.89999389648438,148.0,146.75,147.0500030517578
2025-06-04 17:00:00+02:00,147.0,147.5500030517578,147.0,147.1999969482422
2025-06-05 09:00:00+02:00,148.14999389648438,149.6999969482422,147.8000030517578,149.14999389648438
2025-06-05 13:00:00+02:00,149.14999389648438,149.1999969482422,146.64999389648438,147.8000030517578
2025-06-05 17:00:00+02:00,147.75,147.85000610351562,147.35000610351562,147.5500030517578
2025-06-06 09:00:00+02:00,147.4499969482422,149.0,146.9499969482422,148.89999389648438
2025-06-06 13:00:00+02:00,148.9499969482422,150.3000030517578,148.8000030517578,150.14999389648438
2025-06-06 17:00:00+02:00,150.14999389648438,150.3000030517578,149.75,150.10000610351562
2025-06-09 09:00:00+02:00,150.35000610351562,151.0,149.6999969482422,150.39999389648438
2025-06-09 13:00:00+02:00,150.39999389648438,150.85000610351562,150.35000610351562,150.5
2025-06-09 17:00:00+02:00,150.5500030517578,150.75,150.39999389648438,150.75
2025-06-10 09:00:00+02:00,150.4499969482422,151.85000610351562,149.85000610351562,151.5500030517578
2025-06-10 13:00:00+02:00,151.60000610351562,154.10000610351562,151.3000030517578,154.0
2025-06-10 17:00:00+02:00,153.85000610351562,154.5500030517578,153.85000610351562,154.35000610351562
2025-06-11 09:00:00+02:00,154.0,154.5500030517578,151.75,152.10000610351562
2025-06-11 13:00:00+02:00,152.0500030517578,153.89999389648438,151.85000610351562,153.6999969482422
2025-06-11 17:00:00+02:00,153.60000610351562,153.75,153.35000610351562,153.5500030517578
2025-06-12 09:00:00+02:00,152.0,152.5500030517578,150.75,151.5
2025-06-12 13:00:00+02:00,151.5,152.9499969482422,151.3000030517578,152.85000610351562
2025-06-12 17:00:00+02:00,152.89999389648438,153.10000610351562,152.39999389648438,152.5
2025-06-13 09:00:00+02:00,149.0500030517578,151.1999969482422,149.0,150.39999389648438
2025-06-13 13:00:00+02:00,150.39999389648438,150.89999389648438,149.39999389648438,150.0
2025-06-13 17:00:00+02:00,150.0,150.35000610351562,149.89999389648438,149.89999389648438
2025-06-16 09:00:00+02:00,150.5,152.1999969482422,149.89999389648438,152.1999969482422
2025-06-16 13:00:00+02:00,152.10000610351562,153.5500030517578,151.75,153.5
2025-06-16 17:00:00+02:00,153.5500030517578,153.60000610351562,153.0500030517578,153.0500030517578
2025-06-17 09:00:00+02:00,152.3000030517578,154.25,151.25,151.60000610351562
2025-06-17 13:00:00+02:00,151.39999389648438,151.85000610351562,149.8000030517578,150.4499969482422
2025-06-17 17:00:00+02:00,150.5,150.85000610351562,150.5,150.60000610351562
2025-06-18 09:00:00+02:00,150.85000610351562,150.85000610351562,147.75,147.8000030517578
2025-06-18 13:00:00+02:00,147.8000030517578,148.9499969482422,147.14999389648438,147.85000610351562
2025-06-18 17:00:00+02:00,148.10000610351562,148.14999389648438,147.8000030517578,147.89999389648438
2025-06-19 09:00:00+02:00,146.10000610351562,147.1999969482422,146.0500030517578,147.14999389648438
2025-06-19 13:00:00+02:00,147.1999969482422,147.1999969482422,145.6999969482422,145.6999969482422
2025-06-19 17:00:00+02:00,145.6999969482422,145.8000030517578,145.3000030517578,145.35000610351562
2025-06-20 09:00:00+02:00,147.14999389648438,148.10000610351562,142.25,144.39999389648438
2025-06-20 13:00:00+02:00,144.89999389648438,146.5500030517578,140.89999389648438,141.75
2025-06-20 17:00:00+02:00,141.64999389648438,141.9499969482422,141.14999389648438,141.1999969482422
2025-06-23 09:00:00+02:00,140.5,142.4499969482422,140.3000030517578,140.75
2025-06-23 13:00:00+02:00,140.6999969482422,141.85000610351562,139.39999389648438,141.85000610351562
2025-06-23 17:00:00+02:00,142.0,142.0500030517578,141.85000610351562,141.9499969482422
2025-06-24 09:00:00+02:00,146.10000610351562,146.5,144.5500030517578,145.10000610351562
2025-06-24 13:00:00+02:00,145.10000610351562,145.60000610351562,144.3000030517578,145.1999969482422
2025-06-24 17:00:00+02:00,145.0,145.0,144.5,144.5
2025-06-25 09:00:00+02:00,144.10000610351562,145.3000030517578,143.5500030517578,143.5500030517578
2025-06-25 13:00:00+02:00,143.5500030517578,143.60000610351562,142.5500030517578,142.60000610351562
2025-06-25 17:00:00+02:00,142.5500030517578,142.6999969482422,142.35000610351562,142.35000610351562
2025-06-26 09:00:00+02:00,143.10000610351562,144.3000030517578,142.60000610351562,142.64999389648438
2025-06-26 13:00:00+02:00,142.8000030517578,143.0500030517578,141.89999389648438,141.9499969482422
2025-06-26 17:00:00+02:00,141.8000030517578,142.1999969482422,141.8000030517578,141.89999389648438
2025-06-27 09:00:00+02:00,142.89999389648438,145.14999389648438,142.6999969482422,143.4499969482422
2025-06-27 13:00:00+02:00,143.39999389648438,145.3000030517578,143.3000030517578,144.9499969482422
2025-06-27 17:00:00+02:00,145.0500030517578,145.39999389648438,145.0,145.3000030517578
2025-06-30 09:00:00+02:00,145.60000610351562,146.60000610351562,145.0,146.35000610351562
2025-06-30 13:00:00+02:00,146.35000610351562,146.5500030517578,145.6999969482422,146.14999389648438
2025-06-30 17:00:00+02:00,146.14999389648438,146.4499969482422,145.39999389648438,145.5
2025-07-01 09:00:00+02:00,144.89999389648438,145.60000610351562,143.89999389648438,144.4499969482422
2025-07-01 13:00:00+02:00,144.5,145.1999969482422,143.4499969482422,145.0500030517578
2025-07-01 17:00:00+02:00,145.0500030517578,145.3000030517578,145.0,145.3000030517578
2025-07-02 09:00:00+02:00,145.5,145.5,143.10000610351562,144.3000030517578
2025-07-02 13:00:00+02:00,144.35000610351562,144.9499969482422,143.10000610351562,144.4499969482422
2025-07-02 17:00:00+02:00,144.39999389648438,145.0,144.39999389648438,144.9499969482422
2025-07-03 09:00:00+02:00,144.89999389648438,146.5500030517578,144.35000610351562,145.35000610351562
2025-07-03 13:00:00+02:00,145.39999389648438,146.25,144.5,146.0
2025-07-03 17:00:00+02:00,145.89999389648438,146.3000030517578,145.85000610351562,146.14999389648438
2025-07-04 09:00:00+02:00,145.25,145.8000030517578,144.0,145.35000610351562
2025-07-04 13:00:00+02:00,145.35000610351562,145.64999389648438,144.75,145.4499969482422
2025-07-04 17:00:00+02:00,145.5,145.60000610351562,145.0500030517578,145.14999389648438
2025-07-07 09:00:00+02:00,142.0,143.1999969482422,137.1999969482422,138.0
2025-07-07 13:00:00+02:00,138.0500030517578,138.3000030517578,136.1999969482422,137.9499969482422
2025-07-07 17:00:00+02:00,137.8000030517578,138.25,137.5500030517578,137.8000030517578
2025-07-08 09:00:00+02:00,138.0,141.35000610351562,137.14999389648438,140.3000030517578
2025-07-08 13:00:00+02:00,140.25,143.0500030517578,139.9499969482422,142.60000610351562
2025-07-08 17:00:00+02:00,142.64999389648438,143.10000610351562,142.39999389648438,142.39999389648438
2025-07-09 09:00:00+02:00,143.0,144.6999969482422,141.64999389648438,144.14999389648438
2025-07-09 13:00:00+02:00,144.25,145.35000610351562,143.8000030517578,145.14999389648438
2025-07-09 17:00:00+02:00,145.1999969482422,145.60000610351562,145.0500030517578,145.60000610351562
2025-07-10 09:00:00+02:00,146.75,149.25,146.3000030517578,148.14999389648438
2025-07-10 13:00:00+02:00,148.14999389648438,148.14999389648438,144.85000610351562,145.14999389648438
2025-07-10 17:00:00+02:00,145.14999389648438,145.39999389648438,145.0500030517578,145.35000610351562
2025-07-11 09:00:00+02:00,143.85000610351562,144.1999969482422,141.89999389648438,142.3000030517578
2025-07-11 13:00:00+02:00,142.1999969482422,142.3000030517578,140.8000030517578,140.85000610351562
2025-07-11 17:00:00+02:00,140.85000610351562,140.85000610351562,140.39999389648438,140.60000610351562
2025-07-14 09:00:00+02:00,138.9499969482422,139.6999969482422,138.60000610351562,139.14999389648438
2025-07-14 13:00:00+02:00,139.14999389648438,139.35000610351562,137.39999389648438,137.39999389648438
2025-07-14 17:00:00+02:00,137.39999389648438,137.75,137.25,137.75
2025-07-15 09:00:00+02:00,137.1999969482422,139.89999389648438,137.1999969482422,139.3000030517578
2025-07-15 13:00:00+02:00,139.3000030517578,139.35000610351562,136.85000610351562,136.85000610351562
2025-07-15 17:00:00+02:00,136.85000610351562,137.0,136.5500030517578,136.89999389648438
2025-07-16 09:00:00+02:00,136.0,137.25,135.64999389648438,137.0500030517578
2025-07-16 13:00:00+02:00,137.0500030517578,137.6999969482422,136.6999969482422,137.25
2025-07-16 17:00:00+02:00,137.25,137.60000610351562,136.8000030517578,137.25
2025-07-17 09:00:00+02:00,138.64999389648438,139.25,136.8000030517578,137.0500030517578
2025-07-17 13:00:00+02:00,137.0,137.75,136.5500030517578,137.5
2025-07-17 17:00:00+02:00,137.5500030517578,137.6999969482422,137.35000610351562,137.5500030517578
2025-07-18 09:00:00+02:00,137.8000030517578,139.6999969482422,137.8000030517578,138.14999389648438
2025-07-18 13:00:00+02:00,138.10000610351562,138.9499969482422,137.35000610351562,137.9499969482422
2025-07-18 17:00:00+02:00,138.0,138.10000610351562,137.85000610351562,137.89999389648438
2025-07-21 09:00:00+02:00,137.64999389648438,138.10000610351562,135.9499969482422,136.25
2025-07-21 13:00:00+02:00,136.25,136.9499969482422,135.8000030517578,136.0
2025-07-21 17:00:00+02:00,135.9499969482422,136.35000610351562,135.85000610351562,136.1999969482422
2025-07-22 09:00:00+02:00,135.25,135.6999969482422,133.39999389648438,133.60000610351562
2025-07-22 13:00:00+02:00,133.60000610351562,135.89999389648438,133.25,135.8000030517578
2025-07-22 17:00:00+02:00,135.75,136.10000610351562,135.6999969482422,135.8000030517578
2025-07-23 09:00:00+02:00,136.6999969482422,137.60000610351562,136.0500030517578,136.5
2025-07-23 13:00:00+02:00,136.5500030517578,136.75,135.60000610351562,136.14999389648438
2025-07-23 17:00:00+02:00,136.0500030517578,136.3000030517578,135.9499969482422,136.1999969482422
2025-07-24 09:00:00+02:00,137.3000030517578,137.3000030517578,134.1999969482422,134.25
2025-07-24 13:00:00+02:00,134.1999969482422,135.60000610351562,134.0500030517578,134.85000610351562
2025-07-24 17:00:00+02:00,134.85000610351562,135.0500030517578,134.85000610351562,134.89999389648438
2025-07-25 09:00:00+02:00,134.8000030517578,135.1999969482422,133.25,134.0
2025-07-25 13:00:00+02:00,134.0500030517578,134.39999389648438,133.14999389648438,134.39999389648438
2025-07-25 17:00:00+02:00,134.3000030517578,134.60000610351562,134.1999969482422,134.1999969482422
2025-07-28 09:00:00+02:00,135.85000610351562,136.6999969482422,135.5,136.14999389648438
2025-07-28 13:00:00+02:00,136.0500030517578,136.25,134.35000610351562,134.5
2025-07-28 17:00:00+02:00,134.5,134.9499969482422,134.4499969482422,134.5500030517578
2025-07-29 09:00:00+02:00,135.25,136.39999389648438,135.0,136.0500030517578
2025-07-29 13:00:00+02:00,136.10000610351562,136.14999389648438,134.5500030517578,134.6999969482422
2025-07-29 17:00:00+02:00,134.6999969482422,134.6999969482422,133.9499969482422,134.10000610351562
2025-07-30 09:00:00+02:00,142.0,143.3000030517578,133.1999969482422,134.0
2025-07-30 13:00:00+02:00,134.25,134.8000030517578,131.5500030517578,132.5
2025-07-30 17:00:00+02:00,132.4499969482422,132.64999389648438,131.85000610351562,132.1999969482422
2025-07-31 09:00:00+02:00,132.64999389648438,135.60000610351562,132.5,132.85000610351562
2025-07-31 13:00:00+02:00,132.8000030517578,133.35000610351562,131.0500030517578,131.14999389648438
2025-07-31 17:00:00+02:00,131.0500030517578,131.39999389648438,130.8000030517578,131.10000610351562
2025-08-01 09:00:00+02:00,131.3000030517578,131.35000610351562,126.5,126.80000305175781
2025-08-01 13:00:00+02:00,126.75,126.75,124.25,124.6500015258789
2025-08-01 17:00:00+02:00,124.55000305175781,124.9000015258789,124.44999694824219,124.69999694824219
2025-08-04 09:00:00+02:00,125.1500015258789,125.75,124.3499984741211,124.5
2025-08-04 13:00:00+02:00,124.44999694824219,124.69999694824219,123.6500015258789,123.75
2025-08-04 17:00:00+02:00,123.80000305175781,123.9000015258789,123.5,123.80000305175781
2025-08-05 09:00:00+02:00,125.0,126.1500015258789,125.0,125.1500015258789
2025-08-05 13:00:00+02:00,125.19999694824219,126.69999694824219,124.44999694824219,124.5999984741211
2025-08-05 17:00:00+02:00,124.55000305175781,124.75,124.5,124.55000305175781
2025-08-06 09:00:00+02:00,124.5,124.80000305175781,123.80000305175781,123.80000305175781
2025-08-06 13:00:00+02:00,123.80000305175781,123.94999694824219,121.30000305175781,121.3499984741211
2025-08-06 17:00:00+02:00,121.3499984741211,121.3499984741211,120.80000305175781,120.94999694824219
2025-08-07 09:00:00+02:00,122.0,124.1500015258789,121.69999694824219,124.05000305175781
2025-08-07 13:00:00+02:00,124.0999984741211,125.19999694824219,123.3499984741211,123.44999694824219
2025-08-07 17:00:00+02:00,123.44999694824219,123.8499984741211,123.30000305175781,123.75
2025-08-08 09:00:00+02:00,123.3499984741211,124.6500015258789,123.3499984741211,124.3499984741211
2025-08-08 13:00:00+02:00,124.3499984741211,125.19999694824219,123.5999984741211,125.05000305175781
2025-08-08 17:00:00+02:00,125.0,125.55000305175781,125.0,125.5
2025-08-11 09:00:00+02:00,126.0,126.69999694824219,124.75,124.75
2025-08-11 13:00:00+02:00,124.80000305175781,125.1500015258789,124.0999984741211,124.19999694824219
2025-08-11 17:00:00+02:00,124.19999694824219,124.3499984741211,123.69999694824219,123.75
2025-08-12 09:00:00+02:00,123.30000305175781,123.9000015258789,120.94999694824219,121.3499984741211
2025-08-12 13:00:00+02:00,121.3499984741211,121.5999984741211,120.5999984741211,121.0
2025-08-12 17:00:00+02:00,121.05000305175781,121.69999694824219,121.05000305175781,121.30000305175781
2025-08-13 09:00:00+02:00,121.5999984741211,122.44999694824219,121.0,122.0
2025-08-13 13:00:00+02:00,121.94999694824219,123.19999694824219,121.4000015258789,122.94999694824219
2025-08-13 17:00:00+02:00,122.94999694824219,123.55000305175781,122.69999694824219,123.55000305175781
2025-08-14 09:00:00+02:00,123.3499984741211,123.8499984741211,122.8499984741211,123.19999694824219
2025-08-14 13:00:00+02:00,123.19999694824219,124.30000305175781,122.3499984741211,122.44999694824219
2025-08-14 17:00:00+02:00,122.4749984741211,122.5,122.05000305175781,122.0999984741211
2025-08-15 09:00:00+02:00,122.25,123.44999694824219,121.8499984741211,123.1500015258789
2025-08-15 13:00:00+02:00,123.0999984741211,123.3499984741211,122.69999694824219,122.94999694824219
2025-08-15 17:00:00+02:00,122.94999694824219,123.25,122.94999694824219,123.0999984741211
2025-08-18 09:00:00+02:00,123.3499984741211,123.75,121.5,121.5999984741211
2025-08-18 13:00:00+02:00,121.5999984741211,122.5,121.44999694824219,122.4000015258789
2025-08-18 17:00:00+02:00,122.44999694824219,122.44999694824219,122.25,122.25
2025-08-19 09:00:00+02:00,122.80000305175781,125.3499984741211,122.80000305175781,125.0
2025-08-19 13:00:00+02:00,125.05000305175781,126.6500015258789,124.69999694824219,126.44999694824219
2025-08-19 17:00:00+02:00,126.4000015258789,127.05000305175781,126.3499984741211,126.80000305175781
2025-08-20 09:00:00+02:00,126.1500015258789,126.55000305175781,125.25,125.8499984741211
2025-08-20 13:00:00+02:00,125.80000305175781,127.0999984741211,125.69999694824219,125.94999694824219
2025-08-20 17:00:00+02:00,125.94999694824219,126.3499984741211,125.94999694824219,126.32499694824219
2025-08-21 09:00:00+02:00,126.5,126.5999984741211,124.6500015258789,124.80000305175781
2025-08-21 13:00:00+02:00,124.69999694824219,125.19999694824219,124.0999984741211,124.5
2025-08-21 17:00:00+02:00,124.5,124.80000305175781,124.5,124.75
2025-08-22 09:00:00+02:00,124.80000305175781,126.0,124.75,125.9000015258789
2025-08-22 13:00:00+02:00,125.94999694824219,126.80000305175781,125.44999694824219,126.25
2025-08-22 17:00:00+02:00,126.19999694824219,126.3499984741211,126.0999984741211,126.3499984741211
2025-08-25 09:00:00+02:00,126.55000305175781,126.55000305175781,125.0999984741211,125.9000015258789
2025-08-25 13:00:00+02:00,125.94999694824219,126.55000305175781,124.69999694824219,124.75
2025-08-25 17:00:00+02:00,124.75,124.75,123.94999694824219,124.05000305175781
2025-08-26 09:00:00+02:00,121.30000305175781,123.0999984741211,121.19999694824219,122.94999694824219
2025-08-26 13:00:00+02:00,122.94999694824219,123.69999694824219,122.55000305175781,122.8499984741211
2025-08-26 17:00:00+02:00,122.80000305175781,122.9000015258789,122.25,122.25
2025-08-27 09:00:00+02:00,122.5,123.75,122.25,123.1500015258789
2025-08-27 13:00:00+02:00,123.1500015258789,124.1500015258789,123.0,123.55000305175781
2025-08-27 17:00:00+02:00,123.6500015258789,123.94999694824219,123.5999984741211,123.5999984741211
2025-08-28 09:00:00+02:00,124.5,125.5999984741211,123.9000015258789,123.9000015258789
2025-08-28 13:00:00+02:00,124.0,124.8499984741211,123.69999694824219,124.25
2025-08-28 17:00:00+02:00,124.30000305175781,124.30000305175781,123.9000015258789,124.0999984741211
2025-08-29 09:00:00+02:00,123.8499984741211,124.69999694824219,122.1500015258789,122.44999694824219
2025-08-29 13:00:00+02:00,122.5,122.80000305175781,121.5,121.6500015258789
2025-08-29 17:00:00+02:00,121.6500015258789,121.69999694824219,121.3499984741211,121.44999694824219
2025-09-01 09:00:00+02:00,121.6500015258789,122.1500015258789,120.75,120.94999694824219
2025-09-01 13:00:00+02:00,120.94999694824219,121.1500015258789,120.75,120.8499984741211
2025-09-01 17:00:00+02:00,120.80000305175781,120.8499984741211,120.6500015258789,120.75
2025-09-02 09:00:00+02:00,120.30000305175781,120.80000305175781,119.3499984741211,120.25
2025-09-02 13:00:00+02:00,120.3499984741211,120.44999694824219,119.19999694824219,119.19999694824219
2025-09-02 17:00:00+02:00,119.19999694824219,119.25,118.25,118.5999984741211
2025-09-03 09:00:00+02:00,119.5999984741211,121.0999984741211,119.5,119.9000015258789
2025-09-03 13:00:00+02:00,119.9000015258789,121.5999984741211,119.69999694824219,121.3499984741211
2025-09-03 17:00:00+02:00,121.30000305175781,121.55000305175781,120.94999694824219,121.4000015258789
2025-09-04 09:00:00+02:00,122.44999694824219,122.94999694824219,121.55000305175781,122.44999694824219
2025-09-04 13:00:00+02:00,122.44999694824219,123.55000305175781,122.1500015258789,122.3499984741211
2025-09-04 17:00:00+02:00,122.3499984741211,122.5999984741211,122.30000305175781,122.44999694824219
2025-09-05 09:00:00+02:00,123.30000305175781,124.19999694824219,122.1500015258789,123.3499984741211
2025-09-05 13:00:00+02:00,123.3499984741211,125.0999984741211,123.3499984741211,124.19999694824219
2025-09-05 17:00:00+02:00,124.19999694824219,124.55000305175781,124.1500015258789,124.44999694824219
2025-09-08 09:00:00+02:00,125.75,126.0999984741211,124.44999694824219,126.0
2025-09-08 13:00:00+02:00,126.0,127.44999694824219,125.94999694824219,127.25
2025-09-08 17:00:00+02:00,127.30000305175781,127.80000305175781,127.19999694824219,127.69999694824219
2025-09-09 09:00:00+02:00,127.0,127.5,123.9000015258789,126.5999984741211
2025-09-09 13:00:00+02:00,126.5999984741211,126.9000015258789,125.6500015258789,125.9000015258789
2025-09-09 17:00:00+02:00,125.9000015258789,125.9000015258789,125.05000305175781,125.05000305175781
2025-09-10 09:00:00+02:00,125.44999694824219,125.8499984741211,123.80000305175781,124.55000305175781
2025-09-10 13:00:00+02:00,124.5,124.80000305175781,122.5999984741211,122.5999984741211
2025-09-10 17:00:00+02:00,122.55000305175781,122.6500015258789,122.19999694824219,122.30000305175781
2025-09-11 09:00:00+02:00,122.69999694824219,124.25,122.0999984741211,123.0999984741211
2025-09-11 13:00:00+02:00,123.0999984741211,123.25,121.0999984741211,121.75
2025-09-11 17:00:00+02:00,121.80000305175781,121.8499984741211,121.25,121.69999694824219
2025-09-12 09:00:00+02:00,122.30000305175781,123.0,121.0,122.75
2025-09-12 13:00:00+02:00,122.6500015258789,124.05000305175781,122.4000015258789,123.19999694824219
2025-09-12 17:00:00+02:00,123.1500015258789,123.69999694824219,123.1500015258789,123.5999984741211
2025-09-15 09:00:00+02:00,124.0,125.55000305175781,123.25,124.44999694824219
2025-09-15 13:00:00+02:00,124.5,124.6500015258789,121.44999694824219,122.05000305175781
2025-09-15 17:00:00+02:00,122.0,122.0,121.05000305175781,121.1500015258789
2025-09-16 09:00:00+02:00,122.0,124.69999694824219,121.94999694824219,123.44999694824219
2025-09-16 13:00:00+02:00,123.44999694824219,124.1500015258789,122.8499984741211,123.0
2025-09-16 17:00:00+02:00,123.05000305175781,123.55000305175781,122.69999694824219,123.19999694824219
2025-09-17 09:00:00+02:00,124.05000305175781,124.19999694824219,121.80000305175781,121.9000015258789
2025-09-17 13:00:00+02:00,121.9000015258789,123.5999984741211,121.44999694824219,123.5
2025-09-17 17:00:00+02:00,123.5,123.5,123.05000305175781,123.0999984741211
2025-09-18 09:00:00+02:00,124.44999694824219,127.4000015258789,124.44999694824219,127.05000305175781
2025-09-18 13:00:00+02:00,127.1500015258789,128.0,126.3499984741211,127.0
2025-09-18 17:00:00+02:00,127.0,127.1500015258789,126.9000015258789,127.1500015258789
2025-09-19 09:00:00+02:00,126.9000015258789,126.94999694824219,124.6500015258789,124.9000015258789
2025-09-19 13:00:00+02:00,124.9000015258789,125.0999984741211,123.55000305175781,124.5
2025-09-19 17:00:00+02:00,124.5,124.5,123.75,123.80000305175781
2025-09-22 09:00:00+02:00,124.0,124.05000305175781,120.44999694824219,121.44999694824219
2025-09-22 13:00:00+02:00,121.4000015258789,122.3499984741211,121.05000305175781,121.75
2025-09-22 17:00:00+02:00,121.75,121.94999694824219,121.69999694824219,121.75
2025-09-23 09:00:00+02:00,123.1500015258789,125.19999694824219,122.9000015258789,124.5
2025-09-23 13:00:00+02:00,124.44999694824219,125.3499984741211,124.0,124.0999984741211
2025-09-23 17:00:00+02:00,124.05000305175781,124.1500015258789,123.9000015258789,123.94999694824219
2025-09-24 09:00:00+02:00,123.0999984741211,123.3499984741211,121.25,121.75
2025-09-24 13:00:00+02:00,121.75,122.5999984741211,121.5999984741211,122.30000305175781
2025-09-24 17:00:00+02:00,122.3499984741211,122.5,122.1500015258789,122.1500015258789
2025-09-25 09:00:00+02:00,122.80000305175781,124.19999694824219,121.1500015258789,123.94999694824219
2025-09-25 13:00:00+02:00,123.8499984741211,123.94999694824219,119.9000015258789,121.94999694824219
2025-09-25 17:00:00+02:00,121.94999694824219,121.94999694824219,121.0999984741211,121.4000015258789
2025-09-26 09:00:00+02:00,121.25,122.05000305175781,119.19999694824219,119.25
2025-09-26 13:00:00+02:00,119.25,119.4000015258789,117.8499984741211,118.55000305175781
2025-09-26 17:00:00+02:00,118.55000305175781,119.05000305175781,118.55000305175781,119.0
2025-09-29 09:00:00+02:00,119.5999984741211,120.30000305175781,118.69999694824219,119.75
2025-09-29 13:00:00+02:00,119.75,120.94999694824219,119.30000305175781,120.80000305175781
2025-09-29 17:00:00+02:00,120.75,121.6500015258789,120.75,121.55000305175781
2025-09-30 09:00:00+02:00,121.44999694824219,121.9000015258789,120.69999694824219,121.75
2025-09-30 13:00:00+02:00,121.69999694824219,123.5999984741211,121.5999984741211,123.4000015258789
2025-09-30 17:00:00+02:00,123.44999694824219,123.6500015258789,123.19999694824219,123.5999984741211
2025-10-01 09:00:00+02:00,122.3499984741211,124.19999694824219,122.3499984741211,123.44999694824219
2025-10-01 13:00:00+02:00,123.4000015258789,124.5999984741211,122.6500015258789,123.3499984741211
2025-10-01 17:00:00+02:00,123.30000305175781,124.19999694824219,123.30000305175781,123.94999694824219
2025-10-02 09:00:00+02:00,124.5,126.1500015258789,124.44999694824219,124.8499984741211
2025-10-02 13:00:00+02:00,124.94999694824219,125.6500015258789,123.9000015258789,124.30000305175781
2025-10-02 17:00:00+02:00,124.4000015258789,124.6500015258789,124.25,124.44999694824219
2025-10-03 09:00:00+02:00,125.3499984741211,126.0999984741211,124.8499984741211,125.4000015258789
2025-10-03 13:00:00+02:00,125.4000015258789,125.44999694824219,123.69999694824219,124.4000015258789
2025-10-03 17:00:00+02:00,124.25,124.3499984741211,123.55000305175781,124.1500015258789
2025-10-06 09:00:00+02:00,124.30000305175781,124.44999694824219,120.05000305175781,122.0999984741211
2025-10-06 13:00:00+02:00,122.0999984741211,124.69999694824219,122.05000305175781,124.19999694824219
2025-10-06 17:00:00+02:00,124.25,124.3499984741211,124.0999984741211,124.30000305175781
2025-10-07 09:00:00+02:00,125.4000015258789,126.05000305175781,123.30000305175781,125.30000305175781
2025-10-07 13:00:00+02:00,125.25,125.5999984741211,124.4000015258789,125.05000305175781
2025-10-07 17:00:00+02:00,125.1500015258789,125.25,124.80000305175781,125.0999984741211
2025-10-08 09:00:00+02:00,124.19999694824219,125.1500015258789,123.44999694824219,124.94999694824219
2025-10-08 13:00:00+02:00,124.9000015258789,125.1500015258789,121.8499984741211,122.9000015258789
2025-10-08 17:00:00+02:00,122.9000015258789,123.05000305175781,121.80000305175781,122.3499984741211
2025-10-09 09:00:00+02:00,120.55000305175781,122.0999984741211,119.69999694824219,121.44999694824219
2025-10-09 13:00:00+02:00,121.4000015258789,122.6500015258789,121.3499984741211,122.3499984741211
2025-10-09 17:00:00+02:00,122.4000015258789,122.55000305175781,121.94999694824219,122.05000305175781
2025-10-10 09:00:00+02:00,122.25,123.75,122.25,123.69999694824219
2025-10-10 13:00:00+02:00,123.6500015258789,123.69999694824219,121.30000305175781,121.3499984741211
2025-10-10 17:00:00+02:00,121.25,121.30000305175781,119.80000305175781,119.80000305175781
2025-10-13 09:00:00+02:00,120.0,122.1500015258789,120.0,120.4000015258789
2025-10-13 13:00:00+02:00,120.3499984741211,120.5999984741211,119.0999984741211,119.55000305175781
2025-10-13 17:00:00+02:00,119.75,120.19999694824219,119.6500015258789,120.05000305175781
2025-10-14 09:00:00+02:00,119.1500015258789,120.4000015258789,118.8499984741211,119.4000015258789
2025-10-14 13:00:00+02:00,119.3499984741211,119.69999694824219,118.5,119.0
2025-10-14 17:00:00+02:00,118.9000015258789,119.19999694824219,118.9000015258789,119.1500015258789
2025-10-15 09:00:00+02:00,120.19999694824219,123.25,120.19999694824219,121.5999984741211
2025-10-15 13:00:00+02:00,121.6500015258789,123.19999694824219,121.30000305175781,122.4000015258789
2025-10-15 17:00:00+02:00,122.3499984741211,122.6500015258789,122.05000305175781,122.5
2025-10-16 09:00:00+02:00,122.25,123.05000305175781,120.69999694824219,122.19999694824219
2025-10-16 13:00:00+02:00,122.19999694824219,123.1500015258789,120.5,121.5999984741211
2025-10-16 17:00:00+02:00,121.5999984741211,122.25,121.5999984741211,122.05000305175781
2025-10-17 09:00:00+02:00,120.9000015258789,121.55000305175781,119.69999694824219,120.3499984741211
2025-10-17 13:00:00+02:00,120.30000305175781,121.55000305175781,120.0999984741211,120.94999694824219
2025-10-17 17:00:00+02:00,120.9000015258789,122.19999694824219,120.9000015258789,121.6500015258789
2025-10-20 09:00:00+02:00,122.94999694824219,123.25,121.3499984741211,122.1500015258789
2025-10-20 13:00:00+02:00,122.0999984741211,123.0,121.3499984741211,122.80000305175781
2025-10-20 17:00:00+02:00,122.8499984741211,123.55000305175781,122.8499984741211,123.44999694824219
2025-10-21 09:00:00+02:00,123.9000015258789,125.69999694824219,123.55000305175781,125.5
2025-10-21 13:00:00+02:00,125.5999984741211,129.64999389648438,125.4000015258789,129.64999389648438
2025-10-21 17:00:00+02:00,129.60000610351562,130.5,129.60000610351562,129.8000030517578
2025-10-22 09:00:00+02:00,129.5,129.8000030517578,127.30000305175781,128.10000610351562
2025-10-22 13:00:00+02:00,128.1999969482422,128.9499969482422,127.25,128.75
2025-10-22 17:00:00+02:00,128.6999969482422,129.25,128.6999969482422,128.89999389648438
2025-10-23 09:00:00+02:00,128.60000610351562,129.60000610351562,127.3499984741211,127.94999694824219
2025-10-23 13:00:00+02:00,127.8499984741211,128.14999389648438,126.30000305175781,126.5
2025-10-23 17:00:00+02:00,126.5,126.8499984741211,126.3499984741211,126.6500015258789
2025-10-24 09:00:00+02:00,128.14999389648438,129.4499969482422,127.0999984741211,127.3499984741211
2025-10-24 13:00:00+02:00,127.3499984741211,128.89999389648438,126.8499984741211,126.94999694824219
2025-10-24 17:00:00+02:00,127.05000305175781,127.3499984741211,127.0,127.0999984741211
2025-10-27 09:00:00+01:00,128.60000610351562,129.0,127.25,128.25
2025-10-27 13:00:00+01:00,128.35000610351562,129.9499969482422,128.0,128.39999389648438
2025-10-27 17:00:00+01:00,128.35000610351562,128.4499969482422,127.5999984741211,128.25
2025-10-28 09:00:00+01:00,138.6999969482422,140.39999389648438,134.25,135.10000610351562
2025-10-28 13:00:00+01:00,135.0500030517578,135.0500030517578,129.5,131.25
2025-10-28 17:00:00+01:00,131.1999969482422,131.1999969482422,130.1999969482422,130.1999969482422
2025-10-29 09:00:00+01:00,129.25,135.5500030517578,129.14999389648438,133.75
2025-10-29 13:00:00+01:00,133.8000030517578,134.85000610351562,132.0,132.5500030517578
2025-10-29 17:00:00+01:00,132.5,132.89999389648438,132.5,132.6999969482422
2025-10-30 09:00:00+01:00,132.8000030517578,134.25,132.60000610351562,132.8000030517578
2025-10-30 13:00:00+01:00,132.85000610351562,132.89999389648438,129.6999969482422,130.5500030517578
2025-10-30 17:00:00+01:00,130.5,130.6999969482422,130.3000030517578,130.60000610351562
2025-10-31 09:00:00+01:00,129.75,131.89999389648438,129.64999389648438,131.75
2025-10-31 13:00:00+01:00,131.6999969482422,133.9499969482422,131.25,133.8000030517578
2025-10-31 17:00:00+01:00,133.8000030517578,134.14999389648438,133.60000610351562,133.60000610351562
2025-11-03 09:00:00+01:00,133.3000030517578,133.85000610351562,130.35000610351562,130.75
2025-11-03 13:00:00+01:00,130.6999969482422,130.9499969482422,128.9499969482422,129.10000610351562
2025-11-03 17:00:00+01:00,129.0500030517578,129.6999969482422,128.75,129.39999389648438
2025-11-04 09:00:00+01:00,128.9499969482422,128.9499969482422,126.5999984741211,127.8499984741211
2025-11-04 13:00:00+01:00,127.75,128.8000030517578,126.75,127.94999694824219
2025-11-04 17:00:00+01:00,128.0,128.0500030517578,127.55000305175781,128.0
2025-11-05 09:00:00+01:00,126.30000305175781,129.35000610351562,126.05000305175781,129.14999389648438
2025-11-05 13:00:00+01:00,129.10000610351562,130.14999389648438,128.25,128.39999389648438
2025-11-05 17:00:00+01:00,128.39999389648438,128.5,128.0500030517578,128.1999969482422
2025-11-06 09:00:00+01:00,127.5999984741211,129.6999969482422,127.5999984741211,128.14999389648438
2025-11-06 13:00:00+01:00,128.1999969482422,128.35000610351562,124.8499984741211,124.8499984741211
2025-11-06 17:00:00+01:00,124.8499984741211,125.05000305175781,124.25,124.5999984741211
2025-11-07 09:00:00+01:00,126.1500015258789,126.30000305175781,122.3499984741211,123.0999984741211
2025-11-07 13:00:00+01:00,123.05000305175781,123.55000305175781,122.19999694824219,122.80000305175781
2025-11-07 17:00:00+01:00,122.80000305175781,123.19999694824219,122.80000305175781,123.1500015258789
2025-11-10 09:00:00+01:00,125.75,127.69999694824219,124.69999694824219,127.69999694824219
2025-11-10 13:00:00+01:00,127.5999984741211,128.10000610351562,127.0999984741211,127.9000015258789
2025-11-10 17:00:00+01:00,127.94999694824219,128.60000610351562,127.9000015258789,128.5
2025-11-11 09:00:00+01:00,128.4499969482422,130.4499969482422,128.0,130.25
2025-11-11 13:00:00+01:00,130.1999969482422,131.1999969482422,130.0,131.10000610351562
2025-11-11 17:00:00+01:00,131.10000610351562,131.5500030517578,130.89999389648438,131.4499969482422
2025-11-12 09:00:00+01:00,131.75,133.9499969482422,130.85000610351562,133.60000610351562
2025-11-12 13:00:00+01:00,133.5749969482422,137.14999389648438,133.5,135.35000610351562
2025-11-12 17:00:00+01:00,135.35000610351562,135.9499969482422,135.0500030517578,135.10000610351562
2025-11-13 09:00:00+01:00,135.3000030517578,137.0,134.5500030517578,134.9499969482422
2025-11-13 13:00:00+01:00,134.9499969482422,136.25,134.64999389648438,134.8000030517578
2025-11-13 17:00:00+01:00,134.85000610351562,134.85000610351562,134.3000030517578,134.35000610351562
2025-11-14 09:00:00+01:00,133.3000030517578,133.8000030517578,131.8000030517578,133.1999969482422
2025-11-14 13:00:00+01:00,133.25,134.35000610351562,132.3000030517578,133.60000610351562
2025-11-14 17:00:00+01:00,133.60000610351562,133.64999389648438,132.9499969482422,133.39999389648438
2025-11-17 09:00:00+01:00,133.14999389648438,133.8000030517578,132.1999969482422,132.5500030517578
2025-11-17 13:00:00+01:00,132.5,132.89999389648438,131.3000030517578,132.25
2025-11-17 17:00:00+01:00,132.1999969482422,132.1999969482422,131.75,132.10000610351562
2025-11-18 09:00:00+01:00,130.39999389648438,130.5,127.25,129.6999969482422
2025-11-18 13:00:00+01:00,129.64999389648438,129.89999389648438,127.1500015258789,127.69999694824219
2025-11-18 17:00:00+01:00,127.69999694824219,128.0500030517578,127.25,128.0
2025-11-19 09:00:00+01:00,127.94999694824219,128.4499969482422,126.25,127.44999694824219
2025-11-19 13:00:00+01:00,127.44999694824219,128.39999389648438,127.05000305175781,127.4000015258789
2025-11-19 17:00:00+01:00,127.3499984741211,128.0500030517578,127.3499984741211,127.8499984741211
2025-11-20 09:00:00+01:00,129.0500030517578,129.85000610351562,126.9000015258789,127.44999694824219
2025-11-20 13:00:00+01:00,127.44999694824219,129.10000610351562,127.30000305175781,127.9000015258789
2025-11-20 17:00:00+01:00,127.94999694824219,128.0500030517578,127.30000305175781,127.55000305175781
2025-11-21 09:00:00+01:00,124.55000305175781,129.3000030517578,124.4000015258789,127.9000015258789
2025-11-21 13:00:00+01:00,127.9000015258789,130.5,127.5999984741211,130.4499969482422
2025-11-21 17:00:00+01:00,130.4499969482422,131.5500030517578,130.4499969482422,131.5
2025-11-24 09:00:00+01:00,132.6999969482422,136.3000030517578,132.3000030517578,134.39999389648438
2025-11-24 13:00:00+01:00,134.39999389648438,134.6999969482422,132.25,133.4499969482422
2025-11-24 17:00:00+01:00,133.39999389648438,133.75,133.39999389648438,133.39999389648438
2025-11-25 09:00:00+01:00,133.0,133.0500030517578,130.5,130.89999389648438
2025-11-25 13:00:00+01:00,130.9499969482422,133.5,130.1999969482422,133.4499969482422
2025-11-25 17:00:00+01:00,133.39999389648438,133.5500030517578,133.1999969482422,133.3000030517578
2025-11-26 09:00:00+01:00,134.0,134.3000030517578,132.14999389648438,132.5500030517578
2025-11-26 13:00:00+01:00,132.60000610351562,133.89999389648438,131.89999389648438,132.5500030517578
2025-11-26 17:00:00+01:00,132.60000610351562,133.1999969482422,132.60000610351562,132.85000610351562
2025-11-27 09:00:00+01:00,132.39999389648438,134.89999389648438,132.10000610351562,134.4499969482422
2025-11-27 13:00:00+01:00,134.4499969482422,134.9499969482422,133.25,133.8000030517578
2025-11-27 17:00:00+01:00,133.8000030517578,134.14999389648438,133.39999389648438,133.85000610351562
2025-11-28 09:00:00+01:00,133.75,134.0,133.10000610351562,133.14999389648438
2025-11-28 13:00:00+01:00,133.14999389648438,134.75,132.64999389648438,134.35000610351562
2025-11-28 17:00:00+01:00,134.1999969482422,134.5,134.10000610351562,134.35000610351562
2025-12-01 09:00:00+01:00,134.60000610351562,136.10000610351562,133.10000610351562,134.5500030517578
2025-12-01 13:00:00+01:00,134.5,137.0500030517578,133.60000610351562,136.9499969482422
2025-12-01 17:00:00+01:00,136.9499969482422,137.5,136.9499969482422,137.25
2025-12-02 09:00:00+01:00,137.5,138.5,136.25,138.25
2025-12-02 13:00:00+01:00,138.1999969482422,138.8000030517578,136.5500030517578,137.5500030517578
2025-12-02 17:00:00+01:00,137.5,137.85000610351562,137.5,137.8000030517578
2025-12-03 09:00:00+01:00,137.35000610351562,138.6999969482422,134.85000610351562,135.1999969482422
2025-12-03 13:00:00+01:00,135.1999969482422,136.5500030517578,134.5,136.5
2025-12-03 17:00:00+01:00,136.5,136.8000030517578,136.0500030517578,136.6999969482422
2025-12-04 09:00:00+01:00,137.14999389648438,141.9499969482422,137.0,141.64999389648438
2025-12-04 13:00:00+01:00,141.6999969482422,144.89999389648438,141.60000610351562,142.89999389648438
2025-12-04 17:00:00+01:00,142.85000610351562,143.25,142.6999969482422,142.6999969482422
2025-12-05 09:00:00+01:00,143.35000610351562,144.9499969482422,142.0,143.5500030517578
2025-12-05 13:00:00+01:00,143.5,145.3000030517578,143.25,144.75
2025-12-05 17:00:00+01:00,144.75,144.8000030517578,144.1999969482422,144.60000610351562
2025-12-08 09:00:00+01:00,144.0,145.8000030517578,142.9499969482422,145.4499969482422
2025-12-08 13:00:00+01:00,145.5,146.14999389648438,144.9499969482422,145.35000610351562
2025-12-08 17:00:00+01:00,145.35000610351562,145.64999389648438,144.8000030517578,144.89999389648438
2025-12-09 09:00:00+01:00,145.3000030517578,147.8000030517578,145.3000030517578,147.64999389648438
2025-12-09 13:00:00+01:00,147.60000610351562,148.35000610351562,146.4499969482422,147.39999389648438
2025-12-09 17:00:00+01:00,147.39999389648438,148.0500030517578,147.35000610351562,147.75
2025-12-10 09:00:00+01:00,146.39999389648438,147.25,145.4499969482422,145.9499969482422
2025-12-10 13:00:00+01:00,145.9499969482422,147.0500030517578,145.64999389648438,146.8000030517578
2025-12-10 17:00:00+01:00,146.75,146.75,146.10000610351562,146.14999389648438
2025-12-11 09:00:00+01:00,145.5,152.3000030517578,144.9499969482422,150.14999389648438
2025-12-11 13:00:00+01:00,150.10000610351562,152.4499969482422,149.14999389648438,152.3000030517578
2025-12-11 17:00:00+01:00,152.25,153.0500030517578,152.14999389648438,152.1999969482422
2025-12-12 09:00:00+01:00,152.0,152.39999389648438,149.89999389648438,150.0
2025-12-12 13:00:00+01:00,149.9499969482422,151.0,149.10000610351562,149.8000030517578
2025-12-12 17:00:00+01:00,149.8000030517578,149.8000030517578,148.14999389648438,148.14999389648438
2025-12-15 09:00:00+01:00,147.8000030517578,150.3000030517578,147.8000030517578,150.14999389648438
2025-12-15 13:00:00+01:00,150.10000610351562,150.8000030517578,148.1999969482422,148.60000610351562
2025-12-15 17:00:00+01:00,148.5500030517578,149.1999969482422,148.4499969482422,149.10000610351562
2025-12-16 09:00:00+01:00,148.5,150.8000030517578,148.1999969482422,150.10000610351562
2025-12-16 13:00:00+01:00,150.0,150.75,147.35000610351562,147.89999389648438
2025-12-16 17:00:00+01:00,147.9499969482422,148.10000610351562,147.60000610351562,147.85000610351562
2025-12-17 09:00:00+01:00,146.9499969482422,147.0,144.39999389648438,144.75
2025-12-17 13:00:00+01:00,144.75,147.6999969482422,144.4499969482422,147.5500030517578
2025-12-17 17:00:00+01:00,147.5,147.6999969482422,146.9499969482422,147.3000030517578
2025-12-18 09:00:00+01:00,147.3000030517578,149.4499969482422,145.89999389648438,147.3000030517578
2025-12-18 13:00:00+01:00,147.39999389648438,148.4499969482422,145.60000610351562,147.85000610351562
2025-12-18 17:00:00+01:00,147.8000030517578,147.9499969482422,147.25,147.35000610351562
2025-12-19 09:00:00+01:00,147.3000030517578,147.4499969482422,145.39999389648438,145.5
2025-12-19 13:00:00+01:00,145.5500030517578,146.25,144.9499969482422,145.60000610351562
2025-12-19 17:00:00+01:00,145.5500030517578,146.10000610351562,145.4499969482422,145.60000610351562
2025-12-22 09:00:00+01:00,145.5500030517578,145.8000030517578,144.1999969482422,144.35000610351562
2025-12-22 13:00:00+01:00,144.39999389648438,145.75,144.35000610351562,145.0
2025-12-22 17:00:00+01:00,145.0,145.0500030517578,144.6999969482422,144.8000030517578
2025-12-23 09:00:00+01:00,144.0500030517578,144.10000610351562,141.89999389648438,142.4499969482422
2025-12-23 13:00:00+01:00,142.39999389648438,143.0500030517578,141.85000610351562,142.39999389648438
2025-12-23 17:00:00+01:00,142.35000610351562,142.35000610351562,141.64999389648438,141.64999389648438
2025-12-24 09:00:00+01:00,141.39999389648438,142.0,140.60000610351562,141.5500030517578
2025-12-24 13:00:00+01:00,141.5500030517578,141.75,141.4499969482422,141.64999389648438
2025-12-29 09:00:00+01:00,141.60000610351562,142.60000610351562,141.0500030517578,141.9499969482422
2025-12-29 13:00:00+01:00,141.89999389648438,142.8000030517578,141.60000610351562,142.4499969482422
2025-12-29 17:00:00+01:00,142.5,142.64999389648438,142.25,142.25
2025-12-30 09:00:00+01:00,142.6999969482422,143.1999969482422,141.85000610351562,142.3000030517578
2025-12-30 13:00:00+01:00,142.25,142.75,141.8000030517578,142.39999389648438
2025-12-30 17:00:00+01:00,142.4499969482422,142.85000610351562,142.39999389648438,142.75
2025-12-31 09:00:00+01:00,141.8000030517578,142.14999389648438,141.25,141.64999389648438
2025-12-31 13:00:00+01:00,141.625,142.25,141.4499969482422,142.25
2026-01-02 09:00:00+01:00,141.8000030517578,144.35000610351562,141.8000030517578,143.35000610351562
2026-01-02 13:00:00+01:00,143.39999389648438,143.8000030517578,139.5,140.35000610351562
2026-01-02 17:00:00+01:00,140.3000030517578,140.5500030517578,139.9499969482422,140.5
2026-01-05 09:00:00+01:00,140.25,143.5,140.10000610351562,141.64999389648438
2026-01-05 13:00:00+01:00,141.6999969482422,144.0,140.75,143.8000030517578
2026-01-05 17:00:00+01:00,143.75,144.0500030517578,143.6999969482422,143.89999389648438
2026-01-06 09:00:00+01:00,142.9499969482422,143.1999969482422,138.64999389648438,139.5500030517578
2026-01-06 13:00:00+01:00,139.5500030517578,143.85000610351562,139.0500030517578,143.14999389648438
2026-01-06 17:00:00+01:00,143.25,144.0500030517578,143.25,143.9499969482422
2026-01-07 09:00:00+01:00,145.39999389648438,146.5500030517578,143.9499969482422,144.5500030517578
2026-01-07 13:00:00+01:00,144.60000610351562,146.9499969482422,144.4499969482422,146.89999389648438
2026-01-07 17:00:00+01:00,147.25,147.3000030517578,146.6999969482422,146.6999969482422
2026-01-08 09:00:00+01:00,146.0,146.89999389648438,144.5,144.9499969482422
2026-01-08 13:00:00+01:00,144.8000030517578,147.5500030517578,144.75,147.5500030517578
2026-01-08 17:00:00+01:00,147.5,147.5,146.89999389648438,147.10000610351562
2026-01-09 09:00:00+01:00,148.0,151.14999389648438,147.75,150.64999389648438
2026-01-09 13:00:00+01:00,150.64999389648438,152.75,149.89999389648438,150.4499969482422
2026-01-09 17:00:00+01:00,150.4499969482422,150.8000030517578,149.85000610351562,150.39999389648438
2026-01-12 09:00:00+01:00,144.5,146.8000030517578,142.64999389648438,144.35000610351562
2026-01-12 13:00:00+01:00,144.39999389648438,145.9499969482422,144.10000610351562,144.60000610351562
2026-01-12 17:00:00+01:00,144.60000610351562,145.5,144.5500030517578,145.14999389648438
2026-01-13 09:00:00+01:00,144.1999969482422,145.14999389648438,142.35000610351562,144.8000030517578
2026-01-13 13:00:00+01:00,144.85000610351562,147.6999969482422,144.60000610351562,146.60000610351562
2026-01-13 17:00:00+01:00,146.64999389648438,147.64999389648438,146.5500030517578,147.0
2026-01-14 09:00:00+01:00,145.6999969482422,147.75,144.25,145.1999969482422
2026-01-14 13:00:00+01:00,145.10000610351562,149.10000610351562,144.89999389648438,147.4499969482422
2026-01-14 17:00:00+01:00,147.39999389648438,148.25,147.3000030517578,148.10000610351562
2026-01-15 09:00:00+01:00,148.89999389648438,148.89999389648438,144.4499969482422,145.10000610351562
2026-01-15 13:00:00+01:00,145.14999389648438,146.1999969482422,143.85000610351562,144.0
2026-01-15 17:00:00+01:00,144.0500030517578,144.39999389648438,143.85000610351562,144.25
2026-01-16 09:00:00+01:00,143.10000610351562,144.10000610351562,142.8000030517578,143.8000030517578
2026-01-16 13:00:00+01:00,143.8000030517578,143.89999389648438,141.3000030517578,141.9499969482422
2026-01-16 17:00:00+01:00,142.0,142.39999389648438,141.85000610351562,141.9499969482422
2026-01-19 09:00:00+01:00,138.64999389648438,139.5500030517578,137.9499969482422,138.1999969482422
2026-01-19 13:00:00+01:00,138.25,138.85000610351562,136.35000610351562,136.8000030517578
2026-01-19 17:00:00+01:00,136.85000610351562,137.3000030517578,136.85000610351562,137.3000030517578
2026-01-20 09:00:00+01:00,135.9499969482422,136.89999389648438,131.3000030517578,132.9499969482422
2026-01-20 13:00:00+01:00,133.0,134.5500030517578,132.4499969482422,133.1999969482422
2026-01-20 17:00:00+01:00,133.25,133.4499969482422,132.64999389648438,133.0
2026-01-21 09:00:00+01:00,133.9499969482422,134.5,131.5500030517578,131.5500030517578
2026-01-21 13:00:00+01:00,131.60000610351562,133.75,131.14999389648438,133.4499969482422
2026-01-21 17:00:00+01:00,133.4499969482422,133.89999389648438,132.9499969482422,133.5
2026-01-22 09:00:00+01:00,135.5500030517578,136.60000610351562,134.60000610351562,134.89999389648438
2026-01-22 13:00:00+01:00,135.0,137.5,134.75,137.3000030517578
2026-01-22 17:00:00+01:00,137.39999389648438,137.4499969482422,136.39999389648438,136.4499969482422
2026-01-23 09:00:00+01:00,135.9499969482422,136.14999389648438,134.64999389648438,134.9499969482422
2026-01-23 13:00:00+01:00,135.0500030517578,136.14999389648438,134.60000610351562,135.8000030517578
2026-01-23 17:00:00+01:00,135.8000030517578,136.0,135.5,135.75
2026-01-26 09:00:00+01:00,136.35000610351562,136.5,134.5,134.6999969482422
2026-01-26 13:00:00+01:00,134.6999969482422,137.25,134.6999969482422,136.35000610351562
2026-01-26 17:00:00+01:00,136.35000610351562,136.75,136.25,136.4499969482422
2026-01-27 09:00:00+01:00,136.39999389648438,136.75,131.85000610351562,133.1999969482422
2026-01-27 13:00:00+01:00,133.1999969482422,134.5500030517578,132.5,133.75
2026-01-27 17:00:00+01:00,133.8000030517578,133.89999389648438,133.64999389648438,133.89999389648438
2026-01-28 09:00:00+01:00,134.14999389648438,134.39999389648438,129.5,131.64999389648438
2026-01-28 13:00:00+01:00,131.75,132.5,130.60000610351562,131.60000610351562
2026-01-28 17:00:00+01:00,131.60000610351562,131.64999389648438,130.5500030517578,131.25
2026-01-29 09:00:00+01:00,131.5,132.35000610351562,128.4499969482422,128.9499969482422
2026-01-29 13:00:00+01:00,129.0,130.60000610351562,127.55000305175781,128.25
2026-01-29 17:00:00+01:00,128.1999969482422,128.39999389648438,127.8499984741211,127.94999694824219
2026-01-30 09:00:00+01:00,128.3000030517578,132.39999389648438,127.8499984741211,131.60000610351562
2026-01-30 13:00:00+01:00,131.60000610351562,132.0500030517578,129.8000030517578,130.89999389648438
2026-02-03 09:00:00+01:00,134.9499969482422,134.9499969482422,126.5999984741211,127.69999694824219
2026-02-03 13:00:00+01:00,127.5999984741211,127.94999694824219,122.55000305175781,123.44999694824219
2026-02-03 17:00:00+01:00,123.44999694824219,123.75,122.19999694824219,122.3499984741211
2026-02-04 09:00:00+01:00,123.25,123.5,118.44999694824219,119.30000305175781
2026-02-04 13:00:00+01:00,119.3499984741211,120.3499984741211,115.8499984741211,119.44999694824219
2026-02-04 17:00:00+01:00,119.5,119.75,119.0,119.44999694824219
2026-02-05 09:00:00+01:00,120.19999694824219,121.4000015258789,118.5,120.19999694824219
2026-02-05 13:00:00+01:00,120.0999984741211,120.6500015258789,116.80000305175781,117.4000015258789
2026-02-05 17:00:00+01:00,117.5,117.6500015258789,116.75,117.5999984741211
2026-02-06 09:00:00+01:00,115.0,115.75,113.44999694824219,115.5
2026-02-06 13:00:00+01:00,115.55000305175781,115.9000015258789,113.8499984741211,114.5999984741211
2026-02-06 17:00:00+01:00,114.5999984741211,115.1500015258789,114.5,115.0999984741211
2026-02-09 09:00:00+01:00,116.0,116.9000015258789,115.05000305175781,116.05000305175781
2026-02-09 13:00:00+01:00,116.0,116.0,112.4000015258789,113.4000015258789
2026-02-09 17:00:00+01:00,113.3499984741211,113.80000305175781,113.25,113.69999694824219
2026-02-10 09:00:00+01:00,114.44999694824219,116.0999984741211,112.75,113.0999984741211
2026-02-10 13:00:00+01:00,113.0999984741211,113.69999694824219,111.5999984741211,113.25
2026-02-10 17:00:00+01:00,113.25,113.5999984741211,113.05000305175781,113.5999984741211
2026-02-11 09:00:00+01:00,111.5,111.80000305175781,107.69999694824219,108.1500015258789
2026-02-11 13:00:00+01:00,108.19999694824219,108.19999694824219,105.3499984741211,105.94999694824219
2026-02-11 17:00:00+01:00,106.0,106.0,104.3499984741211,104.5
2026-02-12 09:00:00+01:00,105.05000305175781,105.80000305175781,102.69999694824219,102.80000305175781
2026-02-12 13:00:00+01:00,102.8499984741211,103.05000305175781,100.94999694824219,101.0
2026-02-12 17:00:00+01:00,100.94999694824219,101.0999984741211,100.1500015258789,100.5999984741211
2026-02-13 09:00:00+01:00,104.5,105.55000305175781,99.91999816894531,105.0
2026-02-13 13:00:00+01:00,104.94999694824219,105.44999694824219,103.0999984741211,103.4000015258789
2026-02-13 17:00:00+01:00,103.4000015258789,105.5999984741211,103.0,105.3499984741211
2026-02-16 09:00:00+01:00,106.44999694824219,106.9000015258789,102.8499984741211,103.3499984741211
2026-02-16 13:00:00+01:00,103.4000015258789,103.875,101.94999694824219,102.1500015258789
2026-02-16 17:00:00+01:00,102.1500015258789,102.19999694824219,101.4000015258789,101.5
2026-02-17 09:00:00+01:00,101.9000015258789,103.9000015258789,101.9000015258789,103.69999694824219
2026-02-17 13:00:00+01:00,103.6500015258789,105.05000305175781,102.6500015258789,103.0
2026-02-17 17:00:00+01:00,103.0,103.69999694824219,102.69999694824219,103.30000305175781
2026-02-18 09:00:00+01:00,103.44999694824219,103.5,100.44999694824219,100.94999694824219
2026-02-18 13:00:00+01:00,101.0,105.0999984741211,100.69999694824219,105.0999984741211
2026-02-18 17:00:00+01:00,105.05000305175781,105.3499984741211,104.80000305175781,105.25
2026-02-19 09:00:00+01:00,105.44999694824219,107.69999694824219,105.44999694824219,105.94999694824219
2026-02-19 13:00:00+01:00,105.94999694824219,106.75,103.30000305175781,103.3499984741211
2026-02-19 17:00:00+01:00,103.3499984741211,103.75,103.05000305175781,103.30000305175781
2026-02-20 09:00:00+01:00,104.0,105.05000305175781,103.1500015258789,104.80000305175781
2026-02-20 13:00:00+01:00,104.8499984741211,106.19999694824219,104.05000305175781,104.94999694824219
2026-02-20 17:00:00+01:00,105.05000305175781,105.0999984741211,104.1500015258789,104.1500015258789
2026-02-23 09:00:00+01:00,103.25,103.8499984741211,102.5999984741211,103.5999984741211
2026-02-23 13:00:00+01:00,103.6500015258789,105.6500015258789,101.69999694824219,101.75
2026-02-23 17:00:00+01:00,101.75,101.80000305175781,101.0,101.4000015258789
2026-02-24 09:00:00+01:00,99.27999877929688,100.94999694824219,98.72000122070312,99.36000061035156
2026-02-24 13:00:00+01:00,99.37999725341797,102.75,99.23999786376953,101.3499984741211
2026-02-24 17:00:00+01:00,101.3499984741211,102.55000305175781,101.3499984741211,101.94999694824219
2026-02-25 09:00:00+01:00,102.0999984741211,103.55000305175781,101.3499984741211,102.0
2026-02-25 13:00:00+01:00,102.05000305175781,102.6500015258789,101.0999984741211,101.55000305175781
2026-02-25 17:00:00+01:00,101.55000305175781,101.69999694824219,101.05000305175781,101.55000305175781
2026-02-26 09:00:00+01:00,102.1500015258789,103.05000305175781,101.1500015258789,102.44999694824219
2026-02-26 13:00:00+01:00,102.4000015258789,104.9000015258789,102.4000015258789,104.6500015258789
2026-02-26 17:00:00+01:00,104.55000305175781,105.1500015258789,104.0999984741211,104.1500015258789
2026-02-27 09:00:00+01:00,104.69999694824219,106.94999694824219,103.19999694824219,105.25
2026-02-27 13:00:00+01:00,105.4000015258789,106.5999984741211,104.0,106.5999984741211
2026-02-27 17:00:00+01:00,106.69999694824219,107.25,106.5,106.80000305175781
2026-03-02 09:00:00+01:00,103.0999984741211,105.94999694824219,103.0999984741211,105.4000015258789
2026-03-02 13:00:00+01:00,105.42500305175781,106.75,103.8499984741211,103.8499984741211
2026-03-02 17:00:00+01:00,103.8499984741211,104.55000305175781,103.44999694824219,103.44999694824219
2026-03-03 09:00:00+01:00,103.30000305175781,105.3499984741211,102.5,104.80000305175781
2026-03-03 13:00:00+01:00,104.80000305175781,108.0999984741211,104.55000305175781,106.8499984741211
2026-03-03 17:00:00+01:00,106.80000305175781,107.3499984741211,106.5999984741211,106.5999984741211
2026-03-04 09:00:00+01:00,108.1500015258789,108.25,105.5999984741211,105.5999984741211
2026-03-04 13:00:00+01:00,105.55000305175781,106.6500015258789,103.69999694824219,106.55000305175781
2026-03-04 17:00:00+01:00,106.5,106.80000305175781,106.25,106.69999694824219
2026-03-05 09:00:00+01:00,107.0999984741211,108.55000305175781,106.0,107.80000305175781
2026-03-05 13:00:00+01:00,107.80000305175781,109.94999694824219,106.5,109.80000305175781
2026-03-05 17:00:00+01:00,109.80000305175781,110.1500015258789,109.30000305175781,109.4000015258789
2026-03-06 09:00:00+01:00,110.44999694824219,110.9000015258789,108.30000305175781,110.19999694824219
2026-03-06 13:00:00+01:00,110.19999694824219,110.5999984741211,109.1500015258789,110.44999694824219
2026-03-06 17:00:00+01:00,110.44999694824219,110.75,109.3499984741211,109.4000015258789
2026-03-09 09:00:00+01:00,109.0,109.55000305175781,107.19999694824219,109.19999694824219
2026-03-09 13:00:00+01:00,109.25,109.4000015258789,107.4000015258789,108.5999984741211
2026-03-09 17:00:00+01:00,108.5999984741211,108.69999694824219,108.44999694824219,108.55000305175781
2026-03-10 09:00:00+01:00,109.0999984741211,109.4000015258789,106.3499984741211,107.80000305175781
2026-03-10 13:00:00+01:00,107.69999694824219,107.75,104.3499984741211,105.3499984741211
2026-03-10 17:00:00+01:00,105.3499984741211,105.6500015258789,104.94999694824219,105.44999694824219
2026-03-11 09:00:00+01:00,105.0999984741211,107.3499984741211,104.55000305175781,106.44999694824219
2026-03-11 13:00:00+01:00,106.4000015258789,108.8499984741211,106.1500015258789,107.0999984741211
2026-03-11 17:00:00+01:00,107.0999984741211,107.19999694824219,106.69999694824219,106.94999694824219
2026-03-12 09:00:00+01:00,107.0,108.6500015258789,106.30000305175781,108.4000015258789
2026-03-12 13:00:00+01:00,108.375,109.80000305175781,107.44999694824219,108.0
2026-03-12 17:00:00+01:00,108.0,108.0999984741211,107.25,107.44999694824219
2026-03-13 09:00:00+01:00,106.8499984741211,108.75,106.05000305175781,108.4000015258789
2026-03-13 13:00:00+01:00,108.3499984741211,109.9000015258789,107.5999984741211,107.6500015258789
2026-03-13 17:00:00+01:00,107.5999984741211,107.5999984741211,107.25,107.55000305175781
2026-03-16 09:00:00+01:00,107.44999694824219,107.75,104.5999984741211,105.75
2026-03-16 13:00:00+01:00,105.75,105.8499984741211,104.25,104.9000015258789
2026-03-16 17:00:00+01:00,104.9000015258789,105.25,104.5999984741211,105.25
2026-03-17 09:00:00+01:00,105.3499984741211,105.3499984741211,103.80000305175781,104.6500015258789
2026-03-17 13:00:00+01:00,104.6500015258789,106.19999694824219,104.5999984741211,105.9000015258789
2026-03-17 17:00:00+01:00,105.8499984741211,105.8499984741211,105.1500015258789,105.3499984741211
2026-03-18 09:00:00+01:00,105.0,106.0,104.4000015258789,105.3499984741211
2026-03-18 13:00:00+01:00,105.44999694824219,106.0999984741211,104.1500015258789,104.8499984741211
2026-03-18 17:00:00+01:00,104.80000305175781,104.80000305175781,104.4000015258789,104.5
2026-03-19 09:00:00+01:00,102.5,103.75,101.19999694824219,101.80000305175781
2026-03-19 13:00:00+01:00,101.75,102.8499984741211,101.05000305175781,101.8499984741211
2026-03-19 17:00:00+01:00,101.8499984741211,101.9000015258789,101.19999694824219,101.4000015258789
2026-03-20 09:00:00+01:00,101.94999694824219,102.0,98.33999633789062,99.0
2026-03-20 13:00:00+01:00,98.9800033569336,99.0,97.05999755859375,97.9800033569336
2026-03-20 17:00:00+01:00,97.9800033569336,98.08000183105469,97.41999816894531,97.62000274658203
2026-03-23 09:00:00+01:00,97.27999877929688,100.8499984741211,97.05999755859375,99.12000274658203
2026-03-23 13:00:00+01:00,99.05999755859375,100.44999694824219,98.55999755859375,98.66000366210938
2026-03-23 17:00:00+01:00,98.76000213623047,99.26000213623047,98.5999984741211,98.72000122070312
2026-03-24 09:00:00+01:00,98.23999786376953,98.81999969482422,96.68000030517578,97.5
2026-03-24 13:00:00+01:00,97.5199966430664,97.81999969482422,95.08000183105469,96.04000091552734
2026-03-24 17:00:00+01:00,96.0199966430664,96.22000122070312,95.80000305175781,96.18000030517578
2026-03-25 09:00:00+01:00,97.4800033569336,98.41999816894531,96.94000244140625,98.05999755859375
2026-03-25 13:00:00+01:00,98.04000091552734,98.23999786376953,95.63999938964844,96.5199966430664
2026-03-25 17:00:00+01:00,96.5,97.44000244140625,96.5,97.44000244140625
2026-03-26 09:00:00+01:00,96.72000122070312,96.94000244140625,94.87999725341797,94.95999908447266
2026-03-26 13:00:00+01:00,94.95999908447266,98.05999755859375,94.9000015258789,96.94000244140625
2026-03-26 17:00:00+01:00,96.91999816894531,96.91999816894531,96.19999694824219,96.19999694824219
2026-03-27 09:00:00+01:00,96.80000305175781,97.9000015258789,96.27999877929688,96.62000274658203
2026-03-27 13:00:00+01:00,96.62000274658203,97.4000015258789,95.37999725341797,96.26000213623047
2026-03-27 17:00:00+01:00,96.31999969482422,96.66000366210938,95.9800033569336,96.5199966430664
2026-03-30 09:00:00+02:00,96.0199966430664,96.73999786376953,95.08000183105469,95.4000015258789
2026-03-30 13:00:00+02:00,95.44000244140625,97.33999633789062,95.44000244140625,97.16000366210938
2026-03-30 17:00:00+02:00,97.16000366210938,97.80000305175781,97.0199966430664,97.66000366210938
2026-03-31 09:00:00+02:00,98.5999984741211,101.75,98.5999984741211,100.80000305175781
2026-03-31 13:00:00+02:00,100.75,101.44999694824219,100.1500015258789,100.6500015258789
2026-03-31 17:00:00+02:00,100.6500015258789,101.19999694824219,100.6500015258789,100.80000305175781
2026-04-01 09:00:00+02:00,103.0999984741211,103.19999694824219,99.33999633789062,101.0
2026-04-01 13:00:00+02:00,101.0,102.25,100.3499984741211,101.25
2026-04-01 17:00:00+02:00,101.30000305175781,101.8499984741211,101.25,101.69999694824219
2026-04-02 09:00:00+02:00,101.5,102.19999694824219,100.1500015258789,101.1500015258789
2026-04-02 13:00:00+02:00,101.25,103.05000305175781,100.0999984741211,102.9000015258789
2026-04-02 17:00:00+02:00,102.8499984741211,103.19999694824219,102.55000305175781,102.8499984741211
2026-04-07 09:00:00+02:00,103.69999694824219,105.75,102.94999694824219,105.5999984741211
2026-04-07 13:00:00+02:00,105.6500015258789,105.69999694824219,102.19999694824219,102.19999694824219
2026-04-07 17:00:00+02:00,102.19999694824219,102.25,101.5999984741211,102.05000305175781
2026-04-08 09:00:00+02:00,106.25,107.44999694824219,105.5999984741211,106.0999984741211
2026-04-08 13:00:00+02:00,106.05000305175781,106.4000015258789,103.5999984741211,104.05000305175781
2026-04-08 17:00:00+02:00,104.0,104.0,103.25,103.25
2026-04-09 09:00:00+02:00,102.44999694824219,102.5,100.25,100.80000305175781
2026-04-09 13:00:00+02:00,100.75,101.5999984741211,96.80000305175781,96.9000015258789
2026-04-09 17:00:00+02:00,96.91999816894531,97.94000244140625,96.45999908447266,97.7300033569336
2026-04-10 09:00:00+02:00,99.08000183105469,100.80000305175781,98.87999725341797,100.30000305175781
2026-04-10 13:00:00+02:00,100.19999694824219,101.75,99.66000366210938,101.1500015258789
2026-04-10 17:00:00+02:00,101.19999694824219,101.4000015258789,100.5999984741211,100.80000305175781
2026-04-13 09:00:00+02:00,99.0,100.0,98.19999694824219,99.9800033569336
2026-04-13 13:00:00+02:00,100.0,101.6500015258789,99.5,101.0999984741211
2026-04-13 17:00:00+02:00,101.05000305175781,101.9000015258789,101.05000305175781,101.80000305175781
2026-04-14 09:00:00+02:00,103.0999984741211,104.9000015258789,102.0999984741211,104.44999694824219
2026-04-14 13:00:00+02:00,104.5,105.0999984741211,103.75,104.75
2026-04-14 17:00:00+02:00,104.75,104.8499984741211,104.19999694824219,104.6500015258789
2026-04-15 09:00:00+02:00,105.19999694824219,106.30000305175781,104.9000015258789,105.5999984741211
2026-04-15 13:00:00+02:00,105.6500015258789,106.3499984741211,104.375,105.9000015258789
2026-04-15 17:00:00+02:00,106.0,106.19999694824219,105.30000305175781,105.9000015258789
2026-04-16 09:00:00+02:00,106.69999694824219,108.8499984741211,106.25,108.1500015258789
2026-04-16 13:00:00+02:00,108.19999694824219,109.94999694824219,107.8499984741211,108.6500015258789
2026-04-16 17:00:00+02:00,108.5999984741211,108.80000305175781,108.4000015258789,108.69999694824219
2026-04-17 09:00:00+02:00,109.55000305175781,112.05000305175781,108.75,111.5999984741211
2026-04-17 13:00:00+02:00,111.69999694824219,112.4000015258789,111.05000305175781,111.6500015258789
2026-04-17 17:00:00+02:00,111.5999984741211,111.6500015258789,109.94999694824219,110.0999984741211
2026-04-20 09:00:00+02:00,110.5999984741211,110.5999984741211,108.55000305175781,109.1500015258789
2026-04-20 13:00:00+02:00,109.19999694824219,110.5999984741211,108.69999694824219,109.1500015258789
2026-04-20 17:00:00+02:00,109.25,109.25,108.69999694824219,108.9000015258789
2026-04-21 09:00:00+02:00,108.05000305175781,111.0,107.55000305175781,110.80000305175781
2026-04-21 13:00:00+02:00,110.8499984741211,111.0,108.8499984741211,109.5999984741211
2026-04-21 17:00:00+02:00,109.69999694824219,110.05000305175781,109.3499984741211,109.69999694824219
2026-04-22 09:00:00+02:00,109.19999694824219,109.3499984741211,106.1500015258789,107.69999694824219
2026-04-22 13:00:00+02:00,107.69999694824219,108.0,106.4000015258789,107.0
2026-04-22 17:00:00+02:00,106.94999694824219,107.30000305175781,106.69999694824219,107.0
2026-04-23 09:00:00+02:00,105.4000015258789,105.55000305175781,102.5999984741211,103.80000305175781
2026-04-23 13:00:00+02:00,103.75,103.94999694824219,100.05000305175781,100.25
2026-04-23 17:00:00+02:00,100.19999694824219,100.25,99.41999816894531,100.19999694824219
2026-04-24 09:00:00+02:00,99.77999877929688,101.25,97.62000274658203,98.5199966430664
2026-04-24 13:00:00+02:00,98.5,99.86000061035156,98.16000366210938,98.62000274658203
2026-04-24 17:00:00+02:00,98.5999984741211,99.0,98.12000274658203,98.81999969482422
2026-04-27 09:00:00+02:00,99.54000091552734,100.80000305175781,99.4000015258789,100.19999694824219
2026-04-27 13:00:00+02:00,100.1500015258789,102.3499984741211,99.62000274658203,101.75
2026-04-27 17:00:00+02:00,101.69999694824219,101.9000015258789,101.25,101.8499984741211
2026-04-28 09:00:00+02:00,101.0999984741211,101.55000305175781,99.18000030517578,100.25
2026-04-28 13:00:00+02:00,100.19999694824219,100.25,99.04000091552734,99.4800033569336
2026-04-28 17:00:00+02:00,99.5,99.87999725341797,99.16000366210938,99.4000015258789
2026-04-29 09:00:00+02:00,99.86000061035156,102.75,99.83999633789062,102.05000305175781
2026-04-29 13:00:00+02:00,102.05000305175781,103.25,101.44999694824219,102.05000305175781
2026-04-29 17:00:00+02:00,102.05000305175781,102.30000305175781,101.69999694824219,102.05000305175781
2026-04-30 09:00:00+02:00,105.05000305175781,107.05000305175781,103.44999694824219,105.0
2026-04-30 13:00:00+02:00,105.0,106.05000305175781,100.6500015258789,103.0999984741211
2026-04-30 17:00:00+02:00,103.19999694824219,104.1500015258789,103.19999694824219,103.44999694824219
2026-05-04 09:00:00+02:00,103.9000015258789,103.9000015258789,102.05000305175781,103.1500015258789
2026-05-04 13:00:00+02:00,103.1500015258789,106.0,102.9000015258789,105.4000015258789
2026-05-04 17:00:00+02:00,105.30000305175781,105.9000015258789,105.0,105.30000305175781
2026-05-05 09:00:00+02:00,106.0,107.5999984741211,104.55000305175781,105.19999694824219
2026-05-05 13:00:00+02:00,105.25,106.5,103.75,104.44999694824219
2026-05-05 17:00:00+02:00,104.44999694824219,105.05000305175781,104.44999694824219,105.0
2026-05-06 09:00:00+02:00,105.69999694824219,108.8499984741211,102.8499984741211,108.55000305175781
2026-05-06 13:00:00+02:00,108.5,109.1500015258789,104.69999694824219,105.05000305175781
2026-05-06 17:00:00+02:00,105.05000305175781,105.05000305175781,104.44999694824219,104.55000305175781
2026-05-07 09:00:00+02:00,105.0,105.0999984741211,101.9000015258789,102.0
2026-05-07 13:00:00+02:00,102.0,105.94999694824219,101.9000015258789,105.94999694824219
2026-05-07 17:00:00+02:00,105.9000015258789,106.0999984741211,105.0,105.05000305175781
2026-05-08 09:00:00+02:00,104.5999984741211,105.0,103.4000015258789,104.75
2026-05-08 13:00:00+02:00,104.75,104.8499984741211,102.19999694824219,102.80000305175781
2026-05-08 17:00:00+02:00,102.8499984741211,103.19999694824219,102.6500015258789,103.0999984741211
2026-05-11 09:00:00+02:00,103.5,103.80000305175781,102.30000305175781,102.5999984741211
2026-05-11 13:00:00+02:00,102.5999984741211,102.9000015258789,101.25,101.5
2026-05-11 17:00:00+02:00,101.5,101.9000015258789,101.3499984741211,101.69999694824219
2026-05-12 09:00:00+02:00,100.0,100.0,98.76000213623047,99.83999633789062
2026-05-12 13:00:00+02:00,99.83999633789062,100.3499984741211,98.81999969482422,99.13999938964844
2026-05-12 17:00:00+02:00,99.12000274658203,99.9000015258789,99.04000091552734,99.41999816894531
2026-05-13 09:00:00+02:00,98.80000305175781,98.9000015258789,97.73999786376953,98.23999786376953
2026-05-13 13:00:00+02:00,98.23999786376953,98.68000030517578,96.4800033569336,96.73999786376953
2026-05-13 17:00:00+02:00,96.81999969482422,96.9000015258789,96.5,96.58000183105469
2026-05-14 09:00:00+02:00,97.30000305175781,97.83999633789062,96.5999984741211,97.19999694824219
2026-05-14 13:00:00+02:00,97.23999786376953,97.73999786376953,96.23999786376953,97.23999786376953
2026-05-14 17:00:00+02:00,97.26000213623047,97.4000015258789,96.72000122070312,96.81999969482422
2026-05-15 09:00:00+02:00,96.31999969482422,97.55999755859375,95.76000213623047,96.91999816894531
2026-05-15 13:00:00+02:00,96.9000015258789,99.87999725341797,96.83999633789062,99.83999633789062
2026-05-15 17:00:00+02:00,99.80000305175781,100.5,99.31999969482422,99.69999694824219
2026-05-18 09:00:00+02:00,98.95999908447266,100.05000305175781,98.41999816894531,98.4800033569336
2026-05-18 13:00:00+02:00,98.55999755859375,101.30000305175781,98.37999725341797,100.80000305175781
2026-05-18 17:00:00+02:00,100.8499984741211,101.25,100.44999694824219,100.9000015258789
2026-05-19 09:00:00+02:00,100.8499984741211,106.5,100.80000305175781,106.0999984741211
2026-05-19 13:00:00+02:00,106.1500015258789,107.3499984741211,104.69999694824219,105.8499984741211
2026-05-19 17:00:00+02:00,105.9000015258789,106.1500015258789,104.69999694824219,104.80000305175781
2026-05-20 09:00:00+02:00,102.80000305175781,103.80000305175781,102.4000015258789,103.19999694824219
2026-05-20 13:00:00+02:00,103.1500015258789,103.25,101.19999694824219,102.3499984741211
2026-05-20 17:00:00+02:00,102.3499984741211,103.80000305175781,102.0999984741211,102.0999984741211
2026-05-21 09:00:00+02:00,102.30000305175781,103.55000305175781,101.44999694824219,102.4000015258789
2026-05-21 13:00:00+02:00,102.3499984741211,102.80000305175781,101.4000015258789,102.69999694824219
2026-05-21 17:00:00+02:00,102.75,102.8499984741211,102.0999984741211,102.25
2026-05-22 09:00:00+02:00,103.5,104.0999984741211,102.4000015258789,102.8499984741211
2026-05-22 13:00:00+02:00,102.80000305175781,104.9000015258789,102.69999694824219,103.0999984741211
2026-05-22 17:00:00+02:00,103.1500015258789,103.5,102.80000305175781,103.30000305175781
2026-05-25 09:00:00+02:00,104.19999694824219,105.19999694824219,104.0,104.8499984741211
2026-05-25 13:00:00+02:00,104.8499984741211,105.05000305175781,104.69999694824219,104.80000305175781
2026-05-25 17:00:00+02:00,104.75,104.9000015258789,104.5,104.5999984741211
2026-05-26 09:00:00+02:00,104.19999694824219,104.5,102.94999694824219,103.8499984741211
2026-05-26 13:00:00+02:00,103.9000015258789,104.55000305175781,102.94999694824219,104.0
2026-05-26 17:00:00+02:00,104.0,104.4000015258789,103.55000305175781,104.3499984741211
2026-05-27 09:00:00+02:00,104.1500015258789,104.19999694824219,99.16000366210938,100.0999984741211
2026-05-27 13:00:00+02:00,100.1500015258789,102.44999694824219,99.80000305175781,101.25
2026-05-27 17:00:00+02:00,101.25,101.5,100.5999984741211,100.80000305175781
2026-05-28 09:00:00+02:00,100.0999984741211,101.80000305175781,98.41999816894531,98.45999908447266
2026-05-28 13:00:00+02:00,98.41999816894531,102.1500015258789,98.23999786376953,100.94999694824219
2026-05-28 17:00:00+02:00,100.94999694824219,101.0,100.5999984741211,100.8499984741211
2026-05-29 09:00:00+02:00,101.05000305175781,102.30000305175781,100.44999694824219,100.55000305175781
2026-05-29 13:00:00+02:00,100.5999984741211,102.6500015258789,99.5999984741211,101.8499984741211
2026-05-29 17:00:00+02:00,101.8499984741211,102.5999984741211,101.55000305175781,101.5999984741211
2026-06-01 09:00:00+02:00,102.80000305175781,106.0999984741211,102.80000305175781,105.69999694824219
2026-06-01 13:00:00+02:00,105.75,108.4000015258789,105.30000305175781,108.25
2026-06-01 17:00:00+02:00,108.25,108.75,107.9000015258789,108.1500015258789
2026-06-02 09:00:00+02:00,105.80000305175781,108.05000305175781,105.30000305175781,105.5
2026-06-02 13:00:00+02:00,105.44999694824219,105.44999694824219,100.75,100.75
2026-06-02 17:00:00+02:00,100.80000305175781,101.05000305175781,100.05000305175781,100.4000015258789
2026-06-03 09:00:00+02:00,101.05000305175781,101.75,98.5199966430664,100.1500015258789
2026-06-03 13:00:00+02:00,100.19999694824219,101.3499984741211,97.94000244140625,98.08000183105469
2026-06-03 17:00:00+02:00,98.05999755859375,98.16000366210938,97.63999938964844,97.9000015258789
2026-06-04 09:00:00+02:00,98.58000183105469,104.80000305175781,98.45999908447266,103.94999694824219
2026-06-04 13:00:00+02:00,103.9000015258789,105.0999984741211,103.0999984741211,103.44999694824219
2026-06-04 17:00:00+02:00,103.4000015258789,104.05000305175781,103.30000305175781,103.9000015258789
2026-06-05 09:00:00+02:00,103.5999984741211,105.9000015258789,102.9000015258789,104.19999694824219
2026-06-05 13:00:00+02:00,104.30000305175781,104.9000015258789,102.3499984741211,102.4000015258789
2026-06-05 17:00:00+02:00,102.44999694824219,102.80000305175781,102.0999984741211,102.1500015258789
2026-06-08 09:00:00+02:00,101.30000305175781,102.94999694824219,100.44999694824219,102.44999694824219
2026-06-08 13:00:00+02:00,102.44999694824219,102.80000305175781,101.0999984741211,102.0999984741211
2026-06-08 17:00:00+02:00,102.0999984741211,102.55000305175781,102.05000305175781,102.44999694824219
2026-06-09 09:00:00+02:00,101.8499984741211,103.0,100.69999694824219,102.44999694824219
2026-06-09 13:00:00+02:00,102.4000015258789,103.30000305175781,101.5999984741211,102.44999694824219
2026-06-09 17:00:00+02:00,102.5,102.5999984741211,100.55000305175781,100.55000305175781
2026-06-10 09:00:00+02:00,100.80000305175781,101.44999694824219,98.83999633789062,99.05999755859375
2026-06-10 13:00:00+02:00,99.08000183105469,100.1500015258789,98.16000366210938,99.9000015258789
2026-06-10 17:00:00+02:00,99.94000244140625,100.30000305175781,99.5999984741211,99.66000366210938
2026-06-11 09:00:00+02:00,97.72000122070312,97.72000122070312,95.16000366210938,96.44000244140625
2026-06-11 13:00:00+02:00,96.45999908447266,97.13999938964844,94.05999755859375,94.23999786376953
2026-06-11 17:00:00+02:00,94.22000122070312,94.77999877929688,93.73999786376953,94.44000244140625
2026-06-12 09:00:00+02:00,95.72000122070312,97.22000122070312,95.5,96.31999969482422
2026-06-12 13:00:00+02:00,96.36000061035156,96.83999633789062,94.95999908447266,96.33999633789062
2026-06-12 17:00:00+02:00,96.26000213623047,96.76000213623047,96.18000030517578,96.4800033569336
2026-06-15 09:00:00+02:00,97.9800033569336,100.0,97.31999969482422,97.83999633789062
2026-06-15 13:00:00+02:00,97.81999969482422,97.83999633789062,96.23999786376953,96.80000305175781
2026-06-15 17:00:00+02:00,96.81999969482422,97.04000091552734,96.68000030517578,96.91999816894531
2026-06-16 09:00:00+02:00,96.4000015258789,98.66000366210938,96.05999755859375,97.9000015258789
2026-06-16 13:00:00+02:00,97.87999725341797,98.66000366210938,96.5999984741211,97.22000122070312
2026-06-16 17:00:00+02:00,97.19999694824219,97.83999633789062,97.0999984741211,97.62000274658203
2026-06-17 09:00:00+02:00,97.91999816894531,98.94000244140625,97.22000122070312,98.0199966430664
2026-06-17 13:00:00+02:00,98.05999755859375,98.72000122070312,96.80000305175781,97.27999877929688
2026-06-17 17:00:00+02:00,97.30000305175781,97.83999633789062,97.30000305175781,97.5
2026-06-18 09:00:00+02:00,97.0,97.4800033569336,89.30000305175781,91.05999755859375
2026-06-18 13:00:00+02:00,91.13999938964844,92.44000244140625,86.19999694824219,90.4800033569336
2026-06-18 17:00:00+02:00,90.45999908447266,90.45999908447266,88.66000366210938,88.91999816894531
2026-06-19 09:00:00+02:00,89.0999984741211,90.0999984741211,88.05999755859375,89.4800033569336
2026-06-19 13:00:00+02:00,89.5,89.69999694824219,88.31999969482422,89.08000183105469
2026-06-19 17:00:00+02:00,89.23999786376953,89.9000015258789,89.23999786376953,89.5199966430664
2026-06-22 09:00:00+02:00,89.63999938964844,90.13999938964844,87.5999984741211,88.36000061035156
2026-06-22 13:00:00+02:00,88.33999633789062,88.86000061035156,87.69999694824219,88.27999877929688
2026-06-22 17:00:00+02:00,88.27999877929688,88.54000091552734,87.41999816894531,87.72000122070312
2026-06-23 09:00:00+02:00,87.30000305175781,90.83999633789062,87.0999984741211,90.30000305175781
2026-06-23 13:00:00+02:00,90.31999969482422,91.31999969482422,89.30000305175781,89.77999877929688
2026-06-23 17:00:00+02:00,89.72000122070312,89.94000244140625,89.23999786376953,89.4000015258789
2026-06-24 09:00:00+02:00,88.91999816894531,89.4800033569336,87.66000366210938,88.5999984741211
2026-06-24 13:00:00+02:00,88.62000274658203,90.0199966430664,88.41999816894531,89.86000061035156
2026-06-24 17:00:00+02:00,89.86000061035156,90.0999984741211,89.80000305175781,89.91999816894531
2026-06-25 09:00:00+02:00,88.69999694824219,89.4000015258789,87.26000213623047,89.31999969482422
2026-06-25 13:00:00+02:00,89.31999969482422,89.80000305175781,88.26000213623047,88.73999786376953
2026-06-25 17:00:00+02:00,88.77999877929688,88.91999816894531,88.27999877929688,88.58000183105469
2026-06-26 09:00:00+02:00,88.36000061035156,88.94000244140625,87.0,87.23999786376953
2026-06-26 13:00:00+02:00,87.19999694824219,89.95999908447266,86.54000091552734,88.95999908447266
2026-06-26 17:00:00+02:00,89.0199966430664,89.44000244140625,88.95999908447266,89.37999725341797
2026-06-29 09:00:00+02:00,90.0199966430664,90.69999694824219,89.77999877929688,90.54000091552734
2026-06-29 13:00:00+02:00,90.54000091552734,90.94000244140625,89.91999816894531,90.44000244140625
2026-06-29 17:00:00+02:00,90.4000015258789,90.41999816894531,89.91999816894531,90.0
2026-06-30 09:00:00+02:00,90.22000122070312,90.36000061035156,87.95999908447266,88.18000030517578
2026-06-30 13:00:00+02:00,88.16000366210938,88.4800033569336,87.23999786376953,87.62000274658203
2026-06-30 17:00:00+02:00,87.62000274658203,87.76000213623047,86.72000122070312,87.08000183105469
2026-07-01 09:00:00+02:00,87.94000244140625,88.76000213623047,86.5199966430664,87.23999786376953
2026-07-01 13:00:00+02:00,87.26000213623047,90.45999908447266,87.12000274658203,90.41999816894531
2026-07-01 17:00:00+02:00,90.4000015258789,90.58000183105469,90.0999984741211,90.54000091552734
2026-07-02 09:00:00+02:00,90.55999755859375,90.80000305175781,89.5199966430664,90.19999694824219
2026-07-02 13:00:00+02:00,90.22000122070312,91.9000015258789,89.9000015258789,91.77999877929688
2026-07-02 17:00:00+02:00,91.80000305175781,92.08000183105469,91.44000244140625,91.5
2026-07-03 09:00:00+02:00,91.33999633789062,91.91999816894531,90.91999816894531,91.4800033569336
2026-07-03 13:00:00+02:00,91.5199966430664,92.04000091552734,91.36000061035156,91.95999908447266
2026-07-03 17:00:00+02:00,91.9800033569336,92.16000366210938,91.68000030517578,91.68000030517578
2026-07-06 09:00:00+02:00,91.9000015258789,93.81999969482422,91.9000015258789,92.81999969482422
2026-07-06 13:00:00+02:00,92.81999969482422,93.04000091552734,91.44000244140625,92.55999755859375
2026-07-06 17:00:00+02:00,92.55999755859375,93.04000091552734,92.55999755859375,93.0199966430664
2026-07-07 09:00:00+02:00,94.16000366210938,95.30000305175781,93.22000122070312,94.26000213623047
2026-07-07 13:00:00+02:00,94.22000122070312,94.5999984741211,93.22000122070312,93.68000030517578
2026-07-07 17:00:00+02:00,93.66000366210938,93.9000015258789,93.54000091552734,93.86000061035156
2026-07-08 09:00:00+02:00,93.4000015258789,94.0,90.45999908447266,90.87999725341797
2026-07-08 13:00:00+02:00,90.86000061035156,91.66000366210938,90.27999877929688,90.73999786376953
2026-07-08 17:00:00+02:00,90.80000305175781,91.0199966430664,90.54000091552734,90.83999633789062
2026-07-09 09:00:00+02:00,90.0,90.18000030517578,87.30000305175781,87.77999877929688
2026-07-09 13:00:00+02:00,87.69999694824219,89.73999786376953,87.05999755859375,89.72000122070312
2026-07-09 17:00:00+02:00,89.68000030517578,89.86000061035156,89.45999908447266,89.68000030517578
2026-07-10 09:00:00+02:00,89.4000015258789,89.9000015258789,88.80000305175781,89.45999908447266
2026-07-10 13:00:00+02:00,89.44000244140625,90.19999694824219,88.62000274658203,89.45999908447266
2026-07-10 17:00:00+02:00,89.44000244140625,89.5,89.04000091552734,89.18000030517578
2026-07-13 09:00:00+02:00,89.0,90.45999908447266,88.94000244140625,90.27999877929688
2026-07-13 13:00:00+02:00,90.30000305175781,92.04000091552734,89.9800033569336,91.9000015258789
2026-07-13 17:00:00+02:00,91.87999725341797,91.9800033569336,91.5199966430664,91.55999755859375
2026-07-14 09:00:00+02:00,91.18000030517578,91.83999633789062,90.72000122070312,91.19999694824219
2026-07-14 13:00:00+02:00,91.19999694824219,91.19999694824219,86.5999984741211,90.23999786376953
2026-07-14 17:00:00+02:00,90.26000213623047,90.30000305175781,89.5199966430664,89.91999816894531
2026-07-15 09:00:00+02:00,89.87999725341797,91.58000183105469,88.9000015258789,90.9800033569336
2026-07-15 13:00:00+02:00,90.94000244140625,94.19999694824219,90.69999694824219,93.0
2026-07-15 17:00:00+02:00,93.0,93.23999786376953,92.83999633789062,92.9000015258789
2026-07-16 09:00:00+02:00,93.68000030517578,93.94000244140625,92.05999755859375,92.33999633789062
2026-07-16 13:00:00+02:00,92.4000015258789,92.55999755859375,90.23999786376953,91.0999984741211
2026-07-16 17:00:00+02:00,91.08000183105469,91.36000061035156,90.81999969482422,91.22000122070312
2026-07-17 09:00:00+02:00,91.91999816894531,93.87999725341797,91.08000183105469,92.12000274658203
2026-07-17 13:00:00+02:00,92.12000274658203,92.80000305175781,90.27999877929688,90.81999969482422
2026-07-17 17:00:00+02:00,90.81999969482422,91.05999755859375,90.5999984741211,90.87999725341797
2026-07-20 09:00:00+02:00,92.0,93.08000183105469,91.73999786376953,92.08000183105469
2026-07-20 13:00:00+02:00,92.05999755859375,92.26000213623047,89.87999725341797,90.0999984741211
2026-07-20 17:00:00+02:00,90.13999938964844,91.87999725341797,90.0999984741211,91.72000122070312
2026-07-21 09:00:00+02:00,91.44000244140625,91.5199966430664,89.31999969482422,89.77999877929688
2026-07-21 13:00:00+02:00,89.77999877929688,90.16000366210938,88.81999969482422,89.4800033569336
2026-07-21 17:00:00+02:00,89.45999908447266,89.9800033569336,89.36000061035156,89.80000305175781
2026-07-22 09:00:00+02:00,89.9800033569336,90.05999755859375,88.12000274658203,89.5999984741211
2026-07-22 13:00:00+02:00,89.5999984741211,90.81999969482422,88.26000213623047,88.5999984741211
2026-07-22 17:00:00+02:00,88.5999984741211,88.9000015258789,88.5199966430664,88.66000366210938
