Datetime,Open,High,Low,Close
2024-07-23 00:00:00+00:00,0.13869965076446533,0.13869965076446533,0.13711440563201904,0.13786382973194122
2024-07-23 04:00:00+00:00,0.13786159455776215,0.13814876973628998,0.1333068162202835,0.13425961136817932
2024-07-23 08:00:00+00:00,0.1342957764863968,0.1364302635192871,0.13379326462745667,0.13488028943538666
2024-07-23 12:00:00+00:00,0.13483189046382904,0.13483189046382904,0.13052088022232056,0.13191938400268555
2024-07-23 16:00:00+00:00,0.13193868100643158,0.13225674629211426,0.12848882377147675,0.1306024044752121
2024-07-23 20:00:00+00:00,0.13058355450630188,0.13163532316684723,0.12980781495571136,0.13038557767868042
2024-07-24 00:00:00+00:00,0.13037991523742676,0.13150309026241302,0.1293480545282364,0.13127446174621582
2024-07-24 04:00:00+00:00,0.13126501441001892,0.1322992444038391,0.13002412021160126,0.1322992444038391
2024-07-24 08:00:00+00:00,0.13230182230472565,0.1339385211467743,0.13202165067195892,0.1333690583705902
2024-07-24 12:00:00+00:00,0.13336101174354553,0.13461369276046753,0.1316973716020584,0.13179849088191986
2024-07-24 16:00:00+00:00,0.13177642226219177,0.1327028125524521,0.12971031665802002,0.12976579368114471
2024-07-24 20:00:00+00:00,0.12976394593715668,0.13072669506072998,0.12725944817066193,0.1280888468027115
2024-07-25 00:00:00+00:00,0.1280759871006012,0.12864086031913757,0.122371606528759,0.12291782349348068
2024-07-25 04:00:00+00:00,0.12290077656507492,0.12436878681182861,0.12254425138235092,0.1237737312912941
2024-07-25 08:00:00+00:00,0.12375222891569138,0.12509389221668243,0.12334271520376205,0.1244388148188591
2024-07-25 12:00:00+00:00,0.12440578639507294,0.12539148330688477,0.12252313643693924,0.1239611878991127
2024-07-25 16:00:00+00:00,0.12399551272392273,0.1249927207827568,0.12123239040374756,0.12209530174732208
2024-07-25 20:00:00+00:00,0.12208566814661026,0.12539194524288177,0.12033480405807495,0.12522083520889282
2024-07-26 00:00:00+00:00,0.1252346932888031,0.12940435111522675,0.12520286440849304,0.1287614107131958
2024-07-26 04:00:00+00:00,0.12875910103321075,0.12977932393550873,0.12853442132472992,0.12910792231559753
2024-07-26 08:00:00+00:00,0.1291007101535797,0.13025642931461334,0.12902382016181946,0.12986254692077637
2024-07-26 12:00:00+00:00,0.12983807921409607,0.13083185255527496,0.12906843423843384,0.13008059561252594
2024-07-26 16:00:00+00:00,0.13010026514530182,0.13463568687438965,0.13010026514530182,0.1335272341966629
2024-07-26 20:00:00+00:00,0.13357087969779968,0.1348763406276703,0.13254211843013763,0.1343175768852234
2024-07-27 00:00:00+00:00,0.13432088494300842,0.13465242087841034,0.13306772708892822,0.1344381421804428
2024-07-27 04:00:00+00:00,0.1344001293182373,0.13492900133132935,0.13367901742458344,0.13437291979789734
2024-07-27 08:00:00+00:00,0.13436512649059296,0.13588757812976837,0.134036585688591,0.13514654338359833
2024-07-27 12:00:00+00:00,0.13511306047439575,0.13863292336463928,0.1339799016714096,0.13452385365962982
2024-07-27 16:00:00+00:00,0.13452693819999695,0.13713784515857697,0.13148801028728485,0.13597604632377625
2024-07-27 20:00:00+00:00,0.13604725897312164,0.13604725897312164,0.13141898810863495,0.13159675896167755
2024-07-28 00:00:00+00:00,0.13133658468723297,0.13170120120048523,0.12969966232776642,0.1297827810049057
2024-07-28 04:00:00+00:00,0.12973552942276,0.13049611449241638,0.12833993136882782,0.13049611449241638
2024-07-28 08:00:00+00:00,0.13049863278865814,0.13177356123924255,0.130026176571846,0.13092705607414246
2024-07-28 12:00:00+00:00,0.1309211552143097,0.13132698833942413,0.12927740812301636,0.12956544756889343
2024-07-28 16:00:00+00:00,0.12954676151275635,0.13076546788215637,0.12947295606136322,0.12995591759681702
2024-07-28 20:00:00+00:00,0.12996266782283783,0.13007831573486328,0.12881337106227875,0.13007618486881256
2024-07-29 00:00:00+00:00,0.13007204234600067,0.13462792336940765,0.12982197105884552,0.13369663059711456
2024-07-29 04:00:00+00:00,0.13370166718959808,0.13478340208530426,0.13308130204677582,0.1342301070690155
2024-07-29 08:00:00+00:00,0.134283185005188,0.1349480003118515,0.13355468213558197,0.13355468213558197
2024-07-29 12:00:00+00:00,0.13351716101169586,0.13402558863162994,0.12902407348155975,0.12990398705005646
2024-07-29 16:00:00+00:00,0.12990355491638184,0.12994158267974854,0.12836508452892303,0.12931597232818604
2024-07-29 20:00:00+00:00,0.12931421399116516,0.12970855832099915,0.1279607117176056,0.1286623328924179
2024-07-30 00:00:00+00:00,0.12861134111881256,0.13030560314655304,0.12759055197238922,0.12936832010746002
2024-07-30 04:00:00+00:00,0.12936285138130188,0.13018552958965302,0.12877938151359558,0.1299934834241867
2024-07-30 08:00:00+00:00,0.1300068497657776,0.13012315332889557,0.129094660282135,0.12914615869522095
2024-07-30 12:00:00+00:00,0.12913931906223297,0.12945020198822021,0.1265842318534851,0.12740543484687805
2024-07-30 16:00:00+00:00,0.12739193439483643,0.1280086636543274,0.12465009838342667,0.12518492341041565
2024-07-30 20:00:00+00:00,0.12516050040721893,0.12612533569335938,0.12369829416275024,0.12559251487255096
2024-07-31 00:00:00+00:00,0.12559053301811218,0.12616217136383057,0.12479984760284424,0.1253374069929123
2024-07-31 04:00:00+00:00,0.1253562569618225,0.12696422636508942,0.12384752929210663,0.12618178129196167
2024-07-31 08:00:00+00:00,0.1261681467294693,0.12627913057804108,0.1249922588467598,0.125392884016037
2024-07-31 12:00:00+00:00,0.1254003345966339,0.1271972358226776,0.1254003345966339,0.1263892501592636
2024-07-31 16:00:00+00:00,0.12636125087738037,0.1269494742155075,0.12255947291851044,0.12281354516744614
2024-07-31 20:00:00+00:00,0.12282048910856247,0.12295644730329514,0.12154267728328705,0.12202110886573792
2024-08-01 00:00:00+00:00,0.1219990998506546,0.12292347848415375,0.1208093911409378,0.12102735042572021
2024-08-01 04:00:00+00:00,0.1210082620382309,0.12124170362949371,0.11848403513431549,0.12030794471502304
2024-08-01 08:00:00+00:00,0.1203063428401947,0.12135139107704163,0.12006676197052002,0.12043491750955582
2024-08-01 12:00:00+00:00,0.12042851746082306,0.12128038704395294,0.11592008173465729,0.11634860932826996
2024-08-01 16:00:00+00:00,0.11629069596529007,0.11629069596529007,0.11292044073343277,0.11487163603305817
2024-08-01 20:00:00+00:00,0.114878349006176,0.11983922123908997,0.11439304798841476,0.11923528462648392
2024-08-02 00:00:00+00:00,0.11921321600675583,0.11950697004795074,0.1159604862332344,0.11775095015764236
2024-08-02 04:00:00+00:00,0.11773859709501266,0.1177864596247673,0.1147298663854599,0.11639662832021713
2024-08-02 08:00:00+00:00,0.11637946218252182,0.11781300604343414,0.1157277375459671,0.11733942478895187
2024-08-02 12:00:00+00:00,0.11733485758304596,0.11927571147680283,0.11080443114042282,0.11361365765333176
2024-08-02 16:00:00+00:00,0.11350829899311066,0.11387697607278824,0.11167346686124802,0.11267473548650742
2024-08-02 20:00:00+00:00,0.11262695491313934,0.11330149322748184,0.11058910936117172,0.11150672286748886
2024-08-03 00:00:00+00:00,0.11148176342248917,0.11261428892612457,0.10866618156433105,0.11260630935430527
2024-08-03 04:00:00+00:00,0.11260510236024857,0.11448677629232407,0.11225701123476028,0.11389128118753433
2024-08-03 08:00:00+00:00,0.11389167606830597,0.11389167606830597,0.11243646591901779,0.11285039782524109
2024-08-03 12:00:00+00:00,0.11285991966724396,0.11406603455543518,0.11075706034898758,0.11075706034898758
2024-08-03 16:00:00+00:00,0.11076012998819351,0.11115644872188568,0.1060490608215332,0.10626110434532166
2024-08-03 20:00:00+00:00,0.1061934381723404,0.10841472446918488,0.10545558482408524,0.1081693023443222
2024-08-04 00:00:00+00:00,0.10816267877817154,0.10920005291700363,0.10739078372716904,0.10874930024147034
2024-08-04 04:00:00+00:00,0.1087493970990181,0.10890579223632812,0.10672074556350708,0.10677506029605865
2024-08-04 08:00:00+00:00,0.10674881935119629,0.10781843960285187,0.10589981079101562,0.1075444445014
2024-08-04 12:00:00+00:00,0.10755704343318939,0.10800335556268692,0.10322647541761398,0.10322647541761398
2024-08-04 16:00:00+00:00,0.1032404974102974,0.10522457957267761,0.09976539760828018,0.10504608601331711
2024-08-04 20:00:00+00:00,0.10500764101743698,0.10588646680116653,0.10370488464832306,0.10373245924711227
2024-08-05 00:00:00+00:00,0.10371601581573486,0.10412072390317917,0.09069503098726273,0.09206967800855637
2024-08-05 04:00:00+00:00,0.09188191592693329,0.09330534189939499,0.08273860067129135,0.08903799951076508
2024-08-05 08:00:00+00:00,0.08898892998695374,0.08898892998695374,0.08085256814956665,0.08467497676610947
2024-08-05 12:00:00+00:00,0.08464843779802322,0.09533810615539551,0.08264201879501343,0.09485731273889542
2024-08-05 16:00:00+00:00,0.09496568143367767,0.09848859906196594,0.09312649816274643,0.09365682303905487
2024-08-05 20:00:00+00:00,0.09374570101499557,0.09673634171485901,0.09374570101499557,0.09450208395719528
2024-08-06 00:00:00+00:00,0.0944230854511261,0.10137506574392319,0.09436733275651932,0.09859687834978104
2024-08-06 04:00:00+00:00,0.09857621788978577,0.1001158356666565,0.09788791090250015,0.0995524600148201
2024-08-06 08:00:00+00:00,0.09952408820390701,0.09952408820390701,0.09572488814592361,0.09612426906824112
2024-08-06 12:00:00+00:00,0.09611478447914124,0.09922521561384201,0.09440721571445465,0.09761129319667816
2024-08-06 16:00:00+00:00,0.0976155623793602,0.09889634698629379,0.09694498777389526,0.09737986326217651
2024-08-06 20:00:00+00:00,0.09738201647996902,0.09831161051988602,0.09618832170963287,0.09637077152729034
2024-08-07 00:00:00+00:00,0.09640802443027496,0.09948141872882843,0.09554558247327805,0.09845443814992905
2024-08-07 04:00:00+00:00,0.09846104681491852,0.09992331266403198,0.0982234850525856,0.0989483967423439
2024-08-07 08:00:00+00:00,0.09894351661205292,0.10179751366376877,0.09894351661205292,0.09949038922786713
2024-08-07 12:00:00+00:00,0.09944885969161987,0.10150738060474396,0.0961894765496254,0.09809507429599762
2024-08-07 16:00:00+00:00,0.09808000922203064,0.09813772141933441,0.09561773389577866,0.09617377072572708
2024-08-07 20:00:00+00:00,0.09613743424415588,0.09747195988893509,0.09460145235061646,0.09551501274108887
2024-08-08 00:00:00+00:00,0.09556107223033905,0.10081788152456284,0.09398797899484634,0.09915542602539062
2024-08-08 04:00:00+00:00,0.09913761913776398,0.10023469477891922,0.09904749691486359,0.09934030473232269
2024-08-08 08:00:00+00:00,0.09932147711515427,0.10059743374586105,0.09919122606515884,0.10007306188344955
2024-08-08 12:00:00+00:00,0.10005980730056763,0.10376600921154022,0.09940969198942184,0.10376600921154022
2024-08-08 16:00:00+00:00,0.10372962057590485,0.10491476953029633,0.10228877514600754,0.10228877514600754
2024-08-08 20:00:00+00:00,0.1023014634847641,0.1077638491988182,0.10215584933757782,0.10740887373685837
2024-08-09 00:00:00+00:00,0.1074669361114502,0.10757549107074738,0.10543851554393768,0.10603868961334229
2024-08-09 04:00:00+00:00,0.10604580491781235,0.10605122148990631,0.10411542654037476,0.10487820208072662
2024-08-09 08:00:00+00:00,0.1048901155591011,0.1057133674621582,0.10399828851222992,0.10454759746789932
2024-08-09 12:00:00+00:00,0.10453752428293228,0.10489077121019363,0.10181602835655212,0.10182049870491028
2024-08-09 16:00:00+00:00,0.10181282460689545,0.10356003791093826,0.10179206728935242,0.10339977592229843
2024-08-09 20:00:00+00:00,0.10338263213634491,0.1044812947511673,0.10321575403213501,0.10397369414567947
2024-08-10 00:00:00+00:00,0.10396530479192734,0.10533826053142548,0.10366235673427582,0.10398019105195999
2024-08-10 04:00:00+00:00,0.103975310921669,0.10466630011796951,0.10311978310346603,0.10466630011796951
2024-08-10 08:00:00+00:00,0.10467731207609177,0.10478533804416656,0.104165218770504,0.1044643372297287
2024-08-10 12:00:00+00:00,0.10446961969137192,0.10480429232120514,0.10362830013036728,0.10457608103752136
2024-08-10 16:00:00+00:00,0.10443693399429321,0.1058562695980072,0.10432013124227524,0.10551752895116806
2024-08-10 20:00:00+00:00,0.10551730543375015,0.10559514164924622,0.1049799844622612,0.10520275682210922
2024-08-11 00:00:00+00:00,0.10520247370004654,0.11077231913805008,0.10520149022340775,0.10998252779245377
2024-08-11 04:00:00+00:00,0.10998810082674026,0.11010254174470901,0.1085551381111145,0.10996156930923462
2024-08-11 08:00:00+00:00,0.10992468893527985,0.11000882089138031,0.10750467330217361,0.10772308707237244
2024-08-11 12:00:00+00:00,0.10770861804485321,0.10772549360990524,0.10445485264062881,0.10465838760137558
2024-08-11 16:00:00+00:00,0.10464854538440704,0.10578984022140503,0.10309656709432602,0.10328439623117447
2024-08-11 20:00:00+00:00,0.10330677777528763,0.10330677777528763,0.10032514482736588,0.10056629776954651
2024-08-12 00:00:00+00:00,0.10057073831558228,0.10236568003892899,0.10057073831558228,0.10165134072303772
2024-08-12 04:00:00+00:00,0.10165130347013474,0.10336374491453171,0.10080134123563766,0.10321903228759766
2024-08-12 08:00:00+00:00,0.10321182757616043,0.10706540197134018,0.10255475342273712,0.10650379210710526
2024-08-12 12:00:00+00:00,0.10648643225431442,0.1080346331000328,0.10268961638212204,0.10709216445684433
2024-08-12 16:00:00+00:00,0.1070806011557579,0.10763385146856308,0.10412740707397461,0.10515423864126205
2024-08-12 20:00:00+00:00,0.10516135394573212,0.10849650204181671,0.10449790954589844,0.1077672690153122
2024-08-13 00:00:00+00:00,0.10778704285621643,0.10882619768381119,0.1045694425702095,0.10465046018362045
2024-08-13 04:00:00+00:00,0.1046639159321785,0.10575836151838303,0.1042373776435852,0.10478762537240982
2024-08-13 08:00:00+00:00,0.10477234423160553,0.10498401522636414,0.10358242690563202,0.10413718223571777
2024-08-13 12:00:00+00:00,0.10416727513074875,0.10572642087936401,0.1041450947523117,0.10521200299263
2024-08-13 16:00:00+00:00,0.10521690547466278,0.10744406282901764,0.1048102006316185,0.10560710728168488
2024-08-13 20:00:00+00:00,0.10561254620552063,0.10678380727767944,0.10534324496984482,0.1064162403345108
2024-08-14 00:00:00+00:00,0.106410451233387,0.10654377937316895,0.10532920807600021,0.10612431168556213
2024-08-14 04:00:00+00:00,0.106127068400383,0.10627419501543045,0.10546109080314636,0.10571059584617615
2024-08-14 08:00:00+00:00,0.10571590065956116,0.10648311674594879,0.10532473027706146,0.10592729598283768
2024-08-14 12:00:00+00:00,0.10592338442802429,0.10669156163930893,0.10185037553310394,0.10342321544885635
2024-08-14 16:00:00+00:00,0.10339982062578201,0.10344931483268738,0.10238347202539444,0.10267257690429688
2024-08-14 20:00:00+00:00,0.10266605019569397,0.10315866023302078,0.10194174945354462,0.10255496203899384
2024-08-15 00:00:00+00:00,0.10254492610692978,0.1029118001461029,0.10201707482337952,0.1027761697769165
2024-08-15 04:00:00+00:00,0.10277178883552551,0.10296250134706497,0.10195985436439514,0.10268352180719376
2024-08-15 08:00:00+00:00,0.10267248004674911,0.1034478023648262,0.10212787240743637,0.10277119278907776
2024-08-15 12:00:00+00:00,0.10276904702186584,0.10479766875505447,0.10253334045410156,0.10455147176980972
2024-08-15 16:00:00+00:00,0.10455456376075745,0.10458783805370331,0.09822476655244827,0.09917506575584412
2024-08-15 20:00:00+00:00,0.09916537255048752,0.10054551810026169,0.09870297461748123,0.10026722401380539
2024-08-16 00:00:00+00:00,0.10026315599679947,0.10148387402296066,0.09956874698400497,0.10048221796751022
2024-08-16 04:00:00+00:00,0.10047934204339981,0.10202573984861374,0.10047562420368195,0.10175259411334991
2024-08-16 08:00:00+00:00,0.10174036771059036,0.10182411968708038,0.10087103396654129,0.10105233639478683
2024-08-16 12:00:00+00:00,0.10102688521146774,0.10119689255952835,0.09774760156869888,0.09824927151203156
2024-08-16 16:00:00+00:00,0.09825702011585236,0.10150761157274246,0.09823460876941681,0.10100051015615463
2024-08-16 20:00:00+00:00,0.10100589692592621,0.10134458541870117,0.10004682838916779,0.10043919086456299
2024-08-17 00:00:00+00:00,0.10042916983366013,0.10136061906814575,0.10015646368265152,0.10083796828985214
2024-08-17 04:00:00+00:00,0.10083910077810287,0.10123752802610397,0.10072366893291473,0.10122967511415482
2024-08-17 08:00:00+00:00,0.10123426467180252,0.10139742493629456,0.10090162605047226,0.10108179599046707
2024-08-17 12:00:00+00:00,0.10108664631843567,0.10250788927078247,0.10102616250514984,0.10226792842149734
2024-08-17 16:00:00+00:00,0.10226605832576752,0.10362658649682999,0.1022331714630127,0.10288839787244797
2024-08-17 20:00:00+00:00,0.10288772732019424,0.10307174175977707,0.10252159833908081,0.10275525599718094
2024-08-18 00:00:00+00:00,0.10275851935148239,0.10329995304346085,0.10197033733129501,0.1022251546382904
2024-08-18 04:00:00+00:00,0.10221922397613525,0.102603979408741,0.10201510787010193,0.10225134342908859
2024-08-18 08:00:00+00:00,0.10225161164999008,0.10350968688726425,0.10215337574481964,0.10347512364387512
2024-08-18 12:00:00+00:00,0.10348198562860489,0.10430146753787994,0.10281401872634888,0.10330497473478317
2024-08-18 16:00:00+00:00,0.103294737637043,0.10364655405282974,0.10211154818534851,0.10254653543233871
2024-08-18 20:00:00+00:00,0.10254678875207901,0.10258247703313828,0.10016947239637375,0.10016947239637375
2024-08-19 00:00:00+00:00,0.10015533864498138,0.10060296952724457,0.09965858608484268,0.1004478707909584
2024-08-19 04:00:00+00:00,0.1004476398229599,0.10047733038663864,0.09965555369853973,0.0999005138874054
2024-08-19 08:00:00+00:00,0.09990174323320389,0.1004522368311882,0.09872481226921082,0.09967991709709167
2024-08-19 12:00:00+00:00,0.09986095130443573,0.10097233951091766,0.09931139647960663,0.1001700684428215
2024-08-19 16:00:00+00:00,0.10014461725950241,0.10178220272064209,0.099545419216156,0.10063938051462173
2024-08-19 20:00:00+00:00,0.10062739998102188,0.10162611305713654,0.100430428981781,0.10150448232889175
2024-08-20 00:00:00+00:00,0.10142174363136292,0.10482767224311829,0.10122902691364288,0.10471320152282715
2024-08-20 04:00:00+00:00,0.10471846908330917,0.10561399161815643,0.10403739660978317,0.10553491115570068
2024-08-20 08:00:00+00:00,0.10552788525819778,0.10560166835784912,0.10473021119832993,0.10475868731737137
2024-08-20 12:00:00+00:00,0.10476416349411011,0.10535135120153427,0.10151410847902298,0.10227330029010773
2024-08-20 16:00:00+00:00,0.10227536410093307,0.10435304790735245,0.10220400989055634,0.10427431017160416
2024-08-20 20:00:00+00:00,0.10426095128059387,0.10461767762899399,0.10300040245056152,0.10300040245056152
2024-08-21 00:00:00+00:00,0.10298699140548706,0.10411423444747925,0.10269526392221451,0.10385571420192719
2024-08-21 04:00:00+00:00,0.10385551303625107,0.10468101501464844,0.1034424901008606,0.10461990535259247
2024-08-21 08:00:00+00:00,0.1046333760023117,0.10488284379243851,0.103513203561306,0.10389713943004608
2024-08-21 12:00:00+00:00,0.10389142483472824,0.10466267168521881,0.10246440023183823,0.10400508344173431
2024-08-21 16:00:00+00:00,0.10393719375133514,0.10641134530305862,0.10364671051502228,0.10641134530305862
2024-08-21 20:00:00+00:00,0.10673313587903976,0.10782263427972794,0.10594961792230606,0.10605984181165695
2024-08-22 00:00:00+00:00,0.10617365688085556,0.10631237924098969,0.10431943833827972,0.10531918704509735
2024-08-22 04:00:00+00:00,0.10531874746084213,0.10595537722110748,0.1049988865852356,0.10595531761646271
2024-08-22 08:00:00+00:00,0.10595399141311646,0.10681713372468948,0.10571930557489395,0.1066378802061081
2024-08-22 12:00:00+00:00,0.10663224756717682,0.10663224756717682,0.10490024834871292,0.10510775446891785
2024-08-22 16:00:00+00:00,0.10512541979551315,0.10605201125144958,0.10486450046300888,0.10488183796405792
2024-08-22 20:00:00+00:00,0.10485994815826416,0.10545775294303894,0.10485994815826416,0.10530784726142883
2024-08-23 00:00:00+00:00,0.10530607402324677,0.10634347051382065,0.10530607402324677,0.10609271377325058
2024-08-23 04:00:00+00:00,0.10608287155628204,0.10756579041481018,0.10605816543102264,0.10731207579374313
2024-08-23 08:00:00+00:00,0.1073065921664238,0.10758914053440094,0.10613555461168289,0.10613555461168289
2024-08-23 12:00:00+00:00,0.10613422095775604,0.11023785173892975,0.10613422095775604,0.10993894934654236
2024-08-23 16:00:00+00:00,0.10993456840515137,0.1132688894867897,0.10983315110206604,0.1129777655005455
2024-08-23 20:00:00+00:00,0.11299880594015121,0.1152394711971283,0.1127268448472023,0.1129266545176506
2024-08-24 00:00:00+00:00,0.11292801052331924,0.11332989484071732,0.1118951067328453,0.11262288689613342
2024-08-24 04:00:00+00:00,0.11262093484401703,0.11301220208406448,0.112314373254776,0.11242017149925232
2024-08-24 08:00:00+00:00,0.11243073642253876,0.11386952549219131,0.11204861104488373,0.1123916357755661
2024-08-24 12:00:00+00:00,0.1123620867729187,0.11300001293420792,0.11163140088319778,0.11217154562473297
2024-08-24 16:00:00+00:00,0.11217556148767471,0.11487236618995667,0.11217556148767471,0.11422623693943024
2024-08-24 20:00:00+00:00,0.11424407362937927,0.11493705958127975,0.11131700873374939,0.1126309260725975
2024-08-25 00:00:00+00:00,0.1125975176692009,0.11275012046098709,0.11014749854803085,0.11076795309782028
2024-08-25 04:00:00+00:00,0.1107582226395607,0.11114241182804108,0.10811745375394821,0.10844030231237411
2024-08-25 08:00:00+00:00,0.10845465213060379,0.10939104110002518,0.10825556516647339,0.10899024456739426
2024-08-25 12:00:00+00:00,0.10898233205080032,0.11080893874168396,0.10878776758909225,0.11025867611169815
2024-08-25 16:00:00+00:00,0.1102680191397667,0.11061463505029678,0.10975509881973267,0.10976116359233856
2024-08-25 20:00:00+00:00,0.10977686196565628,0.11110228300094604,0.10957425832748413,0.10969851911067963
2024-08-26 00:00:00+00:00,0.10973099619150162,0.11026357114315033,0.10825997591018677,0.10937303304672241
2024-08-26 04:00:00+00:00,0.1093786433339119,0.10988729447126389,0.10837335139513016,0.10884256660938263
2024-08-26 08:00:00+00:00,0.10884310305118561,0.10961557179689407,0.10868585854768753,0.10890482366085052
2024-08-26 12:00:00+00:00,0.10890965163707733,0.10897120088338852,0.10655678808689117,0.10730306059122086
2024-08-26 16:00:00+00:00,0.10709983855485916,0.10748111456632614,0.10471168160438538,0.1054404154419899
2024-08-26 20:00:00+00:00,0.10543527454137802,0.10578402131795883,0.10465437918901443,0.10529150813817978
2024-08-27 00:00:00+00:00,0.10526874661445618,0.10633411258459091,0.10526874661445618,0.10573993623256683
2024-08-27 04:00:00+00:00,0.1057431772351265,0.10647556930780411,0.10559257864952087,0.10605144500732422
2024-08-27 08:00:00+00:00,0.10605588555335999,0.10611069947481155,0.10387595742940903,0.10438559204339981
2024-08-27 12:00:00+00:00,0.10432588309049606,0.10472467541694641,0.1035613864660263,0.10396210849285126
2024-08-27 16:00:00+00:00,0.10383974760770798,0.10482427477836609,0.10348585247993469,0.10403420776128769
2024-08-27 20:00:00+00:00,0.10427846759557724,0.10427846759557724,0.09739911556243896,0.0990557000041008
2024-08-28 00:00:00+00:00,0.09886060655117035,0.09966811537742615,0.09794661402702332,0.09964203089475632
2024-08-28 04:00:00+00:00,0.09962835907936096,0.09966878592967987,0.09824451059103012,0.09824451059103012
2024-08-28 08:00:00+00:00,0.09810368716716766,0.10170435160398483,0.09801044315099716,0.10088283568620682
2024-08-28 12:00:00+00:00,0.1008773073554039,0.10147996246814728,0.09898969531059265,0.09958890080451965
2024-08-28 16:00:00+00:00,0.0995788425207138,0.10153443366289139,0.09732959419488907,0.09962443262338638
2024-08-28 20:00:00+00:00,0.0995110496878624,0.10015293210744858,0.09878509491682053,0.09962698072195053
2024-08-29 00:00:00+00:00,0.09962555766105652,0.10068769007921219,0.09961645305156708,0.10047551989555359
2024-08-29 04:00:00+00:00,0.10048636049032211,0.10136222839355469,0.10024517774581909,0.10076892375946045
2024-08-29 08:00:00+00:00,0.10075512528419495,0.10175853967666626,0.10034675151109695,0.10127057880163193
2024-08-29 12:00:00+00:00,0.10126150399446487,0.10248624533414841,0.10116561502218246,0.10201332718133926
2024-08-29 16:00:00+00:00,0.1020309180021286,0.10230173915624619,0.09853790700435638,0.09900869429111481
2024-08-29 20:00:00+00:00,0.09904702007770538,0.10060912370681763,0.09870203584432602,0.10042464733123779
2024-08-30 00:00:00+00:00,0.10035859048366547,0.10072778165340424,0.09974762797355652,0.10017276555299759
2024-08-30 04:00:00+00:00,0.1001264899969101,0.10106997191905975,0.099775530397892,0.10071144253015518
2024-08-30 08:00:00+00:00,0.10078051686286926,0.1023775115609169,0.10075030475854874,0.10131371021270752
2024-08-30 12:00:00+00:00,0.10129847377538681,0.1020374447107315,0.09849076718091965,0.09853870421648026
2024-08-30 16:00:00+00:00,0.09855809807777405,0.10120139271020889,0.09728976339101791,0.10025030374526978
2024-08-30 20:00:00+00:00,0.10023593157529831,0.10226236283779144,0.1001918613910675,0.10204307734966278
2024-08-31 00:00:00+00:00,0.10203336179256439,0.10223573446273804,0.10099256038665771,0.10122685134410858
2024-08-31 04:00:00+00:00,0.1012287363409996,0.10188493877649307,0.10110215097665787,0.10117582976818085
2024-08-31 08:00:00+00:00,0.1011701300740242,0.10147297382354736,0.10047698765993118,0.10129424184560776
2024-08-31 12:00:00+00:00,0.1012934148311615,0.10156649351119995,0.1008741706609726,0.10156562179327011
2024-08-31 16:00:00+00:00,0.10157463699579239,0.10217709094285965,0.1007198616862297,0.10116858780384064
2024-08-31 20:00:00+00:00,0.10116472095251083,0.10168779641389847,0.10100775212049484,0.101331926882267
2024-09-01 00:00:00+00:00,0.1013263687491417,0.1014610230922699,0.09994214028120041,0.10036266595125198
2024-09-01 04:00:00+00:00,0.10034909099340439,0.10034909099340439,0.09873697906732559,0.09965507686138153
2024-09-01 08:00:00+00:00,0.09966099262237549,0.0997953936457634,0.09887677431106567,0.09931191802024841
2024-09-01 12:00:00+00:00,0.09931328892707825,0.09935430437326431,0.09753747284412384,0.09863985329866409
2024-09-01 16:00:00+00:00,0.09863609820604324,0.09916066378355026,0.09703727811574936,0.09904322773218155
2024-09-01 20:00:00+00:00,0.09905005991458893,0.09945829212665558,0.09440133720636368,0.0953541025519371
2024-09-02 00:00:00+00:00,0.09534640610218048,0.09596474468708038,0.09489268809556961,0.09505519270896912
2024-09-02 04:00:00+00:00,0.0950869545340538,0.09554827958345413,0.09416941553354263,0.09448034316301346
2024-09-02 08:00:00+00:00,0.09448561817407608,0.09782268106937408,0.09448561817407608,0.09732913225889206
2024-09-02 12:00:00+00:00,0.09730745106935501,0.0978686735033989,0.09629485011100769,0.09738987684249878
2024-09-02 16:00:00+00:00,0.09737879037857056,0.0980125144124031,0.09698204696178436,0.09778434783220291
2024-09-02 20:00:00+00:00,0.09782905876636505,0.09971573203802109,0.09774135798215866,0.09911544620990753
2024-09-03 00:00:00+00:00,0.0990920141339302,0.10069754719734192,0.09891225397586823,0.09960857778787613
2024-09-03 04:00:00+00:00,0.09960328787565231,0.09967564791440964,0.0990949496626854,0.09948745369911194
2024-09-03 08:00:00+00:00,0.0994926318526268,0.0996408760547638,0.09881595522165298,0.09963598847389221
2024-09-03 12:00:00+00:00,0.09963605552911758,0.10045089572668076,0.09691767394542694,0.09695891290903091
2024-09-03 16:00:00+00:00,0.09689132869243622,0.09845080971717834,0.09685913473367691,0.09760704636573792
2024-09-03 20:00:00+00:00,0.09767075628042221,0.09801946580410004,0.09671495109796524,0.09671495109796524
2024-09-04 00:00:00+00:00,0.09674692898988724,0.09743546694517136,0.09302733093500137,0.09586645662784576
2024-09-04 04:00:00+00:00,0.09578147530555725,0.09656893461942673,0.09479152411222458,0.09633640199899673
2024-09-04 08:00:00+00:00,0.09635118395090103,0.09687118232250214,0.09519457817077637,0.095662422478199
2024-09-04 12:00:00+00:00,0.09560490399599075,0.0984257385134697,0.095029316842556,0.0984257385134697
2024-09-04 16:00:00+00:00,0.09860596805810928,0.09945222735404968,0.09774535149335861,0.09800872206687927
2024-09-04 20:00:00+00:00,0.09805003553628922,0.09868227690458298,0.09764355421066284,0.09802506864070892
2024-09-05 00:00:00+00:00,0.0980229303240776,0.09845880419015884,0.09624539315700531,0.09629993140697479
2024-09-05 04:00:00+00:00,0.09627310931682587,0.09807538986206055,0.09623093903064728,0.09769812226295471
2024-09-05 08:00:00+00:00,0.09765133261680603,0.09791457653045654,0.09712004661560059,0.09751906245946884
2024-09-05 12:00:00+00:00,0.0974886491894722,0.09890510886907578,0.09691663831472397,0.09716233611106873
2024-09-05 16:00:00+00:00,0.09700907766819,0.09909087419509888,0.09672718495130539,0.09730428457260132
2024-09-05 20:00:00+00:00,0.09736374765634537,0.09857576340436935,0.09736374765634537,0.09830933809280396
2024-09-06 00:00:00+00:00,0.09840024262666702,0.09937162697315216,0.09811312705278397,0.09880611300468445
2024-09-06 04:00:00+00:00,0.09880684316158295,0.0989556610584259,0.09723632037639618,0.0975552424788475
2024-09-06 08:00:00+00:00,0.09753751009702682,0.09789575636386871,0.09689438343048096,0.09699927270412445
2024-09-06 12:00:00+00:00,0.09693405777215958,0.09776142239570618,0.09346833825111389,0.09355448931455612
2024-09-06 16:00:00+00:00,0.09355637431144714,0.09357668459415436,0.090476393699646,0.09087230265140533
2024-09-06 20:00:00+00:00,0.09081926196813583,0.09248732775449753,0.08937624096870422,0.09248430281877518
2024-09-07 00:00:00+00:00,0.09245765954256058,0.0927584245800972,0.09181904047727585,0.09206625819206238
2024-09-07 04:00:00+00:00,0.09208641201257706,0.09415238350629807,0.0920085608959198,0.09392431378364563
2024-09-07 08:00:00+00:00,0.09402201324701309,0.09482136368751526,0.09381841123104095,0.09442929178476334
2024-09-07 12:00:00+00:00,0.09453882277011871,0.09561758488416672,0.09453040361404419,0.09549205005168915
2024-09-07 16:00:00+00:00,0.09549249708652496,0.09555456042289734,0.0943729355931282,0.09500300139188766
2024-09-07 20:00:00+00:00,0.09497161954641342,0.09534039348363876,0.09468308091163635,0.09526127576828003
2024-09-08 00:00:00+00:00,0.09537163376808167,0.09688254445791245,0.0950336679816246,0.0961119532585144
2024-09-08 04:00:00+00:00,0.09617476165294647,0.09617476165294647,0.09517346322536469,0.09563564509153366
2024-09-08 08:00:00+00:00,0.09565369039773941,0.09627236425876617,0.09541987627744675,0.09584423899650574
2024-09-08 12:00:00+00:00,0.09583494812250137,0.09583602100610733,0.09464656561613083,0.09464656561613083
2024-09-08 16:00:00+00:00,0.09457560628652573,0.09559733420610428,0.0940629169344902,0.09534640610218048
2024-09-08 20:00:00+00:00,0.09534242749214172,0.09683012217283249,0.09503398835659027,0.09608034044504166
2024-09-09 00:00:00+00:00,0.09608922898769379,0.0974651351571083,0.09583500027656555,0.09688391536474228
2024-09-09 04:00:00+00:00,0.096882164478302,0.09719718992710114,0.09607826918363571,0.0971725732088089
2024-09-09 08:00:00+00:00,0.09717732667922974,0.09868278354406357,0.09717027842998505,0.09790390729904175
2024-09-09 12:00:00+00:00,0.09790701419115067,0.0989193469285965,0.09722120314836502,0.0987406075000763
2024-09-09 16:00:00+00:00,0.09876034408807755,0.1045645922422409,0.09876034408807755,0.10377881675958633
2024-09-09 20:00:00+00:00,0.10378419607877731,0.10453156381845474,0.10319291055202484,0.1038287952542305
2024-09-10 00:00:00+00:00,0.1038115844130516,0.1038115844130516,0.10221998393535614,0.10256500542163849
2024-09-10 04:00:00+00:00,0.10255865752696991,0.10393479466438293,0.10252150148153305,0.10380709171295166
2024-09-10 08:00:00+00:00,0.10380708426237106,0.10451487451791763,0.10357421636581421,0.10375052690505981
2024-09-10 12:00:00+00:00,0.10374690592288971,0.10374690592288971,0.10167461633682251,0.1019536554813385
2024-09-10 16:00:00+00:00,0.10191433876752853,0.10337737202644348,0.10175327956676483,0.10303433984518051
2024-09-10 20:00:00+00:00,0.10303612798452377,0.10320940613746643,0.1025734394788742,0.10271172970533371
2024-09-11 00:00:00+00:00,0.10271584242582321,0.1029699444770813,0.10088382661342621,0.10100460797548294
2024-09-11 04:00:00+00:00,0.10101277381181717,0.10103588551282883,0.09931479394435883,0.10094749927520752
2024-09-11 08:00:00+00:00,0.10094853490591049,0.10094853490591049,0.0998346209526062,0.10052815079689026
2024-09-11 12:00:00+00:00,0.1005282923579216,0.10119882225990295,0.0981011763215065,0.09999262541532516
2024-09-11 16:00:00+00:00,0.09998258948326111,0.10193515568971634,0.09995594620704651,0.10165738314390182
2024-09-11 20:00:00+00:00,0.10165531188249588,0.10202334076166153,0.10116879642009735,0.10137765854597092
2024-09-12 00:00:00+00:00,0.10137225687503815,0.10258625447750092,0.10134600102901459,0.10239935666322708
2024-09-12 04:00:00+00:00,0.10239556431770325,0.10298334062099457,0.10211661458015442,0.1026565209031105
2024-09-12 08:00:00+00:00,0.10264794528484344,0.10270384699106216,0.10170134902000427,0.10194441676139832
2024-09-12 12:00:00+00:00,0.1019447073340416,0.1025046557188034,0.10065032541751862,0.10068053752183914
2024-09-12 16:00:00+00:00,0.10068155825138092,0.10255221277475357,0.1006729006767273,0.10250139981508255
2024-09-12 20:00:00+00:00,0.10249685496091843,0.10320214182138443,0.10184551775455475,0.10279859602451324
2024-09-13 00:00:00+00:00,0.10279208421707153,0.10279208421707153,0.10186883807182312,0.10194028168916702
2024-09-13 04:00:00+00:00,0.10193043947219849,0.10375583916902542,0.10190773010253906,0.10350746661424637
2024-09-13 08:00:00+00:00,0.10349033772945404,0.10657774657011032,0.10347269475460052,0.10459020733833313
2024-09-13 12:00:00+00:00,0.1045764610171318,0.10828982293605804,0.1040639579296112,0.10803297907114029
2024-09-13 16:00:00+00:00,0.10804819315671921,0.10805310308933258,0.10636764764785767,0.10638050734996796
2024-09-13 20:00:00+00:00,0.10641176998615265,0.10784183442592621,0.10641176998615265,0.10711343586444855
2024-09-14 00:00:00+00:00,0.10710695385932922,0.10754887759685516,0.10699113458395004,0.10723796486854553
2024-09-14 04:00:00+00:00,0.1072380393743515,0.1073705181479454,0.10644197463989258,0.10680001229047775
2024-09-14 08:00:00+00:00,0.10680083930492401,0.10686025768518448,0.10510378330945969,0.10527205467224121
2024-09-14 12:00:00+00:00,0.10527989268302917,0.10639813542366028,0.10517855733633041,0.10564986616373062
2024-09-14 16:00:00+00:00,0.1056467741727829,0.10574182122945786,0.10464934259653091,0.10515496879816055
2024-09-14 20:00:00+00:00,0.10513935983181,0.10555564612150192,0.10502295196056366,0.10546715557575226
2024-09-15 00:00:00+00:00,0.10545150190591812,0.10628119111061096,0.1054503321647644,0.10568440705537796
2024-09-15 04:00:00+00:00,0.10568991303443909,0.105803944170475,0.10514628142118454,0.105686254799366
2024-09-15 08:00:00+00:00,0.10568902641534805,0.10576038062572479,0.10452550649642944,0.10480433702468872
2024-09-15 12:00:00+00:00,0.1048097014427185,0.10635370016098022,0.10472864657640457,0.10620596259832382
2024-09-15 16:00:00+00:00,0.10621095448732376,0.10629073530435562,0.10456384718418121,0.10540616512298584
2024-09-15 20:00:00+00:00,0.10538994520902634,0.10538994520902634,0.10260117799043655,0.10293767601251602
2024-09-16 00:00:00+00:00,0.10291788727045059,0.10313168168067932,0.10015004873275757,0.10143556445837021
2024-09-16 04:00:00+00:00,0.1014442890882492,0.10260625928640366,0.1012442484498024,0.1025700643658638
2024-09-16 08:00:00+00:00,0.10256348550319672,0.10290878266096115,0.10155227780342102,0.10171521455049515
2024-09-16 12:00:00+00:00,0.1017170250415802,0.10184220969676971,0.09951935708522797,0.10004662722349167
2024-09-16 16:00:00+00:00,0.10004987567663193,0.10004987567663193,0.09873653948307037,0.09946911036968231
2024-09-16 20:00:00+00:00,0.099466972053051,0.09991368651390076,0.0984632819890976,0.09969273954629898
2024-09-17 00:00:00+00:00,0.09969665110111237,0.09991244226694107,0.09884694963693619,0.09982647001743317
2024-09-17 04:00:00+00:00,0.09982769191265106,0.10116591304540634,0.09980613738298416,0.10085896402597427
2024-09-17 08:00:00+00:00,0.10085653513669968,0.10127176344394684,0.10048491507768631,0.10075166821479797
2024-09-17 12:00:00+00:00,0.1007358580827713,0.10245075821876526,0.09968608617782593,0.10225663334131241
2024-09-17 16:00:00+00:00,0.10225843638181686,0.1024182140827179,0.10052433609962463,0.10077539831399918
2024-09-17 20:00:00+00:00,0.10077934712171555,0.10143205523490906,0.10063749551773071,0.10113662481307983
2024-09-18 00:00:00+00:00,0.1011335477232933,0.10151408612728119,0.09998545795679092,0.10127488523721695
2024-09-18 04:00:00+00:00,0.1012677252292633,0.10161299258470535,0.10049142688512802,0.10161299258470535
2024-09-18 08:00:00+00:00,0.10161672532558441,0.10169879347085953,0.09958770871162415,0.10041523724794388
2024-09-18 12:00:00+00:00,0.10039626806974411,0.10107703506946564,0.09981055557727814,0.1001487523317337
2024-09-18 16:00:00+00:00,0.10013661533594131,0.10288190841674805,0.099817655980587,0.10109501332044601
2024-09-18 20:00:00+00:00,0.10109133273363113,0.10358966886997223,0.10010984539985657,0.10358502715826035
2024-09-19 00:00:00+00:00,0.10363911092281342,0.105374775826931,0.10363911092281342,0.10406428575515747
2024-09-19 04:00:00+00:00,0.10406865924596786,0.1042759120464325,0.10371125489473343,0.10418649762868881
2024-09-19 08:00:00+00:00,0.10419347882270813,0.10479087382555008,0.10414659231901169,0.10453800857067108
2024-09-19 12:00:00+00:00,0.10453732311725616,0.1054028868675232,0.10434228926897049,0.10497189313173294
2024-09-19 16:00:00+00:00,0.10496877133846283,0.10706710070371628,0.10496877133846283,0.10584408789873123
2024-09-19 20:00:00+00:00,0.10584143549203873,0.10623239725828171,0.10465775430202484,0.10503078252077103
2024-09-20 00:00:00+00:00,0.10503336787223816,0.10572410374879837,0.10375643521547318,0.10572410374879837
2024-09-20 04:00:00+00:00,0.10580585896968842,0.10728224366903305,0.10580585896968842,0.10676649212837219
2024-09-20 08:00:00+00:00,0.10676497220993042,0.10710548609495163,0.10570787638425827,0.10600558668375015
2024-09-20 12:00:00+00:00,0.10600727796554565,0.10653708130121231,0.10422329604625702,0.1052103340625763
2024-09-20 16:00:00+00:00,0.10520601272583008,0.10535755008459091,0.10403971374034882,0.10467889159917831
2024-09-20 20:00:00+00:00,0.1046757623553276,0.10585426539182663,0.1046757623553276,0.1054711788892746
2024-09-21 00:00:00+00:00,0.10547561943531036,0.10553736239671707,0.10416804999113083,0.10490316152572632
2024-09-21 04:00:00+00:00,0.10490457713603973,0.10556485503911972,0.10432857275009155,0.10554159432649612
2024-09-21 08:00:00+00:00,0.10553859174251556,0.10651324689388275,0.10553351044654846,0.1062370091676712
2024-09-21 12:00:00+00:00,0.10624081641435623,0.10945253819227219,0.10608001798391342,0.10911034792661667
2024-09-21 16:00:00+00:00,0.10918498784303665,0.10936132818460464,0.10855387151241302,0.10868150740861893
2024-09-21 20:00:00+00:00,0.10868403315544128,0.11036836355924606,0.10857138782739639,0.1100485548377037
2024-09-22 00:00:00+00:00,0.11004243046045303,0.11004243046045303,0.10801173746585846,0.10822247713804245
2024-09-22 04:00:00+00:00,0.1081550270318985,0.1084245815873146,0.10767889767885208,0.10797208547592163
2024-09-22 08:00:00+00:00,0.10796213150024414,0.10813052952289581,0.10642154514789581,0.10670741647481918
2024-09-22 12:00:00+00:00,0.10670258849859238,0.1068887710571289,0.10560130327939987,0.10583678632974625
2024-09-22 16:00:00+00:00,0.10575464367866516,0.10690446943044662,0.10527364909648895,0.10658480226993561
2024-09-22 20:00:00+00:00,0.10648844391107559,0.10695262998342514,0.10401978343725204,0.10633933544158936
2024-09-23 00:00:00+00:00,0.10633404552936554,0.10905630886554718,0.1047935038805008,0.10830321162939072
2024-09-23 04:00:00+00:00,0.10824283212423325,0.10845134407281876,0.10701900720596313,0.10709694027900696
2024-09-23 08:00:00+00:00,0.10711894929409027,0.10753784328699112,0.10629065334796906,0.10668706893920898
2024-09-23 12:00:00+00:00,0.10666009038686752,0.10749531537294388,0.10615433007478714,0.10741779953241348
2024-09-23 16:00:00+00:00,0.10739843547344208,0.10764114558696747,0.10628635436296463,0.10704301297664642
2024-09-23 20:00:00+00:00,0.10704296082258224,0.10835446417331696,0.10645639151334763,0.10815628618001938
2024-09-24 00:00:00+00:00,0.10815274715423584,0.1087605357170105,0.10704810917377472,0.10820575058460236
2024-09-24 04:00:00+00:00,0.10825816541910172,0.10849611461162567,0.10718131065368652,0.10822904109954834
2024-09-24 08:00:00+00:00,0.10823314636945724,0.10933295637369156,0.1080351248383522,0.10912492126226425
2024-09-24 12:00:00+00:00,0.10913850367069244,0.10993365198373795,0.10723800957202911,0.10774840414524078
2024-09-24 16:00:00+00:00,0.10773603618144989,0.10984671115875244,0.10709008574485779,0.10984671115875244
2024-09-24 20:00:00+00:00,0.10986210405826569,0.11046802997589111,0.10873429477214813,0.10977467149496078
2024-09-25 00:00:00+00:00,0.10978008806705475,0.11087729781866074,0.10958992689847946,0.11046140640974045
2024-09-25 04:00:00+00:00,0.11047106236219406,0.11062822490930557,0.1083933413028717,0.1090661957859993
2024-09-25 08:00:00+00:00,0.10897860676050186,0.11035715043544769,0.10844690352678299,0.10985402762889862
2024-09-25 12:00:00+00:00,0.10985738784074783,0.10989121347665787,0.10873088985681534,0.10903026163578033
2024-09-25 16:00:00+00:00,0.10903047025203705,0.11040306836366653,0.10892359912395477,0.1097543016076088
2024-09-25 20:00:00+00:00,0.10974140465259552,0.11045022308826447,0.10818328708410263,0.10850352048873901
2024-09-26 00:00:00+00:00,0.10850265622138977,0.10896240174770355,0.10717203468084335,0.10893753916025162
2024-09-26 04:00:00+00:00,0.1089475005865097,0.11397907137870789,0.10867831856012344,0.11337865144014359
2024-09-26 08:00:00+00:00,0.11339537799358368,0.11502041667699814,0.11331824958324432,0.11379506438970566
2024-09-26 12:00:00+00:00,0.11377508193254471,0.11706217378377914,0.11350996047258377,0.11694736033678055
2024-09-26 16:00:00+00:00,0.11693455278873444,0.12015923112630844,0.11663548648357391,0.11784114688634872
2024-09-26 20:00:00+00:00,0.1178254708647728,0.11826369166374207,0.11588390916585922,0.11817614734172821
2024-09-27 00:00:00+00:00,0.11817621439695358,0.11925195902585983,0.11717862635850906,0.11861712485551834
2024-09-27 04:00:00+00:00,0.1186237782239914,0.12365744262933731,0.1186237782239914,0.12276765704154968
2024-09-27 08:00:00+00:00,0.12279989570379257,0.1247568428516388,0.1225689947605133,0.1227317675948143
2024-09-27 12:00:00+00:00,0.1227266862988472,0.12806619703769684,0.12259367853403091,0.1267377734184265
2024-09-27 16:00:00+00:00,0.1267848163843155,0.12750908732414246,0.12358745187520981,0.12416043132543564
2024-09-27 20:00:00+00:00,0.12417742609977722,0.12450437992811203,0.12337212264537811,0.12371387332677841
2024-09-28 00:00:00+00:00,0.12372244149446487,0.12656806409358978,0.123651884496212,0.12617450952529907
2024-09-28 04:00:00+00:00,0.12618762254714966,0.12628261744976044,0.12196723371744156,0.12196723371744156
2024-09-28 08:00:00+00:00,0.12195555120706558,0.1250353455543518,0.12064914405345917,0.12497817724943161
2024-09-28 12:00:00+00:00,0.1249888688325882,0.1318499743938446,0.12260671705007553,0.1308954656124115
2024-09-28 16:00:00+00:00,0.1309007853269577,0.1314019113779068,0.12902548909187317,0.13037079572677612
2024-09-28 20:00:00+00:00,0.13037176430225372,0.13124233484268188,0.1278325468301773,0.12867002189159393
2024-09-29 00:00:00+00:00,0.12858565151691437,0.1302906572818756,0.12754543125629425,0.12956593930721283
2024-09-29 04:00:00+00:00,0.12955217063426971,0.12955217063426971,0.12617580592632294,0.12619121372699738
2024-09-29 08:00:00+00:00,0.12615472078323364,0.12734685838222504,0.12593282759189606,0.12713280320167542
2024-09-29 12:00:00+00:00,0.12713074684143066,0.1271885186433792,0.12532207369804382,0.12639233469963074
2024-09-29 16:00:00+00:00,0.12636986374855042,0.12809941172599792,0.12525419890880585,0.12809941172599792
2024-09-29 20:00:00+00:00,0.1281035840511322,0.12857085466384888,0.1246473640203476,0.12466882914304733
2024-09-30 00:00:00+00:00,0.12455903738737106,0.12455903738737106,0.12106776982545853,0.12237341701984406
2024-09-30 04:00:00+00:00,0.1223946064710617,0.1234787330031395,0.12169187515974045,0.12290950864553452
2024-09-30 08:00:00+00:00,0.12290452420711517,0.1229676753282547,0.11957506090402603,0.12059533596038818
2024-09-30 12:00:00+00:00,0.12058569490909576,0.1208527684211731,0.11720918864011765,0.11720918864011765
2024-09-30 16:00:00+00:00,0.11721502989530563,0.1181272640824318,0.11686230450868607,0.11778513342142105
2024-09-30 20:00:00+00:00,0.11779230833053589,0.11878343671560287,0.11377532035112381,0.11442690342664719
2024-10-01 00:00:00+00:00,0.11442342400550842,0.11758215725421906,0.11390817165374756,0.11758215725421906
2024-10-01 04:00:00+00:00,0.11757852882146835,0.11896403878927231,0.11736641824245453,0.11862806230783463
2024-10-01 08:00:00+00:00,0.11862446367740631,0.11925125122070312,0.1179339736700058,0.11824088543653488
2024-10-01 12:00:00+00:00,0.11823704838752747,0.11836878210306168,0.10877113789319992,0.1108759418129921
2024-10-01 16:00:00+00:00,0.11082858592271805,0.11124420166015625,0.10396403074264526,0.10609827190637589
2024-10-01 20:00:00+00:00,0.10607055574655533,0.10759928822517395,0.10463320463895798,0.10704275965690613
2024-10-02 00:00:00+00:00,0.10703873634338379,0.10877697169780731,0.10670116543769836,0.10844248533248901
2024-10-02 04:00:00+00:00,0.1084458976984024,0.10939118266105652,0.10738184303045273,0.1085285097360611
2024-10-02 08:00:00+00:00,0.10853457450866699,0.10879632085561752,0.10578977316617966,0.10632143914699554
2024-10-02 12:00:00+00:00,0.10630679875612259,0.106686532497406,0.10380269587039948,0.1061035543680191
2024-10-02 16:00:00+00:00,0.10611946880817413,0.10750443488359451,0.10251033306121826,0.1045498177409172
2024-10-02 20:00:00+00:00,0.1045307070016861,0.10561619699001312,0.10384394973516464,0.1047583669424057
2024-10-03 00:00:00+00:00,0.10474037379026413,0.10660786926746368,0.10445678234100342,0.10608713328838348
2024-10-03 04:00:00+00:00,0.10608161985874176,0.10609029233455658,0.10480687022209167,0.10480687022209167
2024-10-03 08:00:00+00:00,0.10479576140642166,0.10497293621301651,0.10153321921825409,0.10416349023580551
2024-10-03 12:00:00+00:00,0.10414247959852219,0.10516176372766495,0.10162840038537979,0.10413427650928497
2024-10-03 16:00:00+00:00,0.10412919521331787,0.10503087937831879,0.10223843902349472,0.10503087937831879
2024-10-03 20:00:00+00:00,0.10499479621648788,0.1054767295718193,0.1039624959230423,0.10509935021400452
2024-10-04 00:00:00+00:00,0.10508725047111511,0.10668469220399857,0.10496620833873749,0.1063542366027832
2024-10-04 04:00:00+00:00,0.10635136067867279,0.10846629738807678,0.10635136067867279,0.10802978277206421
2024-10-04 08:00:00+00:00,0.10804149508476257,0.1086706593632698,0.10734923183917999,0.10844393074512482
2024-10-04 12:00:00+00:00,0.10844051837921143,0.10996975749731064,0.10677794367074966,0.10816565155982971
2024-10-04 16:00:00+00:00,0.10819382965564728,0.11028248071670532,0.10805509239435196,0.11028248071670532
2024-10-04 20:00:00+00:00,0.11029662936925888,0.11043735593557358,0.10883261263370514,0.10926400870084763
2024-10-05 00:00:00+00:00,0.10925998538732529,0.11006008833646774,0.10775832086801529,0.10805033147335052
2024-10-05 04:00:00+00:00,0.10804340243339539,0.10923273861408234,0.1077457070350647,0.10892078280448914
2024-10-05 08:00:00+00:00,0.10891944915056229,0.10995994508266449,0.10884562879800797,0.10916872322559357
2024-10-05 12:00:00+00:00,0.10917239636182785,0.10976608097553253,0.1087224930524826,0.10974043607711792
2024-10-05 16:00:00+00:00,0.10973439365625381,0.10998038947582245,0.10801833868026733,0.10806550830602646
2024-10-05 20:00:00+00:00,0.1080767810344696,0.10969346016645432,0.10773465782403946,0.10948701947927475
2024-10-06 00:00:00+00:00,0.10947819799184799,0.10999694466590881,0.10865167528390884,0.10865167528390884
2024-10-06 04:00:00+00:00,0.10865151137113571,0.10909644514322281,0.10851237922906876,0.10898575186729431
2024-10-06 08:00:00+00:00,0.10898885130882263,0.10945668071508408,0.10886093974113464,0.10937385261058807
2024-10-06 12:00:00+00:00,0.10937407612800598,0.11258924007415771,0.10928734391927719,0.11220476776361465
2024-10-06 16:00:00+00:00,0.1121935099363327,0.11263824999332428,0.11064491420984268,0.11064986884593964
2024-10-06 20:00:00+00:00,0.11064699292182922,0.1117028146982193,0.10976453870534897,0.11148008704185486
2024-10-07 00:00:00+00:00,0.11148207634687424,0.11520905047655106,0.11119216680526733,0.11387500911951065
2024-10-07 04:00:00+00:00,0.11388057470321655,0.11436866968870163,0.11348540335893631,0.11375175416469574
2024-10-07 08:00:00+00:00,0.11375515908002853,0.11446544528007507,0.11073973029851913,0.11126810312271118
2024-10-07 12:00:00+00:00,0.1112840548157692,0.11446908861398697,0.11099927872419357,0.11185227334499359
2024-10-07 16:00:00+00:00,0.11185400187969208,0.1128576323390007,0.10962794721126556,0.1108129546046257
2024-10-07 20:00:00+00:00,0.1108020544052124,0.11224312335252762,0.10865169018507004,0.10865169018507004
2024-10-08 00:00:00+00:00,0.10854711383581161,0.1097039207816124,0.10827049612998962,0.10928286612033844
2024-10-08 04:00:00+00:00,0.10928890854120255,0.10965199768543243,0.10658367723226547,0.10741955041885376
2024-10-08 08:00:00+00:00,0.1074247732758522,0.10788892209529877,0.10714753717184067,0.10788892209529877
2024-10-08 12:00:00+00:00,0.10789435356855392,0.10816976428031921,0.10553820431232452,0.10655171424150467
2024-10-08 16:00:00+00:00,0.10654550790786743,0.1075354591012001,0.10620728135108948,0.10721301287412643
2024-10-08 20:00:00+00:00,0.10720264166593552,0.10796282440423965,0.10662342607975006,0.10704421252012253
2024-10-09 00:00:00+00:00,0.10704579204320908,0.10919851064682007,0.10704579204320908,0.10881383717060089
2024-10-09 04:00:00+00:00,0.10878061503171921,0.10949340462684631,0.10848826915025711,0.10890961438417435
2024-10-09 08:00:00+00:00,0.10891272872686386,0.11035403609275818,0.10852324217557907,0.11031787097454071
2024-10-09 12:00:00+00:00,0.11032944917678833,0.11112693697214127,0.10832274705171585,0.11068887263536453
2024-10-09 16:00:00+00:00,0.11064662784337997,0.11064662784337997,0.10846523195505142,0.1089695394039154
2024-10-09 20:00:00+00:00,0.10901585966348648,0.10901585966348648,0.1063857153058052,0.10799295455217361
2024-10-10 00:00:00+00:00,0.1079292744398117,0.1080825924873352,0.10712864995002747,0.10783451050519943
2024-10-10 04:00:00+00:00,0.10782759636640549,0.10844268649816513,0.10730349272489548,0.10730349272489548
2024-10-10 08:00:00+00:00,0.1072564423084259,0.10737857222557068,0.10591843724250793,0.10715550184249878
2024-10-10 12:00:00+00:00,0.10717882215976715,0.1072184145450592,0.10458159446716309,0.10528422892093658
2024-10-10 16:00:00+00:00,0.10534713417291641,0.10567063093185425,0.1033690795302391,0.10450662672519684
2024-10-10 20:00:00+00:00,0.10446110367774963,0.10616828501224518,0.10427311807870865,0.1059797927737236
2024-10-11 00:00:00+00:00,0.10598137974739075,0.10801263153553009,0.10570860654115677,0.10756818950176239
2024-10-11 04:00:00+00:00,0.1075151115655899,0.10815156251192093,0.1072855070233345,0.10771960020065308
2024-10-11 08:00:00+00:00,0.10768614709377289,0.10864737629890442,0.10768614709377289,0.10852809250354767
2024-10-11 12:00:00+00:00,0.10850781947374344,0.11004002392292023,0.10820887982845306,0.11004002392292023
2024-10-11 16:00:00+00:00,0.11001655459403992,0.1112598180770874,0.1095387190580368,0.11100207269191742
2024-10-11 20:00:00+00:00,0.11105061322450638,0.11134214699268341,0.110706627368927,0.11073306947946548
2024-10-12 00:00:00+00:00,0.11073210090398788,0.11143000423908234,0.10945789515972137,0.10965920984745026
2024-10-12 04:00:00+00:00,0.10966171324253082,0.11122773587703705,0.10966171324253082,0.1111932247877121
2024-10-12 08:00:00+00:00,0.11119765043258667,0.11205534636974335,0.1109863668680191,0.11142641305923462
2024-10-12 12:00:00+00:00,0.11142105609178543,0.11200927942991257,0.1108066514134407,0.11120204627513885
2024-10-12 16:00:00+00:00,0.11122570931911469,0.11187135428190231,0.11091259866952896,0.11121394485235214
2024-10-12 20:00:00+00:00,0.11121142655611038,0.11184123903512955,0.11121142655611038,0.11141578108072281
2024-10-13 00:00:00+00:00,0.11141452193260193,0.11199768632650375,0.11060578376054764,0.11081108450889587
2024-10-13 04:00:00+00:00,0.11081646382808685,0.1117573231458664,0.11081646382808685,0.11136984080076218
2024-10-13 08:00:00+00:00,0.11139943450689316,0.11196187138557434,0.11062056571245193,0.11071749776601791
2024-10-13 12:00:00+00:00,0.11071371287107468,0.11174320429563522,0.10884454846382141,0.10972119122743607
2024-10-13 16:00:00+00:00,0.10970696806907654,0.11076372861862183,0.10904484242200851,0.11008676886558533
2024-10-13 20:00:00+00:00,0.11008565127849579,0.11152926832437515,0.10978737473487854,0.11133576929569244
2024-10-14 00:00:00+00:00,0.11132997274398804,0.11273716390132904,0.1094314381480217,0.11273716390132904
2024-10-14 04:00:00+00:00,0.11271552741527557,0.11332415044307709,0.11142178624868393,0.11228178441524506
2024-10-14 08:00:00+00:00,0.11228140443563461,0.11352425813674927,0.11194580793380737,0.11287277936935425
2024-10-14 12:00:00+00:00,0.11286130547523499,0.1163279190659523,0.11259040981531143,0.11586377024650574
2024-10-14 16:00:00+00:00,0.11577892303466797,0.11589524894952774,0.11428461223840714,0.11556998640298843
2024-10-14 20:00:00+00:00,0.11558786034584045,0.11744367331266403,0.11535175144672394,0.11665384471416473
2024-10-15 00:00:00+00:00,0.11665663123130798,0.11876101791858673,0.11631058156490326,0.11631058156490326
2024-10-15 04:00:00+00:00,0.11631780862808228,0.11712915450334549,0.11545450240373611,0.11601957678794861
2024-10-15 08:00:00+00:00,0.11599287390708923,0.11650360375642776,0.11269454658031464,0.11269454658031464
2024-10-15 12:00:00+00:00,0.1127367839217186,0.11792487651109695,0.11055854707956314,0.11278805136680603
2024-10-15 16:00:00+00:00,0.11280104517936707,0.11709186434745789,0.11280104517936707,0.11467084288597107
2024-10-15 20:00:00+00:00,0.1146765798330307,0.1175997406244278,0.11279318481683731,0.11752477288246155
2024-10-16 00:00:00+00:00,0.11752341687679291,0.1175447478890419,0.11593922972679138,0.11650839447975159
2024-10-16 04:00:00+00:00,0.11652041971683502,0.11991704255342484,0.11638831347227097,0.11991704255342484
2024-10-16 08:00:00+00:00,0.11995786428451538,0.12813228368759155,0.11995764076709747,0.12598896026611328
2024-10-16 12:00:00+00:00,0.12592442333698273,0.12764006853103638,0.12413805723190308,0.12616781890392303
2024-10-16 16:00:00+00:00,0.1261974573135376,0.12800319492816925,0.12493523955345154,0.12719781696796417
2024-10-16 20:00:00+00:00,0.12719790637493134,0.12944363057613373,0.1254611313343048,0.1257728934288025
2024-10-17 00:00:00+00:00,0.12576302886009216,0.12647083401679993,0.1239001676440239,0.12520547211170197
2024-10-17 04:00:00+00:00,0.1252046376466751,0.1252046376466751,0.12170025706291199,0.12198377400636673
2024-10-17 08:00:00+00:00,0.12198297679424286,0.12318543344736099,0.12135548889636993,0.1217135488986969
2024-10-17 12:00:00+00:00,0.12171324342489243,0.12262694537639618,0.12078707665205002,0.12255847454071045
2024-10-17 16:00:00+00:00,0.12261752784252167,0.12396471202373505,0.12103895097970963,0.12391404807567596
2024-10-17 20:00:00+00:00,0.12392975389957428,0.13064932823181152,0.12392975389957428,0.1296597719192505
2024-10-18 00:00:00+00:00,0.1296531856060028,0.13588763773441315,0.12964999675750732,0.13255280256271362
2024-10-18 04:00:00+00:00,0.1325547695159912,0.1352965533733368,0.13153377175331116,0.13477009534835815
2024-10-18 08:00:00+00:00,0.13476310670375824,0.13595780730247498,0.133335679769516,0.13366103172302246
2024-10-18 12:00:00+00:00,0.13364629447460175,0.1379283219575882,0.13271990418434143,0.13789819180965424
2024-10-18 16:00:00+00:00,0.13784055411815643,0.1405060887336731,0.1364012062549591,0.13681486248970032
2024-10-18 20:00:00+00:00,0.13679350912570953,0.1384199857711792,0.13628554344177246,0.13721252977848053
2024-10-19 00:00:00+00:00,0.1372116506099701,0.1464349329471588,0.13719746470451355,0.14486627280712128
2024-10-19 04:00:00+00:00,0.1448328197002411,0.1453302949666977,0.14298705756664276,0.1438221037387848
2024-10-19 08:00:00+00:00,0.1438668668270111,0.14638619124889374,0.14262577891349792,0.14262577891349792
2024-10-19 12:00:00+00:00,0.1425986886024475,0.14638151228427887,0.1424110233783722,0.14393889904022217
2024-10-19 16:00:00+00:00,0.14393652975559235,0.14429442584514618,0.13955946266651154,0.13996700942516327
2024-10-19 20:00:00+00:00,0.13998109102249146,0.1464056819677353,0.13998109102249146,0.14452612400054932
2024-10-20 00:00:00+00:00,0.14450868964195251,0.14524580538272858,0.14087094366550446,0.14143691956996918
2024-10-20 04:00:00+00:00,0.14143750071525574,0.14352408051490784,0.14098379015922546,0.1428632289171219
2024-10-20 08:00:00+00:00,0.14285722374916077,0.14357775449752808,0.14222824573516846,0.1427481770515442
2024-10-20 12:00:00+00:00,0.14274469017982483,0.14277617633342743,0.13768059015274048,0.13852664828300476
2024-10-20 16:00:00+00:00,0.1385163962841034,0.14198094606399536,0.13847409188747406,0.14035643637180328
2024-10-20 20:00:00+00:00,0.1403445303440094,0.1430586576461792,0.1399625539779663,0.14208193123340607
2024-10-21 00:00:00+00:00,0.14209724962711334,0.14644744992256165,0.14171753823757172,0.14548508822917938
2024-10-21 04:00:00+00:00,0.1454877406358719,0.1494985818862915,0.14431175589561462,0.1464931070804596
2024-10-21 08:00:00+00:00,0.14625605940818787,0.146814227104187,0.14436079561710358,0.1443866342306137
2024-10-21 12:00:00+00:00,0.1443662941455841,0.1447390615940094,0.13910813629627228,0.14017416536808014
2024-10-21 16:00:00+00:00,0.14021971821784973,0.1437176913022995,0.13854160904884338,0.14367404580116272
2024-10-21 20:00:00+00:00,0.14364948868751526,0.14486859738826752,0.14280104637145996,0.14369013905525208
2024-10-22 00:00:00+00:00,0.1436934918165207,0.14786063134670258,0.1409653276205063,0.14459514617919922
2024-10-22 04:00:00+00:00,0.14459334313869476,0.1462564319372177,0.14392144978046417,0.14440175890922546
2024-10-22 08:00:00+00:00,0.14438429474830627,0.14438429474830627,0.14177976548671722,0.14248305559158325
2024-10-22 12:00:00+00:00,0.1424168199300766,0.1424168199300766,0.13848771154880524,0.13948547840118408
2024-10-22 16:00:00+00:00,0.13947507739067078,0.14046408236026764,0.13684825599193573,0.13966235518455505
2024-10-22 20:00:00+00:00,0.13964319229125977,0.14109498262405396,0.1394772231578827,0.1395106315612793
2024-10-23 00:00:00+00:00,0.13951297104358673,0.1396462768316269,0.1369742900133133,0.13794170320034027
2024-10-23 04:00:00+00:00,0.13794462382793427,0.1406034380197525,0.13785970211029053,0.13969235122203827
2024-10-23 08:00:00+00:00,0.13968788087368011,0.14015817642211914,0.1362115740776062,0.13670334219932556
2024-10-23 12:00:00+00:00,0.13671739399433136,0.14039169251918793,0.13657142221927643,0.13946186006069183
2024-10-23 16:00:00+00:00,0.13945813477039337,0.13953591883182526,0.1333969086408615,0.13892768323421478
2024-10-23 20:00:00+00:00,0.13888145983219147,0.13990633189678192,0.1376960128545761,0.13989806175231934
2024-10-24 00:00:00+00:00,0.13988903164863586,0.1427718997001648,0.13919784128665924,0.1393665224313736
2024-10-24 04:00:00+00:00,0.13937239348888397,0.14067311584949493,0.13813860714435577,0.13814038038253784
2024-10-24 08:00:00+00:00,0.13816231489181519,0.13891588151454926,0.13653765618801117,0.13889345526695251
2024-10-24 12:00:00+00:00,0.1389036774635315,0.14276251196861267,0.13882531225681305,0.14057591557502747
2024-10-24 16:00:00+00:00,0.1405467689037323,0.1425800770521164,0.13951553404331207,0.14234931766986847
2024-10-24 20:00:00+00:00,0.14234009385108948,0.14341938495635986,0.14130142331123352,0.14198662340641022
2024-10-25 00:00:00+00:00,0.14195479452610016,0.1423993855714798,0.13903234899044037,0.13981717824935913
2024-10-25 04:00:00+00:00,0.139823779463768,0.14054928719997406,0.13776296377182007,0.13791941106319427
2024-10-25 08:00:00+00:00,0.137916699051857,0.139353945851326,0.13692767918109894,0.13914905488491058
2024-10-25 12:00:00+00:00,0.13913768529891968,0.13955800235271454,0.13626162707805634,0.13632532954216003
2024-10-25 16:00:00+00:00,0.1363314688205719,0.13689684867858887,0.13319292664527893,0.13493125140666962
2024-10-25 20:00:00+00:00,0.1351286619901657,0.13632377982139587,0.12869010865688324,0.13101305067539215
2024-10-26 00:00:00+00:00,0.13099384307861328,0.13387690484523773,0.13094709813594818,0.133686363697052
2024-10-26 04:00:00+00:00,0.13367946445941925,0.1348123401403427,0.13314229249954224,0.1343449354171753
2024-10-26 08:00:00+00:00,0.1343313455581665,0.1351788192987442,0.1343103051185608,0.13499055802822113
2024-10-26 12:00:00+00:00,0.13498719036579132,0.13513502478599548,0.13245834410190582,0.13342440128326416
2024-10-26 16:00:00+00:00,0.13342653214931488,0.1378147304058075,0.1334189921617508,0.1360955834388733
2024-10-26 20:00:00+00:00,0.13608527183532715,0.13759590685367584,0.13608527183532715,0.13735488057136536
2024-10-27 00:00:00+00:00,0.13735626637935638,0.13836665451526642,0.13605789840221405,0.1380179524421692
2024-10-27 04:00:00+00:00,0.1380346566438675,0.13838104903697968,0.13764482736587524,0.13806922733783722
2024-10-27 08:00:00+00:00,0.13807527720928192,0.13826191425323486,0.136618971824646,0.13732296228408813
2024-10-27 12:00:00+00:00,0.13730883598327637,0.1408623307943344,0.13730794191360474,0.14080093801021576
2024-10-27 16:00:00+00:00,0.14100955426692963,0.14374947547912598,0.1404237002134323,0.1410830169916153
2024-10-27 20:00:00+00:00,0.1410863846540451,0.14582060277462006,0.1405799835920334,0.14431115984916687
2024-10-28 00:00:00+00:00,0.1442209631204605,0.14589418470859528,0.1411914974451065,0.1430671513080597
2024-10-28 04:00:00+00:00,0.14305664598941803,0.14493857324123383,0.1420532912015915,0.14330919086933136
2024-10-28 08:00:00+00:00,0.14332765340805054,0.14656127989292145,0.14217112958431244,0.1456354707479477
2024-10-28 12:00:00+00:00,0.14559020102024078,0.15056723356246948,0.14523983001708984,0.14774471521377563
2024-10-28 16:00:00+00:00,0.14774082601070404,0.16064757108688354,0.14774082601070404,0.1586068719625473
2024-10-28 20:00:00+00:00,0.15857070684432983,0.16196925938129425,0.1567855328321457,0.16115111112594604
2024-10-29 00:00:00+00:00,0.1611982136964798,0.16836880147457123,0.16082864999771118,0.16706019639968872
2024-10-29 04:00:00+00:00,0.1670554131269455,0.1670554131269455,0.1635066568851471,0.1642889827489853
2024-10-29 08:00:00+00:00,0.16452616453170776,0.16687831282615662,0.16376912593841553,0.16662849485874176
2024-10-29 12:00:00+00:00,0.1666277050971985,0.17188715934753418,0.16487395763397217,0.17188715934753418
2024-10-29 16:00:00+00:00,0.1720549613237381,0.17917200922966003,0.16979283094406128,0.1707029491662979
2024-10-29 20:00:00+00:00,0.17052659392356873,0.1764274686574936,0.1687450110912323,0.1758223921060562
2024-10-30 00:00:00+00:00,0.17580309510231018,0.17746853828430176,0.17294132709503174,0.1749560832977295
2024-10-30 04:00:00+00:00,0.17496655881404877,0.17753401398658752,0.1723243147134781,0.17253310978412628
2024-10-30 08:00:00+00:00,0.17261426150798798,0.17348116636276245,0.1675063967704773,0.16811665892601013
2024-10-30 12:00:00+00:00,0.1680963635444641,0.17107416689395905,0.16537199914455414,0.16559772193431854
2024-10-30 16:00:00+00:00,0.16558372974395752,0.16846606135368347,0.1652909219264984,0.1678236722946167
2024-10-30 20:00:00+00:00,0.16774219274520874,0.17054031789302826,0.16694524884223938,0.16814614832401276
2024-10-31 00:00:00+00:00,0.16814570128917694,0.1721041053533554,0.1678796410560608,0.17023569345474243
2024-10-31 04:00:00+00:00,0.17024308443069458,0.17270736396312714,0.17024308443069458,0.17220833897590637
2024-10-31 08:00:00+00:00,0.17217162251472473,0.17297454178333282,0.1691209226846695,0.17124678194522858
2024-10-31 12:00:00+00:00,0.17124943435192108,0.1716638058423996,0.16515794396400452,0.16602742671966553
2024-10-31 16:00:00+00:00,0.16598032414913177,0.16626253724098206,0.1591188758611679,0.15915341675281525
2024-10-31 20:00:00+00:00,0.15912340581417084,0.16238053143024445,0.15677012503147125,0.16137206554412842
2024-11-01 00:00:00+00:00,0.1616457998752594,0.1634928584098816,0.15782707929611206,0.15824593603610992
2024-11-01 04:00:00+00:00,0.15823812782764435,0.16015031933784485,0.15459845960140228,0.15587404370307922
2024-11-01 08:00:00+00:00,0.15592114627361298,0.16210775077342987,0.15592114627361298,0.16086086630821228
2024-11-01 12:00:00+00:00,0.16087283194065094,0.1681208461523056,0.15894071757793427,0.1601540595293045
2024-11-01 16:00:00+00:00,0.15992632508277893,0.16320040822029114,0.15965242683887482,0.1600205898284912
2024-11-01 20:00:00+00:00,0.16020818054676056,0.16147537529468536,0.1569308042526245,0.15918485820293427
2024-11-02 00:00:00+00:00,0.15916575491428375,0.16325749456882477,0.15916575491428375,0.16108839213848114
2024-11-02 04:00:00+00:00,0.16110558807849884,0.1625262349843979,0.1598513275384903,0.16204626858234406
2024-11-02 08:00:00+00:00,0.16204452514648438,0.16214235126972198,0.158878356218338,0.1593429148197174
2024-11-02 12:00:00+00:00,0.15937694907188416,0.16014093160629272,0.15607737004756927,0.15677864849567413
2024-11-02 16:00:00+00:00,0.15671950578689575,0.1600048691034317,0.15671950578689575,0.1597731113433838
2024-11-02 20:00:00+00:00,0.15974390506744385,0.16001752018928528,0.15778294205665588,0.15929138660430908
2024-11-03 00:00:00+00:00,0.15932832658290863,0.15959732234477997,0.1488725244998932,0.15049418807029724
2024-11-03 04:00:00+00:00,0.1505003571510315,0.1526145339012146,0.15019208192825317,0.15168572962284088
2024-11-03 08:00:00+00:00,0.1517048478126526,0.15231198072433472,0.14825521409511566,0.14827260375022888
2024-11-03 12:00:00+00:00,0.14821209013462067,0.1500019133090973,0.14282934367656708,0.14577937126159668
2024-11-03 16:00:00+00:00,0.14594939351081848,0.14851389825344086,0.14428958296775818,0.14849106967449188
2024-11-03 20:00:00+00:00,0.1485818326473236,0.1536203920841217,0.1484413594007492,0.15145404636859894
2024-11-04 00:00:00+00:00,0.15129967033863068,0.15416564047336578,0.14860472083091736,0.15189211070537567
2024-11-04 04:00:00+00:00,0.15179717540740967,0.15253087878227234,0.14962837100028992,0.15075673162937164
2024-11-04 08:00:00+00:00,0.15075162053108215,0.1578400731086731,0.1497538536787033,0.15694211423397064
2024-11-04 12:00:00+00:00,0.15681248903274536,0.1592382788658142,0.1546931117773056,0.15805749595165253
2024-11-04 16:00:00+00:00,0.15797728300094604,0.15983018279075623,0.15482132136821747,0.15904584527015686
2024-11-04 20:00:00+00:00,0.15921440720558167,0.15956830978393555,0.15247602760791779,0.15762189030647278
2024-11-05 00:00:00+00:00,0.15819938480854034,0.1657968908548355,0.15819938480854034,0.16205641627311707
2024-11-05 04:00:00+00:00,0.16209329664707184,0.16896435618400574,0.16184447705745697,0.16795384883880615
2024-11-05 08:00:00+00:00,0.16783857345581055,0.1722964495420456,0.16616493463516235,0.17169472575187683
2024-11-05 12:00:00+00:00,0.1716737002134323,0.1786784529685974,0.1688993126153946,0.17449799180030823
2024-11-05 16:00:00+00:00,0.17451417446136475,0.1774158924818039,0.16820970177650452,0.16820970177650452
2024-11-05 20:00:00+00:00,0.16820929944515228,0.1727682650089264,0.16597267985343933,0.17018961906433105
2024-11-06 00:00:00+00:00,0.17017878592014313,0.212132066488266,0.16980154812335968,0.21174797415733337
2024-11-06 04:00:00+00:00,0.211431622505188,0.21180057525634766,0.199462890625,0.199462890625
2024-11-06 08:00:00+00:00,0.19942940771579742,0.203177347779274,0.18777263164520264,0.2025112509727478
2024-11-06 12:00:00+00:00,0.2024671584367752,0.2045217752456665,0.190379336476326,0.19215376675128937
2024-11-06 16:00:00+00:00,0.1920739859342575,0.1954374760389328,0.18768110871315002,0.19517381489276886
2024-11-06 20:00:00+00:00,0.1952233910560608,0.1995311975479126,0.19413019716739655,0.1966593861579895
2024-11-07 00:00:00+00:00,0.19664159417152405,0.2034645825624466,0.19400589168071747,0.19575002789497375
2024-11-07 04:00:00+00:00,0.19596323370933533,0.19628533720970154,0.18905147910118103,0.1917341947555542
2024-11-07 08:00:00+00:00,0.19166891276836395,0.19412584602832794,0.19055233895778656,0.19113518297672272
2024-11-07 12:00:00+00:00,0.19095636904239655,0.194182351231575,0.1863010674715042,0.194182351231575
2024-11-07 16:00:00+00:00,0.1942611038684845,0.1968526989221573,0.19206145405769348,0.1937694549560547
2024-11-07 20:00:00+00:00,0.19384761154651642,0.19507399201393127,0.19071882963180542,0.19318994879722595
2024-11-08 00:00:00+00:00,0.1944102644920349,0.19849050045013428,0.19134169816970825,0.1946895867586136
2024-11-08 04:00:00+00:00,0.19473963975906372,0.20142410695552826,0.19446507096290588,0.20060917735099792
2024-11-08 08:00:00+00:00,0.19825182855129242,0.19872768223285675,0.19557538628578186,0.19675637781620026
2024-11-08 12:00:00+00:00,0.19674913585186005,0.20019015669822693,0.19403043389320374,0.19764000177383423
2024-11-08 16:00:00+00:00,0.19729472696781158,0.19791847467422485,0.19134306907653809,0.19749730825424194
2024-11-08 20:00:00+00:00,0.1975153237581253,0.20635411143302917,0.19550606608390808,0.20213094353675842
2024-11-09 00:00:00+00:00,0.20179589092731476,0.20435401797294617,0.19784104824066162,0.1993715763092041
2024-11-09 04:00:00+00:00,0.1993819624185562,0.20982961356639862,0.19913257658481598,0.20982961356639862
2024-11-09 08:00:00+00:00,0.2096407264471054,0.21196022629737854,0.20790225267410278,0.20803901553153992
2024-11-09 12:00:00+00:00,0.20799125730991364,0.20799125730991364,0.20362579822540283,0.20547457039356232
2024-11-09 16:00:00+00:00,0.2054525464773178,0.21025986969470978,0.2021293193101883,0.2082199603319168
2024-11-09 20:00:00+00:00,0.2081705778837204,0.21914631128311157,0.20804017782211304,0.21876050531864166
2024-11-10 00:00:00+00:00,0.21861012279987335,0.22880183160305023,0.21731460094451904,0.22843219339847565
2024-11-10 04:00:00+00:00,0.22844158113002777,0.23077701032161713,0.2252364307641983,0.22694186866283417
2024-11-10 08:00:00+00:00,0.22694121301174164,0.24303705990314484,0.22694121301174164,0.24303705990314484
2024-11-10 12:00:00+00:00,0.24285271763801575,0.24880236387252808,0.23951956629753113,0.24679072201251984
2024-11-10 16:00:00+00:00,0.2472618967294693,0.2966044545173645,0.2454914152622223,0.2698829174041748
2024-11-10 20:00:00+00:00,0.2708873450756073,0.28326740860939026,0.25134825706481934,0.279098778963089
2024-11-11 00:00:00+00:00,0.27757734060287476,0.3010611832141876,0.27757734060287476,0.29291507601737976
2024-11-11 04:00:00+00:00,0.2936748266220093,0.29635605216026306,0.27632540464401245,0.2823280394077301
2024-11-11 08:00:00+00:00,0.28220129013061523,0.2950185239315033,0.2768491208553314,0.2930115759372711
2024-11-11 12:00:00+00:00,0.2929544150829315,0.31161460280418396,0.28472405672073364,0.31010690331459045
2024-11-11 16:00:00+00:00,0.3100418150424957,0.32768383622169495,0.3100418150424957,0.31869667768478394
2024-11-11 20:00:00+00:00,0.31866657733917236,0.3495211899280548,0.3186585009098053,0.3495211899280548
2024-11-12 00:00:00+00:00,0.3498174250125885,0.364057332277298,0.3340890407562256,0.364057332277298
2024-11-12 04:00:00+00:00,0.3641030788421631,0.41917920112609863,0.36248496174812317,0.4154435396194458
2024-11-12 08:00:00+00:00,0.41477206349372864,0.4355858266353607,0.3558380901813507,0.3959886133670807
2024-11-12 12:00:00+00:00,0.39601045846939087,0.4029020667076111,0.3438430428504944,0.3680543601512909
2024-11-12 16:00:00+00:00,0.36961814761161804,0.3945430815219879,0.3528294265270233,0.3832331895828247
2024-11-12 20:00:00+00:00,0.3832320272922516,0.3959940969944,0.37188366055488586,0.38251829147338867
2024-11-13 00:00:00+00:00,0.3822817802429199,0.4108124375343323,0.3704363703727722,0.37578892707824707
2024-11-13 04:00:00+00:00,0.37446683645248413,0.3819909989833832,0.35662132501602173,0.37747377157211304
2024-11-13 08:00:00+00:00,0.37749385833740234,0.393130362033844,0.3713904321193695,0.38790038228034973
2024-11-13 12:00:00+00:00,0.3882789611816406,0.4316236972808838,0.38169628381729126,0.42231857776641846
2024-11-13 16:00:00+00:00,0.4217519164085388,0.4223368763923645,0.3832675814628601,0.3832675814628601
2024-11-13 20:00:00+00:00,0.38327640295028687,0.40410274267196655,0.373758465051651,0.39952266216278076
2024-11-14 00:00:00+00:00,0.39930659532546997,0.39957618713378906,0.38124874234199524,0.38789424300193787
2024-11-14 04:00:00+00:00,0.38782474398612976,0.4003358781337738,0.38547179102897644,0.39885082840919495
2024-11-14 08:00:00+00:00,0.3987659215927124,0.4071064293384552,0.3906049132347107,0.3980705142021179
2024-11-14 12:00:00+00:00,0.39775264263153076,0.41407909989356995,0.3821171820163727,0.38548120856285095
2024-11-14 16:00:00+00:00,0.38493049144744873,0.39953091740608215,0.3836241066455841,0.39533448219299316
2024-11-14 20:00:00+00:00,0.3953457176685333,0.3953457176685333,0.35582566261291504,0.36173421144485474
2024-11-15 00:00:00+00:00,0.36188533902168274,0.3758746087551117,0.36188533902168274,0.3711976706981659
2024-11-15 04:00:00+00:00,0.37115976214408875,0.37115976214408875,0.35489901900291443,0.36618295311927795
2024-11-15 08:00:00+00:00,0.36612653732299805,0.37706759572029114,0.3635106682777405,0.3731502890586853
2024-11-15 12:00:00+00:00,0.3732124865055084,0.3795973062515259,0.35465705394744873,0.3560144901275635
2024-11-15 16:00:00+00:00,0.3562290668487549,0.3720693290233612,0.35602667927742004,0.36843809485435486
2024-11-15 20:00:00+00:00,0.3690631687641144,0.3842305541038513,0.3690631687641144,0.3791970908641815
2024-11-16 00:00:00+00:00,0.3800686299800873,0.38320061564445496,0.3734777569770813,0.37961554527282715
2024-11-16 04:00:00+00:00,0.37933558225631714,0.3892354369163513,0.37517353892326355,0.3791005611419678
2024-11-16 08:00:00+00:00,0.37903285026550293,0.38036322593688965,0.37240779399871826,0.3762420415878296
2024-11-16 12:00:00+00:00,0.37621763348579407,0.37668174505233765,0.3630419671535492,0.36540403962135315
2024-11-16 16:00:00+00:00,0.3655327260494232,0.37415483593940735,0.36391738057136536,0.3723561763763428
2024-11-16 20:00:00+00:00,0.37233707308769226,0.37265545129776,0.36157676577568054,0.3637501001358032
2024-11-17 00:00:00+00:00,0.363803505897522,0.36814823746681213,0.341736763715744,0.35104402899742126
2024-11-17 04:00:00+00:00,0.3510468304157257,0.35953712463378906,0.34857869148254395,0.35878047347068787
2024-11-17 08:00:00+00:00,0.3587789833545685,0.3734484612941742,0.35868674516677856,0.36126431822776794
2024-11-17 12:00:00+00:00,0.3611814081668854,0.36968040466308594,0.35903847217559814,0.3642863929271698
2024-11-17 16:00:00+00:00,0.36399441957473755,0.3695765435695648,0.35547661781311035,0.3597640097141266
2024-11-17 20:00:00+00:00,0.3594886362552643,0.3668714463710785,0.35403668880462646,0.3664558529853821
2024-11-18 00:00:00+00:00,0.36666420102119446,0.3753238022327423,0.36191412806510925,0.3716598153114319
2024-11-18 04:00:00+00:00,0.37171879410743713,0.3797650635242462,0.36862611770629883,0.3752017319202423
2024-11-18 08:00:00+00:00,0.37518587708473206,0.37920618057250977,0.3623560667037964,0.3624584972858429
2024-11-18 12:00:00+00:00,0.3625801205635071,0.3777494430541992,0.3593113124370575,0.3775453567504883
2024-11-18 16:00:00+00:00,0.3779613971710205,0.3788134753704071,0.3642064034938812,0.36799106001853943
2024-11-18 20:00:00+00:00,0.3679342567920685,0.37925800681114197,0.36745694279670715,0.3717397451400757
2024-11-19 00:00:00+00:00,0.37159109115600586,0.37681064009666443,0.36804476380348206,0.37676119804382324
2024-11-19 04:00:00+00:00,0.3770240247249603,0.39512449502944946,0.3770240247249603,0.38925695419311523
2024-11-19 08:00:00+00:00,0.38895753026008606,0.38896968960762024,0.3815614879131317,0.3831292688846588
2024-11-19 12:00:00+00:00,0.38315486907958984,0.40139856934547424,0.38315486907958984,0.39453309774398804
2024-11-19 16:00:00+00:00,0.39485180377960205,0.4182675778865814,0.39424559473991394,0.40577802062034607
2024-11-19 20:00:00+00:00,0.40568751096725464,0.40708181262016296,0.38112780451774597,0.39134031534194946
2024-11-20 00:00:00+00:00,0.3913261890411377,0.3913261890411377,0.37842315435409546,0.38388046622276306
2024-11-20 04:00:00+00:00,0.38385456800460815,0.392225980758667,0.38215288519859314,0.3899999260902405
2024-11-20 08:00:00+00:00,0.39008134603500366,0.3950904905796051,0.3857530355453491,0.38989561796188354
2024-11-20 12:00:00+00:00,0.38979196548461914,0.39559879899024963,0.38315245509147644,0.3923541009426117
2024-11-20 16:00:00+00:00,0.39253002405166626,0.39263078570365906,0.36664730310440063,0.37261655926704407
2024-11-20 20:00:00+00:00,0.37260130047798157,0.3811022639274597,0.3716340661048889,0.3774968385696411
2024-11-21 00:00:00+00:00,0.3774716854095459,0.38572967052459717,0.3706144690513611,0.3777349591255188
2024-11-21 04:00:00+00:00,0.37762904167175293,0.38959363102912903,0.3768489956855774,0.3851604461669922
2024-11-21 08:00:00+00:00,0.3851590156555176,0.3871443569660187,0.37953492999076843,0.38291922211647034
2024-11-21 12:00:00+00:00,0.38298627734184265,0.3941742181777954,0.3784295916557312,0.3805409073829651
2024-11-21 16:00:00+00:00,0.38047611713409424,0.3879624009132385,0.3799132704734802,0.3851029872894287
2024-11-21 20:00:00+00:00,0.385047972202301,0.38993754982948303,0.3828767240047455,0.38764283061027527
2024-11-22 00:00:00+00:00,0.3874860405921936,0.39963629841804504,0.38157376646995544,0.3938833475112915
2024-11-22 04:00:00+00:00,0.3939393162727356,0.39901304244995117,0.39219802618026733,0.3922748863697052
2024-11-22 08:00:00+00:00,0.39231860637664795,0.3941969871520996,0.38618195056915283,0.39400267601013184
2024-11-22 12:00:00+00:00,0.39403703808784485,0.4139326810836792,0.39267078042030334,0.40375062823295593
2024-11-22 16:00:00+00:00,0.4037376642227173,0.4137406349182129,0.3964294195175171,0.4003964066505432
2024-11-22 20:00:00+00:00,0.40032830834388733,0.4188542366027832,0.4000851809978485,0.4129236340522766
2024-11-23 00:00:00+00:00,0.41291970014572144,0.4331907629966736,0.40591898560523987,0.4331907629966736
2024-11-23 04:00:00+00:00,0.43357419967651367,0.4746902287006378,0.43357419967651367,0.4611957371234894
2024-11-23 08:00:00+00:00,0.46130791306495667,0.4773229956626892,0.45530107617378235,0.47135961055755615
2024-11-23 12:00:00+00:00,0.4710918366909027,0.4744237959384918,0.4567899703979492,0.4567899703979492
2024-11-23 16:00:00+00:00,0.4567083716392517,0.4577963352203369,0.4206426441669464,0.4249708354473114
2024-11-23 20:00:00+00:00,0.4250577390193939,0.44212210178375244,0.41744714975357056,0.430013507604599
2024-11-24 00:00:00+00:00,0.4300723969936371,0.45232996344566345,0.4297860562801361,0.4417616128921509
2024-11-24 04:00:00+00:00,0.4418584704399109,0.44289615750312805,0.431505411863327,0.43742454051971436
2024-11-24 08:00:00+00:00,0.43812844157218933,0.43911013007164,0.4162274897098541,0.4162274897098541
2024-11-24 12:00:00+00:00,0.416116327047348,0.4206821620464325,0.40114104747772217,0.4032529890537262
2024-11-24 16:00:00+00:00,0.40300315618515015,0.42215272784233093,0.40184926986694336,0.41889727115631104
2024-11-24 20:00:00+00:00,0.4185619354248047,0.4357551634311676,0.41807541251182556,0.4297696352005005
2024-11-25 00:00:00+00:00,0.4297696352005005,0.4297696352005005,0.4142840504646301,0.42352598905563354
2024-11-25 04:00:00+00:00,0.4235660433769226,0.4291541874408722,0.42099520564079285,0.42882636189460754
2024-11-25 08:00:00+00:00,0.4287990629673004,0.4367089867591858,0.4246446490287781,0.425065815448761
2024-11-25 12:00:00+00:00,0.4250723123550415,0.4266844689846039,0.40129682421684265,0.41697201132774353
2024-11-25 16:00:00+00:00,0.4166013300418854,0.42138832807540894,0.3993223011493683,0.4043837785720825
2024-11-25 20:00:00+00:00,0.4043710231781006,0.40764319896698,0.3817310035228729,0.3935074508190155
2024-11-26 00:00:00+00:00,0.39328888058662415,0.4081866443157196,0.39179953932762146,0.4065748155117035
2024-11-26 04:00:00+00:00,0.40647438168525696,0.40837228298187256,0.3969893455505371,0.39807426929473877
2024-11-26 08:00:00+00:00,0.3978077173233032,0.3978177607059479,0.3675405979156494,0.3762562572956085
2024-11-26 12:00:00+00:00,0.37628960609436035,0.3864961862564087,0.36916396021842957,0.38119322061538696
2024-11-26 16:00:00+00:00,0.3811410963535309,0.38977065682411194,0.3715244233608246,0.37769588828086853
2024-11-26 20:00:00+00:00,0.3781074583530426,0.3876385986804962,0.3781074583530426,0.38761454820632935
2024-11-27 00:00:00+00:00,0.38753628730773926,0.391943097114563,0.38192692399024963,0.3875475823879242
2024-11-27 04:00:00+00:00,0.38747718930244446,0.3984612822532654,0.38714420795440674,0.39803141355514526
2024-11-27 08:00:00+00:00,0.39802032709121704,0.39802032709121704,0.3898186683654785,0.3904282748699188
2024-11-27 12:00:00+00:00,0.39045846462249756,0.4036790728569031,0.3858918249607086,0.4028953015804291
2024-11-27 16:00:00+00:00,0.40259602665901184,0.4051171541213989,0.3982834815979004,0.4039078652858734
2024-11-27 20:00:00+00:00,0.40394625067710876,0.40793976187705994,0.40067556500434875,0.4015154540538788
2024-11-28 00:00:00+00:00,0.4015030562877655,0.4271717667579651,0.39834943413734436,0.4102949798107147
2024-11-28 04:00:00+00:00,0.41021931171417236,0.41268980503082275,0.401670902967453,0.40206441283226013
2024-11-28 08:00:00+00:00,0.40228649973869324,0.40570148825645447,0.39667972922325134,0.40209513902664185
2024-11-28 12:00:00+00:00,0.4021059274673462,0.4039680063724518,0.3924808204174042,0.3928753733634949
2024-11-28 16:00:00+00:00,0.39292994141578674,0.40038469433784485,0.39292994141578674,0.3986206650733948
2024-11-28 20:00:00+00:00,0.3987880051136017,0.40382906794548035,0.39663296937942505,0.4020192325115204
2024-11-29 00:00:00+00:00,0.40199100971221924,0.4077681601047516,0.3999919295310974,0.4066469371318817
2024-11-29 04:00:00+00:00,0.40675339102745056,0.40701571106910706,0.40111011266708374,0.40111011266708374
2024-11-29 08:00:00+00:00,0.4009099304676056,0.4153413474559784,0.4009099304676056,0.4139143228530884
2024-11-29 12:00:00+00:00,0.41394415497779846,0.4238011837005615,0.4106369614601135,0.4207184612751007
2024-11-29 16:00:00+00:00,0.42009589076042175,0.4332621395587921,0.41675901412963867,0.4332621395587921
2024-11-29 20:00:00+00:00,0.43326273560523987,0.43688738346099854,0.42470017075538635,0.42583855986595154
2024-11-30 00:00:00+00:00,0.42636895179748535,0.42636895179748535,0.41539961099624634,0.4226028323173523
2024-11-30 04:00:00+00:00,0.4226241707801819,0.4317358136177063,0.4210895001888275,0.4293927550315857
2024-11-30 08:00:00+00:00,0.42999574542045593,0.43456271290779114,0.42049434781074524,0.423305869102478
2024-11-30 12:00:00+00:00,0.42274147272109985,0.4253997206687927,0.418837308883667,0.4235280454158783
2024-11-30 16:00:00+00:00,0.4233771562576294,0.42823827266693115,0.42274072766304016,0.4262600243091583
2024-11-30 20:00:00+00:00,0.4262373447418213,0.4295332729816437,0.4211871922016144,0.4219684302806854
2024-12-01 00:00:00+00:00,0.4219086468219757,0.43442103266716003,0.41790130734443665,0.4251546561717987
2024-12-01 04:00:00+00:00,0.42518845200538635,0.43079909682273865,0.42492642998695374,0.42766273021698
2024-12-01 08:00:00+00:00,0.42762210965156555,0.4308640658855438,0.4215991795063019,0.42420411109924316
2024-12-01 12:00:00+00:00,0.4246681034564972,0.4294831156730652,0.4223535656929016,0.4280753433704376
2024-12-01 16:00:00+00:00,0.4280848205089569,0.442791610956192,0.4280848205089569,0.43106186389923096
2024-12-01 20:00:00+00:00,0.43104761838912964,0.44878774881362915,0.42764192819595337,0.4400494694709778
2024-12-02 00:00:00+00:00,0.44028913974761963,0.45927077531814575,0.4398927092552185,0.44282642006874084
2024-12-02 04:00:00+00:00,0.4429444372653961,0.4437921643257141,0.4284908175468445,0.4289902150630951
2024-12-02 08:00:00+00:00,0.4290541410446167,0.4290541410446167,0.4052913188934326,0.40952831506729126
2024-12-02 12:00:00+00:00,0.40929946303367615,0.43597161769866943,0.4086390733718872,0.4346064329147339
2024-12-02 16:00:00+00:00,0.43441128730773926,0.4378710091114044,0.41126593947410583,0.4248608648777008
2024-12-02 20:00:00+00:00,0.4244389235973358,0.4263436198234558,0.41921302676200867,0.42464813590049744
2024-12-03 00:00:00+00:00,0.42467212677001953,0.4279412627220154,0.4156569242477417,0.42347660660743713
2024-12-03 04:00:00+00:00,0.42334529757499695,0.42759305238723755,0.41352134943008423,0.41687291860580444
2024-12-03 08:00:00+00:00,0.41683217883110046,0.4203222990036011,0.41215217113494873,0.4182422459125519
2024-12-03 12:00:00+00:00,0.41828930377960205,0.41847243905067444,0.39169880747795105,0.4046442210674286
2024-12-03 16:00:00+00:00,0.40515416860580444,0.41155242919921875,0.4006904065608978,0.40758994221687317
2024-12-03 20:00:00+00:00,0.40749865770339966,0.4164574444293976,0.40749865770339966,0.40785130858421326
2024-12-04 00:00:00+00:00,0.40770506858825684,0.4184263348579407,0.40770506858825684,0.41628456115722656
2024-12-04 04:00:00+00:00,0.4162425696849823,0.4222414791584015,0.4150800108909607,0.4208923578262329
2024-12-04 08:00:00+00:00,0.420819491147995,0.4224114716053009,0.4165666103363037,0.41744890809059143
2024-12-04 12:00:00+00:00,0.4174124002456665,0.4174124002456665,0.4096139669418335,0.41227442026138306
2024-12-04 16:00:00+00:00,0.4124217927455902,0.41798150539398193,0.40197136998176575,0.41704457998275757
2024-12-04 20:00:00+00:00,0.41695913672447205,0.4355376064777374,0.41637280583381653,0.43106773495674133
2024-12-05 00:00:00+00:00,0.4304850399494171,0.4495236575603485,0.4096510708332062,0.4387989640235901
2024-12-05 04:00:00+00:00,0.438782274723053,0.4627309739589691,0.4323042929172516,0.4402124881744385
2024-12-05 08:00:00+00:00,0.44013816118240356,0.4477544128894806,0.4358229637145996,0.4460143446922302
2024-12-05 12:00:00+00:00,0.4459950029850006,0.45519009232521057,0.43751174211502075,0.4396725296974182
2024-12-05 16:00:00+00:00,0.4397105574607849,0.4450730085372925,0.4318434000015259,0.43208470940589905
2024-12-05 20:00:00+00:00,0.43210676312446594,0.43597495555877686,0.4218449592590332,0.42789384722709656
2024-12-06 00:00:00+00:00,0.4274444282054901,0.43877723813056946,0.42466068267822266,0.4360326826572418
2024-12-06 04:00:00+00:00,0.4365195035934448,0.4385490119457245,0.434262752532959,0.436975359916687
2024-12-06 08:00:00+00:00,0.43695223331451416,0.44055649638175964,0.42500683665275574,0.4276474714279175
2024-12-06 12:00:00+00:00,0.42769986391067505,0.43623125553131104,0.4212600886821747,0.43216726183891296
2024-12-06 16:00:00+00:00,0.43293315172195435,0.44033709168434143,0.4325528144836426,0.4392668306827545
2024-12-06 20:00:00+00:00,0.4392760694026947,0.4417693316936493,0.433820903301239,0.435691237449646
2024-12-07 00:00:00+00:00,0.43540170788764954,0.4398891031742096,0.43345144391059875,0.43501797318458557
2024-12-07 04:00:00+00:00,0.4348694086074829,0.4526452124118805,0.4321468472480774,0.4473392069339752
2024-12-07 08:00:00+00:00,0.4486628472805023,0.45279550552368164,0.44347742199897766,0.4508160948753357
2024-12-07 12:00:00+00:00,0.4507330358028412,0.4545294940471649,0.4440605938434601,0.45314815640449524
2024-12-07 16:00:00+00:00,0.45310068130493164,0.46592187881469727,0.452262282371521,0.4636276662349701
2024-12-07 20:00:00+00:00,0.4636293649673462,0.464491069316864,0.45275744795799255,0.4538910686969757
2024-12-08 00:00:00+00:00,0.4535231590270996,0.4668874442577362,0.45135658979415894,0.4668874442577362
2024-12-08 04:00:00+00:00,0.4690646231174469,0.4832073748111725,0.4650779068470001,0.4661766290664673
2024-12-08 08:00:00+00:00,0.46583640575408936,0.46583640575408936,0.44829827547073364,0.4604319930076599
2024-12-08 12:00:00+00:00,0.46037808060646057,0.4656355381011963,0.4553978145122528,0.4616635739803314
2024-12-08 16:00:00+00:00,0.46170204877853394,0.46753156185150146,0.4602096676826477,0.46426838636398315
2024-12-08 20:00:00+00:00,0.4648330807685852,0.4674185514450073,0.45995092391967773,0.46729907393455505
2024-12-09 00:00:00+00:00,0.46703532338142395,0.46703532338142395,0.44760820269584656,0.4498022198677063
2024-12-09 04:00:00+00:00,0.45070427656173706,0.45430514216423035,0.43946966528892517,0.44680118560791016
2024-12-09 08:00:00+00:00,0.4467480182647705,0.4467480182647705,0.4280630946159363,0.4305804669857025
2024-12-09 12:00:00+00:00,0.43071648478507996,0.4480019509792328,0.4275166690349579,0.4329759180545807
2024-12-09 16:00:00+00:00,0.43284639716148376,0.43994471430778503,0.4320467412471771,0.4334559440612793
2024-12-09 20:00:00+00:00,0.4332409203052521,0.4332409203052521,0.3864753246307373,0.4147222340106964
2024-12-10 00:00:00+00:00,0.41486653685569763,0.42236772179603577,0.38804763555526733,0.40048933029174805
2024-12-10 04:00:00+00:00,0.4011383056640625,0.4133220911026001,0.39194828271865845,0.4087145924568176
2024-12-10 08:00:00+00:00,0.40876492857933044,0.415310263633728,0.40575677156448364,0.41031187772750854
2024-12-10 12:00:00+00:00,0.41033342480659485,0.41033342480659485,0.3785973787307739,0.3785973787307739
2024-12-10 16:00:00+00:00,0.37786462903022766,0.3875497281551361,0.36741045117378235,0.3858005106449127
2024-12-10 20:00:00+00:00,0.3858031928539276,0.3983282148838043,0.38461509346961975,0.3945122957229614
2024-12-11 00:00:00+00:00,0.3944852352142334,0.3977799117565155,0.3768264651298523,0.3901515305042267
2024-12-11 04:00:00+00:00,0.3901790380477905,0.3942938446998596,0.38787591457366943,0.38808155059814453
2024-12-11 08:00:00+00:00,0.3877848982810974,0.40471264719963074,0.38738372921943665,0.40208882093429565
2024-12-11 12:00:00+00:00,0.4020758867263794,0.41842344403266907,0.4017297029495239,0.4130961298942566
2024-12-11 16:00:00+00:00,0.4131644368171692,0.4185079038143158,0.4066600799560547,0.4154057502746582
2024-12-11 20:00:00+00:00,0.4154576361179352,0.41877323389053345,0.4141302704811096,0.4145030081272125
2024-12-12 00:00:00+00:00,0.4144091010093689,0.4202480912208557,0.407940149307251,0.4154459834098816
2024-12-12 04:00:00+00:00,0.41570982336997986,0.42323845624923706,0.4140828251838684,0.4140828251838684
2024-12-12 08:00:00+00:00,0.4140898585319519,0.4182474911212921,0.4084678292274475,0.41014161705970764
2024-12-12 12:00:00+00:00,0.41018998622894287,0.41799092292785645,0.40989065170288086,0.41495954990386963
2024-12-12 16:00:00+00:00,0.41495105624198914,0.41808652877807617,0.40175142884254456,0.4017818570137024
2024-12-12 20:00:00+00:00,0.40182408690452576,0.4092966616153717,0.40182408690452576,0.40654823184013367
2024-12-13 00:00:00+00:00,0.4065020978450775,0.4091804027557373,0.3998616635799408,0.40820980072021484
2024-12-13 04:00:00+00:00,0.40820199251174927,0.408743292093277,0.40055668354034424,0.4050367474555969
2024-12-13 08:00:00+00:00,0.40497657656669617,0.4069404602050781,0.4010188579559326,0.4046109914779663
2024-12-13 12:00:00+00:00,0.4043614864349365,0.4115862548351288,0.4022948443889618,0.40231817960739136
2024-12-13 16:00:00+00:00,0.40251249074935913,0.40949299931526184,0.4010480046272278,0.4040745496749878
2024-12-13 20:00:00+00:00,0.40404388308525085,0.4090808629989624,0.4029366075992584,0.4090808629989624
2024-12-14 00:00:00+00:00,0.4090394377708435,0.4127218723297119,0.4064984619617462,0.4098270535469055
2024-12-14 04:00:00+00:00,0.40981701016426086,0.4116590619087219,0.4086204469203949,0.4097397029399872
2024-12-14 08:00:00+00:00,0.4096551537513733,0.41031163930892944,0.40502122044563293,0.4060039818286896
2024-12-14 12:00:00+00:00,0.4058874547481537,0.40610358119010925,0.3948129117488861,0.3978484272956848
2024-12-14 16:00:00+00:00,0.39774665236473083,0.39774665236473083,0.38816899061203003,0.3920813202857971
2024-12-14 20:00:00+00:00,0.3920954763889313,0.3993411958217621,0.3881964385509491,0.397972047328949
2024-12-15 00:00:00+00:00,0.39795199036598206,0.39972665905952454,0.3949848711490631,0.3972761631011963
2024-12-15 04:00:00+00:00,0.39718008041381836,0.4009048044681549,0.3931148052215576,0.3954601585865021
2024-12-15 08:00:00+00:00,0.3954715430736542,0.40016064047813416,0.39520177245140076,0.40016064047813416
2024-12-15 12:00:00+00:00,0.40036967396736145,0.40416595339775085,0.40019652247428894,0.40301933884620667
2024-12-15 16:00:00+00:00,0.402990460395813,0.4046277105808258,0.40204405784606934,0.40274494886398315
2024-12-15 20:00:00+00:00,0.4026750326156616,0.40980446338653564,0.3975377678871155,0.40629488229751587
2024-12-16 00:00:00+00:00,0.40636521577835083,0.41341057419776917,0.40351390838623047,0.4042370319366455
2024-12-16 04:00:00+00:00,0.4047171473503113,0.40606415271759033,0.40368226170539856,0.40409326553344727
2024-12-16 08:00:00+00:00,0.40409913659095764,0.4045536518096924,0.3927537798881531,0.3928655683994293
2024-12-16 12:00:00+00:00,0.39306867122650146,0.4009922444820404,0.39306867122650146,0.399953156709671
2024-12-16 16:00:00+00:00,0.4000028967857361,0.4128744602203369,0.4000028967857361,0.40614044666290283
2024-12-16 20:00:00+00:00,0.4061454236507416,0.40620869398117065,0.4005224108695984,0.40193459391593933
2024-12-17 00:00:00+00:00,0.4019373059272766,0.4032882750034332,0.3961370587348938,0.4032021760940552
2024-12-17 04:00:00+00:00,0.4032047390937805,0.4032488763332367,0.3973805606365204,0.39748409390449524
2024-12-17 08:00:00+00:00,0.39756056666374207,0.40660712122917175,0.39756056666374207,0.40431758761405945
2024-12-17 12:00:00+00:00,0.40429529547691345,0.40966248512268066,0.3968674838542938,0.3980443477630615
2024-12-17 16:00:00+00:00,0.3980713188648224,0.40322375297546387,0.3973693251609802,0.3992108702659607
2024-12-17 20:00:00+00:00,0.3992224931716919,0.40145546197891235,0.39165860414505005,0.3943410813808441
2024-12-18 00:00:00+00:00,0.39431267976760864,0.3959381878376007,0.3894716501235962,0.3904205560684204
2024-12-18 04:00:00+00:00,0.3902348279953003,0.3902348279953003,0.37933221459388733,0.3841165006160736
2024-12-18 08:00:00+00:00,0.3840906023979187,0.3896586298942566,0.38301244378089905,0.3892384171485901
2024-12-18 12:00:00+00:00,0.38929274678230286,0.3900030851364136,0.38098543882369995,0.3840804398059845
2024-12-18 16:00:00+00:00,0.38414454460144043,0.3888930678367615,0.3782355785369873,0.3784189820289612
2024-12-18 20:00:00+00:00,0.37799325585365295,0.37799325585365295,0.35706835985183716,0.3580465018749237
2024-12-19 00:00:00+00:00,0.3581319749355316,0.36400628089904785,0.34217625856399536,0.36400628089904785
2024-12-19 04:00:00+00:00,0.36400461196899414,0.36400461196899414,0.36019158363342285,0.36306577920913696
2024-12-19 08:00:00+00:00,0.36291739344596863,0.3670124113559723,0.35814571380615234,0.36608773469924927
2024-12-19 12:00:00+00:00,0.36605966091156006,0.3665258586406708,0.3446473777294159,0.35086697340011597
2024-12-19 16:00:00+00:00,0.35087114572525024,0.3521759808063507,0.30548742413520813,0.3077467083930969
2024-12-19 20:00:00+00:00,0.3083493411540985,0.32300707697868347,0.30292588472366333,0.3150535523891449
2024-12-20 00:00:00+00:00,0.3150310516357422,0.3280293047428131,0.31005969643592834,0.3215387463569641
2024-12-20 04:00:00+00:00,0.3215421736240387,0.3242976665496826,0.31149762868881226,0.31641900539398193
2024-12-20 08:00:00+00:00,0.316496342420578,0.316496342420578,0.26516005396842957,0.26879024505615234
2024-12-20 12:00:00+00:00,0.26856422424316406,0.3078065514564514,0.2660914361476898,0.30724048614501953
2024-12-20 16:00:00+00:00,0.30662280321121216,0.31943705677986145,0.304691880941391,0.31799912452697754
2024-12-20 20:00:00+00:00,0.31788042187690735,0.32082393765449524,0.30699506402015686,0.31771859526634216
2024-12-21 00:00:00+00:00,0.31769874691963196,0.3290945291519165,0.3152782618999481,0.3249407708644867
2024-12-21 04:00:00+00:00,0.325268030166626,0.3492316007614136,0.325268030166626,0.34749382734298706
2024-12-21 08:00:00+00:00,0.34673693776130676,0.34707921743392944,0.33385759592056274,0.3371008038520813
2024-12-21 12:00:00+00:00,0.33677321672439575,0.33677321672439575,0.31568247079849243,0.326668918132782
2024-12-21 16:00:00+00:00,0.32665693759918213,0.328559547662735,0.31597161293029785,0.32065778970718384
2024-12-21 20:00:00+00:00,0.32070475816726685,0.3245947062969208,0.31679925322532654,0.32090428471565247
2024-12-22 00:00:00+00:00,0.3205358684062958,0.32288360595703125,0.3133220076560974,0.3170415759086609
2024-12-22 04:00:00+00:00,0.3173377215862274,0.31796297430992126,0.30663955211639404,0.31252071261405945
2024-12-22 08:00:00+00:00,0.31255239248275757,0.3237874209880829,0.31255239248275757,0.32146716117858887
2024-12-22 12:00:00+00:00,0.3214222192764282,0.3232416808605194,0.30999624729156494,0.3128400444984436
2024-12-22 16:00:00+00:00,0.3128267526626587,0.32070931792259216,0.31010544300079346,0.31010544300079346
2024-12-22 20:00:00+00:00,0.31005990505218506,0.3156817853450775,0.3057716488838196,0.3121987283229828
2024-12-23 00:00:00+00:00,0.31216394901275635,0.3206953704357147,0.30360135436058044,0.32064566016197205
2024-12-23 04:00:00+00:00,0.3206789195537567,0.32115763425827026,0.309846967458725,0.3121204674243927
2024-12-23 08:00:00+00:00,0.3121747374534607,0.3181469440460205,0.3116351366043091,0.31407076120376587
2024-12-23 12:00:00+00:00,0.3140767812728882,0.31703633069992065,0.30408215522766113,0.3048495054244995
2024-12-23 16:00:00+00:00,0.30484122037887573,0.316979318857193,0.30474787950515747,0.3156943619251251
2024-12-23 20:00:00+00:00,0.31569474935531616,0.32786694169044495,0.31519851088523865,0.32422444224357605
2024-12-24 00:00:00+00:00,0.32431527972221375,0.32431527972221375,0.31652283668518066,0.32096627354621887
2024-12-24 04:00:00+00:00,0.3210543990135193,0.3238070607185364,0.3185971975326538,0.32123512029647827
2024-12-24 08:00:00+00:00,0.32122325897216797,0.3224104046821594,0.31771352887153625,0.32113566994667053
2024-12-24 12:00:00+00:00,0.3211659789085388,0.33941081166267395,0.31936705112457275,0.3364907205104828
2024-12-24 16:00:00+00:00,0.33650854229927063,0.3377991020679474,0.33233967423439026,0.33233967423439026
2024-12-24 20:00:00+00:00,0.3322513997554779,0.33785489201545715,0.3282248079776764,0.3369256258010864
2024-12-25 00:00:00+00:00,0.33692261576652527,0.33903300762176514,0.3318135142326355,0.33226969838142395
2024-12-25 04:00:00+00:00,0.33232244849205017,0.33514413237571716,0.3309939205646515,0.3312339186668396
2024-12-25 08:00:00+00:00,0.3312133848667145,0.3410675525665283,0.3312133848667145,0.33256158232688904
2024-12-25 12:00:00+00:00,0.33206695318222046,0.33360716700553894,0.329019695520401,0.33042773604393005
2024-12-25 16:00:00+00:00,0.33043402433395386,0.33282023668289185,0.3269578516483307,0.33255237340927124
2024-12-25 20:00:00+00:00,0.33253562450408936,0.33477866649627686,0.3295497000217438,0.3343563675880432
2024-12-26 00:00:00+00:00,0.3343239426612854,0.3373674154281616,0.3288520872592926,0.3290800452232361
2024-12-26 04:00:00+00:00,0.3290746212005615,0.3290746212005615,0.3229164779186249,0.32404205203056335
2024-12-26 08:00:00+00:00,0.32399165630340576,0.32399165630340576,0.3147205412387848,0.31740492582321167
2024-12-26 12:00:00+00:00,0.31738704442977905,0.31773197650909424,0.3133715093135834,0.31446510553359985
2024-12-26 16:00:00+00:00,0.3144431412220001,0.31693458557128906,0.3113411068916321,0.3138733208179474
2024-12-26 20:00:00+00:00,0.31386417150497437,0.3144817650318146,0.3092632293701172,0.31225547194480896
2024-12-27 00:00:00+00:00,0.3122588098049164,0.3158365488052368,0.3104485273361206,0.31505733728408813
2024-12-27 04:00:00+00:00,0.31504133343696594,0.3168553411960602,0.31009578704833984,0.31135350465774536
2024-12-27 08:00:00+00:00,0.31134942173957825,0.32381588220596313,0.31134942173957825,0.32068774104118347
2024-12-27 12:00:00+00:00,0.32071414589881897,0.3213484585285187,0.3098338842391968,0.3113291561603546
2024-12-27 16:00:00+00:00,0.31138327717781067,0.3149055540561676,0.30997613072395325,0.3148418962955475
2024-12-27 20:00:00+00:00,0.3148203492164612,0.3148888647556305,0.30976417660713196,0.3110564649105072
2024-12-28 00:00:00+00:00,0.3113924264907837,0.31467151641845703,0.3113924264907837,0.3144213557243347
2024-12-28 04:00:00+00:00,0.3144136369228363,0.3165087103843689,0.3133232593536377,0.3144244849681854
2024-12-28 08:00:00+00:00,0.31440430879592896,0.3175773620605469,0.31440430879592896,0.3171893358230591
2024-12-28 12:00:00+00:00,0.3171866536140442,0.32065558433532715,0.31616103649139404,0.3181602656841278
2024-12-28 16:00:00+00:00,0.31819286942481995,0.3234572410583496,0.31819286942481995,0.32192450761795044
2024-12-28 20:00:00+00:00,0.32192257046699524,0.3255937993526459,0.3213669955730438,0.3239172101020813
2024-12-29 00:00:00+00:00,0.32391247153282166,0.32563722133636475,0.32076355814933777,0.3250611126422882
2024-12-29 04:00:00+00:00,0.3250572085380554,0.32828065752983093,0.32302621006965637,0.32828065752983093
2024-12-29 08:00:00+00:00,0.3286198675632477,0.32864058017730713,0.3257182240486145,0.3257182240486145
2024-12-29 12:00:00+00:00,0.325589656829834,0.32582756876945496,0.31982433795928955,0.3200600743293762
2024-12-29 16:00:00+00:00,0.31992337107658386,0.31992337107658386,0.3144066631793976,0.31575697660446167
2024-12-29 20:00:00+00:00,0.3156024217605591,0.31625935435295105,0.311739981174469,0.3143196702003479
2024-12-30 00:00:00+00:00,0.314260333776474,0.32158082723617554,0.31329432129859924,0.31846147775650024
2024-12-30 04:00:00+00:00,0.3187815845012665,0.3208586275577545,0.3153690993785858,0.3190540075302124
2024-12-30 08:00:00+00:00,0.31925973296165466,0.3220045268535614,0.31814607977867126,0.3205215632915497
2024-12-30 12:00:00+00:00,0.3204994201660156,0.32245072722435,0.3065495789051056,0.3105888366699219
2024-12-30 16:00:00+00:00,0.31062188744544983,0.3194214105606079,0.30780029296875,0.3194214105606079
2024-12-30 20:00:00+00:00,0.31940382719039917,0.32183408737182617,0.31046995520591736,0.3135177493095398
2024-12-31 00:00:00+00:00,0.31351548433303833,0.31420016288757324,0.3103969991207123,0.31097957491874695
2024-12-31 04:00:00+00:00,0.3109511435031891,0.31241968274116516,0.3094070851802826,0.3117606043815613
2024-12-31 08:00:00+00:00,0.3117440640926361,0.32012298703193665,0.3117440640926361,0.31919369101524353
2024-12-31 12:00:00+00:00,0.3192199468612671,0.32781997323036194,0.3192199468612671,0.3272142708301544
2024-12-31 16:00:00+00:00,0.3271941542625427,0.32725557684898376,0.3164171278476715,0.31790655851364136
2024-12-31 20:00:00+00:00,0.31789880990982056,0.31823408603668213,0.31505855917930603,0.3156821131706238
2025-01-01 00:00:00+00:00,0.3156801164150238,0.32044363021850586,0.31545305252075195,0.31832578778266907
2025-01-01 04:00:00+00:00,0.318354070186615,0.318354070186615,0.31581512093544006,0.31619882583618164
2025-01-01 08:00:00+00:00,0.31620028614997864,0.31626591086387634,0.3117391765117645,0.3154450058937073
2025-01-01 12:00:00+00:00,0.3154541254043579,0.31940197944641113,0.3154541254043579,0.31940197944641113
2025-01-01 16:00:00+00:00,0.3193822503089905,0.32461002469062805,0.31695905327796936,0.3240351974964142
2025-01-01 20:00:00+00:00,0.3240577280521393,0.32646408677101135,0.3239266872406006,0.32430553436279297
2025-01-02 00:00:00+00:00,0.32430940866470337,0.3362467288970947,0.32430940866470337,0.3310122489929199
2025-01-02 04:00:00+00:00,0.3309762179851532,0.334783673286438,0.3293786644935608,0.33369338512420654
2025-01-02 08:00:00+00:00,0.33360549807548523,0.344170480966568,0.33360549807548523,0.34151631593704224
2025-01-02 12:00:00+00:00,0.3415427803993225,0.34342339634895325,0.33618882298469543,0.33673951029777527
2025-01-02 16:00:00+00:00,0.3367447257041931,0.33970358967781067,0.33526137471199036,0.33858388662338257
2025-01-02 20:00:00+00:00,0.33856093883514404,0.33994582295417786,0.33527830243110657,0.33861011266708374
2025-01-03 00:00:00+00:00,0.3385815918445587,0.34193140268325806,0.33589884638786316,0.3412269353866577
2025-01-03 04:00:00+00:00,0.3412812352180481,0.3412816822528839,0.33624333143234253,0.3366953432559967
2025-01-03 08:00:00+00:00,0.3367053270339966,0.3486204147338867,0.33657461404800415,0.34860938787460327
2025-01-03 12:00:00+00:00,0.34848752617836,0.36739104986190796,0.34848752617836,0.36739104986190796
2025-01-03 16:00:00+00:00,0.3670707046985626,0.38193458318710327,0.36484500765800476,0.3790874183177948
2025-01-03 20:00:00+00:00,0.3790995478630066,0.3877968490123749,0.37523970007896423,0.3792828917503357
2025-01-04 00:00:00+00:00,0.3793174922466278,0.39290907979011536,0.37822452187538147,0.39262819290161133
2025-01-04 04:00:00+00:00,0.391743540763855,0.39430588483810425,0.38537150621414185,0.3877851665019989
2025-01-04 08:00:00+00:00,0.3876879811286926,0.38987869024276733,0.3836748003959656,0.3896659314632416
2025-01-04 12:00:00+00:00,0.390389084815979,0.3936980366706848,0.37861403822898865,0.380212664604187
2025-01-04 16:00:00+00:00,0.38019421696662903,0.38479289412498474,0.38019421696662903,0.384054571390152
2025-01-04 20:00:00+00:00,0.384056955575943,0.39799022674560547,0.38361912965774536,0.39474645256996155
2025-01-05 00:00:00+00:00,0.3948265612125397,0.39722567796707153,0.3884875774383545,0.3884875774383545
2025-01-05 04:00:00+00:00,0.3885117173194885,0.39151376485824585,0.3882383108139038,0.3890657126903534
2025-01-05 08:00:00+00:00,0.38915324211120605,0.38937312364578247,0.382132351398468,0.38275736570358276
2025-01-05 12:00:00+00:00,0.3827243149280548,0.3843346834182739,0.376324325799942,0.3835655450820923
2025-01-05 16:00:00+00:00,0.3835643231868744,0.38443514704704285,0.3785737156867981,0.3818397521972656
2025-01-05 20:00:00+00:00,0.38207587599754333,0.3841540515422821,0.3809832036495209,0.3824935555458069
2025-01-06 00:00:00+00:00,0.3825180232524872,0.3890591561794281,0.37661027908325195,0.3860580623149872
2025-01-06 04:00:00+00:00,0.38627922534942627,0.3883076310157776,0.3809404671192169,0.3829241693019867
2025-01-06 08:00:00+00:00,0.38297396898269653,0.3876478970050812,0.3821520209312439,0.3867151141166687
2025-01-06 12:00:00+00:00,0.38667312264442444,0.3921836018562317,0.38264840841293335,0.38972002267837524
2025-01-06 16:00:00+00:00,0.3897709846496582,0.3935123383998871,0.3858712613582611,0.38934075832366943
2025-01-06 20:00:00+00:00,0.3893532454967499,0.3907366096973419,0.38598260283470154,0.38795170187950134
2025-01-07 00:00:00+00:00,0.3877568244934082,0.39702901244163513,0.38668277859687805,0.3916424810886383
2025-01-07 04:00:00+00:00,0.3921058177947998,0.3928602933883667,0.38970836997032166,0.39148226380348206
2025-01-07 08:00:00+00:00,0.3915134370326996,0.3966962397098541,0.383346825838089,0.3849257230758667
2025-01-07 12:00:00+00:00,0.3850761353969574,0.38770145177841187,0.3598870038986206,0.3652404844760895
2025-01-07 16:00:00+00:00,0.36376988887786865,0.3682995140552521,0.35160577297210693,0.3539993166923523
2025-01-07 20:00:00+00:00,0.35397112369537354,0.3549994230270386,0.34843623638153076,0.34843623638153076
2025-01-08 00:00:00+00:00,0.34833523631095886,0.3537779748439789,0.3464089334011078,0.3537779748439789
2025-01-08 04:00:00+00:00,0.35379087924957275,0.35497015714645386,0.34107714891433716,0.34498825669288635
2025-01-08 08:00:00+00:00,0.3449651300907135,0.3517528474330902,0.344801664352417,0.3473989963531494
2025-01-08 12:00:00+00:00,0.3471962511539459,0.3514019250869751,0.34234362840652466,0.3459884822368622
2025-01-08 16:00:00+00:00,0.34612929821014404,0.34612929821014404,0.326809823513031,0.3361188769340515
2025-01-08 20:00:00+00:00,0.33570170402526855,0.3441329598426819,0.3340376913547516,0.34224680066108704
2025-01-09 00:00:00+00:00,0.34229108691215515,0.3462740182876587,0.33830857276916504,0.3383268415927887
2025-01-09 04:00:00+00:00,0.33838021755218506,0.34010252356529236,0.3313263952732086,0.33157193660736084
2025-01-09 08:00:00+00:00,0.33158645033836365,0.33502015471458435,0.32665038108825684,0.33025601506233215
2025-01-09 12:00:00+00:00,0.33008041977882385,0.3350614309310913,0.31875649094581604,0.3335105776786804
2025-01-09 16:00:00+00:00,0.33295968174934387,0.33461418747901917,0.3165369927883148,0.31862857937812805
2025-01-09 20:00:00+00:00,0.31796690821647644,0.32306161522865295,0.3151358962059021,0.3209085762500763
2025-01-10 00:00:00+00:00,0.3209071159362793,0.3278452157974243,0.3209071159362793,0.3276190757751465
2025-01-10 04:00:00+00:00,0.3276499807834625,0.3384847939014435,0.3261714577674866,0.33595287799835205
2025-01-10 08:00:00+00:00,0.3359098732471466,0.33770403265953064,0.3348451256752014,0.3359512984752655
2025-01-10 12:00:00+00:00,0.33603838086128235,0.33635517954826355,0.32348737120628357,0.32883575558662415
2025-01-10 16:00:00+00:00,0.32882723212242126,0.3382231593132019,0.3249684274196625,0.33523502945899963
2025-01-10 20:00:00+00:00,0.33523622155189514,0.33523622155189514,0.33199477195739746,0.3339792788028717
2025-01-11 00:00:00+00:00,0.33397892117500305,0.3346755802631378,0.3314811885356903,0.3316866159439087
2025-01-11 04:00:00+00:00,0.3317565619945526,0.3336871564388275,0.3300861418247223,0.3314740061759949
2025-01-11 08:00:00+00:00,0.33152398467063904,0.33920934796333313,0.3310435712337494,0.3377494812011719
2025-01-11 12:00:00+00:00,0.3378044664859772,0.3379177451133728,0.33453744649887085,0.33468711376190186
2025-01-11 16:00:00+00:00,0.3347160816192627,0.3379800021648407,0.3335314095020294,0.3379800021648407
2025-01-11 20:00:00+00:00,0.3379616439342499,0.3478112518787384,0.3379412293434143,0.3409496247768402
2025-01-12 00:00:00+00:00,0.341068297624588,0.341068297624588,0.3377922773361206,0.3402622938156128
2025-01-12 04:00:00+00:00,0.3406207263469696,0.34295588731765747,0.3383016884326935,0.33999723196029663
2025-01-12 08:00:00+00:00,0.3400011658668518,0.34013888239860535,0.3343181908130646,0.33620211482048035
2025-01-12 12:00:00+00:00,0.33619406819343567,0.34129369258880615,0.335575133562088,0.3399869501590729
2025-01-12 16:00:00+00:00,0.34036895632743835,0.3413129150867462,0.3383767902851105,0.33938851952552795
2025-01-12 20:00:00+00:00,0.3393849730491638,0.3402957618236542,0.33228063583374023,0.3359558582305908
2025-01-13 00:00:00+00:00,0.33587920665740967,0.3451766073703766,0.33160462975502014,0.3321605324745178
2025-01-13 04:00:00+00:00,0.3321555554866791,0.3352290689945221,0.32605746388435364,0.32785680890083313
2025-01-13 08:00:00+00:00,0.32789793610572815,0.32821768522262573,0.31598100066185,0.31598100066185
2025-01-13 12:00:00+00:00,0.31592893600463867,0.32726481556892395,0.3134118914604187,0.32475560903549194
2025-01-13 16:00:00+00:00,0.32469621300697327,0.3276064097881317,0.31948941946029663,0.3249771296977997
2025-01-13 20:00:00+00:00,0.3249434232711792,0.33854448795318604,0.3244553208351135,0.3382970988750458
2025-01-14 00:00:00+00:00,0.33809420466423035,0.34447139501571655,0.3361155390739441,0.34422123432159424
2025-01-14 04:00:00+00:00,0.3440178334712982,0.34539490938186646,0.34167584776878357,0.3429884910583496
2025-01-14 08:00:00+00:00,0.34298020601272583,0.35463765263557434,0.34289994835853577,0.34858813881874084
2025-01-14 12:00:00+00:00,0.3488858938217163,0.354150652885437,0.34584343433380127,0.3533278703689575
2025-01-14 16:00:00+00:00,0.35328608751296997,0.3610576093196869,0.3493861258029938,0.3548908829689026
2025-01-14 20:00:00+00:00,0.35483047366142273,0.3590017557144165,0.3527681827545166,0.35611504316329956
2025-01-15 00:00:00+00:00,0.35601311922073364,0.3636126220226288,0.3553926646709442,0.3627263307571411
2025-01-15 04:00:00+00:00,0.3627707362174988,0.36438804864883423,0.3588312566280365,0.3602706491947174
2025-01-15 08:00:00+00:00,0.36046168208122253,0.3624269664287567,0.34959083795547485,0.3515655994415283
2025-01-15 12:00:00+00:00,0.35160529613494873,0.3766770660877228,0.34876084327697754,0.37174782156944275
2025-01-15 16:00:00+00:00,0.37182122468948364,0.37696972489356995,0.36861491203308105,0.37696972489356995
2025-01-15 20:00:00+00:00,0.3770127296447754,0.3871522843837738,0.3749019503593445,0.38575196266174316
2025-01-16 00:00:00+00:00,0.3856840431690216,0.3860567808151245,0.37453803420066833,0.3753442168235779
2025-01-16 04:00:00+00:00,0.37560996413230896,0.3800671398639679,0.37560996413230896,0.37940317392349243
2025-01-16 08:00:00+00:00,0.37944653630256653,0.3798801898956299,0.3684667944908142,0.37781789898872375
2025-01-16 12:00:00+00:00,0.37745872139930725,0.3851739168167114,0.3693821132183075,0.38002756237983704
2025-01-16 16:00:00+00:00,0.3803713023662567,0.3892441987991333,0.3803713023662567,0.385640025138855
2025-01-16 20:00:00+00:00,0.3857879042625427,0.38657018542289734,0.37481236457824707,0.3767063319683075
2025-01-17 00:00:00+00:00,0.3765728175640106,0.38871294260025024,0.3761676549911499,0.38531026244163513
2025-01-17 04:00:00+00:00,0.3853204548358917,0.3946731686592102,0.38450363278388977,0.3946731686592102
2025-01-17 08:00:00+00:00,0.39583784341812134,0.4176573157310486,0.39583784341812134,0.4121154546737671
2025-01-17 12:00:00+00:00,0.4119683802127838,0.4148547947406769,0.4043824374675751,0.413239985704422
2025-01-17 16:00:00+00:00,0.41318365931510925,0.4187595546245575,0.4094371199607849,0.4163196086883545
2025-01-17 20:00:00+00:00,0.41627252101898193,0.4178757965564728,0.4108893871307373,0.4159129858016968
2025-01-18 00:00:00+00:00,0.4157898724079132,0.43328142166137695,0.40817520022392273,0.4113028347492218
2025-01-18 04:00:00+00:00,0.41161707043647766,0.4116985499858856,0.38840439915657043,0.3954285979270935
2025-01-18 08:00:00+00:00,0.39451274275779724,0.40130820870399475,0.3893129527568817,0.3995529115200043
2025-01-18 12:00:00+00:00,0.3995456397533417,0.403229683637619,0.3949292004108429,0.3995378017425537
2025-01-18 16:00:00+00:00,0.39933204650878906,0.39933204650878906,0.38763585686683655,0.3958030939102173
2025-01-18 20:00:00+00:00,0.3957994878292084,0.3974264860153198,0.39033690094947815,0.3960847556591034
2025-01-19 00:00:00+00:00,0.39599090814590454,0.4088733196258545,0.39599090814590454,0.4014386534690857
2025-01-19 04:00:00+00:00,0.401136577129364,0.401136577129364,0.388778418302536,0.39186346530914307
2025-01-19 08:00:00+00:00,0.3918837308883667,0.39194077253341675,0.35960152745246887,0.36068952083587646
2025-01-19 12:00:00+00:00,0.3607000410556793,0.3932507336139679,0.3607000410556793,0.38825204968452454
2025-01-19 16:00:00+00:00,0.38722679018974304,0.3973853886127472,0.386284738779068,0.3935953974723816
2025-01-19 20:00:00+00:00,0.39392104744911194,0.39833229780197144,0.35261014103889465,0.3577387034893036
2025-01-20 00:00:00+00:00,0.3580465316772461,0.36469680070877075,0.3472970128059387,0.3638942241668701
2025-01-20 04:00:00+00:00,0.3641243875026703,0.38464483618736267,0.360105037689209,0.37638258934020996
2025-01-20 08:00:00+00:00,0.3761942684650421,0.3824954032897949,0.37548017501831055,0.38167205452919006
2025-01-20 12:00:00+00:00,0.3816657066345215,0.38192397356033325,0.36647510528564453,0.3671666383743286
2025-01-20 16:00:00+00:00,0.36731085181236267,0.37539786100387573,0.3515189588069916,0.3608904778957367
2025-01-20 20:00:00+00:00,0.36070752143859863,0.3642045259475708,0.3503635823726654,0.35457322001457214
2025-01-21 00:00:00+00:00,0.35467347502708435,0.3548068106174469,0.34071096777915955,0.3475288152694702
2025-01-21 04:00:00+00:00,0.3474974036216736,0.3474974036216736,0.3359754979610443,0.3416648805141449
2025-01-21 08:00:00+00:00,0.34177544713020325,0.3991013467311859,0.3397774398326874,0.3898846209049225
2025-01-21 12:00:00+00:00,0.3888470530509949,0.39051854610443115,0.36717671155929565,0.3789811432361603
2025-01-21 16:00:00+00:00,0.3790273666381836,0.3863288462162018,0.3790251910686493,0.38374531269073486
2025-01-21 20:00:00+00:00,0.383959025144577,0.3846258819103241,0.37024176120758057,0.37158817052841187
2025-01-22 00:00:00+00:00,0.371619313955307,0.3732704222202301,0.36791282892227173,0.37121859192848206
2025-01-22 04:00:00+00:00,0.37125641107559204,0.37303632497787476,0.36398786306381226,0.3650549054145813
2025-01-22 08:00:00+00:00,0.3650228679180145,0.367423951625824,0.3604697287082672,0.36726114153862
2025-01-22 12:00:00+00:00,0.3671782910823822,0.3673880994319916,0.3594045639038086,0.36112338304519653
2025-01-22 16:00:00+00:00,0.36106613278388977,0.3636890947818756,0.35601210594177246,0.36031070351600647
2025-01-22 20:00:00+00:00,0.36034095287323,0.366927832365036,0.3574775755405426,0.3630061447620392
2025-01-23 00:00:00+00:00,0.3629108667373657,0.36388203501701355,0.3520272374153137,0.35202890634536743
2025-01-23 04:00:00+00:00,0.35222020745277405,0.35513442754745483,0.34920385479927063,0.3537551164627075
2025-01-23 08:00:00+00:00,0.35363662242889404,0.35368242859840393,0.34686389565467834,0.3483268618583679
2025-01-23 12:00:00+00:00,0.34832489490509033,0.35669687390327454,0.345246285200119,0.3533588945865631
2025-01-23 16:00:00+00:00,0.35340815782546997,0.359177827835083,0.34562182426452637,0.3462190628051758
2025-01-23 20:00:00+00:00,0.3464964032173157,0.35656481981277466,0.3431558907032013,0.3523017168045044
2025-01-24 00:00:00+00:00,0.35228240489959717,0.3527542054653168,0.3433222770690918,0.3478929102420807
2025-01-24 04:00:00+00:00,0.34789198637008667,0.3585241436958313,0.3470960557460785,0.35767310857772827
2025-01-24 08:00:00+00:00,0.35761377215385437,0.3638913333415985,0.35750001668930054,0.3626572787761688
2025-01-24 12:00:00+00:00,0.3628374934196472,0.36292746663093567,0.35865968465805054,0.3596315383911133
2025-01-24 16:00:00+00:00,0.35965776443481445,0.3611033260822296,0.35730043053627014,0.3575665354728699
2025-01-24 20:00:00+00:00,0.35756051540374756,0.3581301271915436,0.34938788414001465,0.3507399260997772
2025-01-25 00:00:00+00:00,0.35065051913261414,0.3536657392978668,0.34603387117385864,0.35355716943740845
2025-01-25 04:00:00+00:00,0.35339853167533875,0.35339853167533875,0.3485322594642639,0.3485477566719055
2025-01-25 08:00:00+00:00,0.3485631048679352,0.3506397604942322,0.3459610641002655,0.35061120986938477
2025-01-25 12:00:00+00:00,0.3505187928676605,0.35701984167099,0.3493000864982605,0.3565554618835449
2025-01-25 16:00:00+00:00,0.3564760684967041,0.3580664098262787,0.3527164161205292,0.35603034496307373
2025-01-25 20:00:00+00:00,0.35603034496307373,0.35958805680274963,0.3537760376930237,0.3537760376930237
2025-01-26 00:00:00+00:00,0.3537715673446655,0.35579410195350647,0.35239341855049133,0.3547170162200928
2025-01-26 04:00:00+00:00,0.3546142876148224,0.35701942443847656,0.35358306765556335,0.3544059991836548
2025-01-26 08:00:00+00:00,0.3544025123119354,0.3550400137901306,0.34949764609336853,0.3516038954257965
2025-01-26 12:00:00+00:00,0.35161325335502625,0.352522611618042,0.3505202531814575,0.350996732711792
2025-01-26 16:00:00+00:00,0.3510385751724243,0.3539486527442932,0.3502233326435089,0.35310155153274536
2025-01-26 20:00:00+00:00,0.3530956506729126,0.3533478081226349,0.33630943298339844,0.33632636070251465
2025-01-27 00:00:00+00:00,0.33625030517578125,0.3366844952106476,0.32613006234169006,0.32932108640670776
2025-01-27 04:00:00+00:00,0.3293471932411194,0.3295433223247528,0.3083525598049164,0.3151533305644989
2025-01-27 08:00:00+00:00,0.3151574730873108,0.316592276096344,0.3089396059513092,0.3129168748855591
2025-01-27 12:00:00+00:00,0.3128257393836975,0.3286147117614746,0.3111187219619751,0.3270953297615051
2025-01-27 16:00:00+00:00,0.3268725275993347,0.3292054831981659,0.3180832862854004,0.3204418122768402
2025-01-27 20:00:00+00:00,0.32077279686927795,0.33427295088768005,0.32077279686927795,0.3338180482387543
2025-01-28 00:00:00+00:00,0.333815336227417,0.3370940685272217,0.3296948969364166,0.3352588415145874
2025-01-28 04:00:00+00:00,0.33512502908706665,0.3386276364326477,0.33378225564956665,0.3340013325214386
2025-01-28 08:00:00+00:00,0.3340950906276703,0.33548617362976074,0.33273565769195557,0.3335084915161133
2025-01-28 12:00:00+00:00,0.3334924578666687,0.33581092953681946,0.3292377293109894,0.33291012048721313
2025-01-28 16:00:00+00:00,0.3331819176673889,0.33318641781806946,0.3233335018157959,0.32589125633239746
2025-01-28 20:00:00+00:00,0.3261253833770752,0.326763778924942,0.3159599304199219,0.3190736472606659
2025-01-29 00:00:00+00:00,0.31901121139526367,0.32863545417785645,0.31855881214141846,0.32792437076568604
2025-01-29 04:00:00+00:00,0.32789790630340576,0.33222031593322754,0.3265908658504486,0.33222031593322754
2025-01-29 08:00:00+00:00,0.33221715688705444,0.3330047130584717,0.32605573534965515,0.32806500792503357
2025-01-29 12:00:00+00:00,0.3275141716003418,0.3283681273460388,0.3225482106208801,0.32420772314071655
2025-01-29 16:00:00+00:00,0.3242107927799225,0.33212369680404663,0.31794431805610657,0.32862231135368347
2025-01-29 20:00:00+00:00,0.32810524106025696,0.33347710967063904,0.32387253642082214,0.32387253642082214
2025-01-30 00:00:00+00:00,0.3239326477050781,0.3330322802066803,0.3229219317436218,0.33288320899009705
2025-01-30 04:00:00+00:00,0.3327772915363312,0.33329591155052185,0.3300103545188904,0.33066415786743164
2025-01-30 08:00:00+00:00,0.33072298765182495,0.3326517641544342,0.32990238070487976,0.33243173360824585
2025-01-30 12:00:00+00:00,0.332406610250473,0.33802276849746704,0.3305480480194092,0.33699923753738403
2025-01-30 16:00:00+00:00,0.33697858452796936,0.33697858452796936,0.33296266198158264,0.3348727822303772
2025-01-30 20:00:00+00:00,0.3348456919193268,0.3350350260734558,0.33139148354530334,0.3315085768699646
2025-01-31 00:00:00+00:00,0.33151954412460327,0.33218133449554443,0.3262626528739929,0.3277466595172882
2025-01-31 04:00:00+00:00,0.32779020071029663,0.3304814100265503,0.3258524239063263,0.32810524106025696
2025-01-31 08:00:00+00:00,0.3281775116920471,0.33142024278640747,0.32629314064979553,0.33089306950569153
2025-01-31 12:00:00+00:00,0.33088648319244385,0.34066930413246155,0.33088648319244385,0.3403405249118805
2025-01-31 16:00:00+00:00,0.34024474024772644,0.34038135409355164,0.32570770382881165,0.32841336727142334
2025-01-31 20:00:00+00:00,0.3283197283744812,0.3297761082649231,0.3243446350097656,0.3287280201911926
2025-02-01 00:00:00+00:00,0.3287568688392639,0.3318804204463959,0.32731959223747253,0.3273511528968811
2025-02-01 04:00:00+00:00,0.32737889885902405,0.32975512742996216,0.325575590133667,0.325575590133667
2025-02-01 08:00:00+00:00,0.3255768418312073,0.32615458965301514,0.32098984718322754,0.3250293731689453
2025-02-01 12:00:00+00:00,0.3250788748264313,0.32575657963752747,0.32054510712623596,0.3219766914844513
2025-02-01 16:00:00+00:00,0.3219762444496155,0.3230884373188019,0.31408265233039856,0.3147696554660797
2025-02-01 20:00:00+00:00,0.31479284167289734,0.31537511944770813,0.3043300211429596,0.30837687849998474
2025-02-02 00:00:00+00:00,0.30804386734962463,0.3145780563354492,0.2998855710029602,0.3000164330005646
2025-02-02 04:00:00+00:00,0.3000164330005646,0.3061242401599884,0.2984717786312103,0.30025842785835266
2025-02-02 08:00:00+00:00,0.3002694547176361,0.30416184663772583,0.2899634540081024,0.29246053099632263
2025-02-02 12:00:00+00:00,0.2920913100242615,0.29887062311172485,0.29082608222961426,0.2948596477508545
2025-02-02 16:00:00+00:00,0.2947233319282532,0.2947233319282532,0.2657863199710846,0.2740783989429474
2025-02-02 20:00:00+00:00,0.27405333518981934,0.27803078293800354,0.25459110736846924,0.2675091624259949
2025-02-03 00:00:00+00:00,0.2675652801990509,0.267598420381546,0.21451282501220703,0.23515275120735168
2025-02-03 04:00:00+00:00,0.23520015180110931,0.25609514117240906,0.22325357794761658,0.2557147741317749
2025-02-03 08:00:00+00:00,0.25574612617492676,0.2610708773136139,0.24662120640277863,0.25398126244544983
2025-02-03 12:00:00+00:00,0.25443628430366516,0.27067506313323975,0.24252139031887054,0.2691985070705414
2025-02-03 16:00:00+00:00,0.26908719539642334,0.2876178026199341,0.2675364017486572,0.2876178026199341
2025-02-03 20:00:00+00:00,0.28753039240837097,0.29228779673576355,0.27661141753196716,0.2849932610988617
2025-02-04 00:00:00+00:00,0.2850666642189026,0.28833603858947754,0.27973437309265137,0.2812982499599457
2025-02-04 04:00:00+00:00,0.28135618567466736,0.28245824575424194,0.2587701976299286,0.2596243917942047
2025-02-04 08:00:00+00:00,0.25951114296913147,0.2722231149673462,0.2587431073188782,0.2685876488685608
2025-02-04 12:00:00+00:00,0.268574595451355,0.2749488055706024,0.26448994874954224,0.2696121633052826
2025-02-04 16:00:00+00:00,0.2695523500442505,0.27633875608444214,0.2673982083797455,0.2684067189693451
2025-02-04 20:00:00+00:00,0.26654136180877686,0.26725780963897705,0.2564558982849121,0.26412829756736755
2025-02-05 00:00:00+00:00,0.2640419900417328,0.266618013381958,0.26191094517707825,0.2641846239566803
2025-02-05 04:00:00+00:00,0.2642063498497009,0.2675958573818207,0.263149619102478,0.26578667759895325
2025-02-05 08:00:00+00:00,0.2657600939273834,0.2679128348827362,0.2638522684574127,0.2679128348827362
2025-02-05 12:00:00+00:00,0.26807069778442383,0.26902464032173157,0.26270249485969543,0.26312685012817383
2025-02-05 16:00:00+00:00,0.26316627860069275,0.2633790075778961,0.2544717788696289,0.25922587513923645
2025-02-05 20:00:00+00:00,0.25923651456832886,0.2603652775287628,0.254412442445755,0.2562325596809387
2025-02-06 00:00:00+00:00,0.25623518228530884,0.26012617349624634,0.25571322441101074,0.2600425183773041
2025-02-06 04:00:00+00:00,0.2600637376308441,0.2656410336494446,0.2597409188747406,0.26325127482414246
2025-02-06 08:00:00+00:00,0.26326707005500793,0.26497507095336914,0.2607303559780121,0.2631687521934509
2025-02-06 12:00:00+00:00,0.26297202706336975,0.26326337456703186,0.24865198135375977,0.24910752475261688
2025-02-06 16:00:00+00:00,0.24921827018260956,0.25154468417167664,0.24414749443531036,0.24421238899230957
2025-02-06 20:00:00+00:00,0.24415680766105652,0.250445157289505,0.24409955739974976,0.24807921051979065
2025-02-07 00:00:00+00:00,0.24809733033180237,0.25400200486183167,0.24809733033180237,0.2516639828681946
2025-02-07 04:00:00+00:00,0.2516447901725769,0.253085196018219,0.2468809187412262,0.24923765659332275
2025-02-07 08:00:00+00:00,0.2491600215435028,0.25527775287628174,0.24861012399196625,0.25527775287628174
2025-02-07 12:00:00+00:00,0.25534823536872864,0.261208176612854,0.25206834077835083,0.2544650435447693
2025-02-07 16:00:00+00:00,0.25407281517982483,0.25494930148124695,0.24948246777057648,0.25126802921295166
2025-02-07 20:00:00+00:00,0.25124433636665344,0.25124433636665344,0.23965345323085785,0.24661310017108917
2025-02-08 00:00:00+00:00,0.2464829981327057,0.24983081221580505,0.2462911605834961,0.24689115583896637
2025-02-08 04:00:00+00:00,0.24687114357948303,0.24867995083332062,0.24503763020038605,0.24845537543296814
2025-02-08 08:00:00+00:00,0.24842581152915955,0.24859505891799927,0.24637217819690704,0.2481524497270584
2025-02-08 12:00:00+00:00,0.2482103407382965,0.2512161433696747,0.24708770215511322,0.24837404489517212
2025-02-08 16:00:00+00:00,0.24839292466640472,0.25375860929489136,0.24809038639068604,0.25242701172828674
2025-02-08 20:00:00+00:00,0.25242534279823303,0.25394004583358765,0.25103119015693665,0.25326502323150635
2025-02-09 00:00:00+00:00,0.25324955582618713,0.25968676805496216,0.2524201273918152,0.25893378257751465
2025-02-09 04:00:00+00:00,0.2590465545654297,0.2590465545654297,0.25557035207748413,0.2560440003871918
2025-02-09 08:00:00+00:00,0.25602903962135315,0.2578958570957184,0.25438958406448364,0.25438958406448364
2025-02-09 12:00:00+00:00,0.25437989830970764,0.2550451159477234,0.249332994222641,0.2531315088272095
2025-02-09 16:00:00+00:00,0.25319236516952515,0.2545190751552582,0.2493084818124771,0.24956944584846497
2025-02-09 20:00:00+00:00,0.24965782463550568,0.25227218866348267,0.24045823514461517,0.249289408326149
2025-02-10 00:00:00+00:00,0.24924835562705994,0.2529451251029968,0.2420612871646881,0.24805712699890137
2025-02-10 04:00:00+00:00,0.24806854128837585,0.25193822383880615,0.24796487390995026,0.2510649859905243
2025-02-10 08:00:00+00:00,0.2510421574115753,0.2530744671821594,0.25057077407836914,0.25155872106552124
2025-02-10 12:00:00+00:00,0.2515435516834259,0.25508666038513184,0.24970433115959167,0.2515377700328827
2025-02-10 16:00:00+00:00,0.2515680491924286,0.2549576759338379,0.25150614976882935,0.25327417254447937
2025-02-10 20:00:00+00:00,0.25329723954200745,0.25590604543685913,0.25285157561302185,0.2552643418312073
2025-02-11 00:00:00+00:00,0.25527143478393555,0.2595033049583435,0.25527143478393555,0.2576594352722168
2025-02-11 04:00:00+00:00,0.2576793134212494,0.2692108452320099,0.2576793134212494,0.26673540472984314
2025-02-11 08:00:00+00:00,0.2666931450366974,0.2677915096282959,0.26419511437416077,0.26499614119529724
2025-02-11 12:00:00+00:00,0.2650035619735718,0.2651313245296478,0.2564672529697418,0.25939875841140747
2025-02-11 16:00:00+00:00,0.25933384895324707,0.2602299451828003,0.249031201004982,0.2506149113178253
2025-02-11 20:00:00+00:00,0.2506185472011566,0.2558729350566864,0.250485360622406,0.253122478723526
2025-02-12 00:00:00+00:00,0.2531110644340515,0.25443246960639954,0.2503949701786041,0.2513716518878937
2025-02-12 04:00:00+00:00,0.2508985102176666,0.2538921535015106,0.2498738020658493,0.2534293830394745
2025-02-12 08:00:00+00:00,0.25342318415641785,0.25648054480552673,0.2533086836338043,0.25586917996406555
2025-02-12 12:00:00+00:00,0.2558925747871399,0.2592093348503113,0.24905654788017273,0.25455763936042786
2025-02-12 16:00:00+00:00,0.25446778535842896,0.2619946002960205,0.2513467073440552,0.26194116473197937
2025-02-12 20:00:00+00:00,0.261886864900589,0.2669810652732849,0.2610912621021271,0.2639304995536804
2025-02-13 00:00:00+00:00,0.2641538679599762,0.266785591840744,0.26257506012916565,0.2649388611316681
2025-02-13 04:00:00+00:00,0.26497671008110046,0.26524755358695984,0.25759851932525635,0.2585565447807312
2025-02-13 08:00:00+00:00,0.2585293650627136,0.2591915428638458,0.2568068206310272,0.2571435868740082
2025-02-13 12:00:00+00:00,0.2572828531265259,0.25818654894828796,0.25406166911125183,0.25713810324668884
2025-02-13 16:00:00+00:00,0.25718626379966736,0.2591603398323059,0.25470414757728577,0.25660228729248047
2025-02-13 20:00:00+00:00,0.2565698027610779,0.2639978528022766,0.2563398778438568,0.26249054074287415
2025-02-14 00:00:00+00:00,0.2624720335006714,0.26494598388671875,0.2614127993583679,0.26408568024635315
2025-02-14 04:00:00+00:00,0.26407507061958313,0.2641417682170868,0.2612270712852478,0.26406964659690857
2025-02-14 08:00:00+00:00,0.26407313346862793,0.274395227432251,0.26407313346862793,0.2715601921081543
2025-02-14 12:00:00+00:00,0.2715788781642914,0.27523818612098694,0.2670607268810272,0.2728574872016907
2025-02-14 16:00:00+00:00,0.2728572487831116,0.28518208861351013,0.27061596512794495,0.2759295403957367
2025-02-14 20:00:00+00:00,0.27593305706977844,0.27685511112213135,0.2686604857444763,0.27193158864974976
2025-02-15 00:00:00+00:00,0.27192243933677673,0.28256797790527344,0.2704290449619293,0.2791086435317993
2025-02-15 04:00:00+00:00,0.2791018486022949,0.28023988008499146,0.2743180990219116,0.27556371688842773
2025-02-15 08:00:00+00:00,0.2755277156829834,0.2805556058883667,0.2755277156829834,0.2776487171649933
2025-02-15 12:00:00+00:00,0.2776470184326172,0.27972105145454407,0.27248886227607727,0.2755158543586731
2025-02-15 16:00:00+00:00,0.27534687519073486,0.2758478820323944,0.27085423469543457,0.27088236808776855
2025-02-15 20:00:00+00:00,0.2708885669708252,0.2724330723285675,0.2689550220966339,0.2717261016368866
2025-02-16 00:00:00+00:00,0.2717791199684143,0.2737094759941101,0.2693871855735779,0.2710724472999573
2025-02-16 04:00:00+00:00,0.27105021476745605,0.2727670669555664,0.2694464325904846,0.2694520056247711
2025-02-16 08:00:00+00:00,0.26946762204170227,0.2712869346141815,0.268273264169693,0.27108272910118103
2025-02-16 12:00:00+00:00,0.271062433719635,0.271062433719635,0.265487939119339,0.26791349053382874
2025-02-16 16:00:00+00:00,0.2678883373737335,0.2680703103542328,0.2642379105091095,0.2666279077529907
2025-02-16 20:00:00+00:00,0.26664426922798157,0.2676151394844055,0.26461389660835266,0.26575767993927
2025-02-17 00:00:00+00:00,0.26575377583503723,0.26844120025634766,0.26493212580680847,0.265851229429245
2025-02-17 04:00:00+00:00,0.26582613587379456,0.26582613587379456,0.2593010365962982,0.260084331035614
2025-02-17 08:00:00+00:00,0.259994775056839,0.26531288027763367,0.2592129409313202,0.26373720169067383
2025-02-17 12:00:00+00:00,0.26358792185783386,0.2684701681137085,0.2604978382587433,0.2604978382587433
2025-02-17 16:00:00+00:00,0.2605053782463074,0.2613545358181,0.25448861718177795,0.2570505440235138
2025-02-17 20:00:00+00:00,0.25704967975616455,0.2611549496650696,0.2568233013153076,0.25814566016197205
2025-02-18 00:00:00+00:00,0.258147269487381,0.2593696713447571,0.25638771057128906,0.25755634903907776
2025-02-18 04:00:00+00:00,0.2577221989631653,0.2578098177909851,0.2481660544872284,0.250589519739151
2025-02-18 08:00:00+00:00,0.25059744715690613,0.2532857358455658,0.2489946335554123,0.2510431408882141
2025-02-18 12:00:00+00:00,0.2510761320590973,0.25511863827705383,0.2456376850605011,0.24675627052783966
2025-02-18 16:00:00+00:00,0.24709413945674896,0.24821972846984863,0.24261100590229034,0.24737396836280823
2025-02-18 20:00:00+00:00,0.24729110300540924,0.2509032189846039,0.2460448443889618,0.2509032189846039
2025-02-19 00:00:00+00:00,0.2509329319000244,0.2530072033405304,0.24931667745113373,0.25275689363479614
2025-02-19 04:00:00+00:00,0.2527531385421753,0.25431713461875916,0.24975712597370148,0.2542095184326172
2025-02-19 08:00:00+00:00,0.25419867038726807,0.25505074858665466,0.2521834373474121,0.25505074858665466
2025-02-19 12:00:00+00:00,0.25509577989578247,0.25519412755966187,0.2506542503833771,0.25233161449432373
2025-02-19 16:00:00+00:00,0.2523880898952484,0.2544859051704407,0.25078892707824707,0.25168222188949585
2025-02-19 20:00:00+00:00,0.25175797939300537,0.2551862895488739,0.25117579102516174,0.25476697087287903
2025-02-20 00:00:00+00:00,0.2547515332698822,0.25673797726631165,0.25433528423309326,0.2560471296310425
2025-02-20 04:00:00+00:00,0.2560356855392456,0.25684288144111633,0.25384679436683655,0.25502654910087585
2025-02-20 08:00:00+00:00,0.2549896836280823,0.25538524985313416,0.25276219844818115,0.2550305426120758
2025-02-20 12:00:00+00:00,0.2550259232521057,0.25724726915359497,0.2511917054653168,0.25120311975479126
2025-02-20 16:00:00+00:00,0.2511597275733948,0.2548304498195648,0.25055962800979614,0.25416168570518494
2025-02-20 20:00:00+00:00,0.2541702687740326,0.2555975615978241,0.25172847509384155,0.25485777854919434
2025-02-21 00:00:00+00:00,0.25484737753868103,0.2550109922885895,0.2521117627620697,0.2521117627620697
2025-02-21 04:00:00+00:00,0.25211048126220703,0.25461021065711975,0.25211048126220703,0.25333696603775024
2025-02-21 08:00:00+00:00,0.253313273191452,0.2578406035900116,0.2532402575016022,0.2554226815700531
2025-02-21 12:00:00+00:00,0.2553318440914154,0.26090484857559204,0.25093141198158264,0.2525090277194977
2025-02-21 16:00:00+00:00,0.25255176424980164,0.254776269197464,0.23870448768138885,0.24006550014019012
2025-02-21 20:00:00+00:00,0.24003872275352478,0.24125485122203827,0.23494639992713928,0.23931635916233063
2025-02-22 00:00:00+00:00,0.23933635652065277,0.24388177692890167,0.23837901651859283,0.24182239174842834
2025-02-22 04:00:00+00:00,0.24184173345565796,0.24495671689510345,0.2417355626821518,0.24390369653701782
2025-02-22 08:00:00+00:00,0.24392305314540863,0.24485664069652557,0.243247389793396,0.2442365437746048
2025-02-22 12:00:00+00:00,0.24421744048595428,0.24580150842666626,0.243255153298378,0.24573518335819244
2025-02-22 16:00:00+00:00,0.24570278823375702,0.24762719869613647,0.24536675214767456,0.24691683053970337
2025-02-22 20:00:00+00:00,0.24695099890232086,0.24727846682071686,0.24579459428787231,0.24672357738018036
2025-02-23 00:00:00+00:00,0.2467144876718521,0.2467144876718521,0.24378438293933868,0.2441447675228119
2025-02-23 04:00:00+00:00,0.24415168166160583,0.24743527173995972,0.2434329390525818,0.24705664813518524
2025-02-23 08:00:00+00:00,0.24703361093997955,0.2470494657754898,0.2446008026599884,0.2446008026599884
2025-02-23 12:00:00+00:00,0.24460063874721527,0.2450234591960907,0.24086546897888184,0.24100729823112488
2025-02-23 16:00:00+00:00,0.24089917540550232,0.24310429394245148,0.24083255231380463,0.24140703678131104
2025-02-23 20:00:00+00:00,0.24133503437042236,0.24321721494197845,0.24065576493740082,0.24302157759666443
2025-02-24 00:00:00+00:00,0.2430005520582199,0.24381741881370544,0.2292037457227707,0.23089788854122162
2025-02-24 04:00:00+00:00,0.23082810640335083,0.23371128737926483,0.2272527664899826,0.23344899713993073
2025-02-24 08:00:00+00:00,0.23334795236587524,0.23334795236587524,0.22807873785495758,0.23143762350082397
2025-02-24 12:00:00+00:00,0.2313820719718933,0.23225976526737213,0.2234683483839035,0.22532254457473755
2025-02-24 16:00:00+00:00,0.22532600164413452,0.2280333787202835,0.22041308879852295,0.22187234461307526
2025-02-24 20:00:00+00:00,0.2219163030385971,0.22482632100582123,0.20840701460838318,0.2103702425956726
2025-02-25 00:00:00+00:00,0.21032841503620148,0.21321429312229156,0.2053244262933731,0.21173420548439026
2025-02-25 04:00:00+00:00,0.21136771142482758,0.2124703973531723,0.20021437108516693,0.20434913039207458
2025-02-25 08:00:00+00:00,0.20421195030212402,0.20703355967998505,0.19678150117397308,0.2068549245595932
2025-02-25 12:00:00+00:00,0.2066582441329956,0.20924590528011322,0.19874195754528046,0.20425769686698914
2025-02-25 16:00:00+00:00,0.20388761162757874,0.20810401439666748,0.2003672569990158,0.20810401439666748
2025-02-25 20:00:00+00:00,0.20821164548397064,0.21392123401165009,0.20740218460559845,0.21126799285411835
2025-02-26 00:00:00+00:00,0.2113279551267624,0.2134949415922165,0.20842958986759186,0.21197640895843506
2025-02-26 04:00:00+00:00,0.21196509897708893,0.21342262625694275,0.20878808200359344,0.21014973521232605
2025-02-26 08:00:00+00:00,0.2100793570280075,0.21344402432441711,0.208757221698761,0.2103293538093567
2025-02-26 12:00:00+00:00,0.2103012204170227,0.21160684525966644,0.20268331468105316,0.2097504585981369
2025-02-26 16:00:00+00:00,0.2097529172897339,0.20992670953273773,0.19649508595466614,0.19887292385101318
2025-02-26 20:00:00+00:00,0.19872219860553741,0.20689791440963745,0.19715632498264313,0.2028491050004959
2025-02-27 00:00:00+00:00,0.2029528021812439,0.20651724934577942,0.2012656182050705,0.20645587146282196
2025-02-27 04:00:00+00:00,0.20627263188362122,0.20948176085948944,0.20427142083644867,0.2091003656387329
2025-02-27 08:00:00+00:00,0.20911401510238647,0.21120509505271912,0.20754632353782654,0.20899270474910736
2025-02-27 12:00:00+00:00,0.20900820195674896,0.21026034653186798,0.20530922710895538,0.2092277854681015
2025-02-27 16:00:00+00:00,0.20919306576251984,0.21045729517936707,0.20449122786521912,0.20497894287109375
2025-02-27 20:00:00+00:00,0.20486010611057281,0.20723596215248108,0.20148010551929474,0.20682328939437866
2025-02-28 00:00:00+00:00,0.20680229365825653,0.20682157576084137,0.18976877629756927,0.189840629696846
2025-02-28 04:00:00+00:00,0.18984617292881012,0.18984617292881012,0.1841593086719513,0.18497081100940704
2025-02-28 08:00:00+00:00,0.18499593436717987,0.18849489092826843,0.1819026619195938,0.1856883019208908
2025-02-28 12:00:00+00:00,0.18574602901935577,0.19840236008167267,0.1849830001592636,0.1972285360097885
2025-02-28 16:00:00+00:00,0.1973714530467987,0.20179614424705505,0.1959594190120697,0.2007926106452942
2025-02-28 20:00:00+00:00,0.20089557766914368,0.202057883143425,0.1992204338312149,0.20195133984088898
2025-03-01 00:00:00+00:00,0.20188921689987183,0.20654694736003876,0.19946791231632233,0.20631319284439087
2025-03-01 04:00:00+00:00,0.20614242553710938,0.20868146419525146,0.20386667549610138,0.20425918698310852
2025-03-01 08:00:00+00:00,0.20426073670387268,0.2060721516609192,0.20206433534622192,0.2028619647026062
2025-03-01 12:00:00+00:00,0.20285384356975555,0.20337899029254913,0.1998671591281891,0.20209479331970215
2025-03-01 16:00:00+00:00,0.2020587921142578,0.20462198555469513,0.2012949436903,0.2042364627122879
2025-03-01 20:00:00+00:00,0.20420953631401062,0.20760661363601685,0.20336036384105682,0.20653565227985382
2025-03-02 00:00:00+00:00,0.2065442055463791,0.20794211328029633,0.20496901869773865,0.2066771537065506
2025-03-02 04:00:00+00:00,0.20663996040821075,0.2081965059041977,0.2052745670080185,0.20698176324367523
2025-03-02 08:00:00+00:00,0.20705704391002655,0.20917949080467224,0.20563071966171265,0.20784267783164978
2025-03-02 12:00:00+00:00,0.20783977210521698,0.21774248778820038,0.20199693739414215,0.21142131090164185
2025-03-02 16:00:00+00:00,0.21111652255058289,0.2350219190120697,0.21111652255058289,0.2320551723241806
2025-03-02 20:00:00+00:00,0.23209287226200104,0.24154482781887054,0.2312956005334854,0.240120530128479
2025-03-03 00:00:00+00:00,0.2379506677389145,0.2379506677389145,0.2260279655456543,0.22714482247829437
2025-03-03 04:00:00+00:00,0.22719956934452057,0.22865986824035645,0.21810480952262878,0.2222868949174881
2025-03-03 08:00:00+00:00,0.22236759960651398,0.22236759960651398,0.21678970754146576,0.2192317694425583
2025-03-03 12:00:00+00:00,0.21934697031974792,0.2239069640636444,0.21380876004695892,0.21586260199546814
2025-03-03 16:00:00+00:00,0.21588261425495148,0.21721488237380981,0.19880013167858124,0.1989459991455078
2025-03-03 20:00:00+00:00,0.19875626266002655,0.2007632702589035,0.19431640207767487,0.19908423721790314
2025-03-04 00:00:00+00:00,0.19907717406749725,0.2007836252450943,0.18784265220165253,0.19210228323936462
2025-03-04 04:00:00+00:00,0.19185931980609894,0.19422274827957153,0.1911381036043167,0.19211174547672272
2025-03-04 08:00:00+00:00,0.19210310280323029,0.19437095522880554,0.1914040595293045,0.1935606151819229
2025-03-04 12:00:00+00:00,0.1935102939605713,0.198856920003891,0.1887858659029007,0.19264061748981476
2025-03-04 16:00:00+00:00,0.19263750314712524,0.20070263743400574,0.18374377489089966,0.2004053145647049
2025-03-04 20:00:00+00:00,0.20044301450252533,0.2014550268650055,0.19663821160793304,0.19914156198501587
2025-03-05 00:00:00+00:00,0.19910207390785217,0.20352652668952942,0.19739849865436554,0.2013932317495346
2025-03-05 04:00:00+00:00,0.20054922997951508,0.20054922997951508,0.19662868976593018,0.19971249997615814
2025-03-05 08:00:00+00:00,0.19968624413013458,0.20592758059501648,0.1995822638273239,0.2028728425502777
2025-03-05 12:00:00+00:00,0.20290803909301758,0.20509807765483856,0.1986273229122162,0.19985277950763702
2025-03-05 16:00:00+00:00,0.19983355700969696,0.20425309240818024,0.19852977991104126,0.204164057970047
2025-03-05 20:00:00+00:00,0.20412489771842957,0.20545144379138947,0.20354339480400085,0.20471885800361633
2025-03-06 00:00:00+00:00,0.20472626388072968,0.2091001570224762,0.2026153951883316,0.20828436315059662
2025-03-06 04:00:00+00:00,0.20831900835037231,0.2191086709499359,0.20831900835037231,0.20921288430690765
2025-03-06 08:00:00+00:00,0.2087417095899582,0.21157382428646088,0.20869256556034088,0.2111804187297821
2025-03-06 12:00:00+00:00,0.21121396124362946,0.21121396124362946,0.20352771878242493,0.20656347274780273
2025-03-06 16:00:00+00:00,0.20661619305610657,0.20688875019550323,0.19959291815757751,0.20034798979759216
2025-03-06 20:00:00+00:00,0.20027464628219604,0.20411057770252228,0.19989386200904846,0.20172758400440216
2025-03-07 00:00:00+00:00,0.2015889436006546,0.2028907984495163,0.19155707955360413,0.1963946670293808
2025-03-07 04:00:00+00:00,0.19635862112045288,0.20085430145263672,0.19635862112045288,0.20046226680278778
2025-03-07 08:00:00+00:00,0.20056505501270294,0.20549552142620087,0.19987113773822784,0.20432472229003906
2025-03-07 12:00:00+00:00,0.20430059731006622,0.20831860601902008,0.20264652371406555,0.205170139670372
2025-03-07 16:00:00+00:00,0.20510558784008026,0.20679020881652832,0.19889186322689056,0.2049742490053177
2025-03-07 20:00:00+00:00,0.20518243312835693,0.20682500302791595,0.19654101133346558,0.19797012209892273
2025-03-08 00:00:00+00:00,0.19817815721035004,0.2006523609161377,0.19632743299007416,0.1976134479045868
2025-03-08 04:00:00+00:00,0.19758622348308563,0.19935867190361023,0.1963130235671997,0.19631342589855194
2025-03-08 08:00:00+00:00,0.19633513689041138,0.1968197226524353,0.19343575835227966,0.19399353861808777
2025-03-08 12:00:00+00:00,0.19411370158195496,0.19636572897434235,0.19385336339473724,0.1948537528514862
2025-03-08 16:00:00+00:00,0.19485510885715485,0.19507987797260284,0.19153499603271484,0.19492559134960175
2025-03-08 20:00:00+00:00,0.19491861760616302,0.19512535631656647,0.19170482456684113,0.19217588007450104
2025-03-09 00:00:00+00:00,0.19221796095371246,0.1939772069454193,0.18968603014945984,0.19117632508277893
2025-03-09 04:00:00+00:00,0.19102638959884644,0.19168607890605927,0.18929153680801392,0.19120173156261444
2025-03-09 08:00:00+00:00,0.1912410706281662,0.191318079829216,0.18443605303764343,0.18515969812870026
2025-03-09 12:00:00+00:00,0.18517224490642548,0.18520782887935638,0.17672312259674072,0.1769900768995285
2025-03-09 16:00:00+00:00,0.17714445292949677,0.17737311124801636,0.1663314402103424,0.17165109515190125
2025-03-09 20:00:00+00:00,0.17165157198905945,0.1723673939704895,0.16636879742145538,0.16780611872673035
2025-03-10 00:00:00+00:00,0.16808649897575378,0.17363476753234863,0.1650029867887497,0.17220216989517212
2025-03-10 04:00:00+00:00,0.17208285629749298,0.17471171915531158,0.17197096347808838,0.17338623106479645
2025-03-10 08:00:00+00:00,0.1734555959701538,0.18005235493183136,0.17096059024333954,0.1779540777206421
2025-03-10 12:00:00+00:00,0.1776735931634903,0.17806033790111542,0.16514858603477478,0.1676710993051529
2025-03-10 16:00:00+00:00,0.16740161180496216,0.16740161180496216,0.15143416821956635,0.15710212290287018
2025-03-10 20:00:00+00:00,0.15722931921482086,0.15822327136993408,0.15405859053134918,0.15405859053134918
2025-03-11 00:00:00+00:00,0.15403813123703003,0.1561722755432129,0.14546264708042145,0.15491606295108795
2025-03-11 04:00:00+00:00,0.15477484464645386,0.1599009782075882,0.15444710850715637,0.15878215432167053
2025-03-11 08:00:00+00:00,0.15877144038677216,0.16249296069145203,0.1586569845676422,0.16159577667713165
2025-03-11 12:00:00+00:00,0.16162461042404175,0.16176985204219818,0.15326765179634094,0.16145478188991547
2025-03-11 16:00:00+00:00,0.1614113599061966,0.16808633506298065,0.15905028581619263,0.1678602546453476
2025-03-11 20:00:00+00:00,0.16801491379737854,0.16819824278354645,0.16416054964065552,0.16416779160499573
2025-03-12 00:00:00+00:00,0.1642700731754303,0.16754357516765594,0.16142725944519043,0.16142725944519043
2025-03-12 04:00:00+00:00,0.16133135557174683,0.1655379980802536,0.15979182720184326,0.1655379980802536
2025-03-12 08:00:00+00:00,0.1654376983642578,0.16886410117149353,0.16543181240558624,0.16852661967277527
2025-03-12 12:00:00+00:00,0.16849341988563538,0.17246277630329132,0.1623607724905014,0.16479618847370148
2025-03-12 16:00:00+00:00,0.16501718759536743,0.16952645778656006,0.16501718759536743,0.16952645778656006
2025-03-12 20:00:00+00:00,0.1693369448184967,0.17244140803813934,0.16895750164985657,0.17237938940525055
2025-03-13 00:00:00+00:00,0.1723933219909668,0.1726674735546112,0.17010638117790222,0.17066627740859985
2025-03-13 04:00:00+00:00,0.17057892680168152,0.1709696650505066,0.1667734682559967,0.1701105833053589
2025-03-13 08:00:00+00:00,0.16993139684200287,0.17236551642417908,0.16867700219154358,0.17008830606937408
2025-03-13 12:00:00+00:00,0.17026375234127045,0.17144402861595154,0.16563384234905243,0.16575630009174347
2025-03-13 16:00:00+00:00,0.16574710607528687,0.16623106598854065,0.1624593585729599,0.16312743723392487
2025-03-13 20:00:00+00:00,0.16304722428321838,0.16630813479423523,0.16211894154548645,0.16506634652614594
2025-03-14 00:00:00+00:00,0.1651037335395813,0.16881513595581055,0.16496291756629944,0.1688026487827301
2025-03-14 04:00:00+00:00,0.16878642141819,0.16929012537002563,0.16797508299350739,0.1686277538537979
2025-03-14 08:00:00+00:00,0.16860368847846985,0.17014433443546295,0.16821254789829254,0.1699027270078659
2025-03-14 12:00:00+00:00,0.16975370049476624,0.17560504376888275,0.1691962331533432,0.17349229753017426
2025-03-14 16:00:00+00:00,0.1734790951013565,0.17359159886837006,0.17072077095508575,0.17099545896053314
2025-03-14 20:00:00+00:00,0.17090193927288055,0.1734602004289627,0.16951937973499298,0.1717631071805954
2025-03-15 00:00:00+00:00,0.17179878056049347,0.1736740618944168,0.17158254981040955,0.1735701709985733
2025-03-15 04:00:00+00:00,0.17359565198421478,0.1750296652317047,0.17184847593307495,0.17231325805187225
2025-03-15 08:00:00+00:00,0.1722847819328308,0.17442041635513306,0.1716962456703186,0.17437626421451569
2025-03-15 12:00:00+00:00,0.17431403696537018,0.1774371862411499,0.17421239614486694,0.17704060673713684
2025-03-15 16:00:00+00:00,0.1769953817129135,0.17756325006484985,0.17462874948978424,0.175462543964386
2025-03-15 20:00:00+00:00,0.1754724532365799,0.17718450725078583,0.17542459070682526,0.1760673224925995
2025-03-16 00:00:00+00:00,0.17604950070381165,0.1766548603773117,0.17331841588020325,0.17475567758083344
2025-03-16 04:00:00+00:00,0.1747647076845169,0.1765003353357315,0.17451854050159454,0.1755935102701187
2025-03-16 08:00:00+00:00,0.1755421906709671,0.17567047476768494,0.16727134585380554,0.1674012690782547
2025-03-16 12:00:00+00:00,0.16739517450332642,0.1690925508737564,0.16625909507274628,0.16830413043498993
2025-03-16 16:00:00+00:00,0.1681986302137375,0.17184677720069885,0.1680736541748047,0.16835694015026093
2025-03-16 20:00:00+00:00,0.16837427020072937,0.16964708268642426,0.16690820455551147,0.1682429164648056
2025-03-17 00:00:00+00:00,0.16820940375328064,0.17295973002910614,0.16819332540035248,0.17295973002910614
2025-03-17 04:00:00+00:00,0.17295177280902863,0.1732255518436432,0.170424222946167,0.17274031043052673
2025-03-17 08:00:00+00:00,0.17274275422096252,0.17444713413715363,0.17207345366477966,0.17315097153186798
2025-03-17 12:00:00+00:00,0.17320594191551208,0.17320594191551208,0.17012938857078552,0.17236512899398804
2025-03-17 16:00:00+00:00,0.17232835292816162,0.17596307396888733,0.17156846821308136,0.17522327601909637
2025-03-17 20:00:00+00:00,0.17520488798618317,0.17520488798618317,0.1731901913881302,0.1734718233346939
2025-03-18 00:00:00+00:00,0.1734585016965866,0.1734585016965866,0.1673639714717865,0.1676672399044037
2025-03-18 04:00:00+00:00,0.16768084466457367,0.16877004504203796,0.16592943668365479,0.1678154617547989
2025-03-18 08:00:00+00:00,0.1678122878074646,0.1693517416715622,0.16625156998634338,0.1663953959941864
2025-03-18 12:00:00+00:00,0.16632050275802612,0.1670209914445877,0.1632443070411682,0.1636182963848114
2025-03-18 16:00:00+00:00,0.16360801458358765,0.16618622839450836,0.1633417308330536,0.16618426144123077
2025-03-18 20:00:00+00:00,0.16618706285953522,0.16839852929115295,0.16545522212982178,0.1680293083190918
2025-03-19 00:00:00+00:00,0.16802911460399628,0.1689981073141098,0.16701149940490723,0.16875463724136353
2025-03-19 04:00:00+00:00,0.16876687109470367,0.16876687109470367,0.16730642318725586,0.16730642318725586
2025-03-19 08:00:00+00:00,0.16731248795986176,0.17136333882808685,0.16730329394340515,0.17086836695671082
2025-03-19 12:00:00+00:00,0.17084822058677673,0.17374159395694733,0.1692059189081192,0.17374159395694733
2025-03-19 16:00:00+00:00,0.173748180270195,0.1753423660993576,0.1689581722021103,0.17407755553722382
2025-03-19 20:00:00+00:00,0.17410969734191895,0.1784922033548355,0.17379502952098846,0.1780695766210556
2025-03-20 00:00:00+00:00,0.1780908852815628,0.1789526343345642,0.17576223611831665,0.17582334578037262
2025-03-20 04:00:00+00:00,0.1758183389902115,0.1758183389902115,0.17375946044921875,0.1744176745414734
2025-03-20 08:00:00+00:00,0.17438368499279022,0.17601445317268372,0.17113125324249268,0.1719968169927597
2025-03-20 12:00:00+00:00,0.17192082107067108,0.17400707304477692,0.169878289103508,0.16988247632980347
2025-03-20 16:00:00+00:00,0.1697409301996231,0.17004133760929108,0.16707934439182281,0.16926974058151245
2025-03-20 20:00:00+00:00,0.16926881670951843,0.1699943244457245,0.16844412684440613,0.16936007142066956
2025-03-21 00:00:00+00:00,0.16935421526432037,0.17139512300491333,0.16904732584953308,0.16942115128040314
2025-03-21 04:00:00+00:00,0.16942694783210754,0.17059534788131714,0.16761168837547302,0.16838198900222778
2025-03-21 08:00:00+00:00,0.16838014125823975,0.16894501447677612,0.16635668277740479,0.1674351841211319
2025-03-21 12:00:00+00:00,0.16743405163288116,0.16796797513961792,0.1649964153766632,0.16550618410110474
2025-03-21 16:00:00+00:00,0.1654842346906662,0.16876982152462006,0.16528692841529846,0.1681525856256485
2025-03-21 20:00:00+00:00,0.16827036440372467,0.169504314661026,0.1669677495956421,0.1670447438955307
2025-03-22 00:00:00+00:00,0.16707466542720795,0.1688859909772873,0.16707466542720795,0.16872656345367432
2025-03-22 04:00:00+00:00,0.1686633676290512,0.16941115260124207,0.16856864094734192,0.16889557242393494
2025-03-22 08:00:00+00:00,0.16890856623649597,0.16953767836093903,0.1683817058801651,0.1687009632587433
2025-03-22 12:00:00+00:00,0.1687125563621521,0.1689213663339615,0.16743126511573792,0.16811072826385498
2025-03-22 16:00:00+00:00,0.1679541915655136,0.16948099434375763,0.16777406632900238,0.168920636177063
2025-03-22 20:00:00+00:00,0.16892631351947784,0.16920946538448334,0.1668233722448349,0.16719719767570496
2025-03-23 00:00:00+00:00,0.16734376549720764,0.16880962252616882,0.16718536615371704,0.16859427094459534
2025-03-23 04:00:00+00:00,0.16858744621276855,0.17014500498771667,0.16756004095077515,0.16968412697315216
2025-03-23 08:00:00+00:00,0.16966462135314941,0.1720712035894394,0.16966462135314941,0.17117814719676971
2025-03-23 12:00:00+00:00,0.1711171716451645,0.17208394408226013,0.1705930233001709,0.17199115455150604
2025-03-23 16:00:00+00:00,0.1719931960105896,0.17200642824172974,0.16978925466537476,0.17111052572727203
2025-03-23 20:00:00+00:00,0.17109495401382446,0.1721876561641693,0.17027312517166138,0.17213059961795807
2025-03-24 00:00:00+00:00,0.1722739189863205,0.174351304769516,0.1708802580833435,0.17367391288280487
2025-03-24 04:00:00+00:00,0.17369966208934784,0.17577721178531647,0.17369966208934784,0.17507340013980865
2025-03-24 08:00:00+00:00,0.17505697906017303,0.17704005539417267,0.17500938475131989,0.17692236602306366
2025-03-24 12:00:00+00:00,0.176920548081398,0.1837264448404312,0.1757788360118866,0.18302716314792633
2025-03-24 16:00:00+00:00,0.18310129642486572,0.18842852115631104,0.1809953898191452,0.1866018921136856
2025-03-24 20:00:00+00:00,0.18649578094482422,0.18888744711875916,0.18222428858280182,0.18271975219249725
2025-03-25 00:00:00+00:00,0.18296249210834503,0.18668068945407867,0.1817357987165451,0.18177838623523712
2025-03-25 04:00:00+00:00,0.18179374933242798,0.18499529361724854,0.18129150569438934,0.1830262541770935
2025-03-25 08:00:00+00:00,0.1830250471830368,0.18688537180423737,0.1830250471830368,0.1863267421722412
2025-03-25 12:00:00+00:00,0.18621045351028442,0.19333787262439728,0.18484027683734894,0.19099172949790955
2025-03-25 16:00:00+00:00,0.19104084372520447,0.19305799901485443,0.1891714632511139,0.19147172570228577
2025-03-25 20:00:00+00:00,0.1913636326789856,0.19243133068084717,0.18904203176498413,0.19093242287635803
2025-03-26 00:00:00+00:00,0.19088788330554962,0.19538618624210358,0.1898559331893921,0.19014878571033478
2025-03-26 04:00:00+00:00,0.19027338922023773,0.2012491226196289,0.19024501740932465,0.2009890377521515
2025-03-26 08:00:00+00:00,0.20100122690200806,0.20536211133003235,0.20100122690200806,0.2036866843700409
2025-03-26 12:00:00+00:00,0.20358562469482422,0.203591987490654,0.19528600573539734,0.1959577351808548
2025-03-26 16:00:00+00:00,0.19597546756267548,0.19700965285301208,0.19230936467647552,0.1940694898366928
2025-03-26 20:00:00+00:00,0.19401800632476807,0.1973770558834076,0.19264765083789825,0.19479799270629883
2025-03-27 00:00:00+00:00,0.19485025107860565,0.20035897195339203,0.193155437707901,0.19909299910068512
2025-03-27 04:00:00+00:00,0.19942034780979156,0.19942034780979156,0.19552458822727203,0.19608627259731293
2025-03-27 08:00:00+00:00,0.19613391160964966,0.19756856560707092,0.1928282231092453,0.19327151775360107
2025-03-27 12:00:00+00:00,0.1932745724916458,0.19482088088989258,0.1896023154258728,0.19237227737903595
2025-03-27 16:00:00+00:00,0.192132830619812,0.19293662905693054,0.18835824728012085,0.1913055181503296
2025-03-27 20:00:00+00:00,0.19118955731391907,0.1928025335073471,0.19045135378837585,0.1904952973127365
2025-03-28 00:00:00+00:00,0.19044552743434906,0.19255997240543365,0.18814443051815033,0.18928159773349762
2025-03-28 04:00:00+00:00,0.18929946422576904,0.18961580097675323,0.1816064566373825,0.1816064566373825
2025-03-28 08:00:00+00:00,0.1816154569387436,0.18251356482505798,0.17938697338104248,0.18158948421478271
2025-03-28 12:00:00+00:00,0.1816495805978775,0.18206581473350525,0.17865964770317078,0.17962244153022766
2025-03-28 16:00:00+00:00,0.17965032160282135,0.18095806241035461,0.17871274054050446,0.1787605732679367
2025-03-28 20:00:00+00:00,0.17873823642730713,0.1812012642621994,0.1774882674217224,0.1801878660917282
2025-03-29 00:00:00+00:00,0.18019643425941467,0.18220703303813934,0.17572081089019775,0.17870083451271057
2025-03-29 04:00:00+00:00,0.17861881852149963,0.17943453788757324,0.17419631779193878,0.17466889321804047
2025-03-29 08:00:00+00:00,0.1746537983417511,0.17532570660114288,0.16880321502685547,0.16958783566951752
2025-03-29 12:00:00+00:00,0.16963092982769012,0.17248721420764923,0.16963092982769012,0.16996639966964722
2025-03-29 16:00:00+00:00,0.16995759308338165,0.17018304765224457,0.1665930449962616,0.16892269253730774
2025-03-29 20:00:00+00:00,0.16894561052322388,0.1696021854877472,0.16734319925308228,0.16956524550914764
2025-03-30 00:00:00+00:00,0.16947756707668304,0.1722080111503601,0.1682247668504715,0.17096585035324097
2025-03-30 04:00:00+00:00,0.17084838449954987,0.17202912271022797,0.17012307047843933,0.17042812705039978
2025-03-30 08:00:00+00:00,0.17042101919651031,0.17195357382297516,0.16924883425235748,0.169577956199646
2025-03-30 12:00:00+00:00,0.16966061294078827,0.17066305875778198,0.1680838018655777,0.16860829293727875
2025-03-30 16:00:00+00:00,0.16855166852474213,0.17071126401424408,0.16661933064460754,0.16946634650230408
2025-03-30 20:00:00+00:00,0.1694526970386505,0.1694526970386505,0.1649879813194275,0.166318878531456
2025-03-31 00:00:00+00:00,0.16646553575992584,0.16771313548088074,0.16320878267288208,0.16465641558170319
2025-03-31 04:00:00+00:00,0.1647365540266037,0.16706345975399017,0.1625531166791916,0.16283194720745087
2025-03-31 08:00:00+00:00,0.1629074662923813,0.16459187865257263,0.16050879657268524,0.16353173553943634
2025-03-31 12:00:00+00:00,0.16353318095207214,0.1681855469942093,0.16159391403198242,0.16797317564487457
2025-03-31 16:00:00+00:00,0.16788972914218903,0.16799932718276978,0.16439858078956604,0.16594238579273224
2025-03-31 20:00:00+00:00,0.16575506329536438,0.1667253077030182,0.16447843611240387,0.16671627759933472
2025-04-01 00:00:00+00:00,0.1665610820055008,0.16942664980888367,0.16622239351272583,0.1683504283428192
2025-04-01 04:00:00+00:00,0.16847410798072815,0.17059946060180664,0.16804668307304382,0.1697019785642624
2025-04-01 08:00:00+00:00,0.16971798241138458,0.17485147714614868,0.16971798241138458,0.1703890860080719
2025-04-01 12:00:00+00:00,0.1703987866640091,0.17507851123809814,0.16802935302257538,0.1750362366437912
2025-04-01 16:00:00+00:00,0.17501042783260345,0.1750762015581131,0.17133095860481262,0.1720011681318283
2025-04-01 20:00:00+00:00,0.17203064262866974,0.17480404675006866,0.1713923066854477,0.174085795879364
2025-04-02 00:00:00+00:00,0.17402394115924835,0.17403361201286316,0.1701982468366623,0.17131353914737701
2025-04-02 04:00:00+00:00,0.171204075217247,0.1719711571931839,0.168049156665802,0.1695508360862732
2025-04-02 08:00:00+00:00,0.16964243352413177,0.17328980565071106,0.16925226151943207,0.1712247133255005
2025-04-02 12:00:00+00:00,0.17125095427036285,0.17741242051124573,0.17007307708263397,0.17604108154773712
2025-04-02 16:00:00+00:00,0.17602618038654327,0.1761728674173355,0.1708192378282547,0.17411519587039948
2025-04-02 20:00:00+00:00,0.17410846054553986,0.17857803404331207,0.16247746348381042,0.1641949564218521
2025-04-03 00:00:00+00:00,0.1641411930322647,0.16649818420410156,0.163624569773674,0.16620121896266937
2025-04-03 04:00:00+00:00,0.16618908941745758,0.16723966598510742,0.16361024975776672,0.16424304246902466
2025-04-03 08:00:00+00:00,0.16431914269924164,0.16480809450149536,0.15989790856838226,0.1602916717529297
2025-04-03 12:00:00+00:00,0.16032874584197998,0.16082759201526642,0.1557542383670807,0.15821343660354614
2025-04-03 16:00:00+00:00,0.15822458267211914,0.15970969200134277,0.1573173701763153,0.15875226259231567
2025-04-03 20:00:00+00:00,0.15870024263858795,0.16214095056056976,0.15800993144512177,0.16205944120883942
2025-04-04 00:00:00+00:00,0.16218364238739014,0.16314151883125305,0.16047203540802002,0.16255910694599152
2025-04-04 04:00:00+00:00,0.16259263455867767,0.1664453148841858,0.16208823025226593,0.16639278829097748
2025-04-04 08:00:00+00:00,0.1663951277732849,0.1674070805311203,0.16048409044742584,0.1619051992893219
2025-04-04 12:00:00+00:00,0.16203126311302185,0.17087729275226593,0.1617686152458191,0.16809974610805511
2025-04-04 16:00:00+00:00,0.1679219752550125,0.1716223955154419,0.16723361611366272,0.16931495070457458
2025-04-04 20:00:00+00:00,0.16940857470035553,0.1725715696811676,0.169012650847435,0.17109784483909607
2025-04-05 00:00:00+00:00,0.1711588054895401,0.17137868702411652,0.16937200725078583,0.1693917214870453
2025-04-05 04:00:00+00:00,0.16935855150222778,0.16984210908412933,0.16819815337657928,0.16934926807880402
2025-04-05 08:00:00+00:00,0.16934558749198914,0.17048442363739014,0.16870234906673431,0.17006956040859222
2025-04-05 12:00:00+00:00,0.17006511986255646,0.17027084529399872,0.16639773547649384,0.16708822548389435
2025-04-05 16:00:00+00:00,0.16717645525932312,0.16854210197925568,0.16700874269008636,0.16748543083667755
2025-04-05 20:00:00+00:00,0.16750352084636688,0.1690388023853302,0.16749180853366852,0.1690269559621811
2025-04-06 00:00:00+00:00,0.16897819936275482,0.169724240899086,0.167237788438797,0.16762441396713257
2025-04-06 04:00:00+00:00,0.16763021051883698,0.16778846085071564,0.16503919661045074,0.16505573689937592
2025-04-06 08:00:00+00:00,0.16500334441661835,0.16530770063400269,0.16374266147613525,0.1643097698688507
2025-04-06 12:00:00+00:00,0.16430987417697906,0.16438300907611847,0.16001060605049133,0.1618553251028061
2025-04-06 16:00:00+00:00,0.16176378726959229,0.16176378726959229,0.15115313231945038,0.15272356569766998
2025-04-06 20:00:00+00:00,0.15271306037902832,0.15288133919239044,0.14661158621311188,0.14884549379348755
2025-04-07 00:00:00+00:00,0.14901646971702576,0.15100862085819244,0.14071054756641388,0.14147095382213593
2025-04-07 04:00:00+00:00,0.14191004633903503,0.14264969527721405,0.1315072476863861,0.1325812041759491
2025-04-07 08:00:00+00:00,0.13251514732837677,0.14104993641376495,0.13211499154567719,0.13808518648147583
2025-04-07 12:00:00+00:00,0.1382398009300232,0.1525997370481491,0.13749703764915466,0.1473306566476822
2025-04-07 16:00:00+00:00,0.1472669243812561,0.1491415649652481,0.1445150226354599,0.14707161486148834
2025-04-07 20:00:00+00:00,0.14701302349567413,0.15218932926654816,0.14679527282714844,0.14947010576725006
2025-04-08 00:00:00+00:00,0.14947213232517242,0.15285180509090424,0.14727872610092163,0.15098299086093903
2025-04-08 04:00:00+00:00,0.15134066343307495,0.15236546099185944,0.14859728515148163,0.15063388645648956
2025-04-08 08:00:00+00:00,0.15061837434768677,0.15559354424476624,0.14989782869815826,0.15556851029396057
2025-04-08 12:00:00+00:00,0.1561661660671234,0.15668562054634094,0.15034151077270508,0.15069685876369476
2025-04-08 16:00:00+00:00,0.15069834887981415,0.15072070062160492,0.14246733486652374,0.14292535185813904
2025-04-08 20:00:00+00:00,0.14290690422058105,0.14435195922851562,0.1415509134531021,0.1421089470386505
2025-04-09 00:00:00+00:00,0.14210112392902374,0.14315862953662872,0.13679267466068268,0.13872452080249786
2025-04-09 04:00:00+00:00,0.13861650228500366,0.1474156677722931,0.13861650228500366,0.1468326300382614
2025-04-09 08:00:00+00:00,0.14685358107089996,0.147804856300354,0.14340223371982574,0.14370204508304596
2025-04-09 12:00:00+00:00,0.14371979236602783,0.14807696640491486,0.143235445022583,0.14603352546691895
2025-04-09 16:00:00+00:00,0.14603638648986816,0.1614827662706375,0.14603638648986816,0.15997610986232758
2025-04-09 20:00:00+00:00,0.16000281274318695,0.1639336794614792,0.16000281274318695,0.16037097573280334
2025-04-10 00:00:00+00:00,0.16037696599960327,0.16037696599960327,0.15397222340106964,0.15508534014225006
2025-04-10 04:00:00+00:00,0.1553019881248474,0.15809954702854156,0.1546190232038498,0.15608860552310944
2025-04-10 08:00:00+00:00,0.15607960522174835,0.15668819844722748,0.15504007041454315,0.15604248642921448
2025-04-10 12:00:00+00:00,0.1560891717672348,0.15761412680149078,0.14963030815124512,0.14974147081375122
2025-04-10 16:00:00+00:00,0.14976127445697784,0.15437546372413635,0.14945463836193085,0.15437546372413635
2025-04-10 20:00:00+00:00,0.1541178971529007,0.1554645150899887,0.1532856523990631,0.1536680907011032
2025-04-11 00:00:00+00:00,0.15353499352931976,0.15715372562408447,0.15341104567050934,0.15646903216838837
2025-04-11 04:00:00+00:00,0.15651334822177887,0.1579684019088745,0.15585555136203766,0.15728090703487396
2025-04-11 08:00:00+00:00,0.15726642310619354,0.15984797477722168,0.15658977627754211,0.15783356130123138
2025-04-11 12:00:00+00:00,0.15782299637794495,0.1597505360841751,0.15729732811450958,0.15870556235313416
2025-04-11 16:00:00+00:00,0.15868912637233734,0.1607775241136551,0.15790918469429016,0.1596062332391739
2025-04-11 20:00:00+00:00,0.15966084599494934,0.16207988560199738,0.15948845446109772,0.16008910536766052
2025-04-12 00:00:00+00:00,0.16007860004901886,0.16007860004901886,0.15790028870105743,0.15861740708351135
2025-04-12 04:00:00+00:00,0.15865768492221832,0.16441994905471802,0.15856561064720154,0.1628754884004593
2025-04-12 08:00:00+00:00,0.16288723051548004,0.16367727518081665,0.1617784947156906,0.16194121539592743
2025-04-12 12:00:00+00:00,0.1619473397731781,0.16845335066318512,0.16162313520908356,0.16732411086559296
2025-04-12 16:00:00+00:00,0.1673310250043869,0.16782328486442566,0.16500933468341827,0.1661956012248993
2025-04-12 20:00:00+00:00,0.1662074625492096,0.16931113600730896,0.1662074625492096,0.16761112213134766
2025-04-13 00:00:00+00:00,0.16739171743392944,0.16845548152923584,0.16555891931056976,0.1665453314781189
2025-04-13 04:00:00+00:00,0.1665419042110443,0.1665419042110443,0.1641796976327896,0.16419436037540436
2025-04-13 08:00:00+00:00,0.16418665647506714,0.16824284195899963,0.16362890601158142,0.16495001316070557
2025-04-13 12:00:00+00:00,0.16502554714679718,0.16544683277606964,0.161326065659523,0.162270188331604
2025-04-13 16:00:00+00:00,0.16229934990406036,0.16787712275981903,0.16170214116573334,0.16289174556732178
2025-04-13 20:00:00+00:00,0.16288991272449493,0.16479693353176117,0.16143952310085297,0.16279178857803345
2025-04-14 00:00:00+00:00,0.1626274585723877,0.16852517426013947,0.16237010061740875,0.1652814745903015
2025-04-14 04:00:00+00:00,0.16529159247875214,0.16778984665870667,0.16326318681240082,0.16438251733779907
2025-04-14 08:00:00+00:00,0.16438379883766174,0.1660933494567871,0.16289111971855164,0.16588811576366425
2025-04-14 12:00:00+00:00,0.16588929295539856,0.16659189760684967,0.159861758351326,0.16038842499256134
2025-04-14 16:00:00+00:00,0.1602780967950821,0.16141650080680847,0.15956242382526398,0.1597733348608017
2025-04-14 20:00:00+00:00,0.15988683700561523,0.15988683700561523,0.1577085256576538,0.15850256383419037
2025-04-15 00:00:00+00:00,0.1584966629743576,0.1607791632413864,0.15778590738773346,0.16076593101024628
2025-04-15 04:00:00+00:00,0.16077622771263123,0.16098831593990326,0.15895695984363556,0.15999466180801392
2025-04-15 08:00:00+00:00,0.15999840199947357,0.1607414335012436,0.1583487093448639,0.1586345136165619
2025-04-15 12:00:00+00:00,0.15864931046962738,0.1610259860754013,0.1550595611333847,0.15561240911483765
2025-04-15 16:00:00+00:00,0.15562450885772705,0.1568671315908432,0.15484878420829773,0.15511147677898407
2025-04-15 20:00:00+00:00,0.1551012247800827,0.15610340237617493,0.15325790643692017,0.15354733169078827
2025-04-16 00:00:00+00:00,0.1535121649503708,0.15580818057060242,0.15261872112751007,0.15505021810531616
2025-04-16 04:00:00+00:00,0.15506014227867126,0.15532401204109192,0.15272265672683716,0.15272265672683716
2025-04-16 08:00:00+00:00,0.15274611115455627,0.15410123765468597,0.1516980677843094,0.15323635935783386
2025-04-16 12:00:00+00:00,0.15325669944286346,0.15617923438549042,0.1524077206850052,0.1553773134946823
2025-04-16 16:00:00+00:00,0.15531834959983826,0.156235471367836,0.1509769856929779,0.15592268109321594
2025-04-16 20:00:00+00:00,0.15585771203041077,0.1569897085428238,0.15431945025920868,0.15469107031822205
2025-04-17 00:00:00+00:00,0.15469418466091156,0.15687301754951477,0.15426333248615265,0.15505123138427734
2025-04-17 04:00:00+00:00,0.15508614480495453,0.1575993001461029,0.1550092101097107,0.15673872828483582
2025-04-17 08:00:00+00:00,0.15674027800559998,0.15697535872459412,0.15564778447151184,0.15651719272136688
2025-04-17 12:00:00+00:00,0.15650154650211334,0.1571454554796219,0.15326453745365143,0.155336394906044
2025-04-17 16:00:00+00:00,0.15532873570919037,0.15934987366199493,0.15508157014846802,0.15676242113113403
2025-04-17 20:00:00+00:00,0.15680159628391266,0.15741688013076782,0.15536662936210632,0.1557409018278122
2025-04-18 00:00:00+00:00,0.15575340390205383,0.15588153898715973,0.153775155544281,0.15482433140277863
2025-04-18 04:00:00+00:00,0.15482039749622345,0.1551954746246338,0.1543188989162445,0.15516714751720428
2025-04-18 08:00:00+00:00,0.1551637500524521,0.15609094500541687,0.15490542352199554,0.15541094541549683
2025-04-18 12:00:00+00:00,0.15541909635066986,0.1566663682460785,0.1552901566028595,0.1562826931476593
2025-04-18 16:00:00+00:00,0.15628387033939362,0.15855349600315094,0.15628387033939362,0.15780818462371826
2025-04-18 20:00:00+00:00,0.15782368183135986,0.15876959264278412,0.15745268762111664,0.1576184779405594
2025-04-19 00:00:00+00:00,0.1576109677553177,0.1594550460577011,0.15710586309432983,0.15944740176200867
2025-04-19 04:00:00+00:00,0.15945649147033691,0.16054768860340118,0.15840363502502441,0.15903514623641968
2025-04-19 08:00:00+00:00,0.15903782844543457,0.15916235744953156,0.15774989128112793,0.15799131989479065
2025-04-19 12:00:00+00:00,0.15799762308597565,0.15877138078212738,0.1575637012720108,0.1577540636062622
2025-04-19 16:00:00+00:00,0.1577431559562683,0.15827524662017822,0.15653438866138458,0.15728051960468292
2025-04-19 20:00:00+00:00,0.15727952122688293,0.15807108581066132,0.15697148442268372,0.15733349323272705
2025-04-20 00:00:00+00:00,0.15732549130916595,0.15896707773208618,0.1572033166885376,0.15828804671764374
2025-04-20 04:00:00+00:00,0.1582859754562378,0.1592826098203659,0.15663684904575348,0.1570301651954651
2025-04-20 08:00:00+00:00,0.15703168511390686,0.15703916549682617,0.15302738547325134,0.1532520353794098
2025-04-20 12:00:00+00:00,0.15327686071395874,0.15488770604133606,0.1527789980173111,0.15281206369400024
2025-04-20 16:00:00+00:00,0.15281373262405396,0.15485675632953644,0.1527601182460785,0.15481914579868317
2025-04-20 20:00:00+00:00,0.15483450889587402,0.15702970325946808,0.1536242663860321,0.15518411993980408
2025-04-21 00:00:00+00:00,0.15518628060817719,0.16094161570072174,0.1551518738269806,0.16035501658916473
2025-04-21 04:00:00+00:00,0.16035373508930206,0.16261515021324158,0.15975864231586456,0.16201530396938324
2025-04-21 08:00:00+00:00,0.16200287640094757,0.16248708963394165,0.16049237549304962,0.16150115430355072
2025-04-21 12:00:00+00:00,0.1615106165409088,0.16292864084243774,0.1600191742181778,0.16042692959308624
2025-04-21 16:00:00+00:00,0.16041961312294006,0.1610945463180542,0.15609581768512726,0.15858832001686096
2025-04-21 20:00:00+00:00,0.15861468017101288,0.15938669443130493,0.15760622918605804,0.15938669443130493
2025-04-22 00:00:00+00:00,0.15936905145645142,0.16196516156196594,0.15796370804309845,0.1608133614063263
2025-04-22 04:00:00+00:00,0.1608312875032425,0.16437003016471863,0.160387322306633,0.1638834923505783
2025-04-22 08:00:00+00:00,0.16388171911239624,0.16465666890144348,0.1630444973707199,0.1641976684331894
2025-04-22 12:00:00+00:00,0.16418689489364624,0.17302238941192627,0.16404373943805695,0.17159095406532288
2025-04-22 16:00:00+00:00,0.17165908217430115,0.17234651744365692,0.17029224336147308,0.1720067709684372
2025-04-22 20:00:00+00:00,0.17199859023094177,0.1793706864118576,0.17175400257110596,0.1786430925130844
2025-04-23 00:00:00+00:00,0.1786540150642395,0.18375369906425476,0.1786540150642395,0.1818745732307434
2025-04-23 04:00:00+00:00,0.18191580474376678,0.18475548923015594,0.18029962480068207,0.1817634254693985
2025-04-23 08:00:00+00:00,0.1818692684173584,0.18378104269504547,0.18098919093608856,0.18209639191627502
2025-04-23 12:00:00+00:00,0.1820957064628601,0.18502220511436462,0.17568327486515045,0.17788927257061005
2025-04-23 16:00:00+00:00,0.17803141474723816,0.1815556138753891,0.17696194350719452,0.178506538271904
2025-04-23 20:00:00+00:00,0.17851249873638153,0.17987963557243347,0.17761766910552979,0.17860469222068787
2025-04-24 00:00:00+00:00,0.17860834300518036,0.17910952866077423,0.17315642535686493,0.17315642535686493
2025-04-24 04:00:00+00:00,0.17315880954265594,0.174409881234169,0.17221856117248535,0.17227038741111755
2025-04-24 08:00:00+00:00,0.17226898670196533,0.17404724657535553,0.1703053116798401,0.1736677885055542
2025-04-24 12:00:00+00:00,0.17368733882904053,0.18022581934928894,0.17299436032772064,0.17871873080730438
2025-04-24 16:00:00+00:00,0.1787264496088028,0.18180041015148163,0.17797034978866577,0.18095365166664124
2025-04-24 20:00:00+00:00,0.18096257746219635,0.18313930928707123,0.1796049326658249,0.1824464350938797
2025-04-25 00:00:00+00:00,0.18246833980083466,0.18436162173748016,0.17815729975700378,0.18054510653018951
2025-04-25 04:00:00+00:00,0.18047881126403809,0.18284010887145996,0.17987385392189026,0.18266309797763824
2025-04-25 08:00:00+00:00,0.18265753984451294,0.183244988322258,0.1804032027721405,0.1826234757900238
2025-04-25 12:00:00+00:00,0.18316134810447693,0.18580137193202972,0.17958828806877136,0.18287982046604156
2025-04-25 16:00:00+00:00,0.18285736441612244,0.1847088783979416,0.18051666021347046,0.18164369463920593
2025-04-25 20:00:00+00:00,0.18167701363563538,0.1829693466424942,0.1807309240102768,0.18183156847953796
2025-04-26 00:00:00+00:00,0.18183135986328125,0.1922822892665863,0.18182902038097382,0.18642035126686096
2025-04-26 04:00:00+00:00,0.1864829808473587,0.187641903758049,0.18446126580238342,0.18662111461162567
2025-04-26 08:00:00+00:00,0.18663132190704346,0.18687117099761963,0.1813594549894333,0.18162399530410767
2025-04-26 12:00:00+00:00,0.18162454664707184,0.18293894827365875,0.18080462515354156,0.18281559646129608
2025-04-26 16:00:00+00:00,0.1828119307756424,0.1828119307756424,0.18071097135543823,0.1810525804758072
2025-04-26 20:00:00+00:00,0.18110786378383636,0.18216626346111298,0.18041063845157623,0.18189065158367157
2025-04-27 00:00:00+00:00,0.18191003799438477,0.18310022354125977,0.17826040089130402,0.1794927716255188
2025-04-27 04:00:00+00:00,0.17950209975242615,0.18036507070064545,0.17703676223754883,0.1801670342683792
2025-04-27 08:00:00+00:00,0.18016621470451355,0.1824263632297516,0.18001264333724976,0.181118905544281
2025-04-27 12:00:00+00:00,0.181122824549675,0.18305374681949615,0.17966121435165405,0.18042419850826263
2025-04-27 16:00:00+00:00,0.18041136860847473,0.18204328417778015,0.17818205058574677,0.18204328417778015
2025-04-27 20:00:00+00:00,0.1823289692401886,0.1823289692401886,0.179457426071167,0.1796730011701584
2025-04-28 00:00:00+00:00,0.17947538197040558,0.17956337332725525,0.17439448833465576,0.17907842993736267
2025-04-28 04:00:00+00:00,0.17904618382453918,0.181514710187912,0.17897778749465942,0.18124975264072418
2025-04-28 08:00:00+00:00,0.18123367428779602,0.18259066343307495,0.17968474328517914,0.1817324459552765
2025-04-28 12:00:00+00:00,0.1817558854818344,0.1817706972360611,0.17472511529922485,0.17518237233161926
2025-04-28 16:00:00+00:00,0.17528358101844788,0.1793578416109085,0.17467626929283142,0.17904898524284363
2025-04-28 20:00:00+00:00,0.1790347844362259,0.1793837547302246,0.1776052862405777,0.1789517104625702
2025-04-29 00:00:00+00:00,0.17897306382656097,0.1804995983839035,0.17747163772583008,0.1793394386768341
2025-04-29 04:00:00+00:00,0.17935344576835632,0.18023473024368286,0.17753753066062927,0.17988695204257965
2025-04-29 08:00:00+00:00,0.17988711595535278,0.18018664419651031,0.1780751347541809,0.17926789820194244
2025-04-29 12:00:00+00:00,0.17926722764968872,0.1797482967376709,0.17740283906459808,0.1781458854675293
2025-04-29 16:00:00+00:00,0.1781461089849472,0.1802607923746109,0.17804914712905884,0.17865906655788422
2025-04-29 20:00:00+00:00,0.1786278933286667,0.1786750853061676,0.17281392216682434,0.17464017868041992
2025-04-30 00:00:00+00:00,0.17470888793468475,0.17634788155555725,0.17385056614875793,0.17624147236347198
2025-04-30 04:00:00+00:00,0.1762424111366272,0.1762424111366272,0.17286445200443268,0.17341633141040802
2025-04-30 08:00:00+00:00,0.17343303561210632,0.17609527707099915,0.1732172966003418,0.17597605288028717
2025-04-30 12:00:00+00:00,0.1759742647409439,0.17600120604038239,0.16726894676685333,0.1700657457113266
2025-04-30 16:00:00+00:00,0.17001217603683472,0.17262765765190125,0.1691116839647293,0.17252011597156525
2025-04-30 20:00:00+00:00,0.1725156456232071,0.17422567307949066,0.17207373678684235,0.17234066128730774
2025-05-01 00:00:00+00:00,0.17234563827514648,0.1753343641757965,0.1722988486289978,0.17406561970710754
2025-05-01 04:00:00+00:00,0.17406174540519714,0.1754862517118454,0.1737789809703827,0.17548243701457977
2025-05-01 08:00:00+00:00,0.17546893656253815,0.17945143580436707,0.1752977967262268,0.1793750822544098
2025-05-01 12:00:00+00:00,0.1793859899044037,0.1822870373725891,0.17731764912605286,0.1806180626153946
2025-05-01 16:00:00+00:00,0.1806136965751648,0.18328166007995605,0.1806136965751648,0.18076057732105255
2025-05-01 20:00:00+00:00,0.1807689368724823,0.18226413428783417,0.18023069202899933,0.1807664930820465
2025-05-02 00:00:00+00:00,0.18078091740608215,0.1840008646249771,0.18007908761501312,0.18271726369857788
2025-05-02 04:00:00+00:00,0.18258416652679443,0.18278805911540985,0.17947353422641754,0.1796266734600067
2025-05-02 08:00:00+00:00,0.17959634959697723,0.18151743710041046,0.17946796119213104,0.18105526268482208
2025-05-02 12:00:00+00:00,0.1810460388660431,0.1825326383113861,0.1803922802209854,0.181483656167984
2025-05-02 16:00:00+00:00,0.18149061501026154,0.184059739112854,0.18012821674346924,0.18019211292266846
2025-05-02 20:00:00+00:00,0.1801968812942505,0.18232105672359467,0.18010452389717102,0.18157663941383362
2025-05-03 00:00:00+00:00,0.1815737932920456,0.18205319344997406,0.18018688261508942,0.18050286173820496
2025-05-03 04:00:00+00:00,0.1804967224597931,0.1808205097913742,0.17852576076984406,0.17907936871051788
2025-05-03 08:00:00+00:00,0.179069384932518,0.17959940433502197,0.17767943441867828,0.1781209111213684
2025-05-03 12:00:00+00:00,0.1781286746263504,0.17950187623500824,0.17803172767162323,0.17860417068004608
2025-05-03 16:00:00+00:00,0.17861175537109375,0.1786162406206131,0.1755952686071396,0.1775791198015213
2025-05-03 20:00:00+00:00,0.17757955193519592,0.17763496935367584,0.17552727460861206,0.1757570058107376
2025-05-04 00:00:00+00:00,0.17575319111347198,0.1772593855857849,0.17504186928272247,0.1755487322807312
2025-05-04 04:00:00+00:00,0.17552094161510468,0.17638462781906128,0.17464087903499603,0.17505662143230438
2025-05-04 08:00:00+00:00,0.17507445812225342,0.17519821226596832,0.17366532981395721,0.17425228655338287
2025-05-04 12:00:00+00:00,0.17425651848316193,0.1746760904788971,0.1727002114057541,0.17373134195804596
2025-05-04 16:00:00+00:00,0.17374005913734436,0.17386071383953094,0.17164115607738495,0.17205120623111725
2025-05-04 20:00:00+00:00,0.17206116020679474,0.17301245033740997,0.17017506062984467,0.17054440081119537
2025-05-05 00:00:00+00:00,0.17055216431617737,0.17165283858776093,0.16897697746753693,0.17055095732212067
2025-05-05 04:00:00+00:00,0.17054510116577148,0.17367850244045258,0.17049486935138702,0.17336562275886536
2025-05-05 08:00:00+00:00,0.17338600754737854,0.1745343953371048,0.17037548124790192,0.17121443152427673
2025-05-05 12:00:00+00:00,0.17116285860538483,0.17150570452213287,0.16871538758277893,0.16882045567035675
2025-05-05 16:00:00+00:00,0.16884742677211761,0.17238186299800873,0.16884742677211761,0.17085276544094086
2025-05-05 20:00:00+00:00,0.17082840204238892,0.1720990091562271,0.16866923868656158,0.17060436308383942
2025-05-06 00:00:00+00:00,0.1706000417470932,0.17101377248764038,0.1672993004322052,0.16976739466190338
2025-05-06 04:00:00+00:00,0.16971455514431,0.17024365067481995,0.16888445615768433,0.16937419772148132
2025-05-06 08:00:00+00:00,0.16937106847763062,0.16937106847763062,0.16484975814819336,0.16498374938964844
2025-05-06 12:00:00+00:00,0.16504044830799103,0.16773684322834015,0.16446557641029358,0.1666947454214096
2025-05-06 16:00:00+00:00,0.16668358445167542,0.16960352659225464,0.16581039130687714,0.16892877221107483
2025-05-06 20:00:00+00:00,0.1688818633556366,0.17239075899124146,0.1677664816379547,0.17211514711380005
2025-05-07 00:00:00+00:00,0.17218215763568878,0.174169659614563,0.1704178899526596,0.17174939811229706
2025-05-07 04:00:00+00:00,0.17176717519760132,0.1733216494321823,0.1716088205575943,0.1732466220855713
2025-05-07 08:00:00+00:00,0.17324866354465485,0.17389631271362305,0.1730041205883026,0.17321482300758362
2025-05-07 12:00:00+00:00,0.1732262521982193,0.17336249351501465,0.17071633040905,0.17089243233203888
2025-05-07 16:00:00+00:00,0.17088060081005096,0.17229090631008148,0.1695050746202469,0.17014773190021515
2025-05-07 20:00:00+00:00,0.1701301485300064,0.17286376655101776,0.1696261167526245,0.1720096319913864
2025-05-08 00:00:00+00:00,0.1720060259103775,0.1791863590478897,0.17190001904964447,0.1791863590478897
2025-05-08 04:00:00+00:00,0.17920589447021484,0.18239454925060272,0.17920589447021484,0.18155908584594727
2025-05-08 08:00:00+00:00,0.1815584897994995,0.18502791225910187,0.18154646456241608,0.1829724907875061
2025-05-08 12:00:00+00:00,0.18299561738967896,0.1906055510044098,0.18299561738967896,0.18919821083545685
2025-05-08 16:00:00+00:00,0.18921907246112823,0.19213233888149261,0.18921907246112823,0.19089336693286896
2025-05-08 20:00:00+00:00,0.1908966600894928,0.19787894189357758,0.19035737216472626,0.19758100807666779
2025-05-09 00:00:00+00:00,0.19792209565639496,0.19809433817863464,0.1935042142868042,0.19351442158222198
2025-05-09 04:00:00+00:00,0.19352826476097107,0.20826669037342072,0.19334356486797333,0.20559240877628326
2025-05-09 08:00:00+00:00,0.20567405223846436,0.21260832250118256,0.20323410630226135,0.20777593553066254
2025-05-09 12:00:00+00:00,0.20759397745132446,0.20947156846523285,0.20156729221343994,0.2039513736963272
2025-05-09 16:00:00+00:00,0.20396465063095093,0.20579573512077332,0.2015269249677658,0.20500174164772034
2025-05-09 20:00:00+00:00,0.20502175390720367,0.20591790974140167,0.20399150252342224,0.20529033243656158
2025-05-10 00:00:00+00:00,0.20527710020542145,0.20975370705127716,0.20361189544200897,0.20975370705127716
2025-05-10 04:00:00+00:00,0.20972055196762085,0.22552812099456787,0.20849277079105377,0.22455522418022156
2025-05-10 08:00:00+00:00,0.2242840826511383,0.23025290668010712,0.22203309834003448,0.22302329540252686
2025-05-10 12:00:00+00:00,0.22283414006233215,0.22823694348335266,0.22283414006233215,0.22712072730064392
2025-05-10 16:00:00+00:00,0.22711366415023804,0.23847103118896484,0.22699281573295593,0.23528209328651428
2025-05-10 20:00:00+00:00,0.23514965176582336,0.24906831979751587,0.2334391474723816,0.24868209660053253
2025-05-11 00:00:00+00:00,0.24905018508434296,0.25869008898735046,0.23607955873012543,0.24004769325256348
2025-05-11 04:00:00+00:00,0.2399783730506897,0.24205569922924042,0.22860215604305267,0.2305629998445511
2025-05-11 08:00:00+00:00,0.23046670854091644,0.23445945978164673,0.22975683212280273,0.23390719294548035
2025-05-11 12:00:00+00:00,0.23392055928707123,0.2353685349225998,0.22709602117538452,0.22730383276939392
2025-05-11 16:00:00+00:00,0.22702044248580933,0.23292070627212524,0.2235940843820572,0.23116368055343628
2025-05-11 20:00:00+00:00,0.23115822672843933,0.23342084884643555,0.22936220467090607,0.23150873184204102
2025-05-12 00:00:00+00:00,0.2315535843372345,0.24041660130023956,0.2315535843372345,0.23804253339767456
2025-05-12 04:00:00+00:00,0.23814857006072998,0.2510997951030731,0.237704798579216,0.24379117786884308
2025-05-12 08:00:00+00:00,0.24373969435691833,0.2515377104282379,0.24122080206871033,0.24267476797103882
2025-05-12 12:00:00+00:00,0.24243219196796417,0.24548682570457458,0.23186331987380981,0.23272879421710968
2025-05-12 16:00:00+00:00,0.2327534556388855,0.2365308701992035,0.22234836220741272,0.22666476666927338
2025-05-12 20:00:00+00:00,0.22705766558647156,0.23370172083377838,0.22605666518211365,0.23100149631500244
2025-05-13 00:00:00+00:00,0.23099716007709503,0.2310093492269516,0.2180514633655548,0.21886149048805237
2025-05-13 04:00:00+00:00,0.21877607703208923,0.22555236518383026,0.21833069622516632,0.22445833683013916
2025-05-13 08:00:00+00:00,0.2244582176208496,0.22976408898830414,0.2232615202665329,0.22808276116847992
2025-05-13 12:00:00+00:00,0.22807176411151886,0.23213739693164825,0.22529993951320648,0.23213739693164825
2025-05-13 16:00:00+00:00,0.23221641778945923,0.24274590611457825,0.23221641778945923,0.23889780044555664
2025-05-13 20:00:00+00:00,0.23901641368865967,0.24122847616672516,0.23771736025810242,0.24121467769145966
2025-05-14 00:00:00+00:00,0.24119289219379425,0.24236415326595306,0.23534029722213745,0.23832672834396362
2025-05-14 04:00:00+00:00,0.23859336972236633,0.24666833877563477,0.23732084035873413,0.2381119430065155
2025-05-14 08:00:00+00:00,0.23808491230010986,0.2384873628616333,0.2324603646993637,0.23739370703697205
2025-05-14 12:00:00+00:00,0.23741526901721954,0.2383621484041214,0.23035357892513275,0.232644721865654
2025-05-14 16:00:00+00:00,0.23270055651664734,0.2349037379026413,0.22874195873737335,0.23459331691265106
2025-05-14 20:00:00+00:00,0.23453976213932037,0.23490437865257263,0.23123840987682343,0.23280775547027588
2025-05-15 00:00:00+00:00,0.23280280828475952,0.23640592396259308,0.22829219698905945,0.2318718582391739
2025-05-15 04:00:00+00:00,0.23187516629695892,0.23466113209724426,0.2231099009513855,0.22411267459392548
2025-05-15 08:00:00+00:00,0.2240530252456665,0.22866825759410858,0.22250454127788544,0.22660985589027405
2025-05-15 12:00:00+00:00,0.22662366926670074,0.2290126532316208,0.2166728973388672,0.22531777620315552
2025-05-15 16:00:00+00:00,0.22530820965766907,0.22882282733917236,0.21948257088661194,0.22212909162044525
2025-05-15 20:00:00+00:00,0.2220967561006546,0.22347964346408844,0.21492253243923187,0.21919409930706024
2025-05-16 00:00:00+00:00,0.21923908591270447,0.226934015750885,0.21832042932510376,0.22616107761859894
2025-05-16 04:00:00+00:00,0.2261730581521988,0.22739055752754211,0.2240234613418579,0.22583918273448944
2025-05-16 08:00:00+00:00,0.22584950923919678,0.22974248230457306,0.22213368117809296,0.22725601494312286
2025-05-16 12:00:00+00:00,0.22717852890491486,0.22927704453468323,0.22533458471298218,0.22858154773712158
2025-05-16 16:00:00+00:00,0.22863613069057465,0.23028671741485596,0.22476811707019806,0.22683897614479065
2025-05-16 20:00:00+00:00,0.2268969565629959,0.2268969565629959,0.22021135687828064,0.22128713130950928
2025-05-17 00:00:00+00:00,0.22123679518699646,0.22190721333026886,0.21438711881637573,0.2181643545627594
2025-05-17 04:00:00+00:00,0.21817827224731445,0.2199685424566269,0.21628360450267792,0.2167050540447235
2025-05-17 08:00:00+00:00,0.21675224602222443,0.21718907356262207,0.21465365588665009,0.21600063145160675
2025-05-17 12:00:00+00:00,0.2159682661294937,0.21658548712730408,0.21224096417427063,0.21534700691699982
2025-05-17 16:00:00+00:00,0.215295672416687,0.21619056165218353,0.211499884724617,0.21482525765895844
2025-05-17 20:00:00+00:00,0.21473802626132965,0.21740186214447021,0.21251121163368225,0.2146977037191391
2025-05-18 00:00:00+00:00,0.21467550098896027,0.21695680916309357,0.21438714861869812,0.21585318446159363
2025-05-18 04:00:00+00:00,0.21584317088127136,0.22185015678405762,0.2157919555902481,0.22155892848968506
2025-05-18 08:00:00+00:00,0.22157832980155945,0.22482478618621826,0.22157832980155945,0.22242030501365662
2025-05-18 12:00:00+00:00,0.22241666913032532,0.2370154708623886,0.22158282995224,0.23566946387290955
2025-05-18 16:00:00+00:00,0.23589988052845,0.236879363656044,0.22265443205833435,0.22288161516189575
2025-05-18 20:00:00+00:00,0.22289489209651947,0.23411285877227783,0.21978440880775452,0.23396120965480804
2025-05-19 00:00:00+00:00,0.23381385207176208,0.23496384918689728,0.21974749863147736,0.2199832797050476
2025-05-19 04:00:00+00:00,0.2199406921863556,0.22118143737316132,0.21467646956443787,0.21807779371738434
2025-05-19 08:00:00+00:00,0.21807228028774261,0.21807228028774261,0.21597866714000702,0.21750713884830475
2025-05-19 12:00:00+00:00,0.21748678386211395,0.2223442792892456,0.21455958485603333,0.22124722599983215
2025-05-19 16:00:00+00:00,0.22126230597496033,0.2258199006319046,0.2195587456226349,0.22413133084774017
2025-05-19 20:00:00+00:00,0.22420448064804077,0.22527723014354706,0.22253276407718658,0.2244211882352829
2025-05-20 00:00:00+00:00,0.22445212304592133,0.23032720386981964,0.2240135371685028,0.2255001962184906
2025-05-20 04:00:00+00:00,0.22551941871643066,0.2279743105173111,0.22220054268836975,0.2225342094898224
2025-05-20 08:00:00+00:00,0.2224433273077011,0.22301267087459564,0.21910986304283142,0.220754012465477
2025-05-20 12:00:00+00:00,0.22074595093727112,0.2210540771484375,0.2181023359298706,0.220896378159523
2025-05-20 16:00:00+00:00,0.22081896662712097,0.22493179142475128,0.21826037764549255,0.22476667165756226
2025-05-20 20:00:00+00:00,0.22449029982089996,0.22726626694202423,0.22341038286685944,0.2261269986629486
2025-05-21 00:00:00+00:00,0.22616451978683472,0.23019897937774658,0.22498200833797455,0.2291942834854126
2025-05-21 04:00:00+00:00,0.22916646301746368,0.23342262208461761,0.22651968896389008,0.2268112301826477
2025-05-21 08:00:00+00:00,0.22678807377815247,0.22761064767837524,0.22496485710144043,0.22656241059303284
2025-05-21 12:00:00+00:00,0.22654388844966888,0.2340206503868103,0.22577697038650513,0.23202596604824066
2025-05-21 16:00:00+00:00,0.23201142251491547,0.23757046461105347,0.22337038815021515,0.23032508790493011
2025-05-21 20:00:00+00:00,0.23016706109046936,0.23661504685878754,0.22832463681697845,0.23406825959682465
2025-05-22 00:00:00+00:00,0.2340642213821411,0.24305924773216248,0.2340642213821411,0.24135830998420715
2025-05-22 04:00:00+00:00,0.24130532145500183,0.2415604144334793,0.2371605932712555,0.24112297594547272
2025-05-22 08:00:00+00:00,0.24111057817935944,0.24434274435043335,0.23926056921482086,0.2413235604763031
2025-05-22 12:00:00+00:00,0.24122637510299683,0.24260513484477997,0.23941676318645477,0.24149739742279053
2025-05-22 16:00:00+00:00,0.24140363931655884,0.24258777499198914,0.23853051662445068,0.23919564485549927
2025-05-22 20:00:00+00:00,0.2392403483390808,0.2454230785369873,0.23800146579742432,0.24502752721309662
2025-05-23 00:00:00+00:00,0.24509823322296143,0.25361713767051697,0.24409139156341553,0.2511478066444397
2025-05-23 04:00:00+00:00,0.25113895535469055,0.25119462609291077,0.24245136976242065,0.2435106784105301
2025-05-23 08:00:00+00:00,0.24344037473201752,0.24870598316192627,0.23539985716342926,0.23539985716342926
2025-05-23 12:00:00+00:00,0.23537343740463257,0.23825708031654358,0.23009243607521057,0.23497773706912994
2025-05-23 16:00:00+00:00,0.2347734570503235,0.2365805208683014,0.23277294635772705,0.23350146412849426
2025-05-23 20:00:00+00:00,0.2333524227142334,0.2333524227142334,0.2237820327281952,0.22481390833854675
2025-05-24 00:00:00+00:00,0.22480596601963043,0.22999317944049835,0.22457370162010193,0.22945551574230194
2025-05-24 04:00:00+00:00,0.22945299744606018,0.23035089671611786,0.22700725495815277,0.22742623090744019
2025-05-24 08:00:00+00:00,0.2274504005908966,0.23020924627780914,0.22625257074832916,0.2292555421590805
2025-05-24 12:00:00+00:00,0.2292589247226715,0.2292589247226715,0.2271725833415985,0.22757233679294586
2025-05-24 16:00:00+00:00,0.22759059071540833,0.22875471413135529,0.22649216651916504,0.2272300124168396
2025-05-24 20:00:00+00:00,0.22722157835960388,0.22805148363113403,0.22405368089675903,0.22529689967632294
2025-05-25 00:00:00+00:00,0.22529573738574982,0.22627106308937073,0.220380499958992,0.22402594983577728
2025-05-25 04:00:00+00:00,0.22401966154575348,0.2241109311580658,0.22091472148895264,0.22141683101654053
2025-05-25 08:00:00+00:00,0.2214316874742508,0.2214316874742508,0.2177683562040329,0.21928644180297852
2025-05-25 12:00:00+00:00,0.21930569410324097,0.22086435556411743,0.2162589579820633,0.21827445924282074
2025-05-25 16:00:00+00:00,0.21834443509578705,0.22072196006774902,0.21683058142662048,0.22051721811294556
2025-05-25 20:00:00+00:00,0.22047920525074005,0.2250169813632965,0.21895074844360352,0.22498288750648499
2025-05-26 00:00:00+00:00,0.22498160600662231,0.2276308685541153,0.2241019308567047,0.22729024291038513
2025-05-26 04:00:00+00:00,0.22727636992931366,0.230271115899086,0.22706282138824463,0.2297389954328537
2025-05-26 08:00:00+00:00,0.22975535690784454,0.22992239892482758,0.22578054666519165,0.22609595954418182
2025-05-26 12:00:00+00:00,0.2260955423116684,0.22794613242149353,0.22373178601264954,0.22697961330413818
2025-05-26 16:00:00+00:00,0.2269957959651947,0.22772802412509918,0.22301939129829407,0.22429829835891724
2025-05-26 20:00:00+00:00,0.22428332269191742,0.2273160219192505,0.22382564842700958,0.22603000700473785
2025-05-27 00:00:00+00:00,0.2260318249464035,0.22689250111579895,0.22022917866706848,0.22428682446479797
2025-05-27 04:00:00+00:00,0.22427770495414734,0.22816020250320435,0.22290752828121185,0.22770126163959503
2025-05-27 08:00:00+00:00,0.22767341136932373,0.22889454662799835,0.22754712402820587,0.22852207720279694
2025-05-27 12:00:00+00:00,0.22853198647499084,0.23199646174907684,0.22615092992782593,0.22888964414596558
2025-05-27 16:00:00+00:00,0.2288883477449417,0.23009900748729706,0.22692424058914185,0.22732309997081757
2025-05-27 20:00:00+00:00,0.2273145467042923,0.22851482033729553,0.2247641682624817,0.22616443037986755
2025-05-28 00:00:00+00:00,0.22615718841552734,0.22765135765075684,0.22342747449874878,0.22496958076953888
2025-05-28 04:00:00+00:00,0.22497069835662842,0.2252272367477417,0.22217129170894623,0.22284753620624542
2025-05-28 08:00:00+00:00,0.22284571826457977,0.2236064374446869,0.22141358256340027,0.2236064374446869
2025-05-28 12:00:00+00:00,0.22360438108444214,0.22460900247097015,0.21789851784706116,0.21864348649978638
2025-05-28 16:00:00+00:00,0.21862256526947021,0.22105976939201355,0.21721792221069336,0.21741627156734467
2025-05-28 20:00:00+00:00,0.21735453605651855,0.22143258154392242,0.2172919660806656,0.22078225016593933
2025-05-29 00:00:00+00:00,0.22078962624073029,0.2278330773115158,0.22026289999485016,0.226317897439003
2025-05-29 04:00:00+00:00,0.22634217143058777,0.22684629261493683,0.22307495772838593,0.22436226904392242
2025-05-29 08:00:00+00:00,0.22435714304447174,0.22598718106746674,0.22382386028766632,0.22480972111225128
2025-05-29 12:00:00+00:00,0.22482340037822723,0.22482340037822723,0.2183639258146286,0.21989022195339203
2025-05-29 16:00:00+00:00,0.21995419263839722,0.22127895057201385,0.21531927585601807,0.2164202779531479
2025-05-29 20:00:00+00:00,0.21640969812870026,0.21929757297039032,0.2146359384059906,0.2148367017507553
2025-05-30 00:00:00+00:00,0.21489277482032776,0.21625062823295593,0.20414744317531586,0.20853973925113678
2025-05-30 04:00:00+00:00,0.20854191482067108,0.20933935046195984,0.20360904932022095,0.20475831627845764
2025-05-30 08:00:00+00:00,0.204707071185112,0.20550696551799774,0.20206472277641296,0.20539948344230652
2025-05-30 12:00:00+00:00,0.20533905923366547,0.20555028319358826,0.20142458379268646,0.20253151655197144
2025-05-30 16:00:00+00:00,0.2022368609905243,0.20264048874378204,0.19470931589603424,0.20081575214862823
2025-05-30 20:00:00+00:00,0.20050935447216034,0.20050935447216034,0.19218017160892487,0.19344186782836914
2025-05-31 00:00:00+00:00,0.19351841509342194,0.19400346279144287,0.18620094656944275,0.18904101848602295
2025-05-31 04:00:00+00:00,0.18904101848602295,0.19073385000228882,0.18811732530593872,0.18963326513767242
2025-05-31 08:00:00+00:00,0.18963903188705444,0.18965020775794983,0.18606603145599365,0.18647044897079468
2025-05-31 12:00:00+00:00,0.18657436966896057,0.19421516358852386,0.18656578660011292,0.1917971670627594
2025-05-31 16:00:00+00:00,0.19183355569839478,0.194987952709198,0.1914275884628296,0.19454270601272583
2025-05-31 20:00:00+00:00,0.19454380869865417,0.19532111287117004,0.19242197275161743,0.19257788360118866
2025-06-01 00:00:00+00:00,0.19259165227413177,0.19259165227413177,0.1883171945810318,0.1901356726884842
2025-06-01 04:00:00+00:00,0.19019708037376404,0.19208049774169922,0.1894494742155075,0.1901133954524994
2025-06-01 08:00:00+00:00,0.19015388190746307,0.19017428159713745,0.18730546534061432,0.1894524097442627
2025-06-01 12:00:00+00:00,0.18946145474910736,0.19237063825130463,0.1877199113368988,0.19185574352741241
2025-06-01 16:00:00+00:00,0.1918397843837738,0.19438745081424713,0.18953940272331238,0.1918601542711258
2025-06-01 20:00:00+00:00,0.19187073409557343,0.1947573572397232,0.19129128754138947,0.1936320960521698
2025-06-02 00:00:00+00:00,0.19364383816719055,0.194118931889534,0.1894145905971527,0.19044490158557892
2025-06-02 04:00:00+00:00,0.19043926894664764,0.19320645928382874,0.18988917768001556,0.19194580614566803
2025-06-02 08:00:00+00:00,0.19195106625556946,0.19290708005428314,0.1891569197177887,0.1894601285457611
2025-06-02 12:00:00+00:00,0.1894373595714569,0.19244688749313354,0.18890075385570526,0.19203069806098938
2025-06-02 16:00:00+00:00,0.19201481342315674,0.19354377686977386,0.18929004669189453,0.1901858001947403
2025-06-02 20:00:00+00:00,0.19018450379371643,0.19606523215770721,0.19018450379371643,0.19538067281246185
2025-06-03 00:00:00+00:00,0.1953599900007248,0.20024533569812775,0.19500106573104858,0.19575273990631104
2025-06-03 04:00:00+00:00,0.19576485455036163,0.19642223417758942,0.1945292353630066,0.19539058208465576
2025-06-03 08:00:00+00:00,0.19534486532211304,0.19571340084075928,0.19357088208198547,0.19508510828018188
2025-06-03 12:00:00+00:00,0.19509117305278778,0.19823624193668365,0.19438596069812775,0.19755429029464722
2025-06-03 16:00:00+00:00,0.19752763211727142,0.19752763211727142,0.19546884298324585,0.19697894155979156
2025-06-03 20:00:00+00:00,0.1970095932483673,0.19717976450920105,0.19222281873226166,0.19313880801200867
2025-06-04 00:00:00+00:00,0.1931520402431488,0.19690413773059845,0.19248086214065552,0.19623929262161255
2025-06-04 04:00:00+00:00,0.19615378975868225,0.1966075450181961,0.19515347480773926,0.19551461935043335
2025-06-04 08:00:00+00:00,0.19556745886802673,0.1966235488653183,0.19391673803329468,0.19391673803329468
2025-06-04 12:00:00+00:00,0.1939050704240799,0.19419214129447937,0.19026505947113037,0.1932300478219986
2025-06-04 16:00:00+00:00,0.19315233826637268,0.19315233826637268,0.18966881930828094,0.18970680236816406
2025-06-04 20:00:00+00:00,0.18965254724025726,0.19019204378128052,0.18749140202999115,0.18823683261871338
2025-06-05 00:00:00+00:00,0.18823635578155518,0.19069890677928925,0.1879064440727234,0.1902254819869995
2025-06-05 04:00:00+00:00,0.19022957980632782,0.19063664972782135,0.18800964951515198,0.1886609047651291
2025-06-05 08:00:00+00:00,0.18864861130714417,0.18984735012054443,0.18824592232704163,0.18941809237003326
2025-06-05 12:00:00+00:00,0.18945269286632538,0.19237598776817322,0.1877056062221527,0.1897733062505722
2025-06-05 16:00:00+00:00,0.18973343074321747,0.18973343074321747,0.1728285402059555,0.17413964867591858
2025-06-05 20:00:00+00:00,0.17387381196022034,0.17405357956886292,0.1692471206188202,0.17162753641605377
2025-06-06 00:00:00+00:00,0.17131653428077698,0.17529115080833435,0.17023345828056335,0.17528867721557617
2025-06-06 04:00:00+00:00,0.17532458901405334,0.1764015555381775,0.1746416687965393,0.17498745024204254
2025-06-06 08:00:00+00:00,0.17497658729553223,0.17799030244350433,0.17493051290512085,0.1777653694152832
2025-06-06 12:00:00+00:00,0.17777712643146515,0.1842372566461563,0.17777712643146515,0.18174885213375092
2025-06-06 16:00:00+00:00,0.18179729580879211,0.18214814364910126,0.1787102371454239,0.17905254662036896
2025-06-06 20:00:00+00:00,0.17906291782855988,0.18053817749023438,0.17893509566783905,0.1789729744195938
2025-06-07 00:00:00+00:00,0.1789376586675644,0.1825905591249466,0.17805473506450653,0.18246731162071228
2025-06-07 04:00:00+00:00,0.18248562514781952,0.1862083077430725,0.18179726600646973,0.18566586077213287
2025-06-07 08:00:00+00:00,0.18557675182819366,0.1872309446334839,0.18469834327697754,0.1860903650522232
2025-06-07 12:00:00+00:00,0.18609236180782318,0.18856166303157806,0.1860123723745346,0.18695595860481262
2025-06-07 16:00:00+00:00,0.186813086271286,0.1871694177389145,0.1821765899658203,0.18334154784679413
2025-06-07 20:00:00+00:00,0.18337582051753998,0.1863211989402771,0.18337582051753998,0.18516755104064941
2025-06-08 00:00:00+00:00,0.18519017100334167,0.18519017100334167,0.18330886960029602,0.18338972330093384
2025-06-08 04:00:00+00:00,0.18338815867900848,0.18474814295768738,0.18323731422424316,0.18323731422424316
2025-06-08 08:00:00+00:00,0.18323934078216553,0.18407335877418518,0.1812933087348938,0.18404026329517365
2025-06-08 12:00:00+00:00,0.1840425282716751,0.18490208685398102,0.18270713090896606,0.1841733753681183
2025-06-08 16:00:00+00:00,0.18416576087474823,0.18637514114379883,0.18416576087474823,0.1860552877187729
2025-06-08 20:00:00+00:00,0.18606315553188324,0.1866609901189804,0.1838895082473755,0.18417321145534515
2025-06-09 00:00:00+00:00,0.18417978286743164,0.1844644397497177,0.1814974993467331,0.18268366158008575
2025-06-09 04:00:00+00:00,0.18269416689872742,0.18280519545078278,0.1804545819759369,0.18155328929424286
2025-06-09 08:00:00+00:00,0.18156224489212036,0.18705016374588013,0.18104416131973267,0.1863381564617157
2025-06-09 12:00:00+00:00,0.18633919954299927,0.18637752532958984,0.18305960297584534,0.18492476642131805
2025-06-09 16:00:00+00:00,0.1847318559885025,0.18783940374851227,0.1847318559885025,0.18657970428466797
2025-06-09 20:00:00+00:00,0.18656723201274872,0.19536399841308594,0.18656723201274872,0.19493348896503448
2025-06-10 00:00:00+00:00,0.19493985176086426,0.1958858221769333,0.19310089945793152,0.1937694549560547
2025-06-10 04:00:00+00:00,0.19375720620155334,0.1938570737838745,0.19016335904598236,0.1910170316696167
2025-06-10 08:00:00+00:00,0.19101709127426147,0.19553256034851074,0.18996791541576385,0.1945989727973938
2025-06-10 12:00:00+00:00,0.19482332468032837,0.19740033149719238,0.189926877617836,0.1912662386894226
2025-06-10 16:00:00+00:00,0.1911613643169403,0.19629733264446259,0.19039732217788696,0.1940528303384781
2025-06-10 20:00:00+00:00,0.19439180195331573,0.198281928896904,0.19354133307933807,0.198281928896904
2025-06-11 00:00:00+00:00,0.1983034610748291,0.19853687286376953,0.19486159086227417,0.1977202445268631
2025-06-11 04:00:00+00:00,0.19771207869052887,0.20416675508022308,0.19714237749576569,0.20230281352996826
2025-06-11 08:00:00+00:00,0.2023019790649414,0.20359769463539124,0.1984410285949707,0.19912631809711456
2025-06-11 12:00:00+00:00,0.19910942018032074,0.20334261655807495,0.19852645695209503,0.2031007707118988
2025-06-11 16:00:00+00:00,0.20314015448093414,0.20367667078971863,0.19440403580665588,0.19500727951526642
2025-06-11 20:00:00+00:00,0.19502191245555878,0.19685737788677216,0.1915941685438156,0.19301104545593262
2025-06-12 00:00:00+00:00,0.1930016279220581,0.19361452758312225,0.1903156042098999,0.19089113175868988
2025-06-12 04:00:00+00:00,0.19088535010814667,0.19122952222824097,0.1895378679037094,0.18967725336551666
2025-06-12 08:00:00+00:00,0.18966493010520935,0.19013215601444244,0.18681907653808594,0.1871514767408371
2025-06-12 12:00:00+00:00,0.18715816736221313,0.18977481126785278,0.186010479927063,0.186010479927063
2025-06-12 16:00:00+00:00,0.18597817420959473,0.19001351296901703,0.18428640067577362,0.18471205234527588
2025-06-12 20:00:00+00:00,0.18472428619861603,0.18546262383460999,0.1807500422000885,0.18154773116111755
2025-06-13 00:00:00+00:00,0.18151143193244934,0.18151143193244934,0.17083756625652313,0.17482590675354004
2025-06-13 04:00:00+00:00,0.17484013736248016,0.17484013736248016,0.1717974990606308,0.174411341547966
2025-06-13 08:00:00+00:00,0.17441029846668243,0.1761409342288971,0.17337681353092194,0.17563650012016296
2025-06-13 12:00:00+00:00,0.17566244304180145,0.17851805686950684,0.17406406998634338,0.17791379988193512
2025-06-13 16:00:00+00:00,0.17792187631130219,0.17956456542015076,0.17590466141700745,0.1764405369758606
2025-06-13 20:00:00+00:00,0.176463782787323,0.1803816258907318,0.176463782787323,0.1803816258907318
2025-06-14 00:00:00+00:00,0.18040351569652557,0.18043598532676697,0.17720559239387512,0.17794659733772278
2025-06-14 04:00:00+00:00,0.17794397473335266,0.17850661277770996,0.17602087557315826,0.17681154608726501
2025-06-14 08:00:00+00:00,0.17680436372756958,0.17787140607833862,0.1762801706790924,0.17787140607833862
2025-06-14 12:00:00+00:00,0.17786571383476257,0.17836523056030273,0.17610321938991547,0.1763913929462433
2025-06-14 16:00:00+00:00,0.17641736567020416,0.17814916372299194,0.17501826584339142,0.1763046234846115
2025-06-14 20:00:00+00:00,0.17630718648433685,0.17850498855113983,0.17554813623428345,0.1784670650959015
2025-06-15 00:00:00+00:00,0.17841418087482452,0.17857575416564941,0.177523672580719,0.17772233486175537
2025-06-15 04:00:00+00:00,0.17773675918579102,0.17837049067020416,0.17549671232700348,0.1758040487766266
2025-06-15 08:00:00+00:00,0.17579112946987152,0.17579112946987152,0.1737975776195526,0.17435523867607117
2025-06-15 12:00:00+00:00,0.17428435385227203,0.17719492316246033,0.17411038279533386,0.17600010335445404
2025-06-15 16:00:00+00:00,0.17601639032363892,0.17666631937026978,0.17325153946876526,0.17359822988510132
2025-06-15 20:00:00+00:00,0.17358292639255524,0.1758749634027481,0.17175844311714172,0.1756693422794342
2025-06-16 00:00:00+00:00,0.17566968500614166,0.1768713891506195,0.1732209473848343,0.17602242529392242
2025-06-16 04:00:00+00:00,0.17601004242897034,0.17862944304943085,0.17601004242897034,0.1782309114933014
2025-06-16 08:00:00+00:00,0.17824192345142365,0.17833006381988525,0.1756795048713684,0.17678052186965942
2025-06-16 12:00:00+00:00,0.1767723560333252,0.17936834692955017,0.17648710310459137,0.1777285784482956
2025-06-16 16:00:00+00:00,0.17775662243366241,0.18099990487098694,0.1774393618106842,0.1798934042453766
2025-06-16 20:00:00+00:00,0.17992660403251648,0.18019680678844452,0.17269682884216309,0.17269682884216309
2025-06-17 00:00:00+00:00,0.17272257804870605,0.17585940659046173,0.16955909132957458,0.17520873248577118
2025-06-17 04:00:00+00:00,0.17519187927246094,0.17532722651958466,0.17337840795516968,0.17399126291275024
2025-06-17 08:00:00+00:00,0.1739845871925354,0.1739845871925354,0.17093457281589508,0.17127525806427002
2025-06-17 12:00:00+00:00,0.17129047214984894,0.17225933074951172,0.16728723049163818,0.1677270233631134
2025-06-17 16:00:00+00:00,0.1677865982055664,0.17136256396770477,0.16433751583099365,0.17077511548995972
2025-06-17 20:00:00+00:00,0.17072036862373352,0.17072036862373352,0.1686069518327713,0.16966784000396729
2025-06-18 00:00:00+00:00,0.16965244710445404,0.1716040074825287,0.16925208270549774,0.17067348957061768
2025-06-18 04:00:00+00:00,0.17067809402942657,0.17204634845256805,0.17030930519104004,0.1711805760860443
2025-06-18 08:00:00+00:00,0.17118781805038452,0.171636164188385,0.16668610274791718,0.16865728795528412
2025-06-18 12:00:00+00:00,0.16865946352481842,0.1693142056465149,0.16457295417785645,0.16848237812519073
2025-06-18 16:00:00+00:00,0.16847072541713715,0.16862477362155914,0.16562286019325256,0.16750220954418182
2025-06-18 20:00:00+00:00,0.1674857884645462,0.17149274051189423,0.16648951172828674,0.17061808705329895
2025-06-19 00:00:00+00:00,0.1706370860338211,0.1718471497297287,0.16958430409431458,0.17076915502548218
2025-06-19 04:00:00+00:00,0.17076441645622253,0.1713843047618866,0.1701180338859558,0.1701180338859558
2025-06-19 08:00:00+00:00,0.17012736201286316,0.17071916162967682,0.16870075464248657,0.16897785663604736
2025-06-19 12:00:00+00:00,0.1689794510602951,0.169902503490448,0.16796785593032837,0.16840164363384247
2025-06-19 16:00:00+00:00,0.16832837462425232,0.17079196870326996,0.16832837462425232,0.1699005365371704
2025-06-19 20:00:00+00:00,0.169866144657135,0.17159967124462128,0.16943034529685974,0.17096136510372162
2025-06-20 00:00:00+00:00,0.17095951735973358,0.17138314247131348,0.16926683485507965,0.16935978829860687
2025-06-20 04:00:00+00:00,0.16935767233371735,0.1704532951116562,0.16746678948402405,0.1704532951116562
2025-06-20 08:00:00+00:00,0.1704552173614502,0.17122992873191833,0.16996319591999054,0.17080990970134735
2025-06-20 12:00:00+00:00,0.17081673443317413,0.17186307907104492,0.16603326797485352,0.16603326797485352
2025-06-20 16:00:00+00:00,0.16601797938346863,0.16601797938346863,0.15890908241271973,0.16307702660560608
2025-06-20 20:00:00+00:00,0.1630270779132843,0.16421528160572052,0.16135680675506592,0.16247490048408508
2025-06-21 00:00:00+00:00,0.16239003837108612,0.1637045443058014,0.16221269965171814,0.1635597050189972
2025-06-21 04:00:00+00:00,0.16353881359100342,0.16353881359100342,0.16270653903484344,0.16291941702365875
2025-06-21 08:00:00+00:00,0.16291531920433044,0.16423171758651733,0.16280274093151093,0.1634516716003418
2025-06-21 12:00:00+00:00,0.16335897147655487,0.1634712517261505,0.15921618044376373,0.1602020561695099
2025-06-21 16:00:00+00:00,0.16019690036773682,0.1608603447675705,0.15746331214904785,0.15762999653816223
2025-06-21 20:00:00+00:00,0.15761570632457733,0.15884849429130554,0.15189135074615479,0.15419673919677734
2025-06-22 00:00:00+00:00,0.1547059714794159,0.1572132706642151,0.15340010821819305,0.15427421033382416
2025-06-22 04:00:00+00:00,0.1545693576335907,0.15720483660697937,0.15455016493797302,0.15634594857692719
2025-06-22 08:00:00+00:00,0.15635333955287933,0.15692774951457977,0.15396913886070251,0.15550881624221802
2025-06-22 12:00:00+00:00,0.1555791050195694,0.15616841614246368,0.14593006670475006,0.1463702917098999
2025-06-22 16:00:00+00:00,0.1462794542312622,0.15020331740379333,0.14592953026294708,0.14745740592479706
2025-06-22 20:00:00+00:00,0.14745420217514038,0.1514216661453247,0.14378191530704498,0.1513211578130722
2025-06-23 00:00:00+00:00,0.1513139009475708,0.15294809639453888,0.15097752213478088,0.1522214412689209
2025-06-23 04:00:00+00:00,0.15222099423408508,0.15485556423664093,0.1521436721086502,0.15388290584087372
2025-06-23 08:00:00+00:00,0.1538834124803543,0.15427567064762115,0.15143848955631256,0.15218713879585266
2025-06-23 12:00:00+00:00,0.15218181908130646,0.15605327486991882,0.15184538066387177,0.15264427661895752
2025-06-23 16:00:00+00:00,0.15257778763771057,0.1576511710882187,0.1492340862751007,0.15726526081562042
2025-06-23 20:00:00+00:00,0.15737853944301605,0.16498006880283356,0.157359316945076,0.16436341404914856
2025-06-24 00:00:00+00:00,0.16424831748008728,0.1644226312637329,0.1622236669063568,0.16315744817256927
2025-06-24 04:00:00+00:00,0.16308636963367462,0.1674177050590515,0.16282540559768677,0.16316156089305878
2025-06-24 08:00:00+00:00,0.1631808876991272,0.16465142369270325,0.16251017153263092,0.16358964145183563
2025-06-24 12:00:00+00:00,0.1636938899755478,0.16450083255767822,0.16204962134361267,0.16365501284599304
2025-06-24 16:00:00+00:00,0.1637384295463562,0.16642290353775024,0.16313962638378143,0.1635252982378006
2025-06-24 20:00:00+00:00,0.16354145109653473,0.1657341718673706,0.16354145109653473,0.1657341718673706
2025-06-25 00:00:00+00:00,0.16573625802993774,0.1668890416622162,0.16476508975028992,0.16571836173534393
2025-06-25 04:00:00+00:00,0.16554176807403564,0.16736248135566711,0.16457515954971313,0.16649100184440613
2025-06-25 08:00:00+00:00,0.16647501289844513,0.16648231446743011,0.16446416079998016,0.16564646363258362
2025-06-25 12:00:00+00:00,0.16564838588237762,0.16718649864196777,0.16301657259464264,0.16308897733688354
2025-06-25 16:00:00+00:00,0.16308856010437012,0.16641946136951447,0.16308856010437012,0.16586977243423462
2025-06-25 20:00:00+00:00,0.16594406962394714,0.16657015681266785,0.1637839674949646,0.16457819938659668
2025-06-26 00:00:00+00:00,0.16457392275333405,0.16784298419952393,0.16411146521568298,0.1658545732498169
2025-06-26 04:00:00+00:00,0.16585756838321686,0.16599412262439728,0.16412734985351562,0.1650897115468979
2025-06-26 08:00:00+00:00,0.1650882065296173,0.16537339985370636,0.1614561676979065,0.16173003613948822
2025-06-26 12:00:00+00:00,0.1617269366979599,0.1617269366979599,0.15836967527866364,0.1601746529340744
2025-06-26 16:00:00+00:00,0.16018621623516083,0.16119414567947388,0.15938235819339752,0.16118702292442322
2025-06-26 20:00:00+00:00,0.16116857528686523,0.16352462768554688,0.15949654579162598,0.1599859744310379
2025-06-27 00:00:00+00:00,0.16000166535377502,0.16255730390548706,0.15891781449317932,0.1624482423067093
2025-06-27 04:00:00+00:00,0.16245782375335693,0.16245782375335693,0.16073903441429138,0.16080889105796814
2025-06-27 08:00:00+00:00,0.160800039768219,0.1620129495859146,0.16040769219398499,0.16055195033550262
2025-06-27 12:00:00+00:00,0.16056334972381592,0.16139115393161774,0.15858888626098633,0.1613243669271469
2025-06-27 16:00:00+00:00,0.1612965613603592,0.1625901311635971,0.15751886367797852,0.15939976274967194
2025-06-27 20:00:00+00:00,0.15934820473194122,0.16146503388881683,0.15919408202171326,0.1610693633556366
2025-06-28 00:00:00+00:00,0.16106866300106049,0.16241642832756042,0.1606447696685791,0.16208615899085999
2025-06-28 04:00:00+00:00,0.16209188103675842,0.16328027844429016,0.16173477470874786,0.1632716953754425
2025-06-28 08:00:00+00:00,0.16331718862056732,0.1633651852607727,0.16231849789619446,0.1623251587152481
2025-06-28 12:00:00+00:00,0.16231182217597961,0.16270877420902252,0.1614256054162979,0.16270877420902252
2025-06-28 16:00:00+00:00,0.1627143919467926,0.16487622261047363,0.16263826191425323,0.16368193924427032
2025-06-28 20:00:00+00:00,0.16368456184864044,0.1646038442850113,0.16322460770606995,0.1636921912431717
2025-06-29 00:00:00+00:00,0.16371960937976837,0.1642109900712967,0.16275718808174133,0.1627577841281891
2025-06-29 04:00:00+00:00,0.1627594530582428,0.16404412686824799,0.16271182894706726,0.16381409764289856
2025-06-29 08:00:00+00:00,0.16381552815437317,0.16504164040088654,0.16372334957122803,0.16448873281478882
2025-06-29 12:00:00+00:00,0.16448886692523956,0.1650397628545761,0.16339200735092163,0.16340042650699615
2025-06-29 16:00:00+00:00,0.16339783370494843,0.16485346853733063,0.1633453667163849,0.164138525724411
2025-06-29 20:00:00+00:00,0.1641397923231125,0.16976089775562286,0.1635923832654953,0.16960187256336212
2025-06-30 00:00:00+00:00,0.16958370804786682,0.16978196799755096,0.16688832640647888,0.16751237213611603
2025-06-30 04:00:00+00:00,0.16751570999622345,0.1679392009973526,0.164829283952713,0.16588449478149414
2025-06-30 08:00:00+00:00,0.16586390137672424,0.1658814251422882,0.16470393538475037,0.16492006182670593
2025-06-30 12:00:00+00:00,0.1649148017168045,0.16561542451381683,0.16265970468521118,0.165077805519104
2025-06-30 16:00:00+00:00,0.16509464383125305,0.1671781986951828,0.1644337773323059,0.1671781986951828
2025-06-30 20:00:00+00:00,0.16717742383480072,0.16784369945526123,0.16498801112174988,0.16513609886169434
2025-07-01 00:00:00+00:00,0.165147066116333,0.1661403626203537,0.16419678926467896,0.16483484208583832
2025-07-01 04:00:00+00:00,0.16484925150871277,0.16492591798305511,0.16160711646080017,0.16261062026023865
2025-07-01 08:00:00+00:00,0.16256976127624512,0.16256976127624512,0.1608307659626007,0.16099689900875092
2025-07-01 12:00:00+00:00,0.1609918475151062,0.16108357906341553,0.15903310477733612,0.15943551063537598
2025-07-01 16:00:00+00:00,0.15944941341876984,0.15978194773197174,0.15789471566677094,0.15825679898262024
2025-07-01 20:00:00+00:00,0.1582636535167694,0.15884588658809662,0.1570722758769989,0.15775126218795776
2025-07-02 00:00:00+00:00,0.15775354206562042,0.15948934853076935,0.15705348551273346,0.15943877398967743
2025-07-02 04:00:00+00:00,0.1594427227973938,0.16161713004112244,0.15930019319057465,0.16096757352352142
2025-07-02 08:00:00+00:00,0.16096046566963196,0.16218607127666473,0.16096046566963196,0.16122372448444366
2025-07-02 12:00:00+00:00,0.16122549772262573,0.1658341884613037,0.1602424830198288,0.1658341884613037
2025-07-02 16:00:00+00:00,0.16582359373569489,0.17240457236766815,0.16582359373569489,0.17081597447395325
2025-07-02 20:00:00+00:00,0.17091718316078186,0.17212888598442078,0.16871728003025055,0.16871728003025055
2025-07-03 00:00:00+00:00,0.16872741281986237,0.16982869803905487,0.16776826977729797,0.16885614395141602
2025-07-03 04:00:00+00:00,0.1688494235277176,0.17488513886928558,0.1686684787273407,0.17467808723449707
2025-07-03 08:00:00+00:00,0.1746707558631897,0.1751912534236908,0.17313048243522644,0.17357571423053741
2025-07-03 12:00:00+00:00,0.17357765138149261,0.17478880286216736,0.1696591079235077,0.1696591079235077
2025-07-03 16:00:00+00:00,0.16965492069721222,0.17214663326740265,0.16942571103572845,0.17180319130420685
2025-07-03 20:00:00+00:00,0.17181190848350525,0.17275457084178925,0.17181190848350525,0.17203347384929657
2025-07-04 00:00:00+00:00,0.17203263938426971,0.17265641689300537,0.17040546238422394,0.17092734575271606
2025-07-04 04:00:00+00:00,0.17092575132846832,0.17121285200119019,0.16669534146785736,0.16669896245002747
2025-07-04 08:00:00+00:00,0.1666615754365921,0.16775675117969513,0.16519208252429962,0.1666698306798935
2025-07-04 12:00:00+00:00,0.16666820645332336,0.16722704470157623,0.16299223899841309,0.16341532766819
2025-07-04 16:00:00+00:00,0.16339270770549774,0.16339270770549774,0.16158658266067505,0.162048801779747
2025-07-04 20:00:00+00:00,0.16204488277435303,0.1642427295446396,0.16195213794708252,0.16287152469158173
2025-07-05 00:00:00+00:00,0.16286978125572205,0.16464672982692719,0.1623847782611847,0.16449080407619476
2025-07-05 04:00:00+00:00,0.1644950956106186,0.16493968665599823,0.1635143905878067,0.1643412858247757
2025-07-05 08:00:00+00:00,0.16436398029327393,0.16488851606845856,0.1633549928665161,0.16430345177650452
2025-07-05 12:00:00+00:00,0.16430237889289856,0.16439327597618103,0.16304615139961243,0.16308578848838806
2025-07-05 16:00:00+00:00,0.16308562457561493,0.16359055042266846,0.1624017059803009,0.1635347157716751
2025-07-05 20:00:00+00:00,0.16353042423725128,0.16472232341766357,0.16336596012115479,0.1642724722623825
2025-07-06 00:00:00+00:00,0.16427724063396454,0.16451025009155273,0.1634872555732727,0.16381025314331055
2025-07-06 04:00:00+00:00,0.1638014167547226,0.16430863738059998,0.16328923404216766,0.16388434171676636
2025-07-06 08:00:00+00:00,0.16387920081615448,0.16546107828617096,0.1632843166589737,0.16546107828617096
2025-07-06 12:00:00+00:00,0.16546626389026642,0.17453251779079437,0.1651500165462494,0.17010296881198883
2025-07-06 16:00:00+00:00,0.17011065781116486,0.1709599792957306,0.16778160631656647,0.16919180750846863
2025-07-06 20:00:00+00:00,0.16924892365932465,0.17331001162528992,0.16924892365932465,0.17198599874973297
2025-07-07 00:00:00+00:00,0.17202462255954742,0.17650707066059113,0.1704399436712265,0.17498406767845154
2025-07-07 04:00:00+00:00,0.17498692870140076,0.17546524107456207,0.1721958965063095,0.17313289642333984
2025-07-07 08:00:00+00:00,0.17315252125263214,0.17326757311820984,0.17068946361541748,0.1709861159324646
2025-07-07 12:00:00+00:00,0.17099763453006744,0.17099763453006744,0.16832785308361053,0.1685335338115692
2025-07-07 16:00:00+00:00,0.1685696244239807,0.168919175863266,0.1665932983160019,0.16798000037670135
2025-07-07 20:00:00+00:00,0.16797152161598206,0.16797152161598206,0.16593506932258606,0.1679665595293045
2025-07-08 00:00:00+00:00,0.1679590791463852,0.16865549981594086,0.16613121330738068,0.16803796589374542
2025-07-08 04:00:00+00:00,0.1680431365966797,0.16884464025497437,0.1674959659576416,0.16884464025497437
2025-07-08 08:00:00+00:00,0.1688368022441864,0.17177294194698334,0.16814681887626648,0.17090784013271332
2025-07-08 12:00:00+00:00,0.17091286182403564,0.17168863117694855,0.16861794888973236,0.16925767064094543
2025-07-08 16:00:00+00:00,0.16927780210971832,0.17163513600826263,0.16878050565719604,0.17039509117603302
2025-07-08 20:00:00+00:00,0.17039386928081512,0.1712440550327301,0.17001362144947052,0.1709890514612198
2025-07-09 00:00:00+00:00,0.1709810346364975,0.17231734097003937,0.1701027750968933,0.170443594455719
2025-07-09 04:00:00+00:00,0.17046239972114563,0.17333756387233734,0.1703973412513733,0.1719209849834442
2025-07-09 08:00:00+00:00,0.17191919684410095,0.17364293336868286,0.17125044763088226,0.17332665622234344
2025-07-09 12:00:00+00:00,0.17332126200199127,0.17457738518714905,0.17154252529144287,0.17290499806404114
2025-07-09 16:00:00+00:00,0.17300976812839508,0.17704105377197266,0.17243969440460205,0.176982581615448
2025-07-09 20:00:00+00:00,0.17701967060565948,0.18409612774848938,0.17541857063770294,0.18075481057167053
2025-07-10 00:00:00+00:00,0.18075242638587952,0.18150830268859863,0.17892123758792877,0.18030434846878052
2025-07-10 04:00:00+00:00,0.1803056299686432,0.18238411843776703,0.1795823574066162,0.18184132874011993
2025-07-10 08:00:00+00:00,0.1818365752696991,0.18267306685447693,0.18066810071468353,0.18073216080665588
2025-07-10 12:00:00+00:00,0.18073014914989471,0.18091727793216705,0.17922702431678772,0.18041546642780304
2025-07-10 16:00:00+00:00,0.18046022951602936,0.18709294497966766,0.18046022951602936,0.18574047088623047
2025-07-10 20:00:00+00:00,0.18573309481143951,0.19571442902088165,0.18573309481143951,0.19478711485862732
2025-07-11 00:00:00+00:00,0.19477543234825134,0.19888845086097717,0.19179295003414154,0.19828088581562042
2025-07-11 04:00:00+00:00,0.19826900959014893,0.20062755048274994,0.1953393965959549,0.196941077709198
2025-07-11 08:00:00+00:00,0.19665633141994476,0.1999768316745758,0.19665633141994476,0.19906091690063477
2025-07-11 12:00:00+00:00,0.1990545094013214,0.2083965539932251,0.19815175235271454,0.20114421844482422
2025-07-11 16:00:00+00:00,0.20116324722766876,0.21288923919200897,0.20116324722766876,0.21135854721069336
2025-07-11 20:00:00+00:00,0.21135848760604858,0.21148647367954254,0.19731342792510986,0.2012045532464981
2025-07-12 00:00:00+00:00,0.2011798769235611,0.20608201622962952,0.19803376495838165,0.2034030705690384
2025-07-12 04:00:00+00:00,0.2034008800983429,0.20429088175296783,0.20065249502658844,0.20124661922454834
2025-07-12 08:00:00+00:00,0.2012360543012619,0.20257166028022766,0.19979001581668854,0.20058821141719818
2025-07-12 12:00:00+00:00,0.2005912959575653,0.2005912959575653,0.19228145480155945,0.19286790490150452
2025-07-12 16:00:00+00:00,0.19292886555194855,0.19809706509113312,0.19292597472667694,0.19729861617088318
2025-07-12 20:00:00+00:00,0.19730539619922638,0.1974683552980423,0.19429455697536469,0.19732798635959625
2025-07-13 00:00:00+00:00,0.19739516079425812,0.19880686700344086,0.196538046002388,0.19849596917629242
2025-07-13 04:00:00+00:00,0.19850251078605652,0.1998111456632614,0.19768942892551422,0.1992945671081543
2025-07-13 08:00:00+00:00,0.1992979645729065,0.1993713080883026,0.19663584232330322,0.19857200980186462
2025-07-13 12:00:00+00:00,0.19879886507987976,0.20353303849697113,0.19850055873394012,0.2002178579568863
2025-07-13 16:00:00+00:00,0.2002360224723816,0.2029692530632019,0.19866937398910522,0.20178060233592987
2025-07-13 20:00:00+00:00,0.20143871009349823,0.20180653035640717,0.1963208019733429,0.19859489798545837
2025-07-14 00:00:00+00:00,0.19860316812992096,0.20539821684360504,0.1979207843542099,0.20489512383937836
2025-07-14 04:00:00+00:00,0.20488619804382324,0.2102770209312439,0.20438171923160553,0.20777398347854614
2025-07-14 08:00:00+00:00,0.20775602757930756,0.20867176353931427,0.20506145060062408,0.20571915805339813
2025-07-14 12:00:00+00:00,0.2055976539850235,0.20663605630397797,0.19843704998493195,0.1991187185049057
2025-07-14 16:00:00+00:00,0.19909697771072388,0.20139597356319427,0.19761593639850616,0.1980101615190506
2025-07-14 20:00:00+00:00,0.1981261521577835,0.19835712015628815,0.19571392238140106,0.19743098318576813
2025-07-15 00:00:00+00:00,0.19742049276828766,0.19816376268863678,0.18885917961597443,0.19022777676582336
2025-07-15 04:00:00+00:00,0.19017888605594635,0.19245000183582306,0.1891726553440094,0.19111992418766022
2025-07-15 08:00:00+00:00,0.19082769751548767,0.1925063282251358,0.18987101316452026,0.19192369282245636
2025-07-15 12:00:00+00:00,0.19200092554092407,0.19543354213237762,0.18988125026226044,0.1927393078804016
2025-07-15 16:00:00+00:00,0.1927538961172104,0.1981787532567978,0.19191056489944458,0.19212950766086578
2025-07-15 20:00:00+00:00,0.1921045482158661,0.19916224479675293,0.19171424210071564,0.19916224479675293
2025-07-16 00:00:00+00:00,0.19915881752967834,0.20162899792194366,0.19623182713985443,0.19700084626674652
2025-07-16 04:00:00+00:00,0.19700974225997925,0.19965773820877075,0.19573447108268738,0.19944898784160614
2025-07-16 08:00:00+00:00,0.19942684471607208,0.20195479691028595,0.19861991703510284,0.20078609883785248
2025-07-16 12:00:00+00:00,0.2007732093334198,0.20592369139194489,0.19992545247077942,0.20331309735774994
2025-07-16 16:00:00+00:00,0.20334814488887787,0.2104862779378891,0.2025284767150879,0.2086169421672821
2025-07-16 20:00:00+00:00,0.20885182917118073,0.21960288286209106,0.20885182917118073,0.2127465307712555
2025-07-17 00:00:00+00:00,0.2128332555294037,0.21739231050014496,0.20743156969547272,0.2083444893360138
2025-07-17 04:00:00+00:00,0.20837287604808807,0.2134018838405609,0.20788662135601044,0.21213063597679138
2025-07-17 08:00:00+00:00,0.21214693784713745,0.21699391305446625,0.21185407042503357,0.2162896692752838
2025-07-17 12:00:00+00:00,0.21613840758800507,0.21797238290309906,0.21076653897762299,0.2139131724834442
2025-07-17 16:00:00+00:00,0.21399147808551788,0.2154066413640976,0.20895567536354065,0.2120342254638672
2025-07-17 20:00:00+00:00,0.21203812956809998,0.22200451791286469,0.2088930457830429,0.21802020072937012
2025-07-18 00:00:00+00:00,0.21808600425720215,0.23746366798877716,0.21677817404270172,0.23627513647079468
2025-07-18 04:00:00+00:00,0.23627978563308716,0.24853630363941193,0.2340971678495407,0.2404688447713852
2025-07-18 08:00:00+00:00,0.24026182293891907,0.2416888028383255,0.2365863174200058,0.24004223942756653
2025-07-18 12:00:00+00:00,0.24017000198364258,0.2525373101234436,0.23592700064182281,0.23709149658679962
2025-07-18 16:00:00+00:00,0.23712408542633057,0.24076847732067108,0.23247340321540833,0.23396243155002594
2025-07-18 20:00:00+00:00,0.23399004340171814,0.23622241616249084,0.22812813520431519,0.2361389696598053
2025-07-19 00:00:00+00:00,0.2372428923845291,0.25076544284820557,0.23646090924739838,0.24882128834724426
2025-07-19 04:00:00+00:00,0.24890698492527008,0.2558090388774872,0.24890698492527008,0.25399354100227356
2025-07-19 08:00:00+00:00,0.2540332078933716,0.25655820965766907,0.24538928270339966,0.24538928270339966
2025-07-19 12:00:00+00:00,0.2454586625099182,0.2471628189086914,0.23998740315437317,0.24275240302085876
2025-07-19 16:00:00+00:00,0.242513507604599,0.2435721457004547,0.24005693197250366,0.2426965981721878
2025-07-19 20:00:00+00:00,0.24268567562103271,0.24299755692481995,0.23816169798374176,0.24145010113716125
2025-07-20 00:00:00+00:00,0.24118748307228088,0.256031334400177,0.24027247726917267,0.2553185522556305
2025-07-20 04:00:00+00:00,0.2553184926509857,0.25667375326156616,0.24967288970947266,0.25185051560401917
2025-07-20 08:00:00+00:00,0.2516961693763733,0.25532716512680054,0.2507568299770355,0.25153350830078125
2025-07-20 12:00:00+00:00,0.25151097774505615,0.25510361790657043,0.2511526048183441,0.25410136580467224
2025-07-20 16:00:00+00:00,0.2541353404521942,0.2767401933670044,0.2541353404521942,0.2740819752216339
2025-07-20 20:00:00+00:00,0.2740110158920288,0.27608856558799744,0.26419684290885925,0.27292928099632263
2025-07-21 00:00:00+00:00,0.2730568051338196,0.27638325095176697,0.26506251096725464,0.2710453271865845
2025-07-21 04:00:00+00:00,0.27133017778396606,0.2773863673210144,0.26974251866340637,0.2731853127479553
2025-07-21 08:00:00+00:00,0.27340230345726013,0.2774509787559509,0.2678130269050598,0.2715218961238861
2025-07-21 12:00:00+00:00,0.2714392840862274,0.2841590940952301,0.2699558436870575,0.2841590940952301
2025-07-21 16:00:00+00:00,0.28369927406311035,0.28667116165161133,0.2682272791862488,0.26866763830184937
2025-07-21 20:00:00+00:00,0.26868194341659546,0.2736615538597107,0.2667524814605713,0.2717192471027374
2025-07-22 00:00:00+00:00,0.2716478109359741,0.27432602643966675,0.2642447054386139,0.2661172151565552
2025-07-22 04:00:00+00:00,0.2661064565181732,0.2689804136753082,0.2582778334617615,0.2667637765407562
2025-07-22 08:00:00+00:00,0.2668028175830841,0.2685117721557617,0.2635428011417389,0.26723694801330566
2025-07-22 12:00:00+00:00,0.26719772815704346,0.26831889152526855,0.26115238666534424,0.2664954662322998
2025-07-22 16:00:00+00:00,0.26649999618530273,0.26999858021736145,0.25946569442749023,0.2595723569393158
2025-07-22 20:00:00+00:00,0.25965946912765503,0.2703784108161926,0.25965946912765503,0.2703784108161926
2025-07-23 00:00:00+00:00,0.2703976333141327,0.2705637812614441,0.26382461190223694,0.2641634941101074
2025-07-23 04:00:00+00:00,0.2641882598400116,0.26676616072654724,0.2594158351421356,0.2601682245731354
2025-07-23 08:00:00+00:00,0.26015278697013855,0.2615325152873993,0.2544540762901306,0.2558647394180298
2025-07-23 12:00:00+00:00,0.25586989521980286,0.2562326490879059,0.24311380088329315,0.24918298423290253
2025-07-23 16:00:00+00:00,0.2491503655910492,0.24918819963932037,0.2390003204345703,0.2434394508600235
2025-07-23 20:00:00+00:00,0.2432471066713333,0.24325188994407654,0.2321944683790207,0.24066299200057983
2025-07-24 00:00:00+00:00,0.24065592885017395,0.24643400311470032,0.23889514803886414,0.24351081252098083
2025-07-24 04:00:00+00:00,0.24345125257968903,0.2441806197166443,0.22363750636577606,0.23279015719890594
2025-07-24 08:00:00+00:00,0.2328176647424698,0.23965613543987274,0.2320970743894577,0.23947420716285706
2025-07-24 12:00:00+00:00,0.2394499033689499,0.2444351464509964,0.2336703985929489,0.239852637052536
2025-07-24 16:00:00+00:00,0.23991131782531738,0.2412853091955185,0.23456087708473206,0.23883801698684692
2025-07-24 20:00:00+00:00,0.23876215517520905,0.24054081737995148,0.231624037027359,0.231974259018898
2025-07-25 00:00:00+00:00,0.23202940821647644,0.23205924034118652,0.22297316789627075,0.22543898224830627
2025-07-25 04:00:00+00:00,0.22548982501029968,0.22936277091503143,0.22376346588134766,0.22438475489616394
2025-07-25 08:00:00+00:00,0.22470176219940186,0.2329428642988205,0.22470176219940186,0.23131082952022552
2025-07-25 12:00:00+00:00,0.23128747940063477,0.2322869896888733,0.2220253348350525,0.2246565967798233
2025-07-25 16:00:00+00:00,0.22459955513477325,0.2288551777601242,0.22289861738681793,0.22743207216262817
2025-07-25 20:00:00+00:00,0.2273283451795578,0.2368078976869583,0.2273283451795578,0.2368078976869583
2025-07-26 00:00:00+00:00,0.23679082095623016,0.23822151124477386,0.2331995815038681,0.23695015907287598
2025-07-26 04:00:00+00:00,0.2369290441274643,0.23870275914669037,0.2367676943540573,0.23709851503372192
2025-07-26 08:00:00+00:00,0.23710237443447113,0.2398265302181244,0.2361181527376175,0.23670783638954163
2025-07-26 12:00:00+00:00,0.23679348826408386,0.2397950291633606,0.23600924015045166,0.23870927095413208
2025-07-26 16:00:00+00:00,0.23875930905342102,0.2393193393945694,0.23518025875091553,0.23922903835773468
2025-07-26 20:00:00+00:00,0.239200159907341,0.23954544961452484,0.23551270365715027,0.23551270365715027
2025-07-27 00:00:00+00:00,0.23551535606384277,0.23984242975711823,0.23524996638298035,0.23932801187038422
2025-07-27 04:00:00+00:00,0.23933325707912445,0.2430429905653,0.23676377534866333,0.2367900162935257
2025-07-27 08:00:00+00:00,0.23707258701324463,0.23920708894729614,0.2347998172044754,0.2363395392894745
2025-07-27 12:00:00+00:00,0.23643794655799866,0.23859967291355133,0.23490311205387115,0.23633551597595215
2025-07-27 16:00:00+00:00,0.23638491332530975,0.24173890054225922,0.23638491332530975,0.23970499634742737
2025-07-27 20:00:00+00:00,0.23970460891723633,0.24356809258460999,0.23793785274028778,0.2408028542995453
2025-07-28 00:00:00+00:00,0.24074137210845947,0.24505935609340668,0.23835250735282898,0.24464890360832214
2025-07-28 04:00:00+00:00,0.2446795105934143,0.24819326400756836,0.24206110835075378,0.2430109828710556
2025-07-28 08:00:00+00:00,0.24301430583000183,0.2438526451587677,0.23995225131511688,0.24146971106529236
2025-07-28 12:00:00+00:00,0.24152253568172455,0.24264056980609894,0.231742724776268,0.2327921837568283
2025-07-28 16:00:00+00:00,0.23215705156326294,0.23341064155101776,0.22793665528297424,0.22945751249790192
2025-07-28 20:00:00+00:00,0.22958599030971527,0.2295898199081421,0.22494295239448547,0.22523154318332672
2025-07-29 00:00:00+00:00,0.22587600350379944,0.2282378226518631,0.22299066185951233,0.22693535685539246
2025-07-29 04:00:00+00:00,0.22689761221408844,0.23241838812828064,0.22596152126789093,0.23182523250579834
2025-07-29 08:00:00+00:00,0.23178857564926147,0.2320193499326706,0.22571560740470886,0.22743046283721924
2025-07-29 12:00:00+00:00,0.22759674489498138,0.230469211935997,0.22111117839813232,0.2231745421886444
2025-07-29 16:00:00+00:00,0.22282257676124573,0.22407756745815277,0.21857064962387085,0.2217371165752411
2025-07-29 20:00:00+00:00,0.2213970124721527,0.22407010197639465,0.21991142630577087,0.22379332780838013
2025-07-30 00:00:00+00:00,0.2237892746925354,0.22608639299869537,0.22150607407093048,0.22485139966011047
2025-07-30 04:00:00+00:00,0.22455516457557678,0.22500407695770264,0.22147537767887115,0.22153985500335693
2025-07-30 08:00:00+00:00,0.22160197794437408,0.22319744527339935,0.2156595140695572,0.21573691070079803
2025-07-30 12:00:00+00:00,0.21605396270751953,0.22243906557559967,0.2154499739408493,0.22105097770690918
2025-07-30 16:00:00+00:00,0.22136294841766357,0.22331643104553223,0.21118997037410736,0.2175532579421997
2025-07-30 20:00:00+00:00,0.2173835039138794,0.22033433616161346,0.21571597456932068,0.21990036964416504
2025-07-31 00:00:00+00:00,0.21988897025585175,0.2233891785144806,0.2194383293390274,0.2231132984161377
2025-07-31 04:00:00+00:00,0.2230893224477768,0.22418838739395142,0.2222709059715271,0.22354386746883392
2025-07-31 08:00:00+00:00,0.2235904335975647,0.22546614706516266,0.22188803553581238,0.22194762527942657
2025-07-31 12:00:00+00:00,0.22196777164936066,0.22226664423942566,0.21517586708068848,0.21743276715278625
2025-07-31 16:00:00+00:00,0.21746045351028442,0.22108717262744904,0.21349748969078064,0.21358813345432281
2025-07-31 20:00:00+00:00,0.21363481879234314,0.2142837941646576,0.20923466980457306,0.20985442399978638
2025-08-01 00:00:00+00:00,0.20982812345027924,0.21039535105228424,0.2045382857322693,0.20904599130153656
2025-08-01 04:00:00+00:00,0.20899686217308044,0.20899686217308044,0.20425137877464294,0.20567849278450012
2025-08-01 08:00:00+00:00,0.20574873685836792,0.207209050655365,0.2025863230228424,0.207209050655365
2025-08-01 12:00:00+00:00,0.20731624960899353,0.20965518057346344,0.2030583918094635,0.2094949334859848
2025-08-01 16:00:00+00:00,0.20955391228199005,0.2119777500629425,0.20489652454853058,0.20853637158870697
2025-08-01 20:00:00+00:00,0.20853321254253387,0.20853321254253387,0.19700369238853455,0.20121553540229797
2025-08-02 00:00:00+00:00,0.20106208324432373,0.20268124341964722,0.20056428015232086,0.20209182798862457
2025-08-02 04:00:00+00:00,0.20216326415538788,0.20319829881191254,0.19570207595825195,0.20012371242046356
2025-08-02 08:00:00+00:00,0.20015376806259155,0.20058253407478333,0.1976839154958725,0.19979314506053925
2025-08-02 12:00:00+00:00,0.19978122413158417,0.1998254805803299,0.19439074397087097,0.19439074397087097
2025-08-02 16:00:00+00:00,0.19450333714485168,0.19706061482429504,0.19020400941371918,0.1926344335079193
2025-08-02 20:00:00+00:00,0.1924837976694107,0.19435371458530426,0.1896856725215912,0.19121414422988892
2025-08-03 00:00:00+00:00,0.19119973480701447,0.1962505280971527,0.1895417720079422,0.19612570106983185
2025-08-03 04:00:00+00:00,0.1961129605770111,0.19676275551319122,0.19511885941028595,0.19621174037456512
2025-08-03 08:00:00+00:00,0.1962299346923828,0.19921545684337616,0.19583050906658173,0.19812192022800446
2025-08-03 12:00:00+00:00,0.19811119139194489,0.1991388499736786,0.1971748024225235,0.19883030652999878
2025-08-03 16:00:00+00:00,0.19883398711681366,0.19992275536060333,0.19820605218410492,0.19887177646160126
2025-08-03 20:00:00+00:00,0.19889768958091736,0.19991622865200043,0.19827903807163239,0.1988634318113327
2025-08-04 00:00:00+00:00,0.1988692581653595,0.20286132395267487,0.19867394864559174,0.201722651720047
2025-08-04 04:00:00+00:00,0.20177431404590607,0.20348665118217468,0.19977201521396637,0.20338067412376404
2025-08-04 08:00:00+00:00,0.20328326523303986,0.2038947492837906,0.20064587891101837,0.20107349753379822
2025-08-04 12:00:00+00:00,0.20110797882080078,0.20592884719371796,0.2007899135351181,0.2039175033569336
2025-08-04 16:00:00+00:00,0.20398454368114471,0.20954035222530365,0.20398113131523132,0.20451167225837708
2025-08-04 20:00:00+00:00,0.20456799864768982,0.21113750338554382,0.2045377641916275,0.21041320264339447
2025-08-05 00:00:00+00:00,0.21044328808784485,0.21084532141685486,0.20633283257484436,0.20652973651885986
2025-08-05 04:00:00+00:00,0.20652452111244202,0.20730172097682953,0.20205718278884888,0.20206737518310547
2025-08-05 08:00:00+00:00,0.20196181535720825,0.20854870975017548,0.20181135833263397,0.20744451880455017
2025-08-05 12:00:00+00:00,0.20743869245052338,0.20747335255146027,0.197799950838089,0.1978725790977478
2025-08-05 16:00:00+00:00,0.19790641963481903,0.19984008371829987,0.1975501924753189,0.19794738292694092
2025-08-05 20:00:00+00:00,0.197931706905365,0.20009636878967285,0.19644682109355927,0.1997402161359787
2025-08-06 00:00:00+00:00,0.19972850382328033,0.19978907704353333,0.19633683562278748,0.19672635197639465
2025-08-06 04:00:00+00:00,0.19673143327236176,0.20187422633171082,0.19575725495815277,0.2012661099433899
2025-08-06 08:00:00+00:00,0.20124970376491547,0.20159219205379486,0.19897864758968353,0.2005060464143753
2025-08-06 12:00:00+00:00,0.20049990713596344,0.20489317178726196,0.19906434416770935,0.20489317178726196
2025-08-06 16:00:00+00:00,0.20487378537654877,0.20701785385608673,0.20345863699913025,0.20541922748088837
2025-08-06 20:00:00+00:00,0.20549601316452026,0.20575621724128723,0.20472368597984314,0.2052554488182068
2025-08-07 00:00:00+00:00,0.20525744557380676,0.20628947019577026,0.20355981588363647,0.20406052470207214
2025-08-07 04:00:00+00:00,0.2040577232837677,0.20645281672477722,0.20397606492042542,0.20567910373210907
2025-08-07 08:00:00+00:00,0.20568014681339264,0.21459843218326569,0.20547835528850555,0.21395833790302277
2025-08-07 12:00:00+00:00,0.21403411030769348,0.2153857946395874,0.2125272899866104,0.21436750888824463
2025-08-07 16:00:00+00:00,0.21436971426010132,0.21763648092746735,0.21129541099071503,0.21688345074653625
2025-08-07 20:00:00+00:00,0.21689151227474213,0.22271020710468292,0.21689151227474213,0.22239060699939728
2025-08-08 00:00:00+00:00,0.22240108251571655,0.224308580160141,0.22017404437065125,0.2224937528371811
2025-08-08 04:00:00+00:00,0.22254396975040436,0.22475385665893555,0.22009406983852386,0.22469468414783478
2025-08-08 08:00:00+00:00,0.2246953397989273,0.22645436227321625,0.22199560701847076,0.2235768586397171
2025-08-08 12:00:00+00:00,0.22357434034347534,0.2284335047006607,0.22007831931114197,0.2213880866765976
2025-08-08 16:00:00+00:00,0.2213752567768097,0.22904114425182343,0.22126996517181396,0.22834713757038116
2025-08-08 20:00:00+00:00,0.22830474376678467,0.23222078382968903,0.22761709988117218,0.23021875321865082
2025-08-09 00:00:00+00:00,0.23023635149002075,0.23288331925868988,0.22996199131011963,0.23016928136348724
2025-08-09 04:00:00+00:00,0.23017296195030212,0.2361103743314743,0.22997087240219116,0.23559808731079102
2025-08-09 08:00:00+00:00,0.23573198914527893,0.23850959539413452,0.2354162186384201,0.23711742460727692
2025-08-09 12:00:00+00:00,0.23719927668571472,0.24367587268352509,0.23664475977420807,0.24083659052848816
2025-08-09 16:00:00+00:00,0.24081552028656006,0.24607700109481812,0.2407342493534088,0.24299269914627075
2025-08-09 20:00:00+00:00,0.24301020801067352,0.24435733258724213,0.23997542262077332,0.240324929356575
2025-08-10 00:00:00+00:00,0.2402125597000122,0.2429305613040924,0.23941472172737122,0.24256065487861633
2025-08-10 04:00:00+00:00,0.24261145293712616,0.2430979609489441,0.231920063495636,0.23262006044387817
2025-08-10 08:00:00+00:00,0.23259034752845764,0.23427391052246094,0.23045088350772858,0.23137669265270233
2025-08-10 12:00:00+00:00,0.23136195540428162,0.23431694507598877,0.2300790697336197,0.23234422504901886
2025-08-10 16:00:00+00:00,0.23237361013889313,0.2353152185678482,0.2322317510843277,0.23529639840126038
2025-08-10 20:00:00+00:00,0.2352745532989502,0.2352745532989502,0.2313070297241211,0.23410281538963318
2025-08-11 00:00:00+00:00,0.2339348942041397,0.24140475690364838,0.23279130458831787,0.23898206651210785
2025-08-11 04:00:00+00:00,0.23898206651210785,0.24082474410533905,0.23362869024276733,0.2336389720439911
2025-08-11 08:00:00+00:00,0.23365066945552826,0.23613180220127106,0.22740568220615387,0.22827915847301483
2025-08-11 12:00:00+00:00,0.22826215624809265,0.23079310357570648,0.2258356362581253,0.23079310357570648
2025-08-11 16:00:00+00:00,0.2308359146118164,0.23333649337291718,0.226484015583992,0.2270764261484146
2025-08-11 20:00:00+00:00,0.22709038853645325,0.22762656211853027,0.22158248722553253,0.2225506603717804
2025-08-12 00:00:00+00:00,0.22257381677627563,0.2270604372024536,0.22236301004886627,0.22454921901226044
2025-08-12 04:00:00+00:00,0.22454464435577393,0.22625434398651123,0.2224382758140564,0.22502131760120392
2025-08-12 08:00:00+00:00,0.2250204086303711,0.22521650791168213,0.21936796605587006,0.2215082198381424
2025-08-12 12:00:00+00:00,0.22148007154464722,0.22945763170719147,0.2208242565393448,0.22945763170719147
2025-08-12 16:00:00+00:00,0.2294725626707077,0.23571829497814178,0.22863051295280457,0.235209658741951
2025-08-12 20:00:00+00:00,0.23545143008232117,0.2377801388502121,0.23520463705062866,0.23566627502441406
2025-08-13 00:00:00+00:00,0.2356070578098297,0.23948001861572266,0.23162797093391418,0.23852375149726868
2025-08-13 04:00:00+00:00,0.23851342499256134,0.2439860850572586,0.23512877523899078,0.2439860850572586
2025-08-13 08:00:00+00:00,0.24406549334526062,0.24961881339550018,0.24406549334526062,0.2464657723903656
2025-08-13 12:00:00+00:00,0.24648116528987885,0.24808424711227417,0.2401224821805954,0.24113817512989044
2025-08-13 16:00:00+00:00,0.24114350974559784,0.2438465654850006,0.24078336358070374,0.24381692707538605
2025-08-13 20:00:00+00:00,0.2438299059867859,0.24606269598007202,0.2423103153705597,0.24520234763622284
2025-08-14 00:00:00+00:00,0.24516867101192474,0.2546100616455078,0.2430160939693451,0.25284257531166077
2025-08-14 04:00:00+00:00,0.2527961730957031,0.2541986405849457,0.24404697120189667,0.24506449699401855
2025-08-14 08:00:00+00:00,0.2450624257326126,0.2450624257326126,0.23745888471603394,0.23784001171588898
2025-08-14 12:00:00+00:00,0.23781734704971313,0.2388881891965866,0.22469103336334229,0.22614409029483795
2025-08-14 16:00:00+00:00,0.22614522278308868,0.22614522278308868,0.22210219502449036,0.22364118695259094
2025-08-14 20:00:00+00:00,0.22366192936897278,0.2242562174797058,0.21815064549446106,0.22389380633831024
2025-08-15 00:00:00+00:00,0.22390113770961761,0.2298894226551056,0.2235458940267563,0.2298894226551056
2025-08-15 04:00:00+00:00,0.22986826300621033,0.232819601893425,0.22811469435691833,0.23063762485980988
2025-08-15 08:00:00+00:00,0.2306446135044098,0.232446551322937,0.22940751910209656,0.23044642806053162
2025-08-15 12:00:00+00:00,0.2304096221923828,0.2308124601840973,0.22194786369800568,0.22272200882434845
2025-08-15 16:00:00+00:00,0.2227112054824829,0.22511866688728333,0.2206820845603943,0.22219109535217285
2025-08-15 20:00:00+00:00,0.22217176854610443,0.2314784675836563,0.22195608913898468,0.22861261665821075
2025-08-16 00:00:00+00:00,0.22884123027324677,0.2352859526872635,0.22884123027324677,0.23302680253982544
2025-08-16 04:00:00+00:00,0.23302124440670013,0.23369595408439636,0.23029173910617828,0.23355716466903687
2025-08-16 08:00:00+00:00,0.2335357517004013,0.23474103212356567,0.22821545600891113,0.22821545600891113
2025-08-16 12:00:00+00:00,0.22820033133029938,0.22986485064029694,0.2263973504304886,0.22873754799365997
2025-08-16 16:00:00+00:00,0.22874049842357635,0.2309538871049881,0.2285812348127365,0.2297852337360382
2025-08-16 20:00:00+00:00,0.2297302484512329,0.23145045340061188,0.22941306233406067,0.2312447875738144
2025-08-17 00:00:00+00:00,0.23125678300857544,0.23415899276733398,0.2287304401397705,0.23371687531471252
2025-08-17 04:00:00+00:00,0.23370417952537537,0.23601646721363068,0.23276658356189728,0.23298342525959015
2025-08-17 08:00:00+00:00,0.23299540579319,0.23549695312976837,0.23289553821086884,0.23437851667404175
2025-08-17 12:00:00+00:00,0.2343911975622177,0.24219156801700592,0.23261390626430511,0.24210435152053833
2025-08-17 16:00:00+00:00,0.24193711578845978,0.24234779179096222,0.23236072063446045,0.23245976865291595
2025-08-17 20:00:00+00:00,0.23246461153030396,0.23798155784606934,0.23232607543468475,0.23456455767154694
2025-08-18 00:00:00+00:00,0.23457810282707214,0.23552590608596802,0.2233431190252304,0.22471962869167328
2025-08-18 04:00:00+00:00,0.22470812499523163,0.22654283046722412,0.22175605595111847,0.2220337986946106
2025-08-18 08:00:00+00:00,0.22201864421367645,0.22306004166603088,0.2204589694738388,0.2219238579273224
2025-08-18 12:00:00+00:00,0.22189702093601227,0.22450539469718933,0.22077676653862,0.22358515858650208
2025-08-18 16:00:00+00:00,0.22361691296100616,0.2252509593963623,0.22137728333473206,0.22407902777194977
2025-08-18 20:00:00+00:00,0.2238701730966568,0.22686296701431274,0.22228384017944336,0.22242414951324463
2025-08-19 00:00:00+00:00,0.22270312905311584,0.22554676234722137,0.21630030870437622,0.21654874086380005
2025-08-19 04:00:00+00:00,0.21654950082302094,0.218239426612854,0.2153569608926773,0.21762993931770325
2025-08-19 08:00:00+00:00,0.21780070662498474,0.22056691348552704,0.21657586097717285,0.2203754484653473
2025-08-19 12:00:00+00:00,0.22037538886070251,0.22122550010681152,0.2144269198179245,0.21452540159225464
2025-08-19 16:00:00+00:00,0.2144845873117447,0.21461686491966248,0.210723876953125,0.21229630708694458
2025-08-19 20:00:00+00:00,0.21227878332138062,0.21405662596225739,0.20897439122200012,0.2090499997138977
2025-08-20 00:00:00+00:00,0.2091449350118637,0.21300220489501953,0.20855525135993958,0.21182450652122498
2025-08-20 04:00:00+00:00,0.2118360847234726,0.21383275091648102,0.2118360847234726,0.21281568706035614
2025-08-20 08:00:00+00:00,0.21281524002552032,0.21542437374591827,0.21184691786766052,0.21349456906318665
2025-08-20 12:00:00+00:00,0.21398141980171204,0.21760910749435425,0.2087886780500412,0.2149907797574997
2025-08-20 16:00:00+00:00,0.21495147049427032,0.22157494723796844,0.21495147049427032,0.22156018018722534
2025-08-20 20:00:00+00:00,0.2215045541524887,0.22271035611629486,0.22076933085918427,0.2214498221874237
2025-08-21 00:00:00+00:00,0.221605584025383,0.2236575186252594,0.21980668604373932,0.22221317887306213
2025-08-21 04:00:00+00:00,0.2222163826227188,0.22401373088359833,0.22045858204364777,0.22144478559494019
2025-08-21 08:00:00+00:00,0.22144252061843872,0.22156454622745514,0.21687039732933044,0.21733179688453674
2025-08-21 12:00:00+00:00,0.21734420955181122,0.22017806768417358,0.2148887813091278,0.21564379334449768
2025-08-21 16:00:00+00:00,0.215617835521698,0.2180803269147873,0.2146921306848526,0.21491988003253937
2025-08-21 20:00:00+00:00,0.21494123339653015,0.21726493537425995,0.2141096442937851,0.2147473841905594
2025-08-22 00:00:00+00:00,0.21474774181842804,0.21890878677368164,0.21474774181842804,0.21564173698425293
2025-08-22 04:00:00+00:00,0.2156628519296646,0.21842341125011444,0.2156628519296646,0.2180967777967453
2025-08-22 08:00:00+00:00,0.21809661388397217,0.21870841085910797,0.21232163906097412,0.21232163906097412
2025-08-22 12:00:00+00:00,0.2122875601053238,0.23276083171367645,0.2087804079055786,0.2316437065601349
2025-08-22 16:00:00+00:00,0.2315211147069931,0.23948533833026886,0.231073796749115,0.23916703462600708
2025-08-22 20:00:00+00:00,0.23893946409225464,0.24170827865600586,0.23891782760620117,0.2405879944562912
2025-08-23 00:00:00+00:00,0.2405870109796524,0.2405870109796524,0.2293938845396042,0.23152697086334229
2025-08-23 04:00:00+00:00,0.2315245419740677,0.2386646419763565,0.23144805431365967,0.23690028488636017
2025-08-23 08:00:00+00:00,0.23712743818759918,0.23902302980422974,0.23580819368362427,0.2359951138496399
2025-08-23 12:00:00+00:00,0.23601405322551727,0.2381424903869629,0.23455387353897095,0.23664569854736328
2025-08-23 16:00:00+00:00,0.23665225505828857,0.23734831809997559,0.2355928272008896,0.23733700811862946
2025-08-23 20:00:00+00:00,0.23731963336467743,0.23731963336467743,0.23432950675487518,0.23602086305618286
2025-08-24 00:00:00+00:00,0.23615461587905884,0.23783518373966217,0.23521947860717773,0.2364204227924347
2025-08-24 04:00:00+00:00,0.23665641248226166,0.23679766058921814,0.2320219725370407,0.23249390721321106
2025-08-24 08:00:00+00:00,0.23246730864048004,0.2329387664794922,0.2284114807844162,0.2295224964618683
2025-08-24 12:00:00+00:00,0.22951890528202057,0.23351280391216278,0.2292308509349823,0.23105742037296295
2025-08-24 16:00:00+00:00,0.23107723891735077,0.24444569647312164,0.2308809459209442,0.2331368774175644
2025-08-24 20:00:00+00:00,0.23335343599319458,0.23454466462135315,0.22840377688407898,0.23180405795574188
2025-08-25 00:00:00+00:00,0.2318006455898285,0.23407487571239471,0.22646944224834442,0.23148879408836365
2025-08-25 04:00:00+00:00,0.23137126863002777,0.23137126863002777,0.2204064428806305,0.22055263817310333
2025-08-25 08:00:00+00:00,0.22056835889816284,0.22127944231033325,0.2175932675600052,0.21927887201309204
2025-08-25 12:00:00+00:00,0.219471275806427,0.22073212265968323,0.21845144033432007,0.21845144033432007
2025-08-25 16:00:00+00:00,0.2184918075799942,0.22014184296131134,0.21429653465747833,0.21434812247753143
2025-08-25 20:00:00+00:00,0.21429754793643951,0.21436282992362976,0.20720769464969635,0.20982378721237183
2025-08-26 00:00:00+00:00,0.2098277062177658,0.21199767291545868,0.20825767517089844,0.20989854633808136
2025-08-26 04:00:00+00:00,0.20989617705345154,0.21215058863162994,0.2095932960510254,0.21140235662460327
2025-08-26 08:00:00+00:00,0.21141615509986877,0.21192008256912231,0.20972244441509247,0.21051941812038422
2025-08-26 12:00:00+00:00,0.21056364476680756,0.21494396030902863,0.20951487123966217,0.21266694366931915
2025-08-26 16:00:00+00:00,0.21268093585968018,0.21960115432739258,0.21268093585968018,0.21949787437915802
2025-08-26 20:00:00+00:00,0.21951255202293396,0.21982310712337494,0.21771104633808136,0.21846210956573486
2025-08-27 00:00:00+00:00,0.2184704840183258,0.22134916484355927,0.21633882820606232,0.2213219553232193
2025-08-27 04:00:00+00:00,0.2212803214788437,0.22297383844852448,0.21838505566120148,0.21877260506153107
2025-08-27 08:00:00+00:00,0.21894356608390808,0.22095468640327454,0.21791711449623108,0.2204577773809433
2025-08-27 12:00:00+00:00,0.2204461693763733,0.22247079014778137,0.21858471632003784,0.2214326560497284
2025-08-27 16:00:00+00:00,0.22143352031707764,0.22325824201107025,0.2197502702474594,0.2202732414007187
2025-08-27 20:00:00+00:00,0.22031016647815704,0.22320295870304108,0.21845272183418274,0.21892619132995605
2025-08-28 00:00:00+00:00,0.21892723441123962,0.22147729992866516,0.21732692420482635,0.22135289013385773
2025-08-28 04:00:00+00:00,0.2213347852230072,0.22518740594387054,0.22109340131282806,0.2235785871744156
2025-08-28 08:00:00+00:00,0.22356432676315308,0.22587837278842926,0.2229214608669281,0.22382929921150208
2025-08-28 12:00:00+00:00,0.22384417057037354,0.22470027208328247,0.2205313891172409,0.22104372084140778
2025-08-28 16:00:00+00:00,0.22104951739311218,0.22319546341896057,0.22005043923854828,0.22005043923854828
2025-08-28 20:00:00+00:00,0.22005121409893036,0.2246834933757782,0.21962958574295044,0.22433826327323914
2025-08-29 00:00:00+00:00,0.22437496483325958,0.2245737761259079,0.22000455856323242,0.22280636429786682
2025-08-29 04:00:00+00:00,0.2227902114391327,0.2227902114391327,0.21499666571617126,0.21507628262043
2025-08-29 08:00:00+00:00,0.21506479382514954,0.2156345546245575,0.21230444312095642,0.21462371945381165
2025-08-29 12:00:00+00:00,0.2146485447883606,0.21914544701576233,0.21364514529705048,0.21409215033054352
2025-08-29 16:00:00+00:00,0.21410144865512848,0.21410144865512848,0.2100721001625061,0.21215461194515228
2025-08-29 20:00:00+00:00,0.2121482938528061,0.21439829468727112,0.21038037538528442,0.21403354406356812
2025-08-30 00:00:00+00:00,0.21396701037883759,0.21841982007026672,0.21208816766738892,0.2179531753063202
2025-08-30 04:00:00+00:00,0.21791546046733856,0.21802473068237305,0.21628804504871368,0.21703122556209564
2025-08-30 08:00:00+00:00,0.21704059839248657,0.2174394726753235,0.21506449580192566,0.2158934324979782
2025-08-30 12:00:00+00:00,0.21590277552604675,0.2164148986339569,0.21324972808361053,0.21601977944374084
2025-08-30 16:00:00+00:00,0.21601484715938568,0.21601484715938568,0.2148304581642151,0.21521741151809692
2025-08-30 20:00:00+00:00,0.21522431075572968,0.2160225510597229,0.21470190584659576,0.21598084270954132
2025-08-31 00:00:00+00:00,0.2159789800643921,0.22092151641845703,0.2159789800643921,0.22056443989276886
2025-08-31 04:00:00+00:00,0.22055120766162872,0.22059667110443115,0.2172229140996933,0.21794021129608154
2025-08-31 08:00:00+00:00,0.21792902052402496,0.21919554471969604,0.21632996201515198,0.21812056005001068
2025-08-31 12:00:00+00:00,0.21831625699996948,0.21843358874320984,0.2166391909122467,0.21843358874320984
2025-08-31 16:00:00+00:00,0.2184356153011322,0.21849682927131653,0.2172086238861084,0.21753978729248047
2025-08-31 20:00:00+00:00,0.21748417615890503,0.21806873381137848,0.21356292068958282,0.21381159126758575
2025-09-01 00:00:00+00:00,0.2138197422027588,0.2138197422027588,0.20958077907562256,0.2105042189359665
2025-09-01 04:00:00+00:00,0.21049681305885315,0.21763187646865845,0.20856927335262299,0.21761703491210938
2025-09-01 08:00:00+00:00,0.2176644653081894,0.21958759427070618,0.21550606191158295,0.21618135273456573
2025-09-01 12:00:00+00:00,0.2159518301486969,0.21705983579158783,0.2132355123758316,0.21337291598320007
2025-09-01 16:00:00+00:00,0.21339309215545654,0.21339309215545654,0.21055501699447632,0.21232716739177704
2025-09-01 20:00:00+00:00,0.21233510971069336,0.21254540979862213,0.2055758237838745,0.21023878455162048
2025-09-02 00:00:00+00:00,0.21030613780021667,0.2136096954345703,0.20958030223846436,0.21337611973285675
2025-09-02 04:00:00+00:00,0.21338698267936707,0.2148505300283432,0.21187759935855865,0.21215969324111938
2025-09-02 08:00:00+00:00,0.21223369240760803,0.21392539143562317,0.21151569485664368,0.21151569485664368
2025-09-02 12:00:00+00:00,0.21153123676776886,0.213312029838562,0.2070421576499939,0.20929062366485596
2025-09-02 16:00:00+00:00,0.20944447815418243,0.2129780650138855,0.20944447815418243,0.2110249400138855
2025-09-02 20:00:00+00:00,0.21105337142944336,0.2152606099843979,0.21104133129119873,0.21481770277023315
2025-09-03 00:00:00+00:00,0.2146783322095871,0.2166278064250946,0.21267132461071014,0.21535098552703857
2025-09-03 04:00:00+00:00,0.21535557508468628,0.2161223143339157,0.21435250341892242,0.21606801450252533
2025-09-03 08:00:00+00:00,0.21608971059322357,0.21706350147724152,0.21492739021778107,0.2167113721370697
2025-09-03 12:00:00+00:00,0.21669666469097137,0.21949131786823273,0.21532754600048065,0.21899224817752838
2025-09-03 16:00:00+00:00,0.2189864218235016,0.22104647755622864,0.21762242913246155,0.22104647755622864
2025-09-03 20:00:00+00:00,0.22107639908790588,0.22323477268218994,0.22049468755722046,0.2205602079629898
2025-09-04 00:00:00+00:00,0.2205590307712555,0.22086945176124573,0.21628306806087494,0.216288223862648
2025-09-04 04:00:00+00:00,0.2163122147321701,0.21724043786525726,0.2143525779247284,0.2154097557067871
2025-09-04 08:00:00+00:00,0.21533146500587463,0.21648196876049042,0.21502263844013214,0.21582330763339996
2025-09-04 12:00:00+00:00,0.2158215045928955,0.21670998632907867,0.21210026741027832,0.21243488788604736
2025-09-04 16:00:00+00:00,0.21233057975769043,0.21340146660804749,0.21084541082382202,0.2108621597290039
2025-09-04 20:00:00+00:00,0.21084748208522797,0.21451300382614136,0.21084748208522797,0.2124687284231186
2025-09-05 00:00:00+00:00,0.21244527399539948,0.2148861289024353,0.21210899949073792,0.2141084522008896
2025-09-05 04:00:00+00:00,0.21413391828536987,0.21813088655471802,0.21367238461971283,0.21813088655471802
2025-09-05 08:00:00+00:00,0.21809476613998413,0.21809476613998413,0.2154613882303238,0.21678033471107483
2025-09-05 12:00:00+00:00,0.2167663425207138,0.22064633667469025,0.21284547448158264,0.2146729826927185
2025-09-05 16:00:00+00:00,0.21466219425201416,0.21693392097949982,0.21406593918800354,0.21693392097949982
2025-09-05 20:00:00+00:00,0.21695193648338318,0.22007620334625244,0.21695193648338318,0.2179044634103775
2025-09-06 00:00:00+00:00,0.21790550649166107,0.2186940759420395,0.21700498461723328,0.21756848692893982
2025-09-06 04:00:00+00:00,0.21758504211902618,0.2176644653081894,0.21541815996170044,0.21585339307785034
2025-09-06 08:00:00+00:00,0.21586914360523224,0.2158937305212021,0.21406227350234985,0.2142559289932251
2025-09-06 12:00:00+00:00,0.21425674855709076,0.21575215458869934,0.21360313892364502,0.21408888697624207
2025-09-06 16:00:00+00:00,0.21408690512180328,0.21521347761154175,0.21255581080913544,0.21257957816123962
2025-09-06 20:00:00+00:00,0.21264272928237915,0.21771258115768433,0.21264272928237915,0.21588583290576935
2025-09-07 00:00:00+00:00,0.21586710214614868,0.21736468374729156,0.21586710214614868,0.2166142612695694
2025-09-07 04:00:00+00:00,0.2166098654270172,0.21757614612579346,0.21637040376663208,0.2172137349843979
2025-09-07 08:00:00+00:00,0.21722614765167236,0.21919123828411102,0.2171776294708252,0.2190808355808258
2025-09-07 12:00:00+00:00,0.21908915042877197,0.2247171700000763,0.21846412122249603,0.2237585186958313
2025-09-07 16:00:00+00:00,0.22375799715518951,0.224300816655159,0.22051690518856049,0.2223462611436844
2025-09-07 20:00:00+00:00,0.22232897579669952,0.2289750874042511,0.22227296233177185,0.2284427136182785
2025-09-08 00:00:00+00:00,0.228470116853714,0.23416151106357574,0.22698894143104553,0.2320103794336319
2025-09-08 04:00:00+00:00,0.23200632631778717,0.23278191685676575,0.2308019995689392,0.23227812349796295
2025-09-08 08:00:00+00:00,0.23235395550727844,0.23459336161613464,0.23235395550727844,0.23347829282283783
2025-09-08 12:00:00+00:00,0.2334700971841812,0.2393312305212021,0.23324628174304962,0.2377522736787796
2025-09-08 16:00:00+00:00,0.23776590824127197,0.23946695029735565,0.23668797314167023,0.23728139698505402
2025-09-08 20:00:00+00:00,0.23728099465370178,0.24359038472175598,0.23728099465370178,0.2418813556432724
2025-09-09 00:00:00+00:00,0.24183154106140137,0.2424483448266983,0.23411156237125397,0.2365252822637558
2025-09-09 04:00:00+00:00,0.23651272058486938,0.24173703789710999,0.23555484414100647,0.240014910697937
2025-09-09 08:00:00+00:00,0.2400294989347458,0.2421870231628418,0.2400294989347458,0.24180594086647034
2025-09-09 12:00:00+00:00,0.24179807305335999,0.24852515757083893,0.23733073472976685,0.23856224119663239
2025-09-09 16:00:00+00:00,0.2384934425354004,0.2432480901479721,0.2379019409418106,0.2415732741355896
2025-09-09 20:00:00+00:00,0.2415471374988556,0.24248920381069183,0.239859476685524,0.24069099128246307
2025-09-10 00:00:00+00:00,0.240660160779953,0.2418939769268036,0.23696953058242798,0.24078476428985596
2025-09-10 04:00:00+00:00,0.24080032110214233,0.24184788763523102,0.2387535721063614,0.24133433401584625
2025-09-10 08:00:00+00:00,0.24133680760860443,0.24215325713157654,0.23973621428012848,0.24005189538002014
2025-09-10 12:00:00+00:00,0.2400684505701065,0.24510988593101501,0.2400684505701065,0.24396324157714844
2025-09-10 16:00:00+00:00,0.24377775192260742,0.2480328232049942,0.23934397101402283,0.240110382437706
2025-09-10 20:00:00+00:00,0.24004928767681122,0.2455296665430069,0.23997943103313446,0.24539178609848022
2025-09-11 00:00:00+00:00,0.2453814446926117,0.2530252933502197,0.24431785941123962,0.2524629533290863
2025-09-11 04:00:00+00:00,0.25247374176979065,0.2529080808162689,0.24870774149894714,0.24969667196273804
2025-09-11 08:00:00+00:00,0.24965748190879822,0.2516448497772217,0.2492392212152481,0.2507750988006592
2025-09-11 12:00:00+00:00,0.2509831190109253,0.25173038244247437,0.24590305984020233,0.24703235924243927
2025-09-11 16:00:00+00:00,0.24711547791957855,0.2523961663246155,0.24711547791957855,0.25214993953704834
2025-09-11 20:00:00+00:00,0.2521370053291321,0.25685060024261475,0.25036951899528503,0.2556523084640503
2025-09-12 00:00:00+00:00,0.2558424174785614,0.26364409923553467,0.2551741600036621,0.2614833116531372
2025-09-12 04:00:00+00:00,0.2614578604698181,0.2637108266353607,0.25944098830223083,0.25979092717170715
2025-09-12 08:00:00+00:00,0.2598063349723816,0.2614451050758362,0.2593080997467041,0.2599729895591736
2025-09-12 12:00:00+00:00,0.25996869802474976,0.2663426995277405,0.2591078579425812,0.2661803662776947
2025-09-12 16:00:00+00:00,0.26621732115745544,0.2725209891796112,0.2654503583908081,0.2721112072467804
2025-09-12 20:00:00+00:00,0.2720657289028168,0.2783674895763397,0.2706683576107025,0.2754199802875519
2025-09-13 00:00:00+00:00,0.27545425295829773,0.2822535037994385,0.27316516637802124,0.2802567183971405
2025-09-13 04:00:00+00:00,0.28027796745300293,0.2852895259857178,0.28022268414497375,0.2835049331188202
2025-09-13 08:00:00+00:00,0.28350111842155457,0.2979917526245117,0.2830717861652374,0.29635319113731384
2025-09-13 12:00:00+00:00,0.2963561713695526,0.305636465549469,0.29299119114875793,0.2966749370098114
2025-09-13 16:00:00+00:00,0.29662153124809265,0.30004188418388367,0.2839157283306122,0.2865556478500366
2025-09-13 20:00:00+00:00,0.2865288257598877,0.2918160557746887,0.28622663021087646,0.2894626259803772
2025-09-14 00:00:00+00:00,0.28937897086143494,0.2939640283584595,0.28212764859199524,0.2867526113986969
2025-09-14 04:00:00+00:00,0.286899209022522,0.2919561564922333,0.28486835956573486,0.29135775566101074
2025-09-14 08:00:00+00:00,0.2914012372493744,0.29280874133110046,0.2856771945953369,0.2856771945953369
2025-09-14 12:00:00+00:00,0.2858617901802063,0.28686967492103577,0.27319079637527466,0.27320611476898193
2025-09-14 16:00:00+00:00,0.27340173721313477,0.2821250259876251,0.2733919620513916,0.27755817770957947
2025-09-14 20:00:00+00:00,0.27759072184562683,0.28253138065338135,0.27759072184562683,0.27858710289001465
2025-09-15 00:00:00+00:00,0.2785535752773285,0.28058427572250366,0.27529576420783997,0.2804924249649048
2025-09-15 04:00:00+00:00,0.2804321348667145,0.2816745638847351,0.26794880628585815,0.26861482858657837
2025-09-15 08:00:00+00:00,0.2685488164424896,0.2685488164424896,0.25987622141838074,0.26554566621780396
2025-09-15 12:00:00+00:00,0.2655097246170044,0.2655097246170044,0.2622237503528595,0.26428791880607605
2025-09-15 16:00:00+00:00,0.26429226994514465,0.26613715291023254,0.26280200481414795,0.2639807462692261
2025-09-15 20:00:00+00:00,0.26400765776634216,0.26883572340011597,0.2639770805835724,0.26747235655784607
2025-09-16 00:00:00+00:00,0.2677249312400818,0.269202321767807,0.2662194073200226,0.2679291367530823
2025-09-16 04:00:00+00:00,0.2675950825214386,0.2692736089229584,0.2632181644439697,0.2671367824077606
2025-09-16 08:00:00+00:00,0.2668415606021881,0.2673329710960388,0.26396164298057556,0.26473793387413025
2025-09-16 12:00:00+00:00,0.2647497355937958,0.2668130099773407,0.258973628282547,0.26624712347984314
2025-09-16 16:00:00+00:00,0.2662161886692047,0.269680917263031,0.2652340233325958,0.26853087544441223
2025-09-16 20:00:00+00:00,0.26848548650741577,0.27153724431991577,0.2677682042121887,0.26977086067199707
2025-09-17 00:00:00+00:00,0.2697931230068207,0.27124178409576416,0.2668420076370239,0.2668420076370239
2025-09-17 04:00:00+00:00,0.26672062277793884,0.2699117958545685,0.2646316587924957,0.2687463164329529
2025-09-17 08:00:00+00:00,0.2687411308288574,0.2687411308288574,0.2648944854736328,0.26569220423698425
2025-09-17 12:00:00+00:00,0.2656807005405426,0.26754674315452576,0.2639167010784149,0.26585209369659424
2025-09-17 16:00:00+00:00,0.26579025387763977,0.27315038442611694,0.2622455060482025,0.2728877365589142
2025-09-17 20:00:00+00:00,0.2728269696235657,0.28346583247184753,0.2680012583732605,0.2824486494064331
2025-09-18 00:00:00+00:00,0.28253960609436035,0.28505370020866394,0.27898502349853516,0.2828432023525238
2025-09-18 04:00:00+00:00,0.282953679561615,0.2829892039299011,0.27719810605049133,0.2798510491847992
2025-09-18 08:00:00+00:00,0.27984359860420227,0.28167909383773804,0.2786165475845337,0.27901673316955566
2025-09-18 12:00:00+00:00,0.2795180678367615,0.2862675189971924,0.2792303264141083,0.28626179695129395
2025-09-18 16:00:00+00:00,0.28651151061058044,0.2878851294517517,0.2814140319824219,0.2822732627391815
2025-09-18 20:00:00+00:00,0.28212156891822815,0.2824072241783142,0.276489794254303,0.2787803113460541
2025-09-19 00:00:00+00:00,0.27876222133636475,0.28400129079818726,0.27687907218933105,0.2769283950328827
2025-09-19 04:00:00+00:00,0.2768920660018921,0.2772251069545746,0.2738863229751587,0.27533841133117676
2025-09-19 08:00:00+00:00,0.2753134071826935,0.27665480971336365,0.27059081196784973,0.2714894115924835
2025-09-19 12:00:00+00:00,0.27148300409317017,0.2723724842071533,0.2654173970222473,0.26685771346092224
2025-09-19 16:00:00+00:00,0.26683309674263,0.268219530582428,0.26415491104125977,0.26535940170288086
2025-09-19 20:00:00+00:00,0.26505181193351746,0.26734790205955505,0.26375332474708557,0.26538780331611633
2025-09-20 00:00:00+00:00,0.26539185643196106,0.2673717439174652,0.2635854184627533,0.26507535576820374
2025-09-20 04:00:00+00:00,0.26506996154785156,0.26702722907066345,0.264608770608902,0.2665640413761139
2025-09-20 08:00:00+00:00,0.26656049489974976,0.26662611961364746,0.2636743485927582,0.26536253094673157
2025-09-20 12:00:00+00:00,0.26536741852760315,0.2688995599746704,0.2644152343273163,0.2682790160179138
2025-09-20 16:00:00+00:00,0.2683643102645874,0.2691135108470917,0.26600196957588196,0.2662006616592407
2025-09-20 20:00:00+00:00,0.26621273159980774,0.2688036561012268,0.26621273159980774,0.2677488923072815
2025-09-21 00:00:00+00:00,0.2677416205406189,0.2695225477218628,0.26718804240226746,0.26950109004974365
2025-09-21 04:00:00+00:00,0.26955172419548035,0.26967746019363403,0.2679835259914398,0.2683125138282776
2025-09-21 08:00:00+00:00,0.2683252990245819,0.2684285640716553,0.2640312612056732,0.26613733172416687
2025-09-21 12:00:00+00:00,0.26613059639930725,0.26787009835243225,0.2658962607383728,0.2658962607383728
2025-09-21 16:00:00+00:00,0.2659076750278473,0.2659076750278473,0.261425644159317,0.2634400725364685
2025-09-21 20:00:00+00:00,0.2634333372116089,0.263633131980896,0.26084133982658386,0.26116013526916504
2025-09-22 00:00:00+00:00,0.2611373960971832,0.26203981041908264,0.24609793722629547,0.24886776506900787
2025-09-22 04:00:00+00:00,0.2488982230424881,0.24969878792762756,0.23601548373699188,0.2380644530057907
2025-09-22 08:00:00+00:00,0.23803436756134033,0.24052639305591583,0.23716066777706146,0.2392437905073166
2025-09-22 12:00:00+00:00,0.23925231397151947,0.2426997423171997,0.23891280591487885,0.23983244597911835
2025-09-22 16:00:00+00:00,0.23981818556785583,0.2414146512746811,0.23601385951042175,0.23601385951042175
2025-09-22 20:00:00+00:00,0.2361064851284027,0.24160081148147583,0.2361064851284027,0.24131537973880768
2025-09-23 00:00:00+00:00,0.2413121908903122,0.2428557127714157,0.23478129506111145,0.24074997007846832
2025-09-23 04:00:00+00:00,0.24077056348323822,0.2432354837656021,0.23871800303459167,0.2419077605009079
2025-09-23 08:00:00+00:00,0.2417774796485901,0.2426086813211441,0.23956818878650665,0.24099820852279663
2025-09-23 12:00:00+00:00,0.2409958839416504,0.2419179230928421,0.23847633600234985,0.24061580002307892
2025-09-23 16:00:00+00:00,0.24062614142894745,0.24311459064483643,0.23728056252002716,0.2377048134803772
2025-09-23 20:00:00+00:00,0.23796497285366058,0.2411862164735794,0.23707714676856995,0.23738637566566467
2025-09-24 00:00:00+00:00,0.23736873269081116,0.24046479165554047,0.23453281819820404,0.23453281819820404
2025-09-24 04:00:00+00:00,0.23454409837722778,0.23939406871795654,0.23215824365615845,0.23927287757396698
2025-09-24 08:00:00+00:00,0.23947274684906006,0.2434602975845337,0.2391711175441742,0.2430664598941803
2025-09-24 12:00:00+00:00,0.2430734932422638,0.25014904141426086,0.2428092360496521,0.24603566527366638
2025-09-24 16:00:00+00:00,0.2456687092781067,0.24643506109714508,0.2428620308637619,0.24381813406944275
2025-09-24 20:00:00+00:00,0.24374128878116608,0.24381320178508759,0.24071741104125977,0.24124450981616974
2025-09-25 00:00:00+00:00,0.24123939871788025,0.24191735684871674,0.23482085764408112,0.23561327159404755
2025-09-25 04:00:00+00:00,0.23611830174922943,0.23636670410633087,0.23249007761478424,0.23354880511760712
2025-09-25 08:00:00+00:00,0.23358070850372314,0.2346975952386856,0.2308291345834732,0.23112601041793823
2025-09-25 12:00:00+00:00,0.2311580777168274,0.2342422902584076,0.2284536361694336,0.2307112067937851
2025-09-25 16:00:00+00:00,0.23073603212833405,0.2315850853919983,0.22157025337219238,0.22638040781021118
2025-09-25 20:00:00+00:00,0.22644765675067902,0.22653351724147797,0.2218719869852066,0.22271393239498138
2025-09-26 00:00:00+00:00,0.22276908159255981,0.22757793962955475,0.22276908159255981,0.22724805772304535
2025-09-26 04:00:00+00:00,0.2273007184267044,0.22785219550132751,0.22544169425964355,0.2262810915708542
2025-09-26 08:00:00+00:00,0.22634132206439972,0.22786319255828857,0.22208426892757416,0.22492562234401703
2025-09-26 12:00:00+00:00,0.224927619099617,0.22781305015087128,0.22235137224197388,0.2273593693971634
2025-09-26 16:00:00+00:00,0.22738415002822876,0.23328064382076263,0.2273256629705429,0.2311088740825653
2025-09-26 20:00:00+00:00,0.23109018802642822,0.2326524406671524,0.23037126660346985,0.23262909054756165
2025-09-27 00:00:00+00:00,0.23262646794319153,0.2341766655445099,0.23173397779464722,0.233769491314888
2025-09-27 04:00:00+00:00,0.2337653934955597,0.23394833505153656,0.2309136986732483,0.2310791313648224
2025-09-27 08:00:00+00:00,0.2311263084411621,0.2311263084411621,0.22883376479148865,0.23016537725925446
2025-09-27 12:00:00+00:00,0.23016096651554108,0.23082983493804932,0.2282683402299881,0.230185404419899
2025-09-27 16:00:00+00:00,0.23017072677612305,0.2304532825946808,0.22832578420639038,0.22994756698608398
2025-09-27 20:00:00+00:00,0.2299460619688034,0.2325180172920227,0.22962523996829987,0.23083820939064026
2025-09-28 00:00:00+00:00,0.23084236681461334,0.2308993637561798,0.22800032794475555,0.22872836887836456
2025-09-28 04:00:00+00:00,0.22865714132785797,0.22928351163864136,0.2277439385652542,0.22928351163864136
2025-09-28 08:00:00+00:00,0.22929158806800842,0.22929158806800842,0.22591760754585266,0.2264482080936432
2025-09-28 12:00:00+00:00,0.22644056379795074,0.22974635660648346,0.22542372345924377,0.22974635660648346
2025-09-28 16:00:00+00:00,0.2297545224428177,0.23184086382389069,0.2295868694782257,0.2317827194929123
2025-09-28 20:00:00+00:00,0.23194922506809235,0.2374677211046219,0.23188619315624237,0.2373887300491333
2025-09-29 00:00:00+00:00,0.23738732933998108,0.23738813400268555,0.23433303833007812,0.2358454316854477
2025-09-29 04:00:00+00:00,0.23586075007915497,0.23586075007915497,0.23150300979614258,0.23264357447624207
2025-09-29 08:00:00+00:00,0.2326178252696991,0.23345963656902313,0.22973164916038513,0.23093320429325104
2025-09-29 12:00:00+00:00,0.23091097176074982,0.23747988045215607,0.22918693721294403,0.23387815058231354
2025-09-29 16:00:00+00:00,0.23388805985450745,0.2347652167081833,0.23136912286281586,0.23472271859645844
2025-09-29 20:00:00+00:00,0.2346910536289215,0.23866486549377441,0.2346910536289215,0.23506750166416168
2025-09-30 00:00:00+00:00,0.2350016087293625,0.23563778400421143,0.23247092962265015,0.23287615180015564
2025-09-30 04:00:00+00:00,0.2328898310661316,0.2339891940355301,0.23151487112045288,0.232013538479805
2025-09-30 08:00:00+00:00,0.2320212572813034,0.23235554993152618,0.2290838062763214,0.2303861528635025
2025-09-30 12:00:00+00:00,0.23032650351524353,0.23099325597286224,0.2268049120903015,0.22791703045368195
2025-09-30 16:00:00+00:00,0.22799935936927795,0.23260360956192017,0.22768329083919525,0.232469379901886
2025-09-30 20:00:00+00:00,0.2324831336736679,0.23397450149059296,0.23123587667942047,0.23290522396564484
2025-10-01 00:00:00+00:00,0.23290421068668365,0.2341092973947525,0.23094533383846283,0.2309643179178238
2025-10-01 04:00:00+00:00,0.23087117075920105,0.23388229310512543,0.23087117075920105,0.23364944756031036
2025-10-01 08:00:00+00:00,0.23363786935806274,0.24426408112049103,0.23353888094425201,0.2426164448261261
2025-10-01 12:00:00+00:00,0.2426074594259262,0.24573473632335663,0.2422427237033844,0.24485941231250763
2025-10-01 16:00:00+00:00,0.24496696889400482,0.24729424715042114,0.2436733990907669,0.24710065126419067
2025-10-01 20:00:00+00:00,0.2468862384557724,0.24837172031402588,0.2452877014875412,0.24837172031402588
2025-10-02 00:00:00+00:00,0.24846193194389343,0.25537699460983276,0.24706828594207764,0.25442957878112793
2025-10-02 04:00:00+00:00,0.25440821051597595,0.2575271427631378,0.25267282128334045,0.25584107637405396
2025-10-02 08:00:00+00:00,0.25586599111557007,0.25914686918258667,0.25586599111557007,0.2565538287162781
2025-10-02 12:00:00+00:00,0.2560479938983917,0.2568839490413666,0.2511664628982544,0.2550017833709717
2025-10-02 16:00:00+00:00,0.25510773062705994,0.26048997044563293,0.25493335723876953,0.25975918769836426
2025-10-02 20:00:00+00:00,0.25975191593170166,0.2634146213531494,0.2588177025318146,0.26193955540657043
2025-10-03 00:00:00+00:00,0.26200389862060547,0.26200389862060547,0.2571110427379608,0.25963351130485535
2025-10-03 04:00:00+00:00,0.2593746483325958,0.2611136734485626,0.2547270655632019,0.2555397152900696
2025-10-03 08:00:00+00:00,0.2555464208126068,0.25722357630729675,0.2541504204273224,0.2561318874359131
2025-10-03 12:00:00+00:00,0.2561294138431549,0.26077738404273987,0.25359246134757996,0.26073363423347473
2025-10-03 16:00:00+00:00,0.2610735297203064,0.2646876871585846,0.2560887634754181,0.25947099924087524
2025-10-03 20:00:00+00:00,0.2594778835773468,0.2603423297405243,0.2583693563938141,0.2586035430431366
2025-10-04 00:00:00+00:00,0.25839000940322876,0.25940507650375366,0.25228574872016907,0.2532745897769928
2025-10-04 04:00:00+00:00,0.2532808184623718,0.25561410188674927,0.2526504695415497,0.25393515825271606
2025-10-04 08:00:00+00:00,0.25406578183174133,0.25411877036094666,0.24900949001312256,0.24960152804851532
2025-10-04 12:00:00+00:00,0.24959810078144073,0.2522987723350525,0.24783046543598175,0.24800051748752594
2025-10-04 16:00:00+00:00,0.24798229336738586,0.24956761300563812,0.24736085534095764,0.2492547631263733
2025-10-04 20:00:00+00:00,0.24925951659679413,0.2510918378829956,0.24925951659679413,0.2509126663208008
2025-10-05 00:00:00+00:00,0.25091174244880676,0.2593643069267273,0.2498406022787094,0.2585088908672333
2025-10-05 04:00:00+00:00,0.25855401158332825,0.2637082040309906,0.25752755999565125,0.2637082040309906
2025-10-05 08:00:00+00:00,0.26399606466293335,0.26465898752212524,0.2577739953994751,0.25905555486679077
2025-10-05 12:00:00+00:00,0.2588319182395935,0.2588319182395935,0.2551995813846588,0.2565111815929413
2025-10-05 16:00:00+00:00,0.25645604729652405,0.25738295912742615,0.25168177485466003,0.25168177485466003
2025-10-05 20:00:00+00:00,0.25144317746162415,0.2535659670829773,0.2513417899608612,0.252954363822937
2025-10-06 00:00:00+00:00,0.25290125608444214,0.2547246813774109,0.2513463497161865,0.25393813848495483
2025-10-06 04:00:00+00:00,0.25393375754356384,0.257916122674942,0.2524297833442688,0.2548762857913971
2025-10-06 08:00:00+00:00,0.25487473607063293,0.2612124979496002,0.25487473607063293,0.2599713206291199
2025-10-06 12:00:00+00:00,0.25998616218566895,0.2678389847278595,0.25998616218566895,0.26705268025398254
2025-10-06 16:00:00+00:00,0.26717329025268555,0.27002793550491333,0.264004111289978,0.26833102107048035
2025-10-06 20:00:00+00:00,0.2684742212295532,0.2692003548145294,0.2662520706653595,0.2663120925426483
2025-10-07 00:00:00+00:00,0.2662239968776703,0.26786288619041443,0.264543741941452,0.2670056223869324
2025-10-07 04:00:00+00:00,0.26677224040031433,0.26768040657043457,0.25979769229888916,0.26042497158050537
2025-10-07 08:00:00+00:00,0.2604331076145172,0.26183977723121643,0.25787195563316345,0.26183977723121643
2025-10-07 12:00:00+00:00,0.26178503036499023,0.2651940584182739,0.2508450150489807,0.2515798509120941
2025-10-07 16:00:00+00:00,0.2514681816101074,0.25361114740371704,0.24886830151081085,0.24974855780601501
2025-10-07 20:00:00+00:00,0.24970266222953796,0.2521046996116638,0.2472987025976181,0.24731643497943878
2025-10-08 00:00:00+00:00,0.24705177545547485,0.2505504786968231,0.2447609156370163,0.24509134888648987
2025-10-08 04:00:00+00:00,0.2450677454471588,0.24696053564548492,0.244236022233963,0.2467377781867981
2025-10-08 08:00:00+00:00,0.24673429131507874,0.250484824180603,0.24673429131507874,0.24930839240550995
2025-10-08 12:00:00+00:00,0.24938088655471802,0.2557040750980377,0.2492787092924118,0.2532263398170471
2025-10-08 16:00:00+00:00,0.2532382905483246,0.2609207034111023,0.25311705470085144,0.2593499720096588
2025-10-08 20:00:00+00:00,0.25934112071990967,0.259753555059433,0.25543954968452454,0.2555619776248932
2025-10-09 00:00:00+00:00,0.2557036578655243,0.2557036578655243,0.2470799833536148,0.24912132322788239
2025-10-09 04:00:00+00:00,0.24911870062351227,0.2508852183818817,0.24686625599861145,0.2476048767566681
2025-10-09 08:00:00+00:00,0.24737192690372467,0.24787822365760803,0.24336306750774384,0.24787433445453644
2025-10-09 12:00:00+00:00,0.24771708250045776,0.2500905990600586,0.24315518140792847,0.24475052952766418
2025-10-09 16:00:00+00:00,0.2447664737701416,0.24712225794792175,0.24226780235767365,0.24639317393302917
2025-10-09 20:00:00+00:00,0.24661092460155487,0.25026580691337585,0.24625521898269653,0.24856263399124146
2025-10-10 00:00:00+00:00,0.24861975014209747,0.25312432646751404,0.24780984222888947,0.25162896513938904
2025-10-10 04:00:00+00:00,0.25157785415649414,0.2526188790798187,0.24744510650634766,0.2477874606847763
2025-10-10 08:00:00+00:00,0.2477736622095108,0.2510097324848175,0.24755042791366577,0.250866174697876
2025-10-10 12:00:00+00:00,0.2508637607097626,0.25360748171806335,0.23782238364219666,0.23804007470607758
2025-10-10 16:00:00+00:00,0.23797009885311127,0.23936235904693604,0.23143655061721802,0.2322213351726532
2025-10-10 20:00:00+00:00,0.232231006026268,0.234365314245224,0.11888037621974945,0.19315482676029205
2025-10-11 00:00:00+00:00,0.19327200949192047,0.20008018612861633,0.1880994737148285,0.19369640946388245
2025-10-11 04:00:00+00:00,0.19346822798252106,0.19681113958358765,0.19099152088165283,0.1914861798286438
2025-10-11 08:00:00+00:00,0.1914612352848053,0.19732242822647095,0.19121117889881134,0.1939985603094101
2025-10-11 12:00:00+00:00,0.19419234991073608,0.1942562609910965,0.18891091644763947,0.1923033893108368
2025-10-11 16:00:00+00:00,0.19231943786144257,0.19393043220043182,0.1848657727241516,0.1848657727241516
2025-10-11 20:00:00+00:00,0.18484939634799957,0.18602216243743896,0.1791611909866333,0.1854405552148819
2025-10-12 00:00:00+00:00,0.18543720245361328,0.18615809082984924,0.1817675530910492,0.18544171750545502
2025-10-12 04:00:00+00:00,0.1854379028081894,0.19094671308994293,0.18541355431079865,0.19000601768493652
2025-10-12 08:00:00+00:00,0.19001902639865875,0.19063976407051086,0.18766124546527863,0.1888497769832611
2025-10-12 12:00:00+00:00,0.1888461709022522,0.20585498213768005,0.18689872324466705,0.20566117763519287
2025-10-12 16:00:00+00:00,0.20566600561141968,0.21025605499744415,0.20566600561141968,0.21025605499744415
2025-10-12 20:00:00+00:00,0.21025826036930084,0.2138967216014862,0.2061399668455124,0.20779550075531006
2025-10-13 00:00:00+00:00,0.20768244564533234,0.2095108926296234,0.20545071363449097,0.2072649449110031
2025-10-13 04:00:00+00:00,0.2072950303554535,0.21266776323318481,0.20704373717308044,0.21001538634300232
2025-10-13 08:00:00+00:00,0.21002064645290375,0.21267470717430115,0.2047719806432724,0.2062203586101532
2025-10-13 12:00:00+00:00,0.20606629550457,0.21221840381622314,0.20541833341121674,0.21027325093746185
2025-10-13 16:00:00+00:00,0.21036051213741302,0.2171275019645691,0.20973892509937286,0.21601206064224243
2025-10-13 20:00:00+00:00,0.21603339910507202,0.21818658709526062,0.2139335721731186,0.21399089694023132
2025-10-14 00:00:00+00:00,0.21397359669208527,0.21554440259933472,0.2071952074766159,0.2080773264169693
2025-10-14 04:00:00+00:00,0.20807857811450958,0.20824995636940002,0.19746027886867523,0.19772638380527496
2025-10-14 08:00:00+00:00,0.1977359652519226,0.20111700892448425,0.19513915479183197,0.19920966029167175
2025-10-14 12:00:00+00:00,0.19921182096004486,0.20340999960899353,0.19562821090221405,0.20324009656906128
2025-10-14 16:00:00+00:00,0.20345115661621094,0.20544977486133575,0.2013733834028244,0.20305751264095306
2025-10-14 20:00:00+00:00,0.20306186378002167,0.20507925748825073,0.20256395637989044,0.20453156530857086
2025-10-15 00:00:00+00:00,0.20453506708145142,0.20652465522289276,0.2021884322166443,0.2028176635503769
2025-10-15 04:00:00+00:00,0.20282040536403656,0.20494842529296875,0.2021491974592209,0.20471949875354767
2025-10-15 08:00:00+00:00,0.20473873615264893,0.20794455707073212,0.20182713866233826,0.2023765742778778
2025-10-15 12:00:00+00:00,0.20236997306346893,0.20298786461353302,0.1980418860912323,0.19874824583530426
2025-10-15 16:00:00+00:00,0.19875453412532806,0.2000550478696823,0.1967536062002182,0.19714103639125824
2025-10-15 20:00:00+00:00,0.19715122878551483,0.1987442970275879,0.1951034516096115,0.1963275820016861
2025-10-16 00:00:00+00:00,0.19631630182266235,0.1986423134803772,0.19580893218517303,0.1968567818403244
2025-10-16 04:00:00+00:00,0.19687722623348236,0.19907979667186737,0.19587750732898712,0.19751332700252533
2025-10-16 08:00:00+00:00,0.19753867387771606,0.20023930072784424,0.19192592799663544,0.20023930072784424
2025-10-16 12:00:00+00:00,0.2003888338804245,0.20123539865016937,0.18920905888080597,0.18920905888080597
2025-10-16 16:00:00+00:00,0.18934230506420135,0.19428619742393494,0.18699674308300018,0.18802903592586517
2025-10-16 20:00:00+00:00,0.18805566430091858,0.18873701989650726,0.18529966473579407,0.1883663833141327
2025-10-17 00:00:00+00:00,0.1883704960346222,0.19078926742076874,0.18827581405639648,0.19045262038707733
2025-10-17 04:00:00+00:00,0.19044743478298187,0.19044743478298187,0.17936578392982483,0.1794818788766861
2025-10-17 08:00:00+00:00,0.1793207824230194,0.18325690925121307,0.17639189958572388,0.18258535861968994
2025-10-17 12:00:00+00:00,0.18259593844413757,0.18436090648174286,0.18018390238285065,0.18436090648174286
2025-10-17 16:00:00+00:00,0.1851462423801422,0.18651039898395538,0.18360237777233124,0.18432900309562683
2025-10-17 20:00:00+00:00,0.1843520700931549,0.18771237134933472,0.18414786458015442,0.18485036492347717
2025-10-18 00:00:00+00:00,0.18483197689056396,0.18831203877925873,0.18453633785247803,0.18697166442871094
2025-10-18 04:00:00+00:00,0.18697801232337952,0.18960608541965485,0.18530480563640594,0.18815381824970245
2025-10-18 08:00:00+00:00,0.18816816806793213,0.18827734887599945,0.18701617419719696,0.18776032328605652
2025-10-18 12:00:00+00:00,0.1878383457660675,0.18882478773593903,0.18632453680038452,0.18773095309734344
2025-10-18 16:00:00+00:00,0.1876380443572998,0.19022026658058167,0.18633584678173065,0.18929260969161987
2025-10-18 20:00:00+00:00,0.189321368932724,0.1899506151676178,0.18857014179229736,0.18959884345531464
2025-10-19 00:00:00+00:00,0.18964210152626038,0.1905870884656906,0.18805983662605286,0.1905304193496704
2025-10-19 04:00:00+00:00,0.19053319096565247,0.19095127284526825,0.1883556842803955,0.18882079422473907
2025-10-19 08:00:00+00:00,0.18882036209106445,0.19561438262462616,0.18633604049682617,0.1933744251728058
2025-10-19 12:00:00+00:00,0.1933557689189911,0.1979711949825287,0.1929982453584671,0.19643060863018036
2025-10-19 16:00:00+00:00,0.19644905626773834,0.1984962821006775,0.19575567543506622,0.19690462946891785
2025-10-19 20:00:00+00:00,0.1969052255153656,0.19757391512393951,0.1949763149023056,0.19532357156276703
2025-10-20 00:00:00+00:00,0.1953362375497818,0.19933155179023743,0.19205428659915924,0.19910117983818054
2025-10-20 04:00:00+00:00,0.19917559623718262,0.20242463052272797,0.19917559623718262,0.20111340284347534
2025-10-20 08:00:00+00:00,0.20110104978084564,0.20223206281661987,0.19982638955116272,0.20022930204868317
2025-10-20 12:00:00+00:00,0.20024922490119934,0.20172223448753357,0.19983920454978943,0.20003853738307953
2025-10-20 16:00:00+00:00,0.20002605020999908,0.20006375014781952,0.196963369846344,0.19990059733390808
2025-10-20 20:00:00+00:00,0.19988307356834412,0.20055708289146423,0.19865445792675018,0.20011353492736816
2025-10-21 00:00:00+00:00,0.20015551149845123,0.20071272552013397,0.19641830027103424,0.19677254557609558
2025-10-21 04:00:00+00:00,0.1967567801475525,0.1967567801475525,0.19308879971504211,0.1944255381822586
2025-10-21 08:00:00+00:00,0.19441649317741394,0.19505822658538818,0.19233304262161255,0.19462993741035461
2025-10-21 12:00:00+00:00,0.19462595880031586,0.20542430877685547,0.19441775977611542,0.20428360998630524
2025-10-21 16:00:00+00:00,0.2043241709470749,0.20496167242527008,0.20010575652122498,0.20181407034397125
2025-10-21 20:00:00+00:00,0.20181682705879211,0.20181682705879211,0.19392845034599304,0.19438622891902924
2025-10-22 00:00:00+00:00,0.19432762265205383,0.19530685245990753,0.19288483262062073,0.19384829699993134
2025-10-22 04:00:00+00:00,0.19384294748306274,0.19529332220554352,0.19071385264396667,0.19193801283836365
2025-10-22 08:00:00+00:00,0.19193536043167114,0.19193536043167114,0.18891258537769318,0.19103139638900757
2025-10-22 12:00:00+00:00,0.1910199373960495,0.1924159824848175,0.18901817500591278,0.19216091930866241
2025-10-22 16:00:00+00:00,0.19215884804725647,0.1928386092185974,0.1898382157087326,0.1901858150959015
2025-10-22 20:00:00+00:00,0.1905784010887146,0.1908227950334549,0.18669813871383667,0.19000202417373657
2025-10-23 00:00:00+00:00,0.18997615575790405,0.19172723591327667,0.18986384570598602,0.19116683304309845
2025-10-23 04:00:00+00:00,0.19115622341632843,0.1947801113128662,0.19096438586711884,0.19406580924987793
2025-10-23 08:00:00+00:00,0.19407102465629578,0.19585104286670685,0.1933983564376831,0.19347891211509705
2025-10-23 12:00:00+00:00,0.19347108900547028,0.19592103362083435,0.1922435462474823,0.1958238184452057
2025-10-23 16:00:00+00:00,0.19580793380737305,0.1971985548734665,0.1951945573091507,0.19583091139793396
2025-10-23 20:00:00+00:00,0.19591672718524933,0.19591672718524933,0.1937703788280487,0.19485752284526825
2025-10-24 00:00:00+00:00,0.1949818730354309,0.19572804868221283,0.19457504153251648,0.1953100711107254
2025-10-24 04:00:00+00:00,0.19532360136508942,0.19842351973056793,0.19519345462322235,0.1965894103050232
2025-10-24 08:00:00+00:00,0.196696937084198,0.19770076870918274,0.1961682289838791,0.19730830192565918
2025-10-24 12:00:00+00:00,0.19742311537265778,0.1994064748287201,0.19461359083652496,0.19494862854480743
2025-10-24 16:00:00+00:00,0.19496190547943115,0.19696427881717682,0.19441036880016327,0.19680167734622955
2025-10-24 20:00:00+00:00,0.19679470360279083,0.19834843277931213,0.19679470360279083,0.1976976841688156
2025-10-25 00:00:00+00:00,0.19770261645317078,0.19967962801456451,0.1976403146982193,0.19793526828289032
2025-10-25 04:00:00+00:00,0.19792839884757996,0.19922791421413422,0.19787654280662537,0.19797064363956451
2025-10-25 08:00:00+00:00,0.19796940684318542,0.19875627756118774,0.1969975233078003,0.19762006402015686
2025-10-25 12:00:00+00:00,0.19756463170051575,0.19827666878700256,0.1963195949792862,0.1963195949792862
2025-10-25 16:00:00+00:00,0.19632863998413086,0.19798216223716736,0.1962568163871765,0.1973467469215393
2025-10-25 20:00:00+00:00,0.19737598299980164,0.19756469130516052,0.19645632803440094,0.19659000635147095
2025-10-26 00:00:00+00:00,0.1965942084789276,0.19696234166622162,0.19482648372650146,0.1949375420808792
2025-10-26 04:00:00+00:00,0.1949385702610016,0.19662688672542572,0.1949385702610016,0.19662423431873322
2025-10-26 08:00:00+00:00,0.19662535190582275,0.20203515887260437,0.19660063087940216,0.20183393359184265
2025-10-26 12:00:00+00:00,0.2019314169883728,0.20340266823768616,0.2017035037279129,0.20319676399230957
2025-10-26 16:00:00+00:00,0.2031184732913971,0.2031184732913971,0.20167873799800873,0.20177070796489716
2025-10-26 20:00:00+00:00,0.20183072984218597,0.20638130605220795,0.2008116990327835,0.2056676298379898
2025-10-27 00:00:00+00:00,0.20567496120929718,0.20929889380931854,0.20567496120929718,0.20668762922286987
2025-10-27 04:00:00+00:00,0.20679645240306854,0.20867730677127838,0.20589958131313324,0.20609767735004425
2025-10-27 08:00:00+00:00,0.20610615611076355,0.2063787877559662,0.2021200954914093,0.2032591998577118
2025-10-27 12:00:00+00:00,0.20327390730381012,0.2034491002559662,0.20122218132019043,0.20296508073806763
2025-10-27 16:00:00+00:00,0.20295418798923492,0.20547176897525787,0.20295418798923492,0.20320245623588562
2025-10-27 20:00:00+00:00,0.20317959785461426,0.20317959785461426,0.19981858134269714,0.20038166642189026
2025-10-28 00:00:00+00:00,0.20035751163959503,0.20129992067813873,0.1992763876914978,0.20018818974494934
2025-10-28 12:00:00+00:00,0.20121340453624725,0.20121340453624725,0.1982729136943817,0.19959351420402527
2025-10-28 16:00:00+00:00,0.1995859295129776,0.20238012075424194,0.19661809504032135,0.19676509499549866
2025-10-28 20:00:00+00:00,0.196804940700531,0.196804940700531,0.1912846714258194,0.19375543296337128
2025-10-29 00:00:00+00:00,0.19363665580749512,0.19462254643440247,0.192834734916687,0.19312278926372528
2025-10-29 04:00:00+00:00,0.1931239366531372,0.19458897411823273,0.19306215643882751,0.19437316060066223
2025-10-29 08:00:00+00:00,0.19436326622962952,0.19552522897720337,0.1930082142353058,0.1955183893442154
2025-10-29 12:00:00+00:00,0.19550162553787231,0.19726181030273438,0.1908622831106186,0.19102561473846436
2025-10-29 16:00:00+00:00,0.19102463126182556,0.19598683714866638,0.18925191462039948,0.19445446133613586
2025-10-29 20:00:00+00:00,0.19445446133613586,0.1966305524110794,0.19192031025886536,0.19238314032554626
2025-10-30 00:00:00+00:00,0.19238877296447754,0.19447356462478638,0.19151297211647034,0.1934005469083786
2025-10-30 04:00:00+00:00,0.19362497329711914,0.19362497329711914,0.1865508109331131,0.19268947839736938
2025-10-30 08:00:00+00:00,0.19265030324459076,0.19265030324459076,0.18818886578083038,0.18818886578083038
2025-10-30 12:00:00+00:00,0.1881146878004074,0.18812978267669678,0.18048758804798126,0.18070673942565918
2025-10-30 16:00:00+00:00,0.18071965873241425,0.18176110088825226,0.17679809033870697,0.1775101274251938
2025-10-30 20:00:00+00:00,0.1775001734495163,0.18271346390247345,0.17702840268611908,0.18271346390247345
2025-10-31 00:00:00+00:00,0.18270447850227356,0.18563805520534515,0.18251048028469086,0.18432705104351044
2025-10-31 04:00:00+00:00,0.18431401252746582,0.18592016398906708,0.18431401252746582,0.1844089925289154
2025-10-31 08:00:00+00:00,0.18439865112304688,0.18674728274345398,0.18402433395385742,0.18673814833164215
2025-10-31 12:00:00+00:00,0.18676194548606873,0.18691520392894745,0.18502885103225708,0.18579064309597015
2025-10-31 16:00:00+00:00,0.18578757345676422,0.18771755695343018,0.18337541818618774,0.18735215067863464
2025-10-31 20:00:00+00:00,0.1873556226491928,0.18739448487758636,0.18562817573547363,0.1864321380853653
2025-11-01 00:00:00+00:00,0.1864316463470459,0.1869714856147766,0.1853175312280655,0.18684619665145874
2025-11-01 04:00:00+00:00,0.18685194849967957,0.18705543875694275,0.18560609221458435,0.18704579770565033
2025-11-01 08:00:00+00:00,0.18702960014343262,0.18765480816364288,0.18679562211036682,0.18683992326259613
2025-11-01 12:00:00+00:00,0.18685193359851837,0.18745145201683044,0.18572084605693817,0.18711648881435394
2025-11-01 16:00:00+00:00,0.18716196715831757,0.18770545721054077,0.18685226142406464,0.18743896484375
2025-11-01 20:00:00+00:00,0.18743501603603363,0.1883833408355713,0.18637891113758087,0.18728475272655487
2025-11-02 00:00:00+00:00,0.18725700676441193,0.1872769445180893,0.1860327571630478,0.18617656826972961
2025-11-02 04:00:00+00:00,0.1861780881881714,0.18862542510032654,0.18606218695640564,0.18840563297271729
2025-11-02 08:00:00+00:00,0.1883927434682846,0.1883927434682846,0.18509230017662048,0.1868990808725357
2025-11-02 12:00:00+00:00,0.18681049346923828,0.18681049346923828,0.18351192772388458,0.18367749452590942
2025-11-02 16:00:00+00:00,0.1836506575345993,0.18417541682720184,0.18248450756072998,0.18316422402858734
2025-11-02 20:00:00+00:00,0.1831832379102707,0.18657225370407104,0.18296325206756592,0.18657225370407104
2025-11-03 00:00:00+00:00,0.18643184006214142,0.18643184006214142,0.17509818077087402,0.17509818077087402
2025-11-03 04:00:00+00:00,0.17509664595127106,0.1765289008617401,0.1722109168767929,0.17384706437587738
2025-11-03 08:00:00+00:00,0.17378485202789307,0.17500144243240356,0.172437846660614,0.1743789166212082
2025-11-03 12:00:00+00:00,0.1743651181459427,0.17536517977714539,0.16383157670497894,0.1678035706281662
2025-11-03 16:00:00+00:00,0.16773860156536102,0.1714438796043396,0.1662847101688385,0.16857098042964935
2025-11-03 20:00:00+00:00,0.16856107115745544,0.16856107115745544,0.16474689543247223,0.16724173724651337
2025-11-04 00:00:00+00:00,0.1672491878271103,0.17053790390491486,0.1658853143453598,0.17040608823299408
2025-11-04 04:00:00+00:00,0.17039145529270172,0.17087173461914062,0.16120727360248566,0.16208279132843018
2025-11-04 08:00:00+00:00,0.16208039224147797,0.16664248704910278,0.16131529211997986,0.1657387912273407
2025-11-04 12:00:00+00:00,0.16585341095924377,0.16757844388484955,0.16148817539215088,0.16379553079605103
2025-11-04 16:00:00+00:00,0.1637992560863495,0.16480384767055511,0.15544305741786957,0.15797632932662964
2025-11-04 20:00:00+00:00,0.15797847509384155,0.1637001782655716,0.15260499715805054,0.162695050239563
2025-11-05 00:00:00+00:00,0.16265267133712769,0.16458891332149506,0.15534599125385284,0.1645025908946991
2025-11-05 04:00:00+00:00,0.164484441280365,0.1658194661140442,0.16382303833961487,0.16512230038642883
2025-11-05 08:00:00+00:00,0.16480842232704163,0.16480842232704163,0.16149502992630005,0.16385534405708313
2025-11-05 12:00:00+00:00,0.1638677567243576,0.16709579527378082,0.1631593555212021,0.1670823097229004
2025-11-05 16:00:00+00:00,0.1671048253774643,0.16840508580207825,0.16603194177150726,0.16737914085388184
2025-11-05 20:00:00+00:00,0.16734632849693298,0.16803878545761108,0.16633285582065582,0.16737888753414154
2025-11-06 00:00:00+00:00,0.16736328601837158,0.16736328601837158,0.16454780101776123,0.16715723276138306
2025-11-06 04:00:00+00:00,0.1671285182237625,0.16715389490127563,0.1630350947380066,0.16335143148899078
2025-11-06 08:00:00+00:00,0.16333453357219696,0.16386765241622925,0.162448912858963,0.162959024310112
2025-11-06 12:00:00+00:00,0.1629597544670105,0.16343756020069122,0.15894456207752228,0.1590186357498169
2025-11-06 16:00:00+00:00,0.15911656618118286,0.16160260140895844,0.1577383428812027,0.16039645671844482
2025-11-06 20:00:00+00:00,0.1603807657957077,0.16270585358142853,0.15975341200828552,0.16140805184841156
2025-11-07 00:00:00+00:00,0.1614982634782791,0.1649227738380432,0.16143465042114258,0.16417816281318665
2025-11-07 04:00:00+00:00,0.16434158384799957,0.1670021414756775,0.16390608251094818,0.16694612801074982
2025-11-07 08:00:00+00:00,0.1669473648071289,0.16709832847118378,0.16253499686717987,0.1638161838054657
2025-11-07 12:00:00+00:00,0.16382165253162384,0.16956795752048492,0.16056805849075317,0.16953104734420776
2025-11-07 16:00:00+00:00,0.16948533058166504,0.18131299316883087,0.1687508374452591,0.1804990917444229
2025-11-07 20:00:00+00:00,0.18050862848758698,0.1813708245754242,0.1785171777009964,0.17866720259189606
2025-11-08 00:00:00+00:00,0.1786704659461975,0.18295852839946747,0.17775219678878784,0.18024581670761108
2025-11-08 04:00:00+00:00,0.18003693222999573,0.18190312385559082,0.1778411567211151,0.18016627430915833
2025-11-08 08:00:00+00:00,0.1801716536283493,0.1815759241580963,0.17868995666503906,0.17883355915546417
2025-11-08 12:00:00+00:00,0.1790018230676651,0.17934566736221313,0.1735716313123703,0.17383518815040588
2025-11-08 16:00:00+00:00,0.17386573553085327,0.17575600743293762,0.17332680523395538,0.17483992874622345
2025-11-08 20:00:00+00:00,0.17485329508781433,0.17641346156597137,0.17471478879451752,0.17618204653263092
2025-11-09 00:00:00+00:00,0.17616598308086395,0.17616598308086395,0.17167864739894867,0.17198485136032104
2025-11-09 04:00:00+00:00,0.1719803661108017,0.1751897782087326,0.1719803661108017,0.17506317794322968
2025-11-09 08:00:00+00:00,0.17505550384521484,0.1752874106168747,0.17266419529914856,0.17507214844226837
2025-11-09 12:00:00+00:00,0.17506912350654602,0.17914755642414093,0.17498783767223358,0.17800049483776093
2025-11-09 16:00:00+00:00,0.17802278697490692,0.17995817959308624,0.1768316924571991,0.17995817959308624
2025-11-09 20:00:00+00:00,0.17997905611991882,0.1807267665863037,0.178708016872406,0.17925922572612762
2025-11-10 00:00:00+00:00,0.17926105856895447,0.18352696299552917,0.17861799895763397,0.1815631091594696
2025-11-10 04:00:00+00:00,0.18155619502067566,0.18182869255542755,0.18043473362922668,0.18131187558174133
2025-11-10 08:00:00+00:00,0.1813243180513382,0.1850152313709259,0.18016736209392548,0.1830986738204956
2025-11-10 12:00:00+00:00,0.1830998957157135,0.18333737552165985,0.17846643924713135,0.17882847785949707
2025-11-10 16:00:00+00:00,0.17890174686908722,0.18080371618270874,0.17767712473869324,0.18028229475021362
2025-11-10 20:00:00+00:00,0.18024447560310364,0.18365325033664703,0.17849916219711304,0.18181295692920685
2025-11-11 00:00:00+00:00,0.18180781602859497,0.18526756763458252,0.17975559830665588,0.1830483376979828
2025-11-11 04:00:00+00:00,0.1830315738916397,0.1831265240907669,0.1765008270740509,0.17653915286064148
2025-11-11 08:00:00+00:00,0.1765269786119461,0.1785765141248703,0.17647987604141235,0.1773838996887207
2025-11-11 12:00:00+00:00,0.1774921417236328,0.17851336300373077,0.17582708597183228,0.17617639899253845
2025-11-11 16:00:00+00:00,0.17617972195148468,0.17670443654060364,0.17402280867099762,0.17459352314472198
2025-11-11 20:00:00+00:00,0.1745593398809433,0.1745593398809433,0.17187738418579102,0.17201995849609375
2025-11-12 00:00:00+00:00,0.17206595838069916,0.1728924661874771,0.17122520506381989,0.17171216011047363
2025-11-12 04:00:00+00:00,0.17170488834381104,0.17272542417049408,0.17121797800064087,0.171457439661026
2025-11-12 08:00:00+00:00,0.17146991193294525,0.17689472436904907,0.17146991193294525,0.17626690864562988
2025-11-12 12:00:00+00:00,0.17625118792057037,0.17825917899608612,0.17124852538108826,0.17124852538108826
2025-11-12 16:00:00+00:00,0.17128510773181915,0.1713586151599884,0.1674884706735611,0.1689368635416031
2025-11-12 20:00:00+00:00,0.16893309354782104,0.17109465599060059,0.16872605681419373,0.1700812429189682
2025-11-13 00:00:00+00:00,0.17008404433727264,0.17515142261981964,0.17008404433727264,0.1746247559785843
2025-11-13 04:00:00+00:00,0.17459703981876373,0.17677998542785645,0.17352771759033203,0.17565925419330597
2025-11-13 08:00:00+00:00,0.17571955919265747,0.17655909061431885,0.1745745837688446,0.17581689357757568
2025-11-13 12:00:00+00:00,0.1758142113685608,0.1764824241399765,0.17239941656589508,0.17239941656589508
2025-11-13 16:00:00+00:00,0.17248152196407318,0.17298449575901031,0.16094043850898743,0.16100750863552094
2025-11-13 20:00:00+00:00,0.1610407531261444,0.1651046872138977,0.16033221781253815,0.1642962396144867
2025-11-14 00:00:00+00:00,0.1642846316099167,0.16533266007900238,0.1629425585269928,0.1638883650302887
2025-11-14 04:00:00+00:00,0.16390299797058105,0.1657097339630127,0.16008710861206055,0.16507776081562042
2025-11-14 08:00:00+00:00,0.16508176922798157,0.16508176922798157,0.16107484698295593,0.16175946593284607
2025-11-14 12:00:00+00:00,0.1618000715970993,0.16435785591602325,0.15805216133594513,0.16301673650741577
2025-11-14 16:00:00+00:00,0.16300402581691742,0.1642896682024002,0.16137436032295227,0.16305142641067505
2025-11-14 20:00:00+00:00,0.1630736142396927,0.16316044330596924,0.1554223597049713,0.15746577084064484
2025-11-15 00:00:00+00:00,0.15750084817409515,0.1627437323331833,0.15746639668941498,0.1627437323331833
2025-11-15 04:00:00+00:00,0.162760928273201,0.1637837290763855,0.16230037808418274,0.16298112273216248
2025-11-15 08:00:00+00:00,0.16296908259391785,0.16297291219234467,0.16087520122528076,0.16157346963882446
2025-11-15 12:00:00+00:00,0.1615896373987198,0.16377843916416168,0.1615896373987198,0.16322149336338043
2025-11-15 16:00:00+00:00,0.16323214769363403,0.1642865240573883,0.16219204664230347,0.1635972261428833
2025-11-15 20:00:00+00:00,0.16361890733242035,0.16378018260002136,0.1621110439300537,0.16313707828521729
2025-11-16 00:00:00+00:00,0.16313551366329193,0.16411998867988586,0.1604570895433426,0.16361093521118164
2025-11-16 04:00:00+00:00,0.16362470388412476,0.1639503389596939,0.16278193891048431,0.16379322111606598
2025-11-16 08:00:00+00:00,0.16378986835479736,0.16531063616275787,0.16118882596492767,0.16136327385902405
2025-11-16 12:00:00+00:00,0.16135253012180328,0.16191940009593964,0.15883676707744598,0.15883676707744598
2025-11-16 16:00:00+00:00,0.15876340866088867,0.15917009115219116,0.15447764098644257,0.15580779314041138
2025-11-16 20:00:00+00:00,0.15580706298351288,0.15916334092617035,0.1552235633134842,0.15866056084632874
2025-11-17 00:00:00+00:00,0.15866008400917053,0.1612372249364853,0.15751782059669495,0.1612372249364853
2025-11-17 04:00:00+00:00,0.1612374186515808,0.1620994359254837,0.16083389520645142,0.1616695672273636
2025-11-17 08:00:00+00:00,0.16167065501213074,0.16259464621543884,0.1613527089357376,0.16196416318416595
2025-11-17 12:00:00+00:00,0.16196252405643463,0.16392523050308228,0.15809036791324615,0.1582513004541397
2025-11-17 16:00:00+00:00,0.15825782716274261,0.1603032499551773,0.1521179974079132,0.1523359715938568
2025-11-17 20:00:00+00:00,0.15228821337223053,0.15277127921581268,0.15093058347702026,0.15189208090305328
2025-11-18 00:00:00+00:00,0.15188033878803253,0.1542934626340866,0.15014392137527466,0.1541394591331482
2025-11-18 04:00:00+00:00,0.1544194519519806,0.15544739365577698,0.1530054360628128,0.15496841073036194
2025-11-18 08:00:00+00:00,0.15497086942195892,0.15747345983982086,0.15496474504470825,0.15691372752189636
2025-11-18 12:00:00+00:00,0.15690980851650238,0.15999756753444672,0.15613172948360443,0.1594734936952591
2025-11-18 16:00:00+00:00,0.15946274995803833,0.16237878799438477,0.15879032015800476,0.16191880404949188
2025-11-18 20:00:00+00:00,0.16214510798454285,0.1625330001115799,0.16072562336921692,0.16170437633991241
2025-11-19 00:00:00+00:00,0.16169430315494537,0.162089005112648,0.1597336083650589,0.15983882546424866
2025-11-19 04:00:00+00:00,0.1597832888364792,0.15978826582431793,0.15557986497879028,0.15879419445991516
2025-11-19 08:00:00+00:00,0.15880253911018372,0.159030020236969,0.1575103998184204,0.1582876741886139
2025-11-19 12:00:00+00:00,0.15819565951824188,0.15886937081813812,0.154321551322937,0.1543460637331009
2025-11-19 16:00:00+00:00,0.15435077250003815,0.1546749472618103,0.14732582867145538,0.14886143803596497
2025-11-19 20:00:00+00:00,0.14885586500167847,0.15478911995887756,0.14813074469566345,0.15432341396808624
2025-11-20 00:00:00+00:00,0.1543359011411667,0.15805445611476898,0.15378467738628387,0.15748530626296997
2025-11-20 04:00:00+00:00,0.1574925035238266,0.15849865972995758,0.15647061169147491,0.15800948441028595
2025-11-20 08:00:00+00:00,0.15800663828849792,0.15800663828849792,0.15656150877475739,0.15789692103862762
2025-11-20 12:00:00+00:00,0.1578836292028427,0.15908575057983398,0.1565662920475006,0.15787315368652344
2025-11-20 16:00:00+00:00,0.15782439708709717,0.15782439708709717,0.14650128781795502,0.14926108717918396
2025-11-20 20:00:00+00:00,0.14928065240383148,0.152682825922966,0.14846129715442657,0.14909330010414124
2025-11-21 00:00:00+00:00,0.14905473589897156,0.15062010288238525,0.14605757594108582,0.1471559852361679
2025-11-21 04:00:00+00:00,0.14712443947792053,0.14758534729480743,0.13910548388957977,0.14000563323497772
2025-11-21 08:00:00+00:00,0.14008402824401855,0.1418609321117401,0.13651734590530396,0.13654489815235138
2025-11-21 12:00:00+00:00,0.13654743134975433,0.1415632665157318,0.1344258040189743,0.13793468475341797
2025-11-21 16:00:00+00:00,0.1379377394914627,0.14312046766281128,0.1365780234336853,0.13960692286491394
2025-11-21 20:00:00+00:00,0.1396392434835434,0.14134308695793152,0.13630039989948273,0.1401822865009308
2025-11-22 00:00:00+00:00,0.1401825100183487,0.14119543135166168,0.13903014361858368,0.13929373025894165
2025-11-22 04:00:00+00:00,0.13925981521606445,0.13969677686691284,0.13591645658016205,0.13958080112934113
2025-11-22 08:00:00+00:00,0.1395772248506546,0.1395772248506546,0.1361587941646576,0.13841524720191956
2025-11-22 12:00:00+00:00,0.13839508593082428,0.13906803727149963,0.13593409955501556,0.13770821690559387
2025-11-22 16:00:00+00:00,0.137762650847435,0.1398629993200302,0.137762650847435,0.13962841033935547
2025-11-22 20:00:00+00:00,0.1396229863166809,0.14187578856945038,0.138947531580925,0.14030438661575317
2025-11-23 00:00:00+00:00,0.1402752846479416,0.14306889474391937,0.1397603154182434,0.14275741577148438
2025-11-23 04:00:00+00:00,0.1428222805261612,0.14402733743190765,0.1421547383069992,0.14267565310001373
2025-11-23 08:00:00+00:00,0.14269250631332397,0.1439363956451416,0.14269250631332397,0.14376002550125122
2025-11-23 12:00:00+00:00,0.14375095069408417,0.14739644527435303,0.1437421441078186,0.14739644527435303
2025-11-23 16:00:00+00:00,0.14734824001789093,0.14742256700992584,0.14498838782310486,0.1467740833759308
2025-11-23 20:00:00+00:00,0.14676016569137573,0.14739814400672913,0.14483094215393066,0.14483094215393066
2025-11-24 00:00:00+00:00,0.14482904970645905,0.14891314506530762,0.14379015564918518,0.14730778336524963
2025-11-24 04:00:00+00:00,0.14730778336524963,0.14856688678264618,0.14483490586280823,0.14636285603046417
2025-11-24 08:00:00+00:00,0.14633607864379883,0.14663106203079224,0.1441161036491394,0.14542560279369354
2025-11-24 12:00:00+00:00,0.1454138159751892,0.14712101221084595,0.1439158171415329,0.14674371480941772
2025-11-24 16:00:00+00:00,0.14672963321208954,0.1529778093099594,0.14672963321208954,0.15238648653030396
2025-11-24 20:00:00+00:00,0.15241208672523499,0.1535903364419937,0.15178783237934113,0.15178783237934113
2025-11-25 00:00:00+00:00,0.15178585052490234,0.15212108194828033,0.15040762722492218,0.15101921558380127
2025-11-25 04:00:00+00:00,0.15105707943439484,0.1518014520406723,0.1494458168745041,0.1494458168745041
2025-11-25 08:00:00+00:00,0.1494288593530655,0.14951549470424652,0.1476212739944458,0.14874838292598724
2025-11-25 12:00:00+00:00,0.14872978627681732,0.14973583817481995,0.14646591246128082,0.1477830410003662
2025-11-25 16:00:00+00:00,0.1477939337491989,0.152047261595726,0.1477939337491989,0.15081876516342163
2025-11-25 20:00:00+00:00,0.15107886493206024,0.15473492443561554,0.151067316532135,0.1529722362756729
2025-11-26 00:00:00+00:00,0.15306439995765686,0.15372590720653534,0.15051807463169098,0.15051807463169098
2025-11-26 04:00:00+00:00,0.15051573514938354,0.1521645039319992,0.15013624727725983,0.1521645039319992
2025-11-26 08:00:00+00:00,0.15225091576576233,0.15225091576576233,0.14981018006801605,0.14995287358760834
2025-11-26 12:00:00+00:00,0.1499524861574173,0.1513483226299286,0.14894546568393707,0.1504238396883011
2025-11-26 16:00:00+00:00,0.15047074854373932,0.15660056471824646,0.15047074854373932,0.1559656411409378
2025-11-26 20:00:00+00:00,0.15594305098056793,0.1560901254415512,0.15448766946792603,0.15477794408798218
2025-11-27 00:00:00+00:00,0.15473352372646332,0.15545880794525146,0.1538638025522232,0.15402674674987793
2025-11-27 04:00:00+00:00,0.15401029586791992,0.15466614067554474,0.15386620163917542,0.1542072594165802
2025-11-27 08:00:00+00:00,0.1542244851589203,0.15437468886375427,0.15256808698177338,0.15291105210781097
2025-11-27 12:00:00+00:00,0.15291176736354828,0.15394699573516846,0.15236184000968933,0.15394699573516846
2025-11-27 16:00:00+00:00,0.15395128726959229,0.15417493879795074,0.15287713706493378,0.15394875407218933
2025-11-27 20:00:00+00:00,0.15395227074623108,0.15457068383693695,0.15241415798664093,0.15268950164318085
2025-11-28 00:00:00+00:00,0.15267424285411835,0.15270954370498657,0.14992091059684753,0.1509632021188736
2025-11-28 04:00:00+00:00,0.15094928443431854,0.15108513832092285,0.14987622201442719,0.14989840984344482
2025-11-28 08:00:00+00:00,0.1498996764421463,0.15297245979309082,0.1498975306749344,0.15040433406829834
2025-11-28 12:00:00+00:00,0.15039363503456116,0.1549348533153534,0.15039363503456116,0.15350186824798584
2025-11-28 16:00:00+00:00,0.15352343022823334,0.15365569293498993,0.14865171909332275,0.15103037655353546
2025-11-28 20:00:00+00:00,0.15103577077388763,0.15123990178108215,0.14985327422618866,0.1501322239637375
2025-11-29 16:00:00+00:00,0.1483057588338852,0.1483057588338852,0.14811481535434723,0.1482429951429367
2025-11-29 20:00:00+00:00,0.14825439453125,0.1489856243133545,0.14810697734355927,0.1485777497291565
2025-11-30 00:00:00+00:00,0.14855997264385223,0.14948058128356934,0.1484324038028717,0.14929471909999847
2025-11-30 04:00:00+00:00,0.14930614829063416,0.1494549959897995,0.1485344022512436,0.14929760992527008
2025-11-30 08:00:00+00:00,0.14929261803627014,0.14969660341739655,0.1488560289144516,0.14888329803943634
2025-11-30 12:00:00+00:00,0.14886125922203064,0.15048106014728546,0.14878077805042267,0.1493864357471466
2025-11-30 16:00:00+00:00,0.14937801659107208,0.1504630744457245,0.14937801659107208,0.1497853845357895
2025-11-30 20:00:00+00:00,0.14978671073913574,0.1503414362668991,0.1466689556837082,0.1466689556837082
2025-12-01 00:00:00+00:00,0.14667093753814697,0.14667093753814697,0.13728231191635132,0.13728231191635132
2025-12-01 04:00:00+00:00,0.13727113604545593,0.13763345777988434,0.1368168592453003,0.13763345777988434
2025-12-01 08:00:00+00:00,0.13764365017414093,0.13821765780448914,0.13669894635677338,0.1369309425354004
2025-12-01 12:00:00+00:00,0.13696253299713135,0.13696253299713135,0.13254700601100922,0.1339566558599472
2025-12-01 16:00:00+00:00,0.13393601775169373,0.13393601775169373,0.13239535689353943,0.1332370787858963
2025-12-01 20:00:00+00:00,0.1332264542579651,0.13639910519123077,0.1332264542579651,0.13558819890022278
2025-12-02 00:00:00+00:00,0.13558298349380493,0.13649801909923553,0.1351994276046753,0.13646739721298218
2025-12-02 04:00:00+00:00,0.13645994663238525,0.1365370750427246,0.13552100956439972,0.13559406995773315
2025-12-02 08:00:00+00:00,0.13561592996120453,0.13714267313480377,0.13470309972763062,0.1371029019355774
2025-12-02 12:00:00+00:00,0.13710536062717438,0.14709952473640442,0.13693691790103912,0.1463724821805954
2025-12-02 16:00:00+00:00,0.14639334380626678,0.14703984558582306,0.14527367055416107,0.14604473114013672
2025-12-02 20:00:00+00:00,0.14604535698890686,0.14717790484428406,0.1450115144252777,0.1459697186946869
2025-12-03 00:00:00+00:00,0.14596712589263916,0.14785680174827576,0.14539356529712677,0.14755521714687347
2025-12-03 04:00:00+00:00,0.14754174649715424,0.15186242759227753,0.14737239480018616,0.15053896605968475
2025-12-03 08:00:00+00:00,0.15053777396678925,0.15075325965881348,0.1493987739086151,0.15007364749908447
2025-12-03 12:00:00+00:00,0.15007354319095612,0.15021279454231262,0.14729180932044983,0.14911490678787231
2025-12-03 16:00:00+00:00,0.14912909269332886,0.15169256925582886,0.1488300859928131,0.15067046880722046
2025-12-03 20:00:00+00:00,0.15067146718502045,0.15291646122932434,0.15033894777297974,0.15191984176635742
2025-12-04 00:00:00+00:00,0.1518961638212204,0.15271678566932678,0.15093272924423218,0.15110506117343903
2025-12-04 04:00:00+00:00,0.15110307931900024,0.1513241082429886,0.1495518833398819,0.14992733299732208
2025-12-04 08:00:00+00:00,0.14992575347423553,0.15032805502414703,0.1492157280445099,0.14943823218345642
2025-12-04 12:00:00+00:00,0.14943408966064453,0.15029096603393555,0.14818626642227173,0.15023177862167358
2025-12-04 16:00:00+00:00,0.1501939445734024,0.15020279586315155,0.1459892988204956,0.14813314378261566
2025-12-04 20:00:00+00:00,0.14815424382686615,0.14843358099460602,0.14744816720485687,0.14750328660011292
2025-12-05 00:00:00+00:00,0.14750497043132782,0.14827214181423187,0.1473662406206131,0.14747633039951324
2025-12-05 04:00:00+00:00,0.14747682213783264,0.1478305459022522,0.1463247388601303,0.14751578867435455
2025-12-05 08:00:00+00:00,0.14750534296035767,0.14750534296035767,0.1438436359167099,0.14440816640853882
2025-12-05 12:00:00+00:00,0.14439541101455688,0.14473949372768402,0.14220386743545532,0.14250144362449646
2025-12-05 16:00:00+00:00,0.1425251066684723,0.1425251066684723,0.13766147196292877,0.13917474448680878
2025-12-05 20:00:00+00:00,0.139159694314003,0.13963158428668976,0.13825653493404388,0.13963158428668976
2025-12-06 00:00:00+00:00,0.13961203396320343,0.1403336524963379,0.13913428783416748,0.14006632566452026
2025-12-06 04:00:00+00:00,0.1400585174560547,0.1400585174560547,0.13912369310855865,0.13935711979866028
2025-12-06 08:00:00+00:00,0.13935628533363342,0.13985058665275574,0.138575941324234,0.13979113101959229
2025-12-06 12:00:00+00:00,0.1397910714149475,0.14056122303009033,0.13936656713485718,0.1397632509469986
2025-12-06 16:00:00+00:00,0.13973896205425262,0.1404724419116974,0.13931921124458313,0.13936379551887512
2025-12-06 20:00:00+00:00,0.13936099410057068,0.14023375511169434,0.13923457264900208,0.13974463939666748
2025-12-07 00:00:00+00:00,0.13974779844284058,0.1404176503419876,0.1397353708744049,0.1404176503419876
2025-12-07 04:00:00+00:00,0.14041607081890106,0.14083944261074066,0.13953620195388794,0.13953620195388794
2025-12-07 08:00:00+00:00,0.13953794538974762,0.1397538185119629,0.13870933651924133,0.13898204267024994
2025-12-07 12:00:00+00:00,0.13898010551929474,0.1398581862449646,0.13527068495750427,0.13908256590366364
2025-12-07 16:00:00+00:00,0.1391446590423584,0.14280152320861816,0.13832776248455048,0.14198526740074158
2025-12-07 20:00:00+00:00,0.14201059937477112,0.1421845704317093,0.13696376979351044,0.13857075572013855
2025-12-08 00:00:00+00:00,0.13858826458454132,0.14102469384670258,0.13825178146362305,0.1403958648443222
2025-12-08 04:00:00+00:00,0.1403971016407013,0.14246559143066406,0.14039649069309235,0.14214171469211578
2025-12-08 08:00:00+00:00,0.14215099811553955,0.14452913403511047,0.14208608865737915,0.14324788749217987
2025-12-08 12:00:00+00:00,0.1432393193244934,0.14459486305713654,0.14212104678153992,0.14271141588687897
2025-12-08 16:00:00+00:00,0.14270514249801636,0.14366239309310913,0.14175263047218323,0.14293719828128815
2025-12-08 20:00:00+00:00,0.142918199300766,0.14389556646347046,0.142128586769104,0.14259974658489227
2025-12-09 00:00:00+00:00,0.14259788393974304,0.14260829985141754,0.14054331183433533,0.14165085554122925
2025-12-09 04:00:00+00:00,0.14164629578590393,0.14164629578590393,0.13963650166988373,0.140829399228096
2025-12-09 08:00:00+00:00,0.14083020389080048,0.14089664816856384,0.13987918198108673,0.14079059660434723
2025-12-09 12:00:00+00:00,0.14079712331295013,0.1464388221502304,0.14075098931789398,0.1462526172399521
2025-12-09 16:00:00+00:00,0.1462477147579193,0.1529088020324707,0.1462477147579193,0.15083247423171997
2025-12-09 20:00:00+00:00,0.15093915164470673,0.1513802707195282,0.14742890000343323,0.14803722500801086
2025-12-10 00:00:00+00:00,0.1480395793914795,0.14814235270023346,0.1462896466255188,0.147515207529068
2025-12-10 04:00:00+00:00,0.14743924140930176,0.14768168330192566,0.14629517495632172,0.14661309123039246
2025-12-10 08:00:00+00:00,0.146628737449646,0.14757491648197174,0.14547987282276154,0.14576511085033417
2025-12-10 12:00:00+00:00,0.14577338099479675,0.1464749425649643,0.14503464102745056,0.14505574107170105
2025-12-10 16:00:00+00:00,0.14507006108760834,0.14810878038406372,0.14504997432231903,0.14755551517009735
2025-12-10 20:00:00+00:00,0.14753907918930054,0.15004225075244904,0.14286203682422638,0.14355695247650146
2025-12-11 00:00:00+00:00,0.14349715411663055,0.14354048669338226,0.1375005841255188,0.13807912170886993
2025-12-11 04:00:00+00:00,0.13794414699077606,0.138994038105011,0.13785240054130554,0.1381690502166748
2025-12-11 08:00:00+00:00,0.13813306391239166,0.1383327841758728,0.13737335801124573,0.13818776607513428
2025-12-11 12:00:00+00:00,0.13817015290260315,0.13817015290260315,0.13706883788108826,0.13721248507499695
2025-12-11 16:00:00+00:00,0.1372150480747223,0.13944987952709198,0.1365659236907959,0.13867248594760895
2025-12-11 20:00:00+00:00,0.13868477940559387,0.14241741597652435,0.13850492238998413,0.14038436114788055
2025-12-12 00:00:00+00:00,0.14038406312465668,0.1412886679172516,0.139222651720047,0.1407318115234375
2025-12-12 04:00:00+00:00,0.1407332867383957,0.14138640463352203,0.13997067511081696,0.1406700313091278
2025-12-12 08:00:00+00:00,0.14067892730236053,0.14132773876190186,0.1400921493768692,0.1410781890153885
2025-12-12 12:00:00+00:00,0.1410910189151764,0.1413314789533615,0.1363208293914795,0.1363208293914795
2025-12-12 16:00:00+00:00,0.13595274090766907,0.13716214895248413,0.1347191482782364,0.13605381548404694
2025-12-12 20:00:00+00:00,0.13607394695281982,0.13729776442050934,0.1357777714729309,0.13694921135902405
2025-12-13 00:00:00+00:00,0.13698098063468933,0.1376868635416031,0.13698098063468933,0.1375439167022705
2025-12-13 04:00:00+00:00,0.13754802942276,0.1378447711467743,0.1372298151254654,0.1378200650215149
2025-12-13 08:00:00+00:00,0.13780273497104645,0.1395023614168167,0.13780273497104645,0.13889358937740326
2025-12-13 12:00:00+00:00,0.13889451324939728,0.13990212976932526,0.13880103826522827,0.13944415748119354
2025-12-13 16:00:00+00:00,0.13944415748119354,0.13985829055309296,0.1387653350830078,0.13906557857990265
2025-12-13 20:00:00+00:00,0.13905298709869385,0.13934913277626038,0.13833332061767578,0.13916566967964172
2025-12-14 00:00:00+00:00,0.13908438384532928,0.13923527300357819,0.1387624591588974,0.13891425728797913
2025-12-14 04:00:00+00:00,0.1389048844575882,0.1389048844575882,0.13772064447402954,0.13828416168689728
2025-12-14 08:00:00+00:00,0.13828229904174805,0.1384059190750122,0.1364029347896576,0.13689036667346954
2025-12-14 12:00:00+00:00,0.13689035177230835,0.13714228570461273,0.13518576323986053,0.13548436760902405
2025-12-14 16:00:00+00:00,0.13547934591770172,0.1359080821275711,0.1337406486272812,0.13435950875282288
2025-12-14 20:00:00+00:00,0.13437439501285553,0.1346743255853653,0.13347718119621277,0.13416463136672974
2025-12-15 00:00:00+00:00,0.13416220247745514,0.13807359337806702,0.13416220247745514,0.1363546997308731
2025-12-15 04:00:00+00:00,0.136347234249115,0.13708604872226715,0.1361430287361145,0.13627198338508606
2025-12-15 08:00:00+00:00,0.13628022372722626,0.13763464987277985,0.13628022372722626,0.13681064546108246
2025-12-15 12:00:00+00:00,0.13681752979755402,0.13720564544200897,0.13043011724948883,0.13062088191509247
2025-12-15 16:00:00+00:00,0.13061857223510742,0.13101784884929657,0.12734933197498322,0.12894612550735474
2025-12-15 20:00:00+00:00,0.1289444863796234,0.12973077595233917,0.1276971697807312,0.12973077595233917
2025-12-16 00:00:00+00:00,0.12972599267959595,0.12996108829975128,0.12891247868537903,0.12907633185386658
2025-12-16 04:00:00+00:00,0.1290789246559143,0.13005192577838898,0.12824375927448273,0.12854944169521332
2025-12-16 08:00:00+00:00,0.12853950262069702,0.13195735216140747,0.1284836083650589,0.13163292407989502
2025-12-16 12:00:00+00:00,0.13163040578365326,0.13288676738739014,0.12962739169597626,0.13288676738739014
2025-12-16 16:00:00+00:00,0.13280709087848663,0.13280709087848663,0.13111329078674316,0.13215893507003784
2025-12-16 20:00:00+00:00,0.13215689361095428,0.132239431142807,0.1315125972032547,0.13174095749855042
2025-12-17 00:00:00+00:00,0.13173550367355347,0.13212059438228607,0.13117820024490356,0.13122396171092987
2025-12-17 04:00:00+00:00,0.13122516870498657,0.13123583793640137,0.1302124261856079,0.13097883760929108
2025-12-17 08:00:00+00:00,0.13098007440567017,0.13098007440567017,0.12956339120864868,0.13025999069213867
2025-12-17 12:00:00+00:00,0.1302633285522461,0.13582132756710052,0.129651740193367,0.13025636970996857
2025-12-17 16:00:00+00:00,0.1302335411310196,0.13033151626586914,0.12511950731277466,0.1263095587491989
2025-12-17 20:00:00+00:00,0.1263170689344406,0.1276073008775711,0.12554681301116943,0.1261761337518692
2025-12-18 00:00:00+00:00,0.12618368864059448,0.1264982372522354,0.12538917362689972,0.12539641559123993
2025-12-18 04:00:00+00:00,0.12537771463394165,0.12575599551200867,0.12412005662918091,0.12472275644540787
2025-12-18 08:00:00+00:00,0.12472859025001526,0.1263052374124527,0.12472859025001526,0.12604248523712158
2025-12-18 12:00:00+00:00,0.12604568898677826,0.13041819632053375,0.12583646178245544,0.12955796718597412
2025-12-18 16:00:00+00:00,0.1295519322156906,0.1295519322156906,0.12024248391389847,0.12024248391389847
2025-12-18 20:00:00+00:00,0.12024631351232529,0.12349656224250793,0.12024631351232529,0.12204797565937042
2025-12-19 00:00:00+00:00,0.12203892320394516,0.12592481076717377,0.12075551599264145,0.12521439790725708
2025-12-19 04:00:00+00:00,0.12525710463523865,0.12842343747615814,0.12525710463523865,0.12778125703334808
2025-12-19 08:00:00+00:00,0.12783680856227875,0.12838102877140045,0.12776456773281097,0.12815748155117035
2025-12-19 12:00:00+00:00,0.1281806230545044,0.1316537708044052,0.12798337638378143,0.1295148879289627
2025-12-19 16:00:00+00:00,0.12952686846256256,0.13304585218429565,0.12952686846256256,0.1328689008951187
2025-12-19 20:00:00+00:00,0.1328631192445755,0.13308311998844147,0.13183678686618805,0.13221530616283417
2025-12-20 00:00:00+00:00,0.13221371173858643,0.13221371173858643,0.13077719509601593,0.13153257966041565
2025-12-20 04:00:00+00:00,0.13148127496242523,0.13148528337478638,0.13077720999717712,0.13148057460784912
2025-12-20 08:00:00+00:00,0.1314847767353058,0.1324443370103836,0.1314847767353058,0.13185736536979675
2025-12-20 12:00:00+00:00,0.13185666501522064,0.13223543763160706,0.1312636286020279,0.13200324773788452
2025-12-20 16:00:00+00:00,0.13207577168941498,0.1321917474269867,0.13160814344882965,0.13216258585453033
2025-12-20 20:00:00+00:00,0.13215790688991547,0.13232198357582092,0.13164258003234863,0.13195186853408813
2025-12-21 00:00:00+00:00,0.13194838166236877,0.13204121589660645,0.13065661489963531,0.13106034696102142
2025-12-21 04:00:00+00:00,0.13105551898479462,0.13166913390159607,0.13101455569267273,0.13128094375133514
2025-12-21 08:00:00+00:00,0.1312883347272873,0.13299256563186646,0.13126391172409058,0.13170529901981354
2025-12-21 12:00:00+00:00,0.13172227144241333,0.13215436041355133,0.12892501056194305,0.12952806055545807
2025-12-21 16:00:00+00:00,0.1295289546251297,0.1303841769695282,0.12921585142612457,0.13036175072193146
2025-12-21 20:00:00+00:00,0.13035613298416138,0.1312268227338791,0.12946563959121704,0.13105744123458862
2025-12-22 00:00:00+00:00,0.13106106221675873,0.13312581181526184,0.1300165057182312,0.13193802535533905
2025-12-22 04:00:00+00:00,0.13198795914649963,0.13255225121974945,0.13161805272102356,0.13196159899234772
2025-12-22 08:00:00+00:00,0.1319689303636551,0.13306742906570435,0.13176409900188446,0.1328243464231491
2025-12-22 12:00:00+00:00,0.13282570242881775,0.13484537601470947,0.1326521784067154,0.1341298520565033
2025-12-22 16:00:00+00:00,0.13413389027118683,0.13496972620487213,0.13190177083015442,0.1319422870874405
2025-12-22 20:00:00+00:00,0.13195478916168213,0.13248033821582794,0.13096605241298676,0.1324337124824524
2025-12-23 00:00:00+00:00,0.13243158161640167,0.13350003957748413,0.1315784603357315,0.13254112005233765
2025-12-23 04:00:00+00:00,0.13249076902866364,0.13283024728298187,0.13010959327220917,0.13041150569915771
2025-12-23 08:00:00+00:00,0.13040971755981445,0.13120697438716888,0.130026713013649,0.13105909526348114
2025-12-23 12:00:00+00:00,0.13105741143226624,0.13105741143226624,0.12823016941547394,0.1293407529592514
2025-12-23 16:00:00+00:00,0.12934458255767822,0.13067758083343506,0.1285744309425354,0.12889088690280914
2025-12-23 20:00:00+00:00,0.12890534102916718,0.13012300431728363,0.12871938943862915,0.12919332087039948
2025-12-24 00:00:00+00:00,0.129197895526886,0.13018068671226501,0.12755924463272095,0.12848493456840515
2025-12-24 04:00:00+00:00,0.12848110496997833,0.12868903577327728,0.12671859562397003,0.1272043138742447
2025-12-24 08:00:00+00:00,0.1271914690732956,0.12825898826122284,0.12679027020931244,0.12796258926391602
2025-12-24 12:00:00+00:00,0.12796127796173096,0.12840737402439117,0.1271497756242752,0.12817594408988953
2025-12-24 16:00:00+00:00,0.12829041481018066,0.12891653180122375,0.12765702605247498,0.12804068624973297
2025-12-24 20:00:00+00:00,0.12808457016944885,0.12916333973407745,0.12805597484111786,0.12851722538471222
2025-12-25 00:00:00+00:00,0.12847107648849487,0.12883970141410828,0.12794211506843567,0.1286865770816803
2025-12-25 04:00:00+00:00,0.1286882907152176,0.1287108212709427,0.12772291898727417,0.12785594165325165
2025-12-25 08:00:00+00:00,0.12785528600215912,0.12830963730812073,0.12588348984718323,0.1262943148612976
2025-12-25 12:00:00+00:00,0.1262856125831604,0.12793879210948944,0.12602828443050385,0.12766382098197937
2025-12-25 16:00:00+00:00,0.12765397131443024,0.12782534956932068,0.12677042186260223,0.12702330946922302
2025-12-25 20:00:00+00:00,0.1270223706960678,0.1271667629480362,0.12325555086135864,0.12354462593793869
2025-12-26 00:00:00+00:00,0.12355087697505951,0.1272161304950714,0.12332407385110855,0.12587416172027588
2025-12-26 04:00:00+00:00,0.12588557600975037,0.12646658718585968,0.1252695620059967,0.12534131109714508
2025-12-26 08:00:00+00:00,0.12533847987651825,0.1258765012025833,0.12527450919151306,0.12531428039073944
2025-12-26 12:00:00+00:00,0.1253083050251007,0.1261720061302185,0.12166791409254074,0.12191329151391983
2025-12-26 16:00:00+00:00,0.1219584047794342,0.12222130596637726,0.12079400569200516,0.1220739558339119
2025-12-26 20:00:00+00:00,0.12206818908452988,0.12240580469369888,0.12174361944198608,0.12201347202062607
2025-12-27 00:00:00+00:00,0.12202468514442444,0.12318231910467148,0.12192104011774063,0.12312083691358566
2025-12-27 04:00:00+00:00,0.1231963261961937,0.1231963261961937,0.122601218521595,0.1226741150021553
2025-12-27 08:00:00+00:00,0.1226440817117691,0.12295706570148468,0.12224963307380676,0.12295325100421906
2025-12-27 12:00:00+00:00,0.12300271540880203,0.12323150783777237,0.1224994882941246,0.12300454825162888
2025-12-27 16:00:00+00:00,0.1230023130774498,0.12311884015798569,0.12264295667409897,0.1228092685341835
2025-12-27 20:00:00+00:00,0.1228136420249939,0.12439766526222229,0.1228136420249939,0.12422461062669754
2025-12-28 00:00:00+00:00,0.12422439455986023,0.12436850368976593,0.12366955727338791,0.12404687702655792
2025-12-28 04:00:00+00:00,0.12404564768075943,0.12422407418489456,0.123809315264225,0.12408269941806793
2025-12-28 08:00:00+00:00,0.12407993525266647,0.12413813173770905,0.12354568392038345,0.12387082725763321
2025-12-28 12:00:00+00:00,0.1238725483417511,0.12472031265497208,0.12383576482534409,0.12417478114366531
2025-12-28 16:00:00+00:00,0.12417492270469666,0.12451338022947311,0.12322980910539627,0.12338168919086456
2025-12-28 20:00:00+00:00,0.12338174879550934,0.12386375665664673,0.12281547486782074,0.12382500618696213
2025-12-29 00:00:00+00:00,0.12382819503545761,0.12750773131847382,0.12379356473684311,0.12747512757778168
2025-12-29 04:00:00+00:00,0.12745220959186554,0.12781696021556854,0.12625934183597565,0.1270102709531784
2025-12-29 08:00:00+00:00,0.12699927389621735,0.12702758610248566,0.12441356480121613,0.12485311180353165
2025-12-29 12:00:00+00:00,0.12484569847583771,0.12484569847583771,0.1227380633354187,0.12398575246334076
2025-12-29 16:00:00+00:00,0.12397585809230804,0.12397585809230804,0.12277802079916,0.12277802079916
2025-12-29 20:00:00+00:00,0.12277606129646301,0.12302211672067642,0.12223105132579803,0.12273015826940536
2025-12-30 00:00:00+00:00,0.12272369861602783,0.12347128987312317,0.12239240109920502,0.12347094714641571
2025-12-30 04:00:00+00:00,0.12344109266996384,0.12363621592521667,0.12282756716012955,0.1235521137714386
2025-12-30 08:00:00+00:00,0.12356119602918625,0.12487692385911942,0.12356119602918625,0.12434232980012894
2025-12-30 12:00:00+00:00,0.12441670149564743,0.12481208890676498,0.12341807037591934,0.12454958260059357
2025-12-30 16:00:00+00:00,0.12454520165920258,0.12473976612091064,0.12277153879404068,0.12312709540128708
2025-12-30 20:00:00+00:00,0.12312624603509903,0.12328056991100311,0.1225438043475151,0.12327640503644943
2025-12-31 00:00:00+00:00,0.12313801050186157,0.12353329360485077,0.12284375727176666,0.12292750179767609
2025-12-31 04:00:00+00:00,0.12293317914009094,0.12315317988395691,0.12281353771686554,0.12315317988395691
2025-12-31 08:00:00+00:00,0.12315917015075684,0.12345157563686371,0.1227569505572319,0.1232643872499466
2025-12-31 12:00:00+00:00,0.1232689768075943,0.12339217960834503,0.12056482583284378,0.12106175720691681
2025-12-31 16:00:00+00:00,0.12098832428455353,0.12118318676948547,0.11706197261810303,0.11720649898052216
2025-12-31 20:00:00+00:00,0.11719662696123123,0.11749838292598724,0.11618810892105103,0.11729318648576736
2026-01-01 00:00:00+00:00,0.11729319393634796,0.11844808608293533,0.11729319393634796,0.1180928498506546
2026-01-01 04:00:00+00:00,0.11808829754590988,0.118431955575943,0.11782468110322952,0.11831320822238922
2026-01-01 08:00:00+00:00,0.1182752251625061,0.12084905803203583,0.11827507615089417,0.12046846747398376
2026-01-01 12:00:00+00:00,0.12046881020069122,0.12456130981445312,0.1202225387096405,0.12438773363828659
2026-01-01 16:00:00+00:00,0.12438124418258667,0.12557822465896606,0.12367606163024902,0.12557822465896606
2026-01-01 20:00:00+00:00,0.1256631463766098,0.12693217396736145,0.1255880743265152,0.12666621804237366
2026-01-02 00:00:00+00:00,0.12667691707611084,0.12887628376483917,0.12587201595306396,0.12833184003829956
2026-01-02 04:00:00+00:00,0.1283687800168991,0.12875983119010925,0.12743131816387177,0.12777401506900787
2026-01-02 08:00:00+00:00,0.1277691125869751,0.132933109998703,0.1277691125869751,0.12933292984962463
2026-01-02 12:00:00+00:00,0.1293310970067978,0.1354648619890213,0.12931020557880402,0.1350550353527069
2026-01-02 16:00:00+00:00,0.13503672182559967,0.13947562873363495,0.13500013947486877,0.1393350511789322
2026-01-02 20:00:00+00:00,0.1394415646791458,0.14448897540569305,0.13916338980197906,0.14167308807373047
2026-01-03 00:00:00+00:00,0.14177435636520386,0.1441294550895691,0.14134588837623596,0.14403612911701202
2026-01-03 04:00:00+00:00,0.1440325230360031,0.14409609138965607,0.13969112932682037,0.13991117477416992
2026-01-03 08:00:00+00:00,0.13987363874912262,0.14293743669986725,0.13970795273780823,0.14243651926517487
2026-01-03 12:00:00+00:00,0.14243720471858978,0.14302964508533478,0.1422417163848877,0.1423005759716034
2026-01-03 16:00:00+00:00,0.14229881763458252,0.14229881763458252,0.14099706709384918,0.141585573554039
2026-01-03 20:00:00+00:00,0.14158393442630768,0.14346443116664886,0.14132343232631683,0.14305879175662994
2026-01-04 00:00:00+00:00,0.1430625468492508,0.15136903524398804,0.14305923879146576,0.15104801952838898
2026-01-04 04:00:00+00:00,0.15098896622657776,0.15302936732769012,0.15035739541053772,0.1514577567577362
2026-01-04 08:00:00+00:00,0.15146370232105255,0.15261612832546234,0.15126274526119232,0.1519935131072998
2026-01-04 12:00:00+00:00,0.15189841389656067,0.15387466549873352,0.15071222186088562,0.15125390887260437
2026-01-04 16:00:00+00:00,0.15126393735408783,0.15251895785331726,0.14862951636314392,0.14978522062301636
2026-01-04 20:00:00+00:00,0.14977307617664337,0.15048658847808838,0.14879083633422852,0.14930656552314758
2026-01-05 00:00:00+00:00,0.1493329256772995,0.15214823186397552,0.1489587277173996,0.15145467221736908
2026-01-05 04:00:00+00:00,0.15147410333156586,0.1515342742204666,0.14965157210826874,0.14996521174907684
2026-01-05 08:00:00+00:00,0.14992214739322662,0.15040086209774017,0.1464969515800476,0.14767035841941833
2026-01-05 12:00:00+00:00,0.14767558872699738,0.1489630788564682,0.14651450514793396,0.1487349420785904
2026-01-05 16:00:00+00:00,0.1487502157688141,0.1529131829738617,0.14866690337657928,0.1516140103340149
2026-01-05 20:00:00+00:00,0.1517055332660675,0.15351857244968414,0.1509859412908554,0.15181677043437958
2026-01-06 00:00:00+00:00,0.15174585580825806,0.15320801734924316,0.14945931732654572,0.15282335877418518
2026-01-06 04:00:00+00:00,0.15277099609375,0.1527855098247528,0.14938059449195862,0.14957913756370544
2026-01-06 08:00:00+00:00,0.14958029985427856,0.15073005855083466,0.14954827725887299,0.15033525228500366
2026-01-06 12:00:00+00:00,0.1503574252128601,0.1560019850730896,0.1495072841644287,0.14955954253673553
2026-01-06 16:00:00+00:00,0.14991989731788635,0.1500324010848999,0.14399082958698273,0.14579103887081146
2026-01-06 20:00:00+00:00,0.145791158080101,0.1507844179868698,0.145791158080101,0.1506318747997284
2026-01-07 00:00:00+00:00,0.15048599243164062,0.15048599243164062,0.14717057347297668,0.1483256220817566
2026-01-07 04:00:00+00:00,0.14832860231399536,0.14893728494644165,0.14744581282138824,0.14872686564922333
2026-01-07 08:00:00+00:00,0.14929302036762238,0.15358580648899078,0.14799505472183228,0.14884580671787262
2026-01-07 12:00:00+00:00,0.14881311357021332,0.14881311357021332,0.14531251788139343,0.14614175260066986
2026-01-07 16:00:00+00:00,0.14609578251838684,0.14821508526802063,0.14570128917694092,0.14658993482589722
2026-01-07 20:00:00+00:00,0.1465766280889511,0.14691253006458282,0.14563973248004913,0.14625556766986847
2026-01-08 00:00:00+00:00,0.1462591290473938,0.14738090336322784,0.14484231173992157,0.14513123035430908
2026-01-08 04:00:00+00:00,0.1451139599084854,0.14704307913780212,0.14227373898029327,0.14377164840698242
2026-01-08 08:00:00+00:00,0.1437685191631317,0.14440155029296875,0.13966739177703857,0.14076191186904907
2026-01-08 12:00:00+00:00,0.14077216386795044,0.1417352855205536,0.13842149078845978,0.14129997789859772
2026-01-08 16:00:00+00:00,0.14134718477725983,0.14298829436302185,0.1408964991569519,0.1420091688632965
2026-01-08 20:00:00+00:00,0.14200879633426666,0.1428995430469513,0.14103828370571136,0.14199703931808472
2026-01-09 00:00:00+00:00,0.14197848737239838,0.14307129383087158,0.14154285192489624,0.14283797144889832
2026-01-09 04:00:00+00:00,0.1428452432155609,0.14294175803661346,0.14204956591129303,0.14204956591129303
2026-01-09 08:00:00+00:00,0.1420356035232544,0.1420356035232544,0.13915647566318512,0.14018800854682922
2026-01-09 12:00:00+00:00,0.14018514752388,0.1437874734401703,0.13854728639125824,0.1414068341255188
2026-01-09 16:00:00+00:00,0.1414169818162918,0.14376628398895264,0.13904526829719543,0.139511376619339
2026-01-09 20:00:00+00:00,0.13933169841766357,0.1408839076757431,0.13933120667934418,0.14047998189926147
2026-01-10 00:00:00+00:00,0.1405039131641388,0.14050903916358948,0.1397150307893753,0.14009827375411987
2026-01-10 04:00:00+00:00,0.140100359916687,0.14020216464996338,0.1394088715314865,0.14018326997756958
2026-01-10 08:00:00+00:00,0.14018702507019043,0.14030838012695312,0.13952307403087616,0.13976332545280457
2026-01-10 12:00:00+00:00,0.1397697776556015,0.14018353819847107,0.13963109254837036,0.13984176516532898
2026-01-10 16:00:00+00:00,0.13983863592147827,0.14009204506874084,0.1394917219877243,0.14009204506874084
2026-01-10 20:00:00+00:00,0.1401052325963974,0.14023429155349731,0.1390649974346161,0.13947491347789764
2026-01-11 00:00:00+00:00,0.13947398960590363,0.13947398960590363,0.13847774267196655,0.13894984126091003
2026-01-11 04:00:00+00:00,0.13894326984882355,0.13983154296875,0.13868269324302673,0.1398279219865799
2026-01-11 08:00:00+00:00,0.13982874155044556,0.1401263326406479,0.13942329585552216,0.13949841260910034
2026-01-11 12:00:00+00:00,0.13950122892856598,0.14085611701011658,0.13773512840270996,0.13787268102169037
2026-01-11 16:00:00+00:00,0.1378813087940216,0.1395118534564972,0.13737834990024567,0.13746050000190735
2026-01-11 20:00:00+00:00,0.13745945692062378,0.1377912312746048,0.1359483301639557,0.13773643970489502
2026-01-12 00:00:00+00:00,0.13773468136787415,0.14207467436790466,0.13692790269851685,0.14043308794498444
2026-01-12 04:00:00+00:00,0.14043477177619934,0.14101706445217133,0.13779902458190918,0.13790450990200043
2026-01-12 08:00:00+00:00,0.1378679722547531,0.13838474452495575,0.13593526184558868,0.1365615427494049
2026-01-12 12:00:00+00:00,0.13655760884284973,0.1383432000875473,0.13550862669944763,0.1383432000875473
2026-01-12 16:00:00+00:00,0.13833869993686676,0.13983623683452606,0.13726480305194855,0.13815774023532867
2026-01-12 20:00:00+00:00,0.13816958665847778,0.1386280059814453,0.13572782278060913,0.1365402489900589
2026-01-13 00:00:00+00:00,0.13653184473514557,0.13713045418262482,0.1362033635377884,0.1368848830461502
2026-01-13 04:00:00+00:00,0.1368827223777771,0.13921162486076355,0.1368827223777771,0.13841532170772552
2026-01-13 08:00:00+00:00,0.13845817744731903,0.13993443548679352,0.13845817744731903,0.13904248178005219
2026-01-13 12:00:00+00:00,0.13897758722305298,0.14194701611995697,0.1388174444437027,0.14194701611995697
2026-01-13 16:00:00+00:00,0.142142653465271,0.1443331241607666,0.14209163188934326,0.1443277895450592
2026-01-13 20:00:00+00:00,0.14441075921058655,0.15013116598129272,0.1436113566160202,0.14809568226337433
2026-01-14 00:00:00+00:00,0.14809542894363403,0.1493302583694458,0.147267147898674,0.1493302583694458
2026-01-14 04:00:00+00:00,0.14944034814834595,0.14945732057094574,0.146993950009346,0.14834994077682495
2026-01-14 08:00:00+00:00,0.14836235344409943,0.14857718348503113,0.14592765271663666,0.14592765271663666
2026-01-14 12:00:00+00:00,0.14594192802906036,0.149566188454628,0.14566774666309357,0.14871373772621155
2026-01-14 16:00:00+00:00,0.14873190224170685,0.15095406770706177,0.1464625597000122,0.14790880680084229
2026-01-14 20:00:00+00:00,0.14791357517242432,0.14879567921161652,0.1464781016111374,0.1472214311361313
2026-01-15 00:00:00+00:00,0.1472228616476059,0.1472228616476059,0.14265398681163788,0.1426614671945572
2026-01-15 04:00:00+00:00,0.14263243973255157,0.14427068829536438,0.14263243973255157,0.14405329525470734
2026-01-15 08:00:00+00:00,0.1440880298614502,0.14491185545921326,0.14352402091026306,0.14356116950511932
2026-01-15 12:00:00+00:00,0.1435604691505432,0.14477156102657318,0.14052137732505798,0.1412082463502884
2026-01-15 16:00:00+00:00,0.14123106002807617,0.1420162171125412,0.13928915560245514,0.13988536596298218
2026-01-15 20:00:00+00:00,0.13989774882793427,0.1402072161436081,0.1390261948108673,0.13999530673027039
2026-01-16 00:00:00+00:00,0.13999658823013306,0.14031150937080383,0.13922134041786194,0.13936923444271088
2026-01-16 04:00:00+00:00,0.13936935365200043,0.1402256041765213,0.13861308991909027,0.13989688456058502
2026-01-16 08:00:00+00:00,0.1399010866880417,0.14018522202968597,0.13736729323863983,0.13791365921497345
2026-01-16 12:00:00+00:00,0.13792291283607483,0.13816112279891968,0.13537819683551788,0.13592632114887238
2026-01-16 16:00:00+00:00,0.13592837750911713,0.13721728324890137,0.13576658070087433,0.13714370131492615
2026-01-16 20:00:00+00:00,0.13714997470378876,0.1383284628391266,0.13639472424983978,0.13805946707725525
2026-01-17 00:00:00+00:00,0.1380605548620224,0.13847491145133972,0.1373412013053894,0.13742466270923615
2026-01-17 04:00:00+00:00,0.1374179720878601,0.13776499032974243,0.13692981004714966,0.13724252581596375
2026-01-17 08:00:00+00:00,0.13721486926078796,0.13779832422733307,0.137201726436615,0.137655109167099
2026-01-17 12:00:00+00:00,0.13765521347522736,0.13950206339359283,0.13741563260555267,0.13950206339359283
2026-01-17 16:00:00+00:00,0.13946132361888885,0.13974018394947052,0.1383962780237198,0.1386318951845169
2026-01-17 20:00:00+00:00,0.13865932822227478,0.1389298290014267,0.1375337541103363,0.13779231905937195
2026-01-18 00:00:00+00:00,0.13779596984386444,0.13822400569915771,0.13684843480587006,0.1374126523733139
2026-01-18 04:00:00+00:00,0.13736554980278015,0.13742506504058838,0.1368691474199295,0.13713665306568146
2026-01-18 08:00:00+00:00,0.1371348649263382,0.13750392198562622,0.13688676059246063,0.1371820569038391
2026-01-18 12:00:00+00:00,0.1371804028749466,0.1378302425146103,0.13655786216259003,0.13655854761600494
2026-01-18 16:00:00+00:00,0.1365608423948288,0.13774161040782928,0.1364511400461197,0.13701508939266205
2026-01-18 20:00:00+00:00,0.1370340883731842,0.13768768310546875,0.13164716958999634,0.13165782392024994
2026-01-19 00:00:00+00:00,0.13166382908821106,0.13166382908821106,0.12593427300453186,0.12738630175590515
2026-01-19 04:00:00+00:00,0.12737861275672913,0.12743030488491058,0.12659834325313568,0.1271883249282837
2026-01-19 08:00:00+00:00,0.12717081606388092,0.12821842730045319,0.12710896134376526,0.12780410051345825
2026-01-19 12:00:00+00:00,0.12779755890369415,0.12882310152053833,0.12742316722869873,0.12780626118183136
2026-01-19 16:00:00+00:00,0.12780076265335083,0.13002507388591766,0.12776686251163483,0.12977884709835052
2026-01-19 20:00:00+00:00,0.12977857887744904,0.13044410943984985,0.12865379452705383,0.12906768918037415
2026-01-20 00:00:00+00:00,0.1290760487318039,0.12913422286510468,0.12784725427627563,0.12791137397289276
2026-01-20 04:00:00+00:00,0.12790928781032562,0.12798312306404114,0.12667974829673767,0.12675818800926208
2026-01-20 08:00:00+00:00,0.1267593652009964,0.12684322893619537,0.12529905140399933,0.12529905140399933
2026-01-20 12:00:00+00:00,0.12528502941131592,0.12631791830062866,0.12462511658668518,0.1246630921959877
2026-01-20 16:00:00+00:00,0.12475569546222687,0.12536971271038055,0.12344560772180557,0.12384890764951706
2026-01-20 20:00:00+00:00,0.1238487958908081,0.12412670254707336,0.12317050248384476,0.12326743453741074
2026-01-21 00:00:00+00:00,0.12325609475374222,0.12627281248569489,0.12325609475374222,0.12541262805461884
2026-01-21 04:00:00+00:00,0.12541262805461884,0.1261535882949829,0.12473965436220169,0.12473965436220169
2026-01-21 08:00:00+00:00,0.1247517317533493,0.12482642382383347,0.1234399825334549,0.1234399825334549
2026-01-21 12:00:00+00:00,0.12343494594097137,0.1263541281223297,0.12161437422037125,0.12634551525115967
2026-01-21 16:00:00+00:00,0.12633633613586426,0.1279139667749405,0.12074612826108932,0.1279139667749405
2026-01-21 20:00:00+00:00,0.12793751060962677,0.12852497398853302,0.12633100152015686,0.1264796406030655
2026-01-22 00:00:00+00:00,0.12646596133708954,0.12773466110229492,0.12646596133708954,0.1267663985490799
2026-01-22 04:00:00+00:00,0.12679383158683777,0.12720152735710144,0.1260003298521042,0.12606725096702576
2026-01-22 08:00:00+00:00,0.1260281205177307,0.12698747217655182,0.12569843232631683,0.12575943768024445
2026-01-22 12:00:00+00:00,0.12575861811637878,0.12594188749790192,0.12330227345228195,0.12411992251873016
2026-01-22 16:00:00+00:00,0.12414126098155975,0.12530525028705597,0.12405236065387726,0.1247369647026062
2026-01-22 20:00:00+00:00,0.12472853809595108,0.12472853809595108,0.12372402101755142,0.12420651316642761
2026-01-23 00:00:00+00:00,0.12420658022165298,0.12549430131912231,0.12404695898294449,0.12535622715950012
2026-01-23 04:00:00+00:00,0.12536132335662842,0.12574011087417603,0.12486771494150162,0.12494860589504242
2026-01-23 08:00:00+00:00,0.12495523691177368,0.1252191662788391,0.12422067672014236,0.12504571676254272
2026-01-23 12:00:00+00:00,0.125053271651268,0.12513704597949982,0.12220253050327301,0.12439098209142685
2026-01-23 16:00:00+00:00,0.12442445755004883,0.12729761004447937,0.12438766658306122,0.12452849745750427
2026-01-23 20:00:00+00:00,0.12452314049005508,0.12485997378826141,0.12328989058732986,0.12464588135480881
2026-01-24 00:00:00+00:00,0.12464123964309692,0.12464123964309692,0.12402885407209396,0.12429258227348328
2026-01-24 04:00:00+00:00,0.12428984045982361,0.12461131066083908,0.12390261888504028,0.12403178960084915
2026-01-24 08:00:00+00:00,0.1240338385105133,0.12468718737363815,0.12398962676525116,0.12449779361486435
2026-01-24 12:00:00+00:00,0.12449190020561218,0.12451823055744171,0.1234850063920021,0.12351071089506149
2026-01-24 16:00:00+00:00,0.12351109832525253,0.12399198114871979,0.12301439791917801,0.12395598739385605
2026-01-24 20:00:00+00:00,0.12395678460597992,0.12446567416191101,0.12393847107887268,0.12409581243991852
2026-01-25 00:00:00+00:00,0.12409409135580063,0.12413634359836578,0.12298166751861572,0.12315746396780014
2026-01-25 04:00:00+00:00,0.12314029783010483,0.12337196618318558,0.12257923185825348,0.12274738401174545
2026-01-25 08:00:00+00:00,0.12274947762489319,0.12341749668121338,0.12238885462284088,0.1231081560254097
2026-01-25 12:00:00+00:00,0.12310763448476791,0.12313851714134216,0.12180359661579132,0.12214411050081253
2026-01-25 16:00:00+00:00,0.12214800715446472,0.12214800715446472,0.118370421230793,0.11849630624055862
2026-01-25 20:00:00+00:00,0.11851117014884949,0.11947337538003922,0.11783739179372787,0.11928699910640717
2026-01-26 00:00:00+00:00,0.11930159479379654,0.12250874936580658,0.11927928775548935,0.12101053446531296
2026-01-26 04:00:00+00:00,0.12102241814136505,0.12240928411483765,0.12102241814136505,0.12158901244401932
2026-01-26 08:00:00+00:00,0.12159029394388199,0.12206272035837173,0.12060859799385071,0.12081825733184814
2026-01-26 12:00:00+00:00,0.1208115816116333,0.1235080435872078,0.1208115816116333,0.12209043651819229
2026-01-26 16:00:00+00:00,0.12209263443946838,0.12318312376737595,0.12156402319669724,0.12225867062807083
2026-01-26 20:00:00+00:00,0.1222587451338768,0.12267035245895386,0.12151765078306198,0.12230005115270615
2026-01-27 00:00:00+00:00,0.12226878106594086,0.12309280037879944,0.12189584970474243,0.12265852838754654
2026-01-27 04:00:00+00:00,0.12265707552433014,0.12305371463298798,0.12198152393102646,0.12200462818145752
2026-01-27 08:00:00+00:00,0.12201383709907532,0.12242553383111954,0.1215767189860344,0.12233157455921173
2026-01-27 12:00:00+00:00,0.12232385575771332,0.12259138375520706,0.12143918871879578,0.1225765123963356
2026-01-27 16:00:00+00:00,0.12258544564247131,0.1251605600118637,0.12180215120315552,0.12423405796289444
2026-01-27 20:00:00+00:00,0.12422958016395569,0.12626639008522034,0.12420562654733658,0.12600988149642944
2026-01-28 00:00:00+00:00,0.12601444125175476,0.12608709931373596,0.12420321255922318,0.12443505972623825
2026-01-28 04:00:00+00:00,0.12442700564861298,0.12577934563159943,0.12388872355222702,0.12528115510940552
2026-01-28 08:00:00+00:00,0.12528672814369202,0.12724769115447998,0.12528672814369202,0.12692806124687195
2026-01-28 12:00:00+00:00,0.1269308626651764,0.12696953117847443,0.12400766462087631,0.12448591738939285
2026-01-28 16:00:00+00:00,0.12447643280029297,0.12536954879760742,0.12378979474306107,0.1253487467765808
2026-01-28 20:00:00+00:00,0.12523318827152252,0.1257418543100357,0.12444335967302322,0.12487500160932541
2026-01-29 00:00:00+00:00,0.12486390024423599,0.12486390024423599,0.12194281071424484,0.12215381860733032
2026-01-29 04:00:00+00:00,0.12213005870580673,0.12213005870580673,0.12134113162755966,0.12193427979946136
2026-01-29 08:00:00+00:00,0.12189806252717972,0.12199316173791885,0.12067204713821411,0.12101466953754425
2026-01-29 12:00:00+00:00,0.12095963954925537,0.12095963954925537,0.11544796824455261,0.1161985769867897
2026-01-29 16:00:00+00:00,0.11619538068771362,0.11851870268583298,0.11449161171913147,0.11549565196037292
2026-01-29 20:00:00+00:00,0.11546845734119415,0.1171221062541008,0.11536084115505219,0.11709895730018616
2026-01-30 00:00:00+00:00,0.11709862947463989,0.11747188866138458,0.11322978138923645,0.11410398781299591
2026-01-30 04:00:00+00:00,0.11409871280193329,0.11517396569252014,0.11249293386936188,0.11436960101127625
2026-01-30 08:00:00+00:00,0.11437493562698364,0.11538450419902802,0.11314287036657333,0.11527259647846222
2026-01-30 12:00:00+00:00,0.11539102345705032,0.11613208055496216,0.11423137784004211,0.11572065949440002
2026-01-30 16:00:00+00:00,0.11576874554157257,0.11834608018398285,0.11362844705581665,0.1179216057062149
2026-01-30 20:00:00+00:00,0.1178799718618393,0.1178799718618393,0.11528202891349792,0.1156633123755455
2026-01-31 00:00:00+00:00,0.11566100269556046,0.11566100269556046,0.11479286104440689,0.11500168591737747
2026-01-31 04:00:00+00:00,0.11500174552202225,0.1152443215250969,0.11233670264482498,0.11258772760629654
2026-01-31 08:00:00+00:00,0.1125822365283966,0.11276260018348694,0.11071804165840149,0.11167768388986588
2026-01-31 12:00:00+00:00,0.11168403923511505,0.11168403923511505,0.10619286447763443,0.10692562162876129
2026-01-31 16:00:00+00:00,0.10691650956869125,0.10767710953950882,0.09999676793813705,0.10196596384048462
2026-01-31 20:00:00+00:00,0.10193751007318497,0.10431773215532303,0.1007547676563263,0.10409838706254959
2026-02-01 00:00:00+00:00,0.10410763323307037,0.1053570955991745,0.10376685112714767,0.10478471219539642
2026-02-01 04:00:00+00:00,0.10478751361370087,0.1061224564909935,0.1045905128121376,0.10569636523723602
2026-02-01 08:00:00+00:00,0.10570601373910904,0.10629589110612869,0.1047038659453392,0.10578235238790512
2026-02-01 12:00:00+00:00,0.10577703267335892,0.10652516782283783,0.102837473154068,0.10401922464370728
2026-02-01 16:00:00+00:00,0.10399948805570602,0.10580900311470032,0.10307314246892929,0.10375731438398361
2026-02-01 20:00:00+00:00,0.10380182415246964,0.1051897257566452,0.10170035064220428,0.10434120148420334
2026-02-02 00:00:00+00:00,0.1043304055929184,0.10577244311571121,0.0999746322631836,0.10301420092582703
2026-02-02 04:00:00+00:00,0.10302543640136719,0.10464344918727875,0.0997372716665268,0.10322114080190659
2026-02-02 08:00:00+00:00,0.10320065915584564,0.10521974414587021,0.10311295837163925,0.10495109111070633
2026-02-02 12:00:00+00:00,0.1048957109451294,0.11002488434314728,0.1048957109451294,0.1093127503991127
2026-02-02 16:00:00+00:00,0.10931923240423203,0.1098216250538826,0.10788708180189133,0.10795701295137405
2026-02-02 20:00:00+00:00,0.1079196184873581,0.1085481271147728,0.10708296298980713,0.10786429792642593
2026-02-03 00:00:00+00:00,0.1078597903251648,0.10806620866060257,0.10587584227323532,0.10744641721248627
2026-02-03 04:00:00+00:00,0.10740883648395538,0.10836753994226456,0.1061277687549591,0.10817913711071014
2026-02-03 08:00:00+00:00,0.10817285627126694,0.10881374776363373,0.10652561485767365,0.10670594871044159
2026-02-03 12:00:00+00:00,0.10670088231563568,0.10977806150913239,0.1057836189866066,0.10974651575088501
2026-02-03 16:00:00+00:00,0.10971948504447937,0.10998934507369995,0.1023527979850769,0.10636977851390839
2026-02-03 20:00:00+00:00,0.10636935383081436,0.10928084701299667,0.1052352786064148,0.10564398020505905
2026-02-04 00:00:00+00:00,0.10576533526182175,0.10909608006477356,0.10550615191459656,0.10886558890342712
2026-02-04 04:00:00+00:00,0.10885385423898697,0.1088828518986702,0.10741478949785233,0.10834379494190216
2026-02-04 08:00:00+00:00,0.10834082216024399,0.10845284163951874,0.10643760114908218,0.10719635337591171
2026-02-04 12:00:00+00:00,0.10719849914312363,0.10752533376216888,0.10309357196092606,0.10324731469154358
2026-02-04 16:00:00+00:00,0.10323318839073181,0.10514231771230698,0.1016223356127739,0.10514231771230698
2026-02-04 20:00:00+00:00,0.10508645325899124,0.10508645325899124,0.10146075487136841,0.10377047955989838
2026-02-05 00:00:00+00:00,0.10371991246938705,0.10428118705749512,0.10240358114242554,0.10247472673654556
2026-02-05 04:00:00+00:00,0.10246725380420685,0.10307715088129044,0.10082829743623734,0.10122168064117432
2026-02-05 08:00:00+00:00,0.10121767967939377,0.1025555208325386,0.09759833663702011,0.09838418662548065
2026-02-05 12:00:00+00:00,0.09842023253440857,0.09995269030332565,0.09294015169143677,0.09434287995100021
2026-02-05 16:00:00+00:00,0.09433110803365707,0.09488464146852493,0.09067793190479279,0.09089207649230957
2026-02-05 20:00:00+00:00,0.09091544151306152,0.0914173275232315,0.08736135065555573,0.08828604221343994
2026-02-06 00:00:00+00:00,0.08832518756389618,0.09073519706726074,0.0815725326538086,0.0896192416548729
2026-02-06 04:00:00+00:00,0.08965110033750534,0.0932019054889679,0.08959464728832245,0.09064127504825592
2026-02-06 08:00:00+00:00,0.09063972532749176,0.093985915184021,0.09039710462093353,0.09382259845733643
2026-02-06 12:00:00+00:00,0.09379947185516357,0.09669996052980423,0.09308288991451263,0.09649471938610077
2026-02-06 16:00:00+00:00,0.09647397696971893,0.10141477733850479,0.09638501703739166,0.09875722229480743
2026-02-06 20:00:00+00:00,0.09875617176294327,0.09954925626516342,0.09836548566818237,0.09848826378583908
2026-02-07 00:00:00+00:00,0.09847959131002426,0.09880674630403519,0.0974511057138443,0.09853996336460114
2026-02-07 04:00:00+00:00,0.09854736924171448,0.09901347756385803,0.09512659162282944,0.0959111675620079
2026-02-07 08:00:00+00:00,0.09591581672430038,0.09610048681497574,0.09497779607772827,0.09537076205015182
2026-02-07 12:00:00+00:00,0.09536775946617126,0.09726817160844803,0.09535741806030273,0.09664205461740494
2026-02-07 16:00:00+00:00,0.09664671868085861,0.09925095736980438,0.09664671868085861,0.09833282232284546
2026-02-07 20:00:00+00:00,0.0983414575457573,0.09867467731237411,0.09787707775831223,0.09827710688114166
2026-02-08 00:00:00+00:00,0.09827414155006409,0.09833835810422897,0.09699145704507828,0.09699162095785141
2026-02-08 04:00:00+00:00,0.09699470549821854,0.09746255725622177,0.09646416455507278,0.0967620313167572
2026-02-08 08:00:00+00:00,0.09676390141248703,0.09852158278226852,0.09650316834449768,0.09821934252977371
2026-02-08 12:00:00+00:00,0.09824161976575851,0.09834158420562744,0.09701664745807648,0.09721721708774567
2026-02-08 16:00:00+00:00,0.09721703082323074,0.0977223664522171,0.0953449159860611,0.0976676270365715
2026-02-08 20:00:00+00:00,0.09766795486211777,0.09842623025178909,0.09606325626373291,0.09673643112182617
2026-02-09 00:00:00+00:00,0.09667408466339111,0.09710904955863953,0.09591494500637054,0.09706547111272812
2026-02-09 04:00:00+00:00,0.09707815945148468,0.09707815945148468,0.09500250965356827,0.09532254934310913
2026-02-09 08:00:00+00:00,0.09530819952487946,0.09530819952487946,0.0926021859049797,0.09304233640432358
2026-02-09 12:00:00+00:00,0.09304758161306381,0.09537436813116074,0.09304758161306381,0.09518677741289139
2026-02-09 16:00:00+00:00,0.09513282775878906,0.09657857567071915,0.09442175924777985,0.0963556095957756
2026-02-09 20:00:00+00:00,0.09635021537542343,0.09684406220912933,0.09544114768505096,0.09602168202400208
2026-02-10 00:00:00+00:00,0.09602078050374985,0.09640942513942719,0.09457577019929886,0.09478960931301117
2026-02-10 04:00:00+00:00,0.0947912409901619,0.09545785188674927,0.09310423582792282,0.09364096075296402
2026-02-10 08:00:00+00:00,0.09364431351423264,0.09400048851966858,0.09281431138515472,0.09281431138515472
2026-02-10 12:00:00+00:00,0.09281755238771439,0.09348361194133759,0.09212793409824371,0.09292776137590408
2026-02-10 16:00:00+00:00,0.09298855811357498,0.09403874725103378,0.09233837574720383,0.09308411180973053
2026-02-10 20:00:00+00:00,0.09308478981256485,0.09308478981256485,0.09241890907287598,0.09269890934228897
2026-02-11 00:00:00+00:00,0.09269660711288452,0.09348069131374359,0.09232523292303085,0.09301719814538956
2026-02-11 04:00:00+00:00,0.09301261603832245,0.09310745447874069,0.09030874818563461,0.09067869931459427
2026-02-11 08:00:00+00:00,0.09067214280366898,0.09067214280366898,0.08945544064044952,0.09017683565616608
2026-02-11 12:00:00+00:00,0.09017927199602127,0.0919504463672638,0.08834332227706909,0.08905358612537384
2026-02-11 16:00:00+00:00,0.08904198557138443,0.09126385301351547,0.08886855095624924,0.09104005247354507
2026-02-11 20:00:00+00:00,0.09104001522064209,0.09208260476589203,0.0904187262058258,0.0910494327545166
2026-02-12 00:00:00+00:00,0.09104456752538681,0.09212947636842728,0.09104456752538681,0.09209463000297546
2026-02-12 04:00:00+00:00,0.09209335595369339,0.09289992600679398,0.09158077090978622,0.09281083196401596
2026-02-12 08:00:00+00:00,0.0928196981549263,0.09408008307218552,0.09244483709335327,0.09385900944471359
2026-02-12 12:00:00+00:00,0.09386678040027618,0.09436983615159988,0.09325563162565231,0.0934281125664711
2026-02-12 16:00:00+00:00,0.0934152826666832,0.0934152826666832,0.0909319594502449,0.09173554182052612
2026-02-12 20:00:00+00:00,0.09171797335147858,0.09327537566423416,0.0908997431397438,0.09298909455537796
2026-02-13 00:00:00+00:00,0.0929325595498085,0.09314192831516266,0.0921957716345787,0.09288095682859421
2026-02-13 04:00:00+00:00,0.09288093447685242,0.09328778833150864,0.09180720895528793,0.09300108253955841
2026-02-13 08:00:00+00:00,0.09298772364854813,0.09395309537649155,0.09298674762248993,0.09394550323486328
2026-02-13 12:00:00+00:00,0.09394200891256332,0.09633901715278625,0.09295427799224854,0.09513073414564133
2026-02-13 16:00:00+00:00,0.09513361752033234,0.09682340919971466,0.09513361752033234,0.09645187109708786
2026-02-13 20:00:00+00:00,0.09643936902284622,0.09744741767644882,0.09626647084951401,0.096582792699337
2026-02-14 00:00:00+00:00,0.0965864360332489,0.09687312692403793,0.09636249393224716,0.09684645384550095
2026-02-14 04:00:00+00:00,0.0968434289097786,0.09695016592741013,0.09642785787582397,0.09652972966432571
2026-02-14 08:00:00+00:00,0.09652481973171234,0.10076659917831421,0.09652481973171234,0.10070392489433289
2026-02-14 12:00:00+00:00,0.10069069266319275,0.10395882278680801,0.0993410125374794,0.10395882278680801
2026-02-14 16:00:00+00:00,0.10396179556846619,0.10908321291208267,0.10284462571144104,0.1085669994354248
2026-02-14 20:00:00+00:00,0.10857366025447845,0.11311966925859451,0.10837605595588684,0.11116818338632584
2026-02-15 00:00:00+00:00,0.11115042865276337,0.1149187907576561,0.11077694594860077,0.11480055749416351
2026-02-15 04:00:00+00:00,0.11476503312587738,0.11709800362586975,0.11440423876047134,0.11596191674470901
2026-02-15 08:00:00+00:00,0.1160253956913948,0.11615931987762451,0.11254541575908661,0.11260958760976791
2026-02-15 12:00:00+00:00,0.11260591447353363,0.11271308362483978,0.10750347375869751,0.1077953651547432
2026-02-15 16:00:00+00:00,0.10778311640024185,0.10778311640024185,0.1027384027838707,0.10288868099451065
2026-02-15 20:00:00+00:00,0.10287263989448547,0.1033075749874115,0.1018141433596611,0.10265672951936722
2026-02-16 00:00:00+00:00,0.10264576971530914,0.10298386216163635,0.10180836170911789,0.10211899131536484
2026-02-16 04:00:00+00:00,0.10211537778377533,0.10336005687713623,0.1015230119228363,0.10196201503276825
2026-02-16 08:00:00+00:00,0.10196123272180557,0.10316396504640579,0.10118720680475235,0.10180521011352539
2026-02-16 12:00:00+00:00,0.10175401717424393,0.1030363142490387,0.09887529164552689,0.09953237324953079
2026-02-16 16:00:00+00:00,0.09953437000513077,0.10103778541088104,0.09951307624578476,0.10037525743246078
2026-02-16 20:00:00+00:00,0.10036521404981613,0.10108967870473862,0.10001233965158463,0.10098151117563248
2026-02-17 00:00:00+00:00,0.10097439587116241,0.10120408982038498,0.09993176907300949,0.10052419453859329
2026-02-17 04:00:00+00:00,0.10052107274532318,0.10064701735973358,0.09927576035261154,0.09981104731559753
2026-02-17 08:00:00+00:00,0.09980915486812592,0.09993283450603485,0.09860745817422867,0.09882336109876633
2026-02-17 12:00:00+00:00,0.09882061183452606,0.10081543028354645,0.09877004474401474,0.10033934563398361
2026-02-17 16:00:00+00:00,0.10036452859640121,0.10299570113420486,0.09998474270105362,0.10113190859556198
2026-02-17 20:00:00+00:00,0.10113222897052765,0.10127811878919601,0.10048775374889374,0.10063094645738602
2026-02-18 00:00:00+00:00,0.10062915086746216,0.1013110876083374,0.10012837499380112,0.10125928372144699
2026-02-18 04:00:00+00:00,0.10125496983528137,0.1015685573220253,0.10073397308588028,0.10147351771593094
2026-02-18 08:00:00+00:00,0.10146922618150711,0.10183028876781464,0.09954648464918137,0.10034821182489395
2026-02-18 12:00:00+00:00,0.10035201907157898,0.10221381485462189,0.09962990880012512,0.10145902633666992
2026-02-18 16:00:00+00:00,0.10140512883663177,0.10140512883663177,0.09770194441080093,0.09832483530044556
2026-02-18 20:00:00+00:00,0.09837868809700012,0.09893032163381577,0.0980670228600502,0.09851296991109848
2026-02-19 00:00:00+00:00,0.09852370619773865,0.09874413162469864,0.09801817685365677,0.09864136576652527
2026-02-19 04:00:00+00:00,0.09863363206386566,0.09898950159549713,0.09703794866800308,0.0982227474451065
2026-02-19 08:00:00+00:00,0.09823634475469589,0.09826090931892395,0.09733361750841141,0.09767253696918488
2026-02-19 12:00:00+00:00,0.09766747057437897,0.09818083047866821,0.09668426215648651,0.09680784493684769
2026-02-19 16:00:00+00:00,0.09681851416826248,0.09819996356964111,0.09620871394872665,0.09802772104740143
2026-02-19 20:00:00+00:00,0.09803194552659988,0.09829099476337433,0.09749607741832733,0.09829099476337433
2026-02-20 00:00:00+00:00,0.09829267114400864,0.09930744767189026,0.09824660420417786,0.09866305440664291
2026-02-20 04:00:00+00:00,0.09866618365049362,0.09946999698877335,0.09831751137971878,0.0985339805483818
2026-02-20 08:00:00+00:00,0.09856414794921875,0.09933993965387344,0.0984339565038681,0.09855696558952332
2026-02-20 12:00:00+00:00,0.09852997213602066,0.09999148547649384,0.0959288626909256,0.09998023509979248
2026-02-20 16:00:00+00:00,0.10017970204353333,0.10205889493227005,0.09896866977214813,0.10021840780973434
2026-02-20 20:00:00+00:00,0.1002185270190239,0.10105209797620773,0.09984240680932999,0.1001228615641594
2026-02-21 00:00:00+00:00,0.10011216253042221,0.10019218921661377,0.09920178353786469,0.0997946485877037
2026-02-21 04:00:00+00:00,0.09979945421218872,0.10009968280792236,0.09976932406425476,0.10000871121883392
2026-02-21 08:00:00+00:00,0.10006161034107208,0.10086558014154434,0.09996157884597778,0.10002389550209045
2026-02-21 12:00:00+00:00,0.10007678717374802,0.10063473135232925,0.0997714102268219,0.1000557616353035
2026-02-21 16:00:00+00:00,0.1000194326043129,0.1000194326043129,0.09927071630954742,0.09943137317895889
2026-02-21 20:00:00+00:00,0.09942396730184555,0.0995129942893982,0.09847351163625717,0.098478302359581
2026-02-22 00:00:00+00:00,0.09843289107084274,0.09843356907367706,0.09691755473613739,0.09739014506340027
2026-02-22 04:00:00+00:00,0.09739181399345398,0.09742062538862228,0.09698142856359482,0.09726361185312271
2026-02-22 08:00:00+00:00,0.09726458042860031,0.097539022564888,0.0971100926399231,0.09734539687633514
2026-02-22 12:00:00+00:00,0.09734174609184265,0.09735146909952164,0.09531661868095398,0.09585339576005936
2026-02-22 16:00:00+00:00,0.09584998339414597,0.09584998339414597,0.09481237083673477,0.09504324942827225
2026-02-22 20:00:00+00:00,0.09502793848514557,0.09585162252187729,0.09475830942392349,0.09545216709375381
2026-02-23 00:00:00+00:00,0.09545407444238663,0.09564363956451416,0.09174992144107819,0.09295221418142319
2026-02-23 04:00:00+00:00,0.09291274100542068,0.09515762329101562,0.0923604741692543,0.09494294226169586
2026-02-23 08:00:00+00:00,0.09493053704500198,0.097039133310318,0.09451849013566971,0.09662768989801407
2026-02-23 12:00:00+00:00,0.0966426357626915,0.09743538498878479,0.09502455592155457,0.0950264185667038
2026-02-23 16:00:00+00:00,0.09497424960136414,0.09535277634859085,0.09270498156547546,0.09286915510892868
2026-02-23 20:00:00+00:00,0.09286017715930939,0.09346789866685867,0.09257332235574722,0.09257332235574722
2026-02-24 00:00:00+00:00,0.09264878928661346,0.09332580119371414,0.09162234514951706,0.09206624329090118
2026-02-24 04:00:00+00:00,0.09206648916006088,0.09208104759454727,0.09085221588611603,0.09119590371847153
2026-02-24 08:00:00+00:00,0.09119309484958649,0.09162098914384842,0.09092935919761658,0.09119117259979248
2026-02-24 12:00:00+00:00,0.09119991958141327,0.09231356531381607,0.09039117395877838,0.09174630790948868
2026-02-24 16:00:00+00:00,0.0917435958981514,0.09243055433034897,0.09149587899446487,0.0920482873916626
2026-02-24 20:00:00+00:00,0.09203939884901047,0.0922887921333313,0.09145810455083847,0.09146242588758469
2026-02-25 00:00:00+00:00,0.09144391119480133,0.09454793483018875,0.09105737507343292,0.09278654307126999
2026-02-25 04:00:00+00:00,0.09279514104127884,0.09285321831703186,0.09160557389259338,0.09275615960359573
2026-02-25 08:00:00+00:00,0.09275827556848526,0.09412699937820435,0.09262929856777191,0.09406068921089172
2026-02-25 12:00:00+00:00,0.09408881515264511,0.10230252891778946,0.09408881515264511,0.10167711973190308
2026-02-25 16:00:00+00:00,0.10171341896057129,0.104046531021595,0.10129339247941971,0.10387370735406876
2026-02-25 20:00:00+00:00,0.10386133193969727,0.10571792721748352,0.09981103241443634,0.10073765367269516
2026-02-26 00:00:00+00:00,0.10079283267259598,0.10140707343816757,0.10006411373615265,0.10091514885425568
2026-02-26 04:00:00+00:00,0.10091154277324677,0.10137832164764404,0.09949880093336105,0.09953679144382477
2026-02-26 08:00:00+00:00,0.0996006429195404,0.10034604370594025,0.09843313694000244,0.09849440306425095
2026-02-26 12:00:00+00:00,0.09849744290113449,0.09937597811222076,0.09765040874481201,0.09853560477495193
2026-02-26 16:00:00+00:00,0.09853702783584595,0.09861279278993607,0.09569849818944931,0.0973348617553711
2026-02-26 20:00:00+00:00,0.09735255688428879,0.0974670872092247,0.09656155854463577,0.09702754765748978
2026-02-27 00:00:00+00:00,0.09702908992767334,0.0975148156285286,0.09642492234706879,0.09743532538414001
2026-02-27 04:00:00+00:00,0.09743013978004456,0.09899108856916428,0.09743013978004456,0.09841419011354446
2026-02-27 08:00:00+00:00,0.098415307700634,0.09851287305355072,0.09494031965732574,0.09504236280918121
2026-02-27 12:00:00+00:00,0.09498890489339828,0.09531357884407043,0.09385684877634048,0.09412729740142822
2026-02-27 16:00:00+00:00,0.09403779357671738,0.09421850740909576,0.09292306005954742,0.09302288293838501
2026-02-27 20:00:00+00:00,0.09302131086587906,0.09339191019535065,0.09255529195070267,0.09337063878774643
2026-02-28 00:00:00+00:00,0.09336772561073303,0.09370340406894684,0.09322566539049149,0.09322566539049149
2026-02-28 04:00:00+00:00,0.09323440492153168,0.09333672374486923,0.0886046513915062,0.0894555002450943
2026-02-28 08:00:00+00:00,0.08944463729858398,0.08944463729858398,0.08792886883020401,0.08890265971422195
2026-02-28 12:00:00+00:00,0.0888972133398056,0.09159184247255325,0.08872601389884949,0.09076341986656189
2026-02-28 16:00:00+00:00,0.09076911211013794,0.09307504445314407,0.09043080359697342,0.09285900741815567
2026-02-28 20:00:00+00:00,0.09287449717521667,0.09464604407548904,0.09279321879148483,0.09406448155641556
2026-03-01 00:00:00+00:00,0.09411865472793579,0.097403883934021,0.0932082086801529,0.09603068977594376
2026-03-01 04:00:00+00:00,0.09604395925998688,0.09647522866725922,0.0945320874452591,0.09491213411092758
2026-03-01 08:00:00+00:00,0.09490635246038437,0.09490635246038437,0.09346627444028854,0.09357565641403198
2026-03-01 12:00:00+00:00,0.093568354845047,0.09503777325153351,0.0927240252494812,0.09418334811925888
2026-03-01 16:00:00+00:00,0.09399234503507614,0.09444256871938705,0.09183003753423691,0.09183003753423691
2026-03-01 20:00:00+00:00,0.09181211143732071,0.09303118288516998,0.09066973626613617,0.09192868322134018
2026-03-02 00:00:00+00:00,0.0919254943728447,0.09411923587322235,0.09191072732210159,0.09331662207841873
2026-03-02 04:00:00+00:00,0.09331248700618744,0.09343649446964264,0.09131818264722824,0.09180151671171188
2026-03-02 08:00:00+00:00,0.09179424494504929,0.092719666659832,0.09151654690504074,0.09183940291404724
2026-03-02 12:00:00+00:00,0.0918455645442009,0.09646503627300262,0.09087008982896805,0.09561598300933838
2026-03-02 16:00:00+00:00,0.09562467038631439,0.09722334891557693,0.09465111047029495,0.09542696923017502
2026-03-02 20:00:00+00:00,0.09548389166593552,0.09572727978229523,0.09346329420804977,0.09354697912931442
2026-03-03 00:00:00+00:00,0.0935404822230339,0.09367204457521439,0.09214974194765091,0.0925961509346962
2026-03-03 04:00:00+00:00,0.09258529543876648,0.09258529543876648,0.09128814190626144,0.09136221557855606
2026-03-03 08:00:00+00:00,0.09135305136442184,0.09140737354755402,0.08935163170099258,0.09007222950458527
2026-03-03 12:00:00+00:00,0.0900624692440033,0.09058206528425217,0.08901306241750717,0.090094193816185
2026-03-03 16:00:00+00:00,0.09012297540903091,0.09195353090763092,0.08935441821813583,0.0894622802734375
2026-03-03 20:00:00+00:00,0.08945579826831818,0.09058770537376404,0.08875158429145813,0.09003292769193649
2026-03-04 00:00:00+00:00,0.09002316743135452,0.09038176387548447,0.08883103728294373,0.08912231028079987
2026-03-04 04:00:00+00:00,0.08932588249444962,0.09005530923604965,0.08880820870399475,0.09004053473472595
2026-03-04 08:00:00+00:00,0.09004604071378708,0.09330235421657562,0.08989687263965607,0.09229043871164322
2026-03-04 12:00:00+00:00,0.09229285269975662,0.09894712269306183,0.09165611118078232,0.09887033700942993
2026-03-04 16:00:00+00:00,0.09887321293354034,0.10397092998027802,0.09771725535392761,0.10311203449964523
2026-03-04 20:00:00+00:00,0.10311119258403778,0.10327591747045517,0.0990275964140892,0.0990275964140892
2026-03-05 00:00:00+00:00,0.09903024882078171,0.09909351170063019,0.09602886438369751,0.09627782553434372
2026-03-05 04:00:00+00:00,0.09626922011375427,0.09719660133123398,0.09551435708999634,0.09551991522312164
2026-03-05 08:00:00+00:00,0.09556063264608383,0.09778789430856705,0.09551144391298294,0.09598924964666367
2026-03-05 12:00:00+00:00,0.09599101543426514,0.09633386135101318,0.09424024820327759,0.09432090818881989
2026-03-05 16:00:00+00:00,0.0942462608218193,0.09437460452318192,0.09292054176330566,0.09394800662994385
2026-03-05 20:00:00+00:00,0.09394613653421402,0.09467928856611252,0.0935293510556221,0.0935293510556221
2026-03-06 00:00:00+00:00,0.09354309737682343,0.09422985464334488,0.0933702290058136,0.09378615021705627
2026-03-06 04:00:00+00:00,0.09380295127630234,0.09424000233411789,0.09319998323917389,0.09401904046535492
2026-03-06 08:00:00+00:00,0.09400336444377899,0.09400336444377899,0.09262403100728989,0.09303371608257294
2026-03-06 12:00:00+00:00,0.09305648505687714,0.09334170818328857,0.09015844762325287,0.09029341489076614
2026-03-06 16:00:00+00:00,0.0903078019618988,0.09108058363199234,0.09007138013839722,0.0908394306898117
2026-03-06 20:00:00+00:00,0.09084108471870422,0.09156980365514755,0.09061405062675476,0.0912616103887558
2026-03-07 00:00:00+00:00,0.09125783294439316,0.09192582964897156,0.0911215990781784,0.09112375229597092
2026-03-07 04:00:00+00:00,0.09113218635320663,0.09113218635320663,0.09049306809902191,0.09057123959064484
2026-03-07 08:00:00+00:00,0.09057450294494629,0.09080097824335098,0.09014753997325897,0.09061885625123978
2026-03-07 12:00:00+00:00,0.09061519801616669,0.09061909466981888,0.08965890854597092,0.09001690149307251
2026-03-07 16:00:00+00:00,0.09001190960407257,0.09058721363544464,0.08954349905252457,0.08954349905252457
2026-03-07 20:00:00+00:00,0.08955396711826324,0.0901288241147995,0.08955396711826324,0.08993659168481827
2026-03-08 00:00:00+00:00,0.08993466198444366,0.0901511013507843,0.08910911530256271,0.08935225754976273
2026-03-08 04:00:00+00:00,0.08935686200857162,0.08963849395513535,0.08892986178398132,0.08925513923168182
2026-03-08 08:00:00+00:00,0.08927202969789505,0.09120353311300278,0.08907739073038101,0.0893734022974968
2026-03-08 12:00:00+00:00,0.0893472358584404,0.08938096463680267,0.08828558772802353,0.08872523158788681
2026-03-08 16:00:00+00:00,0.0887286439538002,0.08959449082612991,0.08841095119714737,0.0892762616276741
2026-03-08 20:00:00+00:00,0.089289590716362,0.08990532904863358,0.08748115599155426,0.0891629308462143
2026-03-09 00:00:00+00:00,0.089179627597332,0.09141422063112259,0.08912934362888336,0.09038934856653214
2026-03-09 04:00:00+00:00,0.0903821811079979,0.09152194112539291,0.08960490673780441,0.08999784290790558
2026-03-09 08:00:00+00:00,0.08999738097190857,0.09111357480287552,0.08981867879629135,0.09046860039234161
2026-03-09 12:00:00+00:00,0.09045155346393585,0.09233652055263519,0.09042273461818695,0.09125062078237534
2026-03-09 16:00:00+00:00,0.0911560207605362,0.09252014011144638,0.09077734500169754,0.09132379293441772
2026-03-09 20:00:00+00:00,0.09131672233343124,0.09168791770935059,0.09031414240598679,0.09038393944501877
2026-03-10 00:00:00+00:00,0.0903930515050888,0.09213563054800034,0.0903930515050888,0.09124459326267242
2026-03-10 04:00:00+00:00,0.09123697131872177,0.09236966818571091,0.09123697131872177,0.09224751591682434
2026-03-10 08:00:00+00:00,0.09227482974529266,0.09562133252620697,0.09227482974529266,0.09442692250013351
2026-03-10 12:00:00+00:00,0.09443522244691849,0.09935327619314194,0.09441377967596054,0.09884516894817352
2026-03-10 16:00:00+00:00,0.09921366721391678,0.10012888163328171,0.09446103125810623,0.09464149177074432
2026-03-10 20:00:00+00:00,0.09468013793230057,0.09522201120853424,0.09418506175279617,0.09454718232154846
2026-03-11 00:00:00+00:00,0.09454306215047836,0.09462396055459976,0.09256353974342346,0.09263050556182861
2026-03-11 04:00:00+00:00,0.09257123619318008,0.09313702583312988,0.09163621068000793,0.0919363722205162
2026-03-11 08:00:00+00:00,0.0919276773929596,0.09228462725877762,0.09165812283754349,0.09200652688741684
2026-03-11 12:00:00+00:00,0.09200179576873779,0.09457184374332428,0.09173735231161118,0.09242100268602371
2026-03-11 16:00:00+00:00,0.09241241216659546,0.0944615826010704,0.09237869083881378,0.09385623037815094
2026-03-11 20:00:00+00:00,0.09385168552398682,0.09397438913583755,0.09288688004016876,0.09288688004016876
2026-03-12 00:00:00+00:00,0.09289140999317169,0.09293751418590546,0.09192939102649689,0.09219317883253098
2026-03-12 04:00:00+00:00,0.09219502657651901,0.09278172999620438,0.0919099897146225,0.09277167916297913
2026-03-12 08:00:00+00:00,0.09277170896530151,0.09511473029851913,0.09249403327703476,0.09464754164218903
2026-03-12 12:00:00+00:00,0.09466832876205444,0.09571641683578491,0.09352684020996094,0.09405123442411423
2026-03-12 16:00:00+00:00,0.09408280998468399,0.09478981792926788,0.09352478384971619,0.09444939345121384
2026-03-12 20:00:00+00:00,0.09444091469049454,0.09518247842788696,0.09415511041879654,0.09473597258329391
2026-03-13 00:00:00+00:00,0.09474003314971924,0.09778320044279099,0.09473034739494324,0.09679374098777771
2026-03-13 04:00:00+00:00,0.09678926318883896,0.09678926318883896,0.09590750932693481,0.09644655138254166
2026-03-13 08:00:00+00:00,0.09643955528736115,0.1001010537147522,0.09627790004014969,0.1001010537147522
2026-03-13 12:00:00+00:00,0.10007753223180771,0.10158449411392212,0.09749358892440796,0.09787523001432419
2026-03-13 16:00:00+00:00,0.09805399924516678,0.09832996129989624,0.09552264213562012,0.09609206020832062
2026-03-13 20:00:00+00:00,0.09609673917293549,0.09671594947576523,0.09563492238521576,0.09594467282295227
2026-03-14 00:00:00+00:00,0.09594883024692535,0.09620237350463867,0.09535828232765198,0.09599701315164566
2026-03-14 04:00:00+00:00,0.09599822759628296,0.09636526554822922,0.09447754174470901,0.09467872977256775
2026-03-14 08:00:00+00:00,0.09467056393623352,0.09540675580501556,0.09415234625339508,0.09530141204595566
2026-03-14 12:00:00+00:00,0.095302514731884,0.09557592868804932,0.09461710602045059,0.09491333365440369
2026-03-14 16:00:00+00:00,0.0949154794216156,0.09540463984012604,0.09450266510248184,0.09475939720869064
2026-03-14 20:00:00+00:00,0.09477774053812027,0.096063032746315,0.09469299763441086,0.09599070250988007
2026-03-15 00:00:00+00:00,0.0959910973906517,0.09727124124765396,0.0955512598156929,0.09603715687990189
2026-03-15 04:00:00+00:00,0.09603822976350784,0.09638164192438126,0.09559226781129837,0.09563839435577393
2026-03-15 08:00:00+00:00,0.09564264863729477,0.09647916257381439,0.09564264863729477,0.09645472466945648
2026-03-15 12:00:00+00:00,0.09644660353660583,0.09650198370218277,0.09489040821790695,0.0950721949338913
2026-03-15 16:00:00+00:00,0.0950722023844719,0.09568502753973007,0.09467364102602005,0.09520066529512405
2026-03-15 20:00:00+00:00,0.09519761055707932,0.09793084114789963,0.09502798318862915,0.09739572554826736
2026-03-16 00:00:00+00:00,0.09739727526903152,0.10097544640302658,0.09714993834495544,0.10003085434436798
2026-03-16 04:00:00+00:00,0.10001590102910995,0.1024153009057045,0.10000782459974289,0.10230030119419098
2026-03-16 08:00:00+00:00,0.10225679725408554,0.10280337184667587,0.09947282820940018,0.09993483871221542
2026-03-16 12:00:00+00:00,0.09994321316480637,0.10299849510192871,0.09994321316480637,0.10011360049247742
2026-03-16 16:00:00+00:00,0.1001165360212326,0.10260269045829773,0.10009071230888367,0.10188061743974686
2026-03-16 20:00:00+00:00,0.10190136730670929,0.10336838662624359,0.10137655586004257,0.10314128547906876
2026-03-17 00:00:00+00:00,0.10313965380191803,0.10416354238986969,0.10096527636051178,0.10107731074094772
2026-03-17 04:00:00+00:00,0.1012006476521492,0.10154782235622406,0.09961871802806854,0.100582554936409
2026-03-17 08:00:00+00:00,0.10057821869850159,0.10132826119661331,0.10011938959360123,0.10013402253389359
2026-03-17 12:00:00+00:00,0.10013654083013535,0.10025237500667572,0.09864747524261475,0.09968841820955276
2026-03-17 16:00:00+00:00,0.09969641268253326,0.10109584778547287,0.09958435595035553,0.10027614235877991
2026-03-17 20:00:00+00:00,0.10024747997522354,0.10159637033939362,0.10009641200304031,0.10016119480133057
2026-03-18 00:00:00+00:00,0.10015974938869476,0.10172980278730392,0.09978009760379791,0.10106085240840912
2026-03-18 04:00:00+00:00,0.10112901031970978,0.10112901031970978,0.09930815547704697,0.09950114786624908
2026-03-18 08:00:00+00:00,0.09950259327888489,0.10000434517860413,0.09683642536401749,0.09697462618350983
2026-03-18 12:00:00+00:00,0.09698197990655899,0.09700091183185577,0.09430503100156784,0.09446342289447784
2026-03-18 16:00:00+00:00,0.09445411711931229,0.09544797986745834,0.09341773390769958,0.09464801847934723
2026-03-18 20:00:00+00:00,0.09464657306671143,0.09548816829919815,0.09415007382631302,0.09518278390169144
2026-03-19 00:00:00+00:00,0.09518183022737503,0.09592445939779282,0.09457607567310333,0.09547416865825653
2026-03-19 04:00:00+00:00,0.09547464549541473,0.09547464549541473,0.09347376972436905,0.09449885040521622
2026-03-19 08:00:00+00:00,0.09448864310979843,0.09514076262712479,0.09390552341938019,0.09398729354143143
2026-03-19 12:00:00+00:00,0.09398827701807022,0.09398827701807022,0.09233959019184113,0.09295164793729782
2026-03-19 16:00:00+00:00,0.0929519534111023,0.09383901953697205,0.0918901339173317,0.09337733685970306
2026-03-19 20:00:00+00:00,0.09337157011032104,0.09376519173383713,0.09311259537935257,0.09355185925960541
2026-03-20 00:00:00+00:00,0.09355482459068298,0.0945730060338974,0.09354055672883987,0.09415118396282196
2026-03-20 04:00:00+00:00,0.09414549916982651,0.09526409953832626,0.09384135901927948,0.09409637004137039
2026-03-20 08:00:00+00:00,0.09409578889608383,0.09483210742473602,0.09366065263748169,0.09397196769714355
2026-03-20 12:00:00+00:00,0.09397344291210175,0.09437108039855957,0.09338204562664032,0.09411468356847763
2026-03-20 16:00:00+00:00,0.0941329374909401,0.09424661844968796,0.0930030569434166,0.0937047228217125
2026-03-20 20:00:00+00:00,0.0937039703130722,0.09478137642145157,0.09328882396221161,0.09417173266410828
2026-03-21 00:00:00+00:00,0.09417135268449783,0.09490639716386795,0.09401379525661469,0.09476161748170853
2026-03-21 04:00:00+00:00,0.09476003795862198,0.0948898196220398,0.09436000138521194,0.09436041116714478
2026-03-21 08:00:00+00:00,0.09435681998729706,0.09443569928407669,0.09390348196029663,0.09399790316820145
2026-03-21 12:00:00+00:00,0.0939970389008522,0.0944293886423111,0.09360744059085846,0.0944293886423111
2026-03-21 16:00:00+00:00,0.09445551037788391,0.09458690136671066,0.09395071864128113,0.09410932660102844
2026-03-21 20:00:00+00:00,0.0941050574183464,0.09436582028865814,0.09111644327640533,0.09122386574745178
2026-03-22 00:00:00+00:00,0.09128718078136444,0.09272703528404236,0.09070172160863876,0.0923774242401123
2026-03-22 04:00:00+00:00,0.09237705171108246,0.09275133162736893,0.0914875939488411,0.0914875939488411
2026-03-22 08:00:00+00:00,0.09147370606660843,0.09148302674293518,0.09093420952558517,0.09108870476484299
2026-03-22 12:00:00+00:00,0.09109099954366684,0.09178777784109116,0.09109099954366684,0.09156572818756104
2026-03-22 16:00:00+00:00,0.09158152341842651,0.09170574694871902,0.09020867198705673,0.09049752354621887
2026-03-22 20:00:00+00:00,0.09049779921770096,0.09065770357847214,0.08932439982891083,0.09010418504476547
2026-03-23 00:00:00+00:00,0.09010916948318481,0.09124571084976196,0.09002683311700821,0.09066867083311081
2026-03-23 04:00:00+00:00,0.09066374599933624,0.0911334827542305,0.08988494426012039,0.09048133343458176
2026-03-23 08:00:00+00:00,0.0904814749956131,0.09455142915248871,0.08936675637960434,0.09253536909818649
2026-03-23 12:00:00+00:00,0.09254895150661469,0.09561409801244736,0.09220752120018005,0.09378013759851456
2026-03-23 16:00:00+00:00,0.09378640353679657,0.09555196017026901,0.09321586042642593,0.09483840316534042
2026-03-23 20:00:00+00:00,0.09483838081359863,0.09537380933761597,0.09359918534755707,0.0941905751824379
2026-03-24 00:00:00+00:00,0.09417939931154251,0.0942247062921524,0.09284606575965881,0.09376323223114014
2026-03-24 04:00:00+00:00,0.0937625989317894,0.09510502964258194,0.09322070330381393,0.09510502964258194
2026-03-24 08:00:00+00:00,0.0951010137796402,0.09547331184148788,0.09378264844417572,0.0941399335861206
2026-03-24 12:00:00+00:00,0.09419271349906921,0.09454945474863052,0.092860147356987,0.09342482686042786
2026-03-24 16:00:00+00:00,0.09342015534639359,0.09365174919366837,0.09249977767467499,0.09307948499917984
2026-03-24 20:00:00+00:00,0.09308093041181564,0.09523391723632812,0.09306684136390686,0.09510340541601181
2026-03-25 00:00:00+00:00,0.0951029434800148,0.09536316245794296,0.0945056900382042,0.09520087391138077
2026-03-25 04:00:00+00:00,0.09519490599632263,0.09753444790840149,0.09501693397760391,0.09678691625595093
2026-03-25 08:00:00+00:00,0.09677942842245102,0.09731404483318329,0.09655187278985977,0.09695480763912201
2026-03-25 12:00:00+00:00,0.09696006774902344,0.09771143645048141,0.0957169458270073,0.09597083926200867
2026-03-25 16:00:00+00:00,0.09596570581197739,0.09686677157878876,0.09595552831888199,0.09626524895429611
2026-03-25 20:00:00+00:00,0.0962887778878212,0.096486397087574,0.09576167166233063,0.09611870348453522
2026-03-26 00:00:00+00:00,0.09612403064966202,0.09618774801492691,0.09427731484174728,0.09457327425479889
2026-03-26 04:00:00+00:00,0.0945710688829422,0.0945710688829422,0.09240342676639557,0.09275614470243454
2026-03-26 08:00:00+00:00,0.09274573624134064,0.09274573624134064,0.09129411727190018,0.09132812172174454
2026-03-26 12:00:00+00:00,0.09133148193359375,0.09191486239433289,0.0909055694937706,0.09101349860429764
2026-03-26 16:00:00+00:00,0.09100502729415894,0.09143932908773422,0.09065980464220047,0.09117875248193741
2026-03-26 20:00:00+00:00,0.09116553515195847,0.09258643537759781,0.09095785021781921,0.09202223271131516
2026-03-27 00:00:00+00:00,0.0920206755399704,0.09256238490343094,0.09180007129907608,0.09193483740091324
2026-03-27 04:00:00+00:00,0.09194497019052505,0.09222374856472015,0.0915146917104721,0.09211120754480362
2026-03-27 08:00:00+00:00,0.09212445467710495,0.09222671389579773,0.08959414064884186,0.09003707021474838
2026-03-27 12:00:00+00:00,0.09003828465938568,0.09062694758176804,0.08937150985002518,0.09037521481513977
2026-03-27 16:00:00+00:00,0.09037875384092331,0.09037875384092331,0.08958127349615097,0.09003930538892746
2026-03-27 20:00:00+00:00,0.09003777801990509,0.09020582586526871,0.08964870125055313,0.09001791477203369
2026-03-28 00:00:00+00:00,0.0900198221206665,0.09058208763599396,0.08983644098043442,0.08983851224184036
2026-03-28 04:00:00+00:00,0.0898374691605568,0.09103886038064957,0.08970115333795547,0.09103886038064957
2026-03-28 08:00:00+00:00,0.09104198217391968,0.09192539751529694,0.09086334705352783,0.09136658161878586
2026-03-28 12:00:00+00:00,0.09136272966861725,0.09498286992311478,0.09121843427419662,0.09395691752433777
2026-03-28 16:00:00+00:00,0.09402976185083389,0.09409458935260773,0.09204166382551193,0.09217022359371185
2026-03-28 20:00:00+00:00,0.09217069298028946,0.09229252487421036,0.0907130166888237,0.09088747203350067
2026-03-29 00:00:00+00:00,0.09089627861976624,0.09149163216352463,0.09062907099723816,0.09137427061796188
2026-03-29 04:00:00+00:00,0.09137739986181259,0.09137739986181259,0.09082549065351486,0.0911472961306572
2026-03-29 08:00:00+00:00,0.09113892167806625,0.09124387800693512,0.09046629816293716,0.09096145629882812
2026-03-29 12:00:00+00:00,0.09095362573862076,0.09095362573862076,0.09009464830160141,0.09011844545602798
2026-03-29 16:00:00+00:00,0.09011860191822052,0.09062837064266205,0.09004030376672745,0.09052754938602448
2026-03-29 20:00:00+00:00,0.09052842110395432,0.0913887545466423,0.08869963139295578,0.0903974324464798
2026-03-30 00:00:00+00:00,0.09039822220802307,0.09255266189575195,0.0903407633304596,0.09233856946229935
2026-03-30 04:00:00+00:00,0.09233702719211578,0.09342428296804428,0.09233702719211578,0.09323199838399887
2026-03-30 08:00:00+00:00,0.09324691444635391,0.09362833946943283,0.0923006609082222,0.09284784644842148
2026-03-30 12:00:00+00:00,0.09285160154104233,0.09311046451330185,0.09236279875040054,0.0929214358329773
2026-03-30 16:00:00+00:00,0.09291069209575653,0.09291069209575653,0.09053158760070801,0.09091389179229736
2026-03-30 20:00:00+00:00,0.09085684269666672,0.09139828383922577,0.09041842073202133,0.09071075916290283
2026-03-31 00:00:00+00:00,0.09071711450815201,0.09231812506914139,0.09060702472925186,0.09158597886562347
2026-03-31 04:00:00+00:00,0.09159637987613678,0.09176698327064514,0.09104792773723602,0.09127132594585419
2026-03-31 08:00:00+00:00,0.09126816689968109,0.09133759886026382,0.08942996710538864,0.09024761617183685
2026-03-31 12:00:00+00:00,0.09029427915811539,0.09172139316797256,0.09026487171649933,0.09050217270851135
2026-03-31 16:00:00+00:00,0.09050019830465317,0.09237027168273926,0.09042265266180038,0.09198090434074402
2026-03-31 20:00:00+00:00,0.09199252724647522,0.09255937486886978,0.09149631857872009,0.09220822900533676
2026-04-01 00:00:00+00:00,0.09221182763576508,0.09251856803894043,0.09164193272590637,0.09232012182474136
2026-04-01 04:00:00+00:00,0.09231749922037125,0.09434022009372711,0.09218231588602066,0.09327493607997894
2026-04-01 08:00:00+00:00,0.09327179193496704,0.09327179193496704,0.09203741699457169,0.09250776469707489
2026-04-01 12:00:00+00:00,0.0925087109208107,0.0930529460310936,0.09223903715610504,0.09299591183662415
2026-04-01 16:00:00+00:00,0.09300791472196579,0.09406079351902008,0.09246091544628143,0.0928155705332756
2026-04-01 20:00:00+00:00,0.0928230732679367,0.09308535605669022,0.09219113737344742,0.09219113737344742
2026-04-02 00:00:00+00:00,0.09219936281442642,0.09259571880102158,0.08969477564096451,0.08996140956878662
2026-04-02 04:00:00+00:00,0.08997698873281479,0.09026908129453659,0.08936420828104019,0.09026908129453659
2026-04-02 08:00:00+00:00,0.09026194363832474,0.09043999016284943,0.08978057652711868,0.08994168043136597
2026-04-02 12:00:00+00:00,0.08994325250387192,0.09086263179779053,0.08923088759183884,0.09029392153024673
2026-04-02 16:00:00+00:00,0.09029870480298996,0.09068715572357178,0.08973182737827301,0.09024599939584732
2026-04-02 20:00:00+00:00,0.09024202823638916,0.09063267707824707,0.09015621244907379,0.09037385135889053
2026-04-03 00:00:00+00:00,0.09037557989358902,0.09066682308912277,0.08999168127775192,0.09055009484291077
2026-04-03 04:00:00+00:00,0.09055304527282715,0.09143120795488358,0.09036562591791153,0.09115766733884811
2026-04-03 08:00:00+00:00,0.09116553515195847,0.09155292809009552,0.0910971611738205,0.09145452827215195
2026-04-03 12:00:00+00:00,0.09145600348711014,0.09185782819986343,0.09094332158565521,0.09153900295495987
2026-04-03 16:00:00+00:00,0.09154124557971954,0.0924248918890953,0.0912826657295227,0.09179489314556122
2026-04-03 20:00:00+00:00,0.091792531311512,0.09226121008396149,0.09133261442184448,0.09153537452220917
2026-04-04 00:00:00+00:00,0.09153471887111664,0.09153471887111664,0.09099160879850388,0.09125087410211563
2026-04-04 04:00:00+00:00,0.09125039726495743,0.0914292261004448,0.09107387810945511,0.09132774919271469
2026-04-04 08:00:00+00:00,0.09132515639066696,0.09132740646600723,0.0908009335398674,0.09113487601280212
2026-04-04 12:00:00+00:00,0.09113601595163345,0.09170959144830704,0.09088259935379028,0.09166622906923294
2026-04-04 16:00:00+00:00,0.09167017787694931,0.09290017187595367,0.09156296402215958,0.09232741594314575
2026-04-04 20:00:00+00:00,0.09232030063867569,0.09233430027961731,0.0918499156832695,0.09201798588037491
2026-04-05 00:00:00+00:00,0.09205679595470428,0.09205733239650726,0.09135837852954865,0.09139908105134964
2026-04-05 04:00:00+00:00,0.09139758348464966,0.09139758348464966,0.09000268578529358,0.09007807821035385
2026-04-05 08:00:00+00:00,0.09007688611745834,0.0904940739274025,0.0900496393442154,0.0903543159365654
2026-04-05 12:00:00+00:00,0.09035506099462509,0.09103497117757797,0.08980778604745865,0.09070365130901337
2026-04-05 16:00:00+00:00,0.09070821106433868,0.09077569842338562,0.09025858342647552,0.09041998535394669
2026-04-05 20:00:00+00:00,0.09042461216449738,0.09231127798557281,0.09030771255493164,0.09226744621992111
2026-04-06 00:00:00+00:00,0.09226168692111969,0.09336396306753159,0.09174054861068726,0.09220453351736069
2026-04-06 04:00:00+00:00,0.09229952096939087,0.09276110678911209,0.09175071120262146,0.0920875295996666
2026-04-06 08:00:00+00:00,0.09208372235298157,0.09327805787324905,0.0919952392578125,0.09299434721469879
2026-04-06 12:00:00+00:00,0.09299575537443161,0.09308949112892151,0.09222158789634705,0.09282086044549942
2026-04-06 16:00:00+00:00,0.09282238781452179,0.09283052384853363,0.09171438217163086,0.0918784886598587
2026-04-06 20:00:00+00:00,0.09189122915267944,0.0919569879770279,0.09009184688329697,0.09059459716081619
2026-04-07 00:00:00+00:00,0.09059387445449829,0.09084805101156235,0.09040883928537369,0.09052858501672745
2026-04-07 04:00:00+00:00,0.0905228778719902,0.0907568708062172,0.09030837565660477,0.0906367152929306
2026-04-07 08:00:00+00:00,0.09062942862510681,0.0913744866847992,0.09039902687072754,0.09049483388662338
2026-04-07 12:00:00+00:00,0.0904952734708786,0.09074543416500092,0.0901302769780159,0.0903930589556694
2026-04-07 16:00:00+00:00,0.0903925970196724,0.09212908893823624,0.09038396179676056,0.09211789071559906
2026-04-07 20:00:00+00:00,0.09213963896036148,0.09582635015249252,0.0921238511800766,0.0950356125831604
2026-04-08 00:00:00+00:00,0.09502153098583221,0.0950893759727478,0.09387782961130142,0.09455765038728714
2026-04-08 04:00:00+00:00,0.09458036720752716,0.09494931250810623,0.09443403780460358,0.09451103210449219
2026-04-08 08:00:00+00:00,0.09452378749847412,0.09518726170063019,0.09398076683282852,0.09426064044237137
2026-04-08 12:00:00+00:00,0.09426454454660416,0.09496814757585526,0.09275981783866882,0.09344898909330368
2026-04-08 16:00:00+00:00,0.09344738721847534,0.09406289458274841,0.09282536059617996,0.09296932816505432
2026-04-08 20:00:00+00:00,0.09298523515462875,0.09370893239974976,0.09229673445224762,0.09239738434553146
2026-04-09 00:00:00+00:00,0.09239920228719711,0.09239920228719711,0.09133360534906387,0.09160245954990387
2026-04-09 04:00:00+00:00,0.09160153567790985,0.09163176268339157,0.09105520695447922,0.09142052382230759
2026-04-09 08:00:00+00:00,0.09141913801431656,0.09193699061870575,0.09128035604953766,0.09168226271867752
2026-04-09 12:00:00+00:00,0.09168162941932678,0.09297334402799606,0.09109586477279663,0.09296901524066925
2026-04-09 16:00:00+00:00,0.0929713100194931,0.09377944469451904,0.09222991019487381,0.09377937018871307
2026-04-09 20:00:00+00:00,0.09378350526094437,0.09459595382213593,0.09246256202459335,0.09252972900867462
2026-04-10 00:00:00+00:00,0.09253659099340439,0.09274142235517502,0.09217845648527145,0.09228859096765518
2026-04-10 04:00:00+00:00,0.09226302802562714,0.09312425553798676,0.09221582114696503,0.09221582114696503
2026-04-10 08:00:00+00:00,0.09222006052732468,0.09260402619838715,0.0920652523636818,0.09250339865684509
2026-04-10 12:00:00+00:00,0.09250476956367493,0.09451402723789215,0.09244635701179504,0.09330593049526215
2026-04-10 16:00:00+00:00,0.09331255406141281,0.09515927731990814,0.09331255406141281,0.09485771507024765
2026-04-10 20:00:00+00:00,0.09489071369171143,0.09508585929870605,0.09361538290977478,0.09373356401920319
2026-04-11 00:00:00+00:00,0.0937318205833435,0.09402261674404144,0.09333577752113342,0.09382020682096481
2026-04-11 04:00:00+00:00,0.09381850063800812,0.09381850063800812,0.09279800206422806,0.09288305789232254
2026-04-11 08:00:00+00:00,0.09288451820611954,0.09301190078258514,0.09275276958942413,0.09298772364854813
2026-04-11 12:00:00+00:00,0.09298773109912872,0.09306509792804718,0.09243138134479523,0.09281839430332184
2026-04-11 16:00:00+00:00,0.09281640499830246,0.09468988329172134,0.09278063476085663,0.09453660994768143
2026-04-11 20:00:00+00:00,0.0945679098367691,0.09477070719003677,0.0929509699344635,0.0931117907166481
2026-04-12 00:00:00+00:00,0.09311423450708389,0.0932253822684288,0.09102927148342133,0.09128354489803314
2026-04-12 04:00:00+00:00,0.09128159284591675,0.09154187887907028,0.09113471210002899,0.09147382527589798
2026-04-12 08:00:00+00:00,0.09147056937217712,0.09147056937217712,0.0910748764872551,0.09135854244232178
2026-04-12 12:00:00+00:00,0.09136021137237549,0.09139721840620041,0.09045077115297318,0.0906793475151062
2026-04-12 16:00:00+00:00,0.09066180884838104,0.0912940502166748,0.09060864895582199,0.0909733697772026
2026-04-12 20:00:00+00:00,0.09097413718700409,0.0916111022233963,0.09056791663169861,0.09083447605371475
2026-04-13 00:00:00+00:00,0.09083551168441772,0.09143587201833725,0.09082693606615067,0.09122641384601593
2026-04-13 04:00:00+00:00,0.09122493118047714,0.0914989560842514,0.09093189239501953,0.091071717441082
2026-04-13 08:00:00+00:00,0.09106006473302841,0.09120073914527893,0.09078425914049149,0.09094754606485367
2026-04-13 12:00:00+00:00,0.09094535559415817,0.09249971807003021,0.09092660993337631,0.09169235080480576
2026-04-13 16:00:00+00:00,0.0917242169380188,0.09319403767585754,0.09153247624635696,0.09318438172340393
2026-04-13 20:00:00+00:00,0.09315254539251328,0.09427746385335922,0.09253273159265518,0.09412609040737152
2026-04-14 00:00:00+00:00,0.09413380920886993,0.09418732672929764,0.09320550411939621,0.09362030774354935
2026-04-14 04:00:00+00:00,0.09360077977180481,0.09369563311338425,0.09278229624032974,0.09357725083827972
2026-04-14 08:00:00+00:00,0.0936240404844284,0.09520190209150314,0.09353290498256683,0.0943189337849617
2026-04-14 12:00:00+00:00,0.09435028582811356,0.09740723669528961,0.09391185641288757,0.09571287781000137
2026-04-14 16:00:00+00:00,0.09570435434579849,0.0959538072347641,0.09269139915704727,0.09276542067527771
2026-04-14 20:00:00+00:00,0.09284143149852753,0.09342999756336212,0.09258671849966049,0.09299000352621078
2026-04-15 00:00:00+00:00,0.09301000088453293,0.09364999830722809,0.09299000352621078,0.09318000078201294
2026-04-15 04:00:00+00:00,0.09318000078201294,0.0939600020647049,0.092739999294281,0.09284000098705292
2026-04-15 08:00:00+00:00,0.09286999702453613,0.09375999867916107,0.09264999628067017,0.09358000010251999
2026-04-15 12:00:00+00:00,0.09357000142335892,0.094200000166893,0.09317000210285187,0.09362000226974487
2026-04-15 16:00:00+00:00,0.09356000274419785,0.09674999862909317,0.0935399979352951,0.09610000252723694
2026-04-15 20:00:00+00:00,0.09611999988555908,0.09617000073194504,0.09442999958992004,0.09487000107765198
2026-04-16 00:00:00+00:00,0.09491000324487686,0.09741000086069107,0.09453999996185303,0.0970500037074089
2026-04-16 04:00:00+00:00,0.09703999757766724,0.09791000187397003,0.09612999856472015,0.0965299978852272
2026-04-16 08:00:00+00:00,0.09651000052690506,0.09662000089883804,0.0953499972820282,0.09640000015497208
2026-04-16 12:00:00+00:00,0.09634999930858612,0.09771999716758728,0.09452000260353088,0.0973299965262413
2026-04-16 16:00:00+00:00,0.09736000001430511,0.09988000243902206,0.09643000364303589,0.0994499996304512
2026-04-16 20:00:00+00:00,0.09949000179767609,0.09980999678373337,0.09803999960422516,0.09927000105381012
2026-04-17 00:00:00+00:00,0.09925000369548798,0.09962999820709229,0.09736999869346619,0.09774000197649002
2026-04-17 04:00:00+00:00,0.09777999669313431,0.09854000061750412,0.0967399999499321,0.09811999648809433
2026-04-17 08:00:00+00:00,0.09808000177145004,0.0995199978351593,0.09773000329732895,0.0987899973988533
2026-04-17 12:00:00+00:00,0.09880000352859497,0.10158000141382217,0.09848999977111816,0.10061000287532806
2026-04-17 16:00:00+00:00,0.10063000023365021,0.10224000364542007,0.09988000243902206,0.10007999837398529
2026-04-17 20:00:00+00:00,0.10006999969482422,0.10064999759197235,0.09898000210523605,0.09946999698877335
2026-04-18 00:00:00+00:00,0.0994499996304512,0.09980999678373337,0.09828999638557434,0.09855999797582626
2026-04-18 04:00:00+00:00,0.09859000146389008,0.09910999983549118,0.09811999648809433,0.09889999777078629
2026-04-18 08:00:00+00:00,0.09889999777078629,0.09890999644994736,0.09561999887228012,0.09606000036001205
2026-04-18 12:00:00+00:00,0.09604000300168991,0.09645000100135803,0.09549999982118607,0.09604000300168991
2026-04-18 16:00:00+00:00,0.09600000083446503,0.09621000289916992,0.09437999874353409,0.0948600023984909
2026-04-18 20:00:00+00:00,0.0948600023984909,0.09539999812841415,0.09465999901294708,0.0948299989104271
2026-04-19 00:00:00+00:00,0.0948299989104271,0.09512999653816223,0.09442000091075897,0.09482000023126602
2026-04-19 04:00:00+00:00,0.09477999806404114,0.09523999691009521,0.0936100035905838,0.09419000148773193
2026-04-19 08:00:00+00:00,0.09414999932050705,0.09498000144958496,0.09352999925613403,0.09458000212907791
2026-04-19 12:00:00+00:00,0.09455999732017517,0.09643000364303589,0.09431000053882599,0.095660001039505
2026-04-19 16:00:00+00:00,0.09564000368118286,0.0957299992442131,0.0938899964094162,0.09453999996185303
2026-04-19 20:00:00+00:00,0.09453000128269196,0.09453000128269196,0.0926399976015091,0.0930899977684021
2026-04-20 00:00:00+00:00,0.09309999644756317,0.09437999874353409,0.09297999739646912,0.0942699983716011
2026-04-20 04:00:00+00:00,0.09431000053882599,0.09548000246286392,0.09363999962806702,0.09459999948740005
2026-04-20 08:00:00+00:00,0.09463000297546387,0.0950699970126152,0.09408999979496002,0.0945499986410141
2026-04-20 12:00:00+00:00,0.09452000260353088,0.09544000029563904,0.09414000064134598,0.0949999988079071
2026-04-20 16:00:00+00:00,0.09500999748706818,0.09581000357866287,0.09442000091075897,0.09556999802589417
2026-04-20 20:00:00+00:00,0.0955599993467331,0.09612999856472015,0.09502000361680984,0.09525000303983688
2026-04-21 00:00:00+00:00,0.09526000171899796,0.09589000046253204,0.09467999637126923,0.09491000324487686
2026-04-21 04:00:00+00:00,0.09492000192403793,0.09585999697446823,0.09492000192403793,0.09532999992370605
2026-04-21 08:00:00+00:00,0.09532999992370605,0.09596999734640121,0.09523999691009521,0.09549999982118607
2026-04-21 12:00:00+00:00,0.09544999897480011,0.09572000056505203,0.09446000307798386,0.09477999806404114
2026-04-21 16:00:00+00:00,0.09482000023126602,0.09520000219345093,0.09358000010251999,0.09386000037193298
2026-04-21 20:00:00+00:00,0.09385000169277191,0.0952799990773201,0.09380999952554703,0.09519000351428986
2026-04-22 00:00:00+00:00,0.09525000303983688,0.09692999720573425,0.09489999711513519,0.09633000195026398
2026-04-22 04:00:00+00:00,0.09630999714136124,0.09830000251531601,0.0960099995136261,0.09756000339984894
2026-04-22 08:00:00+00:00,0.09758000075817108,0.09861999750137329,0.09735000133514404,0.09804999828338623
2026-04-22 12:00:00+00:00,0.09803999960422516,0.09835000336170197,0.09740000218153,0.09792999923229218
2026-04-22 16:00:00+00:00,0.09793999791145325,0.09822999686002731,0.0963200032711029,0.09677000343799591
2026-04-22 20:00:00+00:00,0.09674999862909317,0.09691999852657318,0.09561000019311905,0.09566999971866608
2026-04-23 00:00:00+00:00,0.09566999971866608,0.0966000035405159,0.09532999992370605,0.09564000368118286
2026-04-23 04:00:00+00:00,0.09560000151395798,0.09650000184774399,0.0955599993467331,0.09598000347614288
2026-04-23 08:00:00+00:00,0.09599000215530396,0.0963200032711029,0.09533999860286713,0.09619999676942825
2026-04-23 12:00:00+00:00,0.096220001578331,0.09803999960422516,0.09589999914169312,0.09740000218153
2026-04-23 16:00:00+00:00,0.09740000218153,0.09747999906539917,0.09521999955177307,0.09623000025749207
2026-04-23 20:00:00+00:00,0.09623000025749207,0.09771999716758728,0.09618999809026718,0.09715999662876129
2026-04-24 00:00:00+00:00,0.09722000360488892,0.09807000309228897,0.09684000164270401,0.09724000096321106
2026-04-24 04:00:00+00:00,0.09724999964237213,0.098130002617836,0.09698999673128128,0.09782999753952026
2026-04-24 08:00:00+00:00,0.09782999753952026,0.09854999929666519,0.09685999900102615,0.09822999686002731
2026-04-24 12:00:00+00:00,0.09821999818086624,0.09854999929666519,0.09730000048875809,0.09810999780893326
2026-04-24 16:00:00+00:00,0.09814999997615814,0.09850999712944031,0.097680002450943,0.09841000288724899
2026-04-24 20:00:00+00:00,0.09844999760389328,0.09956999868154526,0.09791000187397003,0.09845999628305435
2026-04-25 00:00:00+00:00,0.09845999628305435,0.09905000030994415,0.0980599969625473,0.09880000352859497
2026-04-25 04:00:00+00:00,0.09887000173330307,0.09909000247716904,0.09814000129699707,0.09845999628305435
2026-04-25 08:00:00+00:00,0.09843000024557114,0.0987199991941452,0.09788999706506729,0.09799999743700027
2026-04-25 12:00:00+00:00,0.09799999743700027,0.0987899973988533,0.09776999801397324,0.09820999950170517
2026-04-25 16:00:00+00:00,0.09818000346422195,0.09832999855279922,0.09741000086069107,0.09771999716758728
2026-04-25 20:00:00+00:00,0.09769999980926514,0.09826000034809113,0.09762000292539597,0.09801000356674194
2026-04-26 00:00:00+00:00,0.09799999743700027,0.09845999628305435,0.09763000160455704,0.09780000150203705
2026-04-26 04:00:00+00:00,0.09779000282287598,0.09871000051498413,0.09752000123262405,0.09860999882221222
2026-04-26 08:00:00+00:00,0.098580002784729,0.09917999804019928,0.09831999987363815,0.09905999898910522
2026-04-26 12:00:00+00:00,0.09909000247716904,0.09916000068187714,0.09815999865531921,0.09904000163078308
2026-04-26 16:00:00+00:00,0.09905999898910522,0.09968999773263931,0.09852000325918198,0.09920000284910202
2026-04-26 20:00:00+00:00,0.09922000020742416,0.09994000196456909,0.09875000268220901,0.09925000369548798
2026-04-27 00:00:00+00:00,0.09926000237464905,0.10083000361919403,0.0989300012588501,0.1002499982714653
2026-04-27 04:00:00+00:00,0.1002499982714653,0.10057000070810318,0.09763000160455704,0.09781999886035919
2026-04-27 08:00:00+00:00,0.09781000018119812,0.09852000325918198,0.09770999848842621,0.09849999845027924
2026-04-27 12:00:00+00:00,0.09849999845027924,0.09922999888658524,0.096950002014637,0.09719999879598618
2026-04-27 16:00:00+00:00,0.09714999794960022,0.09811999648809433,0.09707000106573105,0.09782999753952026
2026-04-27 20:00:00+00:00,0.097850002348423,0.09907999634742737,0.097850002348423,0.09893999993801117
2026-04-28 00:00:00+00:00,0.09895999729633331,0.09952999651432037,0.09860000014305115,0.09933000057935715
2026-04-28 04:00:00+00:00,0.09933999925851822,0.10095000267028809,0.09897000342607498,0.09963999688625336
2026-04-28 08:00:00+00:00,0.09957999736070633,0.09995000064373016,0.09850999712944031,0.09859000146389008
2026-04-28 12:00:00+00:00,0.09861999750137329,0.09950999915599823,0.0980599969625473,0.09950999915599823
2026-04-28 16:00:00+00:00,0.09952999651432037,0.09983000159263611,0.09917999804019928,0.09968999773263931
2026-04-28 20:00:00+00:00,0.0997299998998642,0.10017000138759613,0.09877999871969223,0.09933000057935715
2026-04-29 00:00:00+00:00,0.09933000057935715,0.10141000151634216,0.09922000020742416,0.1013299971818924
2026-04-29 04:00:00+00:00,0.10137999802827835,0.10537999868392944,0.10113999992609024,0.10491999983787537
2026-04-29 08:00:00+00:00,0.1050100028514862,0.11123000085353851,0.10464999824762344,0.1096699982881546
2026-04-29 12:00:00+00:00,0.10965000092983246,0.10967999696731567,0.10292000323534012,0.10337000340223312
2026-04-29 16:00:00+00:00,0.10328000038862228,0.10418999940156937,0.10097000002861023,0.10134000331163406
2026-04-29 20:00:00+00:00,0.10140000283718109,0.10412999987602234,0.10138999670743942,0.10402999818325043
2026-04-30 00:00:00+00:00,0.10408999770879745,0.10839000344276428,0.10391999781131744,0.1067499965429306
2026-04-30 04:00:00+00:00,0.10671000182628632,0.10705000162124634,0.10430999845266342,0.10698000341653824
2026-04-30 08:00:00+00:00,0.10707999765872955,0.10807999968528748,0.10570000112056732,0.10634999722242355
2026-04-30 12:00:00+00:00,0.10638000071048737,0.10746999830007553,0.10586000233888626,0.10701999813318253
2026-04-30 16:00:00+00:00,0.10700999945402145,0.10711000114679337,0.10538999736309052,0.10615000128746033
2026-04-30 20:00:00+00:00,0.10610999912023544,0.10681000351905823,0.10580000281333923,0.10644999891519547
2026-05-01 00:00:00+00:00,0.1063700020313263,0.10977999866008759,0.1063700020313263,0.10907000303268433
2026-05-01 04:00:00+00:00,0.10909999907016754,0.10941000282764435,0.10791999846696854,0.10822000354528427
2026-05-01 08:00:00+00:00,0.10819999873638153,0.10915999859571457,0.10726000368595123,0.10882999747991562
2026-05-01 12:00:00+00:00,0.10887999832630157,0.11050999909639359,0.10860999673604965,0.10944999754428864
2026-05-01 16:00:00+00:00,0.10943000018596649,0.10967999696731567,0.10847000032663345,0.1090800017118454
2026-05-01 20:00:00+00:00,0.10909000039100647,0.10969000309705734,0.10780999809503555,0.1084899976849556
2026-05-02 00:00:00+00:00,0.10853999853134155,0.10931999981403351,0.1080700010061264,0.1081399992108345
2026-05-02 04:00:00+00:00,0.1081399992108345,0.10836999863386154,0.1074799969792366,0.10790000110864639
2026-05-02 08:00:00+00:00,0.10789000242948532,0.10802999883890152,0.10741999745368958,0.10770999640226364
2026-05-02 12:00:00+00:00,0.10770999640226364,0.10919000208377838,0.10711999982595444,0.10899999737739563
2026-05-02 16:00:00+00:00,0.10896000266075134,0.10935000330209732,0.10824999958276749,0.10837999731302261
2026-05-02 20:00:00+00:00,0.10841000080108643,0.10919000208377838,0.10801000148057938,0.10849999636411667
2026-05-03 00:00:00+00:00,0.1084899976849556,0.10858999937772751,0.10711000114679337,0.10787999629974365
2026-05-03 04:00:00+00:00,0.10781999677419662,0.1082099974155426,0.10751000046730042,0.10789000242948532
2026-05-03 08:00:00+00:00,0.10789000242948532,0.1087300032377243,0.10750000178813934,0.10864000022411346
2026-05-03 12:00:00+00:00,0.10868000239133835,0.10930000245571136,0.10825999826192856,0.10845000296831131
2026-05-03 16:00:00+00:00,0.10847000032663345,0.10875999927520752,0.10805000364780426,0.10860999673604965
2026-05-03 20:00:00+00:00,0.10858999937772751,0.10961999744176865,0.10774999856948853,0.1082800030708313
2026-05-04 00:00:00+00:00,0.10822000354528427,0.11365000158548355,0.10766000300645828,0.11296000331640244
2026-05-04 04:00:00+00:00,0.11299999803304672,0.11351999640464783,0.11108999699354172,0.11231999844312668
2026-05-04 08:00:00+00:00,0.11229000240564346,0.11242000013589859,0.10890000313520432,0.1104699969291687
2026-05-04 12:00:00+00:00,0.11044000089168549,0.11264999955892563,0.10960999876260757,0.11023999750614166
2026-05-04 16:00:00+00:00,0.1102600023150444,0.11158999800682068,0.10986000299453735,0.11038000136613846
2026-05-04 20:00:00+00:00,0.11037000268697739,0.11095000058412552,0.10999000072479248,0.11007999628782272
2026-05-05 00:00:00+00:00,0.11010000109672546,0.11175999790430069,0.10997000336647034,0.11139000207185745
2026-05-05 04:00:00+00:00,0.11146999895572662,0.1119299978017807,0.11125999689102173,0.11144000291824341
2026-05-05 08:00:00+00:00,0.11145000159740448,0.1121399998664856,0.11073999851942062,0.11196000128984451
2026-05-05 12:00:00+00:00,0.11195000261068344,0.11292999982833862,0.11161000281572342,0.11236000061035156
2026-05-05 16:00:00+00:00,0.11243999749422073,0.1144300028681755,0.11168000102043152,0.11354000121355057
2026-05-05 20:00:00+00:00,0.1135300025343895,0.1164499968290329,0.11311999708414078,0.1148499995470047
2026-05-06 00:00:00+00:00,0.11489000171422958,0.11607000231742859,0.11389999836683273,0.11591999977827072
2026-05-06 04:00:00+00:00,0.11590000241994858,0.11623000353574753,0.11483000218868256,0.11574999988079071
2026-05-06 08:00:00+00:00,0.1157199963927269,0.11708000302314758,0.11561000347137451,0.11658000200986862
2026-05-06 12:00:00+00:00,0.11655999720096588,0.11677999794483185,0.11162000149488449,0.11309000104665756
2026-05-06 16:00:00+00:00,0.11307000368833542,0.11354999989271164,0.11253999918699265,0.11296000331640244
2026-05-06 20:00:00+00:00,0.11298999935388565,0.11324000358581543,0.11197999864816666,0.11247999966144562
2026-05-07 00:00:00+00:00,0.1124500036239624,0.11248999834060669,0.11016999930143356,0.11031000316143036
2026-05-07 04:00:00+00:00,0.1102600023150444,0.1117900013923645,0.11007999628782272,0.11169999837875366
2026-05-07 08:00:00+00:00,0.11168999969959259,0.11181999742984772,0.11078999936580658,0.1111299991607666
2026-05-07 12:00:00+00:00,0.11111000180244446,0.11159999668598175,0.10688000172376633,0.10798999667167664
2026-05-07 16:00:00+00:00,0.10796000063419342,0.10858000069856644,0.10715000331401825,0.10791999846696854
2026-05-07 20:00:00+00:00,0.10795000195503235,0.10840000212192535,0.10739000141620636,0.10785000026226044
2026-05-08 00:00:00+00:00,0.10791999846696854,0.10802999883890152,0.10605521500110626,0.10641027241945267
2026-05-08 04:00:00+00:00,0.10641027241945267,0.10653679072856903,0.10581265389919281,0.1063351109623909
2026-05-08 08:00:00+00:00,0.10633622854948044,0.10760913044214249,0.10632070153951645,0.10743755102157593
2026-05-08 12:00:00+00:00,0.10744191706180573,0.10818000137805939,0.10632000118494034,0.10806000232696533
2026-05-08 16:00:00+00:00,0.10806000232696533,0.10907000303268433,0.10726000368595123,0.1089399978518486
2026-05-08 20:00:00+00:00,0.10860999673604965,0.10970000177621841,0.10843999683856964,0.1095300018787384
2026-05-09 00:00:00+00:00,0.10954999923706055,0.11114999651908875,0.10938999801874161,0.11037000268697739
2026-05-09 04:00:00+00:00,0.11039000004529953,0.11129000037908554,0.1099499985575676,0.11020000278949738
2026-05-09 08:00:00+00:00,0.11020000278949738,0.11065000295639038,0.10950999706983566,0.10956999659538269
2026-05-09 12:00:00+00:00,0.10956999659538269,0.10975000262260437,0.10807999968528748,0.10862000286579132
2026-05-09 16:00:00+00:00,0.10860999673604965,0.10998000204563141,0.10843999683856964,0.10970000177621841
2026-05-09 20:00:00+00:00,0.10969000309705734,0.10971000045537949,0.10852999985218048,0.10871999710798264
2026-05-10 00:00:00+00:00,0.10869999974966049,0.10894999653100967,0.10785999894142151,0.10849999636411667
2026-05-10 04:00:00+00:00,0.10851000249385834,0.1087300032377243,0.10817000269889832,0.10849999636411667
2026-05-10 08:00:00+00:00,0.1084899976849556,0.10915999859571457,0.10785999894142151,0.10819999873638153
2026-05-10 12:00:00+00:00,0.10819000005722046,0.10909999907016754,0.10785999894142151,0.10909999907016754
2026-05-10 16:00:00+00:00,0.10913000255823135,0.11166000366210938,0.10887999832630157,0.11110000312328339
2026-05-10 20:00:00+00:00,0.11111000180244446,0.11281999945640564,0.10662999749183655,0.11235000193119049
2026-05-11 00:00:00+00:00,0.11246000230312347,0.11271999776363373,0.10840000212192535,0.10909999907016754
2026-05-11 04:00:00+00:00,0.10905999690294266,0.11010999977588654,0.1085600033402443,0.10922999680042267
2026-05-11 08:00:00+00:00,0.10925000160932541,0.11037000268697739,0.10871999710798264,0.1102600023150444
2026-05-11 12:00:00+00:00,0.11027999967336655,0.11095999926328659,0.10896000266075134,0.11088000237941742
2026-05-11 16:00:00+00:00,0.11085999757051468,0.11180000007152557,0.11037000268697739,0.11156000196933746
2026-05-11 20:00:00+00:00,0.11162000149488449,0.11175999790430069,0.11093000322580338,0.11128000169992447
2026-05-12 00:00:00+00:00,0.11123999953269958,0.11156000196933746,0.10975000262260437,0.11006999760866165
2026-05-12 04:00:00+00:00,0.11005000025033951,0.11124999821186066,0.10975000262260437,0.10984999686479568
2026-05-12 08:00:00+00:00,0.10990999639034271,0.11027000099420547,0.10853999853134155,0.10942000150680542
2026-05-12 12:00:00+00:00,0.10939999669790268,0.10956999659538269,0.10790000110864639,0.10865999758243561
2026-05-12 16:00:00+00:00,0.10864999890327454,0.11021000146865845,0.10750000178813934,0.10980000346899033
2026-05-12 20:00:00+00:00,0.10982999950647354,0.11067000031471252,0.10972999781370163,0.11012999713420868
2026-05-13 00:00:00+00:00,0.11011999845504761,0.11174000054597855,0.10992000252008438,0.11168999969959259
2026-05-13 04:00:00+00:00,0.11168000102043152,0.11269000172615051,0.11125999689102173,0.1122799962759018
2026-05-13 08:00:00+00:00,0.11230000108480453,0.11451999843120575,0.1120000034570694,0.11264999955892563
2026-05-13 12:00:00+00:00,0.11264000087976456,0.11305999755859375,0.10964000225067139,0.10988999903202057
2026-05-13 16:00:00+00:00,0.1098800003528595,0.11467000097036362,0.1098800003528595,0.11292000114917755
2026-05-13 20:00:00+00:00,0.11296000331640244,0.11395999789237976,0.11234000325202942,0.11259999871253967
2026-05-14 00:00:00+00:00,0.1125900000333786,0.1153699979186058,0.11212000250816345,0.11232999712228775
2026-05-14 04:00:00+00:00,0.11236000061035156,0.11534000188112259,0.11191999912261963,0.11384999752044678
2026-05-14 08:00:00+00:00,0.11386000365018845,0.11396999657154083,0.11275999993085861,0.11311999708414078
2026-05-14 12:00:00+00:00,0.11307000368833542,0.11657000333070755,0.1130099967122078,0.11393000185489655
2026-05-14 16:00:00+00:00,0.11411000043153763,0.11847999691963196,0.1133899986743927,0.11610999703407288
2026-05-14 20:00:00+00:00,0.1161699965596199,0.11683999747037888,0.1149900034070015,0.11541999876499176
2026-05-15 00:00:00+00:00,0.11541999876499176,0.11743000149726868,0.1151999980211258,0.11610999703407288
2026-05-15 04:00:00+00:00,0.11608999967575073,0.11608999967575073,0.1127299964427948,0.11485999822616577
2026-05-15 08:00:00+00:00,0.11488000303506851,0.11558999866247177,0.11383000016212463,0.11441999673843384
2026-05-15 12:00:00+00:00,0.1144300028681755,0.11445999890565872,0.11072000116109848,0.11151999980211258
2026-05-15 16:00:00+00:00,0.11146999895572662,0.11331000179052353,0.11145000159740448,0.11292000114917755
2026-05-15 20:00:00+00:00,0.11298000067472458,0.1137399971485138,0.11249999701976776,0.11330000311136246
2026-05-16 00:00:00+00:00,0.11327999830245972,0.11343999952077866,0.11226999759674072,0.11255999654531479
2026-05-16 04:00:00+00:00,0.11255999654531479,0.11259999871253967,0.10909999907016754,0.11009000241756439
2026-05-16 08:00:00+00:00,0.11005000025033951,0.11042000353336334,0.1082099974155426,0.10896000266075134
2026-05-16 12:00:00+00:00,0.10892999917268753,0.10988999903202057,0.10777000337839127,0.1096699982881546
2026-05-16 16:00:00+00:00,0.10963000357151031,0.11009000241756439,0.10926000028848648,0.10958000272512436
2026-05-16 20:00:00+00:00,0.10964000225067139,0.11016000062227249,0.10920999944210052,0.10931000113487244
2026-05-17 00:00:00+00:00,0.10933999717235565,0.10960999876260757,0.10805000364780426,0.10915999859571457
2026-05-17 04:00:00+00:00,0.10910999774932861,0.11033999919891357,0.10909999907016754,0.11010999977588654
2026-05-17 08:00:00+00:00,0.11012999713420868,0.11186999827623367,0.1097399964928627,0.11145000159740448
2026-05-17 12:00:00+00:00,0.1114799976348877,0.11274000257253647,0.11022000014781952,0.11037000268697739
2026-05-17 16:00:00+00:00,0.11042000353336334,0.11093000322580338,0.1095300018787384,0.11068999767303467
2026-05-17 20:00:00+00:00,0.11067000031471252,0.11125999689102173,0.10572999715805054,0.10892999917268753
2026-05-18 00:00:00+00:00,0.1089399978518486,0.10898000001907349,0.10582000017166138,0.1065400019288063
2026-05-18 04:00:00+00:00,0.10649999976158142,0.10699000209569931,0.10362999886274338,0.10425999760627747
2026-05-18 08:00:00+00:00,0.10425999760627747,0.10566999763250351,0.10372000187635422,0.10503999888896942
2026-05-18 12:00:00+00:00,0.1050100028514862,0.10640999674797058,0.10307999700307846,0.10384000092744827
2026-05-18 16:00:00+00:00,0.1038300022482872,0.10487999767065048,0.10248000174760818,0.10469000041484833
2026-05-18 20:00:00+00:00,0.1047699972987175,0.10548000037670135,0.10384999960660934,0.10470999777317047
2026-05-19 00:00:00+00:00,0.10471999645233154,0.10544999688863754,0.10384000092744827,0.10420999675989151
2026-05-19 04:00:00+00:00,0.10426999628543854,0.10531999915838242,0.10405000299215317,0.10509999841451645
2026-05-19 08:00:00+00:00,0.10514000058174133,0.10515999794006348,0.1035500019788742,0.10362999886274338
2026-05-19 12:00:00+00:00,0.10365000367164612,0.10453999787569046,0.10281000286340714,0.1035199984908104
2026-05-19 16:00:00+00:00,0.1035500019788742,0.10412000119686127,0.10305000096559525,0.10320000350475311
2026-05-19 20:00:00+00:00,0.10320000350475311,0.10369999706745148,0.10255999863147736,0.10290999710559845
2026-05-20 00:00:00+00:00,0.10289999842643738,0.10300999879837036,0.10181999951601028,0.1027899980545044
2026-05-20 04:00:00+00:00,0.10275000333786011,0.10402999818325043,0.10209999978542328,0.10349000245332718
2026-05-20 08:00:00+00:00,0.10350000113248825,0.10401999950408936,0.10337000340223312,0.10362999886274338
2026-05-20 12:00:00+00:00,0.10361000150442123,0.10486000031232834,0.10299000144004822,0.10412000119686127
2026-05-20 16:00:00+00:00,0.10413999855518341,0.10474999994039536,0.10354000329971313,0.10414999723434448
2026-05-20 20:00:00+00:00,0.1041100025177002,0.1043199971318245,0.1028899997472763,0.10362999886274338
2026-05-21 00:00:00+00:00,0.10360000282526016,0.1057400032877922,0.10356000065803528,0.10553000122308731
2026-05-21 04:00:00+00:00,0.10559000074863434,0.10604000091552734,0.10475999861955643,0.10554999858140945
2026-05-21 08:00:00+00:00,0.10553999990224838,0.10626000165939331,0.1037599965929985,0.10418999940156937
2026-05-21 12:00:00+00:00,0.10425999760627747,0.10486999899148941,0.10373000055551529,0.10458000004291534
2026-05-21 16:00:00+00:00,0.10459999740123749,0.10642000287771225,0.10412999987602234,0.10571999847888947
2026-05-21 20:00:00+00:00,0.10565999895334244,0.10599000006914139,0.1050499975681305,0.10554999858140945
2026-05-22 00:00:00+00:00,0.10558000206947327,0.10619000345468521,0.10492999851703644,0.10578999668359756
2026-05-22 04:00:00+00:00,0.1058100014925003,0.10608000308275223,0.10480999946594238,0.10547000169754028
2026-05-22 08:00:00+00:00,0.10548000037670135,0.1062999963760376,0.10540000349283218,0.1062999963760376
2026-05-22 12:00:00+00:00,0.10634999722242355,0.10666000097990036,0.10512000322341919,0.10597000271081924
2026-05-22 16:00:00+00:00,0.10595999658107758,0.10627000033855438,0.10264000296592712,0.10333000123500824
2026-05-22 20:00:00+00:00,0.10335999727249146,0.1042499989271164,0.10152000188827515,0.10225000232458115
2026-05-23 00:00:00+00:00,0.10226000100374222,0.10226000100374222,0.10068000108003616,0.1015700027346611
2026-05-23 04:00:00+00:00,0.1015700027346611,0.1016400009393692,0.0974700003862381,0.09881000220775604
2026-05-23 08:00:00+00:00,0.0987899973988533,0.09976000338792801,0.09869000315666199,0.09916000068187714
2026-05-23 12:00:00+00:00,0.09915000200271606,0.10187999904155731,0.09881000220775604,0.10097000002861023
2026-05-23 16:00:00+00:00,0.10102000087499619,0.10264000296592712,0.10066000372171402,0.10243000090122223
2026-05-23 20:00:00+00:00,0.10247000306844711,0.1049100011587143,0.10217999666929245,0.10293000191450119
2026-05-24 00:00:00+00:00,0.10298000276088715,0.10326000303030014,0.1026500016450882,0.1028200015425682
2026-05-24 04:00:00+00:00,0.10290999710559845,0.1031700000166893,0.10238999873399734,0.10277000069618225
2026-05-24 08:00:00+00:00,0.10277000069618225,0.10373999923467636,0.10253000259399414,0.10315000265836716
2026-05-24 12:00:00+00:00,0.10321000218391418,0.10322000086307526,0.1011200025677681,0.10181999951601028
2026-05-24 16:00:00+00:00,0.10180000215768814,0.10238999873399734,0.10174000263214111,0.10197000205516815
2026-05-24 20:00:00+00:00,0.10199999809265137,0.10238999873399734,0.10045000165700912,0.10215000063180923
2026-05-25 00:00:00+00:00,0.10221999883651733,0.1027199998497963,0.10162000358104706,0.10187999904155731
2026-05-25 04:00:00+00:00,0.10192999988794327,0.1031700000166893,0.10169000178575516,0.10267999768257141
2026-05-25 08:00:00+00:00,0.10267999768257141,0.10298000276088715,0.10226000100374222,0.10279999673366547
2026-05-25 12:00:00+00:00,0.10279999673366547,0.10350000113248825,0.10259000211954117,0.1028899997472763
2026-05-25 16:00:00+00:00,0.10292000323534012,0.10366000235080719,0.10259000211954117,0.10267999768257141
2026-05-25 20:00:00+00:00,0.1026500016450882,0.10279999673366547,0.10155999660491943,0.1020599976181984
2026-05-26 00:00:00+00:00,0.10210999846458435,0.10210999846458435,0.1003900021314621,0.10102000087499619
2026-05-26 04:00:00+00:00,0.10103999823331833,0.10200999677181244,0.1008400022983551,0.10103999823331833
2026-05-26 08:00:00+00:00,0.10103999823331833,0.10249000042676926,0.10090000182390213,0.10232000052928925
2026-05-26 12:00:00+00:00,0.10232000052928925,0.10371000319719315,0.10127999633550644,0.1019200012087822
2026-05-26 16:00:00+00:00,0.10188999772071838,0.1019899994134903,0.1001800000667572,0.10092999786138535
2026-05-26 20:00:00+00:00,0.10101000219583511,0.1012599989771843,0.10047999769449234,0.10087999701499939
2026-05-27 00:00:00+00:00,0.10091999918222427,0.10174000263214111,0.10090000182390213,0.10108000040054321
2026-05-27 04:00:00+00:00,0.10108000040054321,0.10217999666929245,0.1001800000667572,0.10200999677181244
2026-05-27 08:00:00+00:00,0.10200999677181244,0.10241000354290009,0.10141000151634216,0.10153000056743622
2026-05-27 12:00:00+00:00,0.10154999792575836,0.10313999652862549,0.10056000202894211,0.10238999873399734
2026-05-27 16:00:00+00:00,0.10239999741315842,0.10266000032424927,0.1008400022983551,0.1019899994134903
2026-05-27 20:00:00+00:00,0.10200999677181244,0.10221999883651733,0.09932000190019608,0.10034999996423721
2026-05-28 00:00:00+00:00,0.1003199964761734,0.10068999975919724,0.09792999923229218,0.09807000309228897
2026-05-28 04:00:00+00:00,0.09809999912977219,0.09866999834775925,0.09700000286102295,0.09855999797582626
2026-05-28 08:00:00+00:00,0.09859000146389008,0.09867999702692032,0.09762000292539597,0.0979200005531311
2026-05-28 12:00:00+00:00,0.09791000187397003,0.09852000325918198,0.09655000269412994,0.09828999638557434
2026-05-28 16:00:00+00:00,0.0982699990272522,0.10030999779701233,0.09781000018119812,0.09935999661684036
2026-05-28 20:00:00+00:00,0.0993800014257431,0.10035999864339828,0.0989999994635582,0.0994499996304512
2026-05-29 00:00:00+00:00,0.09946999698877335,0.09996999800205231,0.0987199991941452,0.09892000257968903
2026-05-29 04:00:00+00:00,0.09899000078439713,0.0997299998998642,0.09850999712944031,0.09948000311851501
2026-05-29 08:00:00+00:00,0.09950000047683716,0.09978000074625015,0.09856999665498734,0.09898000210523605
2026-05-29 12:00:00+00:00,0.09895999729633331,0.10102999955415726,0.09734000265598297,0.10029000043869019
2026-05-29 16:00:00+00:00,0.10028000175952911,0.10080000013113022,0.09905999898910522,0.09995000064373016
2026-05-29 20:00:00+00:00,0.09997999668121338,0.10036999732255936,0.09927000105381012,0.09956000000238419
2026-05-30 00:00:00+00:00,0.09962999820709229,0.10168000310659409,0.09935999661684036,0.10097000002861023
2026-05-30 04:00:00+00:00,0.1009799987077713,0.10160999745130539,0.10006999969482422,0.10113000124692917
2026-05-30 08:00:00+00:00,0.10113000124692917,0.1011900007724762,0.10041999816894531,0.10070999711751938
2026-05-30 12:00:00+00:00,0.10070999711751938,0.10140000283718109,0.10057000070810318,0.10117000341415405
2026-05-30 16:00:00+00:00,0.10119999945163727,0.10153999924659729,0.10102000087499619,0.10125000029802322
2026-05-30 20:00:00+00:00,0.10129000246524811,0.10140000283718109,0.10023999959230423,0.10046999901533127
2026-05-31 00:00:00+00:00,0.10046999901533127,0.1012599989771843,0.1003199964761734,0.10114999860525131
2026-05-31 04:00:00+00:00,0.10114999860525131,0.10120999813079834,0.10007999837398529,0.1004600003361702
2026-05-31 08:00:00+00:00,0.1004600003361702,0.10086999833583832,0.10010000318288803,0.10063000023365021
2026-05-31 12:00:00+00:00,0.10064999759197235,0.10107000172138214,0.09950000047683716,0.0997299998998642
2026-05-31 16:00:00+00:00,0.09971000254154205,0.09984999895095825,0.09899000078439713,0.09940999746322632
2026-05-31 20:00:00+00:00,0.09943000227212906,0.1008400022983551,0.09943000227212906,0.10029000043869019
2026-06-01 00:00:00+00:00,0.10029000043869019,0.10141000151634216,0.099590003490448,0.10096000134944916
2026-06-01 04:00:00+00:00,0.10098999738693237,0.10117000341415405,0.09901999682188034,0.0990699976682663
2026-06-01 08:00:00+00:00,0.09910000115633011,0.10022000223398209,0.09897000342607498,0.09980999678373337
2026-06-01 12:00:00+00:00,0.09983000159263611,0.09999000281095505,0.09784000366926193,0.09816999733448029
2026-06-01 16:00:00+00:00,0.09811999648809433,0.10048999637365341,0.09766999632120132,0.10047999769449234
2026-06-01 20:00:00+00:00,0.10050000250339508,0.10096000134944916,0.09939000010490417,0.10095000267028809
2026-06-02 00:00:00+00:00,0.1009799987077713,0.10108999907970428,0.09929999709129333,0.10079000145196915
2026-06-02 04:00:00+00:00,0.10080000013113022,0.10089000314474106,0.09849999845027924,0.09907999634742737
2026-06-02 08:00:00+00:00,0.09909000247716904,0.09933000057935715,0.09837000072002411,0.0986500009894371
2026-06-02 12:00:00+00:00,0.09864000231027603,0.09884999692440033,0.09357000142335892,0.09471999853849411
2026-06-02 16:00:00+00:00,0.0946900025010109,0.09617000073194504,0.09250999987125397,0.09392999857664108
2026-06-02 20:00:00+00:00,0.09386999905109406,0.09481000155210495,0.09109999984502792,0.09261000156402588
2026-06-03 00:00:00+00:00,0.0926399976015091,0.09341999888420105,0.09075000137090683,0.0914200022816658
2026-06-03 04:00:00+00:00,0.09145999699831009,0.0944100022315979,0.09145999699831009,0.09407000243663788
2026-06-03 08:00:00+00:00,0.09403999894857407,0.09440000355243683,0.09331999719142914,0.09384000301361084
2026-06-03 12:00:00+00:00,0.09387999773025513,0.0942699983716011,0.09261000156402588,0.0926399976015091
2026-06-03 16:00:00+00:00,0.09271000325679779,0.09291999787092209,0.09145999699831009,0.09166000038385391
2026-06-03 20:00:00+00:00,0.09164000302553177,0.09309999644756317,0.09059000015258789,0.09126000106334686
2026-06-04 00:00:00+00:00,0.09126000106334686,0.09172999858856201,0.08579999953508377,0.09121000021696091
2026-06-04 04:00:00+00:00,0.09121999889612198,0.09145999699831009,0.08866000175476074,0.08866000175476074
2026-06-04 08:00:00+00:00,0.08868999779224396,0.08910000324249268,0.08659999817609787,0.0878399983048439
2026-06-04 12:00:00+00:00,0.0878399983048439,0.09007000178098679,0.08755999803543091,0.08945000171661377
2026-06-04 16:00:00+00:00,0.08942999690771103,0.08990000188350677,0.08834999799728394,0.08896999806165695
2026-06-04 20:00:00+00:00,0.08895999938249588,0.08897999674081802,0.08688999712467194,0.08845999836921692
2026-06-05 00:00:00+00:00,0.08839000016450882,0.08867000043392181,0.08578000217676163,0.08584000170230865
2026-06-05 04:00:00+00:00,0.08587999641895294,0.08705999702215195,0.08203999698162079,0.08489000052213669
2026-06-05 08:00:00+00:00,0.08490999788045883,0.08523999899625778,0.08324000239372253,0.08395999670028687
2026-06-05 12:00:00+00:00,0.08393000066280365,0.08481000363826752,0.08093000203371048,0.08154000341892242
2026-06-05 16:00:00+00:00,0.08143000304698944,0.08340000361204147,0.0789399966597557,0.08098000288009644
2026-06-05 20:00:00+00:00,0.0810299962759018,0.08355999737977982,0.08004000037908554,0.08145000040531158
2026-06-06 00:00:00+00:00,0.08145000040531158,0.08299999684095383,0.08055000007152557,0.0810299962759018
2026-06-06 04:00:00+00:00,0.08101999759674072,0.08173999935388565,0.0776899978518486,0.08144000172615051
2026-06-06 08:00:00+00:00,0.08144000172615051,0.08251000195741653,0.07991000264883041,0.08122000098228455
2026-06-06 12:00:00+00:00,0.08122000098228455,0.0824500024318695,0.08084999769926071,0.08163999766111374
2026-06-06 16:00:00+00:00,0.08156999945640564,0.0820000022649765,0.08043999969959259,0.08066999912261963
2026-06-06 20:00:00+00:00,0.0806799978017807,0.08190000057220459,0.08043000102043152,0.08188000321388245
2026-06-07 00:00:00+00:00,0.08189000189304352,0.08376000076532364,0.08161000162363052,0.08348000049591064
2026-06-07 04:00:00+00:00,0.08350999653339386,0.08496999740600586,0.08292999863624573,0.08494000136852264
2026-06-07 08:00:00+00:00,0.08485999703407288,0.08594000339508057,0.08412999659776688,0.0845400020480156
2026-06-07 12:00:00+00:00,0.08456999808549881,0.08489000052213669,0.0831800028681755,0.08461999893188477
2026-06-07 16:00:00+00:00,0.08463999629020691,0.08524999767541885,0.08297000080347061,0.08332999795675278
2026-06-07 20:00:00+00:00,0.08327999711036682,0.0873899981379509,0.08308999985456467,0.08624999970197678
2026-06-08 00:00:00+00:00,0.08622000366449356,0.08679000288248062,0.0847800001502037,0.08585000038146973
2026-06-08 04:00:00+00:00,0.08586999773979187,0.0859299972653389,0.0843299999833107,0.08558999747037888
2026-06-08 08:00:00+00:00,0.08557000011205673,0.08674000203609467,0.08483999967575073,0.08632999658584595
2026-06-08 12:00:00+00:00,0.08634000271558762,0.08743000030517578,0.0857900008559227,0.08688999712467194
2026-06-08 16:00:00+00:00,0.08693999797105789,0.08747000247240067,0.08611000329256058,0.08676999807357788
2026-06-08 20:00:00+00:00,0.08679000288248062,0.08748000115156174,0.08613000065088272,0.0863099992275238
2026-06-09 00:00:00+00:00,0.08628000319004059,0.08641999959945679,0.0845400020480156,0.08528999984264374
2026-06-09 04:00:00+00:00,0.08525999635457993,0.08668000251054764,0.08502999693155289,0.08635000139474869
2026-06-09 08:00:00+00:00,0.08636999875307083,0.08639000356197357,0.0851299986243248,0.08547999709844589
2026-06-09 12:00:00+00:00,0.08545999974012375,0.08608999848365784,0.08402000367641449,0.08405999839305878
2026-06-09 16:00:00+00:00,0.08400999754667282,0.08538000285625458,0.08309999853372574,0.08515000343322754
2026-06-09 20:00:00+00:00,0.0851299986243248,0.08561000227928162,0.08438999950885773,0.08472999930381775
2026-06-10 00:00:00+00:00,0.08476000279188156,0.08511000126600266,0.08363000303506851,0.08389999717473984
2026-06-10 04:00:00+00:00,0.08389999717473984,0.08432000130414963,0.0832199975848198,0.08415000140666962
2026-06-10 08:00:00+00:00,0.08417999744415283,0.08417999744415283,0.08281999826431274,0.08320999890565872
2026-06-10 12:00:00+00:00,0.08320000022649765,0.08532000333070755,0.08298999816179276,0.08507999777793884
2026-06-10 16:00:00+00:00,0.08510000258684158,0.08516000211238861,0.08299999684095383,0.08305999636650085
2026-06-10 20:00:00+00:00,0.08304999768733978,0.08324000239372253,0.08180999755859375,0.08287999778985977
2026-06-11 00:00:00+00:00,0.08288999646902084,0.08513999730348587,0.08288999646902084,0.08494000136852264
2026-06-11 04:00:00+00:00,0.08493000268936157,0.08530999720096588,0.08450999855995178,0.08476000279188156
2026-06-11 08:00:00+00:00,0.08477000147104263,0.08546999841928482,0.08468999713659286,0.08522000163793564
2026-06-11 12:00:00+00:00,0.0851999968290329,0.08534999936819077,0.08417999744415283,0.08483999967575073
2026-06-11 16:00:00+00:00,0.08485999703407288,0.08693999797105789,0.08428999781608582,0.08641999959945679
2026-06-11 20:00:00+00:00,0.0864500030875206,0.08664000034332275,0.08590000122785568,0.08597999811172485
2026-06-12 00:00:00+00:00,0.08598999679088593,0.0864500030875206,0.0854400023818016,0.0864500030875206
2026-06-12 04:00:00+00:00,0.08647000044584274,0.08720000088214874,0.08500000089406967,0.08583000302314758
2026-06-12 08:00:00+00:00,0.0858599990606308,0.08716999739408493,0.0858599990606308,0.08686000108718872
2026-06-12 12:00:00+00:00,0.08682999759912491,0.09222999960184097,0.08659999817609787,0.0873899981379509
2026-06-12 16:00:00+00:00,0.0873199999332428,0.088919997215271,0.08715999871492386,0.08739999681711197
2026-06-12 20:00:00+00:00,0.0873899981379509,0.08777999877929688,0.08556000143289566,0.08594000339508057
2026-06-13 00:00:00+00:00,0.08591999858617783,0.08686000108718872,0.08578000217676163,0.08624999970197678
2026-06-13 04:00:00+00:00,0.0862400010228157,0.08716999739408493,0.08577000349760056,0.08702000230550766
2026-06-13 08:00:00+00:00,0.08699999749660492,0.08789999783039093,0.08685000240802765,0.08788999915122986
2026-06-13 12:00:00+00:00,0.08788999915122986,0.08877000212669373,0.0877000018954277,0.08829999715089798
2026-06-13 16:00:00+00:00,0.08831000328063965,0.08832000195980072,0.08731000125408173,0.08759000152349472
2026-06-13 20:00:00+00:00,0.08759000152349472,0.08857999742031097,0.08748999983072281,0.08784999698400497
2026-06-14 00:00:00+00:00,0.08781000226736069,0.08809000253677368,0.08754999935626984,0.0880500003695488
2026-06-14 04:00:00+00:00,0.0880500003695488,0.08810000121593475,0.08699999749660492,0.08713000267744064
2026-06-14 08:00:00+00:00,0.08714000135660172,0.08743000030517578,0.08674000203609467,0.08698999881744385
2026-06-14 12:00:00+00:00,0.08698999881744385,0.0870399996638298,0.0856499969959259,0.08624999970197678
2026-06-14 16:00:00+00:00,0.08624999970197678,0.08662000298500061,0.08609999716281891,0.08636999875307083
2026-06-14 20:00:00+00:00,0.0863799974322319,0.08904000371694565,0.08625999838113785,0.08883000165224075
2026-06-15 00:00:00+00:00,0.0888499990105629,0.08914999663829803,0.08821000158786774,0.08889999985694885
2026-06-15 04:00:00+00:00,0.088919997215271,0.08896999806165695,0.08833000063896179,0.08844000101089478
2026-06-15 08:00:00+00:00,0.08846999704837799,0.08997000008821487,0.08809000253677368,0.08967000246047974
2026-06-15 12:00:00+00:00,0.08967000246047974,0.09085000306367874,0.08906000107526779,0.09063000231981277
2026-06-15 16:00:00+00:00,0.09063000231981277,0.09063000231981277,0.0885699987411499,0.0888499990105629
2026-06-15 20:00:00+00:00,0.088919997215271,0.08918999880552292,0.08777999877929688,0.08807999640703201
2026-06-16 00:00:00+00:00,0.08805999904870987,0.08826000243425369,0.08675000071525574,0.08741000294685364
2026-06-16 04:00:00+00:00,0.08743000030517578,0.08778999745845795,0.08669000118970871,0.08778999745845795
2026-06-16 08:00:00+00:00,0.08777999877929688,0.08901000022888184,0.08756999671459198,0.08812999725341797
2026-06-16 12:00:00+00:00,0.08812999725341797,0.0888499990105629,0.08614999800920486,0.0871099978685379
2026-06-16 16:00:00+00:00,0.08709999918937683,0.08778999745845795,0.0863099992275238,0.08719000220298767
2026-06-16 20:00:00+00:00,0.08715000003576279,0.0877000018954277,0.0869000032544136,0.08705999702215195
2026-06-17 00:00:00+00:00,0.0871099978685379,0.08801999688148499,0.08692999929189682,0.0873899981379509
2026-06-17 04:00:00+00:00,0.08741000294685364,0.08773999661207199,0.08651000261306763,0.08681999891996384
2026-06-17 08:00:00+00:00,0.08679000288248062,0.08681999891996384,0.08545000106096268,0.08577000349760056
2026-06-17 12:00:00+00:00,0.08577000349760056,0.08720999956130981,0.08543000370264053,0.08720999956130981
2026-06-17 16:00:00+00:00,0.08722999691963196,0.08775000274181366,0.0849900022149086,0.08536999672651291
2026-06-17 20:00:00+00:00,0.08535999804735184,0.08619000017642975,0.08461999893188477,0.08584000170230865
2026-06-18 00:00:00+00:00,0.08587999641895294,0.08648999780416489,0.08518999814987183,0.08522000163793564
2026-06-18 04:00:00+00:00,0.08522000163793564,0.08533000200986862,0.08388999849557877,0.08483999967575073
2026-06-18 08:00:00+00:00,0.0848499983549118,0.08513999730348587,0.08423999696969986,0.08444000035524368
2026-06-18 12:00:00+00:00,0.08445999771356583,0.08479999750852585,0.0817599967122078,0.08190000057220459
2026-06-18 16:00:00+00:00,0.08184999972581863,0.08291999995708466,0.08184999972581863,0.08278000354766846
2026-06-18 20:00:00+00:00,0.08284000307321548,0.08350999653339386,0.08284000307321548,0.08343999832868576
2026-06-19 00:00:00+00:00,0.08344999700784683,0.08387000113725662,0.08251000195741653,0.08280999958515167
2026-06-19 04:00:00+00:00,0.08279000222682953,0.0829399973154068,0.08194000273942947,0.08225999772548676
2026-06-19 08:00:00+00:00,0.08224000036716461,0.08258000016212463,0.0820000022649765,0.08233000338077545
2026-06-19 12:00:00+00:00,0.08234000205993652,0.08336000144481659,0.08184999972581863,0.08310999721288681
2026-06-19 16:00:00+00:00,0.08310999721288681,0.08337000012397766,0.0826599970459938,0.08282999694347382
2026-06-19 20:00:00+00:00,0.08282999694347382,0.08361999690532684,0.08263999968767166,0.08347000181674957
2026-06-20 00:00:00+00:00,0.08343999832868576,0.08382999897003174,0.0829399973154068,0.0831800028681755
2026-06-20 04:00:00+00:00,0.0831800028681755,0.08422999829053879,0.08314000070095062,0.08400999754667282
2026-06-20 08:00:00+00:00,0.08400999754667282,0.08421999961137772,0.08370999991893768,0.08377999812364578
2026-06-20 12:00:00+00:00,0.08378999680280685,0.08410999923944473,0.08257000148296356,0.08365000039339066
2026-06-20 16:00:00+00:00,0.08365000039339066,0.08365000039339066,0.08275000005960464,0.0832500010728836
2026-06-20 20:00:00+00:00,0.0832500010728836,0.08392000198364258,0.08316999673843384,0.08360999822616577
2026-06-21 00:00:00+00:00,0.08364000171422958,0.08376000076532364,0.08335000276565552,0.0835999995470047
2026-06-21 04:00:00+00:00,0.08359000086784363,0.08370000123977661,0.08303999900817871,0.08340000361204147
2026-06-21 08:00:00+00:00,0.08342000097036362,0.0834600031375885,0.08271999657154083,0.0829399973154068
2026-06-21 12:00:00+00:00,0.08296000212430954,0.08352000266313553,0.0828699991106987,0.08333999663591385
2026-06-21 16:00:00+00:00,0.08336000144481659,0.08365999907255173,0.08307000249624252,0.08352000266313553
2026-06-21 20:00:00+00:00,0.08352000266313553,0.08354999870061874,0.08206000179052353,0.08212999999523163
2026-06-22 00:00:00+00:00,0.08216000348329544,0.08412999659776688,0.08216000348329544,0.08280999958515167
2026-06-22 04:00:00+00:00,0.08281999826431274,0.0835999995470047,0.08268000185489655,0.08340000361204147
2026-06-22 08:00:00+00:00,0.08342999964952469,0.08434999734163284,0.0832500010728836,0.08416000008583069
2026-06-22 12:00:00+00:00,0.08416000008583069,0.08495999872684479,0.08343999832868576,0.08354000002145767
2026-06-22 16:00:00+00:00,0.08354999870061874,0.08354999870061874,0.08240000158548355,0.0827300027012825
2026-06-22 20:00:00+00:00,0.0826599970459938,0.08292999863624573,0.08184000104665756,0.08237999677658081
2026-06-23 00:00:00+00:00,0.0823500007390976,0.08262000232934952,0.08133000135421753,0.08212000131607056
2026-06-23 04:00:00+00:00,0.08212000131607056,0.08214999735355377,0.07969000190496445,0.0798799991607666
2026-06-23 08:00:00+00:00,0.07985000312328339,0.07993999868631363,0.07840000092983246,0.07947999984025955
2026-06-23 12:00:00+00:00,0.07947000116109848,0.07972999662160873,0.07830999791622162,0.07872000336647034
2026-06-23 16:00:00+00:00,0.07873000204563141,0.07925999909639359,0.07824999839067459,0.0783500000834465
2026-06-23 20:00:00+00:00,0.07839000225067139,0.07902999967336655,0.07829999923706055,0.07879000157117844
2026-06-24 00:00:00+00:00,0.07880000025033951,0.07965999841690063,0.07870999723672867,0.07900000363588333
2026-06-24 04:00:00+00:00,0.07902999967336655,0.0793600007891655,0.07840999960899353,0.07874999940395355
2026-06-24 08:00:00+00:00,0.07878000289201736,0.07942000031471252,0.07795000076293945,0.07891999930143356
2026-06-24 12:00:00+00:00,0.07895000278949738,0.07896000146865845,0.07457000017166138,0.07470999658107758
2026-06-24 16:00:00+00:00,0.0746299996972084,0.07556000351905823,0.07276000082492828,0.07400999963283539
2026-06-24 20:00:00+00:00,0.07400999963283539,0.07635000348091125,0.07388000190258026,0.0760200023651123
2026-06-25 00:00:00+00:00,0.0760200023651123,0.07631999999284744,0.07582999765872955,0.07593999803066254
2026-06-25 04:00:00+00:00,0.07596000283956528,0.07735999673604965,0.07569000124931335,0.07722999900579453
2026-06-25 08:00:00+00:00,0.0772399976849556,0.07726000249385834,0.07565999776124954,0.07582999765872955
2026-06-25 12:00:00+00:00,0.07582999765872955,0.07628999650478363,0.07135000079870224,0.0733100026845932
2026-06-25 16:00:00+00:00,0.07332000136375427,0.0751900002360344,0.07283999770879745,0.07325000315904617
2026-06-25 20:00:00+00:00,0.07333999872207642,0.07518000155687332,0.07333000004291534,0.07479000091552734
2026-06-26 00:00:00+00:00,0.07481999695301056,0.07500000298023224,0.07209999859333038,0.07455000281333923
2026-06-26 04:00:00+00:00,0.07457000017166138,0.07517000287771225,0.07383999973535538,0.07498999685049057
2026-06-26 08:00:00+00:00,0.07503999769687653,0.07503999769687653,0.07321000099182129,0.0733800008893013
2026-06-26 12:00:00+00:00,0.0733800008893013,0.07523000240325928,0.07282999902963638,0.07490000128746033
2026-06-26 16:00:00+00:00,0.07490000128746033,0.07598999887704849,0.07451000064611435,0.0754299983382225
2026-06-26 20:00:00+00:00,0.07560999691486359,0.07597000151872635,0.07507999986410141,0.07568000257015228
2026-06-27 00:00:00+00:00,0.07568000257015228,0.07594999670982361,0.07500000298023224,0.07554999738931656
2026-06-27 04:00:00+00:00,0.07554999738931656,0.07586000114679337,0.0752900019288063,0.0757099986076355
2026-06-27 08:00:00+00:00,0.07566999644041061,0.07568000257015228,0.07485999912023544,0.07520999759435654
2026-06-27 12:00:00+00:00,0.07519999891519547,0.07631000131368637,0.07513000071048737,0.07610999792814255
2026-06-27 16:00:00+00:00,0.07611999660730362,0.0762299969792366,0.07441999763250351,0.07463999837636948
2026-06-27 20:00:00+00:00,0.07464999705553055,0.07487999647855759,0.07400000095367432,0.07440000027418137
2026-06-28 00:00:00+00:00,0.0743900015950203,0.07458999752998352,0.07398000359535217,0.0741799995303154
2026-06-28 04:00:00+00:00,0.07416000217199326,0.07418999820947647,0.07312999665737152,0.07366999983787537
2026-06-28 08:00:00+00:00,0.07365000247955322,0.07416000217199326,0.07320000231266022,0.07373999804258347
2026-06-28 12:00:00+00:00,0.07368999719619751,0.0738999992609024,0.07328999787569046,0.07346999645233154
2026-06-28 16:00:00+00:00,0.07349999994039536,0.0735199972987175,0.07252000272274017,0.07283999770879745
2026-06-28 20:00:00+00:00,0.07281000167131424,0.07356999814510345,0.07212000340223312,0.07304999977350235
2026-06-29 00:00:00+00:00,0.07305999845266342,0.07353000342845917,0.0718500018119812,0.07317999750375748
2026-06-29 04:00:00+00:00,0.07317999750375748,0.07337000221014023,0.07196000218391418,0.07265999913215637
2026-06-29 08:00:00+00:00,0.07266999781131744,0.0731000006198883,0.07214000076055527,0.07274000346660614
2026-06-29 12:00:00+00:00,0.0727899968624115,0.0737600028514862,0.07186999917030334,0.07270999997854233
2026-06-29 16:00:00+00:00,0.0727199986577034,0.07410000264644623,0.07199999690055847,0.0737999975681305
2026-06-29 20:00:00+00:00,0.07378000020980835,0.07401999831199646,0.07310999929904938,0.07334999740123749
2026-06-30 00:00:00+00:00,0.07329999655485153,0.07346999645233154,0.07218000292778015,0.07231999933719635
2026-06-30 04:00:00+00:00,0.07232999801635742,0.07248000055551529,0.07197999954223633,0.07229000329971313
2026-06-30 08:00:00+00:00,0.0722699984908104,0.07253000140190125,0.07111000269651413,0.0713300034403801
2026-06-30 12:00:00+00:00,0.07129000127315521,0.07129000127315521,0.06950999796390533,0.07058999687433243
2026-06-30 16:00:00+00:00,0.07058999687433243,0.07254999876022339,0.07046999782323837,0.07220999896526337
2026-06-30 20:00:00+00:00,0.07208999991416931,0.0722699984908104,0.07171999663114548,0.07196000218391418
2026-07-01 00:00:00+00:00,0.07197999954223633,0.07237999886274338,0.07044000178575516,0.07224000245332718
2026-07-01 04:00:00+00:00,0.07224000245332718,0.07255999743938446,0.07100000232458115,0.07139000296592712
2026-07-01 08:00:00+00:00,0.07135999947786331,0.07152000069618225,0.07074999809265137,0.07106000185012817
2026-07-01 12:00:00+00:00,0.07109999656677246,0.07349999994039536,0.07077000290155411,0.07329999655485153
2026-07-01 16:00:00+00:00,0.07329999655485153,0.07355999946594238,0.07264000177383423,0.07276000082492828
2026-07-01 20:00:00+00:00,0.07276999950408936,0.07385999709367752,0.07208999991416931,0.07214999943971634
2026-07-02 00:00:00+00:00,0.0721300020813942,0.07338999956846237,0.07159999758005142,0.07329999655485153
2026-07-02 04:00:00+00:00,0.07333000004291534,0.07333999872207642,0.07221999764442444,0.07247000187635422
2026-07-02 08:00:00+00:00,0.07244999706745148,0.0742499977350235,0.07241000235080719,0.07408999651670456
2026-07-02 12:00:00+00:00,0.07405000180006027,0.07546000182628632,0.07395999878644943,0.07444000244140625
2026-07-02 16:00:00+00:00,0.07446999847888947,0.07470999658107758,0.07402999699115753,0.07416000217199326
2026-07-02 20:00:00+00:00,0.07416000217199326,0.07428999990224838,0.07366999983787537,0.0741100013256073
2026-07-03 00:00:00+00:00,0.07412000000476837,0.07485999912023544,0.07385999709367752,0.07468999922275543
2026-07-03 04:00:00+00:00,0.07470999658107758,0.07530000060796738,0.07438000291585922,0.0752200037240982
2026-07-03 08:00:00+00:00,0.07523000240325928,0.07603000104427338,0.07468000054359436,0.07583999633789062
2026-07-03 12:00:00+00:00,0.07586000114679337,0.07727999985218048,0.07556000351905823,0.07627999782562256
2026-07-03 16:00:00+00:00,0.0763000026345253,0.07757999747991562,0.0760900005698204,0.07711999863386154
2026-07-03 20:00:00+00:00,0.07710999995470047,0.07840000092983246,0.07707999646663666,0.07746999710798264
2026-07-04 00:00:00+00:00,0.07746999710798264,0.07766000181436539,0.07654999941587448,0.07724999636411667
2026-07-04 04:00:00+00:00,0.07724999636411667,0.07806000113487244,0.07669000327587128,0.07684999704360962
2026-07-04 08:00:00+00:00,0.07686000317335129,0.07711999863386154,0.07656999677419662,0.07684999704360962
2026-07-04 12:00:00+00:00,0.07684999704360962,0.07865999639034271,0.07678999751806259,0.07851999998092651
2026-07-04 16:00:00+00:00,0.07844000309705734,0.07930000126361847,0.07801999896764755,0.07851000130176544
2026-07-04 20:00:00+00:00,0.07847999781370163,0.07865999639034271,0.07733000069856644,0.07757999747991562
2026-07-05 00:00:00+00:00,0.07757999747991562,0.07760000228881836,0.07563000172376633,0.07591000199317932
2026-07-05 04:00:00+00:00,0.07587999850511551,0.07631000131368637,0.0755700021982193,0.07611999660730362
2026-07-05 08:00:00+00:00,0.07609999924898148,0.07619000226259232,0.07525999844074249,0.07586000114679337
2026-07-05 12:00:00+00:00,0.07582999765872955,0.07727999985218048,0.0756400004029274,0.07709000259637833
2026-07-05 16:00:00+00:00,0.07706999778747559,0.07778000086545944,0.07683999836444855,0.07722999900579453
2026-07-05 20:00:00+00:00,0.07716000080108643,0.07874000072479248,0.07684999704360962,0.07779999822378159
2026-07-06 00:00:00+00:00,0.07778999954462051,0.07818999886512756,0.0770300030708313,0.07739000022411346
2026-07-06 04:00:00+00:00,0.07739000022411346,0.07739000022411346,0.07636000216007233,0.07686000317335129
2026-07-06 08:00:00+00:00,0.0768899992108345,0.07733999937772751,0.07648999989032745,0.07665999978780746
2026-07-06 12:00:00+00:00,0.07660000026226044,0.07660000026226044,0.07433000206947327,0.07619000226259232
2026-07-06 16:00:00+00:00,0.07616999745368958,0.07714000344276428,0.07592999935150146,0.07688000053167343
2026-07-06 20:00:00+00:00,0.07690999656915665,0.07829000055789948,0.07652000337839127,0.07660999894142151
2026-07-07 00:00:00+00:00,0.07661999762058258,0.0769599974155426,0.07490000128746033,0.07509999722242355
2026-07-07 04:00:00+00:00,0.07507000118494034,0.0755700021982193,0.07419999688863754,0.07491999864578247
2026-07-07 08:00:00+00:00,0.07491999864578247,0.07513000071048737,0.07429999858140945,0.07474000006914139
2026-07-07 12:00:00+00:00,0.07474999874830246,0.0753600001335144,0.07367999851703644,0.07513999938964844
2026-07-07 16:00:00+00:00,0.07514999806880951,0.07565999776124954,0.07406999915838242,0.07464999705553055
2026-07-07 20:00:00+00:00,0.07468999922275543,0.07479000091552734,0.07356999814510345,0.07412999868392944
2026-07-08 00:00:00+00:00,0.07413999736309052,0.07440999895334244,0.0723000019788742,0.07254999876022339
2026-07-08 04:00:00+00:00,0.07253000140190125,0.0727199986577034,0.07173000276088715,0.07238999754190445
2026-07-08 08:00:00+00:00,0.0723399966955185,0.07248000055551529,0.07096000015735626,0.07199999690055847
2026-07-08 12:00:00+00:00,0.07199999690055847,0.07225000113248825,0.07119999825954437,0.07181999832391739
2026-07-08 16:00:00+00:00,0.07180000096559525,0.0728600025177002,0.07176999747753143,0.07259999960660934
2026-07-08 20:00:00+00:00,0.07252000272274017,0.07270999997854233,0.07202000170946121,0.07235000282526016
2026-07-09 00:00:00+00:00,0.0723700001835823,0.07292000204324722,0.07191000133752823,0.0722000002861023
2026-07-09 04:00:00+00:00,0.07221999764442444,0.07312999665737152,0.07215999811887741,0.07275000214576721
2026-07-09 08:00:00+00:00,0.07274000346660614,0.0729999989271164,0.07219000160694122,0.07242999970912933
2026-07-09 12:00:00+00:00,0.07241000235080719,0.07283999770879745,0.0719899982213974,0.0725800022482872
2026-07-09 16:00:00+00:00,0.07259000092744827,0.07336000353097916,0.0723000019788742,0.0729999989271164
2026-07-09 20:00:00+00:00,0.07301999628543854,0.07350999861955643,0.07276000082492828,0.07282999902963638
2026-07-10 00:00:00+00:00,0.07287000119686127,0.07416000217199326,0.07260999828577042,0.07395999878644943
2026-07-10 04:00:00+00:00,0.0739699974656105,0.07421000301837921,0.07366999983787537,0.0737299993634224
2026-07-10 08:00:00+00:00,0.07374999672174454,0.07463999837636948,0.07372000068426132,0.07430999726057053
2026-07-10 12:00:00+00:00,0.07430999726057053,0.07445000112056732,0.07336000353097916,0.07400000095367432
2026-07-10 16:00:00+00:00,0.07400000095367432,0.07429999858140945,0.07361000031232834,0.0741100013256073
2026-07-10 20:00:00+00:00,0.0741100013256073,0.07422000169754028,0.07390999794006348,0.07405000180006027
2026-07-11 00:00:00+00:00,0.07405000180006027,0.07434000074863434,0.07385999709367752,0.07423999905586243
2026-07-11 04:00:00+00:00,0.07423999905586243,0.0746299996972084,0.07413999736309052,0.07422000169754028
2026-07-11 08:00:00+00:00,0.07423000037670135,0.07466000318527222,0.07407999783754349,0.07440999895334244
2026-07-11 12:00:00+00:00,0.0743900015950203,0.07553000003099442,0.0743200033903122,0.07526999711990356
2026-07-11 16:00:00+00:00,0.0752900019288063,0.07546000182628632,0.07486999779939651,0.07530000060796738
2026-07-11 20:00:00+00:00,0.07530999928712845,0.0753600001335144,0.07315000146627426,0.07317999750375748
2026-07-12 00:00:00+00:00,0.07316000014543533,0.07342000305652618,0.07225999981164932,0.07333999872207642
2026-07-12 04:00:00+00:00,0.07337000221014023,0.07349999994039536,0.07254999876022339,0.07287000119686127
2026-07-12 08:00:00+00:00,0.07287999987602234,0.0732399970293045,0.07267999649047852,0.07321000099182129
2026-07-12 12:00:00+00:00,0.07316000014543533,0.07382000237703323,0.07311999797821045,0.07366999983787537
2026-07-12 16:00:00+00:00,0.07370000332593918,0.07373999804258347,0.07328999787569046,0.07361000031232834
2026-07-12 20:00:00+00:00,0.07361000031232834,0.07361999899148941,0.07235000282526016,0.07269000262022018
2026-07-13 00:00:00+00:00,0.07265999913215637,0.07400000095367432,0.07159999758005142,0.07203000038862228
2026-07-13 04:00:00+00:00,0.07197999954223633,0.07247000187635422,0.07184000313282013,0.07229000329971313
2026-07-13 08:00:00+00:00,0.07232999801635742,0.07263000309467316,0.07203000038862228,0.07222999632358551
2026-07-13 12:00:00+00:00,0.07222999632358551,0.07253000140190125,0.07181999832391739,0.07202000170946121
2026-07-13 16:00:00+00:00,0.0719899982213974,0.07212000340223312,0.07086999714374542,0.07175999879837036
2026-07-13 20:00:00+00:00,0.07174000144004822,0.07190000265836716,0.07106000185012817,0.07187999784946442
2026-07-14 00:00:00+00:00,0.0719200000166893,0.07235000282526016,0.07135999947786331,0.07197999954223633
2026-07-14 04:00:00+00:00,0.07196000218391418,0.07236000150442123,0.0718500018119812,0.07207000255584717
2026-07-14 08:00:00+00:00,0.07207000255584717,0.07227999716997147,0.07188999652862549,0.07218000292778015
2026-07-14 12:00:00+00:00,0.07219000160694122,0.07511000335216522,0.07204999774694443,0.07483000308275223
2026-07-14 16:00:00+00:00,0.07487999647855759,0.07532999664545059,0.0740400031208992,0.07412999868392944
2026-07-14 20:00:00+00:00,0.07423000037670135,0.07462000101804733,0.0739699974656105,0.07440000027418137
2026-07-15 00:00:00+00:00,0.0743900015950203,0.0744599997997284,0.07360000163316727,0.07399000227451324
2026-07-15 04:00:00+00:00,0.0739699974656105,0.0748400017619133,0.0737600028514862,0.07395000010728836
2026-07-15 08:00:00+00:00,0.07395000010728836,0.07445000112056732,0.07343000173568726,0.07378999888896942
2026-07-15 12:00:00+00:00,0.07378999888896942,0.07518000155687332,0.07361999899148941,0.07457999885082245
2026-07-15 16:00:00+00:00,0.07461000233888626,0.07468999922275543,0.07328999787569046,0.07374999672174454
2026-07-15 20:00:00+00:00,0.0737299993634224,0.07417000085115433,0.0737299993634224,0.0740400031208992
2026-07-16 00:00:00+00:00,0.07400999963283539,0.07444000244140625,0.07355999946594238,0.07394000142812729
2026-07-16 04:00:00+00:00,0.07395000010728836,0.07425999641418457,0.07327000051736832,0.07349999994039536
2026-07-16 08:00:00+00:00,0.07349999994039536,0.07349999994039536,0.07259000092744827,0.07317999750375748
2026-07-16 12:00:00+00:00,0.07319000363349915,0.07388000190258026,0.07269000262022018,0.07355999946594238
2026-07-16 16:00:00+00:00,0.07356999814510345,0.07366999983787537,0.07291000336408615,0.07310999929904938
2026-07-16 20:00:00+00:00,0.0731000006198883,0.07327000051736832,0.07207000255584717,0.07236000150442123
2026-07-17 00:00:00+00:00,0.07231000065803528,0.07280000299215317,0.07180999964475632,0.07237999886274338
2026-07-17 04:00:00+00:00,0.07237999886274338,0.07238999754190445,0.07135999947786331,0.07161000370979309
2026-07-17 08:00:00+00:00,0.07163000106811523,0.07203999906778336,0.07111000269651413,0.07195000350475311
2026-07-17 12:00:00+00:00,0.07195000350475311,0.07221999764442444,0.07095000147819519,0.07208999991416931
2026-07-17 16:00:00+00:00,0.07208000123500824,0.0729300007224083,0.0719899982213974,0.07259999960660934
2026-07-17 20:00:00+00:00,0.07257000356912613,0.0728600025177002,0.0722699984908104,0.0725099965929985
2026-07-18 00:00:00+00:00,0.07252000272274017,0.07274000346660614,0.07236000150442123,0.07261999696493149
2026-07-18 04:00:00+00:00,0.07265999913215637,0.07265999913215637,0.07208999991416931,0.07225999981164932
2026-07-18 08:00:00+00:00,0.07225999981164932,0.07240000367164612,0.07191000133752823,0.0722000002861023
2026-07-18 12:00:00+00:00,0.07220999896526337,0.07246000319719315,0.07191000133752823,0.07214000076055527
2026-07-18 16:00:00+00:00,0.07212000340223312,0.07255999743938446,0.07203999906778336,0.0723399966955185
2026-07-18 20:00:00+00:00,0.0723399966955185,0.07252000272274017,0.07221999764442444,0.07248000055551529
2026-07-19 00:00:00+00:00,0.07248000055551529,0.07277999818325043,0.07231000065803528,0.07238999754190445
2026-07-19 04:00:00+00:00,0.07237999886274338,0.07259000092744827,0.07222999632358551,0.07242000102996826
2026-07-19 08:00:00+00:00,0.07241000235080719,0.07272999733686447,0.07231999933719635,0.07248000055551529
2026-07-19 12:00:00+00:00,0.07248000055551529,0.07274000346660614,0.07216999679803848,0.07241000235080719
2026-07-19 16:00:00+00:00,0.07241000235080719,0.07248000055551529,0.07175000011920929,0.07222999632358551
2026-07-19 20:00:00+00:00,0.07225000113248825,0.07254999876022339,0.07184000313282013,0.07241000235080719
2026-07-20 00:00:00+00:00,0.07236000150442123,0.07304999977350235,0.07216999679803848,0.07265999913215637
2026-07-20 04:00:00+00:00,0.07270999997854233,0.07270999997854233,0.07108999788761139,0.07179000228643417
2026-07-20 08:00:00+00:00,0.07176999747753143,0.07288999855518341,0.0714699998497963,0.07282999902963638
2026-07-20 12:00:00+00:00,0.07280000299215317,0.07342000305652618,0.07173000276088715,0.07329999655485153
2026-07-20 16:00:00+00:00,0.07333000004291534,0.07353000342845917,0.0714699998497963,0.07207000255584717
2026-07-20 20:00:00+00:00,0.07210999727249146,0.07231999933719635,0.07167000323534012,0.07212000340223312
2026-07-21 00:00:00+00:00,0.07207000255584717,0.0727899968624115,0.0718500018119812,0.0727199986577034
2026-07-21 04:00:00+00:00,0.0727199986577034,0.07328999787569046,0.07248999923467636,0.07327000051736832
2026-07-21 08:00:00+00:00,0.07328999787569046,0.07373999804258347,0.0732399970293045,0.07361000031232834
2026-07-21 12:00:00+00:00,0.07361999899148941,0.07367999851703644,0.0730699971318245,0.07342000305652618
2026-07-21 16:00:00+00:00,0.07344000041484833,0.07357999682426453,0.07295999675989151,0.07348000258207321
2026-07-21 20:00:00+00:00,0.07348000258207321,0.07357999682426453,0.07295999675989151,0.07334999740123749
2026-07-22 00:00:00+00:00,0.07336000353097916,0.0738300010561943,0.07316000014543533,0.07321000099182129
2026-07-22 04:00:00+00:00,0.0731699988245964,0.0734499990940094,0.07204999774694443,0.07215999811887741
2026-07-22 08:00:00+00:00,0.07215999811887741,0.07277999818325043,0.07215999811887741,0.07259999960660934
2026-07-22 12:00:00+00:00,0.07259999960660934,0.07326000183820724,0.07214000076055527,0.0730300024151802
2026-07-22 16:00:00+00:00,0.07305999845266342,0.07348000258207321,0.07224000245332718,0.07248000055551529
2026-07-22 20:00:00+00:00,0.07241000235080719,0.07289999723434448,0.0723700001835823,0.07287000119686127
2026-07-23 00:00:00+00:00,0.07295999675989151,0.07319000363349915,0.0727199986577034,0.07281000167131424
