Datetime,Open,High,Low,Close
2024-07-23 00:00:00+01:00,1.8245600461959839,1.8253300189971924,1.8223199844360352,1.8245099782943726
2024-07-23 04:00:00+01:00,1.824530005455017,1.8255800008773804,1.8232500553131104,1.8249200582504272
2024-07-23 08:00:00+01:00,1.8249499797821045,1.8249900341033936,1.8200099468231201,1.8206599950790405
2024-07-23 12:00:00+01:00,1.8206599950790405,1.8226799964904785,1.8201099634170532,1.8216899633407593
2024-07-23 16:00:00+01:00,1.821660041809082,1.8236099481582642,1.8208800554275513,1.8226200342178345
2024-07-23 20:00:00+01:00,1.82260000705719,1.8230299949645996,1.8195099830627441,1.8220000267028809
2024-07-24 00:00:00+01:00,1.8219799995422363,1.8278599977493286,1.821310043334961,1.8271499872207642
2024-07-24 04:00:00+01:00,1.8270900249481201,1.8337600231170654,1.8268699645996094,1.8291900157928467
2024-07-24 08:00:00+01:00,1.8291499614715576,1.8296600580215454,1.8250800371170044,1.8275500535964966
2024-07-24 12:00:00+01:00,1.8275400400161743,1.828529953956604,1.82368004322052,1.8250499963760376
2024-07-24 16:00:00+01:00,1.8250499963760376,1.8288999795913696,1.8242700099945068,1.8286999464035034
2024-07-24 20:00:00+01:00,1.8290899991989136,1.8295199871063232,1.8250900506973267,1.8284399509429932
2024-07-25 00:00:00+01:00,1.8283900022506714,1.8323099613189697,1.827720046043396,1.8302600383758545
2024-07-25 04:00:00+01:00,1.830299973487854,1.8338199853897095,1.8300399780273438,1.8317999839782715
2024-07-25 08:00:00+01:00,1.8318300247192383,1.8389300107955933,1.8310799598693848,1.8380299806594849
2024-07-25 12:00:00+01:00,1.8380399942398071,1.8426200151443481,1.8354500532150269,1.8384900093078613
2024-07-25 16:00:00+01:00,1.838379979133606,1.8418200016021729,1.8381500244140625,1.8411600589752197
2024-07-25 20:00:00+01:00,1.8411600589752197,1.8431299924850464,1.8394999504089355,1.8428699970245361
2024-07-26 00:00:00+01:00,1.842900037765503,1.8443000316619873,1.8415299654006958,1.8438199758529663
2024-07-26 04:00:00+01:00,1.8438400030136108,1.8450000286102295,1.840440034866333,1.8411799669265747
2024-07-26 08:00:00+01:00,1.8411500453948975,1.8416999578475952,1.8371299505233765,1.8409500122070312
2024-07-26 12:00:00+01:00,1.841130018234253,1.8447099924087524,1.8391900062561035,1.842810034751892
2024-07-26 16:00:00+01:00,1.842810034751892,1.8436299562454224,1.8412799835205078,1.842829942703247
2024-07-26 20:00:00+01:00,1.8428399562835693,1.8439500331878662,1.8401000499725342,1.8438199758529663
2024-07-29 00:00:00+01:00,1.843790054321289,1.844130039215088,1.8407700061798096,1.8423399925231934
2024-07-29 04:00:00+01:00,1.8423700332641602,1.8451600074768066,1.8411999940872192,1.8430299758911133
2024-07-29 08:00:00+01:00,1.8430800437927246,1.8448400497436523,1.840559959411621,1.841920018196106
2024-07-29 12:00:00+01:00,1.8419699668884277,1.8446300029754639,1.8409700393676758,1.8436299562454224
2024-07-29 16:00:00+01:00,1.8436000347137451,1.8447599411010742,1.8409099578857422,1.84142005443573
2024-07-29 20:00:00+01:00,1.841689944267273,1.842900037765503,1.8395299911499023,1.8398799896240234
2024-07-30 00:00:00+01:00,1.839750051498413,1.8432799577713013,1.83843994140625,1.83951997756958
2024-07-30 04:00:00+01:00,1.8394999504089355,1.839859962463379,1.8340500593185425,1.8344700336456299
2024-07-30 08:00:00+01:00,1.8342599868774414,1.8389899730682373,1.833400011062622,1.8384900093078613
2024-07-30 12:00:00+01:00,1.8384900093078613,1.8392599821090698,1.8310799598693848,1.83201003074646
2024-07-30 16:00:00+01:00,1.8320399522781372,1.8333300352096558,1.831220030784607,1.8316500186920166
2024-07-30 20:00:00+01:00,1.8318400382995605,1.833240032196045,1.8299399614334106,1.8315099477767944
2024-07-31 00:00:00+01:00,1.8313299417495728,1.8372199535369873,1.8264399766921997,1.8328200578689575
2024-07-31 04:00:00+01:00,1.8328299522399902,1.834879994392395,1.8260200023651123,1.8264399766921997
2024-07-31 08:00:00+01:00,1.8263800144195557,1.8318899869918823,1.8249599933624268,1.8302700519561768
2024-07-31 12:00:00+01:00,1.8299800157546997,1.8308099508285522,1.8207299709320068,1.821679949760437
2024-07-31 16:00:00+01:00,1.8217500448226929,1.8234599828720093,1.8163000345230103,1.81836998462677
2024-07-31 20:00:00+01:00,1.8185900449752808,1.8200199604034424,1.816499948501587,1.8181500434875488
2024-08-01 00:00:00+01:00,1.8180999755859375,1.8207900524139404,1.8162800073623657,1.8175599575042725
2024-08-01 04:00:00+01:00,1.8175499439239502,1.820539951324463,1.8169900178909302,1.8180500268936157
2024-08-01 08:00:00+01:00,1.8180099725723267,1.8184800148010254,1.8129199743270874,1.8145899772644043
2024-08-01 12:00:00+01:00,1.8145999908447266,1.8162000179290771,1.8066200017929077,1.8101600408554077
2024-08-01 16:00:00+01:00,1.8101500272750854,1.8144999742507935,1.8090300559997559,1.813349962234497
2024-08-01 20:00:00+01:00,1.8133800029754639,1.8162100315093994,1.812399983406067,1.8157000541687012
2024-08-02 00:00:00+01:00,1.8157700300216675,1.8184900283813477,1.8132699728012085,1.8135099411010742
2024-08-02 04:00:00+01:00,1.8136099576950073,1.8153200149536133,1.811169981956482,1.8121299743652344
2024-08-02 08:00:00+01:00,1.8121000528335571,1.8211499452590942,1.8111799955368042,1.8182300329208374
2024-08-02 12:00:00+01:00,1.8181899785995483,1.829859972000122,1.8144099712371826,1.8291599750518799
2024-08-02 16:00:00+01:00,1.8291900157928467,1.8317300081253052,1.8271199464797974,1.830839991569519
2024-08-02 20:00:00+01:00,1.8308600187301636,1.8315199613571167,1.8286499977111816,1.8306399583816528
2024-08-05 00:00:00+01:00,1.8325400352478027,1.8378299474716187,1.8320200443267822,1.8342700004577637
2024-08-05 04:00:00+01:00,1.8342900276184082,1.8648899793624878,1.8333899974822998,1.850100040435791
2024-08-05 08:00:00+01:00,1.8499699831008911,1.8527100086212158,1.8424400091171265,1.8431199789047241
2024-08-05 12:00:00+01:00,1.8431600332260132,1.8534599542617798,1.8389699459075928,1.8510199785232544
2024-08-05 16:00:00+01:00,1.8510500192642212,1.8519799709320068,1.8449499607086182,1.8476699590682983
2024-08-05 20:00:00+01:00,1.8473999500274658,1.8483099937438965,1.8422600030899048,1.84266996383667
2024-08-06 00:00:00+01:00,1.8427200317382812,1.8427300453186035,1.831030011177063,1.8400499820709229
2024-08-06 04:00:00+01:00,1.839959979057312,1.848889946937561,1.8389699459075928,1.8450299501419067
2024-08-06 08:00:00+01:00,1.8448799848556519,1.846869945526123,1.8411699533462524,1.842329978942871
2024-08-06 12:00:00+01:00,1.8423899412155151,1.844689965248108,1.835360050201416,1.840149998664856
2024-08-06 16:00:00+01:00,1.8401700258255005,1.8403700590133667,1.8327900171279907,1.8338799476623535
2024-08-06 20:00:00+01:00,1.8339300155639648,1.838320016860962,1.8232300281524658,1.825700044631958
2024-08-07 00:00:00+01:00,1.8257499933242798,1.8314299583435059,1.815310001373291,1.8186500072479248
2024-08-07 04:00:00+01:00,1.8185299634933472,1.8196899890899658,1.8126100301742554,1.8163800239562988
2024-08-07 08:00:00+01:00,1.8163700103759766,1.8191399574279785,1.8117400407791138,1.8127100467681885
2024-08-07 12:00:00+01:00,1.8127100467681885,1.818429946899414,1.8114800453186035,1.8167200088500977
2024-08-07 16:00:00+01:00,1.8167999982833862,1.823099970817566,1.8148200511932373,1.822890043258667
2024-08-07 20:00:00+01:00,1.8229700326919556,1.8233699798583984,1.8192499876022339,1.8232500553131104
2024-08-08 00:00:00+01:00,1.823349952697754,1.827370047569275,1.8192499876022339,1.8207900524139404
2024-08-08 04:00:00+01:00,1.8209400177001953,1.8250700235366821,1.819540023803711,1.8223899602890015
2024-08-08 08:00:00+01:00,1.8223199844360352,1.8251899480819702,1.821679949760437,1.8228600025177002
2024-08-08 12:00:00+01:00,1.8229199647903442,1.8243299722671509,1.814560055732727,1.8180299997329712
2024-08-08 16:00:00+01:00,1.8180099725723267,1.819409966468811,1.8162399530410767,1.8167699575424194
2024-08-08 20:00:00+01:00,1.8167799711227417,1.8174799680709839,1.813730001449585,1.817229986190796
2024-08-09 00:00:00+01:00,1.817039966583252,1.8183300495147705,1.8102099895477295,1.8108500242233276
2024-08-09 04:00:00+01:00,1.8108199834823608,1.8141900300979614,1.809059977531433,1.8124799728393555
2024-08-09 08:00:00+01:00,1.812540054321289,1.8155399560928345,1.8106399774551392,1.8152899742126465
2024-08-09 12:00:00+01:00,1.8152799606323242,1.818410038948059,1.8136800527572632,1.8143099546432495
2024-08-09 16:00:00+01:00,1.8143999576568604,1.82122004032135,1.8137099742889404,1.8196899890899658
2024-08-09 20:00:00+01:00,1.819700002670288,1.8202699422836304,1.8183599710464478,1.8192499876022339
2024-08-12 00:00:00+01:00,1.8202300071716309,1.8221499919891357,1.81496000289917,1.8165700435638428
2024-08-12 04:00:00+01:00,1.8169499635696411,1.8169499635696411,1.8140100240707397,1.8156499862670898
2024-08-12 08:00:00+01:00,1.8158199787139893,1.8187700510025024,1.8105900287628174,1.8121399879455566
2024-08-12 12:00:00+01:00,1.8124899864196777,1.8151799440383911,1.8106199502944946,1.8136800527572632
2024-08-12 16:00:00+01:00,1.8136800527572632,1.816640019416809,1.8133699893951416,1.8150999546051025
2024-08-12 20:00:00+01:00,1.8152199983596802,1.8167200088500977,1.8138699531555176,1.8149000406265259
2024-08-13 00:00:00+01:00,1.8148000240325928,1.816249966621399,1.8128399848937988,1.8140000104904175
2024-08-13 04:00:00+01:00,1.8140300512313843,1.814520001411438,1.8105800151824951,1.811210036277771
2024-08-13 08:00:00+01:00,1.8112000226974487,1.8115299940109253,1.8065299987792969,1.8094600439071655
2024-08-13 12:00:00+01:00,1.8094600439071655,1.8107800483703613,1.806839942932129,1.8083399534225464
2024-08-13 16:00:00+01:00,1.8086800575256348,1.810130000114441,1.8066099882125854,1.8085600137710571
2024-08-13 20:00:00+01:00,1.808899998664856,1.8104699850082397,1.8069299459457397,1.8097100257873535
2024-08-14 00:00:00+01:00,1.8097599744796753,1.8242199420928955,1.8068499565124512,1.8215199708938599
2024-08-14 04:00:00+01:00,1.8214900493621826,1.8313699960708618,1.8210099935531616,1.8281899690628052
2024-08-14 08:00:00+01:00,1.8281500339508057,1.8338899612426758,1.8265399932861328,1.829759955406189
2024-08-14 12:00:00+01:00,1.8298699855804443,1.8362300395965576,1.8290499448776245,1.8307100534439087
2024-08-14 16:00:00+01:00,1.8307100534439087,1.836959958076477,1.8302299976348877,1.8358099460601807
2024-08-14 20:00:00+01:00,1.8358099460601807,1.8370000123977661,1.8333899974822998,1.8352199792861938
2024-08-15 00:00:00+01:00,1.8356800079345703,1.839210033416748,1.8338299989700317,1.8347899913787842
2024-08-15 04:00:00+01:00,1.8351000547409058,1.835129976272583,1.8320399522781372,1.8336600065231323
2024-08-15 08:00:00+01:00,1.8336700201034546,1.835170030593872,1.8311500549316406,1.8325999975204468
2024-08-15 12:00:00+01:00,1.8325899839401245,1.8329099416732788,1.8261100053787231,1.8274999856948853
2024-08-15 16:00:00+01:00,1.8274699449539185,1.8332300186157227,1.8270599842071533,1.832200050354004
2024-08-15 20:00:00+01:00,1.8324099779129028,1.8344700336456299,1.830839991569519,1.833400011062622
2024-08-16 00:00:00+01:00,1.8332300186157227,1.8350600004196167,1.8281199932098389,1.8292499780654907
2024-08-16 04:00:00+01:00,1.8289300203323364,1.829609990119934,1.8224799633026123,1.8250000476837158
2024-08-16 08:00:00+01:00,1.8246300220489502,1.8269100189208984,1.8224200010299683,1.8243299722671509
2024-08-16 12:00:00+01:00,1.8246899843215942,1.8266799449920654,1.8226499557495117,1.824910044670105
2024-08-16 16:00:00+01:00,1.824910044670105,1.8252700567245483,1.8192700147628784,1.8203099966049194
2024-08-16 20:00:00+01:00,1.820289969444275,1.8217300176620483,1.8196099996566772,1.8208600282669067
2024-08-19 00:00:00+01:00,1.820889949798584,1.8218899965286255,1.8161699771881104,1.816849946975708
2024-08-19 04:00:00+01:00,1.816830039024353,1.8184000253677368,1.8132799863815308,1.817639946937561
2024-08-19 08:00:00+01:00,1.8176599740982056,1.8202699422836304,1.8160300254821777,1.8184000253677368
2024-08-19 12:00:00+01:00,1.8183399438858032,1.8183499574661255,1.8151999711990356,1.8161100149154663
2024-08-19 16:00:00+01:00,1.816100001335144,1.8174899816513062,1.81318998336792,1.8136600255966187
2024-08-19 20:00:00+01:00,1.8136999607086182,1.8150800466537476,1.8112800121307373,1.8122800588607788
2024-08-20 00:00:00+01:00,1.8125,1.8129899501800537,1.8096100091934204,1.8113399744033813
2024-08-20 04:00:00+01:00,1.8112599849700928,1.8124799728393555,1.806480050086975,1.808150053024292
2024-08-20 08:00:00+01:00,1.8081599473953247,1.8087400197982788,1.803030014038086,1.804460048675537
2024-08-20 12:00:00+01:00,1.8044699430465698,1.8078800439834595,1.803320050239563,1.80663001537323
2024-08-20 16:00:00+01:00,1.8066200017929077,1.8092999458312988,1.8058700561523438,1.8063700199127197
2024-08-20 20:00:00+01:00,1.806339979171753,1.8091299533843994,1.8059799671173096,1.8074500560760498
2024-08-21 00:00:00+01:00,1.8074300289154053,1.8092299699783325,1.8047399520874023,1.8088200092315674
2024-08-21 04:00:00+01:00,1.8087199926376343,1.8112399578094482,1.8064500093460083,1.8095200061798096
2024-08-21 08:00:00+01:00,1.8095899820327759,1.8117599487304688,1.809440016746521,1.811020016670227
2024-08-21 12:00:00+01:00,1.810979962348938,1.8111200332641602,1.80771005153656,1.8094700574874878
2024-08-21 16:00:00+01:00,1.8094199895858765,1.811110019683838,1.806820034980774,1.8093299865722656
2024-08-21 20:00:00+01:00,1.8093299865722656,1.8116799592971802,1.808459997177124,1.8101500272750854
2024-08-22 00:00:00+01:00,1.810189962387085,1.813330054283142,1.8090699911117554,1.8122199773788452
2024-08-22 04:00:00+01:00,1.812209963798523,1.8127299547195435,1.8087300062179565,1.8103300333023071
2024-08-22 08:00:00+01:00,1.8102999925613403,1.8109099864959717,1.804819941520691,1.8104599714279175
2024-08-22 12:00:00+01:00,1.810479998588562,1.8121999502182007,1.8080600500106812,1.8089300394058228
2024-08-22 16:00:00+01:00,1.8088699579238892,1.8107999563217163,1.8083300590515137,1.808899998664856
2024-08-22 20:00:00+01:00,1.8086800575256348,1.8107500076293945,1.8082200288772583,1.8094799518585205
2024-08-23 00:00:00+01:00,1.809630036354065,1.8099100589752197,1.8074699640274048,1.8088500499725342
2024-08-23 04:00:00+01:00,1.8088200092315674,1.8090100288391113,1.8061800003051758,1.8075799942016602
2024-08-23 08:00:00+01:00,1.8076000213623047,1.808609962463379,1.8053100109100342,1.8058600425720215
2024-08-23 12:00:00+01:00,1.8058799505233765,1.806149959564209,1.7988500595092773,1.8009999990463257
2024-08-23 16:00:00+01:00,1.8009300231933594,1.8014800548553467,1.795390009880066,1.7961499691009521
2024-08-23 20:00:00+01:00,1.7961100339889526,1.7969499826431274,1.7939499616622925,1.7951799631118774
2024-08-26 00:00:00+01:00,1.7977800369262695,1.7985299825668335,1.7963500022888184,1.7973899841308594
2024-08-26 04:00:00+01:00,1.797719955444336,1.800920009613037,1.7971099615097046,1.8004100322723389
2024-08-26 08:00:00+01:00,1.8002899885177612,1.8019100427627563,1.7991000413894653,1.7993600368499756
2024-08-26 12:00:00+01:00,1.7993500232696533,1.80131995677948,1.796489953994751,1.7987600564956665
2024-08-26 16:00:00+01:00,1.7988100051879883,1.7998000383377075,1.7969599962234497,1.7974300384521484
2024-08-26 20:00:00+01:00,1.7974300384521484,1.799399971961975,1.7965500354766846,1.798490047454834
2024-08-27 00:00:00+01:00,1.7985299825668335,1.8016899824142456,1.7967599630355835,1.7977099418640137
2024-08-27 04:00:00+01:00,1.7977900505065918,1.7981300354003906,1.7929400205612183,1.7951899766921997
2024-08-27 08:00:00+01:00,1.795199990272522,1.7973899841308594,1.792930006980896,1.793470025062561
2024-08-27 12:00:00+01:00,1.7934999465942383,1.7942700386047363,1.7903800010681152,1.7913800477981567
2024-08-27 16:00:00+01:00,1.7913399934768677,1.7917799949645996,1.7884299755096436,1.7894099950790405
2024-08-27 20:00:00+01:00,1.7895499467849731,1.791059970855713,1.7868399620056152,1.7901500463485718
2024-08-28 00:00:00+01:00,1.7900899648666382,1.7915600538253784,1.7874399423599243,1.7888100147247314
2024-08-28 04:00:00+01:00,1.7891900539398193,1.789489984512329,1.7854900360107422,1.7874399423599243
2024-08-28 08:00:00+01:00,1.7877999544143677,1.7885299921035767,1.7810300588607788,1.781790018081665
2024-08-28 12:00:00+01:00,1.7818000316619873,1.783210039138794,1.7804800271987915,1.7809499502182007
2024-08-28 16:00:00+01:00,1.780940055847168,1.783519983291626,1.780650019645691,1.781190037727356
2024-08-28 20:00:00+01:00,1.7815099954605103,1.7815899848937988,1.7790800333023071,1.780650019645691
2024-08-29 00:00:00+01:00,1.780650019645691,1.7808899879455566,1.7686200141906738,1.7730900049209595
2024-08-29 04:00:00+01:00,1.7730799913406372,1.7735099792480469,1.7682100534439087,1.7706199884414673
2024-08-29 08:00:00+01:00,1.7706300020217896,1.7719899415969849,1.764989972114563,1.7671200037002563
2024-08-29 12:00:00+01:00,1.7671899795532227,1.7723100185394287,1.766450047492981,1.7694900035858154
2024-08-29 16:00:00+01:00,1.7694900035858154,1.7711900472640991,1.7670799493789673,1.76937997341156
2024-08-29 20:00:00+01:00,1.7694900035858154,1.770740032196045,1.7667200565338135,1.7694900035858154
2024-08-30 00:00:00+01:00,1.7695900201797485,1.7697299718856812,1.7656400203704834,1.7669899463653564
2024-08-30 04:00:00+01:00,1.76705002784729,1.7725800275802612,1.7661399841308594,1.7713899612426758
2024-08-30 08:00:00+01:00,1.7713899612426758,1.7722599506378174,1.7678899765014648,1.7701499462127686
2024-08-30 12:00:00+01:00,1.7700899839401245,1.7717499732971191,1.7682000398635864,1.768970012664795
2024-08-30 16:00:00+01:00,1.7689199447631836,1.7727500200271606,1.7678200006484985,1.7680599689483643
2024-08-30 20:00:00+01:00,1.7680599689483643,1.7694300413131714,1.7665200233459473,1.767259955406189
2024-09-02 00:00:00+01:00,1.7667700052261353,1.7729899883270264,1.7664300203323364,1.7722699642181396
2024-09-02 04:00:00+01:00,1.7722200155258179,1.775089979171753,1.770509958267212,1.7748299837112427
2024-09-02 08:00:00+01:00,1.774839997291565,1.7776700258255005,1.7736400365829468,1.7775499820709229
2024-09-02 12:00:00+01:00,1.777519941329956,1.7780499458312988,1.7752200365066528,1.7761199474334717
2024-09-02 16:00:00+01:00,1.7761199474334717,1.7773900032043457,1.7755500078201294,1.7762099504470825
2024-09-02 20:00:00+01:00,1.776039958000183,1.777500033378601,1.7740299701690674,1.7774300575256348
2024-09-03 00:00:00+01:00,1.777459979057312,1.7800500392913818,1.7744300365447998,1.77892005443573
2024-09-03 04:00:00+01:00,1.7792099714279175,1.7876499891281128,1.7791800498962402,1.7860599756240845
2024-09-03 08:00:00+01:00,1.7864099740982056,1.786460041999817,1.7822799682617188,1.7839399576187134
2024-09-03 12:00:00+01:00,1.7839100360870361,1.7855299711227417,1.7817699909210205,1.7844899892807007
2024-09-03 16:00:00+01:00,1.7844500541687012,1.7849299907684326,1.7826499938964844,1.783959984779358
2024-09-03 20:00:00+01:00,1.7841299772262573,1.7857099771499634,1.7820500135421753,1.7850500345230103
2024-09-04 00:00:00+01:00,1.7851799726486206,1.7912499904632568,1.784369945526123,1.7886899709701538
2024-09-04 04:00:00+01:00,1.7886699438095093,1.7901899814605713,1.7863500118255615,1.7866599559783936
2024-09-04 08:00:00+01:00,1.7866699695587158,1.7896599769592285,1.785580039024353,1.7862000465393066
2024-09-04 12:00:00+01:00,1.7862000465393066,1.7867200374603271,1.7825599908828735,1.786270022392273
2024-09-04 16:00:00+01:00,1.786270022392273,1.788409948348999,1.7856600284576416,1.7883700132369995
2024-09-04 20:00:00+01:00,1.788290023803711,1.7887599468231201,1.7859899997711182,1.7881799936294556
2024-09-05 00:00:00+01:00,1.7883000373840332,1.7926000356674194,1.786929965019226,1.7879899740219116
2024-09-05 04:00:00+01:00,1.7880100011825562,1.7880699634552002,1.7848700284957886,1.7868200540542603
2024-09-05 08:00:00+01:00,1.7866400480270386,1.7905499935150146,1.7862000465393066,1.7874200344085693
2024-09-05 12:00:00+01:00,1.7874200344085693,1.7887099981307983,1.7828199863433838,1.7854100465774536
2024-09-05 16:00:00+01:00,1.7854100465774536,1.786579966545105,1.7839200496673584,1.784540057182312
2024-09-05 20:00:00+01:00,1.7845499515533447,1.785949945449829,1.7836699485778809,1.7855099439620972
2024-09-06 00:00:00+01:00,1.7853599786758423,1.7880100011825562,1.7845100164413452,1.7878799438476562
2024-09-06 04:00:00+01:00,1.7875200510025024,1.7900099754333496,1.7858099937438965,1.786389946937561
2024-09-06 08:00:00+01:00,1.7864199876785278,1.786769986152649,1.7825499773025513,1.7836999893188477
2024-09-06 12:00:00+01:00,1.783270001411438,1.791260004043579,1.780329942703247,1.7905700206756592
2024-09-06 16:00:00+01:00,1.7902599573135376,1.7985700368881226,1.7887300252914429,1.7957700490951538
2024-09-06 20:00:00+01:00,1.7955700159072876,1.7965699434280396,1.7943700551986694,1.794800043106079
2024-09-09 00:00:00+01:00,1.7958199977874756,1.7969499826431274,1.790969967842102,1.7917900085449219
2024-09-09 04:00:00+01:00,1.791849970817566,1.7984199523925781,1.7912399768829346,1.7981599569320679
2024-09-09 08:00:00+01:00,1.7981699705123901,1.8028299808502197,1.7972899675369263,1.8003900051116943
2024-09-09 12:00:00+01:00,1.8004200458526611,1.800950050354004,1.795639991760254,1.7976499795913696
2024-09-09 16:00:00+01:00,1.797569990158081,1.7986700534820557,1.7939900159835815,1.797070026397705
2024-09-09 20:00:00+01:00,1.7973500490188599,1.798509955406189,1.7939599752426147,1.7950600385665894
2024-09-10 00:00:00+01:00,1.795259952545166,1.7989399433135986,1.794950008392334,1.7979199886322021
2024-09-10 04:00:00+01:00,1.7978700399398804,1.7979999780654907,1.7922300100326538,1.794800043106079
2024-09-10 08:00:00+01:00,1.7948299646377563,1.795699954032898,1.7908300161361694,1.7916500568389893
2024-09-10 12:00:00+01:00,1.7916699647903442,1.7945899963378906,1.790719985961914,1.7917900085449219
2024-09-10 16:00:00+01:00,1.7917900085449219,1.7931400537490845,1.7899999618530273,1.790719985961914
2024-09-10 20:00:00+01:00,1.7908600568771362,1.7925599813461304,1.7896699905395508,1.7915699481964111
2024-09-11 00:00:00+01:00,1.7914899587631226,1.7960000038146973,1.7907700538635254,1.795240044593811
2024-09-11 04:00:00+01:00,1.7952100038528442,1.7989699840545654,1.7941299676895142,1.7948600053787231
2024-09-11 08:00:00+01:00,1.7947299480438232,1.7984600067138672,1.7938100099563599,1.7968000173568726
2024-09-11 12:00:00+01:00,1.7967699766159058,1.8021299839019775,1.794800043106079,1.8001500368118286
2024-09-11 16:00:00+01:00,1.8002699613571167,1.8010400533676147,1.7948299646377563,1.7968100309371948
2024-09-11 20:00:00+01:00,1.7969599962234497,1.7972099781036377,1.7928199768066406,1.7940499782562256
2024-09-12 00:00:00+01:00,1.7940900325775146,1.7962299585342407,1.7933199405670166,1.7952500581741333
2024-09-12 04:00:00+01:00,1.7952300310134888,1.7956899404525757,1.789430022239685,1.789870023727417
2024-09-12 08:00:00+01:00,1.7898499965667725,1.7971899509429932,1.7898000478744507,1.7959799766540527
2024-09-12 12:00:00+01:00,1.7959799766540527,1.7985800504684448,1.7932300567626953,1.7950799465179443
2024-09-12 16:00:00+01:00,1.7950899600982666,1.7955299615859985,1.7904399633407593,1.79135000705719
2024-09-12 20:00:00+01:00,1.791509985923767,1.7941700220108032,1.789489984512329,1.7903900146484375
2024-09-13 00:00:00+01:00,1.790369987487793,1.7941299676895142,1.7894400358200073,1.793720006942749
2024-09-13 04:00:00+01:00,1.7936500310897827,1.7939900159835815,1.7910699844360352,1.792330026626587
2024-09-13 08:00:00+01:00,1.7922799587249756,1.7964999675750732,1.7914199829101562,1.7963800430297852
2024-09-13 12:00:00+01:00,1.7964099645614624,1.798840045928955,1.7958099842071533,1.7980300188064575
2024-09-13 16:00:00+01:00,1.7980400323867798,1.7997000217437744,1.796929955482483,1.79899001121521
2024-09-13 20:00:00+01:00,1.79885995388031,1.8003599643707275,1.7976700067520142,1.7986199855804443
2024-09-16 00:00:00+01:00,1.7987200021743774,1.8016400337219238,1.7980600595474243,1.7998499870300293
2024-09-16 04:00:00+01:00,1.799780011177063,1.8003499507904053,1.7958999872207642,1.7986700534820557
2024-09-16 08:00:00+01:00,1.7986400127410889,1.7992299795150757,1.795300006866455,1.7969800233840942
2024-09-16 12:00:00+01:00,1.7970099449157715,1.7995200157165527,1.7944799661636353,1.79830002784729
2024-09-16 16:00:00+01:00,1.7982499599456787,1.7989100217819214,1.795930027961731,1.7970000505447388
2024-09-16 20:00:00+01:00,1.7969900369644165,1.7979400157928467,1.793179988861084,1.7960000038146973
2024-09-17 00:00:00+01:00,1.7955299615859985,1.7988899946212769,1.7952100038528442,1.796120047569275
2024-09-17 04:00:00+01:00,1.7961399555206299,1.7988699674606323,1.7948800325393677,1.7951200008392334
2024-09-17 08:00:00+01:00,1.7950999736785889,1.7958999872207642,1.7927099466323853,1.7956899404525757
2024-09-17 12:00:00+01:00,1.7952699661254883,1.799489974975586,1.7947700023651123,1.7965600490570068
2024-09-17 16:00:00+01:00,1.7965600490570068,1.7991000413894653,1.7961100339889526,1.7968100309371948
2024-09-17 20:00:00+01:00,1.7967000007629395,1.7973999977111816,1.7948700189590454,1.796180009841919
2024-09-18 00:00:00+01:00,1.7962299585342407,1.7964400053024292,1.7925599813461304,1.792580008506775
2024-09-18 04:00:00+01:00,1.7929099798202515,1.7950799465179443,1.791659951210022,1.792080044746399
2024-09-18 08:00:00+01:00,1.792009949684143,1.7922600507736206,1.7875900268554688,1.788059949874878
2024-09-18 12:00:00+01:00,1.7880200147628784,1.7909300327301025,1.7858799695968628,1.7907700538635254
2024-09-18 16:00:00+01:00,1.7907299995422363,1.7924000024795532,1.7843799591064453,1.7881300449371338
2024-09-18 20:00:00+01:00,1.7883599996566772,1.7941800355911255,1.7871899604797363,1.7881499528884888
2024-09-19 00:00:00+01:00,1.7882599830627441,1.7922500371932983,1.7836699485778809,1.7845300436019897
2024-09-19 04:00:00+01:00,1.7844599485397339,1.7916100025177002,1.783400058746338,1.786370038986206
2024-09-19 08:00:00+01:00,1.7863800525665283,1.7870299816131592,1.782080054283142,1.7827399969100952
2024-09-19 12:00:00+01:00,1.782729983329773,1.7877700328826904,1.7821400165557861,1.7851300239562988
2024-09-19 16:00:00+01:00,1.7850199937820435,1.7871899604797363,1.784600019454956,1.7866599559783936
2024-09-19 20:00:00+01:00,1.7867000102996826,1.791159987449646,1.7862999439239502,1.7885099649429321
2024-09-20 00:00:00+01:00,1.7886300086975098,1.79243004322052,1.787750005722046,1.7881300449371338
2024-09-20 04:00:00+01:00,1.788140058517456,1.789989948272705,1.7851200103759766,1.7884600162506104
2024-09-20 08:00:00+01:00,1.7884700298309326,1.7915400266647339,1.7872200012207031,1.7913399934768677
2024-09-20 12:00:00+01:00,1.79135000705719,1.7943799495697021,1.789520025253296,1.7911100387573242
2024-09-20 16:00:00+01:00,1.7910399436950684,1.7936500310897827,1.787600040435791,1.7881100177764893
2024-09-20 20:00:00+01:00,1.7880799770355225,1.7899099588394165,1.7875100374221802,1.7892199754714966
2024-09-23 00:00:00+01:00,1.7892600297927856,1.7910300493240356,1.7882699966430664,1.7897299528121948
2024-09-23 04:00:00+01:00,1.7897299528121948,1.7901400327682495,1.785290002822876,1.7872200012207031
2024-09-23 08:00:00+01:00,1.7872200012207031,1.7877999544143677,1.7761499881744385,1.778059959411621
2024-09-23 12:00:00+01:00,1.7780799865722656,1.778689980506897,1.7750400304794312,1.775820016860962
2024-09-23 16:00:00+01:00,1.7758100032806396,1.7764699459075928,1.770009994506836,1.7705899477005005
2024-09-23 20:00:00+01:00,1.7705800533294678,1.7738300561904907,1.7705399990081787,1.7734700441360474
2024-09-24 00:00:00+01:00,1.7734899520874023,1.7740800380706787,1.7709399461746216,1.772510051727295
2024-09-24 04:00:00+01:00,1.77252995967865,1.7742500305175781,1.7696499824523926,1.772279977798462
2024-09-24 08:00:00+01:00,1.7722599506378174,1.7778300046920776,1.7716100215911865,1.772189974784851
2024-09-24 12:00:00+01:00,1.7721699476242065,1.7733099460601807,1.7617700099945068,1.764050006866455
2024-09-24 16:00:00+01:00,1.764050006866455,1.7646199464797974,1.7621699571609497,1.7628400325775146
2024-09-24 20:00:00+01:00,1.7628899812698364,1.764490008354187,1.76187002658844,1.7629300355911255
2024-09-25 00:00:00+01:00,1.762660026550293,1.7662999629974365,1.7608100175857544,1.766219973564148
2024-09-25 04:00:00+01:00,1.7661700248718262,1.7701400518417358,1.7660499811172485,1.7686400413513184
2024-09-25 08:00:00+01:00,1.7687300443649292,1.7729400396347046,1.7678300142288208,1.7713799476623535
2024-09-25 12:00:00+01:00,1.7712899446487427,1.7749300003051758,1.7707300186157227,1.7727299928665161
2024-09-25 16:00:00+01:00,1.772779941558838,1.7773699760437012,1.772189974784851,1.776960015296936
2024-09-25 20:00:00+01:00,1.776960015296936,1.778249979019165,1.7721500396728516,1.7781699895858765
2024-09-26 00:00:00+01:00,1.778149962425232,1.7805299758911133,1.7765599489212036,1.7770500183105469
2024-09-26 04:00:00+01:00,1.7770700454711914,1.7790499925613403,1.7744100093841553,1.7750200033187866
2024-09-26 08:00:00+01:00,1.7750799655914307,1.775730013847351,1.7682700157165527,1.7685799598693848
2024-09-26 12:00:00+01:00,1.7685500383377075,1.7708100080490112,1.7653599977493286,1.767899990081787
2024-09-26 16:00:00+01:00,1.7678899765014648,1.7691400051116943,1.7659000158309937,1.7667100429534912
2024-09-26 20:00:00+01:00,1.7667399644851685,1.7673499584197998,1.7647000551223755,1.7658300399780273
2024-09-27 00:00:00+01:00,1.7658900022506714,1.7713700532913208,1.7638599872589111,1.7709599733352661
2024-09-27 04:00:00+01:00,1.7709599733352661,1.772670030593872,1.7663099765777588,1.7671799659729004
2024-09-27 08:00:00+01:00,1.7671200037002563,1.7682100534439087,1.7645900249481201,1.7679400444030762
2024-09-27 12:00:00+01:00,1.7679200172424316,1.768090009689331,1.7555999755859375,1.7561399936676025
2024-09-27 16:00:00+01:00,1.7561299800872803,1.760409951210022,1.7559700012207031,1.7574900388717651
2024-09-27 20:00:00+01:00,1.7575900554656982,1.7606300115585327,1.757449984550476,1.7602100372314453
2024-09-30 00:00:00+01:00,1.7589399814605713,1.7602299451828003,1.7517900466918945,1.7538800239562988
2024-09-30 04:00:00+01:00,1.7538399696350098,1.7549500465393066,1.750440001487732,1.7546900510787964
2024-09-30 08:00:00+01:00,1.7545900344848633,1.7626399993896484,1.7527300119400024,1.762369990348816
2024-09-30 12:00:00+01:00,1.7623399496078491,1.763409972190857,1.7515300512313843,1.7540199756622314
2024-09-30 16:00:00+01:00,1.7540099620819092,1.7546299695968628,1.7485400438308716,1.752060055732727
2024-09-30 20:00:00+01:00,1.7520500421524048,1.7563400268554688,1.7513999938964844,1.7562299966812134
2024-10-01 00:00:00+01:00,1.7563799619674683,1.7614500522613525,1.7539399862289429,1.7607899904251099
2024-10-01 04:00:00+01:00,1.7608699798583984,1.7619800567626953,1.756719946861267,1.7583199739456177
2024-10-01 08:00:00+01:00,1.7582600116729736,1.7621999979019165,1.7538599967956543,1.7565699815750122
2024-10-01 12:00:00+01:00,1.7565200328826904,1.7612500190734863,1.752940058708191,1.7600200176239014
2024-10-01 16:00:00+01:00,1.7600599527359009,1.763550043106079,1.75764000415802,1.7579900026321411
2024-10-01 20:00:00+01:00,1.7580100297927856,1.763260006904602,1.7567700147628784,1.7617599964141846
2024-10-02 00:00:00+01:00,1.7619999647140503,1.7625199556350708,1.7534199953079224,1.754040002822876
2024-10-02 04:00:00+01:00,1.7541199922561646,1.759909987449646,1.752940058708191,1.75941002368927
2024-10-02 08:00:00+01:00,1.7593899965286255,1.7622499465942383,1.75832998752594,1.7602200508117676
2024-10-02 12:00:00+01:00,1.7602299451828003,1.762910008430481,1.7587100267410278,1.7620600461959839
2024-10-02 16:00:00+01:00,1.7619999647140503,1.7640800476074219,1.7597700357437134,1.7634799480438232
2024-10-02 20:00:00+01:00,1.76350998878479,1.7646100521087646,1.7590999603271484,1.7640999555587769
2024-10-03 00:00:00+01:00,1.7642099857330322,1.769819974899292,1.763319969177246,1.7664999961853027
2024-10-03 04:00:00+01:00,1.766510009765625,1.7702699899673462,1.7658400535583496,1.7684799432754517
2024-10-03 08:00:00+01:00,1.7684500217437744,1.775670051574707,1.7678099870681763,1.7748099565505981
2024-10-03 12:00:00+01:00,1.7748500108718872,1.7758599519729614,1.7701300382614136,1.7717100381851196
2024-10-03 16:00:00+01:00,1.771649956703186,1.77524995803833,1.7696000337600708,1.7750500440597534
2024-10-03 20:00:00+01:00,1.7750799655914307,1.7759900093078613,1.773800015449524,1.7749099731445312
2024-10-04 00:00:00+01:00,1.7746200561523438,1.7769500017166138,1.7735799551010132,1.7745399475097656
2024-10-04 04:00:00+01:00,1.774549961090088,1.7779300212860107,1.7741700410842896,1.7772300243377686
2024-10-04 08:00:00+01:00,1.7775499820709229,1.7793899774551392,1.776360034942627,1.7780499458312988
2024-10-04 12:00:00+01:00,1.7779699563980103,1.78357994556427,1.7763400077819824,1.7792099714279175
2024-10-04 16:00:00+01:00,1.7790700197219849,1.7826000452041626,1.7786500453948975,1.7805800437927246
2024-10-04 20:00:00+01:00,1.7805800437927246,1.7824499607086182,1.7797199487686157,1.7819099426269531
2024-10-07 00:00:00+01:00,1.7799400091171265,1.7820199728012085,1.7786999940872192,1.7793899774551392
2024-10-07 04:00:00+01:00,1.7794599533081055,1.783120036125183,1.778149962425232,1.782189965248108
2024-10-07 08:00:00+01:00,1.7822099924087524,1.7868499755859375,1.780940055847168,1.7866599559783936
2024-10-07 12:00:00+01:00,1.7866699695587158,1.7932100296020508,1.784019947052002,1.7920199632644653
2024-10-07 16:00:00+01:00,1.7920900583267212,1.7943300008773804,1.791059970855713,1.7938300371170044
2024-10-07 20:00:00+01:00,1.7938599586486816,1.7940700054168701,1.7896699905395508,1.7918200492858887
2024-10-08 00:00:00+01:00,1.7917799949645996,1.7965600490570068,1.786620020866394,1.7930500507354736
2024-10-08 04:00:00+01:00,1.7930200099945068,1.7958699464797974,1.7904399633407593,1.7939900159835815
2024-10-08 08:00:00+01:00,1.794029951095581,1.7970499992370605,1.7924699783325195,1.79544997215271
2024-10-08 12:00:00+01:00,1.7954299449920654,1.7955900430679321,1.7910799980163574,1.794100046157837
2024-10-08 16:00:00+01:00,1.794100046157837,1.79489004611969,1.791290044784546,1.7920600175857544
2024-10-08 20:00:00+01:00,1.792099952697754,1.792099952697754,1.7851099967956543,1.7882399559020996
2024-10-09 00:00:00+01:00,1.7882299423217773,1.7998299598693848,1.787850022315979,1.798259973526001
2024-10-09 04:00:00+01:00,1.798200011253357,1.8052599430084229,1.7954399585723877,1.8004000186920166
2024-10-09 08:00:00+01:00,1.8004300594329834,1.8043299913406372,1.7995500564575195,1.8042199611663818
2024-10-09 12:00:00+01:00,1.8041499853134155,1.8078900575637817,1.8027199506759644,1.8075400590896606
2024-10-09 16:00:00+01:00,1.8075400590896606,1.8076599836349487,1.8045300245285034,1.8065799474716187
2024-10-09 20:00:00+01:00,1.806589961051941,1.8067100048065186,1.8025799989700317,1.8046300411224365
2024-10-10 00:00:00+01:00,1.804900050163269,1.804900050163269,1.7971199750900269,1.7987500429153442
2024-10-10 04:00:00+01:00,1.7987899780273438,1.7991900444030762,1.795490026473999,1.797629952430725
2024-10-10 08:00:00+01:00,1.7976100444793701,1.8003400564193726,1.7967000007629395,1.799589991569519
2024-10-10 12:00:00+01:00,1.799630045890808,1.801259994506836,1.7951799631118774,1.797510027885437
2024-10-10 16:00:00+01:00,1.797510027885437,1.7977900505065918,1.79367995262146,1.7958699464797974
2024-10-10 20:00:00+01:00,1.7959100008010864,1.7965600490570068,1.7915300130844116,1.7938400506973267
2024-10-11 00:00:00+01:00,1.7940900325775146,1.7943099737167358,1.7908999919891357,1.7926499843597412
2024-10-11 04:00:00+01:00,1.7927000522613525,1.7961599826812744,1.7911700010299683,1.7948100566864014
2024-10-11 08:00:00+01:00,1.7949700355529785,1.7962100505828857,1.7933299541473389,1.794350028038025
2024-10-11 12:00:00+01:00,1.794450044631958,1.7964799404144287,1.7922999858856201,1.7940499782562256
2024-10-11 16:00:00+01:00,1.7940700054168701,1.7943300008773804,1.7877399921417236,1.7886099815368652
2024-10-11 20:00:00+01:00,1.7887300252914429,1.790060043334961,1.7881799936294556,1.7892400026321411
2024-10-14 00:00:00+01:00,1.7936700582504272,1.7948800325393677,1.789520025253296,1.7934800386428833
2024-10-14 04:00:00+01:00,1.7934600114822388,1.793969988822937,1.790809988975525,1.7923200130462646
2024-10-14 08:00:00+01:00,1.7922899723052979,1.7970000505447388,1.791700005531311,1.7965600490570068
2024-10-14 12:00:00+01:00,1.796589970588684,1.7969399690628052,1.7901400327682495,1.7913099527359009
2024-10-14 16:00:00+01:00,1.7913000583648682,1.792549967765808,1.7896499633789062,1.7898399829864502
2024-10-14 20:00:00+01:00,1.7897299528121948,1.7907099723815918,1.7878899574279785,1.7896300554275513
2024-10-15 00:00:00+01:00,1.7896900177001953,1.7924100160598755,1.7891600131988525,1.790079951286316
2024-10-15 04:00:00+01:00,1.790060043334961,1.7921700477600098,1.7888200283050537,1.7905800342559814
2024-10-15 08:00:00+01:00,1.7906399965286255,1.7934099435806274,1.789739966392517,1.7908600568771362
2024-10-15 12:00:00+01:00,1.790809988975525,1.791059970855713,1.7871400117874146,1.789739966392517
2024-10-15 16:00:00+01:00,1.789739966392517,1.7920299768447876,1.7876700162887573,1.7910699844360352
2024-10-15 20:00:00+01:00,1.7909799814224243,1.798259973526001,1.7863600254058838,1.796180009841919
2024-10-16 00:00:00+01:00,1.796370029449463,1.8015899658203125,1.7950999736785889,1.7960400581359863
2024-10-16 04:00:00+01:00,1.7960599660873413,1.797070026397705,1.7934600114822388,1.7936700582504272
2024-10-16 08:00:00+01:00,1.7937999963760376,1.7950999736785889,1.792330026626587,1.7940399646759033
2024-10-16 12:00:00+01:00,1.794029951095581,1.7956299781799316,1.7918100357055664,1.7936700582504272
2024-10-16 16:00:00+01:00,1.793619990348816,1.796030044555664,1.791159987449646,1.7920700311660767
2024-10-16 20:00:00+01:00,1.7920900583267212,1.7941999435424805,1.7913999557495117,1.7927000522613525
2024-10-17 00:00:00+01:00,1.7929199934005737,1.7932599782943726,1.7878999710083008,1.7901599407196045
2024-10-17 04:00:00+01:00,1.790079951286316,1.7919299602508545,1.7888000011444092,1.7907400131225586
2024-10-17 08:00:00+01:00,1.7907299995422363,1.7948299646377563,1.7893099784851074,1.789739966392517
2024-10-17 12:00:00+01:00,1.7898499965667725,1.7922899723052979,1.7831000089645386,1.7866599559783936
2024-10-17 16:00:00+01:00,1.7865699529647827,1.7881300449371338,1.7846499681472778,1.786579966545105
2024-10-17 20:00:00+01:00,1.7866300344467163,1.7879999876022339,1.7856800556182861,1.787719964981079
2024-10-18 00:00:00+01:00,1.7880200147628784,1.7884800434112549,1.784809947013855,1.7869900465011597
2024-10-18 04:00:00+01:00,1.7869499921798706,1.789520025253296,1.7854499816894531,1.787310004234314
2024-10-18 08:00:00+01:00,1.787350058555603,1.7875299453735352,1.7841800451278687,1.7848999500274658
2024-10-18 12:00:00+01:00,1.7850099802017212,1.7900500297546387,1.784119963645935,1.7885700464248657
2024-10-18 16:00:00+01:00,1.7885199785232544,1.7907500267028809,1.7881200313568115,1.7904800176620483
2024-10-18 20:00:00+01:00,1.7904000282287598,1.7911100387573242,1.7885899543762207,1.7893999814987183
2024-10-21 00:00:00+01:00,1.7891299724578857,1.7898499965667725,1.785830020904541,1.787310004234314
2024-10-21 04:00:00+01:00,1.7873400449752808,1.7922099828720093,1.7858099937438965,1.7918200492858887
2024-10-21 08:00:00+01:00,1.7918800115585327,1.7928099632263184,1.7882200479507446,1.7923699617385864
2024-10-21 12:00:00+01:00,1.7923699617385864,1.7931599617004395,1.7894799709320068,1.7929699420928955
2024-10-21 16:00:00+01:00,1.7929400205612183,1.7948700189590454,1.7915500402450562,1.7927299737930298
2024-10-21 20:00:00+01:00,1.7927500009536743,1.7945899963378906,1.789620041847229,1.794510006904602
2024-10-22 00:00:00+01:00,1.794569969177246,1.7961699962615967,1.7899800539016724,1.7906800508499146
2024-10-22 04:00:00+01:00,1.7906999588012695,1.790809988975525,1.7854199409484863,1.7884900569915771
2024-10-22 08:00:00+01:00,1.7885199785232544,1.7905000448226929,1.7858500480651855,1.788599967956543
2024-10-22 12:00:00+01:00,1.7886699438095093,1.7891099452972412,1.7833499908447266,1.7872799634933472
2024-10-22 16:00:00+01:00,1.787310004234314,1.7891099452972412,1.7842199802398682,1.7864999771118164
2024-10-22 20:00:00+01:00,1.7864999771118164,1.7872999906539917,1.7834899425506592,1.7868200540542603
2024-10-23 00:00:00+01:00,1.786769986152649,1.7906399965286255,1.785290002822876,1.7862299680709839
2024-10-23 04:00:00+01:00,1.7862199544906616,1.7902300357818604,1.7844899892807007,1.7891099452972412
2024-10-23 08:00:00+01:00,1.7891099452972412,1.790369987487793,1.7874399423599243,1.7896300554275513
2024-10-23 12:00:00+01:00,1.789720058441162,1.7947299480438232,1.7893199920654297,1.7936700582504272
2024-10-23 16:00:00+01:00,1.7936700582504272,1.7977999448776245,1.7934399843215942,1.7975300550460815
2024-10-23 20:00:00+01:00,1.7974300384521484,1.7976200580596924,1.7922999858856201,1.7970900535583496
2024-10-24 00:00:00+01:00,1.7971099615097046,1.797260046005249,1.7930699586868286,1.7939200401306152
2024-10-24 04:00:00+01:00,1.7939300537109375,1.7951099872589111,1.7908200025558472,1.791409969329834
2024-10-24 08:00:00+01:00,1.7913999557495117,1.7931499481201172,1.787600040435791,1.7912299633026123
2024-10-24 12:00:00+01:00,1.7912499904632568,1.7985700368881226,1.7898800373077393,1.797070026397705
2024-10-24 16:00:00+01:00,1.7969800233840942,1.8000199794769287,1.7962299585342407,1.7986299991607666
2024-10-24 20:00:00+01:00,1.798609972000122,1.8016400337219238,1.7976700067520142,1.8015300035476685
2024-10-25 00:00:00+01:00,1.8015700578689575,1.8032000064849854,1.8007099628448486,1.8025100231170654
2024-10-25 04:00:00+01:00,1.8024799823760986,1.8072999715805054,1.8014700412750244,1.8021999597549438
2024-10-25 08:00:00+01:00,1.8021800518035889,1.8066999912261963,1.8013399839401245,1.8030099868774414
2024-10-25 12:00:00+01:00,1.8030200004577637,1.8042900562286377,1.800510048866272,1.803380012512207
2024-10-25 16:00:00+01:00,1.803380012512207,1.8074300289154053,1.8028199672698975,1.8067200183868408
2024-10-25 20:00:00+01:00,1.8067599534988403,1.8070199489593506,1.8051199913024902,1.8054399490356445
2024-10-28 00:00:00+00:00,1.8056800365447998,1.8087199926376343,1.8047399520874023,1.808359980583191
2024-10-28 04:00:00+00:00,1.808459997177124,1.8100600242614746,1.8069100379943848,1.809340000152588
2024-10-28 08:00:00+00:00,1.809440016746521,1.8110599517822266,1.806190013885498,1.8070100545883179
2024-10-28 12:00:00+00:00,1.8072999715805054,1.8095500469207764,1.8038500547409058,1.8092999458312988
2024-10-28 16:00:00+00:00,1.8092999458312988,1.8100700378417969,1.8076000213623047,1.808150053024292
2024-10-28 20:00:00+00:00,1.808169960975647,1.808940052986145,1.8059600591659546,1.8064600229263306
2024-10-29 00:00:00+00:00,1.8062100410461426,1.8105900287628174,1.805840015411377,1.8104499578475952
2024-10-29 04:00:00+00:00,1.8104100227355957,1.8109500408172607,1.8078199625015259,1.8091000318527222
2024-10-29 08:00:00+00:00,1.8090499639511108,1.8117300271987915,1.806480050086975,1.8091200590133667
2024-10-29 12:00:00+00:00,1.8091399669647217,1.8123699426651,1.8064099550247192,1.811400055885315
2024-10-29 16:00:00+00:00,1.81141996383667,1.8131999969482422,1.8109300136566162,1.8124200105667114
2024-10-29 20:00:00+00:00,1.8124500513076782,1.8125699758529663,1.8092299699783325,1.8121800422668457
2024-10-30 00:00:00+00:00,1.8124099969863892,1.8171299695968628,1.8102200031280518,1.815750002861023
2024-10-30 04:00:00+00:00,1.815790057182312,1.816349983215332,1.8089300394058228,1.8092800378799438
2024-10-30 08:00:00+00:00,1.809340000152588,1.8104499578475952,1.8057399988174438,1.8087600469589233
2024-10-30 12:00:00+00:00,1.808709979057312,1.8161699771881104,1.8081400394439697,1.8148200511932373
2024-10-30 16:00:00+00:00,1.8147900104522705,1.8171099424362183,1.8144199848175049,1.8167799711227417
2024-10-30 20:00:00+00:00,1.8167999982833862,1.8187999725341797,1.8152999877929688,1.8186399936676025
2024-10-31 00:00:00+00:00,1.8182899951934814,1.8195500373840332,1.8140499591827393,1.8166899681091309
2024-10-31 04:00:00+00:00,1.8167200088500977,1.8169300556182861,1.8141000270843506,1.8151600360870361
2024-10-31 08:00:00+00:00,1.8151299953460693,1.8211300373077393,1.8139699697494507,1.8190100193023682
2024-10-31 12:00:00+00:00,1.8190200328826904,1.827430009841919,1.8177200555801392,1.8240900039672852
2024-10-31 16:00:00+00:00,1.8241499662399292,1.8243800401687622,1.819540023803711,1.8199700117111206
2024-10-31 20:00:00+00:00,1.819949984550476,1.8229899406433105,1.8185900449752808,1.8225899934768677
2024-11-01 00:00:00+00:00,1.822659969329834,1.8242900371551514,1.8191100358963013,1.8196799755096436
2024-11-01 04:00:00+00:00,1.8197100162506104,1.8229800462722778,1.8176100254058838,1.8214600086212158
2024-11-01 08:00:00+00:00,1.8214900493621826,1.8221499919891357,1.8173799514770508,1.8198299407958984
2024-11-01 12:00:00+00:00,1.8197200298309326,1.8212499618530273,1.812849998474121,1.8141000270843506
2024-11-01 16:00:00+00:00,1.8141000270843506,1.8183799982070923,1.8138500452041626,1.8177399635314941
2024-11-01 20:00:00+00:00,1.817710041999817,1.817929983139038,1.815690040588379,1.8163000345230103
2024-11-04 00:00:00+00:00,1.816100001335144,1.8172399997711182,1.8118599653244019,1.8133900165557861
2024-11-04 04:00:00+00:00,1.8134900331497192,1.819290041923523,1.8131599426269531,1.8192700147628784
2024-11-04 08:00:00+00:00,1.819290041923523,1.8218400478363037,1.8179800510406494,1.8205100297927856
2024-11-04 12:00:00+00:00,1.8204599618911743,1.8212599754333496,1.817520022392273,1.8193299770355225
2024-11-04 16:00:00+00:00,1.8193399906158447,1.8217699527740479,1.8187600374221802,1.8206599950790405
2024-11-04 20:00:00+00:00,1.8206299543380737,1.821619987487793,1.8158999681472778,1.820389986038208
2024-11-05 00:00:00+00:00,1.820199966430664,1.822309970855713,1.8187600374221802,1.8212100267410278
2024-11-05 04:00:00+00:00,1.82122004032135,1.8214000463485718,1.8157800436019897,1.8165099620819092
2024-11-05 08:00:00+00:00,1.8164199590682983,1.816830039024353,1.8143800497055054,1.816409945487976
2024-11-05 12:00:00+00:00,1.8164299726486206,1.8180400133132935,1.8138699531555176,1.8174200057983398
2024-11-05 16:00:00+00:00,1.8174099922180176,1.8232100009918213,1.817039966583252,1.8225899934768677
2024-11-05 20:00:00+00:00,1.822659969329834,1.8231600522994995,1.816290020942688,1.8169200420379639
2024-11-06 00:00:00+00:00,1.8172800540924072,1.8189400434494019,1.8062800168991089,1.8151999711990356
2024-11-06 04:00:00+00:00,1.8154000043869019,1.8171000480651855,1.8077199459075928,1.8094500303268433
2024-11-06 08:00:00+00:00,1.809380054473877,1.8099299669265747,1.8000999689102173,1.802459955215454
2024-11-06 12:00:00+00:00,1.8024499416351318,1.8057199716567993,1.7969499826431274,1.8045899868011475
2024-11-06 16:00:00+00:00,1.8045899868011475,1.8067200183868408,1.8025699853897095,1.8046400547027588
2024-11-06 20:00:00+00:00,1.8045899868011475,1.8081300258636475,1.8031799793243408,1.8070399761199951
2024-11-07 00:00:00+00:00,1.8070900440216064,1.8085700273513794,1.7942099571228027,1.794819951057434
2024-11-07 04:00:00+00:00,1.7947900295257568,1.7961499691009521,1.7931400537490845,1.7944300174713135
2024-11-07 08:00:00+00:00,1.7944200038909912,1.7973899841308594,1.7929799556732178,1.7967300415039062
2024-11-07 12:00:00+00:00,1.7966699600219727,1.7977499961853027,1.7912800312042236,1.791659951210022
2024-11-07 16:00:00+00:00,1.7916799783706665,1.794350028038025,1.790779948234558,1.7915300130844116
2024-11-07 20:00:00+00:00,1.7915400266647339,1.7940900325775146,1.7905100584030151,1.7925699949264526
2024-11-08 00:00:00+00:00,1.792580008506775,1.795740008354187,1.791159987449646,1.7957199811935425
2024-11-08 04:00:00+00:00,1.7957299947738647,1.7961499691009521,1.7923200130462646,1.7936899662017822
2024-11-08 08:00:00+00:00,1.7936400175094604,1.7979600429534912,1.7926100492477417,1.796720027923584
2024-11-08 12:00:00+00:00,1.7967400550842285,1.7996699810028076,1.7944899797439575,1.79721999168396
2024-11-08 16:00:00+00:00,1.7971899509429932,1.798550009727478,1.795930027961731,1.797410011291504
2024-11-08 20:00:00+00:00,1.7974599599838257,1.798069953918457,1.7943999767303467,1.7950799465179443
2024-11-11 00:00:00+00:00,1.7959100008010864,1.7972899675369263,1.7932000160217285,1.7936899662017822
2024-11-11 04:00:00+00:00,1.7935999631881714,1.7952100038528442,1.7916100025177002,1.7918699979782104
2024-11-11 08:00:00+00:00,1.7918800115585327,1.793370008468628,1.7856500148773193,1.786180019378662
2024-11-11 12:00:00+00:00,1.7862099409103394,1.7882000207901,1.7850600481033325,1.786810040473938
2024-11-11 16:00:00+00:00,1.7868200540542603,1.788059949874878,1.785830020904541,1.7871099710464478
2024-11-11 20:00:00+00:00,1.7871700525283813,1.7877299785614014,1.7848000526428223,1.7860699892044067
2024-11-12 00:00:00+00:00,1.7861499786376953,1.7874599695205688,1.784060001373291,1.786329984664917
2024-11-12 04:00:00+00:00,1.7862800359725952,1.7874300479888916,1.784119963645935,1.7857600450515747
2024-11-12 08:00:00+00:00,1.7857099771499634,1.7876299619674683,1.7847100496292114,1.78603994846344
2024-11-12 12:00:00+00:00,1.786080002784729,1.7885700464248657,1.7834899425506592,1.788349986076355
2024-11-12 16:00:00+00:00,1.7883199453353882,1.793969988822937,1.7876700162887573,1.7919100522994995
2024-11-12 20:00:00+00:00,1.791890025138855,1.7935400009155273,1.7901999950408936,1.7924599647521973
2024-11-13 00:00:00+00:00,1.7924100160598755,1.7933900356292725,1.78997004032135,1.7912800312042236
2024-11-13 04:00:00+00:00,1.791290044784546,1.7915699481964111,1.7882299423217773,1.7897100448608398
2024-11-13 08:00:00+00:00,1.7896699905395508,1.7933599948883057,1.7884900569915771,1.7933599948883057
2024-11-13 12:00:00+00:00,1.7933499813079834,1.7959100008010864,1.7890299558639526,1.794160008430481
2024-11-13 16:00:00+00:00,1.794119954109192,1.7967499494552612,1.7932000160217285,1.7958799600601196
2024-11-13 20:00:00+00:00,1.7958699464797974,1.7974400520324707,1.793429970741272,1.7957500219345093
2024-11-14 00:00:00+00:00,1.7957199811935425,1.7997100353240967,1.7952899932861328,1.7988699674606323
2024-11-14 04:00:00+00:00,1.7989000082015991,1.8004900217056274,1.7971299886703491,1.7982699871063232
2024-11-14 08:00:00+00:00,1.7983900308609009,1.7988699674606323,1.7935600280761719,1.7955199480056763
2024-11-14 12:00:00+00:00,1.7954299449920654,1.80076003074646,1.7933100461959839,1.798840045928955
2024-11-14 16:00:00+00:00,1.798840045928955,1.7994099855422974,1.796180009841919,1.7979700565338135
2024-11-14 20:00:00+00:00,1.7980400323867798,1.801169991493225,1.7963900566101074,1.799739956855774
2024-11-15 00:00:00+00:00,1.799970030784607,1.8021299839019775,1.7973999977111816,1.7996200323104858
2024-11-15 04:00:00+00:00,1.7996200323104858,1.8004900217056274,1.7978099584579468,1.7999500036239624
2024-11-15 08:00:00+00:00,1.7999900579452515,1.8021800518035889,1.7987899780273438,1.8006999492645264
2024-11-15 12:00:00+00:00,1.8006900548934937,1.8016899824142456,1.7962000370025635,1.7969900369644165
2024-11-15 16:00:00+00:00,1.7969499826431274,1.8002699613571167,1.7962000370025635,1.7982200384140015
2024-11-15 20:00:00+00:00,1.7982900142669678,1.7983900308609009,1.7946200370788574,1.7968699932098389
2024-11-18 00:00:00+00:00,1.7966899871826172,1.7994799613952637,1.7946900129318237,1.7991900444030762
2024-11-18 04:00:00+00:00,1.7992000579833984,1.804129958152771,1.7974799871444702,1.8037400245666504
2024-11-18 08:00:00+00:00,1.8036099672317505,1.806980013847351,1.8026000261306763,1.8053200244903564
2024-11-18 12:00:00+00:00,1.8053100109100342,1.8071800470352173,1.8012499809265137,1.8023200035095215
2024-11-18 16:00:00+00:00,1.8023099899291992,1.8023099899291992,1.7973099946975708,1.798110008239746
2024-11-18 20:00:00+00:00,1.7980400323867798,1.7993099689483643,1.7965699434280396,1.798449993133545
2024-11-19 00:00:00+00:00,1.7985399961471558,1.8014600276947021,1.7961900234222412,1.7964199781417847
2024-11-19 04:00:00+00:00,1.7964199781417847,1.798509955406189,1.7941700220108032,1.7943999767303467
2024-11-19 08:00:00+00:00,1.794409990310669,1.7966400384902954,1.790369987487793,1.795639991760254
2024-11-19 12:00:00+00:00,1.795609951019287,1.7969900369644165,1.7929699420928955,1.7937400341033936
2024-11-19 16:00:00+00:00,1.7937300205230713,1.7939300537109375,1.7902499437332153,1.7921099662780762
2024-11-19 20:00:00+00:00,1.7920500040054321,1.7926100492477417,1.7901500463485718,1.7921799421310425
2024-11-20 00:00:00+00:00,1.791849970817566,1.793779969215393,1.7908600568771362,1.7928600311279297
2024-11-20 04:00:00+00:00,1.7928500175476074,1.79544997215271,1.792009949684143,1.794800043106079
2024-11-20 08:00:00+00:00,1.7948399782180786,1.7956600189208984,1.792099952697754,1.7953499555587769
2024-11-20 12:00:00+00:00,1.7953499555587769,1.7958600521087646,1.7912299633026123,1.7918100357055664
2024-11-20 16:00:00+00:00,1.7917799949645996,1.7954000234603882,1.7905800342559814,1.7953499555587769
2024-11-20 20:00:00+00:00,1.7953399419784546,1.795699954032898,1.79243004322052,1.7932599782943726
2024-11-21 00:00:00+00:00,1.7933800220489502,1.7958199977874756,1.7918699979782104,1.794800043106079
2024-11-21 04:00:00+00:00,1.7947800159454346,1.7975200414657593,1.7940499782562256,1.7965400218963623
2024-11-21 08:00:00+00:00,1.7964799404144287,1.7972999811172485,1.7916300296783447,1.791990041732788
2024-11-21 12:00:00+00:00,1.7919299602508545,1.7936300039291382,1.7905399799346924,1.791759967803955
2024-11-21 16:00:00+00:00,1.791759967803955,1.792930006980896,1.7860000133514404,1.7871999740600586
2024-11-21 20:00:00+00:00,1.7871299982070923,1.7884999513626099,1.7861000299453735,1.7873799800872803
2024-11-22 00:00:00+00:00,1.7874000072479248,1.7959799766540527,1.7869499921798706,1.7924100160598755
2024-11-22 04:00:00+00:00,1.7923699617385864,1.7964199781417847,1.7918699979782104,1.795549988746643
2024-11-22 08:00:00+00:00,1.7955600023269653,1.7960799932479858,1.7741299867630005,1.7839100360870361
2024-11-22 12:00:00+00:00,1.7838599681854248,1.7865099906921387,1.780460000038147,1.7864799499511719
2024-11-22 16:00:00+00:00,1.7865500450134277,1.7873599529266357,1.7844599485397339,1.7859699726104736
2024-11-22 20:00:00+00:00,1.7859699726104736,1.786769986152649,1.7842400074005127,1.7853599786758423
2024-11-25 00:00:00+00:00,1.7876700162887573,1.7902899980545044,1.7863500118255615,1.7900899648666382
2024-11-25 04:00:00+00:00,1.790079951286316,1.7919700145721436,1.7870099544525146,1.7875200510025024
2024-11-25 08:00:00+00:00,1.7881300449371338,1.7935400009155273,1.7874799966812134,1.7922300100326538
2024-11-25 12:00:00+00:00,1.7922300100326538,1.7962100505828857,1.7920900583267212,1.7935700416564941
2024-11-25 16:00:00+00:00,1.7936300039291382,1.796720027923584,1.7927500009536743,1.7958300113677979
2024-11-25 20:00:00+00:00,1.7958099842071533,1.8039000034332275,1.7925900220870972,1.7975200414657593
2024-11-26 00:00:00+00:00,1.79721999168396,1.799649953842163,1.7935899496078491,1.7944200038909912
2024-11-26 04:00:00+00:00,1.794319987297058,1.7959799766540527,1.7922300100326538,1.7949700355529785
2024-11-26 08:00:00+00:00,1.7949600219726562,1.7988699674606323,1.7936099767684937,1.7964400053024292
2024-11-26 12:00:00+00:00,1.7964999675750732,1.8026200532913208,1.7949700355529785,1.7977099418640137
2024-11-26 16:00:00+00:00,1.797700047492981,1.80007004737854,1.7967599630355835,1.7972500324249268
2024-11-26 20:00:00+00:00,1.7971800565719604,1.7988500595092773,1.7957099676132202,1.7974400520324707
2024-11-27 00:00:00+00:00,1.7975300550460815,1.7995400428771973,1.7830599546432495,1.7864799499511719
2024-11-27 04:00:00+00:00,1.7864999771118164,1.7878299951553345,1.7830899953842163,1.7834999561309814
2024-11-27 08:00:00+00:00,1.7833600044250488,1.7881799936294556,1.7808500528335571,1.7878400087356567
2024-11-27 12:00:00+00:00,1.787850022315979,1.7915699481964111,1.7859100103378296,1.7900700569152832
2024-11-27 16:00:00+00:00,1.7902499437332153,1.7933000326156616,1.7891199588775635,1.7911100387573242
2024-11-27 20:00:00+00:00,1.7911499738693237,1.794029951095581,1.7905700206756592,1.792099952697754
2024-11-28 00:00:00+00:00,1.7921500205993652,1.792330026626587,1.7884199619293213,1.7912700176239014
2024-11-28 04:00:00+00:00,1.7912399768829346,1.7918299436569214,1.789330005645752,1.7909599542617798
2024-11-28 08:00:00+00:00,1.7910399436950684,1.7919100522994995,1.7874900102615356,1.7917200326919556
2024-11-28 12:00:00+00:00,1.7917300462722778,1.7932900190353394,1.788140058517456,1.7926000356674194
2024-11-28 16:00:00+00:00,1.792870044708252,1.7933399677276611,1.7905000448226929,1.7917200326919556
2024-11-28 20:00:00+00:00,1.791659951210022,1.7927700281143188,1.789080023765564,1.7910499572753906
2024-11-29 00:00:00+00:00,1.7910000085830688,1.7922899723052979,1.7872600555419922,1.7879400253295898
2024-11-29 04:00:00+00:00,1.7879300117492676,1.788599967956543,1.7852400541305542,1.7864199876785278
2024-11-29 08:00:00+00:00,1.7866100072860718,1.7880100011825562,1.784600019454956,1.7856800556182861
2024-11-29 12:00:00+00:00,1.7856199741363525,1.788159966468811,1.7808599472045898,1.785140037536621
2024-11-29 16:00:00+00:00,1.7851200103759766,1.7856199741363525,1.7823200225830078,1.7846599817276
2024-11-29 20:00:00+00:00,1.7846800088882446,1.787310004234314,1.7828099727630615,1.7844500541687012
2024-12-02 00:00:00+00:00,1.7850600481033325,1.7864700555801392,1.7837899923324585,1.7848000526428223
2024-12-02 04:00:00+00:00,1.784850001335144,1.7855000495910645,1.778880000114441,1.77947998046875
2024-12-02 08:00:00+00:00,1.7794699668884277,1.782639980316162,1.7784899473190308,1.7821799516677856
2024-12-02 12:00:00+00:00,1.7821500301361084,1.78725004196167,1.7814699411392212,1.783619999885559
2024-12-02 16:00:00+00:00,1.7835700511932373,1.7857400178909302,1.7822099924087524,1.7828700542449951
2024-12-02 20:00:00+00:00,1.7828400135040283,1.7846399545669556,1.781540036201477,1.784500002861023
2024-12-03 00:00:00+00:00,1.7845300436019897,1.7884199619293213,1.7827999591827393,1.7850699424743652
2024-12-03 04:00:00+00:00,1.785040020942688,1.785330057144165,1.782789945602417,1.783079981803894
2024-12-03 08:00:00+00:00,1.7830899953842163,1.7868599891662598,1.7813899517059326,1.7856800556182861
2024-12-03 12:00:00+00:00,1.7857199907302856,1.7903300523757935,1.7851300239562988,1.7890299558639526
2024-12-03 16:00:00+00:00,1.7889800071716309,1.789330005645752,1.7862099409103394,1.787950038909912
2024-12-03 20:00:00+00:00,1.7878799438476562,1.788349986076355,1.7845799922943115,1.7868200540542603
2024-12-04 00:00:00+00:00,1.7867200374603271,1.7986899614334106,1.7855900526046753,1.796180009841919
2024-12-04 04:00:00+00:00,1.796090006828308,1.7969599962234497,1.7937699556350708,1.7941999435424805
2024-12-04 08:00:00+00:00,1.794219970703125,1.7994099855422974,1.7932499647140503,1.7988200187683105
2024-12-04 12:00:00+00:00,1.798799991607666,1.7995599508285522,1.7949999570846558,1.7964999675750732
2024-12-04 16:00:00+00:00,1.7964500188827515,1.7973500490188599,1.7933900356292725,1.7941399812698364
2024-12-04 20:00:00+00:00,1.7941399812698364,1.7970999479293823,1.7934199571609497,1.794700026512146
2024-12-05 00:00:00+00:00,1.7946900129318237,1.7958300113677979,1.7908200025558472,1.7924799919128418
2024-12-05 04:00:00+00:00,1.7925399541854858,1.7938899993896484,1.7918299436569214,1.7925599813461304
2024-12-05 08:00:00+00:00,1.792549967765808,1.7964999675750732,1.792140007019043,1.796429991722107
2024-12-05 12:00:00+00:00,1.796429991722107,1.802150011062622,1.7962000370025635,1.8006800413131714
2024-12-05 16:00:00+00:00,1.8006500005722046,1.8012100458145142,1.797860026359558,1.7991199493408203
2024-12-05 20:00:00+00:00,1.7992099523544312,1.799649953842163,1.7968000173568726,1.7995699644088745
2024-12-06 00:00:00+00:00,1.799399971961975,1.8030500411987305,1.797629952430725,1.8022700548171997
2024-12-06 04:00:00+00:00,1.802240014076233,1.8061699867248535,1.8018399477005005,1.8061000108718872
2024-12-06 08:00:00+00:00,1.8061000108718872,1.811900019645691,1.8056399822235107,1.8115299940109253
2024-12-06 12:00:00+00:00,1.811460018157959,1.812000036239624,1.8047499656677246,1.810629963874817
2024-12-06 16:00:00+00:00,1.810629963874817,1.8124500513076782,1.8099299669265747,1.8105499744415283
2024-12-06 20:00:00+00:00,1.810539960861206,1.8124500513076782,1.809939980506897,1.8124500513076782
2024-12-09 00:00:00+00:00,1.8096200227737427,1.8133000135421753,1.80771005153656,1.8121399879455566
2024-12-09 04:00:00+00:00,1.8121999502182007,1.8154900074005127,1.8078900575637817,1.8083399534225464
2024-12-09 08:00:00+00:00,1.8082499504089355,1.8089699745178223,1.8013800382614136,1.8030099868774414
2024-12-09 12:00:00+00:00,1.8029999732971191,1.8034499883651733,1.7975499629974365,1.7996400594711304
2024-12-09 16:00:00+00:00,1.7997000217437744,1.800320029258728,1.79653000831604,1.7985999584197998
2024-12-09 20:00:00+00:00,1.7985999584197998,1.8015300035476685,1.797469973564148,1.8014800548553467
2024-12-10 00:00:00+00:00,1.8014899492263794,1.81181001663208,1.801169991493225,1.8102799654006958
2024-12-10 04:00:00+00:00,1.8102799654006958,1.8125100135803223,1.808859944343567,1.812440037727356
2024-12-10 08:00:00+00:00,1.8124099969863892,1.8133200407028198,1.8064899444580078,1.8082599639892578
2024-12-10 12:00:00+00:00,1.8083699941635132,1.8118499517440796,1.807420015335083,1.8116799592971802
2024-12-10 16:00:00+00:00,1.8115899562835693,1.8146799802780151,1.8111000061035156,1.8145300149917603
2024-12-10 20:00:00+00:00,1.8145400285720825,1.8155699968338013,1.8127000331878662,1.8150700330734253
2024-12-11 00:00:00+00:00,1.815119981765747,1.8170100450515747,1.813330054283142,1.8143399953842163
2024-12-11 04:00:00+00:00,1.8143500089645386,1.820389986038208,1.8139899969100952,1.818519949913025
2024-12-11 08:00:00+00:00,1.8184800148010254,1.82082998752594,1.8170599937438965,1.8186399936676025
2024-12-11 12:00:00+00:00,1.8186500072479248,1.8196200132369995,1.811400055885315,1.812690019607544
2024-12-11 16:00:00+00:00,1.8126200437545776,1.8136999607086182,1.8114800453186035,1.8132100105285645
2024-12-11 20:00:00+00:00,1.8131999969482422,1.8149299621582031,1.8116300106048584,1.813249945640564
2024-12-12 00:00:00+00:00,1.8133900165557861,1.815619945526123,1.808419942855835,1.8091100454330444
2024-12-12 04:00:00+00:00,1.8091000318527222,1.812150001525879,1.8082400560379028,1.8104300498962402
2024-12-12 08:00:00+00:00,1.8103599548339844,1.8123799562454224,1.8078500032424927,1.8116099834442139
2024-12-12 12:00:00+00:00,1.8117200136184692,1.8157600164413452,1.8075400590896606,1.8115700483322144
2024-12-12 16:00:00+00:00,1.8115400075912476,1.8165099620819092,1.8112399578094482,1.8161499500274658
2024-12-12 20:00:00+00:00,1.8161300420761108,1.8164199590682983,1.8121700286865234,1.815119981765747
2024-12-13 00:00:00+00:00,1.8150500059127808,1.8183799982070923,1.8141900300979614,1.8146799802780151
2024-12-13 04:00:00+00:00,1.8146300315856934,1.8169000148773193,1.8133699893951416,1.813889980316162
2024-12-13 08:00:00+00:00,1.8138500452041626,1.8205499649047852,1.813539981842041,1.819640040397644
2024-12-13 12:00:00+00:00,1.8196099996566772,1.822160005569458,1.8185399770736694,1.8209999799728394
2024-12-13 16:00:00+00:00,1.8210999965667725,1.823699951171875,1.820970058441162,1.8226399421691895
2024-12-13 20:00:00+00:00,1.8226499557495117,1.8236600160598755,1.8207600116729736,1.8224200010299683
2024-12-16 00:00:00+00:00,1.8212800025939941,1.823580026626587,1.819290041923523,1.8194799423217773
2024-12-16 04:00:00+00:00,1.8194799423217773,1.8203999996185303,1.8171600103378296,1.817620038986206
2024-12-16 08:00:00+00:00,1.8175400495529175,1.8206199407577515,1.8161300420761108,1.8190300464630127
2024-12-16 12:00:00+00:00,1.8190100193023682,1.820099949836731,1.8164399862289429,1.8169699907302856
2024-12-16 16:00:00+00:00,1.8169399499893188,1.8193299770355225,1.8158600330352783,1.8183300495147705
2024-12-16 20:00:00+00:00,1.8183499574661255,1.8190699815750122,1.815459966659546,1.8157999515533447
2024-12-17 00:00:00+00:00,1.8157999515533447,1.8221499919891357,1.8153599500656128,1.82122004032135
2024-12-17 04:00:00+00:00,1.8212300539016724,1.823639988899231,1.8197400569915771,1.8213000297546387
2024-12-17 08:00:00+00:00,1.8212699890136719,1.82260000705719,1.8183499574661255,1.8214999437332153
2024-12-17 12:00:00+00:00,1.8214800357818604,1.8247499465942383,1.8204900026321411,1.822759985923767
2024-12-17 16:00:00+00:00,1.822759985923767,1.8253799676895142,1.8212000131607056,1.8225200176239014
2024-12-17 20:00:00+00:00,1.8225200176239014,1.823989987373352,1.8198100328445435,1.8226300477981567
2024-12-18 00:00:00+00:00,1.8223299980163574,1.8291300535202026,1.8220800161361694,1.8290899991989136
2024-12-18 04:00:00+00:00,1.829110026359558,1.8319499492645264,1.828089952468872,1.829319953918457
2024-12-18 08:00:00+00:00,1.8293700218200684,1.8333899974822998,1.8288500308990479,1.8319400548934937
2024-12-18 12:00:00+00:00,1.8318500518798828,1.8322700262069702,1.828029990196228,1.8307600021362305
2024-12-18 16:00:00+00:00,1.830680012702942,1.834820032119751,1.829069972038269,1.8315000534057617
2024-12-18 20:00:00+00:00,1.8315399885177612,1.843649983406067,1.8282099962234497,1.8429399728775024
2024-12-19 00:00:00+00:00,1.8425099849700928,1.8478100299835205,1.8417400121688843,1.8431799411773682
2024-12-19 04:00:00+00:00,1.8430700302124023,1.845900058746338,1.8416199684143066,1.8427499532699585
2024-12-19 08:00:00+00:00,1.84266996383667,1.8443399667739868,1.838189959526062,1.8387199640274048
2024-12-19 12:00:00+00:00,1.8389099836349487,1.8405699729919434,1.8359899520874023,1.8371100425720215
2024-12-19 16:00:00+00:00,1.8371299505233765,1.838819980621338,1.8342100381851196,1.838610053062439
2024-12-19 20:00:00+00:00,1.8385599851608276,1.8424400091171265,1.8380999565124512,1.8417799472808838
2024-12-20 00:00:00+00:00,1.8420000076293945,1.8459999561309814,1.8396600484848022,1.8422800302505493
2024-12-20 04:00:00+00:00,1.842360019683838,1.8430900573730469,1.839020013809204,1.8406200408935547
2024-12-20 08:00:00+00:00,1.8407299518585205,1.8461300134658813,1.8399399518966675,1.8459999561309814
2024-12-20 12:00:00+00:00,1.845900058746338,1.8461999893188477,1.8393199443817139,1.8415299654006958
2024-12-20 16:00:00+00:00,1.8415800333023071,1.8443200588226318,1.8400700092315674,1.843000054359436
2024-12-20 20:00:00+00:00,1.8429900407791138,1.8445299863815308,1.8423000574111938,1.8442100286483765
2024-12-23 00:00:00+00:00,1.8458800315856934,1.8483400344848633,1.8442000150680542,1.8465100526809692
2024-12-23 04:00:00+00:00,1.846519947052002,1.8474899530410767,1.8432999849319458,1.8439699411392212
2024-12-23 08:00:00+00:00,1.8439099788665771,1.8445899486541748,1.8385599851608276,1.8415100574493408
2024-12-23 12:00:00+00:00,1.8414900302886963,1.8457599878311157,1.8408199548721313,1.842170000076294
2024-12-23 16:00:00+00:00,1.842079997062683,1.8446300029754639,1.8402400016784668,1.8421299457550049
2024-12-23 20:00:00+00:00,1.8421800136566162,1.8442000150680542,1.8396400213241577,1.8427200317382812
2024-12-24 00:00:00+00:00,1.8427499532699585,1.8446600437164307,1.8412599563598633,1.8415600061416626
2024-12-24 04:00:00+00:00,1.8415600061416626,1.8422399759292603,1.839020013809204,1.840880036354065
2024-12-24 08:00:00+00:00,1.84089994430542,1.8447699546813965,1.8403300046920776,1.8432999849319458
2024-12-24 12:00:00+00:00,1.843269944190979,1.8450599908828735,1.8406599760055542,1.8435800075531006
2024-12-24 16:00:00+00:00,1.8436399698257446,1.8444000482559204,1.837149977684021,1.840880036354065
2024-12-24 20:00:00+00:00,1.8408600091934204,1.8436700105667114,1.8349900245666504,1.8378299474716187
2024-12-25 00:00:00+00:00,1.8418500423431396,1.8430900573730469,1.840499997138977,1.8412799835205078
2024-12-25 04:00:00+00:00,1.8411699533462524,1.8422600030899048,1.8396999835968018,1.8407800197601318
2024-12-25 08:00:00+00:00,1.8403400182724,1.8405200242996216,1.8382400274276733,1.83965003490448
2024-12-25 16:00:00+00:00,1.838919997215271,1.8390100002288818,1.8387800455093384,1.838919997215271
2024-12-25 20:00:00+00:00,1.8383899927139282,1.844730019569397,1.835070013999939,1.8402099609375
2024-12-26 00:00:00+00:00,1.8401000499725342,1.8406000137329102,1.837399959564209,1.8391799926757812
2024-12-26 04:00:00+00:00,1.8392399549484253,1.8439799547195435,1.8389400243759155,1.842210054397583
2024-12-26 08:00:00+00:00,1.8421800136566162,1.8454999923706055,1.8412100076675415,1.8441699743270874
2024-12-26 12:00:00+00:00,1.844040036201477,1.8519699573516846,1.8436700105667114,1.850950002670288
2024-12-26 16:00:00+00:00,1.8509999513626099,1.852220058441162,1.8497300148010254,1.8520699739456177
2024-12-26 20:00:00+00:00,1.851989984512329,1.853600025177002,1.8491599559783936,1.8526500463485718
2024-12-27 00:00:00+00:00,1.8524800539016724,1.8541100025177002,1.850409984588623,1.8539700508117676
2024-12-27 04:00:00+00:00,1.853760004043579,1.854140043258667,1.8479900360107422,1.8502399921417236
2024-12-27 08:00:00+00:00,1.8502399921417236,1.8522100448608398,1.8483200073242188,1.8517800569534302
2024-12-27 12:00:00+00:00,1.851789951324463,1.8528300523757935,1.848080039024353,1.8489700555801392
2024-12-27 16:00:00+00:00,1.8488500118255615,1.8526300191879272,1.8486700057983398,1.849810004234314
2024-12-27 20:00:00+00:00,1.849850058555603,1.8514900207519531,1.8492300510406494,1.8509000539779663
2024-12-30 00:00:00+00:00,1.8494600057601929,1.850450038909912,1.8418200016021729,1.8423500061035156
2024-12-30 04:00:00+00:00,1.8424999713897705,1.844059944152832,1.840190052986145,1.8409500122070312
2024-12-30 08:00:00+00:00,1.840999960899353,1.8463900089263916,1.8409500122070312,1.8451600074768066
2024-12-30 12:00:00+00:00,1.8451800346374512,1.8475799560546875,1.8407599925994873,1.8412100076675415
2024-12-30 16:00:00+00:00,1.84128999710083,1.8434300422668457,1.840690016746521,1.8433200120925903
2024-12-30 20:00:00+00:00,1.8432799577713013,1.8461899757385254,1.8423399925231934,1.8452500104904175
2024-12-31 00:00:00+00:00,1.845420002937317,1.849660038948059,1.843250036239624,1.849370002746582
2024-12-31 04:00:00+00:00,1.8494800329208374,1.8505100011825562,1.846940040588379,1.848230004310608
2024-12-31 08:00:00+00:00,1.8481999635696411,1.8530499935150146,1.8476699590682983,1.8525899648666382
2024-12-31 12:00:00+00:00,1.8525400161743164,1.8539299964904785,1.8468600511550903,1.8479599952697754
2024-12-31 16:00:00+00:00,1.8479900360107422,1.8518500328063965,1.8472800254821777,1.8510299921035767
2024-12-31 20:00:00+00:00,1.851289987564087,1.8518699407577515,1.8496999740600586,1.8496999740600586
2025-01-01 16:00:00+00:00,1.8509600162506104,1.8523000478744507,1.8506900072097778,1.8515299558639526
2025-01-01 20:00:00+00:00,1.8515299558639526,1.8515299558639526,1.84660005569458,1.8492000102996826
2025-01-02 00:00:00+00:00,1.8489099740982056,1.850160002708435,1.8438299894332886,1.846519947052002
2025-01-02 04:00:00+00:00,1.846519947052002,1.8485599756240845,1.8446799516677856,1.8476300239562988
2025-01-02 08:00:00+00:00,1.847599983215332,1.8486100435256958,1.8378100395202637,1.8403600454330444
2025-01-02 12:00:00+00:00,1.8403500318527222,1.8412699699401855,1.8331799507141113,1.8336700201034546
2025-01-02 16:00:00+00:00,1.8337700366973877,1.835510015487671,1.8277599811553955,1.8344500064849854
2025-01-02 20:00:00+00:00,1.8344099521636963,1.8360199928283691,1.8324799537658691,1.8356000185012817
2025-01-03 00:00:00+00:00,1.8356499671936035,1.8356499671936035,1.8311799764633179,1.8324600458145142
2025-01-03 04:00:00+00:00,1.8324400186538696,1.8363800048828125,1.830199956893921,1.835170030593872
2025-01-03 08:00:00+00:00,1.835170030593872,1.8380600214004517,1.8346199989318848,1.836590051651001
2025-01-03 12:00:00+00:00,1.8366299867630005,1.8382600545883179,1.8346799612045288,1.837030053138733
2025-01-03 16:00:00+00:00,1.8371599912643433,1.8377599716186523,1.8349499702453613,1.8365999460220337
2025-01-03 20:00:00+00:00,1.836549997329712,1.837730050086975,1.8345500230789185,1.8359700441360474
2025-01-06 00:00:00+00:00,1.8345500230789185,1.837090015411377,1.8296400308609009,1.8349299430847168
2025-01-06 04:00:00+00:00,1.8349299430847168,1.8354500532150269,1.8320399522781372,1.8353699445724487
2025-01-06 08:00:00+00:00,1.835360050201416,1.8397400379180908,1.833150029182434,1.8364499807357788
2025-01-06 12:00:00+00:00,1.8364399671554565,1.8427000045776367,1.833109974861145,1.8424099683761597
2025-01-06 16:00:00+00:00,1.8424500226974487,1.8434699773788452,1.840790033340454,1.842419981956482
2025-01-06 20:00:00+00:00,1.8424400091171265,1.842519998550415,1.838170051574707,1.8417500257492065
2025-01-07 00:00:00+00:00,1.841599941253662,1.841599941253662,1.8349000215530396,1.8354599475860596
2025-01-07 04:00:00+00:00,1.835479974746704,1.8367400169372559,1.8340200185775757,1.834630012512207
2025-01-07 08:00:00+00:00,1.8346099853515625,1.835129976272583,1.8314900398254395,1.8338899612426758
2025-01-07 12:00:00+00:00,1.8337700366973877,1.8375400304794312,1.8307600021362305,1.8364200592041016
2025-01-07 16:00:00+00:00,1.8364299535751343,1.8383599519729614,1.8348000049591064,1.8357499837875366
2025-01-07 20:00:00+00:00,1.8356800079345703,1.836650013923645,1.8330700397491455,1.835510015487671
2025-01-08 00:00:00+00:00,1.8354599475860596,1.8392000198364258,1.8339799642562866,1.8368200063705444
2025-01-08 04:00:00+00:00,1.8367999792099,1.838379979133606,1.834570050239563,1.8356399536132812
2025-01-08 08:00:00+00:00,1.8356499671936035,1.8385900259017944,1.8345799446105957,1.8383100032806396
2025-01-08 12:00:00+00:00,1.838170051574707,1.8403500318527222,1.8368699550628662,1.8373299837112427
2025-01-08 16:00:00+00:00,1.8373700380325317,1.840999960899353,1.8365399837493896,1.8397300243377686
2025-01-08 20:00:00+00:00,1.839669942855835,1.8403799533843994,1.8372000455856323,1.8399300575256348
2025-01-09 00:00:00+00:00,1.839840054512024,1.8426799774169922,1.8394399881362915,1.8420499563217163
2025-01-09 04:00:00+00:00,1.842039942741394,1.8447500467300415,1.8400299549102783,1.8445299863815308
2025-01-09 08:00:00+00:00,1.844599962234497,1.8458199501037598,1.8401299715042114,1.8410199880599976
2025-01-09 12:00:00+00:00,1.841130018234253,1.8425400257110596,1.8398000001907349,1.8414100408554077
2025-01-09 16:00:00+00:00,1.8413599729537964,1.8415700197219849,1.8380000591278076,1.8390799760818481
2025-01-09 20:00:00+00:00,1.8390599489212036,1.8410600423812866,1.8374099731445312,1.8408499956130981
2025-01-10 00:00:00+00:00,1.8407700061798096,1.8413100242614746,1.8385599851608276,1.8409299850463867
2025-01-10 04:00:00+00:00,1.8409099578857422,1.842460036277771,1.8395999670028687,1.8418699502944946
2025-01-10 08:00:00+00:00,1.8418699502944946,1.8476300239562988,1.8415900468826294,1.845329999923706
2025-01-10 12:00:00+00:00,1.8453099727630615,1.8466700315475464,1.8415800333023071,1.8427799940109253
2025-01-10 16:00:00+00:00,1.842769980430603,1.8441100120544434,1.8406000137329102,1.8428499698638916
2025-01-10 20:00:00+00:00,1.8428699970245361,1.8444700241088867,1.8417999744415283,1.8434799909591675
2025-01-13 00:00:00+00:00,1.841040015220642,1.841670036315918,1.8364399671554565,1.8369699716567993
2025-01-13 04:00:00+00:00,1.8370100259780884,1.84128999710083,1.8364200592041016,1.838860034942627
2025-01-13 08:00:00+00:00,1.8389500379562378,1.8407599925994873,1.8355400562286377,1.8376400470733643
2025-01-13 12:00:00+00:00,1.8376100063323975,1.839669942855835,1.835319995880127,1.8369300365447998
2025-01-13 16:00:00+00:00,1.836940050125122,1.8388099670410156,1.8359800577163696,1.8365099430084229
2025-01-13 20:00:00+00:00,1.8365399837493896,1.8370399475097656,1.8288600444793701,1.8317500352859497
2025-01-14 00:00:00+00:00,1.832110047340393,1.83256995677948,1.825850009918213,1.8275699615478516
2025-01-14 04:00:00+00:00,1.8275699615478516,1.8287700414657593,1.8243600130081177,1.8248599767684937
2025-01-14 08:00:00+00:00,1.8247699737548828,1.8328900337219238,1.8227699995040894,1.8308000564575195
2025-01-14 12:00:00+00:00,1.8307499885559082,1.837049961090088,1.8295600414276123,1.837030053138733
2025-01-14 16:00:00+00:00,1.8370100259780884,1.8407299518585205,1.8356000185012817,1.8395899534225464
2025-01-14 20:00:00+00:00,1.8396300077438354,1.8404500484466553,1.8372100591659546,1.839460015296936
2025-01-15 00:00:00+00:00,1.8394500017166138,1.840149998664856,1.8369799852371216,1.8374600410461426
2025-01-15 04:00:00+00:00,1.837440013885498,1.8395400047302246,1.8337899446487427,1.8345799446105957
2025-01-15 08:00:00+00:00,1.8344700336456299,1.836549997329712,1.833109974861145,1.8360099792480469
2025-01-15 12:00:00+00:00,1.8360899686813354,1.8386000394821167,1.8306599855422974,1.8325599431991577
2025-01-15 16:00:00+00:00,1.8326599597930908,1.8343299627304077,1.8298900127410889,1.8325999975204468
2025-01-15 20:00:00+00:00,1.8325999975204468,1.8331799507141113,1.8286099433898926,1.8289799690246582
2025-01-16 00:00:00+00:00,1.8291499614715576,1.8343600034713745,1.827720046043396,1.8343000411987305
2025-01-16 04:00:00+00:00,1.834280014038086,1.836709976196289,1.832859992980957,1.8351999521255493
2025-01-16 08:00:00+00:00,1.8352199792861938,1.8372700214385986,1.8339600563049316,1.8363499641418457
2025-01-16 12:00:00+00:00,1.8363200426101685,1.8389099836349487,1.8339799642562866,1.8346600532531738
2025-01-16 16:00:00+00:00,1.8346400260925293,1.8369300365447998,1.8324899673461914,1.8364499807357788
2025-01-16 20:00:00+00:00,1.8364200592041016,1.8390599489212036,1.834689974784851,1.8369799852371216
2025-01-17 00:00:00+00:00,1.836959958076477,1.8384599685668945,1.8352999687194824,1.8375799655914307
2025-01-17 04:00:00+00:00,1.837689995765686,1.842210054397583,1.8372900485992432,1.8385000228881836
2025-01-17 08:00:00+00:00,1.8385100364685059,1.841230034828186,1.8373299837112427,1.8410099744796753
2025-01-17 12:00:00+00:00,1.8410600423812866,1.8459399938583374,1.8367300033569336,1.8378599882125854
2025-01-17 16:00:00+00:00,1.8377599716186523,1.8400700092315674,1.836609959602356,1.839709997177124
2025-01-17 20:00:00+00:00,1.839709997177124,1.840250015258789,1.837730050086975,1.8392399549484253
2025-01-20 00:00:00+00:00,1.8392000198364258,1.8393199443817139,1.8350600004196167,1.835860013961792
2025-01-20 04:00:00+00:00,1.835800051689148,1.8388299942016602,1.834820032119751,1.8349299430847168
2025-01-20 08:00:00+00:00,1.8349000215530396,1.8426400423049927,1.834529995918274,1.8420699834823608
2025-01-20 12:00:00+00:00,1.8419699668884277,1.8421000242233276,1.834280014038086,1.839020013809204
2025-01-20 16:00:00+00:00,1.8390599489212036,1.8396600484848022,1.8346999883651733,1.8359400033950806
2025-01-20 20:00:00+00:00,1.8358500003814697,1.8366999626159668,1.833400011062622,1.8341699838638306
2025-01-21 00:00:00+00:00,1.8342100381851196,1.8419400453567505,1.833359956741333,1.8365099430084229
2025-01-21 04:00:00+00:00,1.8366800546646118,1.8404500484466553,1.836169958114624,1.8390899896621704
2025-01-21 08:00:00+00:00,1.839169979095459,1.8416099548339844,1.836459994316101,1.8411500453948975
2025-01-21 12:00:00+00:00,1.8411099910736084,1.84128999710083,1.8379199504852295,1.838670015335083
2025-01-21 16:00:00+00:00,1.8386399745941162,1.8400700092315674,1.8380500078201294,1.8384699821472168
2025-01-21 20:00:00+00:00,1.838479995727539,1.838729977607727,1.8342000246047974,1.8383300304412842
2025-01-22 00:00:00+00:00,1.838129997253418,1.842229962348938,1.837440013885498,1.8407299518585205
2025-01-22 04:00:00+00:00,1.8407000303268433,1.8417400121688843,1.8391300439834595,1.840980052947998
2025-01-22 08:00:00+00:00,1.841040015220642,1.841040015220642,1.8374500274658203,1.8398200273513794
2025-01-22 12:00:00+00:00,1.8398200273513794,1.8405699729919434,1.8363200426101685,1.8391900062561035
2025-01-22 16:00:00+00:00,1.839169979095459,1.8405100107192993,1.8364800214767456,1.8381600379943848
2025-01-22 20:00:00+00:00,1.8381600379943848,1.838860034942627,1.8358299732208252,1.83788001537323
2025-01-23 00:00:00+00:00,1.8379199504852295,1.838420033454895,1.8340699672698975,1.837380051612854
2025-01-23 04:00:00+00:00,1.8373899459838867,1.8375600576400757,1.8354899883270264,1.836840033531189
2025-01-23 08:00:00+00:00,1.836840033531189,1.840749979019165,1.8363499641418457,1.8390599489212036
2025-01-23 12:00:00+00:00,1.839050054550171,1.8393900394439697,1.8351399898529053,1.8364499807357788
2025-01-23 16:00:00+00:00,1.8364200592041016,1.8373199701309204,1.8340699672698975,1.8358999490737915
2025-01-23 20:00:00+00:00,1.8359299898147583,1.836169958114624,1.8327499628067017,1.8352199792861938
2025-01-24 00:00:00+00:00,1.8352999687194824,1.8369100093841553,1.8302199840545654,1.8306100368499756
2025-01-24 04:00:00+00:00,1.8306000232696533,1.8326599597930908,1.8283400535583496,1.8324400186538696
2025-01-24 08:00:00+00:00,1.8325400352478027,1.838089942932129,1.8323099613189697,1.8369899988174438
2025-01-24 12:00:00+00:00,1.8369499444961548,1.8392000198364258,1.8344299793243408,1.8387500047683716
2025-01-24 16:00:00+00:00,1.8387199640274048,1.839210033416748,1.8364100456237793,1.8369899988174438
2025-01-24 20:00:00+00:00,1.836959958076477,1.838189959526062,1.8352199792861938,1.8374300003051758
2025-01-27 00:00:00+00:00,1.8381199836730957,1.8421299457550049,1.8375600576400757,1.8397599458694458
2025-01-27 04:00:00+00:00,1.8398000001907349,1.8428499698638916,1.8385900259017944,1.8417099714279175
2025-01-27 08:00:00+00:00,1.8417400121688843,1.8450299501419067,1.8409500122070312,1.8445899486541748
2025-01-27 12:00:00+00:00,1.8446999788284302,1.848829984664917,1.8434799909591675,1.8467600345611572
2025-01-27 16:00:00+00:00,1.8467600345611572,1.8485300540924072,1.8436199426651,1.844190001487732
2025-01-27 20:00:00+00:00,1.8442100286483765,1.8444099426269531,1.8411799669265747,1.8428599834442139
2025-01-28 00:00:00+00:00,1.8422399759292603,1.8460299968719482,1.8409099578857422,1.8428000211715698
2025-01-28 04:00:00+00:00,1.8427900075912476,1.8445600271224976,1.842460036277771,1.843500018119812
2025-01-28 08:00:00+00:00,1.843500018119812,1.8444000482559204,1.8408900499343872,1.8431999683380127
2025-01-28 12:00:00+00:00,1.8431899547576904,1.845289945602417,1.84142005443573,1.8422199487686157
2025-01-28 16:00:00+00:00,1.8422600030899048,1.842900037765503,1.840019941329956,1.8406699895858765
2025-01-28 20:00:00+00:00,1.8408000469207764,1.8411400318145752,1.8383300304412842,1.840809941291809
2025-01-29 00:00:00+00:00,1.840880036354065,1.8449000120162964,1.8394999504089355,1.8445600271224976
2025-01-29 04:00:00+00:00,1.844539999961853,1.8448100090026855,1.840499997138977,1.8409500122070312
2025-01-29 08:00:00+00:00,1.8408000469207764,1.8436000347137451,1.8407800197601318,1.8417099714279175
2025-01-29 12:00:00+00:00,1.8417600393295288,1.844249963760376,1.8414100408554077,1.8430500030517578
2025-01-29 16:00:00+00:00,1.8429700136184692,1.843709945678711,1.8406200408935547,1.842020034790039
2025-01-29 20:00:00+00:00,1.8420000076293945,1.8428499698638916,1.8393900394439697,1.840109944343567
2025-01-30 00:00:00+00:00,1.8399200439453125,1.8434499502182007,1.8395099639892578,1.8433500528335571
2025-01-30 04:00:00+00:00,1.8433599472045898,1.8469500541687012,1.8430399894714355,1.8465700149536133
2025-01-30 08:00:00+00:00,1.8465700149536133,1.8474400043487549,1.8394500017166138,1.8398499488830566
2025-01-30 12:00:00+00:00,1.8396999835968018,1.849120020866394,1.8394900560379028,1.844980001449585
2025-01-30 16:00:00+00:00,1.8450000286102295,1.8454099893569946,1.8425400257110596,1.84375
2025-01-30 20:00:00+00:00,1.843790054321289,1.847540020942688,1.8426200151443481,1.8447500467300415
2025-01-31 00:00:00+00:00,1.8449599742889404,1.846459984779358,1.8400599956512451,1.8409899473190308
2025-01-31 04:00:00+00:00,1.8410099744796753,1.8415100574493408,1.8374799489974976,1.8382500410079956
2025-01-31 08:00:00+00:00,1.8382099866867065,1.8396400213241577,1.8343900442123413,1.8391200304031372
2025-01-31 12:00:00+00:00,1.8391200304031372,1.839769959449768,1.8348000049591064,1.838729977607727
2025-01-31 16:00:00+00:00,1.8387000560760498,1.8402800559997559,1.8343600034713745,1.8396600484848022
2025-01-31 20:00:00+00:00,1.839709997177124,1.839900016784668,1.8358500003814697,1.8373299837112427
2025-02-03 00:00:00+00:00,1.8398000001907349,1.851449966430664,1.837820053100586,1.8497099876403809
2025-02-03 04:00:00+00:00,1.8497899770736694,1.849869966506958,1.840939998626709,1.8414299488067627
2025-02-03 08:00:00+00:00,1.8415100574493408,1.8441400527954102,1.838819980621338,1.8427300453186035
2025-02-03 12:00:00+00:00,1.842810034751892,1.8449900150299072,1.8396300077438354,1.8407399654388428
2025-02-03 16:00:00+00:00,1.8409299850463867,1.8421499729156494,1.8361999988555908,1.8393399715423584
2025-02-03 20:00:00+00:00,1.839359998703003,1.8443000316619873,1.8339999914169312,1.8352899551391602
2025-02-04 00:00:00+00:00,1.835170030593872,1.8402099609375,1.833739995956421,1.8401000499725342
2025-02-04 04:00:00+00:00,1.840109944343567,1.8424099683761597,1.8378700017929077,1.8389899730682373
2025-02-04 08:00:00+00:00,1.8390599489212036,1.8451100587844849,1.8386199474334717,1.8412200212478638
2025-02-04 12:00:00+00:00,1.8412100076675415,1.8429100513458252,1.8373899459838867,1.8396899700164795
2025-02-04 16:00:00+00:00,1.8396899700164795,1.8398100137710571,1.8359800577163696,1.8364900350570679
2025-02-04 20:00:00+00:00,1.8364800214767456,1.8383100032806396,1.8352400064468384,1.8365999460220337
2025-02-05 00:00:00+00:00,1.8366600275039673,1.83774995803833,1.8335000276565552,1.8344500064849854
2025-02-05 04:00:00+00:00,1.8344500064849854,1.835729956626892,1.8324999809265137,1.8344500064849854
2025-02-05 08:00:00+00:00,1.8344299793243408,1.8346699476242065,1.8297200202941895,1.8316600322723389
2025-02-05 12:00:00+00:00,1.8315999507904053,1.8344800472259521,1.8266199827194214,1.829609990119934
2025-02-05 16:00:00+00:00,1.829609990119934,1.8309099674224854,1.8283400535583496,1.8302299976348877
2025-02-05 20:00:00+00:00,1.8301899433135986,1.8344299793243408,1.827299952507019,1.8281099796295166
2025-02-06 00:00:00+00:00,1.8281300067901611,1.8329499959945679,1.827370047569275,1.8321000337600708
2025-02-06 04:00:00+00:00,1.8320800065994263,1.8347400426864624,1.8311599493026733,1.834190011024475
2025-02-06 08:00:00+00:00,1.8342399597167969,1.8343199491500854,1.8293299674987793,1.8305799961090088
2025-02-06 12:00:00+00:00,1.8304799795150757,1.8328299522399902,1.8278599977493286,1.8285900354385376
2025-02-06 16:00:00+00:00,1.8286000490188599,1.8309199810028076,1.8275400400161743,1.8308700323104858
2025-02-06 20:00:00+00:00,1.8308500051498413,1.8315099477767944,1.8266299962997437,1.8301899433135986
2025-02-07 00:00:00+00:00,1.8302600383758545,1.8302600383758545,1.8246599435806274,1.8267300128936768
2025-02-07 04:00:00+00:00,1.8267799615859985,1.8293800354003906,1.8262499570846558,1.8293100595474243
2025-02-07 08:00:00+00:00,1.8292299509048462,1.82955002784729,1.8263100385665894,1.8292200565338135
2025-02-07 12:00:00+00:00,1.829319953918457,1.8313100337982178,1.8257700204849243,1.8291000127792358
2025-02-07 16:00:00+00:00,1.8291000127792358,1.8296200037002563,1.8245600461959839,1.8258099555969238
2025-02-07 20:00:00+00:00,1.825850009918213,1.8262699842453003,1.82260000705719,1.8240699768066406
2025-02-10 00:00:00+00:00,1.8260600566864014,1.8267099857330322,1.8236700296401978,1.8241000175476074
2025-02-10 04:00:00+00:00,1.8240900039672852,1.8243399858474731,1.8214399814605713,1.8232799768447876
2025-02-10 08:00:00+00:00,1.8233599662780762,1.826509952545166,1.8229299783706665,1.8255399465560913
2025-02-10 12:00:00+00:00,1.825510025024414,1.8260200023651123,1.822219967842102,1.8234800100326538
2025-02-10 16:00:00+00:00,1.8235199451446533,1.8272199630737305,1.8231500387191772,1.8265299797058105
2025-02-10 20:00:00+00:00,1.8265299797058105,1.829699993133545,1.8242100477218628,1.8283100128173828
2025-02-11 00:00:00+00:00,1.828089952468872,1.82955002784729,1.8257900476455688,1.8259999752044678
2025-02-11 04:00:00+00:00,1.8260899782180786,1.8263399600982666,1.8229399919509888,1.8240699768066406
2025-02-11 08:00:00+00:00,1.8240699768066406,1.829010009765625,1.8222099542617798,1.828909993171692
2025-02-11 12:00:00+00:00,1.828909993171692,1.8304799795150757,1.8265999555587769,1.8298300504684448
2025-02-11 16:00:00+00:00,1.8298100233078003,1.833840012550354,1.8284499645233154,1.832669973373413
2025-02-11 20:00:00+00:00,1.8327100276947021,1.8328700065612793,1.828760027885437,1.831339955329895
2025-02-12 00:00:00+00:00,1.831570029258728,1.8318500518798828,1.8272700309753418,1.829450011253357
2025-02-12 04:00:00+00:00,1.8295600414276123,1.8357499837875366,1.828909993171692,1.8355900049209595
2025-02-12 08:00:00+00:00,1.8355799913406372,1.8405300378799438,1.835070013999939,1.8390899896621704
2025-02-12 12:00:00+00:00,1.83896005153656,1.8443599939346313,1.836069941520691,1.842079997062683
2025-02-12 16:00:00+00:00,1.8420699834823608,1.8433400392532349,1.8396799564361572,1.840649962425232
2025-02-12 20:00:00+00:00,1.840649962425232,1.8422600030899048,1.838420033454895,1.8421599864959717
2025-02-13 00:00:00+00:00,1.8420000076293945,1.8450599908828735,1.841380000114441,1.8439799547195435
2025-02-13 04:00:00+00:00,1.843850016593933,1.8463300466537476,1.8426599502563477,1.845329999923706
2025-02-13 08:00:00+00:00,1.8452800512313843,1.849429965019226,1.8450499773025513,1.8463300466537476
2025-02-13 12:00:00+00:00,1.846269965171814,1.847100019454956,1.841670036315918,1.8450700044631958
2025-02-13 16:00:00+00:00,1.8451999425888062,1.8462599515914917,1.8408299684524536,1.8431400060653687
2025-02-13 20:00:00+00:00,1.8431400060653687,1.845479965209961,1.8411500453948975,1.841920018196106
2025-02-14 00:00:00+00:00,1.8419599533081055,1.8425999879837036,1.8362900018692017,1.8377399444580078
2025-02-14 04:00:00+00:00,1.8377699851989746,1.83951997756958,1.8373299837112427,1.838479995727539
2025-02-14 08:00:00+00:00,1.838479995727539,1.839609980583191,1.8346400260925293,1.8350399732589722
2025-02-14 12:00:00+00:00,1.8351099491119385,1.8365800380706787,1.8324300050735474,1.8344600200653076
2025-02-14 16:00:00+00:00,1.8345199823379517,1.8346500396728516,1.8291800022125244,1.8296600580215454
2025-02-14 20:00:00+00:00,1.82955002784729,1.8309500217437744,1.8282500505447388,1.8309500217437744
2025-02-17 00:00:00+00:00,1.8295199871063232,1.8304500579833984,1.8263100385665894,1.8292100429534912
2025-02-17 04:00:00+00:00,1.8292299509048462,1.8299800157546997,1.8265899419784546,1.8279800415039062
2025-02-17 08:00:00+00:00,1.828029990196228,1.8294600248336792,1.8256100416183472,1.8267300128936768
2025-02-17 12:00:00+00:00,1.8266600370407104,1.8276499509811401,1.825119972229004,1.826990008354187
2025-02-17 16:00:00+00:00,1.8270200490951538,1.8278599977493286,1.8253999948501587,1.827589988708496
2025-02-17 20:00:00+00:00,1.8274999856948853,1.8297699689865112,1.8252300024032593,1.8292800188064575
2025-02-18 00:00:00+00:00,1.8293800354003906,1.8335700035095215,1.8287299871444702,1.8324600458145142
2025-02-18 04:00:00+00:00,1.8324899673461914,1.8336399793624878,1.8297699689865112,1.8320900201797485
2025-02-18 08:00:00+00:00,1.8320800065994263,1.8338299989700317,1.8308500051498413,1.8327800035476685
2025-02-18 12:00:00+00:00,1.832800030708313,1.8355300426483154,1.83187997341156,1.8354300260543823
2025-02-18 16:00:00+00:00,1.8354300260543823,1.8359299898147583,1.8310199975967407,1.8318099975585938
2025-02-18 20:00:00+00:00,1.8318500518798828,1.8321900367736816,1.8291200399398804,1.83132004737854
2025-02-19 00:00:00+00:00,1.8315800428390503,1.8393900394439697,1.825719952583313,1.8274500370025635
2025-02-19 04:00:00+00:00,1.8273799419403076,1.8283400535583496,1.823889970779419,1.8248200416564941
2025-02-19 08:00:00+00:00,1.8248000144958496,1.8261699676513672,1.8211599588394165,1.8247400522232056
2025-02-19 12:00:00+00:00,1.8247100114822388,1.8271600008010864,1.8230500221252441,1.8253799676895142
2025-02-19 16:00:00+00:00,1.8254899978637695,1.828629970550537,1.8244800567626953,1.8279199600219727
2025-02-19 20:00:00+00:00,1.8279199600219727,1.8286000490188599,1.8245699405670166,1.8279500007629395
2025-02-20 00:00:00+00:00,1.82778000831604,1.83010995388031,1.8245500326156616,1.825279951095581
2025-02-20 04:00:00+00:00,1.8253200054168701,1.8255000114440918,1.8212599754333496,1.8233400583267212
2025-02-20 08:00:00+00:00,1.8233699798583984,1.823830008506775,1.8197300434112549,1.8237299919128418
2025-02-20 12:00:00+00:00,1.8237799406051636,1.823799967765808,1.8174200057983398,1.8197400569915771
2025-02-20 16:00:00+00:00,1.8197400569915771,1.8223199844360352,1.8179500102996826,1.8220900297164917
2025-02-20 20:00:00+00:00,1.822059988975525,1.8227299451828003,1.819309949874878,1.8217999935150146
2025-02-21 00:00:00+00:00,1.8214099407196045,1.8217400312423706,1.8188999891281128,1.820539951324463
2025-02-21 04:00:00+00:00,1.8204900026321411,1.8223999738693237,1.8200600147247314,1.820770025253296
2025-02-21 08:00:00+00:00,1.8207099437713623,1.820989966392517,1.8167500495910645,1.8182899951934814
2025-02-21 12:00:00+00:00,1.8181699514389038,1.8204599618911743,1.8171199560165405,1.8179800510406494
2025-02-21 16:00:00+00:00,1.8179800510406494,1.8240000009536743,1.8169100284576416,1.8235499858856201
2025-02-21 20:00:00+00:00,1.8234299421310425,1.8235499858856201,1.820180058479309,1.821470022201538
2025-02-24 00:00:00+00:00,1.8216300010681152,1.8292700052261353,1.8210699558258057,1.8253899812698364
2025-02-24 04:00:00+00:00,1.8255200386047363,1.8268500566482544,1.823390007019043,1.8241100311279297
2025-02-24 08:00:00+00:00,1.824049949645996,1.8249399662017822,1.8213900327682495,1.8220100402832031
2025-02-24 12:00:00+00:00,1.8221700191497803,1.8248499631881714,1.8203599452972412,1.8233200311660767
2025-02-24 16:00:00+00:00,1.8232899904251099,1.8246699571609497,1.821720004081726,1.824139952659607
2025-02-24 20:00:00+00:00,1.8241599798202515,1.826990008354187,1.8237700462341309,1.82669997215271
2025-02-25 00:00:00+00:00,1.826799988746643,1.8281999826431274,1.8252400159835815,1.8268500566482544
2025-02-25 04:00:00+00:00,1.8268699645996094,1.8283799886703491,1.825260043144226,1.8276499509811401
2025-02-25 08:00:00+00:00,1.8276699781417847,1.8345999717712402,1.8269699811935425,1.8331600427627563
2025-02-25 12:00:00+00:00,1.8331999778747559,1.8395899534225464,1.8323800563812256,1.8367300033569336
2025-02-25 16:00:00+00:00,1.8367600440979004,1.838189959526062,1.8358800411224365,1.8372600078582764
2025-02-25 20:00:00+00:00,1.837280035018921,1.8378299474716187,1.834130048751831,1.8358299732208252
2025-02-26 00:00:00+00:00,1.8358700275421143,1.8401000499725342,1.8354099988937378,1.8390400409698486
2025-02-26 04:00:00+00:00,1.838979959487915,1.8390899896621704,1.835800051689148,1.8380000591278076
2025-02-26 08:00:00+00:00,1.837980031967163,1.8430500030517578,1.8374300003051758,1.841670036315918
2025-02-26 12:00:00+00:00,1.841539978981018,1.8431400060653687,1.8400499820709229,1.8415900468826294
2025-02-26 16:00:00+00:00,1.8416999578475952,1.8421200513839722,1.836859941482544,1.8407599925994873
2025-02-26 20:00:00+00:00,1.8407700061798096,1.8421800136566162,1.838170051574707,1.8402299880981445
2025-02-27 00:00:00+00:00,1.8404099941253662,1.84128999710083,1.8386499881744385,1.8408399820327759
2025-02-27 04:00:00+00:00,1.8408700227737427,1.8440799713134766,1.8407000303268433,1.842810034751892
2025-02-27 08:00:00+00:00,1.8427799940109253,1.8445299863815308,1.8413499593734741,1.843559980392456
2025-02-27 12:00:00+00:00,1.843690037727356,1.8459800481796265,1.840880036354065,1.8443900346755981
2025-02-27 16:00:00+00:00,1.8443800210952759,1.8460099697113037,1.8432199954986572,1.8455499410629272
2025-02-27 20:00:00+00:00,1.8455400466918945,1.8476699590682983,1.8438800573349,1.847350001335144
2025-02-28 00:00:00+00:00,1.8472700119018555,1.8542300462722778,1.8465700149536133,1.8541100025177002
2025-02-28 04:00:00+00:00,1.8540899753570557,1.8561099767684937,1.8529499769210815,1.8559900522232056
2025-02-28 08:00:00+00:00,1.8559199571609497,1.857640027999878,1.8548500537872314,1.8557499647140503
2025-02-28 12:00:00+00:00,1.8557599782943726,1.8592100143432617,1.8548500537872314,1.8557100296020508
2025-02-28 16:00:00+00:00,1.8557499647140503,1.8586499691009521,1.85371994972229,1.854949951171875
2025-02-28 20:00:00+00:00,1.8549400568008423,1.8550299406051636,1.8517999649047852,1.8519799709320068
2025-03-03 00:00:00+00:00,1.8579200506210327,1.8598300218582153,1.8559000492095947,1.8593000173568726
2025-03-03 04:00:00+00:00,1.8593800067901611,1.8608399629592896,1.8562999963760376,1.8575400114059448
2025-03-03 08:00:00+00:00,1.8575199842453003,1.8652900457382202,1.8547899723052979,1.8647600412368774
2025-03-03 12:00:00+00:00,1.8647600412368774,1.8673299551010132,1.8624399900436401,1.863379955291748
2025-03-03 16:00:00+00:00,1.8633099794387817,1.865820050239563,1.860260009765625,1.8642799854278564
2025-03-03 20:00:00+00:00,1.8644499778747559,1.8691500425338745,1.8641599416732788,1.8680200576782227
2025-03-04 00:00:00+00:00,1.8681999444961548,1.8707499504089355,1.8667199611663818,1.869860053062439
2025-03-04 04:00:00+00:00,1.8697999715805054,1.8716599941253662,1.8679499626159668,1.8700300455093384
2025-03-04 08:00:00+00:00,1.8700200319290161,1.8739500045776367,1.8674499988555908,1.87076997756958
2025-03-04 12:00:00+00:00,1.8707300424575806,1.8740500211715698,1.8686000108718872,1.873329997062683
2025-03-04 16:00:00+00:00,1.873289942741394,1.8811999559402466,1.872879981994629,1.8781800270080566
2025-03-04 20:00:00+00:00,1.8782199621200562,1.8789900541305542,1.8729300498962402,1.8766900300979614
2025-03-05 00:00:00+00:00,1.8763999938964844,1.8807300329208374,1.874650001525879,1.8797099590301514
2025-03-05 04:00:00+00:00,1.8796199560165405,1.8836300373077393,1.8773200511932373,1.8834600448608398
2025-03-05 08:00:00+00:00,1.8834999799728394,1.8865300416946411,1.8793100118637085,1.879699945449829
2025-03-05 12:00:00+00:00,1.8797399997711182,1.8881399631500244,1.8794399499893188,1.8879599571228027
2025-03-05 16:00:00+00:00,1.8881299495697021,1.889639973640442,1.882680058479309,1.883829951286316
2025-03-05 20:00:00+00:00,1.8838599920272827,1.8852499723434448,1.8817600011825562,1.8840999603271484
2025-03-06 00:00:00+00:00,1.884310007095337,1.8877300024032593,1.8821099996566772,1.882789969444275
2025-03-06 04:00:00+00:00,1.882830023765564,1.8858599662780762,1.8811500072479248,1.8843400478363037
2025-03-06 08:00:00+00:00,1.8842500448226929,1.8857100009918213,1.8803499937057495,1.8822799921035767
2025-03-06 12:00:00+00:00,1.8823000192642212,1.8887499570846558,1.8795000314712524,1.8821200132369995
2025-03-06 16:00:00+00:00,1.8820699453353882,1.8829799890518188,1.8766499757766724,1.8816100358963013
2025-03-06 20:00:00+00:00,1.881700038909912,1.8819600343704224,1.8785099983215332,1.8805700540542603
2025-03-07 00:00:00+00:00,1.8804600238800049,1.8903100490570068,1.8795900344848633,1.889989972114563
2025-03-07 04:00:00+00:00,1.8898899555206299,1.8956300020217896,1.8895599842071533,1.892799973487854
2025-03-07 08:00:00+00:00,1.892799973487854,1.89969003200531,1.8924800157546997,1.8990600109100342
2025-03-07 12:00:00+00:00,1.8991700410842896,1.9052200317382812,1.8965200185775757,1.9012000560760498
2025-03-07 16:00:00+00:00,1.9012399911880493,1.903880000114441,1.8981900215148926,1.8990000486373901
2025-03-07 20:00:00+00:00,1.8990099430084229,1.8993899822235107,1.8957300186157227,1.8973499536514282
2025-03-10 00:00:00+00:00,1.9023100137710571,1.902649998664856,1.8955899477005005,1.8961100578308105
2025-03-10 04:00:00+00:00,1.89614999294281,1.896630048751831,1.8870799541473389,1.8881499767303467
2025-03-10 08:00:00+00:00,1.8883299827575684,1.8943500518798828,1.8867100477218628,1.8918399810791016
2025-03-10 12:00:00+00:00,1.8919299840927124,1.8933900594711304,1.8883999586105347,1.8932900428771973
2025-03-10 16:00:00+00:00,1.893280029296875,1.9018299579620361,1.8916599750518799,1.9006999731063843
2025-03-10 20:00:00+00:00,1.9005999565124512,1.9059799909591675,1.898859977722168,1.9032399654388428
2025-03-11 00:00:00+00:00,1.9031699895858765,1.9095300436019897,1.9012500047683716,1.906599998474121
2025-03-11 04:00:00+00:00,1.9066400527954102,1.9119800329208374,1.9054399728775024,1.9097900390625
2025-03-11 08:00:00+00:00,1.9097800254821777,1.9138599634170532,1.9086500406265259,1.911270022392273
2025-03-11 12:00:00+00:00,1.911270022392273,1.916759967803955,1.9098299741744995,1.9138400554656982
2025-03-11 16:00:00+00:00,1.9138400554656982,1.9158899784088135,1.9090800285339355,1.9101200103759766
2025-03-11 20:00:00+00:00,1.910140037536621,1.9108400344848633,1.9078999757766724,1.910580039024353
2025-03-12 00:00:00+00:00,1.9106299877166748,1.911870002746582,1.9088300466537476,1.9113199710845947
2025-03-12 04:00:00+00:00,1.9112800359725952,1.9118499755859375,1.9081900119781494,1.9097000360488892
2025-03-12 08:00:00+00:00,1.9097399711608887,1.9124200344085693,1.9084999561309814,1.9103000164031982
2025-03-12 12:00:00+00:00,1.9102100133895874,1.911620020866394,1.902999997138977,1.9089000225067139
2025-03-12 16:00:00+00:00,1.9088900089263916,1.909019947052002,1.8992999792099,1.9011399745941162
2025-03-12 20:00:00+00:00,1.9012199640274048,1.901379942893982,1.8971999883651733,1.8973499536514282
2025-03-13 00:00:00+00:00,1.8972100019454956,1.8997700214385986,1.8955199718475342,1.8991800546646118
2025-03-13 04:00:00+00:00,1.8991999626159668,1.9054900407791138,1.8984299898147583,1.9036999940872192
2025-03-13 08:00:00+00:00,1.903689980506897,1.908460021018982,1.9026299715042114,1.905150055885315
2025-03-13 12:00:00+00:00,1.905150055885315,1.9073100090026855,1.8994200229644775,1.9022300243377686
2025-03-13 16:00:00+00:00,1.9022899866104126,1.9061700105667114,1.9014099836349487,1.902459979057312
2025-03-13 20:00:00+00:00,1.902459979057312,1.9054800271987915,1.9014899730682373,1.9034700393676758
2025-03-14 00:00:00+00:00,1.9033900499343872,1.9047800302505493,1.8979899883270264,1.8994799852371216
2025-03-14 04:00:00+00:00,1.8994899988174438,1.8999199867248535,1.8928899765014648,1.8938100337982178
2025-03-14 08:00:00+00:00,1.8939499855041504,1.9059200286865234,1.893630027770996,1.9026600122451782
2025-03-14 12:00:00+00:00,1.902690052986145,1.9032800197601318,1.8917499780654907,1.89382004737854
2025-03-14 16:00:00+00:00,1.8938599824905396,1.8953299522399902,1.8918800354003906,1.8924100399017334
2025-03-14 20:00:00+00:00,1.8924399614334106,1.8932900428771973,1.8906899690628052,1.8926000595092773
2025-03-17 00:00:00+00:00,1.8915899991989136,1.892840027809143,1.8885899782180786,1.8895900249481201
2025-03-17 04:00:00+00:00,1.8895900249481201,1.8904199600219727,1.8845399618148804,1.8852200508117676
2025-03-17 08:00:00+00:00,1.8851300477981567,1.886549949645996,1.882580041885376,1.8832999467849731
2025-03-17 12:00:00+00:00,1.8833600282669067,1.883929967880249,1.8788700103759766,1.8797500133514404
2025-03-17 16:00:00+00:00,1.8797500133514404,1.8798199892044067,1.8741400241851807,1.8756200075149536
2025-03-17 20:00:00+00:00,1.8755899667739868,1.8785400390625,1.8735300302505493,1.8747400045394897
2025-03-18 00:00:00+00:00,1.8748699426651,1.8765699863433838,1.871809959411621,1.8762600421905518
2025-03-18 04:00:00+00:00,1.8762799501419067,1.8779499530792236,1.8741799592971802,1.877750039100647
2025-03-18 08:00:00+00:00,1.8778200149536133,1.880210041999817,1.8760700225830078,1.8774900436401367
2025-03-18 12:00:00+00:00,1.877519965171814,1.882390022277832,1.8746099472045898,1.8806300163269043
2025-03-18 16:00:00+00:00,1.8806099891662598,1.8824900388717651,1.8799400329589844,1.881100058555603
2025-03-18 20:00:00+00:00,1.8809399604797363,1.8816399574279785,1.8788000345230103,1.8798199892044067
2025-03-19 00:00:00+00:00,1.8798799514770508,1.8823800086975098,1.8787699937820435,1.8818199634552002
2025-03-19 04:00:00+00:00,1.8818999528884888,1.8821500539779663,1.8771699666976929,1.881500005722046
2025-03-19 08:00:00+00:00,1.8814899921417236,1.885640025138855,1.880270004272461,1.8833800554275513
2025-03-19 12:00:00+00:00,1.8833800554275513,1.8860499858856201,1.8804899454116821,1.8809399604797363
2025-03-19 16:00:00+00:00,1.8809399604797363,1.8820899724960327,1.875349998474121,1.8771100044250488
2025-03-19 20:00:00+00:00,1.8769299983978271,1.8770699501037598,1.869860053062439,1.8744900226593018
2025-03-20 00:00:00+00:00,1.8748699426651,1.8853199481964111,1.8746399879455566,1.8819700479507446
2025-03-20 04:00:00+00:00,1.8820600509643555,1.8875399827957153,1.8812600374221802,1.885010004043579
2025-03-20 08:00:00+00:00,1.8848700523376465,1.8914799690246582,1.8844000101089478,1.8908900022506714
2025-03-20 12:00:00+00:00,1.8909499645233154,1.8926000595092773,1.8847999572753906,1.8866000175476074
2025-03-20 16:00:00+00:00,1.886489987373352,1.8887300491333008,1.8828200101852417,1.8839399814605713
2025-03-20 20:00:00+00:00,1.8837800025939941,1.8867000341415405,1.8827400207519531,1.8840800523757935
2025-03-21 00:00:00+00:00,1.883829951286316,1.8852499723434448,1.8819500207901,1.8836400508880615
2025-03-21 04:00:00+00:00,1.8838599920272827,1.8841099739074707,1.8803499937057495,1.8821099996566772
2025-03-21 08:00:00+00:00,1.8820799589157104,1.8833500146865845,1.880020022392273,1.8833199739456177
2025-03-21 12:00:00+00:00,1.8832199573516846,1.8877899646759033,1.880910038948059,1.8858799934387207
2025-03-21 16:00:00+00:00,1.885990023612976,1.8876700401306152,1.8846299648284912,1.8861299753189087
2025-03-21 20:00:00+00:00,1.886080026626587,1.8867100477218628,1.8842099905014038,1.885949969291687
2025-03-24 00:00:00+00:00,1.8861900568008423,1.8915499448776245,1.8847899436950684,1.8909499645233154
2025-03-24 04:00:00+00:00,1.8909599781036377,1.8933900594711304,1.8897700309753418,1.890339970588684
2025-03-24 08:00:00+00:00,1.890220046043396,1.8917700052261353,1.8865300416946411,1.8892500400543213
2025-03-24 12:00:00+00:00,1.8892099857330322,1.8919299840927124,1.885040044784546,1.8873100280761719
2025-03-24 16:00:00+00:00,1.8873000144958496,1.889989972114563,1.886080026626587,1.8868199586868286
2025-03-24 20:00:00+00:00,1.8868600130081177,1.8884899616241455,1.882349967956543,1.8862199783325195
2025-03-25 00:00:00+00:00,1.8862199783325195,1.888409972190857,1.8856899738311768,1.8876800537109375
2025-03-25 04:00:00+00:00,1.8875999450683594,1.8884299993515015,1.8854199647903442,1.886389970779419
2025-03-25 08:00:00+00:00,1.8864200115203857,1.8884299993515015,1.8817600011825562,1.883180022239685
2025-03-25 12:00:00+00:00,1.8831000328063965,1.8855299949645996,1.8815699815750122,1.8832199573516846
2025-03-25 16:00:00+00:00,1.8833099603652954,1.8846499919891357,1.882580041885376,1.8828500509262085
2025-03-25 20:00:00+00:00,1.8828400373458862,1.883389949798584,1.8797099590301514,1.8817299604415894
2025-03-26 00:00:00+00:00,1.8818199634552002,1.8860700130462646,1.8762199878692627,1.8770899772644043
2025-03-26 04:00:00+00:00,1.8771100044250488,1.8775800466537476,1.8735500574111938,1.874690055847168
2025-03-26 08:00:00+00:00,1.8745800256729126,1.876960039138794,1.8724299669265747,1.8754299879074097
2025-03-26 12:00:00+00:00,1.8755300045013428,1.8784199953079224,1.8732600212097168,1.8775500059127808
2025-03-26 16:00:00+00:00,1.8775700330734253,1.8795900344848633,1.8765699863433838,1.8779300451278687
2025-03-26 20:00:00+00:00,1.878000020980835,1.8793799877166748,1.8717800378799438,1.8782999515533447
2025-03-27 00:00:00+00:00,1.8784799575805664,1.8794300556182861,1.8758800029754639,1.8790500164031982
2025-03-27 04:00:00+00:00,1.8790700435638428,1.8792500495910645,1.8737900257110596,1.8761199712753296
2025-03-27 08:00:00+00:00,1.8761500120162964,1.878290057182312,1.8732999563217163,1.876870036125183
2025-03-27 12:00:00+00:00,1.8769500255584717,1.881119966506958,1.875,1.8791999816894531
2025-03-27 16:00:00+00:00,1.8792200088500977,1.8817800283432007,1.8772200345993042,1.8816100358963013
2025-03-27 20:00:00+00:00,1.8815499544143677,1.8833999633789062,1.878659963607788,1.8831000328063965
2025-03-28 00:00:00+00:00,1.8831199407577515,1.8896000385284424,1.8826299905776978,1.8881800174713135
2025-03-28 04:00:00+00:00,1.888200044631958,1.8887300491333008,1.8845200538635254,1.8857200145721436
2025-03-28 08:00:00+00:00,1.885640025138855,1.8862700462341309,1.8828200101852417,1.8844599723815918
2025-03-28 12:00:00+00:00,1.884310007095337,1.8923399448394775,1.8825299739837646,1.8896199464797974
2025-03-28 16:00:00+00:00,1.8896700143814087,1.8949999809265137,1.8892500400543213,1.894320011138916
2025-03-28 20:00:00+00:00,1.894320011138916,1.8966599702835083,1.8922799825668335,1.8941600322723389
2025-03-31 00:00:00+01:00,1.8972400426864624,1.9016900062561035,1.8959399461746216,1.8983800411224365
2025-03-31 04:00:00+01:00,1.8983299732208252,1.8989800214767456,1.8948099613189697,1.8956600427627563
2025-03-31 08:00:00+01:00,1.8956400156021118,1.904039978981018,1.8939199447631836,1.9021199941635132
2025-03-31 12:00:00+01:00,1.902209997177124,1.9100099802017212,1.9010599851608276,1.9071999788284302
2025-03-31 16:00:00+01:00,1.9070700407028198,1.907960057258606,1.9040800333023071,1.905150055885315
2025-03-31 20:00:00+01:00,1.905150055885315,1.9071400165557861,1.9033900499343872,1.9071199893951416
2025-04-01 00:00:00+01:00,1.9071099758148193,1.9109599590301514,1.9055800437927246,1.9065500497817993
2025-04-01 04:00:00+01:00,1.9066200256347656,1.9087799787521362,1.9024300575256348,1.9046900272369385
2025-04-01 08:00:00+01:00,1.9047499895095825,1.9069900512695312,1.9013999700546265,1.9027299880981445
2025-04-01 12:00:00+01:00,1.902649998664856,1.9027800559997559,1.894569993019104,1.8956700563430786
2025-04-01 16:00:00+01:00,1.8956700563430786,1.8966599702835083,1.8929599523544312,1.8959200382232666
2025-04-01 20:00:00+01:00,1.8959200382232666,1.8959300518035889,1.8902000188827515,1.891819953918457
2025-04-02 00:00:00+01:00,1.8915899991989136,1.89260995388031,1.886389970779419,1.8871300220489502
2025-04-02 04:00:00+01:00,1.8871599435806274,1.8875099420547485,1.882449984550476,1.884600043296814
2025-04-02 08:00:00+01:00,1.8846999406814575,1.885010004043579,1.8796000480651855,1.8806500434875488
2025-04-02 12:00:00+01:00,1.880579948425293,1.8913500308990479,1.8796600103378296,1.8912299871444702
2025-04-02 16:00:00+01:00,1.8912099599838257,1.8940999507904053,1.8903100490570068,1.8926000595092773
2025-04-02 20:00:00+01:00,1.8926500082015991,1.902169942855835,1.881790041923523,1.900089979171753
2025-04-03 00:00:00+01:00,1.8997199535369873,1.9047199487686157,1.8980599641799927,1.9002799987792969
2025-04-03 04:00:00+01:00,1.9003499746322632,1.904099941253662,1.8984299898147583,1.9023799896240234
2025-04-03 08:00:00+01:00,1.902340054512024,1.9136199951171875,1.8971099853515625,1.9034899473190308
2025-04-03 12:00:00+01:00,1.9037100076675415,1.9058200120925903,1.8970400094985962,1.903480052947998
2025-04-03 16:00:00+01:00,1.9033700227737427,1.9048099517822266,1.898210048675537,1.9024200439453125
2025-04-03 20:00:00+01:00,1.9024100303649902,1.9113399982452393,1.9020500183105469,1.910140037536621
2025-04-04 00:00:00+01:00,1.9093999862670898,1.9276000261306763,1.906690001487732,1.9264500141143799
2025-04-04 04:00:00+01:00,1.9263999462127686,1.9399399757385254,1.925860047340393,1.9327399730682373
2025-04-04 08:00:00+01:00,1.9326399564743042,1.9482899904251099,1.9278899431228638,1.9476499557495117
2025-04-04 12:00:00+01:00,1.9477499723434448,1.968209981918335,1.945870041847229,1.956969976425171
2025-04-04 16:00:00+01:00,1.9569300413131714,1.9733699560165405,1.9523099660873413,1.9622900485992432
2025-04-04 20:00:00+01:00,1.962090015411377,1.9622299671173096,1.954319953918457,1.958840012550354
2025-04-07 00:00:00+01:00,1.97816002368927,1.9839199781417847,1.9627000093460083,1.965649962425232
2025-04-07 04:00:00+01:00,1.965399980545044,1.9832299947738647,1.9607800245285034,1.9756799936294556
2025-04-07 08:00:00+01:00,1.975559949874878,1.9823299646377563,1.9590100049972534,1.9619899988174438
2025-04-07 12:00:00+01:00,1.9620100259780884,1.9708900451660156,1.9409799575805664,1.9683899879455566
2025-04-07 16:00:00+01:00,1.9686800241470337,1.9840400218963623,1.9615299701690674,1.9772499799728394
2025-04-07 20:00:00+01:00,1.9774500131607056,1.9777300357818604,1.9631600379943848,1.9713300466537476
2025-04-08 00:00:00+01:00,1.971250057220459,1.9769599437713623,1.9634699821472168,1.9670900106430054
2025-04-08 04:00:00+01:00,1.9672000408172607,1.9681799411773682,1.9544199705123901,1.9564299583435059
2025-04-08 08:00:00+01:00,1.9564100503921509,1.956719994544983,1.9499399662017822,1.9544600248336792
2025-04-08 12:00:00+01:00,1.9544600248336792,1.9567400217056274,1.9423799514770508,1.9543299674987793
2025-04-08 16:00:00+01:00,1.954509973526001,1.9743800163269043,1.9521000385284424,1.9736900329589844
2025-04-08 20:00:00+01:00,1.973639965057373,1.9892200231552124,1.9724199771881104,1.9857300519943237
2025-04-09 00:00:00+01:00,1.986199975013733,2.000540018081665,1.9827500581741333,1.991170048713684
2025-04-09 04:00:00+01:00,1.991170048713684,2.000999927520752,1.9868899583816528,1.9932899475097656
2025-04-09 08:00:00+01:00,1.9933099746704102,1.9979300498962402,1.9770699739456177,1.9806599617004395
2025-04-09 12:00:00+01:00,1.98062002658844,1.991729974746704,1.9728399515151978,1.9886399507522583
2025-04-09 16:00:00+01:00,1.9885900020599365,1.991379976272583,1.9333300590515137,1.9412800073623657
2025-04-09 20:00:00+01:00,1.9410899877548218,1.9448599815368652,1.9339300394058228,1.9407700300216675
2025-04-10 00:00:00+01:00,1.9404100179672241,1.9496999979019165,1.9360899925231934,1.9379899501800537
2025-04-10 04:00:00+01:00,1.937999963760376,1.9388400316238403,1.923009991645813,1.927780032157898
2025-04-10 08:00:00+01:00,1.9278000593185425,1.9499800205230713,1.9254800081253052,1.9469900131225586
2025-04-10 12:00:00+01:00,1.947100043296814,1.9552799463272095,1.9330699443817139,1.948449969291687
2025-04-10 16:00:00+01:00,1.9484800100326538,1.9622000455856323,1.9404499530792236,1.9494400024414062
2025-04-10 20:00:00+01:00,1.9494099617004395,1.9541599750518799,1.9450600147247314,1.9528000354766846
2025-04-11 00:00:00+01:00,1.9536399841308594,1.9752700328826904,1.9492000341415405,1.9521700143814087
2025-04-11 04:00:00+01:00,1.9521499872207642,1.963379979133606,1.9498900175094604,1.9585000276565552
2025-04-11 08:00:00+01:00,1.9583699703216553,1.974769949913025,1.9540599584579468,1.955199956893921
2025-04-11 12:00:00+01:00,1.9553200006484985,1.9657200574874878,1.9445799589157104,1.957360029220581
2025-04-11 16:00:00+01:00,1.957200050354004,1.96110999584198,1.941409945487976,1.9434700012207031
2025-04-11 20:00:00+01:00,1.943619966506958,1.949970006942749,1.9409500360488892,1.949970006942749
2025-04-14 00:00:00+01:00,1.943969964981079,1.9528000354766846,1.9402600526809692,1.9448699951171875
2025-04-14 04:00:00+01:00,1.9447599649429321,1.9488799571990967,1.938099980354309,1.9395500421524048
2025-04-14 08:00:00+01:00,1.9396300315856934,1.941100001335144,1.9337199926376343,1.9393399953842163
2025-04-14 12:00:00+01:00,1.9393399953842163,1.943910002708435,1.93094003200531,1.932479977607727
2025-04-14 16:00:00+01:00,1.9326200485229492,1.9379199743270874,1.9276100397109985,1.9285800457000732
2025-04-14 20:00:00+01:00,1.9286099672317505,1.9355000257492065,1.9282699823379517,1.9325300455093384
2025-04-15 00:00:00+01:00,1.9324500560760498,1.9340800046920776,1.9184900522232056,1.9205000400543213
2025-04-15 04:00:00+01:00,1.9203499555587769,1.9233499765396118,1.9155399799346924,1.916890025138855
2025-04-15 08:00:00+01:00,1.9169199466705322,1.9243199825286865,1.914080023765564,1.9149199724197388
2025-04-15 12:00:00+01:00,1.9150400161743164,1.9153399467468262,1.9039100408554077,1.9101799726486206
2025-04-15 16:00:00+01:00,1.9101799726486206,1.912500023841858,1.9054499864578247,1.9112999439239502
2025-04-15 20:00:00+01:00,1.9113600254058838,1.9171600341796875,1.907789945602417,1.9134800434112549
2025-04-16 00:00:00+01:00,1.9137599468231201,1.9222500324249268,1.9122899770736694,1.9199700355529785
2025-04-16 04:00:00+01:00,1.9199399948120117,1.9241000413894653,1.9156099557876587,1.9195200204849243
2025-04-16 08:00:00+01:00,1.9195200204849243,1.9246100187301636,1.91457998752594,1.9205600023269653
2025-04-16 12:00:00+01:00,1.9205600023269653,1.9256600141525269,1.91812002658844,1.9232399463653564
2025-04-16 16:00:00+01:00,1.923110008239746,1.924780011177063,1.9165400266647339,1.9213099479675293
2025-04-16 20:00:00+01:00,1.9213099479675293,1.9252599477767944,1.917009949684143,1.9198399782180786
2025-04-17 00:00:00+01:00,1.9194200038909912,1.9232300519943237,1.9170500040054321,1.9217000007629395
2025-04-17 04:00:00+01:00,1.9215500354766846,1.9257999658584595,1.9198399782180786,1.9245599508285522
2025-04-17 08:00:00+01:00,1.9247100353240967,1.9258099794387817,1.913930058479309,1.914520025253296
2025-04-17 12:00:00+01:00,1.9147000312805176,1.9151599407196045,1.9025100469589233,1.9047800302505493
2025-04-17 16:00:00+01:00,1.9047900438308716,1.9059699773788452,1.899399995803833,1.9032200574874878
2025-04-17 20:00:00+01:00,1.9032399654388428,1.9122999906539917,1.8992899656295776,1.903939962387085
2025-04-18 00:00:00+01:00,1.9045000076293945,1.9164899587631226,1.9026000499725342,1.9159400463104248
2025-04-18 04:00:00+01:00,1.915910005569458,1.9187599420547485,1.9127399921417236,1.9132000207901
2025-04-18 08:00:00+01:00,1.9131900072097778,1.9188599586486816,1.9100799560546875,1.9173500537872314
2025-04-18 12:00:00+01:00,1.9173699617385864,1.9213000535964966,1.9163099527359009,1.9210400581359863
2025-04-18 16:00:00+01:00,1.9208600521087646,1.9211299419403076,1.9168800115585327,1.9192500114440918
2025-04-18 20:00:00+01:00,1.9192999601364136,1.9196200370788574,1.916100025177002,1.9168299436569214
2025-04-21 00:00:00+01:00,1.920639991760254,1.9295400381088257,1.9198999404907227,1.9239799976348877
2025-04-21 04:00:00+01:00,1.9238300323486328,1.924489974975586,1.9165699481964111,1.9189599752426147
2025-04-21 08:00:00+01:00,1.9190399646759033,1.9239399433135986,1.9173099994659424,1.9179999828338623
2025-04-21 12:00:00+01:00,1.9179999828338623,1.921929955482483,1.9123799800872803,1.9144999980926514
2025-04-21 16:00:00+01:00,1.9144200086593628,1.9208400249481201,1.912969946861267,1.9187599420547485
2025-04-21 20:00:00+01:00,1.9185700416564941,1.9214999675750732,1.9155999422073364,1.9211000204086304
2025-04-22 00:00:00+01:00,1.9209699630737305,1.9211599826812744,1.9147900342941284,1.9173400402069092
2025-04-22 04:00:00+01:00,1.917330026626587,1.9188100099563599,1.9142500162124634,1.916260004043579
2025-04-22 08:00:00+01:00,1.916409969329834,1.9165799617767334,1.9122600555419922,1.914430022239685
2025-04-22 12:00:00+01:00,1.9143400192260742,1.9173500537872314,1.9116699695587158,1.9138699769973755
2025-04-22 16:00:00+01:00,1.9139000177383423,1.9160499572753906,1.9074499607086182,1.9110699892044067
2025-04-22 20:00:00+01:00,1.9111000299453735,1.9168699979782104,1.9034899473190308,1.9050899744033813
2025-04-23 00:00:00+01:00,1.9048999547958374,1.9105000495910645,1.9027299880981445,1.9098700284957886
2025-04-23 04:00:00+01:00,1.9100500345230103,1.9103699922561646,1.8980400562286377,1.8991600275039673
2025-04-23 08:00:00+01:00,1.8991800546646118,1.9089399576187134,1.898460030555725,1.9044300317764282
2025-04-23 12:00:00+01:00,1.9044699668884277,1.9068000316619873,1.892549991607666,1.8974800109863281
2025-04-23 16:00:00+01:00,1.897510051727295,1.9078400135040283,1.8953900337219238,1.9015599489212036
2025-04-23 20:00:00+01:00,1.9017000198364258,1.905500054359436,1.9005099534988403,1.9046800136566162
2025-04-24 00:00:00+01:00,1.9043999910354614,1.909440040588379,1.9013899564743042,1.904189944267273
2025-04-24 04:00:00+01:00,1.9041999578475952,1.9077999591827393,1.9025499820709229,1.9039499759674072
2025-04-24 08:00:00+01:00,1.9039599895477295,1.9066200256347656,1.9020700454711914,1.903749942779541
2025-04-24 12:00:00+01:00,1.9037699699401855,1.9051200151443481,1.898669958114624,1.8995599746704102
2025-04-24 16:00:00+01:00,1.8995599746704102,1.8998500108718872,1.8967499732971191,1.898959994316101
2025-04-24 20:00:00+01:00,1.8989900350570679,1.9026299715042114,1.8965400457382202,1.8992199897766113
2025-04-25 00:00:00+01:00,1.8993099927902222,1.8998099565505981,1.8947199583053589,1.8957300186157227
2025-04-25 04:00:00+01:00,1.895650029182434,1.9018800258636475,1.8907999992370605,1.8986999988555908
2025-04-25 08:00:00+01:00,1.8988100290298462,1.9074599742889404,1.8974000215530396,1.906499981880188
2025-04-25 12:00:00+01:00,1.9066400527954102,1.9083499908447266,1.9024800062179565,1.9065500497817993
2025-04-25 16:00:00+01:00,1.9066499471664429,1.908370018005371,1.9041999578475952,1.9060200452804565
2025-04-25 20:00:00+01:00,1.9060900211334229,1.9066200256347656,1.9037100076675415,1.9059799909591675
2025-04-28 00:00:00+01:00,1.9057400226593018,1.9089200496673584,1.9052799940109253,1.908619999885559
2025-04-28 04:00:00+01:00,1.9084999561309814,1.9099500179290771,1.90392005443573,1.905869960784912
2025-04-28 08:00:00+01:00,1.905809998512268,1.9134000539779663,1.905419945716858,1.9078799486160278
2025-04-28 12:00:00+01:00,1.9077500104904175,1.909540057182312,1.9029699563980103,1.903380036354065
2025-04-28 16:00:00+01:00,1.9033499956130981,1.914039969444275,1.902940034866333,1.9124200344085693
2025-04-28 20:00:00+01:00,1.912269949913025,1.9132000207901,1.908400058746338,1.9100699424743652
2025-04-29 00:00:00+01:00,1.9100899696350098,1.9136899709701538,1.906730055809021,1.911620020866394
2025-04-29 04:00:00+01:00,1.911679983139038,1.9139399528503418,1.9084999561309814,1.9099199771881104
2025-04-29 08:00:00+01:00,1.9100300073623657,1.9124900102615356,1.9065699577331543,1.9119800329208374
2025-04-29 12:00:00+01:00,1.9123599529266357,1.9242000579833984,1.9096599817276,1.9186400175094604
2025-04-29 16:00:00+01:00,1.9187400341033936,1.9198999404907227,1.9147000312805176,1.9161299467086792
2025-04-29 20:00:00+01:00,1.9161900281906128,1.9208099842071533,1.9138799905776978,1.9196900129318237
2025-04-30 00:00:00+01:00,1.9199600219726562,1.9201099872589111,1.9140000343322754,1.9179199934005737
2025-04-30 04:00:00+01:00,1.9178999662399292,1.9192899465560913,1.9129999876022339,1.917639970779419
2025-04-30 08:00:00+01:00,1.917580008506775,1.9216200113296509,1.9168399572372437,1.918779969215393
2025-04-30 12:00:00+01:00,1.9188799858093262,1.9262900352478027,1.913159966468811,1.9151099920272827
2025-04-30 16:00:00+01:00,1.915120005607605,1.916659951210022,1.909119963645935,1.9107199907302856
2025-04-30 20:00:00+01:00,1.9107400178909302,1.9111100435256958,1.9056799411773682,1.9072599411010742
2025-05-01 00:00:00+01:00,1.9072799682617188,1.9084199666976929,1.9005199670791626,1.9023900032043457
2025-05-01 04:00:00+01:00,1.9025800228118896,1.9067599773406982,1.9011199474334717,1.90461003780365
2025-05-01 08:00:00+01:00,1.9046200513839722,1.9137599468231201,1.904360055923462,1.9108400344848633
2025-05-01 12:00:00+01:00,1.9108099937438965,1.913540005683899,1.907670021057129,1.9092400074005127
2025-05-01 16:00:00+01:00,1.9092999696731567,1.9135600328445435,1.9073100090026855,1.9101799726486206
2025-05-01 20:00:00+01:00,1.910099983215332,1.9129300117492676,1.9085099697113037,1.9121700525283813
2025-05-02 00:00:00+01:00,1.9124499559402466,1.9128700494766235,1.9034199714660645,1.9057799577713013
2025-05-02 04:00:00+01:00,1.9057600498199463,1.910140037536621,1.9045599699020386,1.9086699485778809
2025-05-02 08:00:00+01:00,1.9086099863052368,1.9145300388336182,1.9049500226974487,1.9078600406646729
2025-05-02 12:00:00+01:00,1.9078099727630615,1.9098600149154663,1.900629997253418,1.903290033340454
2025-05-02 16:00:00+01:00,1.903190016746521,1.9044500589370728,1.8993300199508667,1.9012600183486938
2025-05-02 20:00:00+01:00,1.9011499881744385,1.902690052986145,1.8985099792480469,1.8996200561523438
2025-05-05 00:00:00+01:00,1.8975199460983276,1.9046800136566162,1.894670009613037,1.8962600231170654
2025-05-05 04:00:00+01:00,1.8962199687957764,1.8985999822616577,1.8923200368881226,1.8964500427246094
2025-05-05 08:00:00+01:00,1.896440029144287,1.897860050201416,1.8939800262451172,1.8968299627304077
2025-05-05 12:00:00+01:00,1.8968100547790527,1.8987499475479126,1.8935099840164185,1.8944900035858154
2025-05-05 16:00:00+01:00,1.8944799900054932,1.8968299627304077,1.8933099508285522,1.8962299823760986
2025-05-05 20:00:00+01:00,1.8962299823760986,1.8982599973678589,1.8924599885940552,1.8982499837875366
2025-05-06 00:00:00+01:00,1.8980599641799927,1.8984500169754028,1.8947399854660034,1.8954499959945679
2025-05-06 04:00:00+01:00,1.8955899477005005,1.8973699808120728,1.8916699886322021,1.8934199810028076
2025-05-06 08:00:00+01:00,1.893399953842163,1.8964600563049316,1.8925800323486328,1.8940199613571167
2025-05-06 12:00:00+01:00,1.893970012664795,1.8957899808883667,1.8910900354385376,1.8915499448776245
2025-05-06 16:00:00+01:00,1.8916900157928467,1.894819974899292,1.888319969177246,1.892590045928955
2025-05-06 20:00:00+01:00,1.892490029335022,1.8936799764633179,1.8822200298309326,1.8856500387191772
2025-05-07 00:00:00+01:00,1.886680006980896,1.8931100368499756,1.883430004119873,1.8907500505447388
2025-05-07 04:00:00+01:00,1.8909000158309937,1.8940500020980835,1.887910008430481,1.8939599990844727
2025-05-07 08:00:00+01:00,1.8941099643707275,1.898229956626892,1.8917700052261353,1.896630048751831
2025-05-07 12:00:00+01:00,1.8968199491500854,1.9005600214004517,1.8960100412368774,1.8995200395584106
2025-05-07 16:00:00+01:00,1.8994200229644775,1.9031399488449097,1.8980200290679932,1.9008300304412842
2025-05-07 20:00:00+01:00,1.9006500244140625,1.9059100151062012,1.8988300561904907,1.9029300212860107
2025-05-08 00:00:00+01:00,1.9029500484466553,1.904270052909851,1.896649956703186,1.897860050201416
2025-05-08 04:00:00+01:00,1.8978400230407715,1.9040600061416626,1.8954499959945679,1.9038200378417969
2025-05-08 08:00:00+01:00,1.9038000106811523,1.9081499576568604,1.9024399518966675,1.9039299488067627
2025-05-08 12:00:00+01:00,1.90392005443573,1.9085400104522705,1.9012500047683716,1.903499960899353
2025-05-08 16:00:00+01:00,1.9034099578857422,1.904860019683838,1.8971699476242065,1.9016300439834595
2025-05-08 20:00:00+01:00,1.9016300439834595,1.902359962463379,1.8988200426101685,1.9011600017547607
2025-05-09 00:00:00+01:00,1.9011900424957275,1.907480001449585,1.900439977645874,1.9051400423049927
2025-05-09 04:00:00+01:00,1.9050099849700928,1.9078199863433838,1.9030699729919434,1.907349944114685
2025-05-09 08:00:00+01:00,1.9073400497436523,1.9106099605560303,1.905500054359436,1.9098800420761108
2025-05-09 12:00:00+01:00,1.9098199605941772,1.9103200435638428,1.9039499759674072,1.906309962272644
2025-05-09 16:00:00+01:00,1.9063899517059326,1.907539963722229,1.9024699926376343,1.9034199714660645
2025-05-09 20:00:00+01:00,1.9033299684524536,1.9041099548339844,1.9018800258636475,1.9033000469207764
2025-05-12 00:00:00+01:00,1.8963600397109985,1.9002699851989746,1.8929200172424316,1.8945399522781372
2025-05-12 04:00:00+01:00,1.8944499492645264,1.8954700231552124,1.8913899660110474,1.8944599628448486
2025-05-12 08:00:00+01:00,1.8943899869918823,1.8945599794387817,1.885740041732788,1.8892199993133545
2025-05-12 12:00:00+01:00,1.8890899419784546,1.8947499990463257,1.8882299661636353,1.8936100006103516
2025-05-12 16:00:00+01:00,1.8937699794769287,1.8964600563049316,1.891800045967102,1.8935400247573853
2025-05-12 20:00:00+01:00,1.893589973449707,1.8947999477386475,1.8918800354003906,1.8939000368118286
2025-05-13 00:00:00+01:00,1.8934500217437744,1.8987599611282349,1.8908499479293823,1.8916200399398804
2025-05-13 04:00:00+01:00,1.8916000127792358,1.8921300172805786,1.883739948272705,1.8845100402832031
2025-05-13 08:00:00+01:00,1.8845000267028809,1.8876899480819702,1.8821799755096436,1.8832499980926514
2025-05-13 12:00:00+01:00,1.8833500146865845,1.8868600130081177,1.88100004196167,1.8823299407958984
2025-05-13 16:00:00+01:00,1.8822499513626099,1.883739948272705,1.88100004196167,1.8825199604034424
2025-05-13 20:00:00+01:00,1.882539987564087,1.8851300477981567,1.8809900283813477,1.8850500583648682
2025-05-14 00:00:00+01:00,1.8851699829101562,1.885349988937378,1.8808799982070923,1.8815200328826904
2025-05-14 04:00:00+01:00,1.8814599514007568,1.8853800296783447,1.8808200359344482,1.884469985961914
2025-05-14 08:00:00+01:00,1.8845000267028809,1.8883999586105347,1.8826299905776978,1.88687002658844
2025-05-14 12:00:00+01:00,1.8867499828338623,1.8923100233078003,1.8854600191116333,1.8915799856185913
2025-05-14 16:00:00+01:00,1.8915300369262695,1.8954499959945679,1.891469955444336,1.8949899673461914
2025-05-14 20:00:00+01:00,1.8951300382614136,1.8972300291061401,1.8901300430297852,1.8956600427627563
2025-05-15 00:00:00+01:00,1.895740032196045,1.8983900547027588,1.8924599885940552,1.895009994506836
2025-05-15 04:00:00+01:00,1.89506995677948,1.9016000032424927,1.8945399522781372,1.8996000289916992
2025-05-15 08:00:00+01:00,1.899530053138733,1.905940055847168,1.8989100456237793,1.9051599502563477
2025-05-15 12:00:00+01:00,1.9051100015640259,1.9079400300979614,1.9027800559997559,1.9065099954605103
2025-05-15 16:00:00+01:00,1.9065099954605103,1.9086699485778809,1.9021999835968018,1.9027400016784668
2025-05-15 20:00:00+01:00,1.9027600288391113,1.9053399562835693,1.9019999504089355,1.904670000076294
2025-05-16 00:00:00+01:00,1.904579997062683,1.9102200269699097,1.9011900424957275,1.9016000032424927
2025-05-16 04:00:00+01:00,1.9017599821090698,1.9024900197982788,1.8951599597930908,1.8973599672317505
2025-05-16 08:00:00+01:00,1.8973599672317505,1.8979500532150269,1.894070029258728,1.8968100547790527
2025-05-16 12:00:00+01:00,1.8968100547790527,1.9003100395202637,1.8961199522018433,1.8978500366210938
2025-05-16 16:00:00+01:00,1.8978400230407715,1.8992400169372559,1.8954099416732788,1.8958799839019775
2025-05-16 20:00:00+01:00,1.896630048751831,1.8983999490737915,1.8954700231552124,1.89792001247406
2025-05-19 00:00:00+01:00,1.899749994277954,1.901419997215271,1.8960700035095215,1.8970400094985962
2025-05-19 04:00:00+01:00,1.897130012512207,1.9017200469970703,1.8965400457382202,1.9011800289154053
2025-05-19 08:00:00+01:00,1.9012500047683716,1.9097000360488892,1.9003000259399414,1.9069600105285645
2025-05-19 12:00:00+01:00,1.906999945640564,1.9071099758148193,1.8988200426101685,1.8993799686431885
2025-05-19 16:00:00+01:00,1.8994100093841553,1.89969003200531,1.8949700593948364,1.8972899913787842
2025-05-19 20:00:00+01:00,1.8973300457000732,1.897819995880127,1.893339991569519,1.8952200412750244
2025-05-20 00:00:00+01:00,1.895050048828125,1.8997999429702759,1.8927899599075317,1.8978699445724487
2025-05-20 04:00:00+01:00,1.8978400230407715,1.9029200077056885,1.8968900442123413,1.9018800258636475
2025-05-20 08:00:00+01:00,1.9018299579620361,1.903540015220642,1.8994100093841553,1.9030799865722656
2025-05-20 12:00:00+01:00,1.9030100107192993,1.906559944152832,1.901229977607727,1.9059799909591675
2025-05-20 16:00:00+01:00,1.9059699773788452,1.9072200059890747,1.9012800455093384,1.905650019645691
2025-05-20 20:00:00+01:00,1.9056299924850464,1.9066599607467651,1.9020999670028687,1.9036600589752197
2025-05-21 00:00:00+01:00,1.903499960899353,1.9071300029754639,1.901039958000183,1.9062000513076782
2025-05-21 04:00:00+01:00,1.9061800241470337,1.907539963722229,1.9030499458312988,1.9056400060653687
2025-05-21 08:00:00+01:00,1.905750036239624,1.913100004196167,1.905269980430603,1.9089499711990356
2025-05-21 12:00:00+01:00,1.908869981765747,1.9092999696731567,1.9022899866104126,1.9035600423812866
2025-05-21 16:00:00+01:00,1.9035600423812866,1.9077600240707397,1.9005000591278076,1.9063600301742554
2025-05-21 20:00:00+01:00,1.906350016593933,1.908959984779358,1.9039599895477295,1.9073400497436523
2025-05-22 00:00:00+01:00,1.9074499607086182,1.9142500162124634,1.9067699909210205,1.9123799800872803
2025-05-22 04:00:00+01:00,1.912269949913025,1.914680004119873,1.909369945526123,1.9112199544906616
2025-05-22 08:00:00+01:00,1.9112099409103394,1.9154900312423706,1.9068399667739868,1.9140299558639526
2025-05-22 12:00:00+01:00,1.9140100479125977,1.9155399799346924,1.9094500541687012,1.9099600315093994
2025-05-22 16:00:00+01:00,1.909999966621399,1.9119000434875488,1.9082000255584717,1.9107400178909302
2025-05-22 20:00:00+01:00,1.9107999801635742,1.9135600328445435,1.9100199937820435,1.9129400253295898
2025-05-23 00:00:00+01:00,1.9129600524902344,1.914720058441162,1.9115500450134277,1.9136799573898315
2025-05-23 04:00:00+01:00,1.9137200117111206,1.9138200283050537,1.9102699756622314,1.9115999937057495
2025-05-23 08:00:00+01:00,1.9115999937057495,1.9117200374603271,1.9041199684143066,1.9051100015640259
2025-05-23 12:00:00+01:00,1.9051100015640259,1.9071600437164307,1.8968700170516968,1.8991600275039673
2025-05-23 16:00:00+01:00,1.8991600275039673,1.9005500078201294,1.8965400457382202,1.8973000049591064
2025-05-23 20:00:00+01:00,1.8973499536514282,1.8990000486373901,1.896780014038086,1.8977999687194824
2025-05-26 00:00:00+01:00,1.8978500366210938,1.9010200500488281,1.8919700384140015,1.8938000202178955
2025-05-26 04:00:00+01:00,1.89382004737854,1.8962299823760986,1.892490029335022,1.8935099840164185
2025-05-26 08:00:00+01:00,1.8934600353240967,1.8941099643707275,1.890679955482483,1.8924599885940552
2025-05-26 12:00:00+01:00,1.8923799991607666,1.8943300247192383,1.891129970550537,1.8936500549316406
2025-05-26 16:00:00+01:00,1.8936699628829956,1.8969099521636963,1.8931100368499756,1.8965100049972534
2025-05-26 20:00:00+01:00,1.8964899778366089,1.8992300033569336,1.8953700065612793,1.899049997329712
2025-05-27 00:00:00+01:00,1.8990099430084229,1.903880000114441,1.8982800245285034,1.9025399684906006
2025-05-27 04:00:00+01:00,1.9024499654769897,1.9043099880218506,1.8991999626159668,1.9010200500488281
2025-05-27 08:00:00+01:00,1.9010299444198608,1.9064099788665771,1.8989200592041016,1.9060900211334229
2025-05-27 12:00:00+01:00,1.9060499668121338,1.909060001373291,1.9039599895477295,1.907189965248108
2025-05-27 16:00:00+01:00,1.9071999788284302,1.907480001449585,1.9043400287628174,1.9055500030517578
2025-05-27 20:00:00+01:00,1.905650019645691,1.9061299562454224,1.8998099565505981,1.9053800106048584
2025-05-28 00:00:00+01:00,1.905519962310791,1.9102200269699097,1.8969999551773071,1.8993300199508667
2025-05-28 04:00:00+01:00,1.899340033531189,1.901319980621338,1.8914200067520142,1.8964799642562866
2025-05-28 08:00:00+01:00,1.8964799642562866,1.898710012435913,1.8950599431991577,1.8975900411605835
2025-05-28 12:00:00+01:00,1.8975900411605835,1.90146005153656,1.8960700035095215,1.896880030632019
2025-05-28 16:00:00+01:00,1.89683997631073,1.8979300260543823,1.8931299448013306,1.8942899703979492
2025-05-28 20:00:00+01:00,1.8942999839782715,1.895490050315857,1.8900699615478516,1.8903800249099731
2025-05-29 00:00:00+01:00,1.8901900053024292,1.8974599838256836,1.8836599588394165,1.8952399492263794
2025-05-29 04:00:00+01:00,1.8953200578689575,1.8965100049972534,1.891029953956604,1.893530011177063
2025-05-29 08:00:00+01:00,1.8934099674224854,1.8941400051116943,1.8880599737167358,1.8906699419021606
2025-05-29 12:00:00+01:00,1.8905999660491943,1.9015400409698486,1.8895399570465088,1.8988200426101685
2025-05-29 16:00:00+01:00,1.898859977722168,1.902459979057312,1.8981200456619263,1.900670051574707
2025-05-29 20:00:00+01:00,1.9006600379943848,1.908120036125183,1.899109959602356,1.902940034866333
2025-05-30 00:00:00+01:00,1.902959942817688,1.904229998588562,1.899999976158142,1.9032800197601318
2025-05-30 04:00:00+01:00,1.9031200408935547,1.90392005443573,1.8968199491500854,1.9012199640274048
2025-05-30 08:00:00+01:00,1.9012999534606934,1.9047000408172607,1.8999899625778198,1.901859998703003
2025-05-30 12:00:00+01:00,1.901859998703003,1.9057199954986572,1.8989700078964233,1.9013500213623047
2025-05-30 16:00:00+01:00,1.9013400077819824,1.9039100408554077,1.8997100591659546,1.90146005153656
2025-05-30 20:00:00+01:00,1.9013700485229492,1.9032800197601318,1.89969003200531,1.9032800197601318
2025-06-02 00:00:00+01:00,1.9003499746322632,1.9008300304412842,1.8922499418258667,1.8934099674224854
2025-06-02 04:00:00+01:00,1.8935699462890625,1.8992600440979004,1.8927700519561768,1.8985999822616577
2025-06-02 08:00:00+01:00,1.8987200260162354,1.8992999792099,1.8951400518417358,1.8965500593185425
2025-06-02 12:00:00+01:00,1.8967000246047974,1.9006500244140625,1.8935199975967407,1.894610047340393
2025-06-02 16:00:00+01:00,1.8947099447250366,1.8970500230789185,1.8932100534439087,1.8956700563430786
2025-06-02 20:00:00+01:00,1.8957500457763672,1.8965100049972534,1.8930799961090088,1.8957899808883667
2025-06-03 00:00:00+01:00,1.8960100412368774,1.9003599882125854,1.8892099857330322,1.8998899459838867
2025-06-03 04:00:00+01:00,1.8999600410461426,1.9067399501800537,1.8968299627304077,1.9039599895477295
2025-06-03 08:00:00+01:00,1.9039100408554077,1.9046299457550049,1.8991700410842896,1.900339961051941
2025-06-03 12:00:00+01:00,1.9003499746322632,1.900670051574707,1.894260048866272,1.8970600366592407
2025-06-03 16:00:00+01:00,1.8971099853515625,1.8979099988937378,1.893720030784607,1.8941099643707275
2025-06-03 20:00:00+01:00,1.894129991531372,1.8979500532150269,1.8936699628829956,1.8946800231933594
2025-06-04 00:00:00+01:00,1.8947900533676147,1.8973599672317505,1.893239974975586,1.8949300050735474
2025-06-04 04:00:00+01:00,1.8949600458145142,1.8961000442504883,1.8936699628829956,1.8952300548553467
2025-06-04 08:00:00+01:00,1.895300030708313,1.8979699611663818,1.8915499448776245,1.893149971961975
2025-06-04 12:00:00+01:00,1.8931900262832642,1.895859956741333,1.8908799886703491,1.8953399658203125
2025-06-04 16:00:00+01:00,1.8953100442886353,1.8962299823760986,1.8922100067138672,1.893239974975586
2025-06-04 20:00:00+01:00,1.8932000398635864,1.8953299522399902,1.891860008239746,1.8938699960708618
2025-06-05 00:00:00+01:00,1.8932299613952637,1.8953700065612793,1.8907400369644165,1.8912800550460815
2025-06-05 04:00:00+01:00,1.8913999795913696,1.8932700157165527,1.8894799947738647,1.8914599418640137
2025-06-05 08:00:00+01:00,1.8913600444793701,1.892199993133545,1.886299967765808,1.8888100385665894
2025-06-05 12:00:00+01:00,1.8888100385665894,1.8942099809646606,1.885699987411499,1.8916599750518799
2025-06-05 16:00:00+01:00,1.8916200399398804,1.8945900201797485,1.890820026397705,1.8939900398254395
2025-06-05 20:00:00+01:00,1.8940199613571167,1.897089958190918,1.8933000564575195,1.8962899446487427
2025-06-06 00:00:00+01:00,1.8962899446487427,1.8974900245666504,1.8922899961471558,1.895400047302246
2025-06-06 04:00:00+01:00,1.8954700231552124,1.8956300020217896,1.890570044517517,1.894029974937439
2025-06-06 08:00:00+01:00,1.8940099477767944,1.8954700231552124,1.8902699947357178,1.8927700519561768
2025-06-06 12:00:00+01:00,1.8927799463272095,1.8955299854278564,1.8891899585723877,1.8939299583435059
2025-06-06 16:00:00+01:00,1.894029974937439,1.895169973373413,1.8918100595474243,1.8924399614334106
2025-06-06 20:00:00+01:00,1.8924399614334106,1.8941800594329834,1.8918999433517456,1.8941800594329834
2025-06-09 00:00:00+01:00,1.8933000564575195,1.895110011100769,1.8906300067901611,1.8921799659729004
2025-06-09 04:00:00+01:00,1.8923300504684448,1.8923499584197998,1.8890199661254883,1.889989972114563
2025-06-09 08:00:00+01:00,1.8900099992752075,1.8900099992752075,1.8842799663543701,1.8858799934387207
2025-06-09 12:00:00+01:00,1.8858400583267212,1.888010025024414,1.8848999738693237,1.8873200416564941
2025-06-09 16:00:00+01:00,1.8873100280761719,1.888069987297058,1.8853299617767334,1.8870899677276611
2025-06-09 20:00:00+01:00,1.887179970741272,1.8898600339889526,1.8864099979400635,1.8885200023651123
2025-06-10 00:00:00+01:00,1.8880900144577026,1.8894100189208984,1.885699987411499,1.8870899677276611
2025-06-10 04:00:00+01:00,1.8871899843215942,1.88919997215271,1.882390022277832,1.8881700038909912
2025-06-10 08:00:00+01:00,1.8881299495697021,1.8894699811935425,1.8850500583648682,1.8886200189590454
2025-06-10 12:00:00+01:00,1.8885899782180786,1.8907099962234497,1.8873000144958496,1.8891899585723877
2025-06-10 16:00:00+01:00,1.8897000551223755,1.891160011291504,1.8890800476074219,1.889780044555664
2025-06-10 20:00:00+01:00,1.8894599676132202,1.8909599781036377,1.8859699964523315,1.8873300552368164
2025-06-11 00:00:00+01:00,1.8873100280761719,1.893090009689331,1.8855299949645996,1.8929799795150757
2025-06-11 04:00:00+01:00,1.8928600549697876,1.893970012664795,1.8901100158691406,1.8917200565338135
2025-06-11 08:00:00+01:00,1.8917399644851685,1.8965100049972534,1.8912500143051147,1.896049976348877
2025-06-11 12:00:00+01:00,1.896239995956421,1.9005199670791626,1.891860008239746,1.9004499912261963
2025-06-11 16:00:00+01:00,1.9002699851989746,1.9049999713897705,1.8996399641036987,1.9032399654388428
2025-06-11 20:00:00+01:00,1.902809977531433,1.906690001487732,1.902809977531433,1.906559944152832
2025-06-12 00:00:00+01:00,1.9064899682998657,1.9146499633789062,1.9057300090789795,1.91156005859375
2025-06-12 04:00:00+01:00,1.9115300178527832,1.9120999574661255,1.906440019607544,1.9113099575042725
2025-06-12 08:00:00+01:00,1.9113099575042725,1.919100046157837,1.910290002822876,1.9160699844360352
2025-06-12 12:00:00+01:00,1.9160300493240356,1.918619990348816,1.9095200300216675,1.9100500345230103
2025-06-12 16:00:00+01:00,1.909999966621399,1.9106099605560303,1.9079999923706055,1.9089200496673584
2025-06-12 20:00:00+01:00,1.9089200496673584,1.9104900360107422,1.906499981880188,1.910040020942688
2025-06-13 00:00:00+01:00,1.9102699756622314,1.9235800504684448,1.9097900390625,1.9162499904632568
2025-06-13 04:00:00+01:00,1.9163199663162231,1.91975998878479,1.9133000373840332,1.919029951095581
2025-06-13 08:00:00+01:00,1.919010043144226,1.9216599464416504,1.9146499633789062,1.9177000522613525
2025-06-13 12:00:00+01:00,1.9177199602127075,1.9181100130081177,1.9123799800872803,1.9145900011062622
2025-06-13 16:00:00+01:00,1.9146000146865845,1.9185700416564941,1.9130300283432007,1.9174400568008423
2025-06-13 20:00:00+01:00,1.9174799919128418,1.919409990310669,1.9163600206375122,1.918869972229004
2025-06-16 00:00:00+01:00,1.9191299676895142,1.9197700023651123,1.9143500328063965,1.9158400297164917
2025-06-16 04:00:00+01:00,1.9159499406814575,1.919950008392334,1.9150700569152832,1.919260025024414
2025-06-16 08:00:00+01:00,1.919260025024414,1.9208799600601196,1.9145400524139404,1.9150199890136719
2025-06-16 12:00:00+01:00,1.9150099754333496,1.9153000116348267,1.9072099924087524,1.908120036125183
2025-06-16 16:00:00+01:00,1.908229947090149,1.9084399938583374,1.9043699502944946,1.9076499938964844
2025-06-16 20:00:00+01:00,1.907580018043518,1.9098000526428223,1.9058300256729126,1.9084999561309814
2025-06-17 00:00:00+01:00,1.9086899757385254,1.9103800058364868,1.9053699970245361,1.9061299562454224
2025-06-17 04:00:00+01:00,1.9057999849319458,1.9072400331497192,1.904099941253662,1.9058599472045898
2025-06-17 08:00:00+01:00,1.9058500528335571,1.906559944152832,1.9017200469970703,1.9054100513458252
2025-06-17 12:00:00+01:00,1.905460000038147,1.9068100452423096,1.9021300077438354,1.906440019607544
2025-06-17 16:00:00+01:00,1.9064199924468994,1.910230040550232,1.9035199880599976,1.9089800119400024
2025-06-17 20:00:00+01:00,1.9089900255203247,1.9105199575424194,1.9028400182724,1.9095799922943115
2025-06-18 00:00:00+01:00,1.9094799757003784,1.9103699922561646,1.9064199924468994,1.9079699516296387
2025-06-18 04:00:00+01:00,1.907979965209961,1.9092400074005127,1.905310034751892,1.9077600240707397
2025-06-18 08:00:00+01:00,1.9076600074768066,1.910730004310608,1.9070600271224976,1.9096699953079224
2025-06-18 12:00:00+01:00,1.9097399711608887,1.9101200103759766,1.9037200212478638,1.9055999517440796
2025-06-18 16:00:00+01:00,1.905500054359436,1.9068399667739868,1.9014999866485596,1.9050099849700928
2025-06-18 20:00:00+01:00,1.9049299955368042,1.9059200286865234,1.8998700380325317,1.90392005443573
2025-06-19 00:00:00+01:00,1.9036600589752197,1.9142199754714966,1.9024100303649902,1.911180019378662
2025-06-19 04:00:00+01:00,1.9112000465393066,1.9207299947738647,1.909559965133667,1.9198100566864014
2025-06-19 08:00:00+01:00,1.9198100566864014,1.921049952507019,1.9163099527359009,1.9207899570465088
2025-06-19 12:00:00+01:00,1.9208500385284424,1.9237200021743774,1.9177199602127075,1.9223400354385376
2025-06-19 16:00:00+01:00,1.9223500490188599,1.9230999946594238,1.918030023574829,1.9185099601745605
2025-06-19 20:00:00+01:00,1.918529987335205,1.92153000831604,1.9163899421691895,1.917739987373352
2025-06-20 00:00:00+01:00,1.9178500175476074,1.9225499629974365,1.916849970817566,1.9217699766159058
2025-06-20 04:00:00+01:00,1.9218599796295166,1.9218800067901611,1.9179500341415405,1.9209500551223755
2025-06-20 08:00:00+01:00,1.9210000038146973,1.9234399795532227,1.9191800355911255,1.9231300354003906
2025-06-20 12:00:00+01:00,1.9232399463653564,1.9285999536514282,1.9201300144195557,1.9279600381851196
2025-06-20 16:00:00+01:00,1.9279500246047974,1.932610034942627,1.9271600246429443,1.9308899641036987
2025-06-20 20:00:00+01:00,1.9309500455856323,1.931730031967163,1.9295300245285034,1.931730031967163
2025-06-23 00:00:00+01:00,1.9279799461364746,1.9369100332260132,1.9264700412750244,1.936579942703247
2025-06-23 04:00:00+01:00,1.936560034751892,1.9450700283050537,1.9359400272369385,1.9400500059127808
2025-06-23 08:00:00+01:00,1.940060019493103,1.9486900568008423,1.9372400045394897,1.9464600086212158
2025-06-23 12:00:00+01:00,1.9464600086212158,1.9486700296401978,1.938599944114685,1.939460039138794
2025-06-23 16:00:00+01:00,1.939329981803894,1.943750023841858,1.9365400075912476,1.9369299411773682
2025-06-23 20:00:00+01:00,1.9369299411773682,1.940809965133667,1.935230016708374,1.935979962348938
2025-06-24 00:00:00+01:00,1.9361499547958374,1.9366799592971802,1.9299299716949463,1.9302500486373901
2025-06-24 04:00:00+01:00,1.930209994316101,1.933210015296936,1.9237200021743774,1.924280047416687
2025-06-24 08:00:00+01:00,1.9243899583816528,1.927649974822998,1.9215600490570068,1.9228800535202026
2025-06-24 12:00:00+01:00,1.9227999448776245,1.9286600351333618,1.9222099781036377,1.9286400079727173
2025-06-24 16:00:00+01:00,1.9285600185394287,1.931480050086975,1.9273099899291992,1.9310599565505981
2025-06-24 20:00:00+01:00,1.9310599565505981,1.93326997756958,1.9298900365829468,1.9322799444198608
2025-06-25 00:00:00+01:00,1.9323099851608276,1.9333200454711914,1.9256900548934937,1.926169991493225
2025-06-25 04:00:00+01:00,1.9259699583053589,1.9292500019073486,1.9237300157546997,1.9270800352096558
2025-06-25 08:00:00+01:00,1.927150011062622,1.9290599822998047,1.9241199493408203,1.9274300336837769
2025-06-25 12:00:00+01:00,1.9273799657821655,1.930400013923645,1.926419973373413,1.9300700426101685
2025-06-25 16:00:00+01:00,1.9299700260162354,1.9317100048065186,1.929029941558838,1.9312399625778198
2025-06-25 20:00:00+01:00,1.931589961051941,1.9316799640655518,1.9287500381469727,1.9297000169754028
2025-06-26 00:00:00+01:00,1.9296799898147583,1.9352999925613403,1.9288400411605835,1.9296499490737915
2025-06-26 04:00:00+01:00,1.9297000169754028,1.9333000183105469,1.92877995967865,1.9330099821090698
2025-06-26 08:00:00+01:00,1.9329999685287476,1.9349299669265747,1.9313600063323975,1.9331400394439697
2025-06-26 12:00:00+01:00,1.9332400560379028,1.9348399639129639,1.9289000034332275,1.9306199550628662
2025-06-26 16:00:00+01:00,1.9306199550628662,1.9330999851226807,1.929010033607483,1.9298499822616577
2025-06-26 20:00:00+01:00,1.9299700260162354,1.9343899488449097,1.9280999898910522,1.929029941558838
2025-06-27 00:00:00+01:00,1.9290000200271606,1.9301300048828125,1.9258899688720703,1.9265199899673462
2025-06-27 04:00:00+01:00,1.9265700578689575,1.9296200275421143,1.9260300397872925,1.9292999505996704
2025-06-27 08:00:00+01:00,1.929319977760315,1.9335999488830566,1.927940011024475,1.933419942855835
2025-06-27 12:00:00+01:00,1.933419942855835,1.937459945678711,1.9312700033187866,1.9345200061798096
2025-06-27 16:00:00+01:00,1.9345200061798096,1.9363700151443481,1.932070016860962,1.9350500106811523
2025-06-27 20:00:00+01:00,1.935130000114441,1.935520052909851,1.9331400394439697,1.9344500303268433
2025-06-30 00:00:00+01:00,1.9344300031661987,1.9350099563598633,1.9293999671936035,1.9326499700546265
2025-06-30 04:00:00+01:00,1.9326200485229492,1.932729959487915,1.9270100593566895,1.9306199550628662
2025-06-30 08:00:00+01:00,1.9306999444961548,1.9346699714660645,1.9299700260162354,1.9339699745178223
2025-06-30 12:00:00+01:00,1.9338899850845337,1.934689998626709,1.9310400485992432,1.933459997177124
2025-06-30 16:00:00+01:00,1.9335099458694458,1.9349199533462524,1.9309300184249878,1.932170033454895
2025-06-30 20:00:00+01:00,1.9321600198745728,1.9347800016403198,1.9311599731445312,1.9332799911499023
2025-07-01 00:00:00+01:00,1.9333399534225464,1.9385099411010742,1.9329400062561035,1.9363900423049927
2025-07-01 04:00:00+01:00,1.9363900423049927,1.9372800588607788,1.930840015411377,1.9311200380325317
2025-07-01 08:00:00+01:00,1.931130051612854,1.932960033416748,1.9272199869155884,1.9315199851989746
2025-07-01 12:00:00+01:00,1.9314500093460083,1.93641996383667,1.9308899641036987,1.9332599639892578
2025-07-01 16:00:00+01:00,1.9332599639892578,1.9356800317764282,1.9328299760818481,1.9343199729919434
2025-07-01 20:00:00+01:00,1.9341800212860107,1.9364999532699585,1.9332499504089355,1.9346799850463867
2025-07-02 00:00:00+01:00,1.934559941291809,1.93586003780365,1.933359980583191,1.9346400499343872
2025-07-02 04:00:00+01:00,1.93464994430542,1.9358099699020386,1.9322700500488281,1.935479998588562
2025-07-02 08:00:00+01:00,1.9356399774551392,1.939020037651062,1.935349941253662,1.937559962272644
2025-07-02 12:00:00+01:00,1.9376499652862549,1.9429999589920044,1.9366999864578247,1.9391800165176392
2025-07-02 16:00:00+01:00,1.9391200542449951,1.940659999847412,1.9361300468444824,1.9381500482559204
2025-07-02 20:00:00+01:00,1.9381300210952759,1.9383900165557861,1.9350199699401855,1.9364999532699585
2025-07-03 00:00:00+01:00,1.936460018157959,1.9424500465393066,1.9361499547958374,1.942020058631897
2025-07-03 04:00:00+01:00,1.942039966583252,1.943660020828247,1.9411300420761108,1.9423099756240845
2025-07-03 08:00:00+01:00,1.9423600435256958,1.9432799816131592,1.9399800300598145,1.9422999620437622
2025-07-03 12:00:00+01:00,1.9422500133514404,1.9451099634170532,1.9379899501800537,1.9401099681854248
2025-07-03 16:00:00+01:00,1.9400500059127808,1.9400999546051025,1.935920000076294,1.9366999864578247
2025-07-03 20:00:00+01:00,1.936710000038147,1.937980055809021,1.9349600076675415,1.937059998512268
2025-07-04 00:00:00+01:00,1.936959981918335,1.9391100406646729,1.9344899654388428,1.938689947128296
2025-07-04 04:00:00+01:00,1.9387999773025513,1.9418200254440308,1.9367899894714355,1.9390300512313843
2025-07-04 08:00:00+01:00,1.9390499591827393,1.9432400465011597,1.9383699893951416,1.9425599575042725
2025-07-04 12:00:00+01:00,1.9424799680709839,1.9462100267410278,1.940459966659546,1.9457900524139404
2025-07-04 16:00:00+01:00,1.9457900524139404,1.946619987487793,1.9438199996948242,1.9449599981307983
2025-07-04 20:00:00+01:00,1.9450500011444092,1.94622004032135,1.9421099424362183,1.9421099424362183
2025-07-07 00:00:00+01:00,1.9452799558639526,1.9541499614715576,1.9446899890899658,1.9537299871444702
2025-07-07 04:00:00+01:00,1.953760027885437,1.9586399793624878,1.9525699615478516,1.9553799629211426
2025-07-07 08:00:00+01:00,1.9554200172424316,1.9575300216674805,1.9536900520324707,1.9550100564956665
2025-07-07 12:00:00+01:00,1.9550199508666992,1.9564499855041504,1.9508299827575684,1.9514399766921997
2025-07-07 16:00:00+01:00,1.951449990272522,1.9532500505447388,1.949280023574829,1.9520699977874756
2025-07-07 20:00:00+01:00,1.952049970626831,1.9550600051879883,1.9494500160217285,1.9549599885940552
2025-07-08 00:00:00+01:00,1.9548200368881226,1.955199956893921,1.950469970703125,1.9511200189590454
2025-07-08 04:00:00+01:00,1.9511100053787231,1.953819990158081,1.9464900493621826,1.9525500535964966
2025-07-08 08:00:00+01:00,1.9525599479675293,1.9534599781036377,1.94937002658844,1.9504400491714478
2025-07-08 12:00:00+01:00,1.9504400491714478,1.9552099704742432,1.9488999843597412,1.9536099433898926
2025-07-08 16:00:00+01:00,1.9536199569702148,1.954509973526001,1.9516799449920654,1.9541000127792358
2025-07-08 20:00:00+01:00,1.954069972038269,1.9557600021362305,1.9524999856948853,1.9552199840545654
2025-07-09 00:00:00+01:00,1.9551600217819214,1.9577900171279907,1.9487600326538086,1.9557900428771973
2025-07-09 04:00:00+01:00,1.9557299613952637,1.9583100080490112,1.9498499631881714,1.9515399932861328
2025-07-09 08:00:00+01:00,1.9514600038528442,1.9545999765396118,1.9502400159835815,1.9531400203704834
2025-07-09 12:00:00+01:00,1.9531999826431274,1.9564800262451172,1.9498000144958496,1.954759955406189
2025-07-09 16:00:00+01:00,1.9548200368881226,1.955340027809143,1.950719952583313,1.9524999856948853
2025-07-09 20:00:00+01:00,1.9525099992752075,1.9544099569320679,1.9500999450683594,1.9539200067520142
2025-07-10 00:00:00+01:00,1.9536900520324707,1.9571399688720703,1.9531500339508057,1.9535200595855713
2025-07-10 04:00:00+01:00,1.9534300565719604,1.9549000263214111,1.9504499435424805,1.950700044631958
2025-07-10 08:00:00+01:00,1.950659990310669,1.9511799812316895,1.9464999437332153,1.9469300508499146
2025-07-10 12:00:00+01:00,1.9470200538635254,1.9497699737548828,1.9436800479888916,1.9447599649429321
2025-07-10 16:00:00+01:00,1.9447400569915771,1.945199966430664,1.9383900165557861,1.9391900300979614
2025-07-10 20:00:00+01:00,1.939079999923706,1.9403899908065796,1.9368000030517578,1.938040018081665
2025-07-11 00:00:00+01:00,1.9378999471664429,1.942080020904541,1.9352699518203735,1.9393199682235718
2025-07-11 04:00:00+01:00,1.939170002937317,1.9424099922180176,1.938480019569397,1.9405699968338013
2025-07-11 08:00:00+01:00,1.940659999847412,1.9442100524902344,1.939460039138794,1.9419499635696411
2025-07-11 12:00:00+01:00,1.9419399499893188,1.9482300281524658,1.9415899515151978,1.947160005569458
2025-07-11 16:00:00+01:00,1.9470800161361694,1.9478700160980225,1.9443999528884888,1.944849967956543
2025-07-11 20:00:00+01:00,1.9448699951171875,1.9465999603271484,1.944409966468811,1.9454900026321411
2025-07-14 00:00:00+01:00,1.9445699453353882,1.9534800052642822,1.9427299499511719,1.9503300189971924
2025-07-14 04:00:00+01:00,1.9504300355911255,1.9524400234222412,1.9482500553131104,1.9497599601745605
2025-07-14 08:00:00+01:00,1.9498200416564941,1.9522900581359863,1.9490100145339966,1.9511300325393677
2025-07-14 12:00:00+01:00,1.9512100219726562,1.9557600021362305,1.9502999782562256,1.9542700052261353
2025-07-14 16:00:00+01:00,1.9544199705123901,1.954949975013733,1.95114004611969,1.9525599479675293
2025-07-14 20:00:00+01:00,1.9524199962615967,1.9535000324249268,1.9504300355911255,1.9531199932098389
2025-07-15 00:00:00+01:00,1.953160047531128,1.9537899494171143,1.949869990348816,1.9528800249099731
2025-07-15 04:00:00+01:00,1.9527499675750732,1.954010009765625,1.951050043106079,1.9515399932861328
2025-07-15 08:00:00+01:00,1.9515600204467773,1.952739953994751,1.9457099437713623,1.946869969367981
2025-07-15 12:00:00+01:00,1.9468599557876587,1.9535800218582153,1.9442600011825562,1.9523600339889526
2025-07-15 16:00:00+01:00,1.9523199796676636,1.9541699886322021,1.9493099451065063,1.9508899450302124
2025-07-15 20:00:00+01:00,1.9507900476455688,1.9528199434280396,1.9484699964523315,1.9513200521469116
2025-07-16 00:00:00+01:00,1.9512399435043335,1.952589988708496,1.9458400011062622,1.9524199962615967
2025-07-16 04:00:00+01:00,1.9523199796676636,1.9537999629974365,1.9508600234985352,1.953760027885437
2025-07-16 08:00:00+01:00,1.9537400007247925,1.9570000171661377,1.9532300233840942,1.954509973526001
2025-07-16 12:00:00+01:00,1.9544800519943237,1.9578100442886353,1.9498499631881714,1.9569799900054932
2025-07-16 16:00:00+01:00,1.9569799900054932,1.9637500047683716,1.9565999507904053,1.9579299688339233
2025-07-16 20:00:00+01:00,1.9579600095748901,1.9586600065231323,1.9542700052261353,1.9573400020599365
2025-07-17 00:00:00+01:00,1.9573700428009033,1.964210033416748,1.955970048904419,1.9637399911880493
2025-07-17 04:00:00+01:00,1.9637399911880493,1.9648100137710571,1.957110047340393,1.9577000141143799
2025-07-17 08:00:00+01:00,1.9576599597930908,1.960860013961792,1.9567400217056274,1.9582600593566895
2025-07-17 12:00:00+01:00,1.9581799507141113,1.960010051727295,1.955199956893921,1.9570800065994263
2025-07-17 16:00:00+01:00,1.9570800065994263,1.957110047340393,1.954300045967102,1.954990029335022
2025-07-17 20:00:00+01:00,1.9550700187683105,1.9563499689102173,1.9525599479675293,1.9552299976348877
2025-07-18 00:00:00+01:00,1.9552600383758545,1.9552600383758545,1.9498399496078491,1.950410008430481
2025-07-18 04:00:00+01:00,1.9503099918365479,1.9525200128555298,1.9496500492095947,1.9509600400924683
2025-07-18 08:00:00+01:00,1.9508899450302124,1.952370047569275,1.9476100206375122,1.9477499723434448
2025-07-18 12:00:00+01:00,1.9479399919509888,1.949910044670105,1.9468300342559814,1.9492599964141846
2025-07-18 16:00:00+01:00,1.9493299722671509,1.9500800371170044,1.9478000402450562,1.9493199586868286
2025-07-18 20:00:00+01:00,1.9492900371551514,1.9506100416183472,1.9485299587249756,1.9493499994277954
2025-07-21 00:00:00+01:00,1.9545799493789673,1.9568500518798828,1.9533799886703491,1.9541000127792358
2025-07-21 04:00:00+01:00,1.9540899991989136,1.9542800188064575,1.950279951095581,1.9518699645996094
2025-07-21 08:00:00+01:00,1.9518400430679321,1.9552299976348877,1.9508999586105347,1.953220009803772
2025-07-21 12:00:00+01:00,1.9531400203704834,1.957919955253601,1.9518799781799316,1.9575899839401245
2025-07-21 16:00:00+01:00,1.9575599431991577,1.9585599899291992,1.9557600021362305,1.9567500352859497
2025-07-21 20:00:00+01:00,1.9567500352859497,1.959920048713684,1.9560600519180298,1.9594600200653076
2025-07-22 00:00:00+01:00,1.9594600200653076,1.9616999626159668,1.9580899477005005,1.960569977760315
2025-07-22 04:00:00+01:00,1.9605799913406372,1.9665299654006958,1.9598900079727173,1.9663499593734741
2025-07-22 08:00:00+01:00,1.9663300514221191,1.9677599668502808,1.9642800092697144,1.9668099880218506
2025-07-22 12:00:00+01:00,1.9668099880218506,1.967360019683838,1.9559199810028076,1.9571599960327148
2025-07-22 16:00:00+01:00,1.9570399522781372,1.9591100215911865,1.955299973487854,1.958009958267212
2025-07-22 20:00:00+01:00,1.9581999778747559,1.9642200469970703,1.9566999673843384,1.958340048789978
2025-07-23 00:00:00+01:00,1.9580299854278564,1.9581899642944336,1.9532999992370605,1.9558199644088745
2025-07-23 04:00:00+01:00,1.9556000232696533,1.955880045890808,1.9484800100326538,1.949470043182373
2025-07-23 08:00:00+01:00,1.9495600461959839,1.949620008468628,1.9401099681854248,1.9408400058746338
2025-07-23 12:00:00+01:00,1.940850019454956,1.9437099695205688,1.93927001953125,1.9427900314331055
2025-07-23 16:00:00+01:00,1.9429099559783936,1.9492000341415405,1.9426300525665283,1.9479700326919556
2025-07-23 20:00:00+01:00,1.9479399919509888,1.948580026626587,1.945449948310852,1.947160005569458
2025-07-24 00:00:00+01:00,1.9470800161361694,1.9474400281906128,1.9432899951934814,1.9448200464248657
2025-07-24 04:00:00+01:00,1.9447100162506104,1.9464099407196045,1.9429099559783936,1.944309949874878
2025-07-24 08:00:00+01:00,1.9444700479507446,1.9456599950790405,1.9409199953079224,1.9439799785614014
2025-07-24 12:00:00+01:00,1.9439899921417236,1.9473999738693237,1.9399399757385254,1.9461599588394165
2025-07-24 16:00:00+01:00,1.9462000131607056,1.9487700462341309,1.9460699558258057,1.947510004043579
2025-07-24 20:00:00+01:00,1.947510004043579,1.950279951095581,1.942389965057373,1.948449969291687
2025-07-25 00:00:00+01:00,1.9484100341796875,1.949679970741272,1.9464000463485718,1.9486299753189087
2025-07-25 04:00:00+01:00,1.9486299753189087,1.951509952545166,1.947119951248169,1.9498100280761719
2025-07-25 08:00:00+01:00,1.9498900175094604,1.9553500413894653,1.9497499465942383,1.950260043144226
2025-07-25 12:00:00+01:00,1.9503400325775146,1.9527100324630737,1.9480799436569214,1.9521499872207642
2025-07-25 16:00:00+01:00,1.9521600008010864,1.9535800218582153,1.9510400295257568,1.9526599645614624
2025-07-25 20:00:00+01:00,1.9526499509811401,1.953070044517517,1.9500000476837158,1.951050043106079
2025-07-28 00:00:00+01:00,1.9528100490570068,1.9547499418258667,1.9503200054168701,1.9523199796676636
2025-07-28 04:00:00+01:00,1.9524699449539185,1.955299973487854,1.951930046081543,1.953320026397705
2025-07-28 08:00:00+01:00,1.9535000324249268,1.9560099840164185,1.949139952659607,1.9501800537109375
2025-07-28 12:00:00+01:00,1.9501800537109375,1.9504899978637695,1.9447300434112549,1.9457999467849731
2025-07-28 16:00:00+01:00,1.945970058441162,1.9461300373077393,1.9410500526428223,1.9420499801635742
2025-07-28 20:00:00+01:00,1.9421299695968628,1.9425899982452393,1.9388999938964844,1.9406700134277344
2025-07-29 00:00:00+01:00,1.9407800436019897,1.9439300298690796,1.9401600360870361,1.9408400058746338
2025-07-29 04:00:00+01:00,1.9408600330352783,1.9415500164031982,1.9371700286865234,1.9377100467681885
2025-07-29 08:00:00+01:00,1.937749981880188,1.9439200162887573,1.9374500513076782,1.9429399967193604
2025-07-29 12:00:00+01:00,1.9429899454116821,1.9432100057601929,1.9355900287628174,1.9361599683761597
2025-07-29 16:00:00+01:00,1.9360599517822266,1.939769983291626,1.9353100061416626,1.938289999961853
2025-07-29 20:00:00+01:00,1.9383100271224976,1.940000057220459,1.937399983406067,1.9399499893188477
2025-07-30 00:00:00+01:00,1.9397900104522705,1.9403899908065796,1.9372299909591675,1.9376699924468994
2025-07-30 04:00:00+01:00,1.937690019607544,1.9388999938964844,1.9360300302505493,1.9379500150680542
2025-07-30 08:00:00+01:00,1.938099980354309,1.9406499862670898,1.9377800226211548,1.939710021018982
2025-07-30 12:00:00+01:00,1.9398200511932373,1.9408199787139893,1.9349600076675415,1.939389944076538
2025-07-30 16:00:00+01:00,1.939460039138794,1.9409899711608887,1.9368499517440796,1.938330054283142
2025-07-30 20:00:00+01:00,1.9385000467300415,1.9402799606323242,1.9316999912261963,1.9342199563980103
2025-07-31 00:00:00+01:00,1.9340300559997559,1.937309980392456,1.9320100545883179,1.932479977607727
2025-07-31 04:00:00+01:00,1.9325400590896606,1.9328700304031372,1.9279899597167969,1.9316699504852295
2025-07-31 08:00:00+01:00,1.9316400289535522,1.9386500120162964,1.930840015411377,1.9384499788284302
2025-07-31 12:00:00+01:00,1.9385600090026855,1.9408700466156006,1.9349299669265747,1.9390599727630615
2025-07-31 16:00:00+01:00,1.93913996219635,1.9409699440002441,1.936560034751892,1.9384000301361084
2025-07-31 20:00:00+01:00,1.9382799863815308,1.9400700330734253,1.9347399473190308,1.9380700588226318
2025-08-01 00:00:00+01:00,1.9383599758148193,1.9419000148773193,1.937459945678711,1.9417200088500977
2025-08-01 04:00:00+01:00,1.9416199922561646,1.9462100267410278,1.9400299787521362,1.9454699754714966
2025-08-01 08:00:00+01:00,1.945580005645752,1.9472999572753906,1.9437199831008911,1.94582998752594
2025-08-01 12:00:00+01:00,1.9457600116729736,1.9599699974060059,1.9426599740982056,1.9573899507522583
2025-08-01 16:00:00+01:00,1.9574099779129028,1.958009958267212,1.9538099765777588,1.9555100202560425
2025-08-01 20:00:00+01:00,1.9555000066757202,1.9587600231170654,1.9551399946212769,1.9576900005340576
2025-08-04 00:00:00+01:00,1.960170030593872,1.960729956626892,1.9532099962234497,1.9571199417114258
2025-08-04 04:00:00+01:00,1.9571199417114258,1.958240032196045,1.9550600051879883,1.9565600156784058
2025-08-04 08:00:00+01:00,1.9566099643707275,1.9577399492263794,1.9546699523925781,1.955530047416687
2025-08-04 12:00:00+01:00,1.9555100202560425,1.9572399854660034,1.953179955482483,1.9557000398635864
2025-08-04 16:00:00+01:00,1.955739974975586,1.9605400562286377,1.954800009727478,1.960070013999939
2025-08-04 20:00:00+01:00,1.960070013999939,1.960479974746704,1.9545600414276123,1.9585599899291992
2025-08-05 00:00:00+01:00,1.9587199687957764,1.9601000547409058,1.955430030822754,1.9594299793243408
2025-08-05 04:00:00+01:00,1.9595400094985962,1.961300015449524,1.9579499959945679,1.9605599641799927
2025-08-05 08:00:00+01:00,1.9605499505996704,1.960860013961792,1.9575899839401245,1.9592000246047974
2025-08-05 12:00:00+01:00,1.9592499732971191,1.9633699655532837,1.9563900232315063,1.9630800485610962
2025-08-05 16:00:00+01:00,1.9631400108337402,1.964229941368103,1.9613200426101685,1.9635499715805054
2025-08-05 20:00:00+01:00,1.9635200500488281,1.9642800092697144,1.9594099521636963,1.9613200426101685
2025-08-06 00:00:00+01:00,1.961359977722168,1.9617199897766113,1.954110026359558,1.954740047454834
2025-08-06 04:00:00+01:00,1.9545799493789673,1.957200050354004,1.9540599584579468,1.9559199810028076
2025-08-06 08:00:00+01:00,1.9560099840164185,1.9582899808883667,1.9536900520324707,1.9560699462890625
2025-08-06 12:00:00+01:00,1.9561200141906738,1.9639400243759155,1.9551700353622437,1.9620399475097656
2025-08-06 16:00:00+01:00,1.9620800018310547,1.9644999504089355,1.9604300260543823,1.9642800092697144
2025-08-06 20:00:00+01:00,1.9645700454711914,1.966770052909851,1.9633300304412842,1.965499997138977
2025-08-07 00:00:00+01:00,1.9656200408935547,1.967900037765503,1.9614800214767456,1.9625699520111084
2025-08-07 04:00:00+01:00,1.9625300168991089,1.9639899730682373,1.9585200548171997,1.960510015487671
2025-08-07 08:00:00+01:00,1.9605000019073486,1.961840033531189,1.9586100578308105,1.9592599868774414
2025-08-07 12:00:00+01:00,1.9593600034713745,1.9594800472259521,1.9541399478912354,1.9579499959945679
2025-08-07 16:00:00+01:00,1.958050012588501,1.9589099884033203,1.9558299779891968,1.9560400247573853
2025-08-07 20:00:00+01:00,1.956130027770996,1.9607399702072144,1.954800009727478,1.95687997341156
2025-08-08 00:00:00+01:00,1.9570200443267822,1.9580299854278564,1.9539999961853027,1.9546899795532227
2025-08-08 04:00:00+01:00,1.95455002784729,1.9569200277328491,1.953660011291504,1.9548399448394775
2025-08-08 08:00:00+01:00,1.9548399448394775,1.955680012702942,1.9520000219345093,1.952839970588684
2025-08-08 12:00:00+01:00,1.952839970588684,1.9584699869155884,1.952679991722107,1.9582200050354004
2025-08-08 16:00:00+01:00,1.958299994468689,1.9594600200653076,1.9558700323104858,1.9567899703979492
2025-08-08 20:00:00+01:00,1.9567899703979492,1.9571199417114258,1.9539999961853027,1.9549800157546997
2025-08-11 00:00:00+01:00,1.9566199779510498,1.9603999853134155,1.9560699462890625,1.9601600170135498
2025-08-11 04:00:00+01:00,1.960170030593872,1.961300015449524,1.958709955215454,1.9609099626541138
2025-08-11 08:00:00+01:00,1.9608900547027588,1.9623299837112427,1.958549976348877,1.959920048713684
2025-08-11 12:00:00+01:00,1.959920048713684,1.9606900215148926,1.9547799825668335,1.9553600549697876
2025-08-11 16:00:00+01:00,1.9553899765014648,1.9563000202178955,1.95455002784729,1.9551500082015991
2025-08-11 20:00:00+01:00,1.9550299644470215,1.957360029220581,1.9541000127792358,1.955680012702942
2025-08-12 00:00:00+01:00,1.9555399417877197,1.9568699598312378,1.9539599418640137,1.9560999870300293
2025-08-12 04:00:00+01:00,1.9559799432754517,1.9608800411224365,1.9548300504684448,1.9584300518035889
2025-08-12 08:00:00+01:00,1.958359956741333,1.9613800048828125,1.9569100141525269,1.9613800048828125
2025-08-12 12:00:00+01:00,1.9614200592041016,1.9646600484848022,1.9576499462127686,1.9616199731826782
2025-08-12 16:00:00+01:00,1.9616199731826782,1.9619100093841553,1.9585800170898438,1.9594700336456299
2025-08-12 20:00:00+01:00,1.9595999717712402,1.9611400365829468,1.957900047302246,1.960669994354248
2025-08-13 00:00:00+01:00,1.9603899717330933,1.9641799926757812,1.9594299793243408,1.9601399898529053
2025-08-13 04:00:00+01:00,1.9602400064468384,1.9617300033569336,1.9562599658966064,1.956820011138916
2025-08-13 08:00:00+01:00,1.9567999839782715,1.9580600261688232,1.9557600021362305,1.9567500352859497
2025-08-13 12:00:00+01:00,1.956629991531372,1.959220051765442,1.9560199975967407,1.9590100049972534
2025-08-13 16:00:00+01:00,1.9591100215911865,1.9605000019073486,1.9584499597549438,1.959089994430542
2025-08-13 20:00:00+01:00,1.9590599536895752,1.9598000049591064,1.955430030822754,1.9590500593185425
2025-08-14 00:00:00+01:00,1.9589999914169312,1.95933997631073,1.954859972000122,1.9574600458145142
2025-08-14 04:00:00+01:00,1.9573999643325806,1.9620699882507324,1.9566600322723389,1.9613100290298462
2025-08-14 08:00:00+01:00,1.9613800048828125,1.965559959411621,1.9591599702835083,1.9654200077056885
2025-08-14 12:00:00+01:00,1.9653199911117554,1.9693399667739868,1.9616800546646118,1.966860055923462
2025-08-14 16:00:00+01:00,1.9667500257492065,1.9689600467681885,1.96628999710083,1.9679900407791138
2025-08-14 20:00:00+01:00,1.9681099653244019,1.9692699909210205,1.9650599956512451,1.9680999517440796
2025-08-15 00:00:00+01:00,1.9679900407791138,1.9719300270080566,1.9667600393295288,1.970020055770874
2025-08-15 04:00:00+01:00,1.9699300527572632,1.9717199802398682,1.9678200483322144,1.9703999757766724
2025-08-15 08:00:00+01:00,1.970420002937317,1.97298002243042,1.969730019569397,1.9712200164794922
2025-08-15 12:00:00+01:00,1.9712200164794922,1.9746999740600586,1.9705400466918945,1.9738399982452393
2025-08-15 16:00:00+01:00,1.973960041999817,1.9760099649429321,1.972000002861023,1.9752999544143677
2025-08-15 20:00:00+01:00,1.9753799438476562,1.9762300252914429,1.9743800163269043,1.9761199951171875
2025-08-18 00:00:00+01:00,1.975450038909912,1.975559949874878,1.9703400135040283,1.9731800556182861
2025-08-18 04:00:00+01:00,1.973140001296997,1.9731600284576416,1.9691200256347656,1.9704899787902832
2025-08-18 08:00:00+01:00,1.97038996219635,1.970900058746338,1.9656800031661987,1.9674099683761597
2025-08-18 12:00:00+01:00,1.967270016670227,1.972730040550232,1.965749979019165,1.9723199605941772
2025-08-18 16:00:00+01:00,1.9722399711608887,1.9734200239181519,1.968000054359436,1.969230055809021
2025-08-18 20:00:00+01:00,1.9691499471664429,1.9702099561691284,1.9665199518203735,1.9699699878692627
2025-08-19 00:00:00+01:00,1.9697099924087524,1.9711300134658813,1.9660300016403198,1.966249942779541
2025-08-19 04:00:00+01:00,1.9663399457931519,1.969920039176941,1.965090036392212,1.9697400331497192
2025-08-19 08:00:00+01:00,1.969689965248108,1.9738600254058838,1.9690099954605103,1.9730499982833862
2025-08-19 12:00:00+01:00,1.973039984703064,1.9752000570297241,1.9703799486160278,1.974769949913025
2025-08-19 16:00:00+01:00,1.9748400449752808,1.976699948310852,1.9739899635314941,1.9758199453353882
2025-08-19 20:00:00+01:00,1.9758399724960327,1.9767099618911743,1.9723999500274658,1.9754799604415894
2025-08-20 00:00:00+01:00,1.9751900434494019,1.9960500001907349,1.9730199575424194,1.9933300018310547
2025-08-20 04:00:00+01:00,1.9931299686431885,1.9984099864959717,1.9923900365829468,1.9959900379180908
2025-08-20 08:00:00+01:00,1.9958000183105469,2.0020999908447266,1.995129942893982,1.998610019683838
2025-08-20 12:00:00+01:00,1.9985500574111938,2.0034000873565674,1.9964100122451782,2.0008599758148193
2025-08-20 16:00:00+01:00,2.0007801055908203,2.0014500617980957,1.99836003780365,2.000459909439087
2025-08-20 20:00:00+01:00,2.0004498958587646,2.0022900104522705,1.9987000226974487,2.000499963760376
2025-08-21 00:00:00+01:00,1.9999500513076782,2.00150990486145,1.9969099760055542,2.0011401176452637
2025-08-21 04:00:00+01:00,2.0011401176452637,2.0027899742126465,1.996709942817688,1.997920036315918
2025-08-21 08:00:00+01:00,1.9979599714279175,2.0032200813293457,1.9976199865341187,1.9988499879837036
2025-08-21 12:00:00+01:00,1.9988199472427368,2.0019500255584717,1.9940299987792969,1.9957200288772583
2025-08-21 16:00:00+01:00,1.995650053024292,1.9965800046920776,1.9934200048446655,1.9950400590896606
2025-08-21 20:00:00+01:00,1.994789958000183,1.996090054512024,1.9926799535751343,1.9951900243759155
2025-08-22 00:00:00+01:00,1.9946800470352173,1.997730016708374,1.993880033493042,1.995300054550171
2025-08-22 04:00:00+01:00,1.9952800273895264,1.997499942779541,1.9929699897766113,1.996250033378601
2025-08-22 08:00:00+01:00,1.9961299896240234,1.9984300136566162,1.994439959526062,1.997439980506897
2025-08-22 12:00:00+01:00,1.9974700212478638,1.9987200498580933,1.9930100440979004,1.9967199563980103
2025-08-22 16:00:00+01:00,1.9964499473571777,1.9996000528335571,1.995419979095459,1.9977999925613403
2025-08-22 20:00:00+01:00,1.9977500438690186,1.9983099699020386,1.9958000183105469,1.9963500499725342
2025-08-25 00:00:00+01:00,1.9972100257873535,1.9986499547958374,1.9940099716186523,1.9961999654769897
2025-08-25 04:00:00+01:00,1.9961299896240234,1.9973399639129639,1.9923700094223022,1.9939099550247192
2025-08-25 08:00:00+01:00,1.9937299489974976,1.9959100484848022,1.9930100440979004,1.9944000244140625
2025-08-25 12:00:00+01:00,1.9945600032806396,1.9951000213623047,1.9901000261306763,1.9902000427246094
2025-08-25 16:00:00+01:00,1.9901399612426758,1.9908100366592407,1.985319972038269,1.9862099885940552
2025-08-25 20:00:00+01:00,1.986199975013733,1.9878900051116943,1.9776500463485718,1.986050009727478
2025-08-26 00:00:00+01:00,1.985990047454834,1.9938700199127197,1.9846199750900269,1.991529941558838
2025-08-26 04:00:00+01:00,1.9915000200271606,1.9945600032806396,1.9886900186538696,1.9894299507141113
2025-08-26 08:00:00+01:00,1.9893800020217896,1.9910900592803955,1.9872699975967407,1.9903899431228638
2025-08-26 12:00:00+01:00,1.990190029144287,1.9921000003814697,1.9882500171661377,1.9890400171279907
2025-08-26 16:00:00+01:00,1.9890999794006348,1.9900200366973877,1.984660029411316,1.986649990081787
2025-08-26 20:00:00+01:00,1.9866399765014648,1.9930499792099,1.984879970550537,1.9861199855804443
2025-08-27 00:00:00+01:00,1.9855400323867798,1.9890400171279907,1.984910011291504,1.9870100021362305
2025-08-27 04:00:00+01:00,1.9872100353240967,1.9883300065994263,1.98635995388031,1.98812997341156
2025-08-27 08:00:00+01:00,1.988219976425171,1.990049958229065,1.9863200187683105,1.9890799522399902
2025-08-27 12:00:00+01:00,1.9889299869537354,1.990530014038086,1.9851499795913696,1.9854799509048462
2025-08-27 16:00:00+01:00,1.9854799509048462,1.9864100217819214,1.9832899570465088,1.9841699600219727
2025-08-27 20:00:00+01:00,1.9840999841690063,1.9905500411987305,1.9834799766540527,1.9871799945831299
2025-08-28 00:00:00+01:00,1.9872699975967407,1.989150047302246,1.9856799840927124,1.9868700504302979
2025-08-28 04:00:00+01:00,1.9869099855422974,1.987630009651184,1.9846700429916382,1.986799955368042
2025-08-28 08:00:00+01:00,1.9866199493408203,1.9878000020980835,1.9838000535964966,1.9869099855422974
2025-08-28 12:00:00+01:00,1.986739993095398,1.989300012588501,1.9838500022888184,1.9849799871444702
2025-08-28 16:00:00+01:00,1.9849300384521484,1.9859700202941895,1.9831000566482544,1.9851800203323364
2025-08-28 20:00:00+01:00,1.9849799871444702,1.985610008239746,1.983929991722107,1.9849599599838257
2025-08-29 00:00:00+01:00,1.9849599599838257,1.9857100248336792,1.977810025215149,1.97993004322052
2025-08-29 04:00:00+01:00,1.979740023612976,1.9818400144577026,1.9786200523376465,1.981660008430481
2025-08-29 08:00:00+01:00,1.9813300371170044,1.9833199977874756,1.9788700342178345,1.9821499586105347
2025-08-29 12:00:00+01:00,1.9821300506591797,1.983530044555664,1.9788199663162231,1.9833999872207642
2025-08-29 16:00:00+01:00,1.983389973640442,1.9845000505447388,1.9816399812698364,1.9823399782180786
2025-08-29 20:00:00+01:00,1.9825700521469116,1.9831000566482544,1.980780005455017,1.9812500476837158
2025-09-01 00:00:00+01:00,1.9820899963378906,1.983530044555664,1.9792300462722778,1.9819799661636353
2025-09-01 04:00:00+01:00,1.9820499420166016,1.9886000156402588,1.9814900159835815,1.9880499839782715
2025-09-01 08:00:00+01:00,1.9880800247192383,1.9895600080490112,1.982100009918213,1.9838600158691406
2025-09-01 12:00:00+01:00,1.9839199781417847,1.9860600233078003,1.9829399585723877,1.9832299947738647
2025-09-01 16:00:00+01:00,1.9832299947738647,1.9841200113296509,1.9821799993515015,1.9837900400161743
2025-09-01 20:00:00+01:00,1.9830100536346436,1.984879970550537,1.982300043106079,1.9837599992752075
2025-09-02 00:00:00+01:00,1.9837000370025635,1.9862500429153442,1.981909990310669,1.984910011291504
2025-09-02 04:00:00+01:00,1.9847300052642822,1.988610029220581,1.984220027923584,1.9879499673843384
2025-09-02 08:00:00+01:00,1.988029956817627,1.9924099445343018,1.985360026359558,1.9861700534820557
2025-09-02 12:00:00+01:00,1.9861600399017334,1.9906799793243408,1.985640048980713,1.9874199628829956
2025-09-02 16:00:00+01:00,1.9873299598693848,1.9890300035476685,1.9843000173568726,1.985450029373169
2025-09-02 20:00:00+01:00,1.985450029373169,1.9879900217056274,1.9830000400543213,1.9846500158309937
2025-09-03 00:00:00+01:00,1.9841400384902954,1.9866100549697876,1.983590006828308,1.9851800203323364
2025-09-03 04:00:00+01:00,1.985200047492981,1.9883999824523926,1.9832199811935425,1.987380027770996
2025-09-03 08:00:00+01:00,1.9871799945831299,1.989150047302246,1.985219955444336,1.986590027809143
2025-09-03 12:00:00+01:00,1.9865100383758545,1.9874999523162842,1.9843699932098389,1.985010027885437
2025-09-03 16:00:00+01:00,1.9850000143051147,1.9863500595092773,1.983299970626831,1.9844599962234497
2025-09-03 20:00:00+01:00,1.9843900203704834,1.9887800216674805,1.9822700023651123,1.9835599660873413
2025-09-04 00:00:00+01:00,1.9838299751281738,1.9838299751281738,1.9807699918746948,1.9827200174331665
2025-09-04 04:00:00+01:00,1.9826799631118774,1.9872299432754517,1.9824700355529785,1.9858399629592896
2025-09-04 08:00:00+01:00,1.985759973526001,1.9890400171279907,1.9852499961853027,1.9884599447250366
2025-09-04 12:00:00+01:00,1.9883400201797485,1.9947999715805054,1.9856599569320679,1.99344003200531
2025-09-04 16:00:00+01:00,1.9933300018310547,1.9955999851226807,1.9926400184631348,1.9938199520111084
2025-09-04 20:00:00+01:00,1.9938100576400757,1.9943499565124512,1.9906100034713745,1.9920599460601807
2025-09-05 00:00:00+01:00,1.9920599460601807,1.9930499792099,1.9896999597549438,1.9903600215911865
2025-09-05 04:00:00+01:00,1.9905099868774414,1.9912199974060059,1.9878499507904053,1.9889800548553467
2025-09-05 08:00:00+01:00,1.988919973373413,1.9902900457382202,1.9859100580215454,1.9897799491882324
2025-09-05 12:00:00+01:00,1.9898099899291992,1.9913599491119385,1.9838900566101074,1.990779995918274
2025-09-05 16:00:00+01:00,1.9907699823379517,1.9914000034332275,1.9880199432373047,1.9886399507522583
2025-09-05 20:00:00+01:00,1.9891899824142456,1.9899200201034546,1.986899971961975,1.9870699644088745
2025-09-08 00:00:00+01:00,1.9895100593566895,1.9900799989700317,1.984470009803772,1.9859100580215454
2025-09-08 04:00:00+01:00,1.9850300550460815,1.9861799478530884,1.9817899465560913,1.982100009918213
2025-09-08 08:00:00+01:00,1.9820599555969238,1.9822299480438232,1.9765599966049194,1.976889967918396
2025-09-08 12:00:00+01:00,1.9769099950790405,1.9791699647903442,1.9746700525283813,1.9787800312042236
2025-09-08 16:00:00+01:00,1.9788000583648682,1.9802900552749634,1.9774800539016724,1.979490041732788
2025-09-08 20:00:00+01:00,1.9794800281524658,1.9806100130081177,1.9783200025558472,1.9800599813461304
2025-09-09 00:00:00+01:00,1.9798500537872314,1.9820200204849243,1.9778599739074707,1.9791300296783447
2025-09-09 04:00:00+01:00,1.9790500402450562,1.9804099798202515,1.9762200117111206,1.9781399965286255
2025-09-09 08:00:00+01:00,1.9780499935150146,1.9781800508499146,1.9731700420379639,1.9737000465393066
2025-09-09 12:00:00+01:00,1.973580002784729,1.9769099950790405,1.9726699590682983,1.9766099452972412
2025-09-09 16:00:00+01:00,1.9765199422836304,1.9776300191879272,1.9749200344085693,1.9757800102233887
2025-09-09 20:00:00+01:00,1.9749699831008911,1.9764000177383423,1.972830057144165,1.9758800268173218
2025-09-10 00:00:00+01:00,1.975219964981079,1.9758000373840332,1.9718600511550903,1.9721800088882446
2025-09-10 04:00:00+01:00,1.9721699953079224,1.9723399877548218,1.967900037765503,1.9692000150680542
2025-09-10 08:00:00+01:00,1.9691499471664429,1.970770001411438,1.9677300453186035,1.9699000120162964
2025-09-10 12:00:00+01:00,1.9697400331497192,1.9706000089645386,1.965790033340454,1.9678200483322144
2025-09-10 16:00:00+01:00,1.9677200317382812,1.9694000482559204,1.9667199850082397,1.9680299758911133
2025-09-10 20:00:00+01:00,1.967210054397583,1.9702399969100952,1.9657700061798096,1.968500018119812
2025-09-11 00:00:00+01:00,1.9685100317001343,1.9706300497055054,1.9672000408172607,1.9703600406646729
2025-09-11 04:00:00+01:00,1.970170021057129,1.971560001373291,1.9685399532318115,1.9700900316238403
2025-09-11 08:00:00+01:00,1.9698400497436523,1.9733099937438965,1.9690300226211548,1.9707599878311157
2025-09-11 12:00:00+01:00,1.9704899787902832,1.9742300510406494,1.9665499925613403,1.966879963874817
2025-09-11 16:00:00+01:00,1.966770052909851,1.9681299924850464,1.9634499549865723,1.9643000364303589
2025-09-11 20:00:00+01:00,1.9642900228500366,1.9677300453186035,1.9621800184249878,1.964210033416748
2025-09-12 00:00:00+01:00,1.96396005153656,1.964419960975647,1.9622299671173096,1.9632600545883179
2025-09-12 04:00:00+01:00,1.9636199474334717,1.9673999547958374,1.9623299837112427,1.967170000076294
2025-09-12 08:00:00+01:00,1.9673099517822266,1.9704500436782837,1.9654300212860107,1.9703600406646729
2025-09-12 12:00:00+01:00,1.9701299667358398,1.9707399606704712,1.966249942779541,1.9692599773406982
2025-09-12 16:00:00+01:00,1.9692599773406982,1.970710039138794,1.9685699939727783,1.9694700241088867
2025-09-12 20:00:00+01:00,1.969539999961853,1.9703099727630615,1.9681999683380127,1.9697799682617188
2025-09-15 00:00:00+01:00,1.969670057296753,1.9704099893569946,1.9661699533462524,1.968500018119812
2025-09-15 04:00:00+01:00,1.9680900573730469,1.9693000316619873,1.9660500288009644,1.9681299924850464
2025-09-15 08:00:00+01:00,1.9680800437927246,1.9737999439239502,1.9667500257492065,1.9727100133895874
2025-09-15 12:00:00+01:00,1.9725799560546875,1.973449945449829,1.9709500074386597,1.972350001335144
2025-09-15 16:00:00+01:00,1.9715800285339355,1.9725899696350098,1.9694099426269531,1.9706300497055054
2025-09-15 20:00:00+01:00,1.970579981803894,1.975119948387146,1.9678900241851807,1.97052001953125
2025-09-16 00:00:00+01:00,1.9705400466918945,1.97639000415802,1.9697799682617188,1.9753400087356567
2025-09-16 04:00:00+01:00,1.975250005722046,1.975890040397644,1.9722000360488892,1.9738099575042725
2025-09-16 08:00:00+01:00,1.9736000299453735,1.9785699844360352,1.9719599485397339,1.9770400524139404
2025-09-16 12:00:00+01:00,1.977239966392517,1.9827699661254883,1.9735599756240845,1.9815599918365479
2025-09-16 16:00:00+01:00,1.9815800189971924,1.9832099676132202,1.9805799722671509,1.9813799858093262
2025-09-16 20:00:00+01:00,1.9813499450683594,1.984779953956604,1.979599952697754,1.9814300537109375
2025-09-17 00:00:00+01:00,1.9810500144958496,1.9836900234222412,1.980739951133728,1.9824999570846558
2025-09-17 04:00:00+01:00,1.982409954071045,1.9860299825668335,1.981760025024414,1.9853500127792358
2025-09-17 08:00:00+01:00,1.9854199886322021,1.9854199886322021,1.9805799722671509,1.9811999797821045
2025-09-17 12:00:00+01:00,1.9808299541473389,1.9838999509811401,1.9771900177001953,1.9835699796676636
2025-09-17 16:00:00+01:00,1.9834200143814087,1.9873100519180298,1.981119990348816,1.9852099418640137
2025-09-17 20:00:00+01:00,1.9852800369262695,1.9890199899673462,1.9772299528121948,1.986430048942566
2025-09-18 00:00:00+01:00,1.9860299825668335,1.9985100030899048,1.9860299825668335,1.9928699731826782
2025-09-18 04:00:00+01:00,1.9927599430084229,2.0004100799560547,1.9913899898529053,2.000339984893799
2025-09-18 08:00:00+01:00,2.000119924545288,2.00750994682312,1.999619960784912,2.004309892654419
2025-09-18 12:00:00+01:00,2.0043299198150635,2.0044100284576416,1.9987900257110596,2.001660108566284
2025-09-18 16:00:00+01:00,2.0012900829315186,2.004699945449829,2.0012900829315186,2.0036399364471436
2025-09-18 20:00:00+01:00,2.0036098957061768,2.0040700435638428,1.9960800409317017,2.0031399726867676
2025-09-19 00:00:00+01:00,2.0031399726867676,2.00462007522583,2.000339984893799,2.002739906311035
2025-09-19 04:00:00+01:00,2.002120018005371,2.009500026702881,2.0020699501037598,2.007009983062744
2025-09-19 08:00:00+01:00,2.0070199966430664,2.007420063018799,1.999709963798523,2.001849889755249
2025-09-19 12:00:00+01:00,2.0016698837280273,2.0077900886535645,2.000730037689209,2.0056400299072266
2025-09-19 16:00:00+01:00,2.005620002746582,2.0070199966430664,2.0041799545288086,2.0054800510406494
2025-09-19 20:00:00+01:00,2.0054500102996826,2.0059499740600586,2.003200054168701,2.0047099590301514
2025-09-22 00:00:00+01:00,2.0042099952697754,2.0067501068115234,2.0020298957824707,2.0023200511932373
2025-09-22 04:00:00+01:00,2.0022799968719482,2.0067100524902344,2.0008699893951416,2.0065999031066895
2025-09-22 08:00:00+01:00,2.006540060043335,2.010309934616089,2.006279945373535,2.009660005569458
2025-09-22 12:00:00+01:00,2.0096099376678467,2.01131010055542,2.0079898834228516,2.0085198879241943
2025-09-22 16:00:00+01:00,2.007970094680786,2.010540008544922,2.0074000358581543,2.009510040283203
2025-09-22 20:00:00+01:00,2.0095200538635254,2.013849973678589,2.0087900161743164,2.0107901096343994
2025-09-23 00:00:00+01:00,2.0100300312042236,2.017509937286377,2.0099399089813232,2.0154600143432617
2025-09-23 04:00:00+01:00,2.0154600143432617,2.01774001121521,2.0134899616241455,2.013890027999878
2025-09-23 08:00:00+01:00,2.013730049133301,2.0174100399017334,2.0100300312042236,2.0102899074554443
2025-09-23 12:00:00+01:00,2.010499954223633,2.015209913253784,2.009690046310425,2.013050079345703
2025-09-23 16:00:00+01:00,2.0129098892211914,2.017709970474243,2.012269973754883,2.0171000957489014
2025-09-23 20:00:00+01:00,2.0169999599456787,2.0188300609588623,2.014899969100952,2.016160011291504
2025-09-24 00:00:00+01:00,2.0164899826049805,2.0177900791168213,2.0112199783325195,2.012700080871582
2025-09-24 04:00:00+01:00,2.012550115585327,2.0154099464416504,2.0117499828338623,2.0147199630737305
2025-09-24 08:00:00+01:00,2.0146799087524414,2.015500068664551,2.0118300914764404,2.012510061264038
2025-09-24 12:00:00+01:00,2.012399911880493,2.0199499130249023,2.0121700763702393,2.018389940261841
2025-09-24 16:00:00+01:00,2.01842999458313,2.020390033721924,2.0176498889923096,2.0196900367736816
2025-09-24 20:00:00+01:00,2.0195600986480713,2.0210800170898438,2.008080005645752,2.0191099643707275
2025-09-25 00:00:00+01:00,2.018699884414673,2.021790027618408,2.0175399780273438,2.0179200172424316
2025-09-25 04:00:00+01:00,2.0179100036621094,2.0189099311828613,2.0159499645233154,2.0178298950195312
2025-09-25 08:00:00+01:00,2.0178000926971436,2.0197598934173584,2.014039993286133,2.0189900398254395
2025-09-25 12:00:00+01:00,2.018929958343506,2.02485990524292,2.0167698860168457,2.0204100608825684
2025-09-25 16:00:00+01:00,2.0204100608825684,2.02308988571167,2.020240068435669,2.021660089492798
2025-09-25 20:00:00+01:00,2.021620035171509,2.023400068283081,2.0175700187683105,2.023250102996826
2025-09-26 00:00:00+01:00,2.0233099460601807,2.025589942932129,2.0223300457000732,2.0244998931884766
2025-09-26 04:00:00+01:00,2.0244300365448,2.0253000259399414,2.0233099460601807,2.024290084838867
2025-09-26 08:00:00+01:00,2.0242300033569336,2.0280299186706543,2.0241599082946777,2.025320053100586
2025-09-26 12:00:00+01:00,2.025369882583618,2.0283899307250977,2.024519920349121,2.0266599655151367
2025-09-26 16:00:00+01:00,2.0266599655151367,2.0273499488830566,2.024980068206787,2.026740074157715
2025-09-26 20:00:00+01:00,2.0266799926757812,2.0269899368286133,2.024440050125122,2.0268499851226807
2025-09-29 00:00:00+01:00,2.0269200801849365,2.0302000045776367,2.02551007270813,2.026669979095459
2025-09-29 04:00:00+01:00,2.026550054550171,2.0284299850463867,2.023930072784424,2.0250399112701416
2025-09-29 08:00:00+01:00,2.0251400470733643,2.0264101028442383,2.022010087966919,2.026099920272827
2025-09-29 12:00:00+01:00,2.0259599685668945,2.0310099124908447,2.0248000621795654,2.027400016784668
2025-09-29 16:00:00+01:00,2.0274200439453125,2.028909921646118,2.0261199474334717,2.028470039367676
2025-09-29 20:00:00+01:00,2.0283799171447754,2.0301098823547363,2.0251500606536865,2.029680013656616
2025-09-30 00:00:00+01:00,2.0296599864959717,2.0299999713897705,2.024009943008423,2.024359941482544
2025-09-30 04:00:00+01:00,2.0243000984191895,2.028510093688965,2.0220301151275635,2.0247199535369873
2025-09-30 08:00:00+01:00,2.024630069732666,2.0285398960113525,2.0229198932647705,2.0270800590515137
2025-09-30 12:00:00+01:00,2.0271999835968018,2.0276401042938232,2.0201799869537354,2.023390054702759
2025-09-30 16:00:00+01:00,2.0232200622558594,2.027129888534546,2.0222699642181396,2.0248000621795654
2025-09-30 20:00:00+01:00,2.0250000953674316,2.0259900093078613,2.017709970474243,2.024519920349121
2025-10-01 00:00:00+01:00,2.0236101150512695,2.028369903564453,2.0234498977661133,2.026520013809204
2025-10-01 04:00:00+01:00,2.0266199111938477,2.0279200077056885,2.024060010910034,2.0258901119232178
2025-10-01 08:00:00+01:00,2.025789976119995,2.027009963989258,2.017359972000122,2.0183699131011963
2025-10-01 12:00:00+01:00,2.018249988555908,2.0197200775146484,2.0159099102020264,2.018739938735962
2025-10-01 16:00:00+01:00,2.0187599658966064,2.0192999839782715,2.0152299404144287,2.017169952392578
2025-10-01 20:00:00+01:00,2.0171101093292236,2.020699977874756,2.0151000022888184,2.0167200565338135
2025-10-02 00:00:00+01:00,2.016779899597168,2.0174999237060547,2.0110199451446533,2.0132999420166016
2025-10-02 04:00:00+01:00,2.0129799842834473,2.0144999027252197,2.010270118713379,2.0114998817443848
2025-10-02 08:00:00+01:00,2.0116701126098633,2.0153799057006836,2.0106899738311768,2.0149199962615967
2025-10-02 12:00:00+01:00,2.0148398876190186,2.018120050430298,2.014120101928711,2.016400098800659
2025-10-02 16:00:00+01:00,2.0162899494171143,2.016510009765625,2.0115699768066406,2.013619899749756
2025-10-02 20:00:00+01:00,2.0137898921966553,2.0150299072265625,2.0118699073791504,2.014580011367798
2025-10-03 00:00:00+01:00,2.0140199661254883,2.015399932861328,2.012739896774292,2.014580011367798
2025-10-03 04:00:00+01:00,2.014580011367798,2.0157599449157715,2.0116000175476074,2.0136899948120117
2025-10-03 08:00:00+01:00,2.0138800144195557,2.014280080795288,2.011090040206909,2.011850118637085
2025-10-03 12:00:00+01:00,2.011850118637085,2.016129970550537,2.0099499225616455,2.0142500400543213
2025-10-03 16:00:00+01:00,2.01419997215271,2.014770030975342,2.011229991912842,2.0125999450683594
2025-10-03 20:00:00+01:00,2.0126099586486816,2.0134100914001465,2.0112500190734863,2.013010025024414
2025-10-06 00:00:00+01:00,2.0136001110076904,2.013780117034912,2.0083301067352295,2.0089800357818604
2025-10-06 04:00:00+01:00,2.009010076522827,2.0104799270629883,2.003890037536621,2.0041399002075195
2025-10-06 08:00:00+01:00,2.0039100646972656,2.0067200660705566,1.9996099472045898,2.0051701068878174
2025-10-06 12:00:00+01:00,2.0053598880767822,2.0069799423217773,2.002350091934204,2.006809949874878
2025-10-06 16:00:00+01:00,2.0065999031066895,2.007009983062744,2.0040600299835205,2.0050699710845947
2025-10-06 20:00:00+01:00,2.0050699710845947,2.0073800086975098,2.002690076828003,2.0053000450134277
2025-10-07 00:00:00+01:00,2.005199909210205,2.0092599391937256,2.003690004348755,2.0058000087738037
2025-10-07 04:00:00+01:00,2.005419969558716,2.0102200508117676,2.004879951477051,2.0088400840759277
2025-10-07 08:00:00+01:00,2.0087599754333496,2.011199951171875,2.006230115890503,2.009049892425537
2025-10-07 12:00:00+01:00,2.008690118789673,2.009550094604492,2.0053799152374268,2.0079100131988525
2025-10-07 16:00:00+01:00,2.0083000659942627,2.011539936065674,2.0077199935913086,2.0100200176239014
2025-10-07 20:00:00+01:00,2.0098800659179688,2.010930061340332,2.007730007171631,2.0098400115966797
2025-10-08 00:00:00+01:00,2.009239912033081,2.0266799926757812,2.0078299045562744,2.022170066833496
2025-10-08 04:00:00+01:00,2.0221199989318848,2.024139881134033,2.020699977874756,2.022969961166382
2025-10-08 08:00:00+01:00,2.0230600833892822,2.0233099460601807,2.0134499073028564,2.014709949493408
2025-10-08 12:00:00+01:00,2.0147600173950195,2.014930009841919,2.0093400478363037,2.0095698833465576
2025-10-08 16:00:00+01:00,2.009429931640625,2.0112199783325195,2.0077900886535645,2.0100600719451904
2025-10-08 20:00:00+01:00,2.0100600719451904,2.0109200477600098,2.007309913635254,2.009819984436035
2025-10-09 00:00:00+01:00,2.0097899436950684,2.011229991912842,2.005460023880005,2.0057199001312256
2025-10-09 04:00:00+01:00,2.0056700706481934,2.014620065689087,2.0050299167633057,2.013240098953247
2025-10-09 08:00:00+01:00,2.0131099224090576,2.014280080795288,2.0093300342559814,2.010050058364868
2025-10-09 12:00:00+01:00,2.0101399421691895,2.014810085296631,2.0068600177764893,2.01350998878479
2025-10-09 16:00:00+01:00,2.0135600566864014,2.014130115509033,2.0104000568389893,2.012120008468628
2025-10-09 20:00:00+01:00,2.012120008468628,2.013230085372925,2.00639009475708,2.0117199420928955
2025-10-10 00:00:00+01:00,2.011929988861084,2.012969970703125,2.00927996635437,2.010420083999634
2025-10-10 04:00:00+01:00,2.0104401111602783,2.0144400596618652,2.0095300674438477,2.0127298831939697
2025-10-10 08:00:00+01:00,2.0126399993896484,2.0146400928497314,2.010849952697754,2.012850046157837
2025-10-10 12:00:00+01:00,2.012860059738159,2.017549991607666,2.0101699829101562,2.0172600746154785
2025-10-10 16:00:00+01:00,2.0170700550079346,2.0305399894714355,2.016940116882324,2.0283401012420654
2025-10-10 20:00:00+01:00,2.028369903564453,2.032360076904297,2.0265800952911377,2.0299899578094482
2025-10-13 00:00:00+01:00,2.0236101150512695,2.0274100303649902,2.021749973297119,2.024549961090088
2025-10-13 04:00:00+01:00,2.0243499279022217,2.026870012283325,2.023169994354248,2.0255000591278076
2025-10-13 08:00:00+01:00,2.0254099369049072,2.025749921798706,2.0207700729370117,2.0210800170898438
2025-10-13 12:00:00+01:00,2.0211799144744873,2.0235800743103027,2.018510103225708,2.0191900730133057
2025-10-13 16:00:00+01:00,2.019049882888794,2.0199999809265137,2.0175299644470215,2.0190200805664062
2025-10-13 20:00:00+01:00,2.019010066986084,2.0213000774383545,2.018320083618164,2.0199100971221924
2025-10-14 00:00:00+01:00,2.01993989944458,2.024209976196289,2.018660068511963,2.0241000652313232
2025-10-14 04:00:00+01:00,2.0238499641418457,2.034940004348755,2.0231199264526367,2.0316200256347656
2025-10-14 08:00:00+01:00,2.031519889831543,2.0333900451660156,2.0283401012420654,2.031440019607544
2025-10-14 12:00:00+01:00,2.0312700271606445,2.0332601070404053,2.028090000152588,2.0297000408172607
2025-10-14 16:00:00+01:00,2.0294198989868164,2.0314300060272217,2.0276999473571777,2.029829978942871
2025-10-14 20:00:00+01:00,2.0296599864959717,2.033060073852539,2.028130054473877,2.0302999019622803
2025-10-15 00:00:00+01:00,2.0304598808288574,2.0341999530792236,2.02878999710083,2.03164005279541
2025-10-15 04:00:00+01:00,2.0320401191711426,2.0327999591827393,2.0295400619506836,2.031059980392456
2025-10-15 08:00:00+01:00,2.030129909515381,2.0333499908447266,2.0287299156188965,2.0290000438690186
2025-10-15 12:00:00+01:00,2.0288500785827637,2.0338799953460693,2.028510093688965,2.030940055847168
2025-10-15 16:00:00+01:00,2.030940055847168,2.0386900901794434,2.0301499366760254,2.034559965133667
2025-10-15 20:00:00+01:00,2.034450054168701,2.036590099334717,2.0312399864196777,2.0355300903320312
2025-10-16 00:00:00+01:00,2.0355401039123535,2.0397000312805176,2.027679920196533,2.0296599864959717
2025-10-16 04:00:00+01:00,2.0295701026916504,2.0317699909210205,2.027750015258789,2.029370069503784
2025-10-16 08:00:00+01:00,2.029370069503784,2.0332400798797607,2.02810001373291,2.0312700271606445
2025-10-16 12:00:00+01:00,2.030980110168457,2.037209987640381,2.0297300815582275,2.0342800617218018
2025-10-16 16:00:00+01:00,2.034019947052002,2.043220043182373,2.0339200496673584,2.0412800312042236
2025-10-16 20:00:00+01:00,2.041330099105835,2.0435099601745605,2.0388998985290527,2.04229998588562
2025-10-17 00:00:00+01:00,2.0419199466705322,2.0460801124572754,2.041100025177002,2.045370101928711
2025-10-17 04:00:00+01:00,2.0452399253845215,2.0459399223327637,2.0411500930786133,2.04256010055542
2025-10-17 08:00:00+01:00,2.0423200130462646,2.0485000610351562,2.0386199951171875,2.0390899181365967
2025-10-17 12:00:00+01:00,2.0390899181365967,2.0437300205230713,2.034600019454956,2.040410041809082
2025-10-17 16:00:00+01:00,2.0403599739074707,2.0416600704193115,2.0342400074005127,2.0349199771881104
2025-10-17 20:00:00+01:00,2.0350000858306885,2.0356099605560303,2.0323901176452637,2.0341598987579346
2025-10-20 00:00:00+01:00,2.0323100090026855,2.035360097885132,2.0308001041412354,2.0332601070404053
2025-10-20 04:00:00+01:00,2.033329963684082,2.0350699424743652,2.032089948654175,2.0331499576568604
2025-10-20 08:00:00+01:00,2.033050060272217,2.0351200103759766,2.0314199924468994,2.0341598987579346
2025-10-20 12:00:00+01:00,2.03410005569458,2.035130023956299,2.0280001163482666,2.029010057449341
2025-10-20 16:00:00+01:00,2.02905011177063,2.0294599533081055,2.025059938430786,2.0266799926757812
2025-10-20 20:00:00+01:00,2.026779890060425,2.028749942779541,2.0244998931884766,2.025700092315674
2025-10-21 00:00:00+01:00,2.0261600017547607,2.0297698974609375,2.0255401134490967,2.0292000770568848
2025-10-21 04:00:00+01:00,2.0292000770568848,2.033400058746338,2.0281600952148438,2.032399892807007
2025-10-21 08:00:00+01:00,2.032249927520752,2.035130023956299,2.0302700996398926,2.032089948654175
2025-10-21 12:00:00+01:00,2.0322000980377197,2.0322000980377197,2.021620035171509,2.022979974746704
2025-10-21 16:00:00+01:00,2.02278995513916,2.023099899291992,2.01924991607666,2.0204200744628906
2025-10-21 20:00:00+01:00,2.020319938659668,2.0223400592803955,2.0187299251556396,2.020129919052124
2025-10-22 00:00:00+01:00,2.0202999114990234,2.0218000411987305,2.0183000564575195,2.0197300910949707
2025-10-22 04:00:00+01:00,2.0195798873901367,2.0201900005340576,2.014580011367798,2.016040086746216
2025-10-22 08:00:00+01:00,2.0158700942993164,2.018549919128418,2.0158300399780273,2.0183000564575195
2025-10-22 12:00:00+01:00,2.018160104751587,2.0219600200653076,2.0161800384521484,2.0218100547790527
2025-10-22 16:00:00+01:00,2.0218698978424072,2.025520086288452,2.0184500217437744,2.0235700607299805
2025-10-22 20:00:00+01:00,2.0235300064086914,2.0238099098205566,2.020829916000366,2.023439884185791
2025-10-23 00:00:00+01:00,2.0231800079345703,2.024009943008423,2.0201900005340576,2.0232601165771484
2025-10-23 04:00:00+01:00,2.0231900215148926,2.0250799655914307,2.0189900398254395,2.019850015640259
2025-10-23 08:00:00+01:00,2.019670009613037,2.0197999477386475,2.01596999168396,2.0178799629211426
2025-10-23 12:00:00+01:00,2.017630100250244,2.021009922027588,2.017129898071289,2.0187199115753174
2025-10-23 16:00:00+01:00,2.0192699432373047,2.020509958267212,2.0170600414276123,2.019010066986084
2025-10-23 20:00:00+01:00,2.019059896469116,2.020050048828125,2.0181899070739746,2.0191099643707275
2025-10-24 00:00:00+01:00,2.0195300579071045,2.020469903945923,2.017129898071289,2.020359992980957
2025-10-24 04:00:00+01:00,2.020169973373413,2.020400047302246,2.017359972000122,2.0179200172424316
2025-10-24 08:00:00+01:00,2.0178799629211426,2.022830009460449,2.016170024871826,2.022320032119751
2025-10-24 12:00:00+01:00,2.0223300457000732,2.0258901119232178,2.014090061187744,2.025700092315674
2025-10-24 16:00:00+01:00,2.025470018386841,2.0259299278259277,2.0221500396728516,2.0229101181030273
2025-10-24 20:00:00+01:00,2.0230300426483154,2.0237200260162354,2.020479917526245,2.0223801136016846
2025-10-27 00:00:00+00:00,2.018850088119507,2.020519971847534,2.0167698860168457,2.0197699069976807
2025-10-27 04:00:00+00:00,2.019670009613037,2.0201199054718018,2.015130043029785,2.0198099613189697
2025-10-27 08:00:00+00:00,2.018939971923828,2.020709991455078,2.0171399116516113,2.019619941711426
2025-10-27 12:00:00+00:00,2.0195999145507812,2.021699905395508,2.0174899101257324,2.0195999145507812
2025-10-27 16:00:00+00:00,2.0195200443267822,2.0196399688720703,2.0175600051879883,2.0188400745391846
2025-10-27 20:00:00+00:00,2.018980026245117,2.018980026245117,2.0160000324249268,2.017509937286377
2025-10-28 00:00:00+00:00,2.0174999237060547,2.0195701122283936,2.0162599086761475,2.0179200172424316
2025-10-28 04:00:00+00:00,2.0180399417877197,2.021250009536743,2.0165600776672363,2.0201499462127686
2025-10-28 08:00:00+00:00,2.020169973373413,2.022739887237549,2.0183300971984863,2.019969940185547
2025-10-28 12:00:00+00:00,2.0197598934173584,2.020400047302246,2.0144100189208984,2.0169599056243896
2025-10-28 16:00:00+00:00,2.0169599056243896,2.0177299976348877,2.0144100189208984,2.015399932861328
2025-10-28 20:00:00+00:00,2.0152499675750732,2.016590118408203,2.0132899284362793,2.015749931335449
2025-10-29 00:00:00+00:00,2.0154199600219727,2.017659902572632,2.01131010055542,2.0117599964141846
2025-10-29 04:00:00+00:00,2.0114500522613525,2.0128800868988037,2.0070300102233887,2.0095601081848145
2025-10-29 08:00:00+00:00,2.0098299980163574,2.0138099193573,2.0089499950408936,2.013319969177246
2025-10-29 12:00:00+00:00,2.013010025024414,2.014940023422241,2.0083000659942627,2.011770009994507
2025-10-29 16:00:00+00:00,2.0118000507354736,2.0155699253082275,2.00927996635437,2.0126700401306152
2025-10-29 20:00:00+00:00,2.0125699043273926,2.0145199298858643,2.0114400386810303,2.013000011444092
2025-10-30 00:00:00+00:00,2.0128800868988037,2.013050079345703,2.0093300342559814,2.0104401111602783
2025-10-30 04:00:00+00:00,2.0104498863220215,2.0142300128936768,2.008539915084839,2.0112099647521973
2025-10-30 08:00:00+00:00,2.0112099647521973,2.0165700912475586,2.0106899738311768,2.0165200233459473
2025-10-30 12:00:00+00:00,2.016079902648926,2.0195600986480713,2.011770009994507,2.012619972229004
2025-10-30 16:00:00+00:00,2.0123000144958496,2.015899896621704,2.0119099617004395,2.015470027923584
2025-10-30 20:00:00+00:00,2.0155599117279053,2.0157999992370605,2.012589931488037,2.0144999027252197
2025-10-31 00:00:00+00:00,2.014240026473999,2.019700050354004,2.0140199661254883,2.0180699825286865
2025-10-31 04:00:00+00:00,2.0180599689483643,2.0223400592803955,2.017270088195801,2.021389961242676
2025-10-31 08:00:00+00:00,2.021389961242676,2.023210048675537,2.020090103149414,2.0205399990081787
2025-10-31 12:00:00+00:00,2.0205600261688232,2.021820068359375,2.0109798908233643,2.015120029449463
2025-10-31 16:00:00+00:00,2.014930009841919,2.0167601108551025,2.013050079345703,2.0139100551605225
2025-10-31 20:00:00+00:00,2.0140199661254883,2.0154199600219727,2.0131499767303467,2.0154199600219727
2025-11-03 00:00:00+00:00,2.013849973678589,2.0174999237060547,2.013849973678589,2.0148699283599854
2025-11-03 04:00:00+00:00,2.0150399208068848,2.0165300369262695,2.0129001140594482,2.0159800052642822
2025-11-03 08:00:00+00:00,2.015860080718994,2.0161099433898926,2.011780023574829,2.0136799812316895
2025-11-03 12:00:00+00:00,2.0136799812316895,2.0218899250030518,2.0134201049804688,2.0213100910186768
2025-11-03 16:00:00+00:00,2.021169900894165,2.0217700004577637,2.0166800022125244,2.017580032348633
2025-11-03 20:00:00+00:00,2.01747989654541,2.019279956817627,2.0160000324249268,2.0184199810028076
2025-11-04 00:00:00+00:00,2.01842999458313,2.0234498977661133,2.0178399085998535,2.0214600563049316
2025-11-04 04:00:00+00:00,2.021509885787964,2.030440092086792,2.020550012588501,2.0271100997924805
2025-11-04 08:00:00+00:00,2.0271899700164795,2.032550096511841,2.0256199836730957,2.0293500423431396
2025-11-04 12:00:00+00:00,2.029370069503784,2.030829906463623,2.025480031967163,2.0277199745178223
2025-11-04 16:00:00+00:00,2.027479887008667,2.0325100421905518,2.0268499851226807,2.031670093536377
2025-11-04 20:00:00+00:00,2.0308899879455566,2.0372300148010254,2.024709939956665,2.035550117492676
2025-11-05 00:00:00+00:00,2.035520076751709,2.0401699542999268,2.030679941177368,2.031369924545288
2025-11-05 04:00:00+00:00,2.0317699909210205,2.0335099697113037,2.0292201042175293,2.0324699878692627
2025-11-05 08:00:00+00:00,2.03233003616333,2.0373198986053467,2.0303800106048584,2.0362699031829834
2025-11-05 12:00:00+00:00,2.0362699031829834,2.0371100902557373,2.029670000076294,2.029949903488159
2025-11-05 16:00:00+00:00,2.029949903488159,2.0309200286865234,2.0264599323272705,2.029210090637207
2025-11-05 20:00:00+00:00,2.0292301177978516,2.03125,2.0276401042938232,2.028630018234253
2025-11-06 00:00:00+00:00,2.028599977493286,2.0339200496673584,2.0279901027679443,2.031820058822632
2025-11-06 04:00:00+00:00,2.031909942626953,2.0347299575805664,2.0294599533081055,2.0335400104522705
2025-11-06 08:00:00+00:00,2.0332798957824707,2.036139965057373,2.0325698852539062,2.0355100631713867
2025-11-06 12:00:00+00:00,2.0354599952697754,2.049959897994995,2.0343101024627686,2.0493099689483643
2025-11-06 16:00:00+00:00,2.049149990081787,2.0506300926208496,2.0464999675750732,2.0477800369262695
2025-11-06 20:00:00+00:00,2.0477800369262695,2.0502099990844727,2.0463099479675293,2.0480000972747803
2025-11-07 00:00:00+00:00,2.048110008239746,2.053100109100342,2.0468599796295166,2.052870035171509
2025-11-07 04:00:00+00:00,2.0528299808502197,2.0571000576019287,2.0510001182556152,2.0563600063323975
2025-11-07 08:00:00+00:00,2.0567500591278076,2.058500051498413,2.051100015640259,2.056030035018921
2025-11-07 12:00:00+00:00,2.055910110473633,2.06400990486145,2.0542500019073486,2.0612599849700928
2025-11-07 16:00:00+00:00,2.061350107192993,2.0628299713134766,2.052839994430542,2.0542800426483154
2025-11-07 20:00:00+00:00,2.0542800426483154,2.0556299686431885,2.052449941635132,2.055569887161255
2025-11-10 00:00:00+00:00,2.0514800548553467,2.054759979248047,2.0504300594329834,2.053489923477173
2025-11-10 04:00:00+00:00,2.053529977798462,2.053570032119751,2.050110101699829,2.052639961242676
2025-11-10 08:00:00+00:00,2.052639961242676,2.0528900623321533,2.046950101852417,2.049410104751587
2025-11-10 12:00:00+00:00,2.0494399070739746,2.0523900985717773,2.0490899085998535,2.0510001182556152
2025-11-10 16:00:00+00:00,2.050800085067749,2.0517799854278564,2.0463900566101074,2.047990083694458
2025-11-10 20:00:00+00:00,2.0478999614715576,2.049410104751587,2.0436599254608154,2.0478498935699463
2025-11-11 00:00:00+00:00,2.0475399494171143,2.050139904022217,2.045259952545166,2.047410011291504
2025-11-11 04:00:00+00:00,2.0471999645233154,2.052000045776367,2.0464000701904297,2.0500900745391846
2025-11-11 08:00:00+00:00,2.050029993057251,2.0508999824523926,2.046649932861328,2.049139976501465
2025-11-11 12:00:00+00:00,2.049030065536499,2.0517001152038574,2.0461299419403076,2.0513100624084473
2025-11-11 16:00:00+00:00,2.051259994506836,2.0513699054718018,2.047100067138672,2.0476601123809814
2025-11-11 20:00:00+00:00,2.0475499629974365,2.050220012664795,2.0469799041748047,2.048180103302002
2025-11-12 00:00:00+00:00,2.0481300354003906,2.049180030822754,2.045109987258911,2.048259973526001
2025-11-12 04:00:00+00:00,2.0482499599456787,2.0495400428771973,2.0464000701904297,2.0472700595855713
2025-11-12 08:00:00+00:00,2.0474700927734375,2.0494699478149414,2.0446300506591797,2.046370029449463
2025-11-12 12:00:00+00:00,2.046220064163208,2.0488200187683105,2.042530059814453,2.047990083694458
2025-11-12 16:00:00+00:00,2.047800064086914,2.0485100746154785,2.0436699390411377,2.0451200008392334
2025-11-12 20:00:00+00:00,2.044919967651367,2.0475900173187256,2.040869951248169,2.0472099781036377
2025-11-13 00:00:00+00:00,2.047070026397705,2.0504798889160156,2.044600009918213,2.048949956893921
2025-11-13 04:00:00+00:00,2.0486600399017334,2.0553200244903564,2.0462698936462402,2.0481700897216797
2025-11-13 08:00:00+00:00,2.0476601123809814,2.049109935760498,2.044290065765381,2.0482699871063232
2025-11-13 12:00:00+00:00,2.0481700897216797,2.054450035095215,2.047990083694458,2.0515999794006348
2025-11-13 16:00:00+00:00,2.051340103149414,2.059760093688965,2.050100088119507,2.0572500228881836
2025-11-13 20:00:00+00:00,2.0570099353790283,2.060349941253662,2.0514299869537354,2.058459997177124
2025-11-14 00:00:00+00:00,2.058150053024292,2.0595200061798096,2.045180082321167,2.0466699600219727
2025-11-14 04:00:00+00:00,2.0464699268341064,2.0515799522399902,2.0457301139831543,2.0495100021362305
2025-11-14 08:00:00+00:00,2.049489974975586,2.0510199069976807,2.044950008392334,2.0462400913238525
2025-11-14 12:00:00+00:00,2.0463099479675293,2.0501599311828613,2.0405399799346924,2.042759895324707
2025-11-14 16:00:00+00:00,2.042759895324707,2.0467400550842285,2.0410499572753906,2.045639991760254
2025-11-14 20:00:00+00:00,2.045650005340576,2.047149896621704,2.044059991836548,2.044909954071045
2025-11-17 00:00:00+00:00,2.045989990234375,2.0500800609588623,2.0454699993133545,2.0483100414276123
2025-11-17 04:00:00+00:00,2.0482399463653564,2.0482699871063232,2.0413498878479004,2.0416300296783447
2025-11-17 08:00:00+00:00,2.0418200492858887,2.048520088195801,2.040760040283203,2.046380043029785
2025-11-17 12:00:00+00:00,2.0463099479675293,2.0483999252319336,2.04407000541687,2.044719934463501
2025-11-17 16:00:00+00:00,2.044719934463501,2.050689935684204,2.0430099964141846,2.049870014190674
2025-11-17 20:00:00+00:00,2.049959897994995,2.0510599613189697,2.0463199615478516,2.049730062484741
2025-11-18 00:00:00+00:00,2.049760103225708,2.0521299839019775,2.0480198860168457,2.0516200065612793
2025-11-18 04:00:00+00:00,2.051769971847534,2.05610990524292,2.047719955444336,2.0482399463653564
2025-11-18 08:00:00+00:00,2.0481700897216797,2.048949956893921,2.0427401065826416,2.0445399284362793
2025-11-18 12:00:00+00:00,2.04436993598938,2.0524001121520996,2.04325008392334,2.04830002784729
2025-11-18 16:00:00+00:00,2.0484800338745117,2.050869941711426,2.0427401065826416,2.044689893722534
2025-11-18 20:00:00+00:00,2.0448999404907227,2.047800064086914,2.0440800189971924,2.0463199615478516
2025-11-19 00:00:00+00:00,2.0460801124572754,2.0569798946380615,2.045759916305542,2.056570053100586
2025-11-19 04:00:00+00:00,2.056649923324585,2.0579700469970703,2.0525400638580322,2.0538299083709717
2025-11-19 08:00:00+00:00,2.0538299083709717,2.058459997177124,2.052870035171509,2.0573201179504395
2025-11-19 12:00:00+00:00,2.056960105895996,2.0603699684143066,2.05391001701355,2.0593600273132324
2025-11-19 16:00:00+00:00,2.059340000152588,2.0620501041412354,2.058300018310547,2.0597400665283203
2025-11-19 20:00:00+00:00,2.059770107269287,2.0600500106811523,2.054650068283081,2.055340051651001
2025-11-20 00:00:00+00:00,2.055030107498169,2.0580899715423584,2.0521199703216553,2.0532400608062744
2025-11-20 04:00:00+00:00,2.053309917449951,2.055039882659912,2.051609992980957,2.054539918899536
2025-11-20 08:00:00+00:00,2.053950071334839,2.0552799701690674,2.0506200790405273,2.051379919052124
2025-11-20 12:00:00+00:00,2.051270008087158,2.053189992904663,2.0470099449157715,2.052989959716797
2025-11-20 16:00:00+00:00,2.052910089492798,2.064189910888672,2.0526299476623535,2.0603599548339844
2025-11-20 20:00:00+00:00,2.060379981994629,2.065040111541748,2.0588600635528564,2.062999963760376
2025-11-21 00:00:00+00:00,2.0628199577331543,2.063889980316162,2.0604898929595947,2.0622799396514893
2025-11-21 04:00:00+00:00,2.062390089035034,2.0639400482177734,2.0589799880981445,2.061919927597046
2025-11-21 08:00:00+00:00,2.0618999004364014,2.063110113143921,2.057080030441284,2.0581300258636475
2025-11-21 12:00:00+00:00,2.058109998703003,2.059730052947998,2.053719997406006,2.0559000968933105
2025-11-21 16:00:00+00:00,2.056040048599243,2.056580066680908,2.0493900775909424,2.051259994506836
2025-11-21 20:00:00+00:00,2.0512399673461914,2.0525999069213867,2.049499988555908,2.050950050354004
2025-11-24 00:00:00+00:00,2.0502400398254395,2.0539300441741943,2.049999952316284,2.053920030593872
2025-11-24 04:00:00+00:00,2.0538299083709717,2.0570499897003174,2.0524799823760986,2.05403995513916
2025-11-24 08:00:00+00:00,2.053950071334839,2.0598599910736084,2.053529977798462,2.057610034942627
2025-11-24 12:00:00+00:00,2.057270050048828,2.059309959411621,2.0539801120758057,2.0550899505615234
2025-11-24 16:00:00+00:00,2.05499005317688,2.05538010597229,2.052500009536743,2.054569959640503
2025-11-24 20:00:00+00:00,2.0547099113464355,2.0548899173736572,2.051229953765869,2.0521600246429443
2025-11-25 00:00:00+00:00,2.052639961242676,2.057689905166626,2.0498600006103516,2.055419921875
2025-11-25 04:00:00+00:00,2.0551600456237793,2.0591800212860107,2.0530900955200195,2.058069944381714
2025-11-25 08:00:00+00:00,2.057889938354492,2.061569929122925,2.0562798976898193,2.060159921646118
2025-11-25 12:00:00+00:00,2.0599300861358643,2.0678999423980713,2.0578200817108154,2.061530113220215
2025-11-25 16:00:00+00:00,2.061389923095703,2.062619924545288,2.057379961013794,2.0591800212860107
2025-11-25 20:00:00+00:00,2.0591299533843994,2.059659957885742,2.0555999279022217,2.0560600757598877
2025-11-26 00:00:00+00:00,2.0558600425720215,2.056849956512451,2.033179998397827,2.0365700721740723
2025-11-26 04:00:00+00:00,2.036289930343628,2.041069984436035,2.0347399711608887,2.0392000675201416
2025-11-26 08:00:00+00:00,2.0389699935913086,2.0418701171875,2.0368499755859375,2.040980100631714
2025-11-26 12:00:00+00:00,2.040600061416626,2.04325008392334,2.034869909286499,2.03695011138916
2025-11-26 16:00:00+00:00,2.03695011138916,2.038180112838745,2.034630060195923,2.0359699726104736
2025-11-26 20:00:00+00:00,2.035979986190796,2.037019968032837,2.031409978866577,2.0331499576568604
2025-11-27 00:00:00+00:00,2.0336999893188477,2.033869981765747,2.0251200199127197,2.0255401134490967
2025-11-27 04:00:00+00:00,2.0255300998687744,2.028559923171997,2.023900032043457,2.0247600078582764
2025-11-27 08:00:00+00:00,2.0248100757598877,2.0294299125671387,2.024399995803833,2.0269699096679688
2025-11-27 12:00:00+00:00,2.026750087738037,2.028320074081421,2.0234498977661133,2.0243499279022217
2025-11-27 16:00:00+00:00,2.024169921875,2.026740074157715,2.02347993850708,2.026400089263916
2025-11-27 20:00:00+00:00,2.026400089263916,2.0269699096679688,2.0227999687194824,2.0243101119995117
2025-11-28 00:00:00+00:00,2.024480104446411,2.025979995727539,2.0218698978424072,2.0251801013946533
2025-11-28 04:00:00+00:00,2.0253000259399414,2.027750015258789,2.0236899852752686,2.0273499488830566
2025-11-28 08:00:00+00:00,2.0274100303649902,2.0278799533843994,2.0227599143981934,2.0269598960876465
2025-11-28 12:00:00+00:00,2.026060104370117,2.0274600982666016,2.0200300216674805,2.022020101547241
2025-11-28 16:00:00+00:00,2.0219900608062744,2.0234999656677246,2.0205600261688232,2.0222299098968506
2025-11-28 20:00:00+00:00,2.0222299098968506,2.0230300426483154,2.0200600624084473,2.0220799446105957
2025-12-01 00:00:00+00:00,2.0220398902893066,2.0250699520111084,2.0207300186157227,2.021509885787964
2025-12-01 04:00:00+00:00,2.0214200019836426,2.025739908218384,2.020940065383911,2.023240089416504
2025-12-01 08:00:00+00:00,2.0232999324798584,2.0290699005126953,2.022939920425415,2.0266599655151367
2025-12-01 12:00:00+00:00,2.0267300605773926,2.028140068054199,2.0232601165771484,2.025239944458008
2025-12-01 16:00:00+00:00,2.025239944458008,2.0276899337768555,2.0245699882507324,2.0270700454711914
2025-12-01 20:00:00+00:00,2.0267999172210693,2.0277700424194336,2.025480031967163,2.0271899700164795
2025-12-02 00:00:00+00:00,2.0271499156951904,2.029510021209717,2.0263099670410156,2.0278398990631104
2025-12-02 04:00:00+00:00,2.027820110321045,2.028179883956909,2.0255300998687744,2.0263900756835938
2025-12-02 08:00:00+00:00,2.0262300968170166,2.031680107116699,2.025700092315674,2.031409978866577
2025-12-02 12:00:00+00:00,2.031359910964966,2.0314600467681885,2.020169973373413,2.0217599868774414
2025-12-02 16:00:00+00:00,2.021749973297119,2.02728009223938,2.021389961242676,2.0262699127197266
2025-12-02 20:00:00+00:00,2.0262200832366943,2.0270400047302246,2.0242199897766113,2.0254299640655518
2025-12-03 00:00:00+00:00,2.025330066680908,2.0280001163482666,2.0223801136016846,2.0241799354553223
2025-12-03 04:00:00+00:00,2.0242600440979004,2.0269100666046143,2.022469997406006,2.026240110397339
2025-12-03 08:00:00+00:00,2.026129961013794,2.0292201042175293,2.02554988861084,2.0284600257873535
2025-12-03 12:00:00+00:00,2.0281999111175537,2.0338900089263916,2.021470069885254,2.0231900215148926
2025-12-03 16:00:00+00:00,2.0231900215148926,2.0236499309539795,2.020279884338379,2.020900011062622
2025-12-03 20:00:00+00:00,2.020699977874756,2.02236008644104,2.018749952316284,2.0206398963928223
2025-12-04 00:00:00+00:00,2.0206100940704346,2.0230400562286377,2.0185999870300293,2.0204501152038574
2025-12-04 04:00:00+00:00,2.0208399295806885,2.0213398933410645,2.018899917602539,2.0204598903656006
2025-12-04 08:00:00+00:00,2.020400047302246,2.0244300365448,2.018709897994995,2.023900032043457
2025-12-04 12:00:00+00:00,2.0237600803375244,2.024480104446411,2.0195798873901367,2.0212299823760986
2025-12-04 16:00:00+00:00,2.0210700035095215,2.0222699642181396,2.018079996109009,2.019969940185547
2025-12-04 20:00:00+00:00,2.0198299884796143,2.021739959716797,2.017390012741089,2.021559953689575
2025-12-05 00:00:00+00:00,2.0213000774383545,2.021939992904663,2.0190999507904053,2.020469903945923
2025-12-05 04:00:00+00:00,2.0208399295806885,2.0209100246429443,2.0179200172424316,2.019429922103882
2025-12-05 08:00:00+00:00,2.0195701122283936,2.0200400352478027,2.015850067138672,2.017590045928955
2025-12-05 12:00:00+00:00,2.017970085144043,2.018049955368042,2.0129799842834473,2.0143799781799316
2025-12-05 16:00:00+00:00,2.0147299766540527,2.0180299282073975,2.01459002494812,2.01528000831604
2025-12-05 20:00:00+00:00,2.015089988708496,2.0167999267578125,2.0144999027252197,2.015199899673462
2025-12-08 00:00:00+00:00,2.015429973602295,2.0159099102020264,2.0111899375915527,2.013859987258911
2025-12-08 04:00:00+00:00,2.0138099193573,2.0188400745391846,2.0129599571228027,2.017669916152954
2025-12-08 08:00:00+00:00,2.0176100730895996,2.0183300971984863,2.0125300884246826,2.016479969024658
2025-12-08 12:00:00+00:00,2.016540050506592,2.0182199478149414,2.011660099029541,2.01774001121521
2025-12-08 16:00:00+00:00,2.017519950866699,2.0179800987243652,2.0131900310516357,2.0156800746917725
2025-12-08 20:00:00+00:00,2.015660047531128,2.0160300731658936,2.012360095977783,2.01528000831604
2025-12-09 00:00:00+00:00,2.0149500370025635,2.0175399780273438,2.011579990386963,2.012579917907715
2025-12-09 04:00:00+00:00,2.012279987335205,2.0144400596618652,2.0107200145721436,2.0133299827575684
2025-12-09 08:00:00+00:00,2.0132200717926025,2.014739990234375,2.009660005569458,2.0113699436187744
2025-12-09 12:00:00+00:00,2.0113399028778076,2.0123300552368164,2.0071699619293213,2.010240077972412
2025-12-09 16:00:00+00:00,2.010279893875122,2.0122299194335938,2.008389949798584,2.011699914932251
2025-12-09 20:00:00+00:00,2.011889934539795,2.0135600566864014,2.0092101097106934,2.0119800567626953
2025-12-10 00:00:00+00:00,2.011630058288574,2.0174100399017334,2.010540008544922,2.015549898147583
2025-12-10 04:00:00+00:00,2.0155301094055176,2.0159099102020264,2.0116701126098633,2.0140299797058105
2025-12-10 08:00:00+00:00,2.0141899585723877,2.014630079269409,2.0094799995422363,2.010930061340332
2025-12-10 12:00:00+00:00,2.0108299255371094,2.0150299072265625,2.0104498863220215,2.014430046081543
2025-12-10 16:00:00+00:00,2.0143799781799316,2.016050100326538,2.0099899768829346,2.0117900371551514
2025-12-10 20:00:00+00:00,2.0113799571990967,2.0127499103546143,2.007849931716919,2.0115299224853516
2025-12-11 00:00:00+00:00,2.0117599964141846,2.0170700550079346,2.0102200508117676,2.016429901123047
2025-12-11 04:00:00+00:00,2.0164599418640137,2.0182299613952637,2.014899969100952,2.016119956970215
2025-12-11 08:00:00+00:00,2.0161800384521484,2.0173299312591553,2.0140600204467773,2.015199899673462
2025-12-11 12:00:00+00:00,2.015239953994751,2.0195400714874268,2.0126399993896484,2.019200086593628
2025-12-11 16:00:00+00:00,2.0190699100494385,2.021660089492798,2.0185298919677734,2.0208699703216553
2025-12-11 20:00:00+00:00,2.020780086517334,2.0221199989318848,2.018620014190674,2.0207700729370117
2025-12-12 00:00:00+00:00,2.0207700729370117,2.0211799144744873,2.0174400806427,2.019010066986084
2025-12-12 04:00:00+00:00,2.019089937210083,2.0207700729370117,2.017930030822754,2.0190200805664062
2025-12-12 08:00:00+00:00,2.0190300941467285,2.0192298889160156,2.0156099796295166,2.017889976501465
2025-12-12 12:00:00+00:00,2.0177700519561768,2.025700092315674,2.017009973526001,2.025130033493042
2025-12-12 16:00:00+00:00,2.024980068206787,2.0270299911499023,2.0221199989318848,2.0230300426483154
2025-12-12 20:00:00+00:00,2.0230600833892822,2.0238399505615234,2.0206799507141113,2.0218100547790527
2025-12-15 00:00:00+00:00,2.022670030593872,2.034179925918579,2.0200600624084473,2.0333900451660156
2025-12-15 04:00:00+00:00,2.033250093460083,2.0348598957061768,2.0269999504089355,2.027549982070923
2025-12-15 08:00:00+00:00,2.0279300212860107,2.0310800075531006,2.0269699096679688,2.0278899669647217
2025-12-15 12:00:00+00:00,2.0278899669647217,2.0299301147460938,2.026089906692505,2.0271100997924805
2025-12-15 16:00:00+00:00,2.0269100666046143,2.0303399562835693,2.026129961013794,2.02987003326416
2025-12-15 20:00:00+00:00,2.029789924621582,2.0333399772644043,2.02947998046875,2.031480073928833
2025-12-16 00:00:00+00:00,2.031219959259033,2.0400900840759277,2.0309200286865234,2.034179925918579
2025-12-16 04:00:00+00:00,2.033790111541748,2.0347399711608887,2.0297200679779053,2.0313000679016113
2025-12-16 08:00:00+00:00,2.031209945678711,2.0334999561309814,2.028830051422119,2.033129930496216
2025-12-16 12:00:00+00:00,2.0330100059509277,2.036139965057373,2.0299699306488037,2.0318100452423096
2025-12-16 16:00:00+00:00,2.0315799713134766,2.033050060272217,2.029829978942871,2.030980110168457
2025-12-16 20:00:00+00:00,2.0310299396514893,2.0321099758148193,2.029210090637207,2.031130075454712
2025-12-17 00:00:00+00:00,2.0309200286865234,2.0343399047851562,2.027669906616211,2.0281500816345215
2025-12-17 04:00:00+00:00,2.0282299518585205,2.0314300060272217,2.0272998809814453,2.0291800498962402
2025-12-17 08:00:00+00:00,2.02908992767334,2.0306599140167236,2.0270299911499023,2.027909994125366
2025-12-17 12:00:00+00:00,2.0278000831604004,2.0329599380493164,2.0271499156951904,2.031899929046631
2025-12-17 16:00:00+00:00,2.032010078430176,2.0347299575805664,2.029750108718872,2.033560037612915
2025-12-17 20:00:00+00:00,2.0334200859069824,2.0351200103759766,2.028820037841797,2.0351200103759766
2025-12-18 00:00:00+00:00,2.034869909286499,2.039720058441162,2.0341100692749023,2.039340019226074
2025-12-18 04:00:00+00:00,2.0392699241638184,2.0393900871276855,2.0353000164031982,2.0353100299835205
2025-12-18 08:00:00+00:00,2.03548002243042,2.0369598865509033,2.0318500995635986,2.0324699878692627
2025-12-18 12:00:00+00:00,2.0322999954223633,2.0351500511169434,2.0282599925994873,2.0295801162719727
2025-12-18 16:00:00+00:00,2.0294198989868164,2.0319199562072754,2.0286099910736084,2.0307400226593018
2025-12-18 20:00:00+00:00,2.0310399532318115,2.0314900875091553,2.0280001163482666,2.0302300453186035
2025-12-19 00:00:00+00:00,2.02974009513855,2.0333499908447266,2.0274200439453125,2.0330801010131836
2025-12-19 04:00:00+00:00,2.0328500270843506,2.03764009475708,2.03233003616333,2.037029981613159
2025-12-19 08:00:00+00:00,2.0366499423980713,2.0387399196624756,2.0354599952697754,2.038130044937134
2025-12-19 12:00:00+00:00,2.037980079650879,2.0413498878479004,2.035099983215332,2.035449981689453
2025-12-19 16:00:00+00:00,2.035449981689453,2.035949945449829,2.0327799320220947,2.033669948577881
2025-12-19 20:00:00+00:00,2.033600091934204,2.034640073776245,2.032399892807007,2.034029960632324
2025-12-22 00:00:00+00:00,2.034060001373291,2.034480094909668,2.0294299125671387,2.0320301055908203
2025-12-22 04:00:00+00:00,2.0318899154663086,2.0321099758148193,2.0274500846862793,2.029210090637207
2025-12-22 08:00:00+00:00,2.029289960861206,2.029979944229126,2.026439905166626,2.026930093765259
2025-12-22 12:00:00+00:00,2.026930093765259,2.0307300090789795,2.026639938354492,2.030129909515381
2025-12-22 16:00:00+00:00,2.029949903488159,2.0302999019622803,2.0265300273895264,2.029139995574951
2025-12-22 20:00:00+00:00,2.0291900634765625,2.030630111694336,2.027899980545044,2.0293800830841064
2025-12-23 00:00:00+00:00,2.029560089111328,2.029900074005127,2.0236799716949463,2.0255000591278076
2025-12-23 04:00:00+00:00,2.0255799293518066,2.0264201164245605,2.022160053253174,2.0234999656677246
2025-12-23 08:00:00+00:00,2.023400068283081,2.0238399505615234,2.0190799236297607,2.0206000804901123
2025-12-23 12:00:00+00:00,2.0206000804901123,2.022510051727295,2.0173099040985107,2.0195400714874268
2025-12-23 16:00:00+00:00,2.0195300579071045,2.0201098918914795,2.017889976501465,2.0190200805664062
2025-12-23 20:00:00+00:00,2.0190200805664062,2.0201001167297363,2.0174500942230225,2.0185799598693848
2025-12-24 00:00:00+00:00,2.0184600353240967,2.0212299823760986,2.0165200233459473,2.01813006401062
2025-12-24 04:00:00+00:00,2.0181500911712646,2.019429922103882,2.015500068664551,2.016849994659424
2025-12-24 08:00:00+00:00,2.0171399116516113,2.018850088119507,2.0160601139068604,2.018249988555908
2025-12-24 12:00:00+00:00,2.018049955368042,2.0201001167297363,2.01567006111145,2.01774001121521
2025-12-24 16:00:00+00:00,2.017899990081787,2.019619941711426,2.0161099433898926,2.0185699462890625
2025-12-24 20:00:00+00:00,2.018589973449707,2.0193300247192383,2.015889883041382,2.015889883041382
2025-12-25 00:00:00+00:00,2.016089916229248,2.0186901092529297,2.0144600868225098,2.0169100761413574
2025-12-25 04:00:00+00:00,2.0169100761413574,2.0185201168060303,2.0144400596618652,2.0167300701141357
2025-12-25 08:00:00+00:00,2.0167899131774902,2.017590045928955,2.0167500972747803,2.017509937286377
2025-12-25 12:00:00+00:00,2.0174200534820557,2.0175700187683105,2.0165600776672363,2.0167500972747803
2025-12-25 16:00:00+00:00,2.01665997505188,2.0167500972747803,2.01665997505188,2.016700029373169
2025-12-25 20:00:00+00:00,2.016400098800659,2.019979953765869,2.0143699645996094,2.0190300941467285
2025-12-26 00:00:00+00:00,2.0190300941467285,2.0208499431610107,2.016860008239746,2.0203800201416016
2025-12-26 04:00:00+00:00,2.0204598903656006,2.0217700004577637,2.0179901123046875,2.0211000442504883
2025-12-26 08:00:00+00:00,2.020900011062622,2.0236499309539795,2.0199899673461914,2.0232300758361816
2025-12-26 12:00:00+00:00,2.023169994354248,2.024319887161255,2.017359972000122,2.0183498859405518
2025-12-26 16:00:00+00:00,2.0183699131011963,2.0204200744628906,2.0178298950195312,2.020020008087158
2025-12-26 20:00:00+00:00,2.0199999809265137,2.020240068435669,2.0156500339508057,2.0186800956726074
2025-12-29 00:00:00+00:00,2.020440101623535,2.0220799446105957,2.0182700157165527,2.0192999839782715
2025-12-29 04:00:00+00:00,2.0191400051116943,2.0239500999450684,2.0179500579833984,2.0238800048828125
2025-12-29 08:00:00+00:00,2.02374005317688,2.0293400287628174,2.0235800743103027,2.0285000801086426
2025-12-29 12:00:00+00:00,2.028409957885742,2.032180070877075,2.0245399475097656,2.0253400802612305
2025-12-29 16:00:00+00:00,2.025369882583618,2.0283401012420654,2.023750066757202,2.0270299911499023
2025-12-29 20:00:00+00:00,2.02701997756958,2.0297000408172607,2.025399923324585,2.0264499187469482
2025-12-30 00:00:00+00:00,2.02701997756958,2.028700113296509,2.0254299640655518,2.0269999504089355
2025-12-30 04:00:00+00:00,2.0272300243377686,2.027240037918091,2.0235300064086914,2.0243799686431885
2025-12-30 08:00:00+00:00,2.024709939956665,2.0295801162719727,2.0230700969696045,2.0286900997161865
2025-12-30 12:00:00+00:00,2.028779983520508,2.030139923095703,2.0253500938415527,2.025739908218384
2025-12-30 16:00:00+00:00,2.025739908218384,2.0289700031280518,2.0249099731445312,2.0283899307250977
2025-12-30 20:00:00+00:00,2.028249979019165,2.0292301177978516,2.026700019836426,2.0280001163482666
2025-12-31 00:00:00+00:00,2.0280699729919434,2.0326199531555176,2.0275800228118896,2.0315499305725098
2025-12-31 04:00:00+00:00,2.0315799713134766,2.0355300903320312,2.030090093612671,2.0332000255584717
2025-12-31 08:00:00+00:00,2.033169984817505,2.03794002532959,2.031860113143921,2.0361499786376953
2025-12-31 12:00:00+00:00,2.0363399982452393,2.0439798831939697,2.034980058670044,2.0423500537872314
2025-12-31 16:00:00+00:00,2.0423800945281982,2.043060064315796,2.038259983062744,2.040990114212036
2025-12-31 20:00:00+00:00,2.0409998893737793,2.0420799255371094,2.039109945297241,2.040030002593994
2026-01-01 00:00:00+00:00,2.040030002593994,2.040030002593994,2.039639949798584,2.040030002593994
2026-01-01 04:00:00+00:00,2.039639949798584,2.040030002593994,2.039639949798584,2.040030002593994
2026-01-01 08:00:00+00:00,2.039639949798584,2.040030002593994,2.039639949798584,2.040030002593994
2026-01-01 16:00:00+00:00,2.0439000129699707,2.044600009918213,2.0439000129699707,2.044600009918213
2026-01-01 20:00:00+00:00,2.0394299030303955,2.0420100688934326,2.0373001098632812,2.040489912033081
2026-01-02 00:00:00+00:00,2.0407800674438477,2.0430500507354736,2.037630081176758,2.0392799377441406
2026-01-02 04:00:00+00:00,2.039060115814209,2.0413401126861572,2.035449981689453,2.035629987716675
2026-01-02 08:00:00+00:00,2.0355401039123535,2.0358500480651855,2.029330015182495,2.031599998474121
2026-01-02 12:00:00+00:00,2.03164005279541,2.035939931869507,2.0303900241851807,2.0356900691986084
2026-01-02 16:00:00+00:00,2.0355799198150635,2.036750078201294,2.0315499305725098,2.0327999591827393
2026-01-02 20:00:00+00:00,2.0327000617980957,2.0329699516296387,2.029900074005127,2.031169891357422
2026-01-05 00:00:00+00:00,2.0338499546051025,2.0358099937438965,2.0274300575256348,2.0303399562835693
2026-01-05 04:00:00+00:00,2.030359983444214,2.0332300662994385,2.0293900966644287,2.0322999954223633
2026-01-05 08:00:00+00:00,2.0323901176452637,2.033489942550659,2.027100086212158,2.028709888458252
2026-01-05 12:00:00+00:00,2.0285000801086426,2.0307400226593018,2.0216801166534424,2.024600028991699
2026-01-05 16:00:00+00:00,2.0245399475097656,2.025789976119995,2.022670030593872,2.025099992752075
2026-01-05 20:00:00+00:00,2.0249199867248535,2.02551007270813,2.022599935531616,2.024630069732666
2026-01-06 00:00:00+00:00,2.024290084838867,2.026599884033203,2.0203800201416016,2.023859977722168
2026-01-06 04:00:00+00:00,2.0238800048828125,2.024139881134033,2.0202701091766357,2.0204899311065674
2026-01-06 08:00:00+00:00,2.0204899311065674,2.0238900184631348,2.0191500186920166,2.022200107574463
2026-01-06 12:00:00+00:00,2.0219900608062744,2.0243899822235107,2.0195999145507812,2.024209976196289
2026-01-06 16:00:00+00:00,2.024009943008423,2.0258500576019287,2.0211400985717773,2.0216500759124756
2026-01-06 20:00:00+00:00,2.0216500759124756,2.0220699310302734,2.0174500942230225,2.021470069885254
2026-01-07 00:00:00+00:00,2.0215299129486084,2.0226500034332275,2.0189599990844727,2.0213000774383545
2026-01-07 04:00:00+00:00,2.0211400985717773,2.0235800743103027,2.0197598934173584,2.0206799507141113
2026-01-07 08:00:00+00:00,2.020519971847534,2.0208699703216553,2.017270088195801,2.0183699131011963
2026-01-07 12:00:00+00:00,2.018320083618164,2.023169994354248,2.0171399116516113,2.022170066833496
2026-01-07 16:00:00+00:00,2.022239923477173,2.0233500003814697,2.0200400352478027,2.02197003364563
2026-01-07 20:00:00+00:00,2.0217299461364746,2.0238099098205566,2.0193400382995605,2.0219600200653076
2026-01-08 00:00:00+00:00,2.0223500728607178,2.0259499549865723,2.0218698978424072,2.024669885635376
2026-01-08 04:00:00+00:00,2.024470090866089,2.030440092086792,2.0242700576782227,2.0299301147460938
2026-01-08 08:00:00+00:00,2.029680013656616,2.032989978790283,2.028249979019165,2.0307400226593018
2026-01-08 12:00:00+00:00,2.0306200981140137,2.0314900875091553,2.0266098976135254,2.027100086212158
2026-01-08 16:00:00+00:00,2.0269999504089355,2.028670072555542,2.025330066680908,2.0270800590515137
2026-01-08 20:00:00+00:00,2.026979923248291,2.027980089187622,2.025099992752075,2.027400016784668
2026-01-09 00:00:00+00:00,2.0273399353027344,2.030440092086792,2.02701997756958,2.0295400619506836
2026-01-09 04:00:00+00:00,2.0295300483703613,2.032130002975464,2.0275700092315674,2.03193998336792
2026-01-09 08:00:00+00:00,2.03193998336792,2.0335500240325928,2.0306999683380127,2.0331599712371826
2026-01-09 12:00:00+00:00,2.033169984817505,2.0348000526428223,2.0284199714660645,2.0310299396514893
2026-01-09 16:00:00+00:00,2.0309300422668457,2.0322299003601074,2.0288798809051514,2.0303900241851807
2026-01-09 20:00:00+00:00,2.030410051345825,2.030479907989502,2.0276999473571777,2.029710054397583
2026-01-12 00:00:00+00:00,2.0284500122070312,2.0303499698638916,2.0280001163482666,2.0288500785827637
2026-01-12 04:00:00+00:00,2.0289700031280518,2.0312399864196777,2.0283799171447754,2.030940055847168
2026-01-12 08:00:00+00:00,2.030819892883301,2.0317299365997314,2.0269699096679688,2.0283000469207764
2026-01-12 12:00:00+00:00,2.028290033340454,2.0291500091552734,2.0257699489593506,2.02632999420166
2026-01-12 16:00:00+00:00,2.0262200832366943,2.0264499187469482,2.0221500396728516,2.0240399837493896
2026-01-12 20:00:00+00:00,2.023969888687134,2.024019956588745,2.0196099281311035,2.02101993560791
2026-01-13 00:00:00+00:00,2.0206000804901123,2.0211000442504883,2.0168800354003906,2.0180299282073975
2026-01-13 04:00:00+00:00,2.018019914627075,2.0211000442504883,2.0174999237060547,2.0210800170898438
2026-01-13 08:00:00+00:00,2.020900011062622,2.0251801013946533,2.0201499462127686,2.023979902267456
2026-01-13 12:00:00+00:00,2.0239899158477783,2.028709888458252,2.0178699493408203,2.0265400409698486
2026-01-13 16:00:00+00:00,2.0265300273895264,2.0304598808288574,2.026240110397339,2.029370069503784
2026-01-13 20:00:00+00:00,2.0294198989868164,2.0300700664520264,2.026400089263916,2.028559923171997
2026-01-14 00:00:00+00:00,2.028359889984131,2.0306200981140137,2.025830030441284,2.026870012283325
2026-01-14 04:00:00+00:00,2.026789903640747,2.0278499126434326,2.0251200199127197,2.026510000228882
2026-01-14 08:00:00+00:00,2.026550054550171,2.0303499698638916,2.0255699157714844,2.0285000801086426
2026-01-14 12:00:00+00:00,2.028640031814575,2.0307700634002686,2.0241899490356445,2.0264298915863037
2026-01-14 16:00:00+00:00,2.0262598991394043,2.028709888458252,2.0246798992156982,2.025779962539673
2026-01-14 20:00:00+00:00,2.025969982147217,2.0289599895477295,2.022900104522705,2.027509927749634
2026-01-15 00:00:00+00:00,2.027250051498413,2.030639886856079,2.0257198810577393,2.0294699668884277
2026-01-15 04:00:00+00:00,2.02947998046875,2.0300300121307373,2.024899959564209,2.025739908218384
2026-01-15 08:00:00+00:00,2.0249500274658203,2.027050018310547,2.022510051727295,2.024319887161255
2026-01-15 12:00:00+00:00,2.0243499279022217,2.025779962539673,2.0198400020599365,2.0204999446868896
2026-01-15 16:00:00+00:00,2.0204999446868896,2.022589921951294,2.0193700790405273,2.0222198963165283
2026-01-15 20:00:00+00:00,2.0222299098968506,2.0232200622558594,2.0192599296569824,2.0212299823760986
2026-01-16 00:00:00+00:00,2.0211400985717773,2.0211501121520996,2.015820026397705,2.016930103302002
2026-01-16 04:00:00+00:00,2.016540050506592,2.0178399085998535,2.0144400596618652,2.0159199237823486
2026-01-16 08:00:00+00:00,2.0164198875427246,2.016930103302002,2.0142199993133545,2.0163400173187256
2026-01-16 12:00:00+00:00,2.0163300037384033,2.019710063934326,2.0151100158691406,2.01747989654541
2026-01-16 16:00:00+00:00,2.017469882965088,2.0177500247955322,2.014669895172119,2.0155398845672607
2026-01-16 20:00:00+00:00,2.0155200958251953,2.0173099040985107,2.0144999027252197,2.0161900520324707
2026-01-19 00:00:00+00:00,2.016629934310913,2.0188400745391846,2.01377010345459,2.0143699645996094
2026-01-19 04:00:00+00:00,2.0144100189208984,2.0153698921203613,2.0125300884246826,2.014780044555664
2026-01-19 08:00:00+00:00,2.014669895172119,2.014940023422241,2.0088999271392822,2.0104799270629883
2026-01-19 12:00:00+00:00,2.010509967803955,2.0124800205230713,2.00819993019104,2.0100200176239014
2026-01-19 16:00:00+00:00,2.010010004043579,2.0107500553131104,2.008270025253296,2.0101699829101562
2026-01-19 20:00:00+00:00,2.0101699829101562,2.0109798908233643,2.005729913711548,2.009119987487793
2026-01-20 00:00:00+00:00,2.0092101097106934,2.0099198818206787,2.0001399517059326,2.0016798973083496
2026-01-20 04:00:00+00:00,2.0016798973083496,2.0028700828552246,1.99891996383667,2.002350091934204
2026-01-20 08:00:00+00:00,2.002239942550659,2.010629892349243,2.001300096511841,2.008960008621216
2026-01-20 12:00:00+00:00,2.008960008621216,2.0141899585723877,2.0049800872802734,2.0052199363708496
2026-01-20 16:00:00+00:00,2.0049800872802734,2.01065993309021,2.0047500133514404,2.0089099407196045
2026-01-20 20:00:00+00:00,2.0088999271392822,2.012779951095581,2.0079898834228516,2.0125598907470703
2026-01-21 00:00:00+00:00,2.0125200748443604,2.0139899253845215,2.008090019226074,2.0091700553894043
2026-01-21 04:00:00+00:00,2.009229898452759,2.010119915008545,2.001300096511841,2.0025999546051025
2026-01-21 08:00:00+00:00,2.0023601055145264,2.004240036010742,2.0010299682617188,2.0025599002838135
2026-01-21 12:00:00+00:00,2.0024099349975586,2.002729892730713,1.9984300136566162,2.00039005279541
2026-01-21 16:00:00+00:00,2.000469923019409,2.0035600662231445,1.9975899457931519,1.99931001663208
2026-01-21 20:00:00+00:00,1.999269962310791,2.0008699893951416,1.997979998588562,1.9995900392532349
2026-01-22 00:00:00+00:00,1.9994800090789795,2.001230001449585,1.9936000108718872,1.9938499927520752
2026-01-22 04:00:00+00:00,1.9938199520111084,1.996340036392212,1.993499994277954,1.9952900409698486
2026-01-22 08:00:00+00:00,1.9952900409698486,1.9957400560379028,1.9896999597549438,1.9918999671936035
2026-01-22 12:00:00+00:00,1.991979956626892,1.9922699928283691,1.9876899719238281,1.990630030632019
2026-01-22 16:00:00+00:00,1.9904999732971191,1.9912099838256836,1.9871900081634521,1.9885200262069702
2026-01-22 20:00:00+00:00,1.988569974899292,1.9892300367355347,1.9816299676895142,1.9868299961090088
2026-01-23 00:00:00+00:00,1.9867500066757202,1.9886399507522583,1.983739972114563,1.9876799583435059
2026-01-23 04:00:00+00:00,1.987720012664795,1.9887299537658691,1.9859999418258667,1.9877300262451172
2026-01-23 08:00:00+00:00,1.9879800081253052,1.9911999702453613,1.9863200187683105,1.9873100519180298
2026-01-23 12:00:00+00:00,1.987220048904419,1.9882899522781372,1.984410047531128,1.9851900339126587
2026-01-23 16:00:00+00:00,1.9852399826049805,1.9881999492645264,1.983739972114563,1.9880800247192383
2026-01-23 20:00:00+00:00,1.9881099462509155,1.989109992980957,1.9867199659347534,1.9879599809646606
2026-01-26 00:00:00+00:00,1.9893399477005005,1.9903700351715088,1.9870400428771973,1.9902499914169312
2026-01-26 04:00:00+00:00,1.9901100397109985,1.9913100004196167,1.9873499870300293,1.98757004737854
2026-01-26 08:00:00+00:00,1.9875600337982178,1.988569974899292,1.9835599660873413,1.9860199689865112
2026-01-26 12:00:00+00:00,1.9858900308609009,1.9884599447250366,1.9821399450302124,1.9844499826431274
2026-01-26 16:00:00+00:00,1.984320044517517,1.987030029296875,1.9813599586486816,1.9867600202560425
2026-01-26 20:00:00+00:00,1.9861899614334106,1.990339994430542,1.9861899614334106,1.9890799522399902
2026-01-27 00:00:00+00:00,1.9887900352478027,1.9928100109100342,1.9883300065994263,1.9906100034713745
2026-01-27 04:00:00+00:00,1.9906699657440186,1.9914000034332275,1.9875999689102173,1.9880399703979492
2026-01-27 08:00:00+00:00,1.9881600141525269,1.9926999807357788,1.9878000020980835,1.9885599613189697
2026-01-27 12:00:00+00:00,1.988319993019104,1.9917000532150269,1.987239956855774,1.9887100458145142
2026-01-27 16:00:00+00:00,1.9885599613189697,1.9923299551010132,1.988219976425171,1.9897700548171997
2026-01-27 20:00:00+00:00,1.9897600412368774,1.997879981994629,1.9889400005340576,1.9935599565505981
2026-01-28 00:00:00+00:00,1.9940199851989746,1.9957200288772583,1.9893800020217896,1.9936599731445312
2026-01-28 04:00:00+00:00,1.9934200048446655,1.994480013847351,1.9873299598693848,1.9887499809265137
2026-01-28 08:00:00+00:00,1.9887200593948364,1.9895199537277222,1.983199954032898,1.9841099977493286
2026-01-28 12:00:00+00:00,1.9838299751281738,1.986340045928955,1.978369951248169,1.9791300296783447
2026-01-28 16:00:00+00:00,1.979140043258667,1.980870008468628,1.9749900102615356,1.9761099815368652
2026-01-28 20:00:00+00:00,1.976099967956543,1.9771100282669067,1.9712300300598145,1.9752000570297241
2026-01-29 00:00:00+00:00,1.9752999544143677,1.9785499572753906,1.9701100587844849,1.9704099893569946
2026-01-29 04:00:00+00:00,1.970620036125183,1.9721499681472778,1.9671000242233276,1.9705499410629272
2026-01-29 08:00:00+00:00,1.9707499742507935,1.9738199710845947,1.9693399667739868,1.9713599681854248
2026-01-29 12:00:00+00:00,1.971269965171814,1.9788800477981567,1.9650599956512451,1.977370023727417
2026-01-29 16:00:00+00:00,1.9772700071334839,1.9780399799346924,1.9687800407409668,1.970729947090149
2026-01-29 20:00:00+00:00,1.9704400300979614,1.9715100526809692,1.9667999744415283,1.9695600271224976
2026-01-30 00:00:00+00:00,1.969499945640564,1.973039984703064,1.9666099548339844,1.9714900255203247
2026-01-30 04:00:00+00:00,1.9714900255203247,1.973449945449829,1.9702800512313843,1.972659945487976
2026-01-30 08:00:00+00:00,1.9727699756622314,1.9730199575424194,1.9671599864959717,1.9673500061035156
2026-01-30 12:00:00+00:00,1.9674099683761597,1.9687000513076782,1.9599900245666504,1.9625699520111084
2026-02-02 16:00:00+00:00,1.965019941329956,1.9651000499725342,1.9637099504470825,1.964460015296936
2026-02-02 20:00:00+00:00,1.964460015296936,1.9663200378417969,1.9621399641036987,1.9627100229263306
2026-02-03 00:00:00+00:00,1.9623199701309204,1.9648699760437012,1.9564000368118286,1.9571000337600708
2026-02-03 04:00:00+00:00,1.957129955291748,1.9580899477005005,1.9506700038909912,1.9520399570465088
2026-02-03 08:00:00+00:00,1.9519000053405762,1.955649971961975,1.9496999979019165,1.95524001121521
2026-02-03 12:00:00+00:00,1.9550399780273438,1.9579299688339233,1.952049970626831,1.9541300535202026
2026-02-03 16:00:00+00:00,1.954200029373169,1.9569300413131714,1.9514299631118774,1.9545600414276123
2026-02-03 20:00:00+00:00,1.9545700550079346,1.9572199583053589,1.949679970741272,1.9558199644088745
2026-02-04 00:00:00+00:00,1.9559600353240967,1.9615800380706787,1.9544800519943237,1.9608999490737915
2026-02-04 04:00:00+00:00,1.9609099626541138,1.9615600109100342,1.9563000202178955,1.9587899446487427
2026-02-04 08:00:00+00:00,1.95878005027771,1.9641799926757812,1.9561100006103516,1.961859941482544
2026-02-04 12:00:00+00:00,1.9617199897766113,1.9659099578857422,1.9589200019836426,1.9648699760437012
2026-02-04 16:00:00+00:00,1.964859962463379,1.9703700542449951,1.964359998703003,1.966189980506897
2026-02-04 20:00:00+00:00,1.9662400484085083,1.9683500528335571,1.9630600214004517,1.9677799940109253
2026-02-05 00:00:00+00:00,1.9676300287246704,1.972599983215332,1.9640100002288818,1.9701999425888062
2026-02-05 04:00:00+00:00,1.9701000452041626,1.9710099697113037,1.967710018157959,1.970479965209961
2026-02-05 08:00:00+00:00,1.9700700044631958,1.972499966621399,1.9659099578857422,1.9675099849700928
2026-02-05 12:00:00+00:00,1.9673800468444824,1.9745899438858032,1.96589994430542,1.9726099967956543
2026-02-05 16:00:00+00:00,1.9726200103759766,1.9745299816131592,1.9685800075531006,1.9744199514389038
2026-02-05 20:00:00+00:00,1.974269986152649,1.9835599660873413,1.971869945526123,1.9832600355148315
2026-02-06 00:00:00+00:00,1.9831000566482544,1.985569953918457,1.975909948348999,1.9762699604034424
2026-02-06 04:00:00+00:00,1.9763200283050537,1.9766199588775635,1.9717400074005127,1.9722599983215332
2026-02-06 08:00:00+00:00,1.9729399681091309,1.9731700420379639,1.9664900302886963,1.9669599533081055
2026-02-06 12:00:00+00:00,1.9669400453567505,1.9688999652862549,1.963879942893982,1.9646600484848022
2026-02-06 16:00:00+00:00,1.964609980583191,1.9649300575256348,1.960669994354248,1.963860034942627
2026-02-06 20:00:00+00:00,1.9637800455093384,1.964419960975647,1.961400032043457,1.9631799459457397
2026-02-09 00:00:00+00:00,1.9603899717330933,1.96642005443573,1.9599599838256836,1.9652400016784668
2026-02-09 04:00:00+00:00,1.9651700258255005,1.970080018043518,1.9647300243377686,1.9693599939346313
2026-02-09 08:00:00+00:00,1.9692599773406982,1.9767600297927856,1.9685900211334229,1.9709899425506592
2026-02-09 12:00:00+00:00,1.9709800481796265,1.972409963607788,1.9664700031280518,1.969059944152832
2026-02-09 16:00:00+00:00,1.9689099788665771,1.969539999961853,1.9667400121688843,1.9675400257110596
2026-02-09 20:00:00+00:00,1.967519998550415,1.9705499410629272,1.965399980545044,1.9661600589752197
2026-02-10 00:00:00+00:00,1.9667500257492065,1.9722299575805664,1.965809941291809,1.9720300436019897
2026-02-10 04:00:00+00:00,1.9719200134277344,1.9733599424362183,1.9705300331115723,1.9712799787521362
2026-02-10 08:00:00+00:00,1.9710999727249146,1.9719899892807007,1.9684699773788452,1.9691599607467651
2026-02-10 12:00:00+00:00,1.9691599607467651,1.9701000452041626,1.9662599563598633,1.967020034790039
2026-02-10 16:00:00+00:00,1.9668099880218506,1.9693700075149536,1.9660999774932861,1.9669599533081055
2026-02-10 20:00:00+00:00,1.9667400121688843,1.969670057296753,1.9660999774932861,1.9678800106048584
2026-02-11 00:00:00+00:00,1.9679299592971802,1.9683400392532349,1.9631799459457397,1.964400053024292
2026-02-11 04:00:00+00:00,1.964419960975647,1.9676799774169922,1.9632500410079956,1.9668999910354614
2026-02-11 08:00:00+00:00,1.9667799472808838,1.9681700468063354,1.9625099897384644,1.9641400575637817
2026-02-11 12:00:00+00:00,1.9638099670410156,1.965790033340454,1.9566899538040161,1.9637000560760498
2026-02-11 16:00:00+00:00,1.9635800123214722,1.964269995689392,1.9598599672317505,1.9617300033569336
2026-02-11 20:00:00+00:00,1.9615800380706787,1.9640400409698486,1.9599100351333618,1.9632699489593506
2026-02-12 00:00:00+00:00,1.9631999731063843,1.9637399911880493,1.9596999883651733,1.9601600170135498
2026-02-12 04:00:00+00:00,1.9598499536514282,1.96274995803833,1.9591000080108643,1.9596500396728516
2026-02-12 08:00:00+00:00,1.9596500396728516,1.960610032081604,1.9553200006484985,1.9567999839782715
2026-02-12 12:00:00+00:00,1.9566400051116943,1.96110999584198,1.9558700323104858,1.958840012550354
2026-02-12 16:00:00+00:00,1.958899974822998,1.967829942703247,1.9586999416351318,1.9660199880599976
2026-02-12 20:00:00+00:00,1.96589994430542,1.9684699773788452,1.9629100561141968,1.967329978942871
2026-02-13 00:00:00+00:00,1.9676400423049927,1.9686800241470337,1.9644099473953247,1.9671800136566162
2026-02-13 04:00:00+00:00,1.967210054397583,1.9697799682617188,1.964859962463379,1.9682199954986572
2026-02-13 08:00:00+00:00,1.967419981956482,1.9699599742889404,1.963129997253418,1.9694199562072754
2026-02-13 12:00:00+00:00,1.9692699909210205,1.970479965209961,1.9632200002670288,1.9658000469207764
2026-02-13 16:00:00+00:00,1.9658000469207764,1.9677400588989258,1.9629199504852295,1.9647899866104126
2026-02-13 20:00:00+00:00,1.9646899700164795,1.9658700227737427,1.9634000062942505,1.9646400213241577
2026-02-16 00:00:00+00:00,1.9663599729537964,1.9684100151062012,1.964110016822815,1.9674999713897705
2026-02-16 04:00:00+00:00,1.967479944229126,1.9680500030517578,1.9634699821472168,1.9643499851226807
2026-02-16 08:00:00+00:00,1.9643700122833252,1.9648900032043457,1.9619699716567993,1.9627000093460083
2026-02-16 12:00:00+00:00,1.9627100229263306,1.9651399850845337,1.9611999988555908,1.9650700092315674
2026-02-16 16:00:00+00:00,1.965090036392212,1.9656399488449097,1.963230013847351,1.964169979095459
2026-02-16 20:00:00+00:00,1.9641499519348145,1.9649699926376343,1.9621000289916992,1.96451997756958
2026-02-17 00:00:00+00:00,1.9645999670028687,1.9672000408172607,1.9632600545883179,1.96465003490448
2026-02-17 04:00:00+00:00,1.9645600318908691,1.9648200273513794,1.9608800411224365,1.9628100395202637
2026-02-17 08:00:00+00:00,1.962630033493042,1.9630600214004517,1.9571599960327148,1.9589200019836426
2026-02-17 12:00:00+00:00,1.9589699506759644,1.9664599895477295,1.9582500457763672,1.9636399745941162
2026-02-17 16:00:00+00:00,1.9635499715805054,1.9641599655151367,1.9580999612808228,1.9584800004959106
2026-02-17 20:00:00+00:00,1.9584399461746216,1.9600000381469727,1.9580899477005005,1.9594199657440186
2026-02-18 00:00:00+00:00,1.959439992904663,1.9748899936676025,1.9583899974822998,1.9737600088119507
2026-02-18 04:00:00+00:00,1.9734699726104736,1.975909948348999,1.9728000164031982,1.9736599922180176
2026-02-18 08:00:00+00:00,1.9734899997711182,1.973620057106018,1.9676899909973145,1.9704300165176392
2026-02-18 12:00:00+00:00,1.9703799486160278,1.977239966392517,1.9693599939346313,1.972409963607788
2026-02-18 16:00:00+00:00,1.9724400043487549,1.977139949798584,1.9711099863052368,1.97639000415802
2026-02-18 20:00:00+00:00,1.9763200283050537,1.976889967918396,1.9737900495529175,1.9753299951553345
2026-02-19 00:00:00+00:00,1.9753299951553345,1.9781500101089478,1.971850037574768,1.973479986190796
2026-02-19 04:00:00+00:00,1.9734599590301514,1.9762099981307983,1.9710400104522705,1.9720900058746338
2026-02-19 08:00:00+00:00,1.9719599485397339,1.9752600193023682,1.9700000286102295,1.9734100103378296
2026-02-19 12:00:00+00:00,1.9733799695968628,1.9753299951553345,1.9684699773788452,1.9693000316619873
2026-02-19 16:00:00+00:00,1.9692200422286987,1.9723600149154663,1.9687000513076782,1.971750020980835
2026-02-19 20:00:00+00:00,1.9717600345611572,1.9718600511550903,1.9689799547195435,1.971019983291626
2026-02-20 00:00:00+00:00,1.970729947090149,1.979349970817566,1.970479965209961,1.9769599437713623
2026-02-20 04:00:00+00:00,1.976889967918396,1.9773900508880615,1.9730199575424194,1.9760500192642212
2026-02-20 08:00:00+00:00,1.9759199619293213,1.9766199588775635,1.9725099802017212,1.9759999513626099
2026-02-20 12:00:00+00:00,1.9760199785232544,1.9786700010299683,1.9705400466918945,1.9721299409866333
2026-02-20 16:00:00+00:00,1.9721200466156006,1.9755300283432007,1.9706100225448608,1.9721100330352783
2026-02-20 20:00:00+00:00,1.972000002861023,1.97284996509552,1.9700299501419067,1.9709099531173706
2026-02-23 00:00:00+00:00,1.9709199666976929,1.9770300388336182,1.9705599546432495,1.9753799438476562
2026-02-23 04:00:00+00:00,1.975350022315979,1.9769500494003296,1.9741300344467163,1.9759900569915771
2026-02-23 08:00:00+00:00,1.9759900569915771,1.9774399995803833,1.9721699953079224,1.9750699996948242
2026-02-23 12:00:00+00:00,1.975059986114502,1.9776400327682495,1.9728599786758423,1.977180004119873
2026-02-23 16:00:00+00:00,1.977180004119873,1.9799699783325195,1.976699948310852,1.979699969291687
2026-02-23 20:00:00+00:00,1.9795199632644653,1.9809000492095947,1.9769999980926514,1.9787800312042236
2026-02-24 00:00:00+00:00,1.978760004043579,1.9792100191116333,1.973080039024353,1.9748400449752808
2026-02-24 04:00:00+00:00,1.974850058555603,1.9762300252914429,1.9740099906921387,1.9755699634552002
2026-02-24 08:00:00+00:00,1.9753799438476562,1.9781099557876587,1.9740300178527832,1.9779499769210815
2026-02-24 12:00:00+00:00,1.9777599573135376,1.980329990386963,1.9739400148391724,1.9751100540161133
2026-02-24 16:00:00+00:00,1.9752299785614014,1.9753700494766235,1.9726500511169434,1.9735000133514404
2026-02-24 20:00:00+00:00,1.9734100103378296,1.9749699831008911,1.971940040588379,1.9740699529647827
2026-02-25 00:00:00+00:00,1.9740999937057495,1.9747600555419922,1.9703199863433838,1.973270058631897
2026-02-25 04:00:00+00:00,1.9733200073242188,1.973620057106018,1.970170021057129,1.9712799787521362
2026-02-25 08:00:00+00:00,1.9713200330734253,1.9753600358963013,1.9703199863433838,1.974810004234314
2026-02-25 12:00:00+00:00,1.9747799634933472,1.9751499891281128,1.9699000120162964,1.9701800346374512
2026-02-25 16:00:00+00:00,1.9701499938964844,1.971119999885559,1.9673399925231934,1.9686599969863892
2026-02-25 20:00:00+00:00,1.9686800241470337,1.9692599773406982,1.9667400121688843,1.9688999652862549
2026-02-26 00:00:00+00:00,1.9685800075531006,1.9702800512313843,1.966670036315918,1.9689199924468994
2026-02-26 04:00:00+00:00,1.968649983406067,1.970270037651062,1.965630054473877,1.9699499607086182
2026-02-26 08:00:00+00:00,1.9701100587844849,1.972540020942688,1.9693700075149536,1.972480058670044
2026-02-26 12:00:00+00:00,1.972480058670044,1.9775899648666382,1.969580054283142,1.9734200239181519
2026-02-26 16:00:00+00:00,1.973289966583252,1.9764900207519531,1.970329999923706,1.9710500240325928
2026-02-26 20:00:00+00:00,1.9710500240325928,1.9746999740600586,1.9701600074768066,1.9737199544906616
2026-02-27 00:00:00+00:00,1.9737000465393066,1.9745099544525146,1.9690699577331543,1.9707399606704712
2026-02-27 04:00:00+00:00,1.9708199501037598,1.9732999801635742,1.9695899486541748,1.9721100330352783
2026-02-27 08:00:00+00:00,1.9723000526428223,1.9733200073242188,1.9695099592208862,1.972059965133667
2026-02-27 12:00:00+00:00,1.9719500541687012,1.974910020828247,1.9672800302505493,1.967560052871704
2026-02-27 16:00:00+00:00,1.9674500226974487,1.9718199968338013,1.967079997062683,1.9709500074386597
2026-02-27 20:00:00+00:00,1.9709099531173706,1.9711699485778809,1.968999981880188,1.969670057296753
2026-03-02 00:00:00+00:00,1.9738600254058838,1.9764200448989868,1.9666399955749512,1.9696999788284302
2026-03-02 04:00:00+00:00,1.969730019569397,1.9744600057601929,1.968690037727356,1.971060037612915
2026-03-02 08:00:00+00:00,1.9709999561309814,1.973449945449829,1.9676899909973145,1.9688600301742554
2026-03-02 12:00:00+00:00,1.9686299562454224,1.9732600450515747,1.968250036239624,1.970460057258606
2026-03-02 16:00:00+00:00,1.9703600406646729,1.9733099937438965,1.9657599925994873,1.9667400121688843
2026-03-02 20:00:00+00:00,1.9668300151824951,1.9691699743270874,1.963729977607727,1.9662100076675415
2026-03-03 00:00:00+00:00,1.96642005443573,1.969130039215088,1.964750051498413,1.966380000114441
2026-03-03 04:00:00+00:00,1.9663399457931519,1.9706799983978271,1.9653500318527222,1.9694199562072754
2026-03-03 08:00:00+00:00,1.9694199562072754,1.9765000343322754,1.9682199954986572,1.968500018119812
2026-03-03 12:00:00+00:00,1.9686599969863892,1.977560043334961,1.9666600227355957,1.9736599922180176
2026-03-03 16:00:00+00:00,1.9736599922180176,1.9740699529647827,1.9675300121307373,1.969499945640564
2026-03-03 20:00:00+00:00,1.9695500135421753,1.9737299680709839,1.9666600227355957,1.9715700149536133
2026-03-04 00:00:00+00:00,1.9717600345611572,1.9758100509643555,1.9668099880218506,1.9672000408172607
2026-03-04 04:00:00+00:00,1.9670599699020386,1.9689899682998657,1.9655100107192993,1.9673700332641602
2026-03-04 08:00:00+00:00,1.9673700332641602,1.9686199426651,1.9619699716567993,1.968440055847168
2026-03-04 12:00:00+00:00,1.9684100151062012,1.969480037689209,1.9619100093841553,1.962630033493042
2026-03-04 16:00:00+00:00,1.9625799655914307,1.9632600545883179,1.957859992980957,1.9594099521636963
2026-03-04 20:00:00+00:00,1.9594800472259521,1.9607199430465698,1.9560400247573853,1.9597200155258179
2026-03-05 00:00:00+00:00,1.9594800472259521,1.9603899717330933,1.9557600021362305,1.9585599899291992
2026-03-05 04:00:00+00:00,1.9581600427627563,1.960510015487671,1.9567099809646606,1.9591000080108643
2026-03-05 08:00:00+00:00,1.959149956703186,1.963479995727539,1.956529974937439,1.9601000547409058
2026-03-05 12:00:00+00:00,1.9601199626922607,1.965790033340454,1.9587700366973877,1.9644800424575806
2026-03-05 16:00:00+00:00,1.9642599821090698,1.9711999893188477,1.9640799760818481,1.9687600135803223
2026-03-05 20:00:00+00:00,1.968690037727356,1.969480037689209,1.9653300046920776,1.9682999849319458
2026-03-06 00:00:00+00:00,1.9684300422668457,1.9686599969863892,1.964050054550171,1.9657000303268433
2026-03-06 04:00:00+00:00,1.9655300378799438,1.9671299457550049,1.9632500410079956,1.9641499519348145
2026-03-06 08:00:00+00:00,1.964269995689392,1.9720300436019897,1.9633500576019287,1.9713000059127808
2026-03-06 12:00:00+00:00,1.9712799787521362,1.9724299907684326,1.9655100107192993,1.9671399593353271
2026-03-06 16:00:00+00:00,1.9671599864959717,1.968209981918335,1.9650100469589233,1.965749979019165
2026-03-06 20:00:00+00:00,1.965749979019165,1.9687000513076782,1.9649900197982788,1.9685699939727783
2026-03-09 00:00:00+00:00,1.969230055809021,1.9696600437164307,1.9601800441741943,1.962090015411377
2026-03-09 04:00:00+00:00,1.9622000455856323,1.9643700122833252,1.9599900245666504,1.9628299474716187
2026-03-09 08:00:00+00:00,1.96288001537323,1.9630000591278076,1.9541599750518799,1.9573500156402588
2026-03-09 12:00:00+00:00,1.957170009613037,1.9596500396728516,1.954390048980713,1.9588600397109985
2026-03-09 16:00:00+00:00,1.9586399793624878,1.960860013961792,1.9553500413894653,1.958709955215454
2026-03-09 20:00:00+00:00,1.9585599899291992,1.9630800485610962,1.9584699869155884,1.96002995967865
2026-03-10 00:00:00+00:00,1.9595600366592407,1.9651399850845337,1.958340048789978,1.9636499881744385
2026-03-10 04:00:00+00:00,1.9633500576019287,1.965309977531433,1.960170030593872,1.9631199836730957
2026-03-10 08:00:00+00:00,1.9629499912261963,1.965999960899353,1.9581199884414673,1.9586700201034546
2026-03-10 12:00:00+00:00,1.9588299989700317,1.9609099626541138,1.9537099599838257,1.9558600187301636
2026-03-10 16:00:00+00:00,1.9557000398635864,1.9592499732971191,1.9541800022125244,1.9581600427627563
2026-03-10 20:00:00+00:00,1.9580899477005005,1.9602099657058716,1.956030011177063,1.9596099853515625
2026-03-11 00:00:00+00:00,1.9596600532531738,1.9608800411224365,1.956380009651184,1.956969976425171
2026-03-11 04:00:00+00:00,1.9567899703979492,1.960070013999939,1.9555399417877197,1.957550048828125
2026-03-11 08:00:00+00:00,1.9576400518417358,1.9597400426864624,1.955739974975586,1.957360029220581
2026-03-11 12:00:00+00:00,1.9571499824523926,1.9595600366592407,1.9512100219726562,1.9576599597930908
2026-03-11 16:00:00+00:00,1.9575899839401245,1.9581799507141113,1.9548100233078003,1.9552199840545654
2026-03-11 20:00:00+00:00,1.9552799463272095,1.9586800336837769,1.953629970550537,1.9579600095748901
2026-03-12 00:00:00+00:00,1.957919955253601,1.9579600095748901,1.9526499509811401,1.9532599449157715
2026-03-12 04:00:00+00:00,1.9531899690628052,1.9580299854278564,1.9529500007629395,1.9559400081634521
2026-03-12 08:00:00+00:00,1.9559199810028076,1.9587299823760986,1.954259991645813,1.9574899673461914
2026-03-12 12:00:00+00:00,1.957360029220581,1.9662100076675415,1.9564399719238281,1.9632400274276733
2026-03-12 16:00:00+00:00,1.963230013847351,1.967419981956482,1.9629100561141968,1.9666600227355957
2026-03-12 20:00:00+00:00,1.9665199518203735,1.9689799547195435,1.9641599655151367,1.9682600498199463
2026-03-13 00:00:00+00:00,1.9680999517440796,1.9699599742889404,1.9659600257873535,1.9687000513076782
2026-03-13 04:00:00+00:00,1.9682300090789795,1.9767199754714966,1.968150019645691,1.972480058670044
2026-03-13 08:00:00+00:00,1.9723999500274658,1.972830057144165,1.9653400182724,1.9667500257492065
2026-03-13 12:00:00+00:00,1.966599941253662,1.9722100496292114,1.9657200574874878,1.9717400074005127
2026-03-13 16:00:00+00:00,1.9717400074005127,1.9751800298690796,1.9706900119781494,1.974660038948059
2026-03-13 20:00:00+00:00,1.974660038948059,1.9780299663543701,1.9745399951934814,1.976639986038208
2026-03-16 00:00:00+00:00,1.9726999998092651,1.9740400314331055,1.9690799713134766,1.9706900119781494
2026-03-16 04:00:00+00:00,1.9706900119781494,1.9713599681854248,1.9670900106430054,1.9676100015640259
2026-03-16 08:00:00+00:00,1.967579960823059,1.9692800045013428,1.9640599489212036,1.9653500318527222
2026-03-16 12:00:00+00:00,1.9652600288391113,1.9653600454330444,1.9620699882507324,1.964840054512024
2026-03-16 16:00:00+00:00,1.9648000001907349,1.9668300151824951,1.9630199670791626,1.9635100364685059
2026-03-16 20:00:00+00:00,1.963189959526062,1.965250015258789,1.9618200063705444,1.9644099473953247
2026-03-17 00:00:00+00:00,1.964400053024292,1.9676200151443481,1.9628900289535522,1.96642005443573
2026-03-17 04:00:00+00:00,1.9663200378417969,1.9742599725723267,1.965250015258789,1.9731700420379639
2026-03-17 08:00:00+00:00,1.9732999801635742,1.974519968032837,1.9691499471664429,1.970460057258606
2026-03-17 12:00:00+00:00,1.970460057258606,1.9707200527191162,1.9671499729156494,1.9673999547958374
2026-03-17 16:00:00+00:00,1.9673000574111938,1.9698799848556519,1.966480016708374,1.9695199728012085
2026-03-17 20:00:00+00:00,1.969480037689209,1.9714200496673584,1.9668699502944946,1.9696999788284302
2026-03-18 00:00:00+00:00,1.9696199893951416,1.9701900482177734,1.9666500091552734,1.968690037727356
2026-03-18 04:00:00+00:00,1.9686000347137451,1.969939947128296,1.9660600423812866,1.9675999879837036
2026-03-18 08:00:00+00:00,1.967460036277771,1.9725099802017212,1.9668999910354614,1.9722599983215332
2026-03-18 12:00:00+00:00,1.9720799922943115,1.9769400358200073,1.970080018043518,1.9716500043869019
2026-03-18 16:00:00+00:00,1.9716600179672241,1.9758000373840332,1.9676799774169922,1.9756799936294556
2026-03-18 20:00:00+00:00,1.9756300449371338,1.980080008506775,1.965090036392212,1.9780299663543701
2026-03-19 00:00:00+00:00,1.9780700206756592,1.9782099723815918,1.9708800315856934,1.9715800285339355
2026-03-19 04:00:00+00:00,1.9713399410247803,1.972730040550232,1.9699599742889404,1.97160005569458
2026-03-19 08:00:00+00:00,1.9717700481414795,1.9753899574279785,1.9689199924468994,1.9740300178527832
2026-03-19 12:00:00+00:00,1.974020004272461,1.9809399843215942,1.9704300165176392,1.9744600057601929
2026-03-19 16:00:00+00:00,1.9744600057601929,1.9770699739456177,1.9700599908828735,1.9721299409866333
2026-03-19 20:00:00+00:00,1.972350001335144,1.9737900495529175,1.969499945640564,1.9730199575424194
2026-03-20 00:00:00+00:00,1.9730499982833862,1.9730600118637085,1.9634599685668945,1.964400053024292
2026-03-20 04:00:00+00:00,1.9643299579620361,1.9679800271987915,1.963610053062439,1.9652800559997559
2026-03-20 08:00:00+00:00,1.9652400016784668,1.972309947013855,1.9647200107574463,1.9706799983978271
2026-03-20 12:00:00+00:00,1.9704999923706055,1.9780499935150146,1.969190001487732,1.9765900373458862
2026-03-20 16:00:00+00:00,1.9764900207519531,1.9849499464035034,1.976430058479309,1.9836699962615967
2026-03-20 20:00:00+00:00,1.9836699962615967,1.9849400520324707,1.9811999797821045,1.9821100234985352
2026-03-23 00:00:00+00:00,1.982159972190857,1.9875400066375732,1.979990005493164,1.9869799613952637
2026-03-23 04:00:00+00:00,1.9869799613952637,1.991189956665039,1.98580002784729,1.9903700351715088
2026-03-23 08:00:00+00:00,1.9903700351715088,1.993399977684021,1.9800000190734863,1.9885499477386475
2026-03-23 12:00:00+00:00,1.9883500337600708,1.9898600578308105,1.974679946899414,1.9828100204467773
2026-03-23 16:00:00+00:00,1.982800006866455,1.9848999977111816,1.976770043373108,1.979599952697754
2026-03-23 20:00:00+00:00,1.979599952697754,1.9841899871826172,1.974850058555603,1.982300043106079
2026-03-24 00:00:00+00:00,1.9826500415802002,1.9863300323486328,1.9817399978637695,1.985859990119934
2026-03-24 04:00:00+00:00,1.9854300022125244,1.9885900020599365,1.9813300371170044,1.984910011291504
2026-03-24 08:00:00+00:00,1.9850200414657593,1.9917800426483154,1.984320044517517,1.9870400428771973
2026-03-24 12:00:00+00:00,1.9870400428771973,1.9905999898910522,1.9861700534820557,1.9903099536895752
2026-03-24 16:00:00+00:00,1.9903099536895752,1.9960099458694458,1.9895700216293335,1.9908499717712402
2026-03-24 20:00:00+00:00,1.9905799627304077,1.991260051727295,1.9852999448776245,1.9895999431610107
2026-03-25 00:00:00+00:00,1.9898799657821655,1.993280053138733,1.9885599613189697,1.9925700426101685
2026-03-25 04:00:00+00:00,1.9920400381088257,1.9951900243759155,1.9918700456619263,1.9940999746322632
2026-03-25 08:00:00+00:00,1.9934699535369873,1.9957000017166138,1.989840030670166,1.9928100109100342
2026-03-25 12:00:00+00:00,1.992709994316101,1.9947199821472168,1.988379955291748,1.9898300170898438
2026-03-25 16:00:00+00:00,1.989650011062622,1.991919994354248,1.9871400594711304,1.9909499883651733
2026-03-25 20:00:00+00:00,1.9906799793243408,1.992069959640503,1.9880900382995605,1.9913500547409058
2026-03-26 00:00:00+00:00,1.9911400079727173,1.9938900470733643,1.990399956703186,1.9922599792480469
2026-03-26 04:00:00+00:00,1.9922399520874023,1.9975899457931519,1.991170048713684,1.9973700046539307
2026-03-26 08:00:00+00:00,1.997380018234253,1.99822998046875,1.995229959487915,1.9962799549102783
2026-03-26 12:00:00+00:00,1.9958699941635132,1.998039960861206,1.9927500486373901,1.9976199865341187
2026-03-26 16:00:00+00:00,1.9972599744796753,2.003200054168701,1.9968299865722656,2.00246000289917
2026-03-26 20:00:00+00:00,2.0027499198913574,2.0035400390625,1.997939944267273,2.002350091934204
2026-03-27 00:00:00+00:00,2.001929998397827,2.004189968109131,1.998039960861206,1.9991899728775024
2026-03-27 04:00:00+00:00,1.9991600513458252,2.000499963760376,1.9960399866104126,1.9981600046157837
2026-03-27 08:00:00+00:00,1.9975899457931519,1.9984099864959717,1.9950400590896606,1.998020052909851
2026-03-27 12:00:00+00:00,1.997630000114441,2.003309965133667,1.9973700046539307,2.0007901191711426
2026-03-27 16:00:00+00:00,2.000459909439087,2.005429983139038,2.000380039215088,2.004379987716675
2026-03-27 20:00:00+00:00,2.004199981689453,2.005079984664917,2.00137996673584,2.002000093460083
2026-03-30 00:00:00+01:00,2.004430055618286,2.009390115737915,2.003770112991333,2.009269952774048
2026-03-30 04:00:00+01:00,2.0093300342559814,2.009399890899658,2.0028300285339355,2.0055599212646484
2026-03-30 08:00:00+01:00,2.00531005859375,2.0098800659179688,2.0037500858306885,2.008080005645752
2026-03-30 12:00:00+01:00,2.0079100131988525,2.009929895401001,2.00465989112854,2.0053598880767822
2026-03-30 16:00:00+01:00,2.0051798820495605,2.0058200359344482,2.0032999515533447,2.004470109939575
2026-03-30 20:00:00+01:00,2.0043599605560303,2.0060501098632812,2.001120090484619,2.0032999515533447
2026-03-31 00:00:00+01:00,2.0035600662231445,2.0067899227142334,2.0019500255584717,2.0049901008605957
2026-03-31 04:00:00+01:00,2.0050699710845947,2.0096399784088135,2.0042800903320312,2.007859945297241
2026-03-31 08:00:00+01:00,2.007550001144409,2.010200023651123,2.0054800510406494,2.009000062942505
2026-03-31 12:00:00+01:00,2.008690118789673,2.020819902420044,2.004539966583252,2.0193300247192383
2026-03-31 16:00:00+01:00,2.0196099281311035,2.020050048828125,2.0107901096343994,2.0119900703430176
2026-03-31 20:00:00+01:00,2.0116899013519287,2.0127999782562256,2.0083999633789062,2.011620044708252
2026-04-01 00:00:00+01:00,2.0116000175476074,2.0158801078796387,2.0093400478363037,2.015779972076416
2026-04-01 04:00:00+01:00,2.0157699584960938,2.017270088195801,2.007930040359497,2.00819993019104
2026-04-01 08:00:00+01:00,2.00819993019104,2.0139598846435547,2.007960081100464,2.010859966278076
2026-04-01 12:00:00+01:00,2.010540008544922,2.0160200595855713,2.0081100463867188,2.015010118484497
2026-04-01 16:00:00+01:00,2.0147900581359863,2.016439914703369,2.01104998588562,2.0152499675750732
2026-04-01 20:00:00+01:00,2.01528000831604,2.015500068664551,2.011699914932251,2.0149099826812744
2026-04-02 00:00:00+01:00,2.014820098876953,2.0202701091766357,2.0137200355529785,2.018929958343506
2026-04-02 04:00:00+01:00,2.0188300609588623,2.021739959716797,2.0176000595092773,2.019049882888794
2026-04-02 08:00:00+01:00,2.0190999507904053,2.019789934158325,2.015939950942993,2.018049955368042
2026-04-02 12:00:00+01:00,2.018049955368042,2.0197999477386475,2.0132100582122803,2.0163700580596924
2026-04-02 16:00:00+01:00,2.015850067138672,2.0179901123046875,2.0148699283599854,2.016969919204712
2026-04-02 20:00:00+01:00,2.0165700912475586,2.0206499099731445,2.016429901123047,2.0181400775909424
2026-04-03 00:00:00+01:00,2.0179901123046875,2.0204100608825684,2.0170700550079346,2.0203399658203125
2026-04-03 04:00:00+01:00,2.0203800201416016,2.021130084991455,2.0192999839782715,2.020900011062622
2026-04-03 08:00:00+01:00,2.0202600955963135,2.023469924926758,2.0201799869537354,2.0221400260925293
2026-04-03 12:00:00+01:00,2.022200107574463,2.0234100818634033,2.018170118331909,2.022939920425415
2026-04-03 16:00:00+01:00,2.0230600833892822,2.0243399143218994,2.0215299129486084,2.023240089416504
2026-04-03 20:00:00+01:00,2.023400068283081,2.026170015335083,2.008049964904785,2.0231199264526367
2026-04-06 00:00:00+01:00,2.0232999324798584,2.024369955062866,2.01921010017395,2.020699977874756
2026-04-06 04:00:00+01:00,2.020740032196045,2.0215299129486084,2.01911997795105,2.0202701091766357
2026-04-06 08:00:00+01:00,2.0197598934173584,2.021359920501709,2.017400026321411,2.018939971923828
2026-04-06 12:00:00+01:00,2.018399953842163,2.0219099521636963,2.017119884490967,2.0181798934936523
2026-04-06 16:00:00+01:00,2.0178000926971436,2.021389961242676,2.017519950866699,2.0200300216674805
2026-04-06 20:00:00+01:00,2.020129919052124,2.021199941635132,2.0164999961853027,2.0208399295806885
2026-04-07 00:00:00+01:00,2.021059989929199,2.0253899097442627,2.01911997795105,2.0243499279022217
2026-04-07 04:00:00+01:00,2.0242700576782227,2.024399995803833,2.0212900638580322,2.0232698917388916
2026-04-07 08:00:00+01:00,2.0229101181030273,2.0260798931121826,2.0219600200653076,2.0253400802612305
2026-04-07 12:00:00+01:00,2.0250799655914307,2.030289888381958,2.0241899490356445,2.0299699306488037
2026-04-07 16:00:00+01:00,2.030019998550415,2.031179904937744,2.025629997253418,2.0281999111175537
2026-04-07 20:00:00+01:00,2.0281600952148438,2.029010057449341,2.010240077972412,2.012310028076172
2026-04-08 00:00:00+01:00,2.0125598907470703,2.0167300701141357,2.006119966506958,2.0127201080322266
2026-04-08 04:00:00+01:00,2.012850046157837,2.013400077819824,1.9988399744033813,2.0020499229431152
2026-04-08 08:00:00+01:00,2.0015599727630615,2.008699893951416,2.00150990486145,2.0076799392700195
2026-04-08 12:00:00+01:00,2.0076799392700195,2.0086801052093506,1.9994200468063354,2.0025899410247803
2026-04-08 16:00:00+01:00,2.002609968185425,2.0046699047088623,2.0009899139404297,2.004159927368164
2026-04-08 20:00:00+01:00,2.0041298866271973,2.0048599243164062,1.9987900257110596,2.0016798973083496
2026-04-09 00:00:00+01:00,2.0016798973083496,2.0035400390625,1.9986200332641602,2.0000500679016113
2026-04-09 04:00:00+01:00,2.0000100135803223,2.0010499954223633,1.997630000114441,1.9983999729156494
2026-04-09 08:00:00+01:00,1.9980700016021729,2.0027999877929688,1.9974700212478638,2.001660108566284
2026-04-09 12:00:00+01:00,2.0016000270843506,2.0032598972320557,1.9962999820709229,1.9985500574111938
2026-04-09 16:00:00+01:00,1.9981900453567505,1.9994200468063354,1.9934300184249878,1.997730016708374
2026-04-09 20:00:00+01:00,1.9977400302886963,1.9984400272369385,1.9927599430084229,1.9968199729919434
2026-04-10 00:00:00+01:00,1.9970300197601318,1.9995499849319458,1.996250033378601,1.9993599653244019
2026-04-10 04:00:00+01:00,1.9988700151443481,2.00108003616333,1.997480034828186,2.000159978866577
2026-04-10 08:00:00+01:00,2.0001699924468994,2.0050699710845947,1.9993300437927246,2.0047500133514404
2026-04-10 12:00:00+01:00,2.0044798851013184,2.0053699016571045,1.999500036239624,2.0038599967956543
2026-04-10 16:00:00+01:00,2.003570079803467,2.0081400871276855,2.0031700134277344,2.0069899559020996
2026-04-10 20:00:00+01:00,2.007009983062744,2.0087900161743164,2.006150007247925,2.008500099182129
2026-04-13 00:00:00+01:00,2.0116400718688965,2.0124599933624268,2.0063600540161133,2.0071399211883545
2026-04-13 04:00:00+01:00,2.007040023803711,2.007780075073242,2.0036699771881104,2.004430055618286
2026-04-13 08:00:00+01:00,2.0041298866271973,2.0053699016571045,2.0022599697113037,2.0046401023864746
2026-04-13 12:00:00+01:00,2.004889965057373,2.0088601112365723,2.002110004425049,2.002779960632324
2026-04-13 16:00:00+01:00,2.0025599002838135,2.005150079727173,2.0004498958587646,2.0029499530792236
2026-04-13 20:00:00+01:00,2.002959966659546,2.0050899982452393,2.0007500648498535,2.0033700466156006
2026-04-14 00:00:00+01:00,2.0035500526428223,2.0077900886535645,2.002609968185425,2.006580114364624
2026-04-14 04:00:00+01:00,2.006619930267334,2.0069899559020996,2.0002899169921875,2.00216007232666
2026-04-14 08:00:00+01:00,2.001849889755249,2.003200054168701,1.998289942741394,2.000920057296753
2026-04-14 12:00:00+01:00,2.000619888305664,2.00108003616333,1.9938600063323975,1.9959700107574463
2026-04-14 16:00:00+01:00,1.9957200288772583,1.99822998046875,1.9945600032806396,1.9974199533462524
2026-04-14 20:00:00+01:00,1.997499942779541,1.9994499683380127,1.996399998664856,1.998020052909851
2026-04-15 00:00:00+01:00,1.9982600212097168,1.999500036239624,1.9971699714660645,1.9979900121688843
2026-04-15 04:00:00+01:00,1.9979699850082397,1.998329997062683,1.995710015296936,1.997249960899353
2026-04-15 08:00:00+01:00,1.9969099760055542,1.9982099533081055,1.9950900077819824,1.9958399534225464
2026-04-15 12:00:00+01:00,1.9955699443817139,2.0000100135803223,1.9950100183486938,1.9978899955749512
2026-04-15 16:00:00+01:00,1.9978899955749512,1.9984400272369385,1.9938199520111084,1.994480013847351
2026-04-15 20:00:00+01:00,1.9944900274276733,1.9980000257492065,1.993299961090088,1.9949300289154053
2026-04-16 00:00:00+01:00,1.9948999881744385,1.998039960861206,1.9941500425338745,1.9962400197982788
2026-04-16 04:00:00+01:00,1.996250033378601,1.9973399639129639,1.9945800304412842,1.9967299699783325
2026-04-16 08:00:00+01:00,1.9964900016784668,2.0005199909210205,1.9955799579620361,2.0001800060272217
2026-04-16 12:00:00+01:00,2.0002200603485107,2.000880002975464,1.997499942779541,1.9984300136566162
2026-04-16 16:00:00+01:00,1.9981399774551392,2.001430034637451,1.9975999593734741,2.001199960708618
2026-04-16 20:00:00+01:00,2.0012099742889404,2.001349925994873,1.9967299699783325,2.000499963760376
2026-04-17 00:00:00+01:00,2.0002400875091553,2.0019500255584717,1.9992400407791138,2.0014500617980957
2026-04-17 04:00:00+01:00,2.001569986343384,2.002500057220459,1.999899983406067,2.001699924468994
2026-04-17 08:00:00+01:00,2.00177001953125,2.0050899982452393,2.0001800060272217,2.004770040512085
2026-04-17 12:00:00+01:00,2.0048298835754395,2.0052599906921387,1.9956799745559692,1.9967199563980103
2026-04-17 16:00:00+01:00,1.9964900016784668,1.999940037727356,1.9961700439453125,1.999619960784912
2026-04-17 20:00:00+01:00,1.9996399879455566,2.0000200271606445,1.997230052947998,1.9989099502563477
2026-04-20 00:00:00+01:00,2.0004899501800537,2.0021700859069824,1.9988199472427368,1.9992200136184692
2026-04-20 04:00:00+01:00,1.999559998512268,2.003340005874634,1.9988399744033813,2.002729892730713
2026-04-20 08:00:00+01:00,2.0009899139404297,2.002350091934204,1.9993300437927246,2.001729965209961
2026-04-20 12:00:00+01:00,2.0015199184417725,2.0030999183654785,1.9984300136566162,2.000040054321289
2026-04-20 16:00:00+01:00,1.999750018119812,2.0017800331115723,1.9988000392913818,2.000619888305664
2026-04-20 20:00:00+01:00,2.0005099773406982,2.004159927368164,1.9928699731826782,1.9936800003051758
2026-04-21 00:00:00+01:00,1.9931700229644775,1.9955500364303589,1.9897700548171997,1.991860032081604
2026-04-21 04:00:00+01:00,1.9914599657058716,1.9957200288772583,1.990190029144287,1.9909100532531738
2026-04-21 08:00:00+01:00,1.9905799627304077,1.9942100048065186,1.9902100563049316,1.9917999505996704
2026-04-21 12:00:00+01:00,1.9915900230407715,1.9927899837493896,1.9871100187301636,1.9909299612045288
2026-04-21 16:00:00+01:00,1.9908499717712402,1.9946999549865723,1.989150047302246,1.9917700290679932
2026-04-21 20:00:00+01:00,1.9917700290679932,1.9965900182724,1.9897799491882324,1.9917800426483154
2026-04-22 00:00:00+01:00,1.9917700290679932,1.9918299913406372,1.987380027770996,1.9883999824523926
2026-04-22 04:00:00+01:00,1.9883099794387817,1.989169955253601,1.9849200248718262,1.9858900308609009
2026-04-22 08:00:00+01:00,1.985550045967102,1.9883500337600708,1.9846099615097046,1.9875799417495728
2026-04-22 12:00:00+01:00,1.98757004737854,1.9880599975585938,1.9814399480819702,1.9829000234603882
2026-04-22 16:00:00+01:00,1.9828200340270996,1.9838600158691406,1.9809600114822388,1.9826200008392334
2026-04-22 20:00:00+01:00,1.9825400114059448,1.9833600521087646,1.978559970855713,1.9825999736785889
2026-04-23 00:00:00+01:00,1.9822499752044678,1.9859000444412231,1.9813400506973267,1.9857499599456787
2026-04-23 04:00:00+01:00,1.9852299690246582,1.990280032157898,1.9851000308990479,1.9880599975585938
2026-04-23 08:00:00+01:00,1.9877300262451172,1.9900399446487427,1.9852700233459473,1.988800048828125
2026-04-23 12:00:00+01:00,1.9884899854660034,1.9917099475860596,1.9853099584579468,1.99058997631073
2026-04-23 16:00:00+01:00,1.9903600215911865,1.9980000257492065,1.9897300004959106,1.9945800304412842
2026-04-23 20:00:00+01:00,1.9946999549865723,1.9974700212478638,1.9901000261306763,1.9953700304031372
2026-04-24 00:00:00+01:00,1.9952499866485596,1.996940016746521,1.993299961090088,1.9966800212860107
2026-04-24 04:00:00+01:00,1.9967800378799438,1.998829960823059,1.9947500228881836,1.9970699548721313
2026-04-24 08:00:00+01:00,1.9969700574874878,1.997499942779541,1.9941799640655518,1.9969799518585205
2026-04-24 12:00:00+01:00,1.9967000484466553,1.9970799684524536,1.9927400350570679,1.9944299459457397
2026-04-24 16:00:00+01:00,1.9941699504852295,1.994920015335083,1.9916499853134155,1.992550015449524
2026-04-24 20:00:00+01:00,1.9925800561904907,1.9933799505233765,1.991029977798462,1.9928699731826782
2026-04-27 00:00:00+01:00,1.9934300184249878,1.9943499565124512,1.9894599914550781,1.9900200366973877
2026-04-27 04:00:00+01:00,1.989740014076233,1.9931700229644775,1.9893200397491455,1.9922200441360474
2026-04-27 08:00:00+01:00,1.9917999505996704,1.9923399686813354,1.9855799674987793,1.9865299463272095
2026-04-27 12:00:00+01:00,1.986199975013733,1.9867199659347534,1.9824199676513672,1.9832500219345093
2026-04-27 16:00:00+01:00,1.9829699993133545,1.9839099645614624,1.9817299842834473,1.9831199645996094
2026-04-27 20:00:00+01:00,1.9831600189208984,1.9853099584579468,1.981029987335205,1.98294997215271
2026-04-28 00:00:00+01:00,1.9830399751663208,1.9859800338745117,1.9808900356292725,1.9852099418640137
2026-04-28 04:00:00+01:00,1.985219955444336,1.9875999689102173,1.984179973602295,1.9861600399017334
2026-04-28 08:00:00+01:00,1.986240029335022,1.9890999794006348,1.9845099449157715,1.9887100458145142
2026-04-28 12:00:00+01:00,1.9884899854660034,1.9920599460601807,1.9881800413131714,1.9912099838256836
2026-04-28 16:00:00+01:00,1.9914300441741943,1.9914900064468384,1.988219976425171,1.9898699522018433
2026-04-28 20:00:00+01:00,1.9898699522018433,1.991819977760315,1.9870500564575195,1.9903199672698975
2026-04-29 00:00:00+01:00,1.9902600049972534,1.9975299835205078,1.9878900051116943,1.9974199533462524
2026-04-29 04:00:00+01:00,1.997380018234253,1.9989500045776367,1.9931299686431885,1.9949300289154053
2026-04-29 08:00:00+01:00,1.9948999881744385,1.9986499547958374,1.993899941444397,1.9973599910736084
2026-04-29 12:00:00+01:00,1.9976500272750854,2.003809928894043,1.995959997177124,2.00108003616333
2026-04-29 16:00:00+01:00,2.0007500648498535,2.005189895629883,1.9993699789047241,2.0030100345611572
2026-04-29 20:00:00+01:00,2.0030999183654785,2.005539894104004,1.9976099729537964,2.0017600059509277
2026-04-30 00:00:00+01:00,2.001919984817505,2.003509998321533,1.998610019683838,1.9998199939727783
2026-04-30 04:00:00+01:00,1.9998500347137451,2.002779960632324,1.9983099699020386,2.00137996673584
2026-04-30 08:00:00+01:00,2.0012900829315186,2.0016000270843506,1.9961600303649902,1.9970899820327759
2026-04-30 12:00:00+01:00,1.996880054473877,1.9973599910736084,1.9874099493026733,1.9920799732208252
2026-04-30 16:00:00+01:00,1.9918099641799927,1.992799997329712,1.9854600429534912,1.9867899417877197
2026-04-30 20:00:00+01:00,1.9868600368499756,1.9872599840164185,1.9832899570465088,1.9862899780273438
2026-05-01 00:00:00+01:00,1.9856499433517456,1.9877400398254395,1.9847899675369263,1.987149953842163
2026-05-01 04:00:00+01:00,1.987130045890808,1.9911600351333618,1.9860199689865112,1.9898600578308105
2026-05-01 08:00:00+01:00,1.9896600246429443,1.9935200214385986,1.9890999794006348,1.9931999444961548
2026-05-01 12:00:00+01:00,1.9931999444961548,1.9938100576400757,1.9880900382995605,1.9892699718475342
2026-05-01 16:00:00+01:00,1.989009976387024,1.9896899461746216,1.9851800203323364,1.9859600067138672
2026-05-01 20:00:00+01:00,1.9859600067138672,1.9873100519180298,1.9846899509429932,1.987239956855774
2026-05-04 04:00:00+01:00,1.9813200235366821,1.9855799674987793,1.9807900190353394,1.9848400354385376
2026-05-04 08:00:00+01:00,1.984879970550537,1.9902199506759644,1.9845999479293823,1.9878499507904053
2026-05-04 12:00:00+01:00,1.9878400564193726,1.9892699718475342,1.9851700067520142,1.9883099794387817
2026-05-04 16:00:00+01:00,1.9880900382995605,1.9942100048065186,1.9876199960708618,1.9908000230789185
2026-05-04 20:00:00+01:00,1.990820050239563,1.9915599822998047,1.9881099462509155,1.991029977798462
2026-05-05 00:00:00+01:00,1.9911199808120728,1.993649959564209,1.9901599884033203,1.992069959640503
2026-05-05 04:00:00+01:00,1.992169976234436,1.993649959564209,1.9880199432373047,1.989050030708313
2026-05-05 08:00:00+01:00,1.9890600442886353,1.9910500049591064,1.9854199886322021,1.9873600006103516
2026-05-05 12:00:00+01:00,1.9874000549316406,1.9889500141143799,1.983839988708496,1.9857300519943237
2026-05-05 16:00:00+01:00,1.9854400157928467,1.9864100217819214,1.982509970664978,1.9863300323486328
2026-05-05 20:00:00+01:00,1.9849200248718262,1.9892699718475342,1.983049988746643,1.9856799840927124
2026-05-06 00:00:00+01:00,1.9850800037384033,1.986050009727478,1.9757800102233887,1.9763699769973755
2026-05-06 04:00:00+01:00,1.976330041885376,1.976330041885376,1.9705899953842163,1.9711099863052368
2026-05-06 08:00:00+01:00,1.970770001411438,1.9737399816513062,1.9683300256729126,1.9702800512313843
2026-05-06 12:00:00+01:00,1.9697599411010742,1.9740699529647827,1.969539999961853,1.9723800420761108
2026-05-06 16:00:00+01:00,1.972100019454956,1.9745099544525146,1.9709500074386597,1.9723399877548218
2026-05-06 20:00:00+01:00,1.972350001335144,1.974410057067871,1.9672000408172607,1.9726799726486206
2026-05-07 00:00:00+01:00,1.9724199771881104,1.97406005859375,1.9710500240325928,1.972040057182312
2026-05-07 04:00:00+01:00,1.9721299409866333,1.9725699424743652,1.969539999961853,1.9711500406265259
2026-05-07 08:00:00+01:00,1.971119999885559,1.9721599817276,1.966770052909851,1.9675999879837036
2026-05-07 12:00:00+01:00,1.967270016670227,1.9708399772644043,1.9663200378417969,1.9695600271224976
2026-05-07 16:00:00+01:00,1.9697200059890747,1.974810004234314,1.9694000482559204,1.9736599922180176
2026-05-07 20:00:00+01:00,1.9734599590301514,1.976140022277832,1.970620036125183,1.9754600524902344
2026-05-08 00:00:00+01:00,1.9756499528884888,1.9769400358200073,1.9737199544906616,1.9752000570297241
2026-05-08 04:00:00+01:00,1.975160002708435,1.9752399921417236,1.9716700315475464,1.972730040550232
2026-05-08 08:00:00+01:00,1.972409963607788,1.974269986152649,1.9714100360870361,1.972190022468567
2026-05-08 12:00:00+01:00,1.9723399877548218,1.9778499603271484,1.9714699983596802,1.9763699769973755
2026-05-08 16:00:00+01:00,1.9762200117111206,1.9770900011062622,1.9742200374603271,1.9763100147247314
2026-05-08 20:00:00+01:00,1.974850058555603,1.976330041885376,1.9736499786376953,1.9745299816131592
2026-05-11 00:00:00+01:00,1.976830005645752,1.9784899950027466,1.9752099514007568,1.9775400161743164
2026-05-11 04:00:00+01:00,1.9771300554275513,1.9783799648284912,1.9760299921035767,1.9773600101470947
2026-05-11 08:00:00+01:00,1.9773600101470947,1.9796600341796875,1.9766499996185303,1.9782999753952026
2026-05-11 12:00:00+01:00,1.978600025177002,1.9788800477981567,1.9745299816131592,1.974850058555603
2026-05-11 16:00:00+01:00,1.974910020828247,1.975559949874878,1.973330020904541,1.975000023841858
2026-05-11 20:00:00+01:00,1.9750499725341797,1.9776699542999268,1.9733400344848633,1.9751700162887573
2026-05-12 00:00:00+01:00,1.975000023841858,1.9767800569534302,1.9726799726486206,1.9733699560165405
2026-05-12 04:00:00+01:00,1.9733699560165405,1.977560043334961,1.9728200435638428,1.977239966392517
2026-05-12 08:00:00+01:00,1.9769699573516846,1.9780000448226929,1.9731099605560303,1.973449945449829
2026-05-12 12:00:00+01:00,1.9733699560165405,1.9744900465011597,1.97121000289917,1.9735000133514404
2026-05-12 16:00:00+01:00,1.9732999801635742,1.9757599830627441,1.9712200164794922,1.9726999998092651
2026-05-12 20:00:00+01:00,1.9712200164794922,1.9744999408721924,1.968709945678711,1.9717799425125122
2026-05-13 00:00:00+01:00,1.9717799425125122,1.9719899892807007,1.967419981956482,1.9692800045013428
2026-05-13 04:00:00+01:00,1.9692699909210205,1.9758299589157104,1.968209981918335,1.973620057106018
2026-05-13 08:00:00+01:00,1.9733099937438965,1.975469946861267,1.9721299409866333,1.9747400283813477
2026-05-13 12:00:00+01:00,1.9744600057601929,1.976830005645752,1.9732600450515747,1.9742200374603271
2026-05-13 16:00:00+01:00,1.9742200374603271,1.974519968032837,1.971250057220459,1.9733599424362183
2026-05-13 20:00:00+01:00,1.9735900163650513,1.975450038909912,1.9708000421524048,1.9737000465393066
2026-05-14 00:00:00+01:00,1.9727200269699097,1.976199984550476,1.9727200269699097,1.9748400449752808
2026-05-14 04:00:00+01:00,1.9747899770736694,1.976040005683899,1.971369981765747,1.972659945487976
2026-05-14 08:00:00+01:00,1.9726099967956543,1.9747200012207031,1.971119999885559,1.9731299877166748
2026-05-14 12:00:00+01:00,1.9731099605560303,1.9748400449752808,1.9709700345993042,1.9718199968338013
2026-05-14 16:00:00+01:00,1.971519947052002,1.9737999439239502,1.9710899591445923,1.97298002243042
2026-05-14 20:00:00+01:00,1.9729599952697754,1.9752800464630127,1.9699499607086182,1.9743200540542603
2026-05-15 00:00:00+01:00,1.9742499589920044,1.9808800220489502,1.9736100435256958,1.9796099662780762
2026-05-15 04:00:00+01:00,1.979640007019043,1.9862799644470215,1.9788199663162231,1.9857100248336792
2026-05-15 08:00:00+01:00,1.9854099750518799,1.990190029144287,1.983780026435852,1.9876600503921509
2026-05-15 12:00:00+01:00,1.9871599674224854,1.991170048713684,1.9868500232696533,1.9890899658203125
2026-05-15 16:00:00+01:00,1.9888999462127686,1.9910399913787842,1.9881700277328491,1.989359974861145
2026-05-15 20:00:00+01:00,1.989359974861145,1.9914100170135498,1.988800048828125,1.9907599687576294
2026-05-18 00:00:00+01:00,1.9895999431610107,1.9934899806976318,1.9885300397872925,1.991729974746704
2026-05-18 04:00:00+01:00,1.9912400245666504,1.9917199611663818,1.988919973373413,1.9891999959945679
2026-05-18 08:00:00+01:00,1.988919973373413,1.990149974822998,1.9855600595474243,1.986109972000122
2026-05-18 12:00:00+01:00,1.9861799478530884,1.9873100519180298,1.981119990348816,1.9851900339126587
2026-05-18 16:00:00+01:00,1.9849599599838257,1.98649001121521,1.9832299947738647,1.9845600128173828
2026-05-18 20:00:00+01:00,1.9845600128173828,1.984879970550537,1.9811700582504272,1.9831199645996094
2026-05-19 00:00:00+01:00,1.9830900430679321,1.9894499778747559,1.9821100234985352,1.9876999855041504
2026-05-19 04:00:00+01:00,1.9881199598312378,1.9890400171279907,1.986050009727478,1.9865100383758545
2026-05-19 08:00:00+01:00,1.986240029335022,1.9895399808883667,1.9855200052261353,1.988360047340393
2026-05-19 12:00:00+01:00,1.9880800247192383,1.9934500455856323,1.986780047416687,1.99127995967865
2026-05-19 16:00:00+01:00,1.9910500049591064,1.9914400577545166,1.987280011177063,1.988569974899292
2026-05-19 20:00:00+01:00,1.9885799884796143,1.989300012588501,1.9854999780654907,1.9891200065612793
2026-05-20 00:00:00+01:00,1.9891300201416016,1.9936800003051758,1.9877699613571167,1.9920099973678589
2026-05-20 04:00:00+01:00,1.9921000003814697,1.9922699928283691,1.9869699478149414,1.987529993057251
2026-05-20 08:00:00+01:00,1.9875400066375732,1.9878100156784058,1.9839099645614624,1.9847700595855713
2026-05-20 12:00:00+01:00,1.9845900535583496,1.9854099750518799,1.9790699481964111,1.9794199466705322
2026-05-20 16:00:00+01:00,1.9794100522994995,1.981029987335205,1.976430058479309,1.9799400568008423
2026-05-20 20:00:00+01:00,1.9799400568008423,1.9824299812316895,1.978700041770935,1.9805200099945068
2026-05-21 00:00:00+01:00,1.979740023612976,1.985360026359558,1.9794800281524658,1.983620047569275
2026-05-21 04:00:00+01:00,1.9835699796676636,1.9851800203323364,1.981160044670105,1.9843699932098389
2026-05-21 08:00:00+01:00,1.9840500354766846,1.9845800399780273,1.9797999858856201,1.9824800491333008
2026-05-21 12:00:00+01:00,1.9824600219726562,1.9826600551605225,1.977020025253296,1.977720022201538
2026-05-21 16:00:00+01:00,1.9776599407196045,1.9795299768447876,1.97461998462677,1.9778000116348267
2026-05-21 20:00:00+01:00,1.9777899980545044,1.9779599905014038,1.973960041999817,1.976430058479309
2026-05-22 00:00:00+01:00,1.9761699438095093,1.9783999919891357,1.9751399755477905,1.9766199588775635
2026-05-22 04:00:00+01:00,1.9767199754714966,1.979099988937378,1.976040005683899,1.9788099527359009
2026-05-22 08:00:00+01:00,1.9788099527359009,1.9817399978637695,1.9782500267028809,1.9808100461959839
2026-05-22 12:00:00+01:00,1.9810999631881714,1.9832600355148315,1.9794100522994995,1.9820599555969238
2026-05-22 16:00:00+01:00,1.981819987297058,1.9828399419784546,1.9805200099945068,1.9819799661636353
2026-05-22 20:00:00+01:00,1.981660008430481,1.9835200309753418,1.9814900159835815,1.9830399751663208
2026-05-25 00:00:00+01:00,1.9808299541473389,1.9826300144195557,1.9793699979782104,1.9815000295639038
2026-05-25 04:00:00+01:00,1.981600046157837,1.9825400114059448,1.980180025100708,1.9816900491714478
2026-05-25 08:00:00+01:00,1.981410026550293,1.9836399555206299,1.981410026550293,1.983389973640442
2026-05-25 12:00:00+01:00,1.9833799600601196,1.9838099479675293,1.980870008468628,1.9812899827957153
2026-05-25 16:00:00+01:00,1.9813100099563599,1.982699990272522,1.9810500144958496,1.9825600385665894
2026-05-25 20:00:00+01:00,1.982550024986267,1.9838600158691406,1.9809900522232056,1.9824600219726562
2026-05-26 00:00:00+01:00,1.9825799465179443,1.9888499975204468,1.9820400476455688,1.9879499673843384
2026-05-26 04:00:00+01:00,1.988029956817627,1.989259958267212,1.9857900142669678,1.988360047340393
2026-05-26 08:00:00+01:00,1.9879599809646606,1.9921499490737915,1.987779974937439,1.990939974784851
2026-05-26 12:00:00+01:00,1.9909299612045288,1.9919099807739258,1.9882700443267822,1.9899499416351318
2026-05-26 16:00:00+01:00,1.9897300004959106,1.992859959602356,1.989549994468689,1.9924499988555908
2026-05-26 20:00:00+01:00,1.9924700260162354,1.9933199882507324,1.9894599914550781,1.992799997329712
2026-05-27 00:00:00+01:00,1.9928300380706787,1.9928300380706787,1.9790300130844116,1.9815399646759033
2026-05-27 04:00:00+01:00,1.9815000295639038,1.9841099977493286,1.9796199798583984,1.9820499420166016
2026-05-27 08:00:00+01:00,1.9816499948501587,1.9837100505828857,1.9782400131225586,1.9792799949645996
2026-05-27 12:00:00+01:00,1.9792200326919556,1.9795199632644653,1.970579981803894,1.9726799726486206
2026-05-27 16:00:00+01:00,1.972659945487976,1.9744399785995483,1.9707900285720825,1.9720100164413452
2026-05-27 20:00:00+01:00,1.9719599485397339,1.9727100133895874,1.967769980430603,1.9705599546432495
2026-05-28 00:00:00+01:00,1.97052001953125,1.972350001335144,1.9653300046920776,1.9710400104522705
2026-05-28 04:00:00+01:00,1.9710500240325928,1.9765299558639526,1.9696099758148193,1.9722199440002441
2026-05-28 08:00:00+01:00,1.9721399545669556,1.9733200073242188,1.9698599576950073,1.971690058708191
2026-05-28 12:00:00+01:00,1.9714100360870361,1.9727699756622314,1.9662100076675415,1.9674400091171265
2026-05-28 16:00:00+01:00,1.9675300121307373,1.967579960823059,1.962839961051941,1.9643000364303589
2026-05-28 20:00:00+01:00,1.9643299579620361,1.965090036392212,1.9616299867630005,1.9632500410079956
2026-05-29 00:00:00+01:00,1.963170051574707,1.9633300304412842,1.9558199644088745,1.9577800035476685
2026-05-29 04:00:00+01:00,1.957450032234192,1.958109974861145,1.9521900415420532,1.9553500413894653
2026-05-29 08:00:00+01:00,1.9548900127410889,1.9556200504302979,1.949679970741272,1.9516299962997437
2026-05-29 12:00:00+01:00,1.95169997215271,1.9518100023269653,1.9443299770355225,1.949049949645996
2026-05-29 16:00:00+01:00,1.9490400552749634,1.9501299858093262,1.9476399421691895,1.9491699934005737
2026-05-29 20:00:00+01:00,1.9488500356674194,1.949679970741272,1.9452999830245972,1.9465700387954712
2026-06-01 00:00:00+01:00,1.9482300281524658,1.9514299631118774,1.9467600584030151,1.9504799842834473
2026-06-01 04:00:00+01:00,1.9500199556350708,1.953070044517517,1.9494600296020508,1.9529800415039062
2026-06-01 08:00:00+01:00,1.9530600309371948,1.9578399658203125,1.9513399600982666,1.9553799629211426
2026-06-01 12:00:00+01:00,1.9553500413894653,1.963919997215271,1.9543399810791016,1.9633300304412842
2026-06-01 16:00:00+01:00,1.9633300304412842,1.9635599851608276,1.9568599462509155,1.9589899778366089
2026-06-01 20:00:00+01:00,1.9589999914169312,1.9612799882888794,1.9565900564193726,1.9606399536132812
2026-06-02 00:00:00+01:00,1.9603300094604492,1.965399980545044,1.9594500064849854,1.961459994316101
2026-06-02 04:00:00+01:00,1.9614800214767456,1.9621299505233765,1.9590699672698975,1.9605799913406372
2026-06-02 08:00:00+01:00,1.9603400230407715,1.9655699729919434,1.9599000215530396,1.963539958000183
2026-06-02 12:00:00+01:00,1.9635499715805054,1.9666500091552734,1.9613699913024902,1.963320016860962
2026-06-02 16:00:00+01:00,1.9633100032806396,1.9640300273895264,1.9608399868011475,1.9623600244522095
2026-06-02 20:00:00+01:00,1.9623600244522095,1.9638299942016602,1.9589799642562866,1.9611899852752686
2026-06-03 00:00:00+01:00,1.9612400531768799,1.963070034980774,1.9588500261306763,1.961210012435913
2026-06-03 04:00:00+01:00,1.9611999988555908,1.9691699743270874,1.9607199430465698,1.9681400060653687
2026-06-03 08:00:00+01:00,1.9678800106048584,1.9704099893569946,1.966189980506897,1.9697200059890747
2026-06-03 12:00:00+01:00,1.9694499969482422,1.9755699634552002,1.967769980430603,1.975450038909912
2026-06-03 16:00:00+01:00,1.9755699634552002,1.9784499406814575,1.9748400449752808,1.97816002368927
2026-06-03 20:00:00+01:00,1.9783600568771362,1.980080008506775,1.9747400283813477,1.9762799739837646
2026-06-04 00:00:00+01:00,1.9761699438095093,1.9783899784088135,1.975000023841858,1.9775500297546387
2026-06-04 04:00:00+01:00,1.9775999784469604,1.9780499935150146,1.9756799936294556,1.9776599407196045
2026-06-04 08:00:00+01:00,1.9773900508880615,1.9800699949264526,1.9770499467849731,1.9793399572372437
2026-06-04 12:00:00+01:00,1.9790500402450562,1.979449987411499,1.9762799739837646,1.9775899648666382
2026-06-04 16:00:00+01:00,1.9761500358581543,1.9786499738693237,1.9761500358581543,1.978600025177002
2026-06-04 20:00:00+01:00,1.9772100448608398,1.9804699420928955,1.976040005683899,1.9782500267028809
2026-06-05 00:00:00+01:00,1.9781399965286255,1.9841099977493286,1.9765000343322754,1.9801499843597412
2026-06-05 04:00:00+01:00,1.9805500507354736,1.9817999601364136,1.9786100387573242,1.980329990386963
2026-06-05 08:00:00+01:00,1.9806599617004395,1.9820200204849243,1.9780700206756592,1.9789400100708008
2026-06-05 12:00:00+01:00,1.9789700508117676,1.9872000217437744,1.9782600402832031,1.9841899871826172
2026-06-05 16:00:00+01:00,1.9842000007629395,1.9878900051116943,1.9834400415420532,1.987470030784607
2026-06-05 20:00:00+01:00,1.986340045928955,1.9898899793624878,1.9862899780273438,1.9869099855422974
2026-06-08 00:00:00+01:00,1.9889700412750244,1.9897099733352661,1.9849900007247925,1.9872000217437744
2026-06-08 04:00:00+01:00,1.9871599674224854,1.9879900217056274,1.985219955444336,1.9859800338745117
2026-06-08 08:00:00+01:00,1.9856300354003906,1.9861700534820557,1.9808199405670166,1.981529951095581
2026-06-08 12:00:00+01:00,1.9813799858093262,1.9853899478912354,1.9767099618911743,1.9829800128936768
2026-06-08 16:00:00+01:00,1.9827799797058105,1.9856599569320679,1.981969952583313,1.9840999841690063
2026-06-08 20:00:00+01:00,1.9841099977493286,1.985700011253357,1.9827899932861328,1.9854600429534912
2026-06-09 00:00:00+01:00,1.9854400157928467,1.9877699613571167,1.9829599857330322,1.9849400520324707
2026-06-09 04:00:00+01:00,1.9845900535583496,1.9853299856185913,1.9749599695205688,1.9776400327682495
2026-06-09 08:00:00+01:00,1.9773999452590942,1.9834500551223755,1.976580023765564,1.981119990348816
2026-06-09 12:00:00+01:00,1.980780005455017,1.984660029411316,1.979740023612976,1.9820599555969238
2026-06-09 16:00:00+01:00,1.9817800521850586,1.9875099658966064,1.9809099435806274,1.984220027923584
2026-06-09 20:00:00+01:00,1.9841500520706177,1.9866199493408203,1.979990005493164,1.985640048980713
2026-06-10 00:00:00+01:00,1.985759973526001,1.986989974975586,1.9811500310897827,1.984320044517517
2026-06-10 04:00:00+01:00,1.9843300580978394,1.9873600006103516,1.9826600551605225,1.9863300323486328
2026-06-10 08:00:00+01:00,1.9863300323486328,1.9889999628067017,1.9859199523925781,1.9867099523544312
2026-06-10 12:00:00+01:00,1.9866600036621094,1.9886800050735474,1.9828100204467773,1.9833799600601196
2026-06-10 16:00:00+01:00,1.983109951019287,1.988029956817627,1.9821900129318237,1.9876899719238281
2026-06-10 20:00:00+01:00,1.9878000020980835,1.9924499988555908,1.9850800037384033,1.9912899732589722
2026-06-11 00:00:00+01:00,1.9907699823379517,1.9920899868011475,1.9886200428009033,1.9909000396728516
2026-06-11 04:00:00+01:00,1.9909100532531738,1.9932600259780884,1.990399956703186,1.9931000471115112
2026-06-11 08:00:00+01:00,1.9928100109100342,1.9950300455093384,1.9924299716949463,1.9939099550247192
2026-06-11 12:00:00+01:00,1.9936699867248535,1.9969799518585205,1.9929399490356445,1.9946099519729614
2026-06-11 16:00:00+01:00,1.9943300485610962,1.9950000047683716,1.9848500490188599,1.9864399433135986
2026-06-11 20:00:00+01:00,1.9864599704742432,1.9866900444030762,1.9800200462341309,1.9843800067901611
2026-06-12 00:00:00+01:00,1.9843800067901611,1.9894499778747559,1.9830199480056763,1.9882400035858154
2026-06-12 04:00:00+01:00,1.9876699447631836,1.9894599914550781,1.985569953918457,1.9885599613189697
2026-06-12 08:00:00+01:00,1.9884899854660034,1.9890199899673462,1.9838199615478516,1.9845000505447388
2026-06-12 12:00:00+01:00,1.9841599464416504,1.9878100156784058,1.9839600324630737,1.9848699569702148
2026-06-12 16:00:00+01:00,1.984879970550537,1.9860700368881226,1.9830900430679321,1.9842100143432617
2026-06-12 20:00:00+01:00,1.9837000370025635,1.9843499660491943,1.9809900522232056,1.9825600385665894
2026-06-15 00:00:00+01:00,1.9819400310516357,1.9848400354385376,1.980139970779419,1.9829800128936768
2026-06-15 04:00:00+01:00,1.9829599857330322,1.984339952468872,1.9810999631881714,1.9838999509811401
2026-06-15 08:00:00+01:00,1.9835799932479858,1.9871000051498413,1.983389973640442,1.9868899583816528
2026-06-15 12:00:00+01:00,1.986840009689331,1.9892899990081787,1.9861400127410889,1.986799955368042
2026-06-15 16:00:00+01:00,1.9866600036621094,1.9906400442123413,1.985990047454834,1.9902299642562866
2026-06-15 20:00:00+01:00,1.9902299642562866,1.9910900592803955,1.9863200187683105,1.9895199537277222
2026-06-16 00:00:00+01:00,1.9895100593566895,1.9938000440597534,1.9880499839782715,1.9936399459838867
2026-06-16 04:00:00+01:00,1.9936200380325317,1.9973499774932861,1.9917800426483154,1.9932600259780884
2026-06-16 08:00:00+01:00,1.9929200410842896,1.9937100410461426,1.9887900352478027,1.9897700548171997
2026-06-16 12:00:00+01:00,1.9894100427627563,1.9909100532531738,1.9868799448013306,1.9886000156402588
2026-06-16 16:00:00+01:00,1.9886300563812256,1.9902499914169312,1.987969994544983,1.9892699718475342
2026-06-16 20:00:00+01:00,1.9893200397491455,1.9930399656295776,1.9881999492645264,1.9907699823379517
2026-06-17 00:00:00+01:00,1.9908000230789185,1.9924800395965576,1.9896999597549438,1.9916900396347046
2026-06-17 04:00:00+01:00,1.9913699626922607,1.995460033416748,1.9910399913787842,1.99468994140625
2026-06-17 08:00:00+01:00,1.99468994140625,1.9959900379180908,1.9931000471115112,1.994789958000183
2026-06-17 12:00:00+01:00,1.995069980621338,1.9953900575637817,1.9906699657440186,1.9927500486373901
2026-06-17 16:00:00+01:00,1.9927500486373901,1.9955300092697144,1.9911099672317505,1.9940999746322632
2026-06-17 20:00:00+01:00,1.993880033493042,1.995859980583191,1.9895299673080444,1.9920599460601807
2026-06-18 00:00:00+01:00,1.9916599988937378,1.992959976196289,1.987130045890808,1.9883400201797485
2026-06-18 04:00:00+01:00,1.9883300065994263,1.9896800518035889,1.986680030822754,1.9893100261688232
2026-06-18 08:00:00+01:00,1.9889800548553467,1.9911199808120728,1.9887700080871582,1.9899200201034546
2026-06-18 12:00:00+01:00,1.9898799657821655,1.990530014038086,1.9859399795532227,1.9887499809265137
2026-06-18 16:00:00+01:00,1.9887299537658691,1.9922599792480469,1.9884099960327148,1.9914799928665161
2026-06-18 20:00:00+01:00,1.9915499687194824,1.992460012435913,1.9864799976348877,1.9903299808502197
2026-06-19 00:00:00+01:00,1.9904299974441528,1.9934300184249878,1.988800048828125,1.9919899702072144
2026-06-19 04:00:00+01:00,1.9919699430465698,1.9955799579620361,1.9912199974060059,1.9930599927902222
2026-06-19 08:00:00+01:00,1.9926799535751343,1.9973000288009644,1.9925600290298462,1.9963699579238892
2026-06-19 12:00:00+01:00,1.9963699579238892,2.000080108642578,1.9951000213623047,1.9983700513839722
2026-06-19 16:00:00+01:00,1.9983700513839722,1.999500036239624,1.997290015220642,1.99891996383667
2026-06-19 20:00:00+01:00,1.9989299774169922,1.999559998512268,1.996709942817688,1.9974100589752197
2026-06-22 00:00:00+01:00,1.9990700483322144,2.000880002975464,1.9977600574493408,2.000760078430176
2026-06-22 04:00:00+01:00,2.000809907913208,2.001039981842041,1.9983099699020386,2.0001699924468994
2026-06-22 08:00:00+01:00,1.9998199939727783,2.001339912414551,1.9989800453186035,2.000339984893799
2026-06-22 12:00:00+01:00,2.000339984893799,2.000380039215088,1.9951599836349487,1.9964699745178223
2026-06-22 16:00:00+01:00,1.9961899518966675,2.0006000995635986,1.9956200122833252,1.9999200105667114
2026-06-22 20:00:00+01:00,1.999940037727356,2.0005199909210205,1.995069980621338,1.9999699592590332
2026-06-23 00:00:00+01:00,1.9999899864196777,2.004379987716675,1.999250054359436,2.0043399333953857
2026-06-23 04:00:00+01:00,2.004309892654419,2.009310007095337,2.003200054168701,2.008510112762451
2026-06-23 08:00:00+01:00,2.0084800720214844,2.009500026702881,2.0032799243927,2.00504994392395
2026-06-23 12:00:00+01:00,2.005340099334717,2.0081799030303955,2.0032100677490234,2.004040002822876
2026-06-23 16:00:00+01:00,2.0040600299835205,2.0088999271392822,2.003309965133667,2.00819993019104
2026-06-23 20:00:00+01:00,2.0082099437713623,2.0084500312805176,2.002530097961426,2.0078299045562744
2026-06-24 00:00:00+01:00,2.007849931716919,2.0112099647521973,2.006010055541992,2.0109400749206543
2026-06-24 04:00:00+01:00,2.0109000205993652,2.0111300945281982,2.0083398818969727,2.0097100734710693
2026-06-24 08:00:00+01:00,2.0093801021575928,2.0135600566864014,2.008120059967041,2.012360095977783
2026-06-24 12:00:00+01:00,2.0121099948883057,2.0129899978637695,2.0077600479125977,2.0103299617767334
2026-06-24 16:00:00+01:00,2.0100200176239014,2.013629913330078,2.0090301036834717,2.0135300159454346
2026-06-24 20:00:00+01:00,2.01350998878479,2.013930082321167,2.0044798851013184,2.0110700130462646
2026-06-25 00:00:00+01:00,2.0110199451446533,2.0167500972747803,2.0095601081848145,2.0153300762176514
2026-06-25 04:00:00+01:00,2.015320062637329,2.0158700942993164,2.0114998817443848,2.012939929962158
2026-06-25 08:00:00+01:00,2.012939929962158,2.0144898891448975,2.011090040206909,2.011579990386963
2026-06-25 12:00:00+01:00,2.0115699768066406,2.015929937362671,2.0098400115966797,2.0132200717926025
2026-06-25 16:00:00+01:00,2.0129098892211914,2.0139999389648438,2.010590076446533,2.013089895248413
2026-06-25 20:00:00+01:00,2.0130200386047363,2.0147600173950195,2.0076799392700195,2.01213002204895
2026-06-26 00:00:00+01:00,2.0122499465942383,2.017930030822754,2.0121500492095947,2.0164599418640137
2026-06-26 04:00:00+01:00,2.016400098800659,2.0169200897216797,2.012969970703125,2.0141100883483887
2026-06-26 08:00:00+01:00,2.013780117034912,2.018249988555908,2.0136399269104004,2.0167300701141357
2026-06-26 12:00:00+01:00,2.0164599418640137,2.0224499702453613,2.016390085220337,2.017810106277466
2026-06-26 16:00:00+01:00,2.017509937286377,2.0200300216674805,2.0161499977111816,2.019659996032715
2026-06-26 20:00:00+01:00,2.019629955291748,2.0199499130249023,2.016710042953491,2.018239974975586
2026-06-29 00:00:00+01:00,2.0188400745391846,2.0214600563049316,2.0168399810791016,2.01813006401062
2026-06-29 04:00:00+01:00,2.01813006401062,2.01813006401062,2.0147199630737305,2.0169599056243896
2026-06-29 08:00:00+01:00,2.016350030899048,2.018090009689331,2.015889883041382,2.017080068588257
2026-06-29 12:00:00+01:00,2.0170600414276123,2.0236399173736572,2.016119956970215,2.0234100818634033
2026-06-29 16:00:00+01:00,2.023159980773926,2.023550033569336,2.0204100608825684,2.0209200382232666
2026-06-29 20:00:00+01:00,2.0205600261688232,2.0218000411987305,2.0188000202178955,2.0211100578308105
2026-06-30 00:00:00+01:00,2.0211000442504883,2.022779941558838,2.0180399417877197,2.0197200775146484
2026-06-30 04:00:00+01:00,2.0197699069976807,2.0197699069976807,2.0148000717163086,2.016400098800659
2026-06-30 08:00:00+01:00,2.0160698890686035,2.0169599056243896,2.012929916381836,2.0134499073028564
2026-06-30 12:00:00+01:00,2.0131499767303467,2.0142199993133545,2.0089099407196045,2.0103600025177
2026-06-30 16:00:00+01:00,2.010129928588867,2.0124399662017822,2.0092101097106934,2.010240077972412
2026-06-30 20:00:00+01:00,2.010590076446533,2.0130999088287354,2.009079933166504,2.01173996925354
2026-07-01 00:00:00+01:00,2.0105299949645996,2.0143001079559326,2.0095300674438477,2.013350009918213
2026-07-01 04:00:00+01:00,2.0133299827575684,2.0133299827575684,2.0087199211120605,2.009000062942505
2026-07-01 08:00:00+01:00,2.009000062942505,2.009399890899658,2.0056800842285156,2.006079912185669
2026-07-01 12:00:00+01:00,2.00573992729187,2.0086100101470947,2.0038299560546875,2.0070700645446777
2026-07-01 16:00:00+01:00,2.007080078125,2.0073699951171875,2.0035998821258545,2.0062899589538574
2026-07-01 20:00:00+01:00,2.006279945373535,2.006580114364624,2.004189968109131,2.00492000579834
2026-07-02 00:00:00+01:00,2.004309892654419,2.006160020828247,2.0024900436401367,2.005000114440918
2026-07-02 04:00:00+01:00,2.00504994392395,2.007430076599121,2.004040002822876,2.0062499046325684
2026-07-02 08:00:00+01:00,2.0057899951934814,2.008820056915283,2.0048699378967285,2.0083301067352295
2026-07-02 12:00:00+01:00,2.0080599784851074,2.010970115661621,2.004080057144165,2.006279945373535
2026-07-02 16:00:00+01:00,2.005970001220703,2.0076301097869873,2.004199981689453,2.0065600872039795
2026-07-02 20:00:00+01:00,2.0065701007843018,2.007930040359497,2.0031299591064453,2.0067501068115234
2026-07-03 00:00:00+01:00,2.0056099891662598,2.007189989089966,2.0022599697113037,2.003659963607788
2026-07-03 04:00:00+01:00,2.003690004348755,2.0044500827789307,2.0004398822784424,2.0020699501037598
2026-07-03 08:00:00+01:00,2.001739978790283,2.0041399002075195,2.0003700256347656,2.004040002822876
2026-07-03 12:00:00+01:00,2.003730058670044,2.0051400661468506,2.003079891204834,2.004580020904541
2026-07-03 16:00:00+01:00,2.0045700073242188,2.00465989112854,2.00246000289917,2.002880096435547
2026-07-03 20:00:00+01:00,2.0035400390625,2.004390001296997,1.999750018119812,2.0022099018096924
2026-07-06 00:00:00+01:00,2.0050699710845947,2.0100998878479004,2.0040700435638428,2.0092599391937256
2026-07-06 04:00:00+01:00,2.0092499256134033,2.0109400749206543,2.0081899166107178,2.009079933166504
2026-07-06 08:00:00+01:00,2.0087599754333496,2.0100600719451904,2.0072500705718994,2.008780002593994
2026-07-06 12:00:00+01:00,2.0084900856018066,2.010540008544922,2.0069799423217773,2.00846004486084
2026-07-06 16:00:00+01:00,2.0081400871276855,2.0085198879241943,2.005429983139038,2.00600004196167
2026-07-06 20:00:00+01:00,2.0060501098632812,2.00777006149292,2.004460096359253,2.0065999031066895
2026-07-07 00:00:00+01:00,2.006880044937134,2.007620096206665,2.0052199363708496,2.007349967956543
2026-07-07 04:00:00+01:00,2.0073399543762207,2.0097100734710693,2.0054900646209717,2.0076100826263428
2026-07-07 08:00:00+01:00,2.007309913635254,2.010119915008545,2.0071299076080322,2.0097999572753906
2026-07-07 12:00:00+01:00,2.0095999240875244,2.0111899375915527,2.0072500705718994,2.0094799995422363
2026-07-07 16:00:00+01:00,2.0094499588012695,2.0100200176239014,2.007620096206665,2.0092198848724365
2026-07-07 20:00:00+01:00,2.009310007095337,2.0114200115203857,2.006779909133911,2.009200096130371
2026-07-08 00:00:00+01:00,2.0091800689697266,2.0096499919891357,1.9986599683761597,2.002110004425049
2026-07-08 04:00:00+01:00,2.002079963684082,2.003459930419922,1.9963099956512451,1.9991899728775024
2026-07-08 08:00:00+01:00,1.9989399909973145,2.004149913787842,1.9977200031280518,2.001699924468994
2026-07-08 12:00:00+01:00,2.001420021057129,2.005009889602661,1.9996600151062012,2.004199981689453
2026-07-08 16:00:00+01:00,2.0042500495910645,2.0054099559783936,2.0009799003601074,2.002110004425049
2026-07-08 20:00:00+01:00,2.00216007232666,2.0057899951934814,1.999619960784912,2.0018699169158936
2026-07-09 00:00:00+01:00,2.001929998397827,2.001960039138794,1.994439959526062,1.9974100589752197
2026-07-09 04:00:00+01:00,1.9973900318145752,1.9977600574493408,1.9950400590896606,1.996690034866333
2026-07-09 08:00:00+01:00,1.9963500499725342,1.9972599744796753,1.9911400079727173,1.9921499490737915
2026-07-09 12:00:00+01:00,1.9921499490737915,1.993630051612854,1.9881099462509155,1.988669991493225
2026-07-09 16:00:00+01:00,1.9885499477386475,1.9887800216674805,1.9841500520706177,1.9854199886322021
2026-07-09 20:00:00+01:00,1.985360026359558,1.988510012626648,1.9836299419403076,1.9853800535202026
2026-07-10 00:00:00+01:00,1.9854199886322021,1.985550045967102,1.977620005607605,1.9792100191116333
2026-07-10 04:00:00+01:00,1.979159951210022,1.9828100204467773,1.9782299995422363,1.9818999767303467
2026-07-10 08:00:00+01:00,1.9815700054168701,1.9830700159072876,1.979349970817566,1.9813400506973267
2026-07-10 12:00:00+01:00,1.9810099601745605,1.9834200143814087,1.978790044784546,1.982409954071045
2026-07-10 16:00:00+01:00,1.9823999404907227,1.9828100204467773,1.9792100191116333,1.9802800416946411
2026-07-10 20:00:00+01:00,1.9802199602127075,1.9809900522232056,1.9787100553512573,1.98048996925354
2026-07-13 00:00:00+01:00,1.9812999963760376,1.98225998878479,1.9744199514389038,1.9771000146865845
2026-07-13 04:00:00+01:00,1.9769999980926514,1.9815599918365479,1.9766199588775635,1.9791300296783447
2026-07-13 08:00:00+01:00,1.9788600206375122,1.980299949645996,1.976330041885376,1.9776599407196045
2026-07-13 12:00:00+01:00,1.9774199724197388,1.9778200387954712,1.9741699695587158,1.975909948348999
2026-07-13 16:00:00+01:00,1.9755699634552002,1.979740023612976,1.974560022354126,1.9788700342178345
2026-07-13 20:00:00+01:00,1.9788999557495117,1.9808100461959839,1.97639000415802,1.9775999784469604
2026-07-14 00:00:00+01:00,1.9775999784469604,1.977679967880249,1.967329978942871,1.968150019645691
2026-07-14 04:00:00+01:00,1.9681400060653687,1.9691400527954102,1.964669942855835,1.968250036239624
2026-07-14 08:00:00+01:00,1.967900037765503,1.9682999849319458,1.9629499912261963,1.964900016784668
2026-07-14 12:00:00+01:00,1.9649399518966675,1.9684900045394897,1.9558500051498413,1.967360019683838
2026-07-14 16:00:00+01:00,1.9673999547958374,1.968790054321289,1.9654300212860107,1.9660300016403198
2026-07-14 20:00:00+01:00,1.965999960899353,1.967270016670227,1.962249994277954,1.9656399488449097
2026-07-15 00:00:00+01:00,1.9656399488449097,1.9667099714279175,1.9622999429702759,1.9664000272750854
2026-07-15 04:00:00+01:00,1.9660899639129639,1.9680700302124023,1.9643800258636475,1.9651700258255005
2026-07-15 08:00:00+01:00,1.965190052986145,1.9655300378799438,1.9609800577163696,1.9614499807357788
2026-07-15 12:00:00+01:00,1.9616800546646118,1.9622600078582764,1.9587199687957764,1.959280014038086
2026-07-15 16:00:00+01:00,1.9592000246047974,1.9605499505996704,1.9573999643325806,1.9594600200653076
2026-07-15 20:00:00+01:00,1.9594199657440186,1.9608299732208252,1.9564599990844727,1.9601999521255493
2026-07-16 00:00:00+01:00,1.959089994430542,1.9645299911499023,1.959089994430542,1.9621200561523438
2026-07-16 04:00:00+01:00,1.961459994316101,1.96219003200531,1.9572800397872925,1.9581400156021118
2026-07-16 08:00:00+01:00,1.9578200578689575,1.9602199792861938,1.9572199583053589,1.9577800035476685
2026-07-16 12:00:00+01:00,1.957759976387024,1.9597100019454956,1.9547899961471558,1.9561599493026733
2026-07-16 16:00:00+01:00,1.9561699628829956,1.9595799446105957,1.9558000564575195,1.9577300548553467
2026-07-16 20:00:00+01:00,1.9577399492263794,1.9606399536132812,1.9567300081253052,1.959380030632019
2026-07-17 00:00:00+01:00,1.9583699703216553,1.9605300426483154,1.956470012664795,1.9597599506378174
2026-07-17 04:00:00+01:00,1.9593000411987305,1.9607399702072144,1.9573700428009033,1.9601500034332275
2026-07-17 08:00:00+01:00,1.9598100185394287,1.9636399745941162,1.9581600427627563,1.9589799642562866
2026-07-17 12:00:00+01:00,1.9590599536895752,1.9615000486373901,1.9568500518798828,1.9578200578689575
2026-07-17 16:00:00+01:00,1.9577800035476685,1.958590030670166,1.9555399417877197,1.9571199417114258
2026-07-17 20:00:00+01:00,1.9571199417114258,1.9584200382232666,1.9557499885559082,1.9573099613189697
2026-07-20 00:00:00+01:00,1.9589799642562866,1.9589799642562866,1.9531999826431274,1.9543800354003906
2026-07-20 04:00:00+01:00,1.9544199705123901,1.9556200504302979,1.9522000551223755,1.955049991607666
2026-07-20 08:00:00+01:00,1.9553600549697876,1.9554400444030762,1.9521100521087646,1.9529900550842285
2026-07-20 12:00:00+01:00,1.952679991722107,1.953029990196228,1.9498800039291382,1.9516299962997437
2026-07-20 16:00:00+01:00,1.9513700008392334,1.9541399478912354,1.9509799480438232,1.9536199569702148
2026-07-20 20:00:00+01:00,1.9536800384521484,1.9565000534057617,1.9506100416183472,1.953220009803772
2026-07-21 00:00:00+01:00,1.9525500535964966,1.9529199600219727,1.943310022354126,1.9458199739456177
2026-07-21 04:00:00+01:00,1.9458199739456177,1.950410008430481,1.9448200464248657,1.948199987411499
2026-07-21 08:00:00+01:00,1.9478600025177002,1.9507499933242798,1.9476499557495117,1.9505800008773804
2026-07-21 12:00:00+01:00,1.9505399465560913,1.9588799476623535,1.950160026550293,1.9574400186538696
2026-07-21 16:00:00+01:00,1.9571599960327148,1.9576200246810913,1.9542100429534912,1.9554599523544312
2026-07-21 20:00:00+01:00,1.9542100429534912,1.957110047340393,1.9533300399780273,1.9570000171661377
2026-07-22 00:00:00+01:00,1.9570599794387817,1.9581999778747559,1.9544399976730347,1.9570499658584595
2026-07-22 04:00:00+01:00,1.9565800428390503,1.961609959602356,1.9561899900436401,1.9608999490737915
2026-07-22 08:00:00+01:00,1.9605599641799927,1.9620599746704102,1.9581999778747559,1.9600900411605835
2026-07-22 12:00:00+01:00,1.9596099853515625,1.962589979171753,1.9596099853515625,1.9613399505615234
2026-07-22 16:00:00+01:00,1.9614100456237793,1.9624300003051758,1.9600000381469727,1.9623899459838867
2026-07-22 20:00:00+01:00,1.9612400531768799,1.96274995803833,1.960860013961792,1.9615000486373901
2026-07-23 00:00:00+01:00,1.9626699686050415,1.9634599685668945,1.9615999460220337,1.9621399641036987
