Datetime,Open,High,Low,Close
2024-07-23 08:00:00+01:00,664.7999877929688,672.6535034179688,662.4000244140625,667.7999877929688
2024-07-23 12:00:00+01:00,667.7999877929688,668.5,662.4000244140625,665.0
2024-07-23 16:00:00+01:00,665.0,666.0999755859375,664.7999877929688,666.0999755859375
2024-07-24 08:00:00+01:00,664.5999755859375,665.2000122070312,659.0999755859375,664.4000244140625
2024-07-24 12:00:00+01:00,664.2000122070312,665.5,661.7999877929688,661.9744262695312
2024-07-24 16:00:00+01:00,662.0,663.0,661.5,663.0
2024-07-25 08:00:00+01:00,657.5999755859375,658.9000244140625,650.7999877929688,652.2000122070312
2024-07-25 12:00:00+01:00,652.5,661.7000122070312,652.2999877929688,660.5999755859375
2024-07-25 16:00:00+01:00,660.7000122070312,661.5999755859375,660.2000122070312,661.0
2024-07-26 08:00:00+01:00,659.2999877929688,664.8265991210938,658.0999755859375,660.4000244140625
2024-07-26 12:00:00+01:00,660.2999877929688,666.5999755859375,658.9000244140625,665.5
2024-07-26 16:00:00+01:00,665.5999755859375,666.5,662.9000244140625,665.2000122070312
2024-07-29 08:00:00+01:00,667.9000244140625,678.5,667.7999877929688,674.7000122070312
2024-07-29 12:00:00+01:00,674.7000122070312,674.9000244140625,667.9000244140625,670.2999877929688
2024-07-29 16:00:00+01:00,670.2999877929688,670.9000244140625,669.9000244140625,670.0
2024-07-30 08:00:00+01:00,668.2000122070312,670.0,665.0,669.9000244140625
2024-07-30 12:00:00+01:00,669.9000244140625,677.9000244140625,669.7000122070312,676.0999755859375
2024-07-30 16:00:00+01:00,676.0,676.7000122070312,668.2000122070312,676.544921875
2024-07-31 08:00:00+01:00,689.9000244140625,705.7000122070312,688.4000244140625,702.7000122070312
2024-07-31 12:00:00+01:00,702.5999755859375,702.6898193359375,691.9000244140625,699.9000244140625
2024-07-31 16:00:00+01:00,699.9000244140625,704.7999877929688,697.5,704.2000122070312
2024-08-01 08:00:00+01:00,679.4000244140625,696.5999755859375,666.9000244140625,668.2000122070312
2024-08-01 12:00:00+01:00,668.2000122070312,672.0,654.7000122070312,656.0
2024-08-01 16:00:00+01:00,656.0,659.2999877929688,654.2999877929688,658.5
2024-08-02 08:00:00+01:00,659.9000244140625,662.4000244140625,650.9650268554688,654.4000244140625
2024-08-02 12:00:00+01:00,654.4000244140625,657.5,634.5,634.9650268554688
2024-08-02 16:00:00+01:00,634.9000244140625,643.2999877929688,633.7999877929688,643.2999877929688
2024-08-05 08:00:00+01:00,620.5,624.0,614.4000244140625,620.5999755859375
2024-08-05 12:00:00+01:00,620.5,628.1317138671875,610.8870239257812,623.8300170898438
2024-08-05 16:00:00+01:00,623.7000122070312,626.4359741210938,622.9000244140625,625.7999877929688
2024-08-06 08:00:00+01:00,632.9000244140625,634.5999755859375,624.0,630.2999877929688
2024-08-06 12:00:00+01:00,630.4000244140625,632.9000244140625,623.0999755859375,629.2999877929688
2024-08-06 16:00:00+01:00,629.2999877929688,631.5999755859375,626.7999877929688,628.0
2024-08-07 08:00:00+01:00,636.9000244140625,640.4299926757812,633.1649780273438,640.0999755859375
2024-08-07 12:00:00+01:00,640.2000122070312,646.0999755859375,638.0999755859375,642.0
2024-08-07 16:00:00+01:00,642.0999755859375,642.7999877929688,640.2000122070312,640.5999755859375
2024-08-08 08:00:00+01:00,633.0999755859375,637.0999755859375,630.0,635.0
2024-08-08 12:00:00+01:00,635.0999755859375,641.0999755859375,632.9559936523438,640.7000122070312
2024-08-08 16:00:00+01:00,640.6411743164062,641.1220092773438,638.2000122070312,639.5999755859375
2024-08-09 08:00:00+01:00,643.4000244140625,644.4000244140625,640.4000244140625,641.4000244140625
2024-08-09 12:00:00+01:00,641.4000244140625,643.5,638.7999877929688,643.0999755859375
2024-08-09 16:00:00+01:00,643.0999755859375,643.7000122070312,641.7000122070312,642.5
2024-08-12 08:00:00+01:00,645.0,648.5,643.5999755859375,646.7000122070312
2024-08-12 12:00:00+01:00,646.7000122070312,648.0999755859375,643.5,646.2999877929688
2024-08-12 16:00:00+01:00,646.2999877929688,646.5,643.9000244140625,643.9000244140625
2024-08-13 08:00:00+01:00,647.7999877929688,648.7000122070312,644.5999755859375,645.0
2024-08-13 12:00:00+01:00,644.9000244140625,647.5,644.2000122070312,646.3109741210938
2024-08-13 16:00:00+01:00,646.2999877929688,647.0999755859375,645.5,645.5
2024-08-14 08:00:00+01:00,650.2999877929688,651.2999877929688,648.0999755859375,650.5999755859375
2024-08-14 12:00:00+01:00,650.5999755859375,651.7000122070312,648.7000122070312,650.9000244140625
2024-08-14 16:00:00+01:00,650.9000244140625,651.5999755859375,649.7999877929688,649.7999877929688
2024-08-15 08:00:00+01:00,645.9000244140625,648.4000244140625,643.7999877929688,644.7999877929688
2024-08-15 12:00:00+01:00,644.9000244140625,657.1680297851562,644.5999755859375,655.0
2024-08-15 16:00:00+01:00,655.0999755859375,655.7999877929688,653.0,655.7999877929688
2024-08-16 08:00:00+01:00,657.2999877929688,660.0701904296875,655.5,658.0999755859375
2024-08-16 12:00:00+01:00,658.0,658.7999877929688,654.2999877929688,657.33740234375
2024-08-16 16:00:00+01:00,657.2999877929688,657.2999877929688,655.0700073242188,656.5999755859375
2024-08-19 08:00:00+01:00,654.2999877929688,659.7999877929688,654.2999877929688,659.5999755859375
2024-08-19 12:00:00+01:00,659.7999877929688,664.5999755859375,658.0999755859375,663.7000122070312
2024-08-19 16:00:00+01:00,663.7000122070312,664.0,662.9000244140625,663.5
2024-08-20 08:00:00+01:00,661.7000122070312,662.0999755859375,654.2999877929688,656.4000244140625
2024-08-20 12:00:00+01:00,656.2999877929688,657.25,651.7000122070312,652.9000244140625
2024-08-20 16:00:00+01:00,652.7999877929688,656.3333740234375,651.0999755859375,651.0999755859375
2024-08-21 08:00:00+01:00,652.0,655.6295166015625,650.2000122070312,653.9000244140625
2024-08-21 12:00:00+01:00,653.7999877929688,657.5,652.5,653.9000244140625
2024-08-21 16:00:00+01:00,653.9000244140625,655.0,653.5,653.5
2024-08-22 08:00:00+01:00,652.5999755859375,657.7999877929688,651.4000244140625,654.7000122070312
2024-08-22 12:00:00+01:00,654.7999877929688,655.5,651.5,653.9000244140625
2024-08-22 16:00:00+01:00,653.9500122070312,654.49951171875,653.0999755859375,654.0999755859375
2024-08-23 08:00:00+01:00,654.5,656.2000122070312,652.7000122070312,656.0
2024-08-23 12:00:00+01:00,656.0,657.4000244140625,654.2999877929688,656.2999877929688
2024-08-23 16:00:00+01:00,656.2000122070312,656.2999877929688,654.7000122070312,654.7000122070312
2024-08-27 08:00:00+01:00,658.2000122070312,662.2999877929688,655.4000244140625,659.5
2024-08-27 12:00:00+01:00,659.2000122070312,664.7000122070312,658.0,662.1721801757812
2024-08-27 16:00:00+01:00,662.2999877929688,662.4000244140625,660.9000244140625,660.9000244140625
2024-08-28 08:00:00+01:00,662.5,663.0999755859375,656.7000122070312,657.0999755859375
2024-08-28 12:00:00+01:00,657.0701904296875,659.0750122070312,655.5999755859375,658.7000122070312
2024-08-28 16:00:00+01:00,658.7000122070312,659.7999877929688,658.2999877929688,659.7000122070312
2024-08-29 08:00:00+01:00,660.9000244140625,664.5250854492188,659.2999877929688,663.2000122070312
2024-08-29 12:00:00+01:00,663.2117919921875,665.4000244140625,660.5,660.5999755859375
2024-08-29 16:00:00+01:00,660.5999755859375,661.2000122070312,660.2000122070312,660.7999877929688
2024-08-30 08:00:00+01:00,670.9000244140625,670.9000244140625,664.7000122070312,666.5999755859375
2024-08-30 12:00:00+01:00,666.7760009765625,667.4000244140625,664.9000244140625,666.2999877929688
2024-08-30 16:00:00+01:00,666.2999877929688,666.7000122070312,664.5,666.7000122070312
2024-09-02 08:00:00+01:00,665.5,672.0999755859375,663.0999755859375,670.0999755859375
2024-09-02 12:00:00+01:00,670.0999755859375,671.0999755859375,667.0,667.4210205078125
2024-09-02 16:00:00+01:00,667.4000244140625,667.9000244140625,665.9000244140625,665.9000244140625
2024-09-03 08:00:00+01:00,665.0,666.9185791015625,659.4000244140625,660.5
2024-09-03 12:00:00+01:00,660.4000244140625,662.0999755859375,656.0,656.7999877929688
2024-09-03 16:00:00+01:00,656.9000244140625,659.2999877929688,656.4000244140625,658.5
2024-09-04 08:00:00+01:00,652.7000122070312,657.0999755859375,650.0999755859375,656.5999755859375
2024-09-04 12:00:00+01:00,656.5999755859375,661.7000122070312,656.5,660.8450927734375
2024-09-04 16:00:00+01:00,660.9000244140625,661.0,658.7000122070312,658.7000122070312
2024-09-05 08:00:00+01:00,653.2000122070312,666.5999755859375,652.5,665.5999755859375
2024-09-05 12:00:00+01:00,665.4000244140625,668.2999877929688,663.5999755859375,664.2999877929688
2024-09-05 16:00:00+01:00,664.4000244140625,665.155029296875,662.5,662.9000244140625
2024-09-06 08:00:00+01:00,658.5,659.2000122070312,649.5999755859375,654.2000122070312
2024-09-06 12:00:00+01:00,654.2999877929688,660.9000244140625,651.0999755859375,651.5
2024-09-06 16:00:00+01:00,651.7000122070312,653.5999755859375,647.5,648.7999877929688
2024-09-09 08:00:00+01:00,653.9000244140625,662.9000244140625,653.0999755859375,661.0999755859375
2024-09-09 12:00:00+01:00,661.0,667.2999877929688,659.4000244140625,661.4000244140625
2024-09-09 16:00:00+01:00,661.2999877929688,661.5,659.7999877929688,661.0999755859375
2024-09-10 08:00:00+01:00,662.5999755859375,663.7999877929688,655.7000122070312,656.0999755859375
2024-09-10 12:00:00+01:00,656.2000122070312,662.5999755859375,648.5999755859375,649.14697265625
2024-09-10 16:00:00+01:00,649.2000122070312,651.7999877929688,649.0,649.0
2024-09-11 08:00:00+01:00,650.0,654.9000244140625,646.6920776367188,648.5
2024-09-11 12:00:00+01:00,648.5999755859375,655.2000122070312,645.5,648.9000244140625
2024-09-11 16:00:00+01:00,648.9000244140625,650.5999755859375,647.7999877929688,649.0999755859375
2024-09-12 08:00:00+01:00,659.5,663.4000244140625,658.5,660.7999877929688
2024-09-12 12:00:00+01:00,661.0,662.0,651.5999755859375,654.7999877929688
2024-09-12 16:00:00+01:00,654.7000122070312,655.7999877929688,654.7000122070312,655.7000122070312
2024-09-13 08:00:00+01:00,658.7000122070312,662.0999755859375,655.5999755859375,662.0999755859375
2024-09-13 12:00:00+01:00,662.0999755859375,662.5,657.5,660.2000122070312
2024-09-13 16:00:00+01:00,660.4000244140625,662.6585083007812,658.7000122070312,658.7000122070312
2024-09-16 08:00:00+01:00,654.2999877929688,655.5,647.2000122070312,651.0
2024-09-16 12:00:00+01:00,651.2000122070312,655.7999877929688,650.5999755859375,655.2999877929688
2024-09-16 16:00:00+01:00,655.2000122070312,655.7999877929688,653.5999755859375,654.7000122070312
2024-09-17 08:00:00+01:00,660.7000122070312,666.7000122070312,659.9000244140625,664.2000122070312
2024-09-17 12:00:00+01:00,664.2000122070312,668.00048828125,660.7000122070312,662.4000244140625
2024-09-17 16:00:00+01:00,662.5,662.7000122070312,661.2999877929688,661.9000244140625
2024-09-18 08:00:00+01:00,659.2000122070312,661.7000122070312,658.2999877929688,659.2999877929688
2024-09-18 12:00:00+01:00,659.2000122070312,661.0999755859375,655.5999755859375,658.0999755859375
2024-09-18 16:00:00+01:00,658.0999755859375,658.5,657.0,658.2999877929688
2024-09-19 08:00:00+01:00,666.2999877929688,670.0,663.2999877929688,669.7999877929688
2024-09-19 12:00:00+01:00,669.9000244140625,671.5,666.2999877929688,668.5999755859375
2024-09-19 16:00:00+01:00,668.7000122070312,670.4000244140625,668.2000122070312,669.2999877929688
2024-09-20 08:00:00+01:00,668.0,668.5999755859375,660.2000122070312,668.5
2024-09-20 12:00:00+01:00,668.5999755859375,668.8220825195312,658.7999877929688,660.5
2024-09-20 16:00:00+01:00,660.4000244140625,660.7000122070312,658.7999877929688,660.5
2024-09-23 08:00:00+01:00,667.0999755859375,669.2000122070312,662.9000244140625,666.3447875976562
2024-09-23 12:00:00+01:00,666.2000122070312,672.0999755859375,665.7376098632812,671.7000122070312
2024-09-23 16:00:00+01:00,671.7000122070312,671.7000122070312,669.7000122070312,670.7000122070312
2024-09-24 08:00:00+01:00,673.2999877929688,683.4000244140625,671.0,680.7999877929688
2024-09-24 12:00:00+01:00,680.5999755859375,680.7999877929688,671.7000122070312,672.5
2024-09-24 16:00:00+01:00,672.5,682.0499877929688,671.9000244140625,673.4000244140625
2024-09-25 08:00:00+01:00,669.0999755859375,674.4000244140625,666.4000244140625,674.4000244140625
2024-09-25 12:00:00+01:00,674.4000244140625,676.8775024414062,663.5540161132812,665.7999877929688
2024-09-25 16:00:00+01:00,665.9000244140625,666.5,665.0999755859375,665.7999877929688
2024-09-26 08:00:00+01:00,673.0999755859375,680.0,670.4000244140625,677.4000244140625
2024-09-26 12:00:00+01:00,677.2999877929688,682.0999755859375,676.2999877929688,678.8499755859375
2024-09-26 16:00:00+01:00,678.7999877929688,681.0999755859375,678.4000244140625,679.7999877929688
2024-09-27 08:00:00+01:00,677.7999877929688,682.9000244140625,676.4000244140625,681.9500122070312
2024-09-27 12:00:00+01:00,681.7000122070312,683.2000122070312,677.7999877929688,682.0
2024-09-27 16:00:00+01:00,682.0,683.0,680.9000244140625,680.9000244140625
2024-09-30 08:00:00+01:00,676.9000244140625,680.2999877929688,672.2999877929688,672.4000244140625
2024-09-30 12:00:00+01:00,672.5,673.4000244140625,669.7999877929688,670.7999877929688
2024-09-30 16:00:00+01:00,670.9000244140625,672.2999877929688,669.2000122070312,669.2000122070312
2024-10-01 08:00:00+01:00,672.5,673.4000244140625,666.3359985351562,670.25
2024-10-01 12:00:00+01:00,670.4000244140625,672.8280029296875,659.2999877929688,664.7000122070312
2024-10-01 16:00:00+01:00,664.7999877929688,667.2999877929688,663.0999755859375,664.7000122070312
2024-10-02 08:00:00+01:00,675.4000244140625,679.5,671.0,674.2999877929688
2024-10-02 12:00:00+01:00,674.4000244140625,679.0999755859375,672.5999755859375,676.7999877929688
2024-10-02 16:00:00+01:00,676.7000122070312,677.2999877929688,675.7999877929688,676.0
2024-10-03 08:00:00+01:00,682.0,689.2000122070312,677.0,687.2999877929688
2024-10-03 12:00:00+01:00,687.5,689.5250244140625,679.0999755859375,684.2000122070312
2024-10-03 16:00:00+01:00,684.2000122070312,685.5999755859375,683.0,685.0
2024-10-04 08:00:00+01:00,679.9000244140625,686.7999877929688,679.7000122070312,683.0
2024-10-04 12:00:00+01:00,683.0999755859375,696.5999755859375,680.5999755859375,693.9000244140625
2024-10-04 16:00:00+01:00,693.965576171875,695.0999755859375,691.7999877929688,691.7999877929688
2024-10-07 08:00:00+01:00,692.0999755859375,698.5654907226562,688.7000122070312,698.0
2024-10-07 12:00:00+01:00,698.0999755859375,698.2999877929688,692.5999755859375,692.9000244140625
2024-10-07 16:00:00+01:00,692.9000244140625,695.2000122070312,692.7000122070312,695.2000122070312
2024-10-08 08:00:00+01:00,680.4000244140625,684.4201049804688,666.9000244140625,668.2999877929688
2024-10-08 12:00:00+01:00,668.2999877929688,674.0999755859375,664.4000244140625,667.0
2024-10-08 16:00:00+01:00,667.0999755859375,669.5999755859375,664.875,666.0
2024-10-09 08:00:00+01:00,663.0999755859375,669.7999877929688,662.7000122070312,668.0
2024-10-09 12:00:00+01:00,668.0,670.2000122070312,666.0999755859375,669.5999755859375
2024-10-09 16:00:00+01:00,669.5,670.0999755859375,668.7000122070312,669.4000244140625
2024-10-10 08:00:00+01:00,670.5,676.0999755859375,668.2000122070312,669.2000122070312
2024-10-10 12:00:00+01:00,669.2000122070312,674.0999755859375,669.0,671.2999877929688
2024-10-10 16:00:00+01:00,671.2000122070312,672.7999877929688,671.0999755859375,672.2000122070312
2024-10-11 08:00:00+01:00,674.2000122070312,674.9000244140625,667.5999755859375,670.5
2024-10-11 12:00:00+01:00,670.5999755859375,674.2000122070312,668.5,673.0999755859375
2024-10-11 16:00:00+01:00,673.0,673.7000122070312,672.2999877929688,673.2000122070312
2024-10-14 08:00:00+01:00,671.9000244140625,672.7000122070312,668.2000122070312,670.25
2024-10-14 12:00:00+01:00,670.5,677.0501708984375,669.0999755859375,675.5999755859375
2024-10-14 16:00:00+01:00,675.5999755859375,676.5999755859375,671.9000244140625,675.7999877929688
2024-10-15 08:00:00+01:00,665.7000122070312,669.9249877929688,664.5999755859375,666.9631958007812
2024-10-15 12:00:00+01:00,667.0999755859375,670.2000122070312,666.2999877929688,668.3980102539062
2024-10-15 16:00:00+01:00,668.2000122070312,669.2000122070312,667.5999755859375,669.2000122070312
2024-10-16 08:00:00+01:00,673.7999877929688,676.5999755859375,668.5499877929688,670.0999755859375
2024-10-16 12:00:00+01:00,670.177978515625,675.2999877929688,669.5,673.4000244140625
2024-10-16 16:00:00+01:00,673.4000244140625,674.2000122070312,672.0999755859375,672.7999877929688
2024-10-17 08:00:00+01:00,672.0,678.7000122070312,670.9000244140625,676.2999877929688
2024-10-17 12:00:00+01:00,676.31201171875,680.416015625,672.0,679.2999877929688
2024-10-17 16:00:00+01:00,679.2999877929688,679.9000244140625,678.0,678.0
2024-10-18 08:00:00+01:00,678.7999877929688,681.7999877929688,675.7999877929688,679.7000122070312
2024-10-18 12:00:00+01:00,679.5999755859375,682.0,675.5999755859375,679.5349731445312
2024-10-18 16:00:00+01:00,679.5999755859375,681.4000244140625,679.2999877929688,680.5999755859375
2024-10-21 08:00:00+01:00,675.7999877929688,681.2000122070312,674.0,674.1610107421875
2024-10-21 12:00:00+01:00,674.5,678.5999755859375,674.0999755859375,676.7999877929688
2024-10-21 16:00:00+01:00,676.7999877929688,677.7000122070312,674.2999877929688,675.4000244140625
2024-10-22 08:00:00+01:00,674.5999755859375,676.510009765625,671.869384765625,672.9000244140625
2024-10-22 12:00:00+01:00,672.9000244140625,680.5999755859375,672.4000244140625,680.5999755859375
2024-10-22 16:00:00+01:00,680.5999755859375,682.4000244140625,680.0,681.5
2024-10-23 08:00:00+01:00,682.7000122070312,686.5999755859375,677.2994995117188,679.7999877929688
2024-10-23 12:00:00+01:00,679.7000122070312,682.7999877929688,676.2999877929688,678.5999755859375
2024-10-23 16:00:00+01:00,678.5999755859375,679.7000122070312,678.2999877929688,679.0
2024-10-24 08:00:00+01:00,681.7999877929688,686.5,679.8272094726562,680.2999877929688
2024-10-24 12:00:00+01:00,680.2999877929688,684.4000244140625,679.4000244140625,681.2000122070312
2024-10-24 16:00:00+01:00,681.2999877929688,681.6397705078125,680.6500244140625,680.8361206054688
2024-10-25 08:00:00+01:00,682.7999877929688,687.4000244140625,682.2999877929688,684.3643798828125
2024-10-25 12:00:00+01:00,684.2999877929688,687.0,683.4000244140625,684.2999877929688
2024-10-25 16:00:00+01:00,684.2999877929688,684.5,682.0999755859375,682.0999755859375
2024-10-28 08:00:00+00:00,688.5,692.4000244140625,682.4000244140625,683.5
2024-10-28 12:00:00+00:00,683.5,693.5999755859375,682.5999755859375,691.5
2024-10-28 16:00:00+00:00,691.5643920898438,693.0,691.0,692.0999755859375
2024-10-29 08:00:00+00:00,705.9000244140625,729.2000122070312,705.4752807617188,719.7999877929688
2024-10-29 12:00:00+00:00,719.7000122070312,722.7000122070312,713.7999877929688,714.2999877929688
2024-10-29 16:00:00+00:00,714.2999877929688,715.0,712.5999755859375,713.7000122070312
2024-10-30 08:00:00+00:00,706.9000244140625,714.2000122070312,704.2999877929688,709.0
2024-10-30 12:00:00+00:00,709.2000122070312,715.4000244140625,706.2999877929688,706.5
2024-10-30 16:00:00+00:00,706.5,707.5,706.0999755859375,706.2000122070312
2024-10-31 08:00:00+00:00,713.0,715.0999755859375,709.8900146484375,711.9000244140625
2024-10-31 12:00:00+00:00,711.9000244140625,714.0,707.4000244140625,710.7999877929688
2024-10-31 16:00:00+00:00,710.7000122070312,711.7999877929688,709.4000244140625,711.7000122070312
2024-11-01 08:00:00+00:00,712.0999755859375,714.5,708.5,711.0999755859375
2024-11-01 12:00:00+00:00,711.2000122070312,714.5,708.0,713.1749877929688
2024-11-01 16:00:00+00:00,712.7000122070312,712.9000244140625,709.5999755859375,709.5999755859375
2024-11-04 08:00:00+00:00,711.7000122070312,720.4000244140625,711.2000122070312,720.0
2024-11-04 12:00:00+00:00,720.0,721.215576171875,711.7000122070312,717.0999755859375
2024-11-04 16:00:00+00:00,717.2780151367188,720.2000122070312,716.7999877929688,717.7000122070312
2024-11-05 08:00:00+00:00,717.4000244140625,719.2000122070312,715.0999755859375,717.5
2024-11-05 12:00:00+00:00,717.5,721.7000122070312,716.0999755859375,721.5
2024-11-05 16:00:00+00:00,721.5999755859375,722.4000244140625,720.4000244140625,722.4000244140625
2024-11-06 08:00:00+00:00,719.7000122070312,729.5999755859375,719.7000122070312,724.9000244140625
2024-11-06 12:00:00+00:00,724.7999877929688,728.2999877929688,719.5,725.2000122070312
2024-11-06 16:00:00+00:00,725.2000122070312,725.2000122070312,722.2999877929688,724.2000122070312
2024-11-07 08:00:00+00:00,720.0,723.2999877929688,717.2000122070312,718.4000244140625
2024-11-07 12:00:00+00:00,718.5,720.0,715.0,717.9000244140625
2024-11-07 16:00:00+00:00,717.9000244140625,717.9000244140625,714.7000122070312,715.5999755859375
2024-11-08 08:00:00+00:00,711.7999877929688,713.1680297851562,695.2998046875,695.9000244140625
2024-11-08 12:00:00+00:00,695.9000244140625,704.0625,690.2999877929688,691.7000122070312
2024-11-08 16:00:00+00:00,691.7000122070312,691.7999877929688,689.5999755859375,690.0
2024-11-11 08:00:00+00:00,701.0,702.9000244140625,692.2999877929688,696.7000122070312
2024-11-11 12:00:00+00:00,696.5999755859375,699.7000122070312,695.2000122070312,699.0999755859375
2024-11-11 16:00:00+00:00,699.0999755859375,699.2999877929688,697.2000122070312,699.2000122070312
2024-11-12 08:00:00+00:00,696.0,696.4000244140625,688.7000122070312,691.7000122070312
2024-11-12 12:00:00+00:00,691.7999877929688,696.714599609375,690.0,691.7999877929688
2024-11-12 16:00:00+00:00,691.7310180664062,693.9000244140625,690.5999755859375,693.9000244140625
2024-11-13 08:00:00+00:00,699.0,700.5999755859375,696.3419799804688,697.7000122070312
2024-11-13 12:00:00+00:00,697.7999877929688,699.7999877929688,696.5,699.7000122070312
2024-11-13 16:00:00+00:00,699.5999755859375,701.0,698.0,700.7999877929688
2024-11-14 08:00:00+00:00,699.9000244140625,709.9188842773438,699.6602783203125,704.7000122070312
2024-11-14 12:00:00+00:00,704.5960083007812,707.4000244140625,703.7000122070312,706.7999877929688
2024-11-14 16:00:00+00:00,706.7999877929688,707.2999877929688,705.5999755859375,706.2000122070312
2024-11-15 08:00:00+00:00,709.5,718.4000244140625,706.9000244140625,715.4000244140625
2024-11-15 12:00:00+00:00,715.4000244140625,719.0,715.4000244140625,717.4000244140625
2024-11-15 16:00:00+00:00,717.5,718.4000244140625,716.2000122070312,716.7999877929688
2024-11-18 08:00:00+00:00,716.7999877929688,725.0,715.7999877929688,722.0999755859375
2024-11-18 12:00:00+00:00,722.2999877929688,726.9000244140625,721.9000244140625,726.7000122070312
2024-11-18 16:00:00+00:00,726.5999755859375,727.7999877929688,725.2000122070312,727.7999877929688
2024-11-19 08:00:00+00:00,724.9000244140625,730.5999755859375,712.5999755859375,719.2000122070312
2024-11-19 12:00:00+00:00,719.2999877929688,722.0999755859375,715.0,721.5560302734375
2024-11-19 16:00:00+00:00,721.5999755859375,724.4000244140625,719.5,724.2999877929688
2024-11-20 08:00:00+00:00,722.2999877929688,727.9000244140625,722.2999877929688,724.0
2024-11-20 12:00:00+00:00,724.2000122070312,725.9000244140625,718.7000122070312,722.4000244140625
2024-11-20 16:00:00+00:00,722.2999877929688,723.2999877929688,719.9000244140625,722.5
2024-11-21 08:00:00+00:00,723.7999877929688,727.9000244140625,719.9000244140625,727.0
2024-11-21 12:00:00+00:00,726.7999877929688,729.4000244140625,724.5999755859375,727.7000122070312
2024-11-21 16:00:00+00:00,727.7999877929688,727.9000244140625,726.1995239257812,726.9000244140625
2024-11-22 08:00:00+00:00,728.7000122070312,732.0999755859375,717.5999755859375,719.9000244140625
2024-11-22 12:00:00+00:00,720.0999755859375,726.0999755859375,720.0999755859375,724.7999877929688
2024-11-22 16:00:00+00:00,724.344970703125,724.7999877929688,723.6444702148438,724.4000244140625
2024-11-25 08:00:00+00:00,723.9000244140625,730.3280029296875,723.5999755859375,726.5999755859375
2024-11-25 12:00:00+00:00,726.7000122070312,734.9000244140625,726.458984375,734.5999755859375
2024-11-25 16:00:00+00:00,734.5999755859375,735.0999755859375,732.7000122070312,733.7000122070312
2024-11-26 08:00:00+00:00,733.2999877929688,740.85498046875,729.9000244140625,732.5999755859375
2024-11-26 12:00:00+00:00,732.5,734.9000244140625,732.073974609375,732.7000122070312
2024-11-26 16:00:00+00:00,732.7000122070312,733.7999877929688,731.9000244140625,732.5999755859375
2024-11-27 08:00:00+00:00,733.7000122070312,734.5999755859375,729.5,731.5999755859375
2024-11-27 12:00:00+00:00,731.5999755859375,733.7000122070312,724.7999877929688,729.7999877929688
2024-11-27 16:00:00+00:00,729.7999877929688,733.0,729.7000122070312,731.9000244140625
2024-11-28 08:00:00+00:00,735.0,735.5999755859375,732.0,733.985107421875
2024-11-28 12:00:00+00:00,734.0,735.0,731.2009887695312,731.223876953125
2024-11-28 16:00:00+00:00,731.2999877929688,731.9000244140625,730.5999755859375,731.9000244140625
2024-11-29 08:00:00+00:00,731.2000122070312,733.5,729.7000122070312,732.5999755859375
2024-11-29 12:00:00+00:00,732.5,733.4000244140625,729.2999877929688,733.0
2024-11-29 16:00:00+00:00,733.0999755859375,733.9000244140625,732.7000122070312,732.7000122070312
2024-12-02 08:00:00+00:00,734.4000244140625,735.2999877929688,730.7000122070312,735.1298217773438
2024-12-02 12:00:00+00:00,735.0,739.0999755859375,734.5999755859375,736.2000122070312
2024-12-02 16:00:00+00:00,736.2000122070312,737.9000244140625,735.5999755859375,737.9000244140625
2024-12-03 08:00:00+00:00,744.5,749.0,742.7999877929688,747.7999877929688
2024-12-03 12:00:00+00:00,747.7999877929688,750.5,742.9639892578125,744.7999877929688
2024-12-03 16:00:00+00:00,745.0,746.5999755859375,743.7000122070312,743.7000122070312
2024-12-04 08:00:00+00:00,744.7999877929688,746.9000244140625,742.5999755859375,746.4149780273438
2024-12-04 12:00:00+00:00,746.5,747.7999877929688,743.7999877929688,743.9002075195312
2024-12-04 16:00:00+00:00,744.0,745.0,743.93017578125,744.2000122070312
2024-12-05 08:00:00+00:00,744.4000244140625,749.0,744.0999755859375,746.5
2024-12-05 12:00:00+00:00,746.4000244140625,750.7000122070312,745.7999877929688,750.5
2024-12-05 16:00:00+00:00,750.5,751.5,744.4000244140625,751.2999877929688
2024-12-06 08:00:00+00:00,750.5999755859375,752.0360717773438,747.4000244140625,750.2999877929688
2024-12-06 12:00:00+00:00,750.2999877929688,750.7000122070312,742.0999755859375,743.7999877929688
2024-12-06 16:00:00+00:00,743.7999877929688,745.7999877929688,743.0,743.5999755859375
2024-12-09 08:00:00+00:00,749.0,753.469970703125,746.5,751.7999877929688
2024-12-09 12:00:00+00:00,752.0,753.5999755859375,748.2789916992188,748.5999755859375
2024-12-09 16:00:00+00:00,748.6649780273438,750.2999877929688,748.0,750.0999755859375
2024-12-10 08:00:00+00:00,751.7000122070312,752.9000244140625,749.2000122070312,750.2999877929688
2024-12-10 12:00:00+00:00,750.4000244140625,751.5999755859375,747.7999877929688,749.7000122070312
2024-12-10 16:00:00+00:00,749.7999877929688,751.2000122070312,748.2999877929688,750.0
2024-12-11 08:00:00+00:00,750.0,756.2000122070312,750.0,755.4000244140625
2024-12-11 12:00:00+00:00,755.5999755859375,758.9000244140625,750.0,755.2999877929688
2024-12-11 16:00:00+00:00,755.2999877929688,756.7999877929688,754.2999877929688,755.9000244140625
2024-12-12 08:00:00+00:00,755.7999877929688,762.0,755.5,760.2360229492188
2024-12-12 12:00:00+00:00,760.2999877929688,761.9000244140625,755.7999877929688,760.2999877929688
2024-12-12 16:00:00+00:00,760.4000244140625,761.0999755859375,758.5,761.0999755859375
2024-12-13 08:00:00+00:00,759.7000122070312,764.7999877929688,758.9000244140625,764.0
2024-12-13 12:00:00+00:00,764.0999755859375,764.5,750.9000244140625,764.0
2024-12-13 16:00:00+00:00,764.0,766.2000122070312,761.7000122070312,766.2000122070312
2024-12-16 08:00:00+00:00,762.7999877929688,768.2999877929688,761.2000122070312,764.0701293945312
2024-12-16 12:00:00+00:00,764.1729736328125,766.4000244140625,762.7000122070312,762.7000122070312
2024-12-16 16:00:00+00:00,762.7999877929688,765.0,760.4000244140625,761.5
2024-12-17 08:00:00+00:00,761.7000122070312,764.2991943359375,760.7938232421875,762.22998046875
2024-12-17 12:00:00+00:00,762.2000122070312,762.7000122070312,757.5999755859375,760.0999755859375
2024-12-17 16:00:00+00:00,760.2000122070312,760.4000244140625,757.7000122070312,757.7000122070312
2024-12-18 08:00:00+00:00,761.0,769.5,759.5999755859375,766.7999877929688
2024-12-18 12:00:00+00:00,766.969970703125,769.2999877929688,764.0999755859375,767.7999877929688
2024-12-18 16:00:00+00:00,767.7999877929688,768.0057983398438,766.7999877929688,767.9000244140625
2024-12-19 08:00:00+00:00,757.7999877929688,762.0999755859375,756.0999755859375,760.0
2024-12-19 12:00:00+00:00,759.9000244140625,767.4000244140625,757.7999877929688,766.0
2024-12-19 16:00:00+00:00,765.9000244140625,766.2999877929688,764.7000122070312,765.0999755859375
2024-12-20 08:00:00+00:00,764.4000244140625,765.5999755859375,750.5,754.4000244140625
2024-12-20 12:00:00+00:00,754.4000244140625,764.4000244140625,749.5999755859375,763.7000122070312
2024-12-20 16:00:00+00:00,763.7999877929688,764.4000244140625,756.9000244140625,760.7999877929688
2024-12-23 08:00:00+00:00,767.4000244140625,770.0,762.2999877929688,764.2401123046875
2024-12-23 12:00:00+00:00,764.2999877929688,766.4000244140625,761.5999755859375,761.9000244140625
2024-12-23 16:00:00+00:00,761.9000244140625,765.0999755859375,761.72802734375,765.0999755859375
2024-12-24 08:00:00+00:00,768.9000244140625,772.7999877929688,767.0999755859375,771.7739868164062
2024-12-27 08:00:00+00:00,773.7999877929688,782.5,771.5,775.7999877929688
2024-12-27 12:00:00+00:00,775.7999877929688,777.5,773.9000244140625,776.2999877929688
2024-12-27 16:00:00+00:00,776.2999877929688,777.0999755859375,774.7000122070312,777.0999755859375
2024-12-30 08:00:00+00:00,775.9000244140625,779.5,773.5,779.2999877929688
2024-12-30 12:00:00+00:00,779.4000244140625,780.9000244140625,775.7000122070312,780.7999877929688
2024-12-30 16:00:00+00:00,780.7000122070312,781.7000122070312,780.2999877929688,781.7000122070312
2024-12-31 08:00:00+00:00,778.5,785.4000244140625,776.4000244140625,784.2999877929688
2025-01-02 08:00:00+00:00,777.0,781.4000244140625,768.3701171875,774.9000244140625
2025-01-02 12:00:00+00:00,774.9000244140625,785.0999755859375,769.1500244140625,784.760009765625
2025-01-02 16:00:00+00:00,784.7999877929688,784.7999877929688,781.7000122070312,783.4000244140625
2025-01-03 08:00:00+00:00,775.5,786.0399780273438,775.5,786.0
2025-01-03 12:00:00+00:00,786.0,787.2999877929688,775.5,783.0999755859375
2025-01-03 16:00:00+00:00,783.2000122070312,783.2000122070312,775.5,782.2999877929688
2025-01-06 08:00:00+00:00,781.7999877929688,786.0999755859375,780.0999755859375,784.9000244140625
2025-01-06 12:00:00+00:00,784.7999877929688,785.7000122070312,780.5999755859375,782.2000122070312
2025-01-06 16:00:00+00:00,782.2000122070312,784.5,781.9000244140625,784.5
2025-01-07 08:00:00+00:00,774.5,775.5,767.0,770.9550170898438
2025-01-07 12:00:00+00:00,771.0999755859375,776.9099731445312,770.0,774.9199829101562
2025-01-07 16:00:00+00:00,774.9000244140625,776.0999755859375,774.2999877929688,776.0
2025-01-08 08:00:00+00:00,782.7000122070312,792.427001953125,781.4000244140625,790.2999877929688
2025-01-08 12:00:00+00:00,790.2000122070312,791.238525390625,784.0999755859375,789.5999755859375
2025-01-08 16:00:00+00:00,789.5,791.2000122070312,788.5999755859375,791.2000122070312
2025-01-09 08:00:00+00:00,794.0999755859375,798.7000122070312,790.0999755859375,797.2000122070312
2025-01-09 12:00:00+00:00,797.4000244140625,802.0999755859375,794.0999755859375,801.0
2025-01-09 16:00:00+00:00,801.1198120117188,802.5,800.9000244140625,802.5
2025-01-10 08:00:00+00:00,800.5999755859375,802.9000244140625,794.0,795.0999755859375
2025-01-10 12:00:00+00:00,795.0999755859375,802.7999877929688,790.2999877929688,799.5
2025-01-10 16:00:00+00:00,799.5,800.7999877929688,798.7000122070312,799.0999755859375
2025-01-13 08:00:00+00:00,794.5999755859375,798.0599975585938,788.4000244140625,790.0
2025-01-13 12:00:00+00:00,790.2000122070312,799.4000244140625,789.5,798.2999877929688
2025-01-13 16:00:00+00:00,798.2999877929688,799.5,794.5999755859375,798.2999877929688
2025-01-14 08:00:00+00:00,799.9000244140625,802.5,794.5999755859375,801.5999755859375
2025-01-14 12:00:00+00:00,801.5,801.5,798.0,799.7349853515625
2025-01-14 16:00:00+00:00,799.9000244140625,800.5999755859375,799.0,799.2000122070312
2025-01-15 08:00:00+00:00,796.9000244140625,807.7000122070312,796.4000244140625,807.7000122070312
2025-01-15 12:00:00+00:00,807.7000122070312,809.9000244140625,801.5999755859375,805.9000244140625
2025-01-15 16:00:00+00:00,805.9000244140625,807.2000122070312,803.4000244140625,804.4000244140625
2025-01-16 08:00:00+00:00,815.7999877929688,818.0,810.7999877929688,815.7977905273438
2025-01-16 12:00:00+00:00,816.0,822.4000244140625,814.9000244140625,817.0999755859375
2025-01-16 16:00:00+00:00,817.0999755859375,821.0,816.0999755859375,817.7999877929688
2025-01-17 08:00:00+00:00,820.5,825.4000244140625,818.5,824.5999755859375
2025-01-17 12:00:00+00:00,824.5999755859375,828.2999877929688,820.5,825.4000244140625
2025-01-17 16:00:00+00:00,825.5,826.9000244140625,822.7000122070312,822.7000122070312
2025-01-20 08:00:00+00:00,825.0,828.5999755859375,823.6900024414062,827.0999755859375
2025-01-20 12:00:00+00:00,827.2000122070312,827.4000244140625,824.0999755859375,824.0999755859375
2025-01-20 16:00:00+00:00,824.2000122070312,825.2999877929688,823.7999877929688,825.2999877929688
2025-01-21 08:00:00+00:00,827.2999877929688,829.2000122070312,825.0,826.4901733398438
2025-01-21 12:00:00+00:00,826.4000244140625,827.7999877929688,823.7999877929688,824.5999755859375
2025-01-21 16:00:00+00:00,824.7000122070312,826.2000122070312,824.0999755859375,825.5
2025-01-22 08:00:00+00:00,827.9000244140625,828.5,824.0,826.5
2025-01-22 12:00:00+00:00,826.5,827.9000244140625,821.2999877929688,823.0
2025-01-22 16:00:00+00:00,823.0,823.0999755859375,821.0999755859375,823.0
2025-01-23 08:00:00+00:00,821.0,825.2999877929688,820.9000244140625,821.7999877929688
2025-01-23 12:00:00+00:00,822.0,828.9000244140625,821.0,828.5999755859375
2025-01-23 16:00:00+00:00,828.5,829.5,821.0,829.2999877929688
2025-01-24 08:00:00+00:00,829.0,829.4000244140625,821.7000122070312,821.7999877929688
2025-01-24 12:00:00+00:00,821.7999877929688,829.0,815.4000244140625,816.2999877929688
2025-01-24 16:00:00+00:00,816.2000122070312,818.0,815.7000122070312,818.0
2025-01-27 08:00:00+00:00,819.2000122070312,823.9000244140625,818.0999755859375,819.5999755859375
2025-01-27 12:00:00+00:00,819.7999877929688,827.9000244140625,818.5,825.7000122070312
2025-01-27 16:00:00+00:00,825.7000122070312,826.2999877929688,823.7000122070312,824.5
2025-01-28 08:00:00+00:00,824.7999877929688,826.0,817.7000122070312,823.7999877929688
2025-01-28 12:00:00+00:00,823.5999755859375,827.0,820.2659912109375,823.9000244140625
2025-01-28 16:00:00+00:00,823.9000244140625,824.2000122070312,822.7999877929688,824.2000122070312
2025-01-29 08:00:00+00:00,825.4000244140625,829.5999755859375,823.7000122070312,829.5
2025-01-29 12:00:00+00:00,829.2999877929688,834.5999755859375,825.4000244140625,833.2000122070312
2025-01-29 16:00:00+00:00,833.2000122070312,835.7999877929688,832.2000122070312,835.7999877929688
2025-01-30 08:00:00+00:00,835.5,837.0,831.5,835.0
2025-01-30 12:00:00+00:00,835.0,840.0,833.7000122070312,838.6295166015625
2025-01-30 16:00:00+00:00,838.5999755859375,840.2000122070312,836.7000122070312,840.2000122070312
2025-01-31 08:00:00+00:00,843.4000244140625,847.2196044921875,841.5,845.7999877929688
2025-01-31 12:00:00+00:00,845.9000244140625,849.7999877929688,843.4000244140625,845.0599975585938
2025-01-31 16:00:00+00:00,845.0,847.5,843.4000244140625,845.7000122070312
2025-02-03 08:00:00+00:00,828.7999877929688,836.5,825.5,825.5
2025-02-03 12:00:00+00:00,825.5999755859375,826.2999877929688,815.0,822.0999755859375
2025-02-03 16:00:00+00:00,822.4000244140625,827.0999755859375,819.5,821.5999755859375
2025-02-04 08:00:00+00:00,831.9000244140625,831.9000244140625,821.7000122070312,826.2000122070312
2025-02-04 12:00:00+00:00,826.2999877929688,829.7999877929688,825.0999755859375,828.2999877929688
2025-02-04 16:00:00+00:00,828.2999877929688,830.2000122070312,828.2999877929688,829.2000122070312
2025-02-05 08:00:00+00:00,821.7999877929688,827.2999877929688,821.7999877929688,823.5
2025-02-05 12:00:00+00:00,823.5,825.2000122070312,820.7000122070312,825.0999755859375
2025-02-05 16:00:00+00:00,825.2000122070312,826.5,823.9329833984375,826.5
2025-02-06 08:00:00+00:00,830.0,839.9000244140625,830.0,838.4000244140625
2025-02-06 12:00:00+00:00,839.0,846.5,838.35302734375,846.4000244140625
2025-02-06 16:00:00+00:00,846.5,848.0,844.5,848.0
2025-02-07 08:00:00+00:00,845.4000244140625,849.5999755859375,844.7000122070312,849.35498046875
2025-02-07 12:00:00+00:00,849.4000244140625,854.0,845.4000244140625,852.4000244140625
2025-02-07 16:00:00+00:00,852.2999877929688,854.0999755859375,850.9000244140625,854.0
2025-02-10 08:00:00+00:00,853.0,864.2036743164062,852.5,862.0
2025-02-10 12:00:00+00:00,862.0,872.2000122070312,853.0,870.7000122070312
2025-02-10 16:00:00+00:00,870.5999755859375,871.2000122070312,866.2000122070312,866.2000122070312
2025-02-11 08:00:00+00:00,872.5999755859375,875.0,866.4000244140625,871.5999755859375
2025-02-11 12:00:00+00:00,871.5499877929688,873.7999877929688,869.7000122070312,873.2999877929688
2025-02-11 16:00:00+00:00,873.4000244140625,875.5999755859375,871.9000244140625,875.5999755859375
2025-02-12 08:00:00+00:00,872.7000122070312,875.260009765625,869.2999877929688,874.7000122070312
2025-02-12 12:00:00+00:00,874.7999877929688,880.5999755859375,873.5999755859375,880.5
2025-02-12 16:00:00+00:00,880.5,882.3499755859375,879.5,881.7000122070312
2025-02-13 08:00:00+00:00,874.0999755859375,877.7000122070312,870.0,874.2000122070312
2025-02-13 12:00:00+00:00,874.2999877929688,879.5,873.9000244140625,875.9000244140625
2025-02-13 16:00:00+00:00,875.7999877929688,879.2000122070312,874.9000244140625,875.9000244140625
2025-02-14 08:00:00+00:00,864.2999877929688,870.7999877929688,862.0,869.5
2025-02-14 12:00:00+00:00,869.4000244140625,871.2999877929688,865.4000244140625,868.2999877929688
2025-02-14 16:00:00+00:00,868.4000244140625,869.7000122070312,866.7999877929688,869.7000122070312
2025-02-17 08:00:00+00:00,874.0,880.7999877929688,873.2559814453125,878.2000122070312
2025-02-17 12:00:00+00:00,878.0999755859375,881.9000244140625,877.7999877929688,880.739990234375
2025-02-17 16:00:00+00:00,880.780029296875,883.5999755859375,880.239990234375,881.2999877929688
2025-02-18 08:00:00+00:00,889.0,897.7999877929688,887.9000244140625,895.2000122070312
2025-02-18 12:00:00+00:00,895.2000122070312,899.7999877929688,895.0,899.14697265625
2025-02-18 16:00:00+00:00,899.0,901.5999755859375,896.7999877929688,898.0999755859375
2025-02-19 08:00:00+00:00,896.0999755859375,908.0,883.7000122070312,894.5999755859375
2025-02-19 12:00:00+00:00,894.7000122070312,901.5999755859375,889.0,893.7999877929688
2025-02-19 16:00:00+00:00,893.9000244140625,895.9000244140625,893.5,895.4000244140625
2025-02-20 08:00:00+00:00,888.9000244140625,893.2000122070312,878.0999755859375,879.2000122070312
2025-02-20 12:00:00+00:00,879.4000244140625,887.0,877.0999755859375,880.5
2025-02-20 16:00:00+00:00,880.5,885.5999755859375,878.4000244140625,879.7999877929688
2025-02-21 08:00:00+00:00,879.2999877929688,886.0999755859375,877.0,883.2000122070312
2025-02-21 12:00:00+00:00,883.4000244140625,890.0,880.7999877929688,884.9000244140625
2025-02-21 16:00:00+00:00,885.0999755859375,885.9000244140625,884.5999755859375,885.7999877929688
2025-02-24 08:00:00+00:00,872.5,881.4000244140625,872.2000122070312,880.2000122070312
2025-02-24 12:00:00+00:00,880.0,881.9000244140625,872.0,874.7000122070312
2025-02-24 16:00:00+00:00,874.7000122070312,879.0999755859375,872.5,877.7000122070312
2025-02-25 08:00:00+00:00,884.5,903.0999755859375,882.0,901.7999877929688
2025-02-25 12:00:00+00:00,901.75,905.4000244140625,893.9000244140625,898.2999877929688
2025-02-25 16:00:00+00:00,898.2000122070312,902.0999755859375,897.0999755859375,899.5
2025-02-26 08:00:00+00:00,906.2999877929688,908.7999877929688,894.75,900.0
2025-02-26 12:00:00+00:00,900.0,910.260009765625,899.0,910.2000122070312
2025-02-26 16:00:00+00:00,910.2000122070312,911.7000122070312,904.0999755859375,911.7000122070312
2025-02-27 08:00:00+00:00,907.0,917.5,906.9000244140625,916.9000244140625
2025-02-27 12:00:00+00:00,916.9000244140625,917.77197265625,907.0,911.5
2025-02-27 16:00:00+00:00,911.4000244140625,913.0999755859375,907.0,912.2999877929688
2025-02-28 08:00:00+00:00,913.2000122070312,922.0999755859375,909.0999755859375,921.7000122070312
2025-02-28 12:00:00+00:00,921.7999877929688,927.5,913.1430053710938,926.2000122070312
2025-02-28 16:00:00+00:00,926.1599731445312,933.5999755859375,923.7000122070312,933.5999755859375
2025-03-03 08:00:00+00:00,934.0,943.9000244140625,929.4000244140625,943.7000122070312
2025-03-03 12:00:00+00:00,943.5,949.7999877929688,931.0,949.2000122070312
2025-03-03 16:00:00+00:00,949.4000244140625,950.2000122070312,932.2999877929688,942.5
2025-03-04 08:00:00+00:00,935.7999877929688,937.4000244140625,928.0,929.5
2025-03-04 12:00:00+00:00,929.5999755859375,930.2999877929688,917.81982421875,920.0999755859375
2025-03-04 16:00:00+00:00,919.9000244140625,921.2999877929688,916.2999877929688,916.2999877929688
2025-03-05 08:00:00+00:00,927.0,930.5999755859375,921.6240234375,928.2000122070312
2025-03-05 12:00:00+00:00,928.2000122070312,936.3040161132812,925.2999877929688,931.0999755859375
2025-03-05 16:00:00+00:00,931.0,933.5,928.4000244140625,928.4000244140625
2025-03-06 08:00:00+00:00,901.5999755859375,903.2000122070312,879.22998046875,887.0999755859375
2025-03-06 12:00:00+00:00,887.2000122070312,892.5031127929688,880.7000122070312,885.2999877929688
2025-03-06 16:00:00+00:00,885.4000244140625,887.0999755859375,881.0,881.0
2025-03-07 08:00:00+00:00,877.0999755859375,890.0,876.4000244140625,885.0
2025-03-07 12:00:00+00:00,884.9000244140625,887.0,878.2999877929688,881.7999877929688
2025-03-07 16:00:00+00:00,881.7000122070312,883.0076293945312,876.4000244140625,876.4000244140625
2025-03-10 08:00:00+00:00,882.4000244140625,884.0,863.5,868.9000244140625
2025-03-10 12:00:00+00:00,869.0,869.4000244140625,853.9000244140625,856.2999877929688
2025-03-10 16:00:00+00:00,856.4000244140625,864.4000244140625,851.5999755859375,854.7999877929688
2025-03-11 08:00:00+00:00,853.2000122070312,854.4000244140625,841.0,850.0999755859375
2025-03-11 12:00:00+00:00,850.0,853.2000122070312,834.7999877929688,842.2999877929688
2025-03-11 16:00:00+00:00,842.0999755859375,843.5999755859375,838.7000122070312,841.5999755859375
2025-03-12 08:00:00+00:00,848.2000122070312,852.0,845.9000244140625,850.0999755859375
2025-03-12 12:00:00+00:00,850.0999755859375,851.7000122070312,843.9000244140625,845.5999755859375
2025-03-12 16:00:00+00:00,845.5999755859375,849.2999877929688,845.2000122070312,847.7000122070312
2025-03-13 08:00:00+00:00,853.4000244140625,861.2000122070312,850.5,854.0
2025-03-13 12:00:00+00:00,854.0,857.7999877929688,849.0,850.4000244140625
2025-03-13 16:00:00+00:00,850.2999877929688,854.0999755859375,849.9000244140625,853.0999755859375
2025-03-14 08:00:00+00:00,851.0999755859375,869.5,850.0,867.7999877929688
2025-03-14 12:00:00+00:00,867.9000244140625,873.7000122070312,864.0,872.7999877929688
2025-03-14 16:00:00+00:00,872.7999877929688,872.9000244140625,869.9000244140625,870.0
2025-03-17 08:00:00+00:00,873.2000122070312,878.0999755859375,869.5999755859375,875.0
2025-03-17 12:00:00+00:00,874.9000244140625,878.2000122070312,874.9000244140625,876.0999755859375
2025-03-17 16:00:00+00:00,876.0999755859375,879.2999877929688,875.2999877929688,877.7000122070312
2025-03-18 08:00:00+00:00,885.9000244140625,896.7999877929688,880.7999877929688,894.5
2025-03-18 12:00:00+00:00,894.4000244140625,896.4000244140625,885.9000244140625,893.5999755859375
2025-03-18 16:00:00+00:00,893.5999755859375,896.2000122070312,893.0999755859375,894.2999877929688
2025-03-19 08:00:00+00:00,889.9000244140625,896.0999755859375,887.0,895.0999755859375
2025-03-19 12:00:00+00:00,895.2000122070312,898.7999877929688,892.0,896.5
2025-03-19 16:00:00+00:00,896.5,898.0999755859375,895.9000244140625,895.9000244140625
2025-03-20 08:00:00+00:00,893.0,894.4000244140625,873.2000122070312,877.2000122070312
2025-03-20 12:00:00+00:00,877.2000122070312,878.2999877929688,873.2000122070312,877.4000244140625
2025-03-20 16:00:00+00:00,877.4000244140625,881.4000244140625,875.2000122070312,876.0999755859375
2025-03-21 08:00:00+00:00,880.0,882.7999877929688,872.0,879.0
2025-03-21 12:00:00+00:00,879.030029296875,884.5,875.6500244140625,880.5
2025-03-21 16:00:00+00:00,880.4000244140625,882.5999755859375,878.7999877929688,881.5999755859375
2025-03-24 08:00:00+00:00,884.7000122070312,893.5,880.4000244140625,888.0999755859375
2025-03-24 12:00:00+00:00,888.0,890.5,883.5999755859375,888.5800170898438
2025-03-24 16:00:00+00:00,888.5999755859375,889.0999755859375,886.5,886.5999755859375
2025-03-25 08:00:00+00:00,883.5,889.5999755859375,875.0,888.2449951171875
2025-03-25 12:00:00+00:00,888.2000122070312,893.0,883.5,887.7999877929688
2025-03-25 16:00:00+00:00,887.9000244140625,889.4000244140625,886.7000122070312,889.4000244140625
2025-03-26 08:00:00+00:00,891.5,898.5999755859375,889.0999755859375,897.7000122070312
2025-03-26 12:00:00+00:00,897.5,903.0,896.7999877929688,901.0
2025-03-26 16:00:00+00:00,900.9000244140625,900.9000244140625,895.7000122070312,895.7000122070312
2025-03-27 08:00:00+00:00,894.0999755859375,897.2000122070312,885.7999877929688,893.9000244140625
2025-03-27 12:00:00+00:00,894.0,894.7999877929688,887.0999755859375,891.5999755859375
2025-03-27 16:00:00+00:00,891.5999755859375,894.5,891.2000122070312,893.4000244140625
2025-03-28 08:00:00+00:00,883.0999755859375,895.5,882.9000244140625,891.4000244140625
2025-03-28 12:00:00+00:00,891.2999877929688,892.5,881.3508911132812,887.0
2025-03-28 16:00:00+00:00,886.9000244140625,888.2000122070312,882.0999755859375,885.4000244140625
2025-03-31 08:00:00+01:00,880.0,881.0,868.0999755859375,868.718017578125
2025-03-31 12:00:00+01:00,868.9000244140625,880.0,866.2999877929688,873.7999877929688
2025-03-31 16:00:00+01:00,873.7999877929688,877.5999755859375,873.7000122070312,873.9000244140625
2025-04-01 08:00:00+01:00,880.0,889.5999755859375,879.0999755859375,883.0
2025-04-01 12:00:00+01:00,883.0999755859375,883.7999877929688,870.6005859375,877.0999755859375
2025-04-01 16:00:00+01:00,877.0999755859375,879.0,872.5,877.2000122070312
2025-04-02 08:00:00+01:00,879.4000244140625,882.2999877929688,872.4000244140625,875.2000122070312
2025-04-02 12:00:00+01:00,875.4000244140625,881.7000122070312,871.4000244140625,881.0
2025-04-02 16:00:00+01:00,880.9000244140625,883.0,880.2999877929688,883.0
2025-04-03 08:00:00+01:00,850.0,856.2999877929688,825.9400024414062,826.7000122070312
2025-04-03 12:00:00+01:00,826.7000122070312,850.0,807.4000244140625,807.5
2025-04-03 16:00:00+01:00,807.4000244140625,812.2000122070312,804.7000122070312,804.7000122070312
2025-04-04 08:00:00+01:00,787.5999755859375,791.2000122070312,737.0999755859375,741.5
2025-04-04 12:00:00+01:00,741.5999755859375,787.5999755859375,739.0999755859375,754.7000122070312
2025-04-04 16:00:00+01:00,754.7999877929688,764.2000122070312,754.2999877929688,760.0
2025-04-07 08:00:00+01:00,723.0999755859375,749.7999877929688,713.5,742.7000122070312
2025-04-07 12:00:00+01:00,742.7999877929688,769.7999877929688,731.4000244140625,755.5947875976562
2025-04-07 16:00:00+01:00,754.5,756.7999877929688,723.5999755859375,737.7999877929688
2025-04-08 08:00:00+01:00,738.7000122070312,742.0999755859375,724.572021484375,730.4000244140625
2025-04-08 12:00:00+01:00,730.2000122070312,747.0999755859375,727.2999877929688,732.5999755859375
2025-04-08 16:00:00+01:00,732.7000122070312,737.0999755859375,730.0,735.2000122070312
2025-04-09 08:00:00+01:00,709.4000244140625,724.0999755859375,706.7999877929688,712.4000244140625
2025-04-09 12:00:00+01:00,712.5999755859375,717.7999877929688,698.7000122070312,707.0999755859375
2025-04-09 16:00:00+01:00,707.0,713.2000122070312,706.5999755859375,713.2000122070312
2025-04-10 08:00:00+01:00,760.0,766.2000122070312,747.2000122070312,753.5999755859375
2025-04-10 12:00:00+01:00,753.5,754.7000122070312,736.2999877929688,736.2999877929688
2025-04-10 16:00:00+01:00,736.2999877929688,741.2000122070312,733.2999877929688,733.7000122070312
2025-04-11 08:00:00+01:00,749.2000122070312,752.9000244140625,732.2999877929688,746.0
2025-04-11 12:00:00+01:00,745.5999755859375,749.2000122070312,733.7999877929688,743.0999755859375
2025-04-11 16:00:00+01:00,743.030029296875,749.0,740.9000244140625,743.5
2025-04-14 08:00:00+01:00,762.7000122070312,769.9000244140625,757.9000244140625,762.2999877929688
2025-04-14 12:00:00+01:00,762.4000244140625,770.4000244140625,761.9000244140625,769.2999877929688
2025-04-14 16:00:00+01:00,769.4000244140625,770.9000244140625,763.2999877929688,770.9000244140625
2025-04-15 08:00:00+01:00,769.0,775.2999877929688,767.0999755859375,774.5
2025-04-15 12:00:00+01:00,774.3801879882812,783.5999755859375,769.0,782.4000244140625
2025-04-15 16:00:00+01:00,782.4000244140625,784.0,781.7000122070312,783.5
2025-04-16 08:00:00+01:00,769.7000122070312,782.9000244140625,769.7000122070312,777.5999755859375
2025-04-16 12:00:00+01:00,777.7999877929688,784.2000122070312,769.7000122070312,782.0999755859375
2025-04-16 16:00:00+01:00,782.0999755859375,792.7000122070312,780.7000122070312,787.7000122070312
2025-04-17 08:00:00+01:00,787.0,790.2000122070312,781.5999755859375,788.7000122070312
2025-04-17 12:00:00+01:00,788.7999877929688,792.0,782.5999755859375,788.0
2025-04-17 16:00:00+01:00,788.0,791.2999877929688,787.7000122070312,789.0
2025-04-22 08:00:00+01:00,791.2999877929688,796.5,788.0,793.3300170898438
2025-04-22 12:00:00+01:00,793.0999755859375,797.5499877929688,792.0,796.9000244140625
2025-04-22 16:00:00+01:00,796.9000244140625,800.2999877929688,794.0999755859375,800.2999877929688
2025-04-23 08:00:00+01:00,829.9000244140625,840.2000122070312,827.5999755859375,838.5
2025-04-23 12:00:00+01:00,838.5,847.7000122070312,835.5,845.7000122070312
2025-04-23 16:00:00+01:00,845.7000122070312,846.7000122070312,841.2000122070312,845.2000122070312
2025-04-24 08:00:00+01:00,835.2000122070312,837.0,825.2000122070312,826.4000244140625
2025-04-24 12:00:00+01:00,826.5999755859375,828.5,820.5999755859375,826.0999755859375
2025-04-24 16:00:00+01:00,826.4000244140625,830.7999877929688,825.7000122070312,827.2999877929688
2025-04-25 08:00:00+01:00,832.7000122070312,833.2999877929688,824.7000122070312,827.7999877929688
2025-04-25 12:00:00+01:00,828.0,834.7999877929688,827.4000244140625,834.2000122070312
2025-04-25 16:00:00+01:00,834.2999877929688,834.9000244140625,832.7999877929688,834.0
2025-04-28 08:00:00+01:00,831.5,837.7000122070312,830.7999877929688,836.2999877929688
2025-04-28 12:00:00+01:00,836.5,836.7000122070312,833.4000244140625,834.7000122070312
2025-04-28 16:00:00+01:00,834.7999877929688,835.5999755859375,832.0,833.7000122070312
2025-04-29 08:00:00+01:00,844.0,855.5999755859375,841.0999755859375,851.7000122070312
2025-04-29 12:00:00+01:00,851.7999877929688,862.0,849.0999755859375,857.7000122070312
2025-04-29 16:00:00+01:00,857.899169921875,861.2000122070312,855.5999755859375,855.5999755859375
2025-04-30 08:00:00+01:00,848.7999877929688,848.7999877929688,827.7999877929688,828.0999755859375
2025-04-30 12:00:00+01:00,828.5,848.7999877929688,821.5,824.0999755859375
2025-04-30 16:00:00+01:00,824.2000122070312,848.7999877929688,823.9000244140625,832.0
2025-05-01 08:00:00+01:00,840.7999877929688,841.0,832.7999877929688,836.7999877929688
2025-05-01 12:00:00+01:00,836.7000122070312,836.9000244140625,824.5999755859375,827.7999877929688
2025-05-01 16:00:00+01:00,828.0,828.5,824.7000122070312,824.7000122070312
2025-05-02 08:00:00+01:00,838.2999877929688,840.0,829.7999877929688,832.7999877929688
2025-05-02 12:00:00+01:00,832.7000122070312,849.0848999023438,830.7999877929688,846.2999877929688
2025-05-02 16:00:00+01:00,846.4000244140625,847.0999755859375,840.0999755859375,845.4000244140625
2025-05-06 08:00:00+01:00,849.7000122070312,849.7999877929688,833.4000244140625,840.9000244140625
2025-05-06 12:00:00+01:00,840.7999877929688,846.4000244140625,839.7000122070312,846.0
2025-05-06 16:00:00+01:00,846.0,853.510009765625,842.9000244140625,846.5
2025-05-07 08:00:00+01:00,849.9000244140625,851.7999877929688,840.9000244140625,841.9000244140625
2025-05-07 12:00:00+01:00,841.7000122070312,849.9000244140625,838.9000244140625,844.5999755859375
2025-05-07 16:00:00+01:00,844.5999755859375,845.0999755859375,841.9000244140625,842.7999877929688
2025-05-08 08:00:00+01:00,841.2999877929688,846.5,835.2999877929688,846.2000122070312
2025-05-08 12:00:00+01:00,846.2999877929688,846.7000122070312,838.5999755859375,841.0
2025-05-08 16:00:00+01:00,841.0999755859375,843.9000244140625,840.0999755859375,843.5999755859375
2025-05-09 08:00:00+01:00,851.0,851.5,847.0999755859375,850.8839721679688
2025-05-09 12:00:00+01:00,851.0,852.7000122070312,846.7000122070312,850.9000244140625
2025-05-09 16:00:00+01:00,850.9000244140625,851.7999877929688,849.2000122070312,849.2000122070312
2025-05-12 08:00:00+01:00,862.0,884.2000122070312,862.0,883.5
2025-05-12 12:00:00+01:00,883.7000122070312,887.0,877.7000122070312,883.5999755859375
2025-05-12 16:00:00+01:00,883.9000244140625,889.469970703125,881.0999755859375,881.9000244140625
2025-05-13 08:00:00+01:00,868.0,879.5999755859375,868.0,878.4000244140625
2025-05-13 12:00:00+01:00,878.4000244140625,882.0,877.2999877929688,878.75
2025-05-13 16:00:00+01:00,878.7999877929688,879.5999755859375,876.0999755859375,876.0999755859375
2025-05-14 08:00:00+01:00,873.5,878.0999755859375,856.7000122070312,863.0
2025-05-14 12:00:00+01:00,863.0,869.7999877929688,859.5999755859375,868.2000122070312
2025-05-14 16:00:00+01:00,868.2000122070312,871.0999755859375,865.5999755859375,871.0999755859375
2025-05-15 08:00:00+01:00,871.0,880.5,870.6199951171875,877.3662109375
2025-05-15 12:00:00+01:00,877.3939819335938,881.9000244140625,877.0999755859375,880.2000122070312
2025-05-15 16:00:00+01:00,880.2000122070312,881.2999877929688,879.35009765625,879.5
2025-05-16 08:00:00+01:00,872.0999755859375,882.2000122070312,872.0999755859375,880.2000122070312
2025-05-16 12:00:00+01:00,880.2999877929688,881.2000122070312,872.0999755859375,878.4000244140625
2025-05-16 16:00:00+01:00,878.4000244140625,882.7999877929688,874.5999755859375,882.7999877929688
2025-05-19 08:00:00+01:00,876.2000122070312,878.7999877929688,872.2999877929688,873.0
2025-05-19 12:00:00+01:00,872.9000244140625,881.4000244140625,872.7000122070312,880.5
2025-05-19 16:00:00+01:00,880.5999755859375,882.2000122070312,878.2000122070312,881.2999877929688
2025-05-20 08:00:00+01:00,884.5,889.0960083007812,882.2000122070312,886.4000244140625
2025-05-20 12:00:00+01:00,886.4000244140625,891.7000122070312,883.7999877929688,888.2000122070312
2025-05-20 16:00:00+01:00,888.0,890.7000122070312,887.5,889.2000122070312
2025-05-21 08:00:00+01:00,880.0,886.2000122070312,879.0999755859375,883.7999877929688
2025-05-21 12:00:00+01:00,883.7999877929688,891.0,883.2000122070312,887.2000122070312
2025-05-21 16:00:00+01:00,887.2000122070312,890.5999755859375,884.2999877929688,884.5999755859375
2025-05-22 08:00:00+01:00,885.7000122070312,887.2000122070312,877.2999877929688,878.5
2025-05-22 12:00:00+01:00,878.5999755859375,879.0999755859375,874.5,877.9000244140625
2025-05-22 16:00:00+01:00,878.0,880.9000244140625,875.7999877929688,880.5999755859375
2025-05-23 08:00:00+01:00,885.0999755859375,885.9000244140625,876.5,877.7999877929688
2025-05-23 12:00:00+01:00,877.5999755859375,885.0999755859375,847.0,869.9000244140625
2025-05-23 16:00:00+01:00,869.9000244140625,870.2000122070312,866.7000122070312,868.7999877929688
2025-05-27 08:00:00+01:00,873.5,877.0999755859375,868.5,868.7999877929688
2025-05-27 12:00:00+01:00,869.0,870.5,866.5,866.9000244140625
2025-05-27 16:00:00+01:00,866.9000244140625,869.9000244140625,866.7999877929688,867.4000244140625
2025-05-28 08:00:00+01:00,866.5,872.9000244140625,865.2999877929688,871.4000244140625
2025-05-28 12:00:00+01:00,871.5,871.7000122070312,865.2000122070312,865.2000122070312
2025-05-28 16:00:00+01:00,865.2999877929688,867.0,865.0,865.4000244140625
2025-05-29 08:00:00+01:00,877.0,878.910888671875,872.838623046875,874.2999877929688
2025-05-29 12:00:00+01:00,874.5,877.0,870.0999755859375,871.7999877929688
2025-05-29 16:00:00+01:00,871.7999877929688,877.0,871.4000244140625,871.4000244140625
2025-05-30 08:00:00+01:00,870.0,880.4000244140625,868.0,877.2999877929688
2025-05-30 12:00:00+01:00,877.2999877929688,879.4000244140625,869.9000244140625,875.5999755859375
2025-05-30 16:00:00+01:00,875.5,879.2999877929688,873.2000122070312,873.2000122070312
2025-06-02 08:00:00+01:00,865.7999877929688,875.5999755859375,865.7999877929688,873.7999877929688
2025-06-02 12:00:00+01:00,874.0,876.2999877929688,870.7000122070312,876.0
2025-06-02 16:00:00+01:00,876.0,879.0,871.9000244140625,875.9000244140625
2025-06-03 08:00:00+01:00,874.4000244140625,875.7000122070312,860.22998046875,872.2000122070312
2025-06-03 12:00:00+01:00,872.5,873.4000244140625,868.9000244140625,872.0999755859375
2025-06-03 16:00:00+01:00,872.2479858398438,876.0999755859375,869.7000122070312,875.2999877929688
2025-06-04 08:00:00+01:00,877.0,880.4000244140625,872.7999877929688,876.0
2025-06-04 12:00:00+01:00,876.0,876.0,870.2000122070312,872.7000122070312
2025-06-04 16:00:00+01:00,872.7999877929688,874.4000244140625,872.2000122070312,872.5999755859375
2025-06-05 08:00:00+01:00,873.9000244140625,879.2999877929688,871.7000122070312,877.2000122070312
2025-06-05 12:00:00+01:00,876.7000122070312,878.5,869.4000244140625,873.7999877929688
2025-06-05 16:00:00+01:00,873.9000244140625,876.7000122070312,870.2999877929688,873.4000244140625
2025-06-06 08:00:00+01:00,874.5999755859375,878.5180053710938,873.4000244140625,875.9000244140625
2025-06-06 12:00:00+01:00,875.8699951171875,883.9000244140625,874.2999877929688,879.4000244140625
2025-06-06 16:00:00+01:00,879.5,881.9000244140625,879.4000244140625,881.9000244140625
2025-06-09 08:00:00+01:00,879.2999877929688,885.5999755859375,879.2000122070312,883.0
2025-06-09 12:00:00+01:00,883.0999755859375,887.0,883.0999755859375,885.9000244140625
2025-06-09 16:00:00+01:00,886.0999755859375,886.4000244140625,883.9000244140625,886.2000122070312
2025-06-10 08:00:00+01:00,887.7000122070312,889.7999877929688,881.9000244140625,882.7000122070312
2025-06-10 12:00:00+01:00,882.7999877929688,883.4000244140625,875.0999755859375,875.7000122070312
2025-06-10 16:00:00+01:00,875.9000244140625,879.2999877929688,875.7000122070312,878.2999877929688
2025-06-11 08:00:00+01:00,883.0,885.4000244140625,876.0999755859375,878.5999755859375
2025-06-11 12:00:00+01:00,878.9000244140625,880.2000122070312,873.0,875.0999755859375
2025-06-11 16:00:00+01:00,875.2999877929688,877.5,873.7999877929688,877.5
2025-06-12 08:00:00+01:00,863.2999877929688,872.4000244140625,863.2999877929688,868.4000244140625
2025-06-12 12:00:00+01:00,868.5,876.7000122070312,863.2999877929688,875.7999877929688
2025-06-12 16:00:00+01:00,875.7999877929688,877.0999755859375,874.7999877929688,875.5
2025-06-13 08:00:00+01:00,864.0,866.7999877929688,859.4000244140625,866.7999877929688
2025-06-13 12:00:00+01:00,866.7999877929688,870.2260131835938,862.7000122070312,865.7999877929688
2025-06-13 16:00:00+01:00,865.7000122070312,867.0999755859375,865.2000122070312,866.5999755859375
2025-06-16 08:00:00+01:00,867.2999877929688,873.4000244140625,865.0,871.7000122070312
2025-06-16 12:00:00+01:00,871.7000122070312,876.7999877929688,867.2999877929688,876.7999877929688
2025-06-16 16:00:00+01:00,876.7000122070312,877.2000122070312,871.7000122070312,872.4000244140625
2025-06-17 08:00:00+01:00,866.0999755859375,869.4000244140625,862.4473876953125,865.7000122070312
2025-06-17 12:00:00+01:00,865.5999755859375,867.5999755859375,864.0,865.7999877929688
2025-06-17 16:00:00+01:00,865.7999877929688,866.2000122070312,863.7000122070312,863.7000122070312
2025-06-18 08:00:00+01:00,868.7999877929688,872.7999877929688,867.7999877929688,869.7999877929688
2025-06-18 12:00:00+01:00,869.7000122070312,877.5,868.9000244140625,875.4000244140625
2025-06-18 16:00:00+01:00,874.5999755859375,874.7000122070312,873.0,874.7000122070312
2025-06-19 08:00:00+01:00,868.4000244140625,872.5,865.4000244140625,871.4000244140625
2025-06-19 12:00:00+01:00,871.2999877929688,872.0,866.9000244140625,867.2999877929688
2025-06-19 16:00:00+01:00,867.2999877929688,867.9000244140625,863.9000244140625,864.2999877929688
2025-06-20 08:00:00+01:00,869.0,877.0,868.2999877929688,875.0
2025-06-20 12:00:00+01:00,874.7000122070312,875.7999877929688,868.7999877929688,869.0
2025-06-20 16:00:00+01:00,868.7999877929688,869.1168823242188,866.7999877929688,866.9000244140625
2025-06-23 08:00:00+01:00,870.2000122070312,870.7999877929688,865.5,868.5999755859375
2025-06-23 12:00:00+01:00,868.7000122070312,869.0,860.7999877929688,862.0999755859375
2025-06-23 16:00:00+01:00,862.2000122070312,862.9000244140625,860.2999877929688,860.2999877929688
2025-06-24 08:00:00+01:00,885.7000122070312,887.0999755859375,879.2000122070312,881.2000122070312
2025-06-24 12:00:00+01:00,881.0999755859375,886.4000244140625,879.0,885.0
2025-06-24 16:00:00+01:00,885.7999877929688,886.7999877929688,883.0,885.9000244140625
2025-06-25 08:00:00+01:00,894.9000244140625,895.4000244140625,885.7999877929688,886.9000244140625
2025-06-25 12:00:00+01:00,887.0999755859375,891.2000122070312,886.2000122070312,890.5
2025-06-25 16:00:00+01:00,890.4000244140625,890.7999877929688,889.5999755859375,890.7000122070312
2025-06-26 08:00:00+01:00,888.9000244140625,889.0999755859375,882.4000244140625,885.2000122070312
2025-06-26 12:00:00+01:00,885.0499877929688,885.0999755859375,876.4000244140625,878.2000122070312
2025-06-26 16:00:00+01:00,878.2000122070312,878.4000244140625,875.5,875.5
2025-06-27 08:00:00+01:00,879.2999877929688,883.2000122070312,878.2000122070312,883.2000122070312
2025-06-27 12:00:00+01:00,883.0,884.9500122070312,878.2999877929688,880.4000244140625
2025-06-27 16:00:00+01:00,880.5,883.2999877929688,880.5,883.0
2025-06-30 08:00:00+01:00,888.7000122070312,888.7000122070312,877.5,881.2000122070312
2025-06-30 12:00:00+01:00,881.2000122070312,883.5999755859375,877.7000122070312,882.2960205078125
2025-06-30 16:00:00+01:00,882.2999877929688,883.2000122070312,878.7999877929688,881.7999877929688
2025-07-01 08:00:00+01:00,881.7000122070312,883.4000244140625,867.5999755859375,867.7999877929688
2025-07-01 12:00:00+01:00,867.9000244140625,873.9000244140625,867.2000122070312,872.7000122070312
2025-07-01 16:00:00+01:00,872.5,873.2000122070312,871.0676879882812,871.7000122070312
2025-07-02 08:00:00+01:00,883.5,891.0999755859375,881.2999877929688,890.4000244140625
2025-07-02 12:00:00+01:00,890.2000122070312,891.9000244140625,880.5,883.5
2025-07-02 16:00:00+01:00,883.5999755859375,886.2999877929688,883.5999755859375,884.2000122070312
2025-07-03 08:00:00+01:00,887.0,887.4000244140625,880.0999755859375,883.8179931640625
2025-07-03 12:00:00+01:00,883.7000122070312,886.0,880.7999877929688,884.0
2025-07-03 16:00:00+01:00,884.0665893554688,884.7999877929688,882.5999755859375,884.7999877929688
2025-07-04 08:00:00+01:00,884.0,886.0999755859375,880.2000122070312,880.7999877929688
2025-07-04 12:00:00+01:00,881.2999877929688,887.0,881.2999877929688,885.7999877929688
2025-07-04 16:00:00+01:00,885.7000122070312,886.2000122070312,885.2999877929688,885.9000244140625
2025-07-07 08:00:00+01:00,891.7999877929688,895.2999877929688,889.0,892.5999755859375
2025-07-07 12:00:00+01:00,892.7999877929688,896.0,891.7999877929688,893.0
2025-07-07 16:00:00+01:00,893.2999877929688,894.5,893.0,893.79931640625
2025-07-08 08:00:00+01:00,897.9000244140625,902.0,895.7999877929688,900.9000244140625
2025-07-08 12:00:00+01:00,900.9000244140625,901.4000244140625,895.2999877929688,896.00048828125
2025-07-08 16:00:00+01:00,896.2000122070312,899.4000244140625,895.8001098632812,899.4000244140625
2025-07-09 08:00:00+01:00,900.2999877929688,909.7999877929688,899.7999877929688,909.6491088867188
2025-07-09 12:00:00+01:00,909.5999755859375,910.0999755859375,903.9000244140625,905.5
2025-07-09 16:00:00+01:00,905.4000244140625,906.9000244140625,905.2000122070312,906.9000244140625
2025-07-10 08:00:00+01:00,911.2000122070312,914.7000122070312,906.7000122070312,914.5
2025-07-10 12:00:00+01:00,914.5,919.0999755859375,911.2000122070312,917.7999877929688
2025-07-10 16:00:00+01:00,917.7999877929688,920.0,911.2000122070312,920.0
2025-07-11 08:00:00+01:00,917.5999755859375,921.0,906.7999877929688,907.7000122070312
2025-07-11 12:00:00+01:00,907.7999877929688,910.2000122070312,905.2999877929688,908.7000122070312
2025-07-11 16:00:00+01:00,908.7000122070312,910.5999755859375,905.7999877929688,910.2999877929688
2025-07-14 08:00:00+01:00,916.5,920.7999877929688,911.0490112304688,918.7999877929688
2025-07-14 12:00:00+01:00,918.7999877929688,923.5,917.5,923.2700805664062
2025-07-14 16:00:00+01:00,923.2000122070312,925.2000122070312,922.4000244140625,925.0
2025-07-15 08:00:00+01:00,924.5999755859375,930.2000122070312,922.8499145507812,924.0999755859375
2025-07-15 12:00:00+01:00,924.0679931640625,926.4000244140625,918.4000244140625,918.4000244140625
2025-07-15 16:00:00+01:00,918.4000244140625,920.5,918.4000244140625,919.5999755859375
2025-07-16 08:00:00+01:00,928.5,929.2999877929688,921.7999877929688,922.0999755859375
2025-07-16 12:00:00+01:00,922.0999755859375,927.4000244140625,921.4000244140625,922.4000244140625
2025-07-16 16:00:00+01:00,922.2999877929688,924.4000244140625,918.9000244140625,920.9000244140625
2025-07-17 08:00:00+01:00,929.5,931.2000122070312,925.2999877929688,927.9000244140625
2025-07-17 12:00:00+01:00,927.9000244140625,931.9000244140625,925.2999877929688,931.7000122070312
2025-07-17 16:00:00+01:00,931.7000122070312,934.7000122070312,929.5,932.7000122070312
2025-07-18 08:00:00+01:00,932.2999877929688,934.0999755859375,926.9000244140625,929.5999755859375
2025-07-18 12:00:00+01:00,929.7000122070312,933.2999877929688,928.7000122070312,931.5
2025-07-18 16:00:00+01:00,931.5999755859375,933.2999877929688,930.4000244140625,932.4000244140625
2025-07-21 08:00:00+01:00,933.7999877929688,934.9000244140625,929.0999755859375,930.7999877929688
2025-07-21 12:00:00+01:00,930.572021484375,940.0,930.2999877929688,939.5999755859375
2025-07-21 16:00:00+01:00,939.5999755859375,942.5,934.0999755859375,942.5
2025-07-22 08:00:00+01:00,941.2999877929688,945.9000244140625,939.5999755859375,945.2000122070312
2025-07-22 12:00:00+01:00,945.0999755859375,947.4000244140625,939.2000122070312,944.7000122070312
2025-07-22 16:00:00+01:00,944.6510009765625,946.0,943.9000244140625,944.7999877929688
2025-07-23 08:00:00+01:00,941.0,948.5999755859375,936.9990844726562,946.7000122070312
2025-07-23 12:00:00+01:00,946.7000122070312,949.9000244140625,943.9000244140625,948.2999877929688
2025-07-23 16:00:00+01:00,948.0999755859375,948.9000244140625,947.0999755859375,948.2000122070312
2025-07-24 08:00:00+01:00,957.4000244140625,968.60498046875,954.47998046875,964.9000244140625
2025-07-24 12:00:00+01:00,964.5999755859375,965.7999877929688,762.5499877929688,962.2999877929688
2025-07-24 16:00:00+01:00,962.0999755859375,964.2000122070312,960.9000244140625,960.9000244140625
2025-07-25 08:00:00+01:00,957.2000122070312,958.5999755859375,952.2999877929688,956.2999877929688
2025-07-25 12:00:00+01:00,956.0999755859375,960.0,954.0,958.9000244140625
2025-07-25 16:00:00+01:00,958.7999877929688,959.5999755859375,956.5999755859375,958.4000244140625
2025-07-28 08:00:00+01:00,958.5999755859375,964.0,958.5999755859375,963.4000244140625
2025-07-28 12:00:00+01:00,963.4000244140625,964.0999755859375,955.7000122070312,955.7999877929688
2025-07-28 16:00:00+01:00,955.9000244140625,959.7999877929688,955.2999877929688,959.7999877929688
2025-07-29 08:00:00+01:00,959.2000122070312,973.9000244140625,959.0999755859375,972.5
2025-07-29 12:00:00+01:00,972.7000122070312,978.7896728515625,967.8300170898438,971.5999755859375
2025-07-29 16:00:00+01:00,971.5999755859375,974.2999877929688,970.0,970.0
2025-07-30 08:00:00+01:00,922.0,949.5,920.5,943.7999877929688
2025-07-30 12:00:00+01:00,943.7000122070312,946.2999877929688,920.7000122070312,925.0999755859375
2025-07-30 16:00:00+01:00,925.0999755859375,934.5,921.7000122070312,926.0
2025-07-31 08:00:00+01:00,922.0,932.2075805664062,919.5,923.4000244140625
2025-07-31 12:00:00+01:00,923.0999755859375,927.2999877929688,921.5999755859375,923.2999877929688
2025-07-31 16:00:00+01:00,923.2999877929688,925.7999877929688,918.2000122070312,922.7999877929688
2025-08-01 08:00:00+01:00,920.2999877929688,930.2686157226562,915.7000122070312,921.2000122070312
2025-08-01 12:00:00+01:00,921.0,923.7999877929688,908.7999877929688,916.5999755859375
2025-08-01 16:00:00+01:00,916.5,919.0,915.7999877929688,917.9000244140625
2025-08-04 08:00:00+01:00,922.4000244140625,929.9000244140625,920.2000122070312,922.4000244140625
2025-08-04 12:00:00+01:00,922.2000122070312,925.2999877929688,920.2000122070312,921.5
2025-08-04 16:00:00+01:00,921.4000244140625,925.7999877929688,921.2999877929688,924.2000122070312
2025-08-05 08:00:00+01:00,926.2000122070312,929.2109985351562,923.0999755859375,928.4000244140625
2025-08-05 12:00:00+01:00,928.5999755859375,932.2000122070312,922.2999877929688,923.5999755859375
2025-08-05 16:00:00+01:00,923.5999755859375,927.2000122070312,922.9000244140625,924.5
2025-08-06 08:00:00+01:00,929.7000122070312,936.2999877929688,927.5999755859375,935.5
2025-08-06 12:00:00+01:00,935.5999755859375,936.4000244140625,929.7000122070312,932.2000122070312
2025-08-06 16:00:00+01:00,932.5,933.9000244140625,931.9000244140625,933.5
2025-08-07 08:00:00+01:00,943.5,944.7000122070312,938.0,938.2000122070312
2025-08-07 12:00:00+01:00,938.0999755859375,943.5,932.5,935.0
2025-08-07 16:00:00+01:00,934.9000244140625,935.2000122070312,932.4000244140625,934.2000122070312
2025-08-08 08:00:00+01:00,929.5,933.0,927.7000122070312,932.2000122070312
2025-08-08 12:00:00+01:00,932.0999755859375,935.7000122070312,929.5,935.5999755859375
2025-08-08 16:00:00+01:00,935.5999755859375,938.5999755859375,930.7999877929688,937.5999755859375
2025-08-11 08:00:00+01:00,944.0,947.4920043945312,944.0,947.0
2025-08-11 12:00:00+01:00,946.9000244140625,949.0999755859375,944.0,945.7999877929688
2025-08-11 16:00:00+01:00,945.7999877929688,949.5,945.0999755859375,949.5
2025-08-12 08:00:00+01:00,949.2000122070312,954.0,948.7000122070312,949.7999877929688
2025-08-12 12:00:00+01:00,949.7999877929688,955.7000122070312,948.6699829101562,955.2999877929688
2025-08-12 16:00:00+01:00,955.0999755859375,956.5,953.5,954.7000122070312
2025-08-13 08:00:00+01:00,959.5,960.7000122070312,952.5,953.7000122070312
2025-08-13 12:00:00+01:00,953.7000122070312,959.5,953.0,955.7000122070312
2025-08-13 16:00:00+01:00,955.7639770507812,956.4000244140625,953.5,954.7000122070312
2025-08-14 08:00:00+01:00,940.0,952.8499755859375,939.9000244140625,950.5999755859375
2025-08-14 12:00:00+01:00,950.5999755859375,955.0,940.0,952.2000122070312
2025-08-14 16:00:00+01:00,952.2000122070312,954.5999755859375,951.7999877929688,953.9000244140625
2025-08-15 08:00:00+01:00,947.0999755859375,953.2999877929688,947.0,951.9000244140625
2025-08-15 12:00:00+01:00,951.7000122070312,953.2000122070312,935.7999877929688,940.0999755859375
2025-08-15 16:00:00+01:00,940.0999755859375,941.0,936.2000122070312,938.9000244140625
2025-08-18 08:00:00+01:00,935.5999755859375,937.7999877929688,928.0999755859375,931.5999755859375
2025-08-18 12:00:00+01:00,931.5999755859375,936.4000244140625,930.5999755859375,936.2999877929688
2025-08-18 16:00:00+01:00,936.4000244140625,937.5999755859375,934.7999877929688,937.5999755859375
2025-08-19 08:00:00+01:00,940.4000244140625,948.2000122070312,939.0999755859375,946.7000122070312
2025-08-19 12:00:00+01:00,946.9000244140625,948.5,944.7000122070312,946.2000122070312
2025-08-19 16:00:00+01:00,946.2999877929688,947.0999755859375,944.7000122070312,944.7000122070312
2025-08-20 08:00:00+01:00,945.5999755859375,953.0,942.9000244140625,952.0
2025-08-20 12:00:00+01:00,952.1038208007812,964.4000244140625,945.5999755859375,962.0999755859375
2025-08-20 16:00:00+01:00,962.2000122070312,964.2999877929688,957.2000122070312,964.0999755859375
2025-08-21 08:00:00+01:00,960.9000244140625,964.6950073242188,957.5,958.7000122070312
2025-08-21 12:00:00+01:00,958.7000122070312,968.7000122070312,958.7000122070312,966.7999877929688
2025-08-21 16:00:00+01:00,966.7999877929688,967.5999755859375,965.7000122070312,967.2999877929688
2025-08-22 08:00:00+01:00,967.5,970.9000244140625,965.5999755859375,970.6799926757812
2025-08-22 12:00:00+01:00,970.9000244140625,972.4000244140625,967.5,971.9000244140625
2025-08-22 16:00:00+01:00,972.0800170898438,972.0800170898438,967.2999877929688,967.2999877929688
2025-08-26 08:00:00+01:00,960.5,964.0999755859375,949.2999877929688,954.0
2025-08-26 12:00:00+01:00,954.0999755859375,960.9000244140625,954.0,959.0999755859375
2025-08-26 16:00:00+01:00,959.0999755859375,961.0999755859375,958.5999755859375,960.7000122070312
2025-08-27 08:00:00+01:00,961.0999755859375,964.5999755859375,953.4000244140625,955.4000244140625
2025-08-27 12:00:00+01:00,955.2000122070312,958.7000122070312,951.0999755859375,952.5
2025-08-27 16:00:00+01:00,952.5999755859375,955.5999755859375,952.4439697265625,954.2000122070312
2025-08-28 08:00:00+01:00,955.4000244140625,959.0,954.5,957.0999755859375
2025-08-28 12:00:00+01:00,957.0999755859375,957.5999755859375,952.0,954.4000244140625
2025-08-28 16:00:00+01:00,955.2999877929688,956.0999755859375,954.4000244140625,954.9000244140625
2025-08-29 08:00:00+01:00,952.0,953.0,942.7999877929688,946.2999877929688
2025-08-29 12:00:00+01:00,946.5,952.0,945.4000244140625,947.5
2025-08-29 16:00:00+01:00,947.5,951.4000244140625,946.7000122070312,946.7000122070312
2025-09-01 08:00:00+01:00,947.5,954.2999877929688,946.5770263671875,951.5999755859375
2025-09-01 12:00:00+01:00,951.7000122070312,954.6170043945312,947.5,953.5
2025-09-01 16:00:00+01:00,953.4000244140625,953.7999877929688,951.2000122070312,953.5999755859375
2025-09-02 08:00:00+01:00,953.0,957.0,950.2570190429688,953.5800170898438
2025-09-02 12:00:00+01:00,953.7999877929688,955.5,947.0999755859375,951.7000122070312
2025-09-02 16:00:00+01:00,951.7000122070312,952.2000122070312,946.5,946.5
2025-09-03 08:00:00+01:00,948.0999755859375,957.7999877929688,946.2000122070312,957.2000122070312
2025-09-03 12:00:00+01:00,957.2999877929688,958.2999877929688,953.4000244140625,956.4000244140625
2025-09-03 16:00:00+01:00,956.4000244140625,958.5,954.7999877929688,954.7999877929688
2025-09-04 08:00:00+01:00,952.0999755859375,956.0999755859375,949.5999755859375,952.1400146484375
2025-09-04 12:00:00+01:00,952.0999755859375,962.7999877929688,951.7999877929688,962.4000244140625
2025-09-04 16:00:00+01:00,962.5,962.5,958.7999877929688,961.4000244140625
2025-09-05 08:00:00+01:00,970.0,981.2000122070312,969.5,979.2000122070312
2025-09-05 12:00:00+01:00,979.1699829101562,981.7999877929688,961.5999755859375,961.9000244140625
2025-09-05 16:00:00+01:00,961.7999877929688,963.7999877929688,960.2000122070312,963.0
2025-09-08 08:00:00+01:00,963.4000244140625,967.5999755859375,960.5999755859375,965.5
2025-09-08 12:00:00+01:00,965.4000244140625,967.2000122070312,962.9000244140625,966.0
2025-09-08 16:00:00+01:00,966.0,970.9000244140625,966.0,969.7999877929688
2025-09-09 08:00:00+01:00,967.7999877929688,969.9000244140625,964.2000122070312,967.0999755859375
2025-09-09 12:00:00+01:00,967.0,974.7999877929688,965.7000122070312,973.9000244140625
2025-09-09 16:00:00+01:00,973.9000244140625,979.0,969.2999877929688,979.0
2025-09-10 08:00:00+01:00,990.0,993.7999877929688,985.0,993.7000122070312
2025-09-10 12:00:00+01:00,993.7999877929688,997.7999877929688,980.5,996.0
2025-09-10 16:00:00+01:00,996.0999755859375,999.0,995.5999755859375,996.7999877929688
2025-09-11 08:00:00+01:00,1000.0,1004.7999877929688,997.7999877929688,1002.5999755859375
2025-09-11 12:00:00+01:00,1002.7999877929688,1009.8901977539062,1000.0,1009.4000244140625
2025-09-11 16:00:00+01:00,1009.2000122070312,1011.7999877929688,1004.4000244140625,1011.7999877929688
2025-09-12 08:00:00+01:00,1011.4000244140625,1012.0599975585938,1006.0,1007.7999877929688
2025-09-12 12:00:00+01:00,1007.5999755859375,1011.4000244140625,1005.7999877929688,1007.4000244140625
2025-09-12 16:00:00+01:00,1007.4000244140625,1010.5999755859375,1006.2000122070312,1007.0
2025-09-15 08:00:00+01:00,1015.7999877929688,1015.7999877929688,1008.4000244140625,1011.4000244140625
2025-09-15 12:00:00+01:00,1011.5999755859375,1015.7999877929688,1009.0,1012.7999877929688
2025-09-15 16:00:00+01:00,1012.7999877929688,1013.2000122070312,1010.4000244140625,1013.2000122070312
2025-09-16 08:00:00+01:00,1014.4000244140625,1015.2000122070312,1007.2000122070312,1012.8602294921875
2025-09-16 12:00:00+01:00,1013.2000122070312,1014.4000244140625,999.7000122070312,1002.2000122070312
2025-09-16 16:00:00+01:00,1002.4000244140625,1003.0,1001.0,1001.5999755859375
2025-09-17 08:00:00+01:00,1006.5999755859375,1012.4000244140625,1003.7999877929688,1009.4000244140625
2025-09-17 12:00:00+01:00,1009.5999755859375,1018.0,1007.4998168945312,1014.2000122070312
2025-09-17 16:00:00+01:00,1014.4000244140625,1016.0,1012.5,1014.7999877929688
2025-09-18 08:00:00+01:00,1014.7999877929688,1019.0,1011.4000244140625,1011.5399780273438
2025-09-18 12:00:00+01:00,1011.2000122070312,1023.27001953125,1011.0,1019.7999877929688
2025-09-18 16:00:00+01:00,1019.7999877929688,1022.0,1014.7999877929688,1018.7999877929688
2025-09-19 08:00:00+01:00,1022.7999877929688,1026.0,1014.2000122070312,1025.199951171875
2025-09-19 12:00:00+01:00,1025.5999755859375,1029.800048828125,1022.0,1028.800048828125
2025-09-19 16:00:00+01:00,1029.0,1030.5999755859375,1027.800048828125,1027.800048828125
2025-09-22 08:00:00+01:00,1026.0,1027.5999755859375,1021.5999755859375,1025.4000244140625
2025-09-22 12:00:00+01:00,1025.5999755859375,1031.800048828125,1024.4000244140625,1030.199951171875
2025-09-22 16:00:00+01:00,1030.0,1031.5999755859375,1029.199951171875,1031.5999755859375
2025-09-23 08:00:00+01:00,1032.4000244140625,1042.199951171875,1030.5999755859375,1034.4000244140625
2025-09-23 12:00:00+01:00,1034.199951171875,1045.199951171875,1032.4000244140625,1043.0
2025-09-23 16:00:00+01:00,1042.800048828125,1043.5999755859375,1032.4000244140625,1036.800048828125
2025-09-24 08:00:00+01:00,1028.199951171875,1035.5999755859375,1021.0,1033.7198486328125
2025-09-24 12:00:00+01:00,1033.4000244140625,1040.4000244140625,1032.0,1039.0
2025-09-24 16:00:00+01:00,1038.800048828125,1038.800048828125,1036.4000244140625,1037.199951171875
2025-09-25 08:00:00+01:00,1024.0,1028.199951171875,1019.5999755859375,1022.4000244140625
2025-09-25 12:00:00+01:00,1022.2000122070312,1029.199951171875,1019.2000122070312,1028.800048828125
2025-09-25 16:00:00+01:00,1028.800048828125,1029.0,1019.7999877929688,1025.199951171875
2025-09-26 08:00:00+01:00,1025.0,1034.800048828125,1023.7999877929688,1034.5999755859375
2025-09-26 12:00:00+01:00,1034.5999755859375,1041.882080078125,1034.199951171875,1037.0
2025-09-26 16:00:00+01:00,1037.0,1038.800048828125,1036.5999755859375,1038.800048828125
2025-09-29 08:00:00+01:00,1040.5999755859375,1049.199951171875,1040.199951171875,1047.4000244140625
2025-09-29 12:00:00+01:00,1047.5999755859375,1049.5999755859375,1042.4000244140625,1043.0
2025-09-29 16:00:00+01:00,1042.800048828125,1043.5999755859375,1040.0,1040.0
2025-09-30 08:00:00+01:00,1044.800048828125,1047.5999755859375,1040.4000244140625,1047.5069580078125
2025-09-30 12:00:00+01:00,1047.199951171875,1051.0,1042.800048828125,1044.5
2025-09-30 16:00:00+01:00,1044.5999755859375,1049.5999755859375,1044.199951171875,1045.0
2025-10-01 08:00:00+01:00,1043.0,1056.5999755859375,1041.0,1054.800048828125
2025-10-01 12:00:00+01:00,1054.800048828125,1057.0,1043.0,1052.800048828125
2025-10-01 16:00:00+01:00,1052.800048828125,1054.5999755859375,1050.800048828125,1050.800048828125
2025-10-02 08:00:00+01:00,1055.0,1059.800048828125,1054.5999755859375,1057.800048828125
2025-10-02 12:00:00+01:00,1058.0,1058.199951171875,1043.7900390625,1046.199951171875
2025-10-02 16:00:00+01:00,1046.0,1046.800048828125,1043.5999755859375,1043.5999755859375
2025-10-03 08:00:00+01:00,1048.800048828125,1060.5999755859375,1048.800048828125,1059.510986328125
2025-10-03 12:00:00+01:00,1059.199951171875,1064.4000244140625,1057.0,1062.800048828125
2025-10-03 16:00:00+01:00,1062.5999755859375,1063.5999755859375,1061.0,1061.800048828125
2025-10-06 08:00:00+01:00,1064.0,1065.0,1054.800048828125,1062.4000244140625
2025-10-06 12:00:00+01:00,1062.199951171875,1067.800048828125,1056.0,1056.4000244140625
2025-10-06 16:00:00+01:00,1056.4000244140625,1058.4000244140625,1055.4000244140625,1057.0
2025-10-07 08:00:00+01:00,1053.800048828125,1056.800048828125,1052.199951171875,1054.199951171875
2025-10-07 12:00:00+01:00,1054.199951171875,1059.4000244140625,1047.199951171875,1050.0
2025-10-07 16:00:00+01:00,1049.800048828125,1050.800048828125,1048.5999755859375,1050.0
2025-10-08 08:00:00+01:00,1050.5999755859375,1063.0,1049.800048828125,1061.800048828125
2025-10-08 12:00:00+01:00,1061.4000244140625,1067.4000244140625,1050.5999755859375,1065.199951171875
2025-10-08 16:00:00+01:00,1065.199951171875,1067.4000244140625,1062.5999755859375,1066.0
2025-10-09 08:00:00+01:00,999.9000244140625,1011.7999877929688,990.4000244140625,1011.0
2025-10-09 12:00:00+01:00,1011.2000122070312,1025.0,1008.0916137695312,1014.5999755859375
2025-10-09 16:00:00+01:00,1014.4000244140625,1020.0,1008.5999755859375,1008.5999755859375
2025-10-10 08:00:00+01:00,992.0,1008.4000244140625,992.0,1005.5999755859375
2025-10-10 12:00:00+01:00,1005.2000122070312,1008.2000122070312,992.0,1002.2000122070312
2025-10-10 16:00:00+01:00,1002.4000244140625,1005.5999755859375,991.5,993.9000244140625
2025-10-13 08:00:00+01:00,986.7000122070312,992.7000122070312,984.0,986.7999877929688
2025-10-13 12:00:00+01:00,986.5999755859375,995.9000244140625,984.7000122070312,988.4000244140625
2025-10-13 16:00:00+01:00,988.7000122070312,992.0999755859375,988.7000122070312,992.0999755859375
2025-10-14 08:00:00+01:00,987.9000244140625,998.2000122070312,979.0,990.7000122070312
2025-10-14 12:00:00+01:00,991.0,999.2999877929688,990.5999755859375,995.5999755859375
2025-10-14 16:00:00+01:00,995.5999755859375,997.0,993.5999755859375,996.2000122070312
2025-10-15 08:00:00+01:00,998.0,1002.0,992.7000122070312,994.2999877929688
2025-10-15 12:00:00+01:00,994.4000244140625,997.4000244140625,991.7000122070312,992.7000122070312
2025-10-15 16:00:00+01:00,992.7999877929688,994.5999755859375,988.7000122070312,988.7000122070312
2025-10-16 08:00:00+01:00,983.9000244140625,992.2000122070312,983.9000244140625,990.7999877929688
2025-10-16 12:00:00+01:00,990.5999755859375,992.35009765625,983.4000244140625,987.9000244140625
2025-10-16 16:00:00+01:00,987.8400268554688,989.5999755859375,984.0999755859375,989.0999755859375
2025-10-17 08:00:00+01:00,974.0,974.7000122070312,963.5360107421875,973.5
2025-10-17 12:00:00+01:00,973.5,979.0,961.0999755859375,961.7999877929688
2025-10-17 16:00:00+01:00,961.7000122070312,964.2999877929688,959.2860107421875,964.2999877929688
2025-10-20 08:00:00+01:00,988.0,988.0,963.9000244140625,965.2000122070312
2025-10-20 12:00:00+01:00,965.2000122070312,970.5999755859375,964.3499755859375,969.7000122070312
2025-10-20 16:00:00+01:00,969.5,971.0,966.7999877929688,969.7999877929688
2025-10-21 08:00:00+01:00,990.2000122070312,990.2999877929688,982.7000122070312,987.7000122070312
2025-10-21 12:00:00+01:00,987.5999755859375,991.5,985.2999877929688,989.9000244140625
2025-10-21 16:00:00+01:00,989.7000122070312,990.0999755859375,985.0,985.0
2025-10-22 08:00:00+01:00,988.7999877929688,996.6425170898438,986.7999877929688,992.7999877929688
2025-10-22 12:00:00+01:00,992.5,994.0,988.7999877929688,991.0
2025-10-22 16:00:00+01:00,991.0999755859375,993.5999755859375,988.7999877929688,991.0999755859375
2025-10-23 08:00:00+01:00,990.7000122070312,996.4000244140625,987.2000122070312,994.0
2025-10-23 12:00:00+01:00,994.0,998.2000122070312,990.7000122070312,993.0
2025-10-23 16:00:00+01:00,993.0,994.0,991.9000244140625,992.7999877929688
2025-10-24 08:00:00+01:00,999.0999755859375,999.7000122070312,991.0,992.0999755859375
2025-10-24 12:00:00+01:00,992.0999755859375,1001.5999755859375,989.6954956054688,1000.7999877929688
2025-10-24 16:00:00+01:00,1001.0,1005.0,997.2000122070312,1004.0
2025-10-27 08:00:00+00:00,979.9000244140625,997.4000244140625,979.7999877929688,994.2000122070312
2025-10-27 12:00:00+00:00,994.2000122070312,1004.7999877929688,979.9000244140625,999.3994750976562
2025-10-27 16:00:00+00:00,999.5,1004.0,999.0,1004.0
2025-10-28 08:00:00+00:00,1032.5999755859375,1037.0,1025.4000244140625,1035.0
2025-10-28 12:00:00+00:00,1035.5999755859375,1050.800048828125,1032.5999755859375,1049.0
2025-10-28 16:00:00+00:00,1049.0,1050.5999755859375,1042.26953125,1050.199951171875
2025-10-29 08:00:00+00:00,1057.4000244140625,1064.4000244140625,1056.199951171875,1063.5999755859375
2025-10-29 12:00:00+00:00,1063.5999755859375,1073.4000244140625,1057.4000244140625,1068.0
2025-10-29 16:00:00+00:00,1067.800048828125,1073.4000244140625,1067.199951171875,1073.4000244140625
2025-10-30 08:00:00+00:00,1059.0,1067.084716796875,1054.4000244140625,1058.199951171875
2025-10-30 12:00:00+00:00,1058.0,1073.0751953125,1056.0,1068.199951171875
2025-10-30 16:00:00+00:00,1068.0,1070.199951171875,1066.4000244140625,1069.800048828125
2025-10-31 08:00:00+00:00,1058.800048828125,1062.0,1055.800048828125,1060.4000244140625
2025-10-31 12:00:00+00:00,1060.4000244140625,1061.800048828125,1053.199951171875,1057.0
2025-10-31 16:00:00+00:00,1057.0,1063.4000244140625,1056.5,1063.4000244140625
2025-11-03 08:00:00+00:00,1060.199951171875,1067.4000244140625,1060.199951171875,1066.5999755859375
2025-11-03 12:00:00+00:00,1066.5992431640625,1069.0,1064.5999755859375,1067.2998046875
2025-11-03 16:00:00+00:00,1067.4000244140625,1071.0709228515625,1066.800048828125,1069.0
2025-11-04 08:00:00+00:00,1065.800048828125,1066.0,1051.0,1060.5999755859375
2025-11-04 12:00:00+00:00,1060.5999755859375,1074.4000244140625,1060.0,1072.4000244140625
2025-11-04 16:00:00+00:00,1072.4000244140625,1075.0,1071.5999755859375,1075.0
2025-11-05 08:00:00+00:00,1068.199951171875,1077.4000244140625,1066.4000244140625,1076.4000244140625
2025-11-05 12:00:00+00:00,1076.4000244140625,1087.5430908203125,1068.199951171875,1084.9200439453125
2025-11-05 16:00:00+00:00,1084.800048828125,1087.800048828125,1084.0,1085.800048828125
2025-11-06 08:00:00+00:00,1091.4000244140625,1099.4000244140625,1089.800048828125,1095.800048828125
2025-11-06 12:00:00+00:00,1095.5999755859375,1098.5999755859375,1086.800048828125,1087.4000244140625
2025-11-06 16:00:00+00:00,1087.5999755859375,1092.4000244140625,1085.800048828125,1088.800048828125
2025-11-07 08:00:00+00:00,1082.199951171875,1087.4000244140625,1075.199951171875,1079.800048828125
2025-11-07 12:00:00+00:00,1080.0,1080.5999755859375,1067.4000244140625,1071.5999755859375
2025-11-07 16:00:00+00:00,1071.5999755859375,1072.0,1068.113037109375,1070.800048828125
2025-11-10 08:00:00+00:00,1087.0,1087.0,1077.4000244140625,1084.800048828125
2025-11-10 12:00:00+00:00,1084.800048828125,1090.0,1081.5999755859375,1086.199951171875
2025-11-10 16:00:00+00:00,1086.199951171875,1089.4000244140625,1086.0,1089.0
2025-11-11 08:00:00+00:00,1098.800048828125,1102.5999755859375,1097.800048828125,1098.800048828125
2025-11-11 12:00:00+00:00,1099.0,1100.0,1093.5999755859375,1094.800048828125
2025-11-11 16:00:00+00:00,1095.0,1102.5999755859375,1095.0,1099.4000244140625
2025-11-12 08:00:00+00:00,1111.0,1113.800048828125,1107.5999755859375,1112.4000244140625
2025-11-12 12:00:00+00:00,1112.199951171875,1119.5999755859375,1111.0,1115.0
2025-11-12 16:00:00+00:00,1114.800048828125,1117.800048828125,1114.800048828125,1117.4000244140625
2025-11-13 08:00:00+00:00,1120.0,1126.199951171875,1115.4000244140625,1124.800048828125
2025-11-13 12:00:00+00:00,1125.0,1125.199951171875,1117.0,1118.5999755859375
2025-11-13 16:00:00+00:00,1118.4000244140625,1120.4000244140625,1118.0,1120.0
2025-11-14 08:00:00+00:00,1105.199951171875,1108.5999755859375,1090.5999755859375,1091.4000244140625
2025-11-14 12:00:00+00:00,1091.4000244140625,1105.8232421875,1087.800048828125,1100.800048828125
2025-11-14 16:00:00+00:00,1100.4000244140625,1104.4000244140625,1098.800048828125,1104.4000244140625
2025-11-17 08:00:00+00:00,1093.0,1104.199951171875,1090.4000244140625,1093.5999755859375
2025-11-17 12:00:00+00:00,1093.5999755859375,1096.199951171875,1090.800048828125,1093.5999755859375
2025-11-17 16:00:00+00:00,1093.800048828125,1094.199951171875,1089.4000244140625,1093.4000244140625
2025-11-18 08:00:00+00:00,1069.4000244140625,1074.800048828125,1054.0,1055.800048828125
2025-11-18 12:00:00+00:00,1056.199951171875,1069.4000244140625,1044.0999755859375,1050.199951171875
2025-11-18 16:00:00+00:00,1050.199951171875,1061.16845703125,1049.4000244140625,1056.0
2025-11-19 08:00:00+00:00,1055.199951171875,1055.5999755859375,1045.0,1050.800048828125
2025-11-19 12:00:00+00:00,1050.800048828125,1055.4000244140625,1048.5999755859375,1049.0
2025-11-19 16:00:00+00:00,1048.800048828125,1052.0,1047.5999755859375,1047.5999755859375
2025-11-20 08:00:00+00:00,1060.4000244140625,1061.0050048828125,1041.9969482421875,1042.5999755859375
2025-11-20 12:00:00+00:00,1042.5999755859375,1060.4000244140625,1041.4000244140625,1050.0
2025-11-20 16:00:00+00:00,1050.199951171875,1054.0,1044.4000244140625,1044.4000244140625
2025-11-21 08:00:00+00:00,1031.4000244140625,1039.0,1027.800048828125,1035.4000244140625
2025-11-21 12:00:00+00:00,1035.4000244140625,1040.615966796875,1032.199951171875,1034.0
2025-11-21 16:00:00+00:00,1034.0,1041.4000244140625,1032.199951171875,1041.4000244140625
2025-11-24 08:00:00+00:00,1051.5999755859375,1058.4000244140625,1045.5999755859375,1047.5999755859375
2025-11-24 12:00:00+00:00,1047.2298583984375,1053.333984375,1043.5999755859375,1050.199951171875
2025-11-24 16:00:00+00:00,1050.4000244140625,1051.5999755859375,1048.0,1048.0
2025-11-25 08:00:00+00:00,1049.5999755859375,1055.5999755859375,1040.800048828125,1050.0
2025-11-25 12:00:00+00:00,1049.5999755859375,1054.199951171875,1044.199951171875,1051.4000244140625
2025-11-25 16:00:00+00:00,1051.4000244140625,1051.800048828125,1049.0,1050.5999755859375
2025-11-26 08:00:00+00:00,1047.800048828125,1060.5999755859375,1047.800048828125,1056.800048828125
2025-11-26 12:00:00+00:00,1056.4000244140625,1065.800048828125,1047.800048828125,1064.800048828125
2025-11-26 16:00:00+00:00,1064.800048828125,1066.199951171875,1063.800048828125,1064.4000244140625
2025-11-27 08:00:00+00:00,1061.0,1066.0,1059.0,1063.199951171875
2025-11-27 12:00:00+00:00,1063.199951171875,1066.4000244140625,1061.0,1064.5999755859375
2025-11-27 16:00:00+00:00,1064.5999755859375,1065.0,1061.0,1065.0
2025-11-28 08:00:00+00:00,1064.0,1070.5999755859375,1061.4000244140625,1067.5999755859375
2025-11-28 12:00:00+00:00,1067.800048828125,1074.0,1067.4000244140625,1070.800048828125
2025-11-28 16:00:00+00:00,1071.0,1073.0,1069.199951171875,1070.199951171875
2025-12-01 08:00:00+00:00,1074.4000244140625,1077.4000244140625,1067.4000244140625,1075.199951171875
2025-12-01 12:00:00+00:00,1075.199951171875,1080.800048828125,1070.0,1079.300048828125
2025-12-01 16:00:00+00:00,1079.199951171875,1080.0,1074.4000244140625,1079.5999755859375
2025-12-02 08:00:00+00:00,1080.5999755859375,1090.199951171875,1078.4000244140625,1089.800048828125
2025-12-02 12:00:00+00:00,1090.0,1090.0,1083.5999755859375,1088.800048828125
2025-12-02 16:00:00+00:00,1088.5999755859375,1090.0,1084.5999755859375,1087.800048828125
2025-12-03 08:00:00+00:00,1082.199951171875,1083.199951171875,1075.0,1078.5999755859375
2025-12-03 12:00:00+00:00,1077.739990234375,1082.199951171875,1071.199951171875,1073.800048828125
2025-12-03 16:00:00+00:00,1073.5999755859375,1074.4000244140625,1069.4000244140625,1070.199951171875
2025-12-04 08:00:00+00:00,1076.199951171875,1077.800048828125,1067.800048828125,1075.4000244140625
2025-12-04 12:00:00+00:00,1075.199951171875,1076.199951171875,1067.800048828125,1074.800048828125
2025-12-04 16:00:00+00:00,1074.800048828125,1077.800048828125,1068.4000244140625,1074.4000244140625
2025-12-05 08:00:00+00:00,1075.800048828125,1076.4000244140625,1069.0,1071.4000244140625
2025-12-05 12:00:00+00:00,1071.5999755859375,1074.4000244140625,1065.199951171875,1065.9200439453125
2025-12-05 16:00:00+00:00,1065.5999755859375,1075.800048828125,1062.0,1062.0
2025-12-08 08:00:00+00:00,1049.800048828125,1065.7457275390625,1049.199951171875,1058.199951171875
2025-12-08 12:00:00+00:00,1058.4000244140625,1065.199951171875,1049.800048828125,1063.4000244140625
2025-12-08 16:00:00+00:00,1063.199951171875,1064.5999755859375,1049.800048828125,1064.5999755859375
2025-12-09 08:00:00+00:00,1058.4000244140625,1060.800048828125,1056.0,1060.800048828125
2025-12-09 12:00:00+00:00,1060.5999755859375,1067.0,1058.4000244140625,1066.800048828125
2025-12-09 16:00:00+00:00,1066.800048828125,1068.199951171875,1058.4000244140625,1068.0
2025-12-10 08:00:00+00:00,1083.0,1093.4000244140625,1075.800048828125,1093.0
2025-12-10 12:00:00+00:00,1093.0,1102.800048828125,1068.0,1102.800048828125
2025-12-10 16:00:00+00:00,1102.5999755859375,1105.5999755859375,1102.199951171875,1102.199951171875
2025-12-11 08:00:00+00:00,1097.0,1104.5999755859375,1095.4000244140625,1101.800048828125
2025-12-11 12:00:00+00:00,1101.800048828125,1111.5999755859375,1101.54296875,1109.5999755859375
2025-12-11 16:00:00+00:00,1110.199951171875,1112.5999755859375,1109.7010498046875,1112.5999755859375
2025-12-12 08:00:00+00:00,1128.199951171875,1134.5999755859375,1123.800048828125,1132.5999755859375
2025-12-12 12:00:00+00:00,1132.5999755859375,1132.5999755859375,1111.4000244140625,1112.199951171875
2025-12-12 16:00:00+00:00,1111.800048828125,1119.9300537109375,1108.199951171875,1111.800048828125
2025-12-15 08:00:00+00:00,1117.4000244140625,1123.800048828125,1116.800048828125,1123.4000244140625
2025-12-15 12:00:00+00:00,1123.5999755859375,1128.800048828125,1117.4000244140625,1125.5999755859375
2025-12-15 16:00:00+00:00,1125.5999755859375,1128.4000244140625,1124.300048828125,1124.800048828125
2025-12-16 08:00:00+00:00,1115.5999755859375,1122.0,1112.0,1112.0
2025-12-16 12:00:00+00:00,1111.800048828125,1112.4000244140625,1106.4000244140625,1110.4000244140625
2025-12-16 16:00:00+00:00,1110.4000244140625,1112.199951171875,1109.800048828125,1111.800048828125
2025-12-17 08:00:00+00:00,1133.5999755859375,1159.800048828125,1124.5999755859375,1153.0
2025-12-17 12:00:00+00:00,1152.800048828125,1156.0,1133.5999755859375,1145.0
2025-12-17 16:00:00+00:00,1145.0,1145.4000244140625,1139.0,1141.800048828125
2025-12-18 08:00:00+00:00,1139.5999755859375,1147.699951171875,1133.5999755859375,1146.5
2025-12-18 12:00:00+00:00,1146.4000244140625,1149.199951171875,1138.5999755859375,1148.800048828125
2025-12-18 16:00:00+00:00,1148.800048828125,1150.4000244140625,1144.800048828125,1150.4000244140625
2025-12-19 08:00:00+00:00,1151.5999755859375,1159.4000244140625,1147.0,1156.800048828125
2025-12-19 12:00:00+00:00,1156.8060302734375,1165.4000244140625,1156.199951171875,1164.5999755859375
2025-12-19 16:00:00+00:00,1164.5400390625,1167.0,1160.6446533203125,1167.0
2025-12-22 08:00:00+00:00,1162.199951171875,1171.800048828125,1159.199951171875,1170.0
2025-12-22 12:00:00+00:00,1169.800048828125,1171.5999755859375,1161.199951171875,1164.5999755859375
2025-12-22 16:00:00+00:00,1164.5999755859375,1168.4000244140625,1164.4000244140625,1167.199951171875
2025-12-23 08:00:00+00:00,1165.0,1170.199951171875,1163.5999755859375,1165.4000244140625
2025-12-23 12:00:00+00:00,1165.0,1178.0,1162.4000244140625,1177.4000244140625
2025-12-23 16:00:00+00:00,1177.4000244140625,1178.4000244140625,1175.199951171875,1175.199951171875
2025-12-24 08:00:00+00:00,1177.4000244140625,1179.4000244140625,1171.0,1175.0
2025-12-29 08:00:00+00:00,1163.5999755859375,1174.800048828125,1163.199951171875,1174.199951171875
2025-12-29 12:00:00+00:00,1173.800048828125,1174.5999755859375,1164.1400146484375,1166.800048828125
2025-12-29 16:00:00+00:00,1166.800048828125,1168.4000244140625,1164.4000244140625,1166.0
2025-12-30 08:00:00+00:00,1171.5999755859375,1178.0,1168.0,1177.199951171875
2025-12-30 12:00:00+00:00,1177.199951171875,1181.199951171875,1171.5999755859375,1178.800048828125
2025-12-30 16:00:00+00:00,1178.4000244140625,1179.4000244140625,1175.5999755859375,1175.5999755859375
2025-12-31 08:00:00+00:00,1168.5999755859375,1177.0,1168.4000244140625,1171.4000244140625
2026-01-02 08:00:00+00:00,1185.5999755859375,1196.199951171875,1180.800048828125,1192.0670166015625
2026-01-02 12:00:00+00:00,1192.4000244140625,1200.0,1191.4000244140625,1192.5999755859375
2026-01-02 16:00:00+00:00,1192.800048828125,1198.800048828125,1189.199951171875,1191.800048828125
2026-01-05 08:00:00+00:00,1198.0,1203.199951171875,1193.800048828125,1201.9720458984375
2026-01-05 12:00:00+00:00,1201.800048828125,1209.5999755859375,1198.0,1209.0
2026-01-05 16:00:00+00:00,1208.800048828125,1208.800048828125,1200.4000244140625,1207.199951171875
2026-01-06 08:00:00+00:00,1219.5999755859375,1224.4000244140625,1212.0,1217.5999755859375
2026-01-06 12:00:00+00:00,1217.199951171875,1227.199951171875,1214.0,1219.800048828125
2026-01-06 16:00:00+00:00,1219.199951171875,1219.5999755859375,1217.0,1217.199951171875
2026-01-07 08:00:00+00:00,1214.800048828125,1216.0,1204.5999755859375,1208.5999755859375
2026-01-07 12:00:00+00:00,1208.5999755859375,1214.800048828125,1192.800048828125,1195.5999755859375
2026-01-07 16:00:00+00:00,1195.5999755859375,1203.46240234375,1190.800048828125,1190.800048828125
2026-01-08 08:00:00+00:00,1187.5999755859375,1196.199951171875,1183.199951171875,1194.0
2026-01-08 12:00:00+00:00,1195.5999755859375,1196.800048828125,1191.800048828125,1195.0999755859375
2026-01-08 16:00:00+00:00,1194.800048828125,1195.5999755859375,1187.5999755859375,1195.4000244140625
2026-01-09 08:00:00+00:00,1189.5999755859375,1197.800048828125,1188.4000244140625,1194.0
2026-01-09 12:00:00+00:00,1194.0,1197.5999755859375,1189.5850830078125,1193.182373046875
2026-01-09 16:00:00+00:00,1193.4000244140625,1197.199951171875,1193.0,1194.199951171875
2026-01-12 08:00:00+00:00,1182.800048828125,1200.800048828125,1180.5999755859375,1200.4000244140625
2026-01-12 12:00:00+00:00,1200.4000244140625,1210.800048828125,1198.199951171875,1209.6700439453125
2026-01-12 16:00:00+00:00,1209.5999755859375,1210.0,1201.336669921875,1202.4000244140625
2026-01-13 08:00:00+00:00,1205.0,1211.0,1203.4000244140625,1208.799560546875
2026-01-13 12:00:00+00:00,1209.0,1216.199951171875,1208.0,1215.4000244140625
2026-01-13 16:00:00+00:00,1215.3399658203125,1216.199951171875,1210.4000244140625,1212.800048828125
2026-01-14 08:00:00+00:00,1211.0,1220.800048828125,1210.0,1217.800048828125
2026-01-14 12:00:00+00:00,1217.4000244140625,1221.199951171875,1209.800048828125,1213.800048828125
2026-01-14 16:00:00+00:00,1214.0,1214.199951171875,1210.4000244140625,1213.0
2026-01-15 08:00:00+00:00,1229.4000244140625,1236.5999755859375,1220.5999755859375,1233.4000244140625
2026-01-15 12:00:00+00:00,1233.300048828125,1238.970947265625,1228.199951171875,1238.5
2026-01-15 16:00:00+00:00,1238.199951171875,1240.199951171875,1228.4000244140625,1236.800048828125
2026-01-16 08:00:00+00:00,1229.4000244140625,1240.0,1226.4000244140625,1230.0
2026-01-16 12:00:00+00:00,1230.4000244140625,1233.5999755859375,1227.199951171875,1230.0
2026-01-16 16:00:00+00:00,1230.0,1233.199951171875,1229.4000244140625,1232.0
2026-01-19 08:00:00+00:00,1214.5999755859375,1231.5999755859375,1213.199951171875,1226.4000244140625
2026-01-19 12:00:00+00:00,1226.199951171875,1239.5999755859375,1225.0,1238.0
2026-01-19 16:00:00+00:00,1238.199951171875,1240.0,1235.8260498046875,1238.800048828125
2026-01-20 08:00:00+00:00,1224.0,1230.5999755859375,1216.5999755859375,1227.4000244140625
2026-01-20 12:00:00+00:00,1227.199951171875,1232.5999755859375,1224.0,1230.0
2026-01-20 16:00:00+00:00,1230.0,1231.800048828125,1228.5999755859375,1229.0
2026-01-21 08:00:00+00:00,1227.4000244140625,1231.5999755859375,1216.0,1216.4000244140625
2026-01-21 12:00:00+00:00,1216.4000244140625,1232.199951171875,1210.9730224609375,1231.3380126953125
2026-01-21 16:00:00+00:00,1231.199951171875,1231.5999755859375,1225.4000244140625,1231.0
2026-01-22 08:00:00+00:00,1240.0,1251.4000244140625,1236.7161865234375,1246.5999755859375
2026-01-22 12:00:00+00:00,1246.5999755859375,1254.0,1239.8662109375,1244.199951171875
2026-01-22 16:00:00+00:00,1244.199951171875,1251.5999755859375,1244.0,1244.199951171875
2026-01-23 08:00:00+00:00,1239.0,1243.800048828125,1234.9246826171875,1240.800048828125
2026-01-23 12:00:00+00:00,1240.800048828125,1241.800048828125,1231.0257568359375,1233.4000244140625
2026-01-23 16:00:00+00:00,1233.5999755859375,1235.5999755859375,1229.4000244140625,1231.0
2026-01-26 08:00:00+00:00,1232.199951171875,1242.5999755859375,1231.4000244140625,1239.5999755859375
2026-01-26 12:00:00+00:00,1239.199951171875,1244.0,1232.199951171875,1241.0
2026-01-26 16:00:00+00:00,1241.199951171875,1242.5999755859375,1239.0,1242.199951171875
2026-01-27 08:00:00+00:00,1270.0,1281.4000244140625,1256.0,1277.800048828125
2026-01-27 12:00:00+00:00,1277.800048828125,1283.5999755859375,1270.0550537109375,1275.800048828125
2026-01-27 16:00:00+00:00,1276.0,1277.800048828125,1272.0,1277.199951171875
2026-01-28 08:00:00+00:00,1277.800048828125,1280.4000244140625,1255.8834228515625,1260.0
2026-01-28 12:00:00+00:00,1260.5999755859375,1277.800048828125,1255.4000244140625,1261.199951171875
2026-01-28 16:00:00+00:00,1261.0,1265.800048828125,1258.5999755859375,1258.5999755859375
2026-01-29 08:00:00+00:00,1274.5999755859375,1276.5999755859375,1264.199951171875,1276.4000244140625
2026-01-29 12:00:00+00:00,1276.5999755859375,1286.199951171875,1266.0,1267.800048828125
2026-01-29 16:00:00+00:00,1268.0,1285.800048828125,1262.4000244140625,1270.0
2026-01-30 08:00:00+00:00,1273.199951171875,1282.800048828125,1271.4000244140625,1281.300048828125
2026-01-30 12:00:00+00:00,1281.4000244140625,1284.800048828125,1270.0,1283.199951171875
2026-02-03 08:00:00+00:00,1306.4000244140625,1309.0,1296.199951171875,1297.4000244140625
2026-02-03 12:00:00+00:00,1297.199951171875,1300.199951171875,1288.0,1299.0
2026-02-03 16:00:00+00:00,1299.199951171875,1302.1939697265625,1296.5999755859375,1301.0
2026-02-04 08:00:00+00:00,1301.0,1308.4000244140625,1291.0,1307.800048828125
2026-02-04 12:00:00+00:00,1307.5999755859375,1320.4000244140625,1297.80126953125,1311.4000244140625
2026-02-04 16:00:00+00:00,1311.4000244140625,1314.5999755859375,1307.5999755859375,1307.5999755859375
2026-02-05 08:00:00+00:00,1302.0,1312.5999755859375,1292.017333984375,1296.0
2026-02-05 12:00:00+00:00,1296.0,1304.0,1271.6524658203125,1277.6600341796875
2026-02-05 16:00:00+00:00,1277.5999755859375,1289.199951171875,1272.800048828125,1277.5999755859375
2026-02-06 08:00:00+00:00,1276.199951171875,1289.8599853515625,1274.84521484375,1289.0
2026-02-06 12:00:00+00:00,1288.5999755859375,1305.5999755859375,1286.0,1305.4000244140625
2026-02-06 16:00:00+00:00,1306.199951171875,1307.0,1299.4000244140625,1305.800048828125
2026-02-09 08:00:00+00:00,1313.4000244140625,1316.800048828125,1303.1878662109375,1307.0
2026-02-09 12:00:00+00:00,1306.800048828125,1315.4000244140625,1293.4090576171875,1315.4000244140625
2026-02-09 16:00:00+00:00,1315.4000244140625,1318.0,1296.199951171875,1318.0
2026-02-10 08:00:00+00:00,1315.0,1318.199951171875,1298.5982666015625,1309.6083984375
2026-02-10 12:00:00+00:00,1309.4000244140625,1313.0,1304.800048828125,1308.5999755859375
2026-02-10 16:00:00+00:00,1308.199951171875,1308.800048828125,1299.794189453125,1306.0
2026-02-11 08:00:00+00:00,1306.5999755859375,1315.0,1290.199951171875,1299.800048828125
2026-02-11 12:00:00+00:00,1299.0,1316.800048828125,1295.004638671875,1303.8121337890625
2026-02-11 16:00:00+00:00,1303.800048828125,1311.0,1303.4000244140625,1305.4000244140625
2026-02-12 08:00:00+00:00,1312.4000244140625,1322.5999755859375,1308.8040771484375,1315.0
2026-02-12 12:00:00+00:00,1314.800048828125,1315.4000244140625,1280.800048828125,1281.199951171875
2026-02-12 16:00:00+00:00,1281.4000244140625,1312.4000244140625,1266.5999755859375,1266.5999755859375
2026-02-13 08:00:00+00:00,1270.5999755859375,1278.5999755859375,1234.7926025390625,1242.0
2026-02-13 12:00:00+00:00,1241.4000244140625,1270.5999755859375,1221.800048828125,1246.0
2026-02-13 16:00:00+00:00,1246.0,1247.5999755859375,1231.199951171875,1238.5999755859375
2026-02-16 08:00:00+00:00,1253.0,1264.800048828125,1252.199951171875,1257.4000244140625
2026-02-16 12:00:00+00:00,1257.199951171875,1259.5999755859375,1249.876220703125,1252.0
2026-02-16 16:00:00+00:00,1252.0,1254.800048828125,1251.199951171875,1251.199951171875
2026-02-17 08:00:00+00:00,1247.4000244140625,1260.5999755859375,1242.5999755859375,1259.199951171875
2026-02-17 12:00:00+00:00,1258.800048828125,1266.4000244140625,1247.199951171875,1265.4000244140625
2026-02-17 16:00:00+00:00,1265.5999755859375,1270.199951171875,1264.948974609375,1270.199951171875
2026-02-18 08:00:00+00:00,1273.5999755859375,1303.0,1272.800048828125,1297.5999755859375
2026-02-18 12:00:00+00:00,1297.800048828125,1304.0760498046875,1273.5999755859375,1300.800048828125
2026-02-18 16:00:00+00:00,1300.800048828125,1303.4000244140625,1297.800048828125,1297.800048828125
2026-02-19 08:00:00+00:00,1306.800048828125,1307.0,1287.199951171875,1287.3900146484375
2026-02-19 12:00:00+00:00,1288.0,1306.800048828125,1277.4000244140625,1282.4000244140625
2026-02-19 16:00:00+00:00,1282.5999755859375,1283.4000244140625,1278.199951171875,1281.5999755859375
2026-02-20 08:00:00+00:00,1283.5999755859375,1296.0,1279.237548828125,1288.37841796875
2026-02-20 12:00:00+00:00,1288.199951171875,1297.800048828125,1282.4300537109375,1292.4000244140625
2026-02-20 16:00:00+00:00,1292.199951171875,1293.5999755859375,1285.6234130859375,1290.0
2026-02-23 08:00:00+00:00,1286.5999755859375,1303.0,1285.800048828125,1301.5550537109375
2026-02-23 12:00:00+00:00,1301.800048828125,1314.0,1289.615478515625,1290.5999755859375
2026-02-23 16:00:00+00:00,1290.5999755859375,1306.0,1288.199951171875,1292.800048828125
2026-02-24 08:00:00+00:00,1289.5999755859375,1292.4000244140625,1274.4000244140625,1280.4000244140625
2026-02-24 12:00:00+00:00,1280.5999755859375,1293.0,1279.800048828125,1286.800048828125
2026-02-24 16:00:00+00:00,1287.0,1291.4000244140625,1285.0,1291.4000244140625
2026-02-25 08:00:00+00:00,1343.4000244140625,1370.0,1335.4000244140625,1362.4000244140625
2026-02-25 12:00:00+00:00,1362.199951171875,1384.800048828125,1343.4000244140625,1383.5999755859375
2026-02-25 16:00:00+00:00,1383.4000244140625,1394.0,1343.4000244140625,1394.0
2026-02-26 08:00:00+00:00,1372.0,1378.800048828125,1363.800048828125,1377.800048828125
2026-02-26 12:00:00+00:00,1378.199951171875,1388.0,1372.0,1386.5999755859375
2026-02-26 16:00:00+00:00,1386.800048828125,1398.0,1380.5999755859375,1398.0
2026-02-27 08:00:00+00:00,1402.5999755859375,1410.5999755859375,1390.0,1399.800048828125
2026-02-27 12:00:00+00:00,1399.800048828125,1403.4000244140625,1377.4000244140625,1386.0
2026-02-27 16:00:00+00:00,1385.5999755859375,1393.5999755859375,1378.4000244140625,1393.5999755859375
2026-03-02 08:00:00+00:00,1343.0,1346.4000244140625,1324.4000244140625,1333.2679443359375
2026-03-02 12:00:00+00:00,1333.5999755859375,1343.800048828125,1316.5999755859375,1327.782958984375
2026-03-02 16:00:00+00:00,1327.4000244140625,1336.0,1326.5999755859375,1332.0
2026-03-03 08:00:00+00:00,1306.199951171875,1329.4000244140625,1260.4000244140625,1267.199951171875
2026-03-03 12:00:00+00:00,1267.800048828125,1306.199951171875,1244.5999755859375,1255.0
2026-03-03 16:00:00+00:00,1255.199951171875,1271.5999755859375,1252.4000244140625,1262.800048828125
2026-03-04 08:00:00+00:00,1256.0,1279.4000244140625,1236.5999755859375,1275.0
2026-03-04 12:00:00+00:00,1275.4000244140625,1291.800048828125,1236.4000244140625,1291.4000244140625
2026-03-04 16:00:00+00:00,1291.5999755859375,1291.800048828125,1285.4000244140625,1291.4000244140625
2026-03-05 08:00:00+00:00,1292.4000244140625,1313.4000244140625,1282.4000244140625,1297.4000244140625
2026-03-05 12:00:00+00:00,1297.800048828125,1303.0,1282.800048828125,1287.0
2026-03-05 16:00:00+00:00,1287.0,1288.0,1273.0,1278.800048828125
2026-03-06 08:00:00+00:00,1288.800048828125,1293.0,1261.5999755859375,1262.800048828125
2026-03-06 12:00:00+00:00,1262.4000244140625,1288.800048828125,1237.06005859375,1246.4000244140625
2026-03-06 16:00:00+00:00,1246.5999755859375,1277.800048828125,1243.0,1245.0
2026-03-09 08:00:00+00:00,1239.4000244140625,1244.800048828125,1221.4000244140625,1240.199951171875
2026-03-09 12:00:00+00:00,1240.5999755859375,1252.0,1222.4000244140625,1250.0
2026-03-09 16:00:00+00:00,1249.800048828125,1253.0,1234.4000244140625,1251.0
2026-03-10 08:00:00+00:00,1289.199951171875,1297.5999755859375,1277.199951171875,1279.3289794921875
2026-03-10 12:00:00+00:00,1279.199951171875,1296.199951171875,1267.699951171875,1279.5999755859375
2026-03-10 16:00:00+00:00,1279.4000244140625,1280.5999755859375,1274.0,1280.0
2026-03-11 08:00:00+00:00,1263.0,1278.0,1262.4000244140625,1265.5999755859375
2026-03-11 12:00:00+00:00,1265.0,1281.0,1261.9996337890625,1267.0
2026-03-11 16:00:00+00:00,1266.800048828125,1272.800048828125,1265.199951171875,1272.800048828125
2026-03-12 08:00:00+00:00,1234.5999755859375,1234.5999755859375,1196.4000244140625,1201.0
2026-03-12 12:00:00+00:00,1201.199951171875,1234.5999755859375,1180.0,1192.0
2026-03-12 16:00:00+00:00,1192.0,1197.5999755859375,1186.199951171875,1195.800048828125
2026-03-13 08:00:00+00:00,1170.0,1189.4000244140625,1167.5999755859375,1188.427978515625
2026-03-13 12:00:00+00:00,1188.800048828125,1198.0,1170.0,1182.0
2026-03-13 16:00:00+00:00,1182.0,1186.5999755859375,1179.5999755859375,1180.4000244140625
2026-03-16 08:00:00+00:00,1192.0,1196.0,1177.0,1188.5999755859375
2026-03-16 12:00:00+00:00,1188.5999755859375,1206.5999755859375,1188.199951171875,1198.5
2026-03-16 16:00:00+00:00,1198.4000244140625,1200.4000244140625,1195.199951171875,1195.800048828125
2026-03-17 08:00:00+00:00,1199.800048828125,1207.199951171875,1191.800048828125,1206.800048828125
2026-03-17 12:00:00+00:00,1206.800048828125,1216.800048828125,1199.800048828125,1207.5
2026-03-17 16:00:00+00:00,1207.5999755859375,1209.800048828125,1206.0,1207.199951171875
2026-03-18 08:00:00+00:00,1225.0,1230.199951171875,1216.5999755859375,1226.0999755859375
2026-03-18 12:00:00+00:00,1226.0,1226.458984375,1202.800048828125,1209.199951171875
2026-03-18 16:00:00+00:00,1209.199951171875,1210.199951171875,1206.800048828125,1209.199951171875
2026-03-19 08:00:00+00:00,1198.0,1200.4000244140625,1168.4000244140625,1173.0
2026-03-19 12:00:00+00:00,1172.800048828125,1198.0,1158.4000244140625,1170.0
2026-03-19 16:00:00+00:00,1169.800048828125,1175.800048828125,1168.800048828125,1171.5999755859375
2026-03-20 08:00:00+00:00,1183.0,1189.199951171875,1159.0,1176.4000244140625
2026-03-20 12:00:00+00:00,1176.199951171875,1183.0,1149.0,1152.800048828125
2026-03-20 16:00:00+00:00,1152.800048828125,1160.4000244140625,1144.199951171875,1144.199951171875
2026-03-23 08:00:00+00:00,1145.199951171875,1200.0,1119.0,1175.199951171875
2026-03-23 12:00:00+00:00,1175.0,1199.0,1120.199951171875,1182.800048828125
2026-03-23 16:00:00+00:00,1182.5999755859375,1185.5999755859375,1178.800048828125,1183.0
2026-03-24 08:00:00+00:00,1174.0,1179.0,1159.800048828125,1172.800048828125
2026-03-24 12:00:00+00:00,1172.800048828125,1183.5992431640625,1160.199951171875,1176.4000244140625
2026-03-24 16:00:00+00:00,1176.199951171875,1181.4000244140625,1174.199951171875,1181.4000244140625
2026-03-25 08:00:00+00:00,1193.4000244140625,1212.199951171875,1187.4000244140625,1210.199951171875
2026-03-25 12:00:00+00:00,1210.5999755859375,1242.5811767578125,1193.4000244140625,1209.199951171875
2026-03-25 16:00:00+00:00,1209.199951171875,1211.4000244140625,1204.4000244140625,1211.4000244140625
2026-03-26 08:00:00+00:00,1200.0,1208.0,1191.4000244140625,1192.800048828125
2026-03-26 12:00:00+00:00,1193.0,1207.0,1192.199951171875,1194.5999755859375
2026-03-26 16:00:00+00:00,1194.0,1203.0,1192.4000244140625,1197.5999755859375
2026-03-27 08:00:00+00:00,1200.199951171875,1200.800048828125,1185.4000244140625,1190.0
2026-03-27 12:00:00+00:00,1190.4000244140625,1203.0,1185.0,1199.4200439453125
2026-03-27 16:00:00+00:00,1199.5999755859375,1200.199951171875,1194.0,1200.0
2026-03-30 08:00:00+01:00,1184.0,1201.5999755859375,1181.5999755859375,1197.4000244140625
2026-03-30 12:00:00+01:00,1197.800048828125,1211.4000244140625,1196.4000244140625,1211.4000244140625
2026-03-30 16:00:00+01:00,1211.5999755859375,1214.4000244140625,1208.4000244140625,1212.0
2026-03-31 08:00:00+01:00,1203.199951171875,1220.4000244140625,1201.199951171875,1215.800048828125
2026-03-31 12:00:00+01:00,1215.9000244140625,1232.0,1215.199951171875,1221.800048828125
2026-03-31 16:00:00+01:00,1221.5438232421875,1229.5999755859375,1220.199951171875,1221.5999755859375
2026-04-01 08:00:00+01:00,1251.5999755859375,1269.199951171875,1251.199951171875,1268.4000244140625
2026-04-01 12:00:00+01:00,1268.199951171875,1277.4000244140625,1251.5999755859375,1274.800048828125
2026-04-01 16:00:00+01:00,1274.4000244140625,1280.4000244140625,1274.4000244140625,1279.800048828125
2026-04-02 08:00:00+01:00,1251.0,1268.0,1245.4000244140625,1261.5999755859375
2026-04-02 12:00:00+01:00,1261.800048828125,1280.0,1244.0,1273.199951171875
2026-04-02 16:00:00+01:00,1273.0,1274.199951171875,1253.199951171875,1272.800048828125
2026-04-07 08:00:00+01:00,1278.199951171875,1284.800048828125,1263.800048828125,1268.5999755859375
2026-04-07 12:00:00+01:00,1269.4000244140625,1282.800048828125,1257.3680419921875,1266.800048828125
2026-04-07 16:00:00+01:00,1266.5999755859375,1280.800048828125,1260.800048828125,1267.4000244140625
2026-04-08 08:00:00+01:00,1318.0,1342.800048828125,1313.4000244140625,1341.800048828125
2026-04-08 12:00:00+01:00,1341.5999755859375,1359.199951171875,1209.0,1335.800048828125
2026-04-08 16:00:00+01:00,1336.199951171875,1336.5999755859375,1330.0,1334.800048828125
2026-04-09 08:00:00+01:00,1332.0,1335.5999755859375,1322.4000244140625,1326.5999755859375
2026-04-09 12:00:00+01:00,1326.4000244140625,1334.199951171875,1323.4000244140625,1327.4000244140625
2026-04-09 16:00:00+01:00,1327.199951171875,1333.5999755859375,1324.5999755859375,1333.5999755859375
2026-04-10 08:00:00+01:00,1335.800048828125,1346.4000244140625,1328.199951171875,1341.4000244140625
2026-04-10 12:00:00+01:00,1345.199951171875,1348.0,1331.199951171875,1341.4000244140625
2026-04-10 16:00:00+01:00,1341.0,1346.800048828125,1338.199951171875,1340.199951171875
2026-04-13 08:00:00+01:00,1320.800048828125,1328.598388671875,1317.199951171875,1327.5999755859375
2026-04-13 12:00:00+01:00,1328.4000244140625,1330.800048828125,1318.5999755859375,1330.199951171875
2026-04-13 16:00:00+01:00,1330.0,1333.4000244140625,1329.0,1332.4000244140625
2026-04-14 08:00:00+01:00,1332.4000244140625,1342.4000244140625,1326.0,1326.800048828125
2026-04-14 12:00:00+01:00,1326.800048828125,1340.5999755859375,1325.5999755859375,1335.199951171875
2026-04-14 16:00:00+01:00,1339.800048828125,1344.800048828125,1335.199951171875,1344.800048828125
2026-04-15 08:00:00+01:00,1340.199951171875,1344.4000244140625,1332.800048828125,1338.800048828125
2026-04-15 12:00:00+01:00,1338.4000244140625,1345.199951171875,1335.5999755859375,1340.5999755859375
2026-04-15 16:00:00+01:00,1340.5999755859375,1342.800048828125,1338.800048828125,1339.4000244140625
2026-04-16 08:00:00+01:00,1341.4000244140625,1346.199951171875,1338.5999755859375,1345.5999755859375
2026-04-16 12:00:00+01:00,1345.4000244140625,1351.5999755859375,1335.5999755859375,1337.800048828125
2026-04-16 16:00:00+01:00,1337.800048828125,1340.800048828125,1337.0,1338.199951171875
2026-04-17 08:00:00+01:00,1339.800048828125,1341.4398193359375,1332.4000244140625,1336.4000244140625
2026-04-17 12:00:00+01:00,1336.4000244140625,1365.4000244140625,1332.199951171875,1360.4000244140625
2026-04-17 16:00:00+01:00,1360.0,1365.199951171875,1358.199951171875,1365.199951171875
2026-04-20 08:00:00+01:00,1365.199951171875,1365.199951171875,1344.800048828125,1346.0
2026-04-20 12:00:00+01:00,1346.199951171875,1365.199951171875,1341.5999755859375,1345.0
2026-04-20 16:00:00+01:00,1345.0,1349.5999755859375,1343.0,1349.5999755859375
2026-04-21 08:00:00+01:00,1354.4000244140625,1367.800048828125,1352.5999755859375,1365.0
2026-04-21 12:00:00+01:00,1364.5999755859375,1365.4000244140625,1353.800048828125,1354.4000244140625
2026-04-21 16:00:00+01:00,1354.199951171875,1356.199951171875,1349.4000244140625,1354.5999755859375
2026-04-22 08:00:00+01:00,1357.5999755859375,1363.800048828125,1346.800048828125,1352.800048828125
2026-04-22 12:00:00+01:00,1354.0,1357.5999755859375,1344.0,1346.5999755859375
2026-04-22 16:00:00+01:00,1346.4000244140625,1352.4000244140625,1342.4000244140625,1342.4000244140625
2026-04-23 08:00:00+01:00,1335.800048828125,1343.0,1325.4000244140625,1334.4000244140625
2026-04-23 12:00:00+01:00,1334.199951171875,1341.199951171875,1326.219970703125,1340.0
2026-04-23 16:00:00+01:00,1339.800048828125,1341.39697265625,1332.800048828125,1338.0
2026-04-24 08:00:00+01:00,1327.5999755859375,1331.4000244140625,1315.199951171875,1322.5999755859375
2026-04-24 12:00:00+01:00,1322.800048828125,1339.0,1316.5999755859375,1326.4000244140625
2026-04-24 16:00:00+01:00,1326.4000244140625,1338.0,1321.0,1321.0
2026-04-27 08:00:00+01:00,1323.0,1332.4000244140625,1317.0,1330.199951171875
2026-04-27 12:00:00+01:00,1330.199951171875,1335.0,1319.282958984375,1322.199951171875
2026-04-27 16:00:00+01:00,1322.4000244140625,1322.5999755859375,1319.4000244140625,1320.199951171875
2026-04-28 08:00:00+01:00,1332.800048828125,1338.4000244140625,1320.0,1336.800048828125
2026-04-28 12:00:00+01:00,1337.0999755859375,1338.199951171875,1320.800048828125,1327.800048828125
2026-04-28 16:00:00+01:00,1328.0,1332.199951171875,1322.199951171875,1332.199951171875
2026-04-29 08:00:00+01:00,1331.199951171875,1341.0,1328.5999755859375,1336.199951171875
2026-04-29 12:00:00+01:00,1335.5999755859375,1339.4000244140625,1326.5999755859375,1335.0
2026-04-29 16:00:00+01:00,1335.199951171875,1336.4000244140625,1328.4000244140625,1331.0
2026-04-30 08:00:00+01:00,1328.199951171875,1342.0,1319.4000244140625,1338.4000244140625
2026-04-30 12:00:00+01:00,1339.199951171875,1354.4000244140625,1328.199951171875,1350.4000244140625
2026-04-30 16:00:00+01:00,1350.4000244140625,1352.199951171875,1346.4000244140625,1349.0
2026-05-01 08:00:00+01:00,1344.0,1351.68896484375,1337.4000244140625,1345.800048828125
2026-05-01 12:00:00+01:00,1346.4000244140625,1359.5032958984375,1340.199951171875,1359.199951171875
2026-05-01 16:00:00+01:00,1359.0,1359.4000244140625,1356.0,1359.4000244140625
2026-05-05 08:00:00+01:00,1298.0,1298.4000244140625,1274.199951171875,1285.300048828125
2026-05-05 12:00:00+01:00,1285.4000244140625,1287.800048828125,1256.199951171875,1268.199951171875
2026-05-05 16:00:00+01:00,1268.0,1298.0,1266.0,1279.800048828125
2026-05-06 08:00:00+01:00,1302.4000244140625,1352.5999755859375,1302.4000244140625,1352.0
2026-05-06 12:00:00+01:00,1351.800048828125,1361.800048828125,1302.4000244140625,1344.800048828125
2026-05-06 16:00:00+01:00,1345.0,1359.5999755859375,1341.5,1343.4000244140625
2026-05-07 08:00:00+01:00,1342.4000244140625,1347.5999755859375,1331.0,1340.5999755859375
2026-05-07 12:00:00+01:00,1340.4000244140625,1346.0,1328.5999755859375,1331.4000244140625
2026-05-07 16:00:00+01:00,1331.199951171875,1337.5999755859375,1322.0,1322.0
2026-05-08 08:00:00+01:00,1305.199951171875,1321.4000244140625,1300.0,1319.4000244140625
2026-05-08 12:00:00+01:00,1320.0,1326.5999755859375,1311.800048828125,1319.4000244140625
2026-05-08 16:00:00+01:00,1319.199951171875,1326.199951171875,1314.4000244140625,1319.800048828125
2026-05-11 08:00:00+01:00,1324.5999755859375,1330.386962890625,1319.4000244140625,1322.5999755859375
2026-05-11 12:00:00+01:00,1322.800048828125,1336.0,1319.199951171875,1332.4000244140625
2026-05-11 16:00:00+01:00,1333.0,1334.199951171875,1331.5999755859375,1332.800048828125
2026-05-12 08:00:00+01:00,1319.4000244140625,1322.800048828125,1306.5999755859375,1312.0
2026-05-12 12:00:00+01:00,1312.0,1316.4000244140625,1305.0,1316.4000244140625
2026-05-12 16:00:00+01:00,1316.4000244140625,1318.5999755859375,1312.5999755859375,1318.5999755859375
2026-05-13 08:00:00+01:00,1335.0,1338.199951171875,1311.199951171875,1311.4000244140625
2026-05-13 12:00:00+01:00,1312.0,1335.0,1311.0,1332.199951171875
2026-05-13 16:00:00+01:00,1332.0,1339.0,1324.5999755859375,1339.0
2026-05-14 08:00:00+01:00,1338.0,1338.5999755859375,1325.800048828125,1336.5
2026-05-14 12:00:00+01:00,1336.5999755859375,1345.0,1334.5999755859375,1344.199951171875
2026-05-14 16:00:00+01:00,1344.1729736328125,1350.0,1338.4000244140625,1350.0
2026-05-15 08:00:00+01:00,1330.5999755859375,1337.199951171875,1319.4000244140625,1327.800048828125
2026-05-15 12:00:00+01:00,1327.5999755859375,1330.5999755859375,1312.800048828125,1318.800048828125
2026-05-15 16:00:00+01:00,1318.800048828125,1324.0,1316.0,1324.0
2026-05-18 08:00:00+01:00,1316.199951171875,1330.31298828125,1309.5999755859375,1321.199951171875
2026-05-18 12:00:00+01:00,1322.0,1346.4000244140625,1316.199951171875,1340.0
2026-05-18 16:00:00+01:00,1340.4000244140625,1344.199951171875,1332.5999755859375,1337.5999755859375
2026-05-19 08:00:00+01:00,1336.0,1346.5999755859375,1332.4000244140625,1342.376953125
2026-05-19 12:00:00+01:00,1343.0,1344.3966064453125,1322.0,1322.800048828125
2026-05-19 16:00:00+01:00,1323.4000244140625,1336.0,1322.5999755859375,1324.4000244140625
2026-05-20 08:00:00+01:00,1321.199951171875,1337.4000244140625,1316.4000244140625,1333.199951171875
2026-05-20 12:00:00+01:00,1333.4000244140625,1355.199951171875,1321.199951171875,1353.800048828125
2026-05-20 16:00:00+01:00,1353.800048828125,1369.199951171875,1352.4000244140625,1360.0
2026-05-21 08:00:00+01:00,1346.800048828125,1357.0,1332.800048828125,1338.4000244140625
2026-05-21 12:00:00+01:00,1338.4000244140625,1365.5999755859375,1337.5999755859375,1360.5999755859375
2026-05-21 16:00:00+01:00,1360.800048828125,1362.800048828125,1356.799560546875,1361.5999755859375
2026-05-22 08:00:00+01:00,1369.0,1376.5999755859375,1364.4000244140625,1370.199951171875
2026-05-22 12:00:00+01:00,1370.4000244140625,1378.0,1365.5999755859375,1375.6510009765625
2026-05-22 16:00:00+01:00,1375.5999755859375,1377.4000244140625,1367.199951171875,1374.199951171875
2026-05-26 08:00:00+01:00,1375.199951171875,1392.0,1372.199951171875,1390.4000244140625
2026-05-26 12:00:00+01:00,1390.199951171875,1398.0830078125,1386.0,1392.5999755859375
2026-05-26 16:00:00+01:00,1392.199951171875,1392.4000244140625,1386.0,1386.0
2026-05-27 08:00:00+01:00,1394.199951171875,1412.199951171875,1390.199951171875,1411.0
2026-05-27 12:00:00+01:00,1411.199951171875,1416.800048828125,1394.199951171875,1402.5999755859375
2026-05-27 16:00:00+01:00,1402.800048828125,1406.4000244140625,1402.5999755859375,1404.0
2026-05-28 08:00:00+01:00,1382.800048828125,1389.0,1378.4000244140625,1381.199951171875
2026-05-28 12:00:00+01:00,1381.3323974609375,1386.800048828125,1368.5999755859375,1377.5999755859375
2026-05-28 16:00:00+01:00,1376.800048828125,1381.4000244140625,1376.800048828125,1381.0
2026-05-29 08:00:00+01:00,1383.4000244140625,1392.800048828125,1376.199951171875,1392.199951171875
2026-05-29 12:00:00+01:00,1392.800048828125,1402.800048828125,1390.0,1396.800048828125
2026-05-29 16:00:00+01:00,1396.800048828125,1402.199951171875,1392.800048828125,1393.5999755859375
2026-06-01 08:00:00+01:00,1324.199951171875,1392.95703125,1324.199951171875,1390.4000244140625
2026-06-01 12:00:00+01:00,1390.4000244140625,1393.800048828125,1367.5999755859375,1369.5999755859375
2026-06-01 16:00:00+01:00,1369.5999755859375,1388.199951171875,1367.969970703125,1382.5999755859375
2026-06-02 08:00:00+01:00,1386.5999755859375,1402.4000244140625,1381.5999755859375,1396.199951171875
2026-06-02 12:00:00+01:00,1396.8699951171875,1411.800048828125,1386.5999755859375,1411.5999755859375
2026-06-02 16:00:00+01:00,1411.5999755859375,1414.800048828125,1409.800048828125,1409.800048828125
2026-06-03 08:00:00+01:00,1401.800048828125,1407.4000244140625,1390.0,1401.800048828125
2026-06-03 12:00:00+01:00,1402.0,1403.5999755859375,1386.5999755859375,1398.4000244140625
2026-06-03 16:00:00+01:00,1398.0,1398.0,1392.0,1392.0
2026-06-04 08:00:00+01:00,1396.0,1400.800048828125,1307.5999755859375,1310.5999755859375
2026-06-04 12:00:00+01:00,1310.800048828125,1396.0,1309.4000244140625,1361.0
2026-06-04 16:00:00+01:00,1361.0,1367.0,1349.4000244140625,1367.0
2026-06-05 08:00:00+01:00,1352.4000244140625,1372.4000244140625,1341.800048828125,1364.5999755859375
2026-06-05 12:00:00+01:00,1364.4000244140625,1370.5999755859375,1352.4000244140625,1368.5999755859375
2026-06-05 16:00:00+01:00,1368.5999755859375,1369.199951171875,1360.800048828125,1360.800048828125
2026-06-08 08:00:00+01:00,1356.0,1378.0,1347.5999755859375,1368.0
2026-06-08 12:00:00+01:00,1368.199951171875,1382.199951171875,1364.925048828125,1372.4000244140625
2026-06-08 16:00:00+01:00,1372.800048828125,1374.5999755859375,1370.800048828125,1371.199951171875
2026-06-09 08:00:00+01:00,1367.0,1369.800048828125,1342.5999755859375,1344.0
2026-06-09 12:00:00+01:00,1344.0,1352.199951171875,1323.4000244140625,1325.9000244140625
2026-06-09 16:00:00+01:00,1326.4000244140625,1327.4000244140625,1311.4000244140625,1311.4000244140625
2026-06-10 08:00:00+01:00,1293.800048828125,1297.199951171875,1275.0,1286.4000244140625
2026-06-10 12:00:00+01:00,1286.4000244140625,1294.800048828125,1267.199951171875,1293.0
2026-06-10 16:00:00+01:00,1292.5999755859375,1295.5999755859375,1290.0,1293.4000244140625
2026-06-11 08:00:00+01:00,1310.4000244140625,1331.5999755859375,1302.4000244140625,1327.199951171875
2026-06-11 12:00:00+01:00,1327.0,1334.800048828125,1318.0,1321.0
2026-06-11 16:00:00+01:00,1321.0,1326.4000244140625,1321.0,1321.800048828125
2026-06-12 08:00:00+01:00,1354.800048828125,1374.0,1346.800048828125,1368.0
2026-06-12 12:00:00+01:00,1367.800048828125,1378.199951171875,1354.800048828125,1377.4000244140625
2026-06-12 16:00:00+01:00,1377.5999755859375,1378.0,1368.199951171875,1372.800048828125
2026-06-15 08:00:00+01:00,1392.0,1397.0,1386.0,1390.4000244140625
2026-06-15 12:00:00+01:00,1390.199951171875,1392.4000244140625,1378.0,1379.5999755859375
2026-06-15 16:00:00+01:00,1379.5999755859375,1387.199951171875,1378.199951171875,1384.5999755859375
2026-06-16 08:00:00+01:00,1387.199951171875,1408.0,1384.0,1406.699951171875
2026-06-16 12:00:00+01:00,1406.7159423828125,1418.0,1387.199951171875,1410.800048828125
2026-06-16 16:00:00+01:00,1410.4000244140625,1417.5999755859375,1408.800048828125,1409.199951171875
2026-06-17 08:00:00+01:00,1413.199951171875,1427.0,1408.800048828125,1424.800048828125
2026-06-17 12:00:00+01:00,1424.5999755859375,1434.199951171875,1421.199951171875,1430.4000244140625
2026-06-17 16:00:00+01:00,1430.2860107421875,1437.0,1428.4000244140625,1437.0
2026-06-18 08:00:00+01:00,1435.0,1436.0,1426.0,1430.0
2026-06-18 12:00:00+01:00,1430.0,1441.4000244140625,1426.0,1440.800048828125
2026-06-18 16:00:00+01:00,1440.5999755859375,1442.4000244140625,1433.800048828125,1442.4000244140625
2026-06-19 08:00:00+01:00,1423.0,1653.4000244140625,1422.5999755859375,1433.0
2026-06-19 12:00:00+01:00,1432.800048828125,1437.800048828125,1423.0,1432.800048828125
2026-06-19 16:00:00+01:00,1433.199951171875,1434.0,1428.199951171875,1431.5999755859375
2026-06-22 08:00:00+01:00,1435.0,1444.5999755859375,1430.199951171875,1444.0
2026-06-22 12:00:00+01:00,1444.199951171875,1455.800048828125,1435.0,1455.5999755859375
2026-06-22 16:00:00+01:00,1455.199951171875,1456.0,1451.4000244140625,1451.4000244140625
2026-06-23 08:00:00+01:00,1429.4000244140625,1447.0,1426.0,1440.4000244140625
2026-06-23 12:00:00+01:00,1440.199951171875,1453.0,1438.0,1452.800048828125
2026-06-23 16:00:00+01:00,1452.800048828125,1453.5999755859375,1445.800048828125,1445.800048828125
2026-06-24 08:00:00+01:00,1442.800048828125,1447.800048828125,1433.5999755859375,1434.6729736328125
2026-06-24 12:00:00+01:00,1434.800048828125,1442.800048828125,1417.199951171875,1427.0
2026-06-24 16:00:00+01:00,1427.0,1429.4000244140625,1422.5999755859375,1429.4000244140625
2026-06-25 08:00:00+01:00,1432.0,1443.4000244140625,1428.5999755859375,1441.5
2026-06-25 12:00:00+01:00,1441.5999755859375,1451.199951171875,1436.4000244140625,1449.4000244140625
2026-06-25 16:00:00+01:00,1449.4000244140625,1450.0,1440.5999755859375,1445.199951171875
2026-06-26 08:00:00+01:00,1427.0,1438.5999755859375,1410.02294921875,1424.199951171875
2026-06-26 12:00:00+01:00,1424.4000244140625,1427.0,1407.5999755859375,1421.4000244140625
2026-06-26 16:00:00+01:00,1421.4000244140625,1425.9000244140625,1417.5999755859375,1422.5999755859375
2026-06-29 08:00:00+01:00,1420.0,1435.0,1416.0,1427.4000244140625
2026-06-29 12:00:00+01:00,1427.5909423828125,1431.5999755859375,1417.4000244140625,1424.5999755859375
2026-06-29 16:00:00+01:00,1424.5999755859375,1427.800048828125,1423.0,1427.0
2026-06-30 08:00:00+01:00,1424.4000244140625,1449.199951171875,1418.4000244140625,1447.699951171875
2026-06-30 12:00:00+01:00,1447.5999755859375,1447.800048828125,1430.199951171875,1430.800048828125
2026-06-30 16:00:00+01:00,1430.800048828125,1435.5999755859375,1430.800048828125,1430.800048828125
2026-07-01 08:00:00+01:00,1432.199951171875,1437.199951171875,1418.199951171875,1432.4000244140625
2026-07-01 12:00:00+01:00,1432.5999755859375,1440.5999755859375,1424.0,1433.800048828125
2026-07-01 16:00:00+01:00,1433.800048828125,1440.4000244140625,1433.5999755859375,1440.4000244140625
2026-07-02 08:00:00+01:00,1430.800048828125,1437.800048828125,1415.4000244140625,1434.199951171875
2026-07-02 12:00:00+01:00,1434.0,1457.0,1430.800048828125,1451.199951171875
2026-07-02 16:00:00+01:00,1451.0,1454.199951171875,1445.199951171875,1445.199951171875
2026-07-03 08:00:00+01:00,1450.5999755859375,1454.5999755859375,1438.0,1440.0
2026-07-03 12:00:00+01:00,1440.199951171875,1452.0,1437.800048828125,1451.199951171875
2026-07-03 16:00:00+01:00,1451.199951171875,1451.5999755859375,1448.800048828125,1451.0
2026-07-06 08:00:00+01:00,1590.0,1590.0,1444.989990234375,1449.4000244140625
2026-07-06 12:00:00+01:00,1449.5999755859375,1466.4000244140625,1444.363037109375,1464.199951171875
2026-07-06 16:00:00+01:00,1464.4000244140625,1467.0,1462.5999755859375,1465.5999755859375
2026-07-07 08:00:00+01:00,1462.5999755859375,1467.0,1454.199951171875,1454.4000244140625
2026-07-07 12:00:00+01:00,1454.0,1466.800048828125,1449.5999755859375,1457.4000244140625
2026-07-07 16:00:00+01:00,1457.0,1458.6080322265625,1453.4000244140625,1453.4000244140625
2026-07-08 08:00:00+01:00,1454.0,1454.4000244140625,1417.4000244140625,1426.5999755859375
2026-07-08 12:00:00+01:00,1426.4000244140625,1449.199951171875,1425.3399658203125,1428.5999755859375
2026-07-08 16:00:00+01:00,1428.5999755859375,1429.0,1418.5999755859375,1422.0
2026-07-09 08:00:00+01:00,1440.0,1452.199951171875,1434.5999755859375,1444.4000244140625
2026-07-09 12:00:00+01:00,1445.0,1461.0,1444.4000244140625,1461.0
2026-07-09 16:00:00+01:00,1460.800048828125,1461.800048828125,1456.0,1456.4000244140625
2026-07-10 08:00:00+01:00,1463.800048828125,1467.199951171875,1456.4000244140625,1464.199951171875
2026-07-10 12:00:00+01:00,1464.199951171875,1475.800048828125,1460.5999755859375,1469.0
2026-07-10 16:00:00+01:00,1469.0,1472.800048828125,1467.800048828125,1471.0
2026-07-13 08:00:00+01:00,1465.5999755859375,1471.199951171875,1461.0,1464.4000244140625
2026-07-13 12:00:00+01:00,1464.5999755859375,1468.800048828125,1452.5999755859375,1460.4000244140625
2026-07-13 16:00:00+01:00,1460.800048828125,1461.199951171875,1457.800048828125,1459.0
2026-07-14 08:00:00+01:00,1466.0,1469.5999755859375,1449.199951171875,1462.4000244140625
2026-07-14 12:00:00+01:00,1462.0,1499.0,1459.5999755859375,1488.27001953125
2026-07-14 16:00:00+01:00,1487.800048828125,1492.0,1485.0,1486.0
2026-07-15 08:00:00+01:00,1487.199951171875,1488.5999755859375,1474.4000244140625,1482.4000244140625
2026-07-15 12:00:00+01:00,1482.4000244140625,1489.0,1476.4000244140625,1479.4000244140625
2026-07-15 16:00:00+01:00,1479.5999755859375,1482.199951171875,1478.800048828125,1479.800048828125
2026-07-16 08:00:00+01:00,1487.0,1488.199951171875,1475.0,1485.0
2026-07-16 12:00:00+01:00,1484.5999755859375,1487.199951171875,1471.5999755859375,1485.4000244140625
2026-07-16 16:00:00+01:00,1485.4000244140625,1488.5999755859375,1485.0,1486.0
2026-07-17 08:00:00+01:00,1350.0,1488.0,1350.0,1483.0
2026-07-17 12:00:00+01:00,1483.0,1488.207763671875,1460.5999755859375,1486.0400390625
2026-07-17 16:00:00+01:00,1485.9000244140625,1492.199951171875,1483.0,1492.199951171875
2026-07-20 08:00:00+01:00,1483.4000244140625,1495.800048828125,1478.800048828125,1486.0
2026-07-20 12:00:00+01:00,1485.800048828125,1496.800048828125,1475.199951171875,1478.800048828125
2026-07-20 16:00:00+01:00,1478.4000244140625,1481.800048828125,1474.5999755859375,1480.800048828125
2026-07-21 08:00:00+01:00,1481.5999755859375,1499.5999755859375,1477.0,1496.199951171875
2026-07-21 12:00:00+01:00,1496.4000244140625,1503.199951171875,1481.5999755859375,1501.0
2026-07-21 16:00:00+01:00,1501.0,1509.4000244140625,1500.5999755859375,1509.4000244140625
2026-07-22 08:00:00+01:00,1505.0,1538.199951171875,1504.4000244140625,1533.0
2026-07-22 12:00:00+01:00,1533.199951171875,1543.199951171875,1527.199951171875,1540.800048828125
2026-07-22 16:00:00+01:00,1540.800048828125,1541.800048828125,1539.5999755859375,1541.0
