Datetime,Open,High,Low,Close
2024-07-23 09:00:00+02:00,33.75,33.849998474121094,32.880001068115234,33.29999923706055
2024-07-23 13:00:00+02:00,33.32500076293945,33.595001220703125,33.0,33.084999084472656
2024-07-23 17:00:00+02:00,33.08000183105469,33.1349983215332,32.9900016784668,33.06999969482422
2024-07-24 09:00:00+02:00,32.900001525878906,33.334999084472656,32.78499984741211,33.04999923706055
2024-07-24 13:00:00+02:00,33.025001525878906,33.040000915527344,32.69499969482422,32.724998474121094
2024-07-24 17:00:00+02:00,32.720001220703125,32.75,32.540000915527344,32.59000015258789
2024-07-25 09:00:00+02:00,31.0,31.0,30.110000610351562,30.719999313354492
2024-07-25 13:00:00+02:00,30.719999313354492,31.065000534057617,30.375,30.639999389648438
2024-07-25 17:00:00+02:00,30.645000457763672,30.674999237060547,30.375,30.479999542236328
2024-07-26 09:00:00+02:00,30.424999237060547,31.1200008392334,30.174999237060547,31.104999542236328
2024-07-26 13:00:00+02:00,31.06999969482422,31.15999984741211,30.635000228881836,30.790000915527344
2024-07-26 17:00:00+02:00,30.78499984741211,30.809999465942383,30.645000457763672,30.725000381469727
2024-07-29 09:00:00+02:00,30.950000762939453,31.045000076293945,30.6299991607666,30.899999618530273
2024-07-29 13:00:00+02:00,30.90999984741211,31.725000381469727,30.844999313354492,31.440000534057617
2024-07-29 17:00:00+02:00,31.43000030517578,31.459999084472656,31.200000762939453,31.415000915527344
2024-07-30 09:00:00+02:00,31.530000686645508,31.924999237060547,31.450000762939453,31.565000534057617
2024-07-30 13:00:00+02:00,31.594999313354492,31.950000762939453,31.514999389648438,31.639999389648438
2024-07-30 17:00:00+02:00,31.635000228881836,31.68000030517578,31.545000076293945,31.600000381469727
2024-07-31 09:00:00+02:00,32.494998931884766,32.494998931884766,31.975000381469727,32.13999938964844
2024-07-31 13:00:00+02:00,32.150001525878906,32.23500061035156,31.959999084472656,32.09000015258789
2024-07-31 17:00:00+02:00,32.099998474121094,32.10499954223633,32.005001068115234,32.04999923706055
2024-08-01 09:00:00+02:00,32.345001220703125,32.439998626708984,31.0,31.43000030517578
2024-08-01 13:00:00+02:00,31.440000534057617,31.610000610351562,30.885000228881836,30.905000686645508
2024-08-01 17:00:00+02:00,30.905000686645508,31.100000381469727,30.860000610351562,31.100000381469727
2024-08-02 09:00:00+02:00,29.920000076293945,30.229999542236328,29.700000762939453,29.735000610351562
2024-08-02 13:00:00+02:00,29.5,29.954999923706055,29.104999542236328,29.260000228881836
2024-08-02 17:00:00+02:00,29.260000228881836,29.530000686645508,29.219999313354492,29.530000686645508
2024-08-05 09:00:00+02:00,28.0,30.475000381469727,27.799999237060547,28.979999542236328
2024-08-05 13:00:00+02:00,28.969999313354492,30.399999618530273,28.71500015258789,29.899999618530273
2024-08-05 17:00:00+02:00,29.90999984741211,30.225000381469727,29.78499984741211,29.924999237060547
2024-08-06 09:00:00+02:00,30.0,30.325000762939453,29.2450008392334,29.545000076293945
2024-08-06 13:00:00+02:00,29.545000076293945,29.844999313354492,29.364999771118164,29.760000228881836
2024-08-06 17:00:00+02:00,29.770000457763672,29.790000915527344,29.575000762939453,29.735000610351562
2024-08-07 09:00:00+02:00,29.90999984741211,30.80500030517578,29.565000534057617,30.684999465942383
2024-08-07 13:00:00+02:00,30.725000381469727,30.829999923706055,30.395000457763672,30.579999923706055
2024-08-07 17:00:00+02:00,30.579999923706055,30.604999542236328,30.3700008392334,30.3700008392334
2024-08-08 09:00:00+02:00,29.885000228881836,30.149999618530273,29.725000381469727,30.020000457763672
2024-08-08 13:00:00+02:00,30.010000228881836,30.350000381469727,29.8799991607666,30.225000381469727
2024-08-08 17:00:00+02:00,30.235000610351562,30.329999923706055,30.174999237060547,30.31999969482422
2024-08-09 09:00:00+02:00,30.549999237060547,30.795000076293945,30.46500015258789,30.65999984741211
2024-08-09 13:00:00+02:00,30.700000762939453,30.719999313354492,30.09000015258789,30.270000457763672
2024-08-09 17:00:00+02:00,30.274999618530273,30.31999969482422,30.165000915527344,30.165000915527344
2024-08-12 09:00:00+02:00,30.375,30.454999923706055,30.25,30.350000381469727
2024-08-12 13:00:00+02:00,30.344999313354492,30.5,30.184999465942383,30.389999389648438
2024-08-12 17:00:00+02:00,30.385000228881836,30.385000228881836,30.209999084472656,30.280000686645508
2024-08-13 09:00:00+02:00,30.575000762939453,30.59000015258789,30.010000228881836,30.06999969482422
2024-08-13 13:00:00+02:00,30.084999084472656,30.375,30.010000228881836,30.28499984741211
2024-08-13 17:00:00+02:00,30.295000076293945,30.385000228881836,30.260000228881836,30.299999237060547
2024-08-14 09:00:00+02:00,30.614999771118164,30.674999237060547,30.424999237060547,30.610000610351562
2024-08-14 13:00:00+02:00,30.600000381469727,30.760000228881836,30.204999923706055,30.395000457763672
2024-08-14 17:00:00+02:00,30.389999389648438,30.424999237060547,30.350000381469727,30.375
2024-08-15 09:00:00+02:00,30.56999969482422,30.924999237060547,30.469999313354492,30.604999542236328
2024-08-15 13:00:00+02:00,30.600000381469727,31.690000534057617,30.579999923706055,31.545000076293945
2024-08-15 17:00:00+02:00,31.56999969482422,31.69499969482422,31.510000228881836,31.65999984741211
2024-08-16 09:00:00+02:00,32.04499816894531,32.26499938964844,31.799999237060547,32.0099983215332
2024-08-16 13:00:00+02:00,32.0099983215332,32.029998779296875,31.639999389648438,31.84000015258789
2024-08-16 17:00:00+02:00,31.850000381469727,31.90999984741211,31.545000076293945,31.545000076293945
2024-08-19 09:00:00+02:00,31.479999542236328,31.684999465942383,31.354999542236328,31.610000610351562
2024-08-19 13:00:00+02:00,31.59000015258789,31.7549991607666,31.4950008392334,31.649999618530273
2024-08-19 17:00:00+02:00,31.655000686645508,31.71500015258789,31.559999465942383,31.559999465942383
2024-08-20 09:00:00+02:00,31.975000381469727,32.060001373291016,31.71500015258789,31.770000457763672
2024-08-20 13:00:00+02:00,31.760000228881836,31.8700008392334,31.545000076293945,31.594999313354492
2024-08-20 17:00:00+02:00,31.594999313354492,31.799999237060547,31.520000457763672,31.635000228881836
2024-08-21 09:00:00+02:00,31.69499969482422,31.885000228881836,31.600000381469727,31.8799991607666
2024-08-21 13:00:00+02:00,32.099998474121094,32.54999923706055,31.940000534057617,32.005001068115234
2024-08-21 17:00:00+02:00,31.989999771118164,32.119998931884766,31.985000610351562,32.11000061035156
2024-08-22 09:00:00+02:00,32.08000183105469,32.45000076293945,32.04999923706055,32.150001525878906
2024-08-22 13:00:00+02:00,32.13999938964844,32.224998474121094,32.025001525878906,32.1150016784668
2024-08-22 17:00:00+02:00,32.1150016784668,32.165000915527344,32.07500076293945,32.1150016784668
2024-08-23 09:00:00+02:00,32.040000915527344,32.11000061035156,31.645000457763672,32.08000183105469
2024-08-23 13:00:00+02:00,32.06999969482422,32.369998931884766,31.709999084472656,32.255001068115234
2024-08-23 17:00:00+02:00,32.25,32.31999969482422,32.14500045776367,32.20000076293945
2024-08-26 09:00:00+02:00,32.0,32.255001068115234,31.8700008392334,32.150001525878906
2024-08-26 13:00:00+02:00,32.15999984741211,32.3849983215332,31.954999923706055,32.064998626708984
2024-08-26 17:00:00+02:00,32.06999969482422,32.13999938964844,32.04999923706055,32.13999938964844
2024-08-27 09:00:00+02:00,32.03499984741211,32.36000061035156,31.979999542236328,32.32500076293945
2024-08-27 13:00:00+02:00,32.34000015258789,32.60499954223633,32.185001373291016,32.45000076293945
2024-08-27 17:00:00+02:00,32.45000076293945,32.474998474121094,32.38999938964844,32.38999938964844
2024-08-28 09:00:00+02:00,32.5,32.61000061035156,32.345001220703125,32.58000183105469
2024-08-28 13:00:00+02:00,32.56999969482422,32.68000030517578,32.314998626708984,32.34000015258789
2024-08-28 17:00:00+02:00,32.34000015258789,32.36000061035156,32.255001068115234,32.345001220703125
2024-08-29 09:00:00+02:00,32.3650016784668,33.095001220703125,32.099998474121094,32.779998779296875
2024-08-29 13:00:00+02:00,32.7599983215332,33.11000061035156,32.72999954223633,32.834999084472656
2024-08-29 17:00:00+02:00,32.845001220703125,32.89500045776367,32.76499938964844,32.86000061035156
2024-08-30 09:00:00+02:00,32.5,32.91999816894531,32.36000061035156,32.91999816894531
2024-08-30 13:00:00+02:00,32.94499969482422,33.13999938964844,32.78499984741211,32.900001525878906
2024-08-30 17:00:00+02:00,32.88999938964844,33.0,32.880001068115234,33.0
2024-09-02 09:00:00+02:00,32.81999969482422,32.900001525878906,31.979999542236328,32.51499938964844
2024-09-02 13:00:00+02:00,32.525001525878906,32.81999969482422,32.41999816894531,32.755001068115234
2024-09-02 17:00:00+02:00,32.7599983215332,32.81999969482422,32.72999954223633,32.81999969482422
2024-09-03 09:00:00+02:00,32.849998474121094,32.935001373291016,32.23500061035156,32.369998931884766
2024-09-03 13:00:00+02:00,32.32500076293945,32.375,31.229999542236328,31.239999771118164
2024-09-03 17:00:00+02:00,31.229999542236328,31.424999237060547,31.204999923706055,31.28499984741211
2024-09-04 09:00:00+02:00,30.479999542236328,30.684999465942383,30.104999542236328,30.110000610351562
2024-09-04 13:00:00+02:00,30.110000610351562,30.290000915527344,29.780000686645508,30.229999542236328
2024-09-04 17:00:00+02:00,30.239999771118164,30.399999618530273,30.065000534057617,30.09000015258789
2024-09-05 09:00:00+02:00,29.770000457763672,30.104999542236328,29.700000762939453,30.065000534057617
2024-09-05 13:00:00+02:00,30.05500030517578,30.360000610351562,29.75,30.21500015258789
2024-09-05 17:00:00+02:00,30.21500015258789,30.235000610351562,30.045000076293945,30.045000076293945
2024-09-06 09:00:00+02:00,30.040000915527344,30.165000915527344,29.614999771118164,29.729999542236328
2024-09-06 13:00:00+02:00,29.725000381469727,30.165000915527344,29.084999084472656,29.1299991607666
2024-09-06 17:00:00+02:00,29.139999389648438,29.395000457763672,28.979999542236328,28.979999542236328
2024-09-09 09:00:00+02:00,29.30500030517578,29.65999984741211,29.165000915527344,29.325000762939453
2024-09-09 13:00:00+02:00,29.34000015258789,29.399999618530273,29.020000457763672,29.030000686645508
2024-09-09 17:00:00+02:00,29.014999389648438,29.235000610351562,29.014999389648438,29.235000610351562
2024-09-10 09:00:00+02:00,29.274999618530273,29.325000762939453,28.7549991607666,28.920000076293945
2024-09-10 13:00:00+02:00,28.934999465942383,29.020000457763672,28.3700008392334,28.395000457763672
2024-09-10 17:00:00+02:00,28.395000457763672,28.600000381469727,28.395000457763672,28.520000457763672
2024-09-11 09:00:00+02:00,28.829999923706055,29.049999237060547,28.760000228881836,28.924999237060547
2024-09-11 13:00:00+02:00,28.93000030517578,29.084999084472656,28.5049991607666,28.684999465942383
2024-09-11 17:00:00+02:00,28.690000534057617,28.885000228881836,28.665000915527344,28.8799991607666
2024-09-12 09:00:00+02:00,29.610000610351562,29.934999465942383,29.5049991607666,29.7450008392334
2024-09-12 13:00:00+02:00,29.719999313354492,29.885000228881836,29.260000228881836,29.34000015258789
2024-09-12 17:00:00+02:00,29.34000015258789,29.43000030517578,29.2549991607666,29.2549991607666
2024-09-13 09:00:00+02:00,29.389999389648438,29.6200008392334,29.200000762939453,29.479999542236328
2024-09-13 13:00:00+02:00,29.440000534057617,29.854999542236328,29.309999465942383,29.790000915527344
2024-09-13 17:00:00+02:00,29.795000076293945,29.834999084472656,29.735000610351562,29.825000762939453
2024-09-16 09:00:00+02:00,29.700000762939453,29.700000762939453,29.229999542236328,29.360000610351562
2024-09-16 13:00:00+02:00,29.329999923706055,29.389999389648438,28.979999542236328,28.9950008392334
2024-09-16 17:00:00+02:00,28.954999923706055,29.079999923706055,28.924999237060547,29.049999237060547
2024-09-17 09:00:00+02:00,29.184999465942383,30.084999084472656,29.125,29.90999984741211
2024-09-17 13:00:00+02:00,29.934999465942383,30.059999465942383,29.78499984741211,30.010000228881836
2024-09-17 17:00:00+02:00,30.010000228881836,30.014999389648438,29.934999465942383,29.985000610351562
2024-09-18 09:00:00+02:00,29.829999923706055,30.06999969482422,29.56999969482422,30.06999969482422
2024-09-18 13:00:00+02:00,30.059999465942383,30.315000534057617,30.059999465942383,30.264999389648438
2024-09-18 17:00:00+02:00,30.264999389648438,30.31999969482422,30.174999237060547,30.174999237060547
2024-09-19 09:00:00+02:00,30.510000228881836,31.325000762939453,30.459999084472656,31.094999313354492
2024-09-19 13:00:00+02:00,31.084999084472656,31.225000381469727,30.739999771118164,30.770000457763672
2024-09-19 17:00:00+02:00,30.774999618530273,31.020000457763672,30.774999618530273,30.834999084472656
2024-09-20 09:00:00+02:00,30.524999618530273,30.524999618530273,29.334999084472656,29.514999389648438
2024-09-20 13:00:00+02:00,29.549999237060547,29.875,28.969999313354492,29.100000381469727
2024-09-20 17:00:00+02:00,29.100000381469727,29.125,28.875,29.06999969482422
2024-09-23 09:00:00+02:00,29.459999084472656,29.524999618530273,28.760000228881836,29.360000610351562
2024-09-23 13:00:00+02:00,29.375,29.3799991607666,28.9950008392334,29.03499984741211
2024-09-23 17:00:00+02:00,29.024999618530273,29.03499984741211,28.93000030517578,29.024999618530273
2024-09-24 09:00:00+02:00,29.725000381469727,30.209999084472656,29.665000915527344,29.829999923706055
2024-09-24 13:00:00+02:00,29.80500030517578,29.875,29.229999542236328,29.395000457763672
2024-09-24 17:00:00+02:00,29.395000457763672,29.489999771118164,29.385000228881836,29.489999771118164
2024-09-25 09:00:00+02:00,29.5,29.594999313354492,29.059999465942383,29.31999969482422
2024-09-25 13:00:00+02:00,29.280000686645508,29.649999618530273,29.280000686645508,29.645000457763672
2024-09-25 17:00:00+02:00,29.645000457763672,29.645000457763672,29.459999084472656,29.459999084472656
2024-09-26 09:00:00+02:00,30.149999618530273,30.540000915527344,30.1200008392334,30.53499984741211
2024-09-26 13:00:00+02:00,30.55500030517578,31.075000762939453,30.440000534057617,30.614999771118164
2024-09-26 17:00:00+02:00,30.610000610351562,30.78499984741211,30.524999618530273,30.635000228881836
2024-09-27 09:00:00+02:00,31.135000228881836,31.899999618530273,31.100000381469727,31.8700008392334
2024-09-27 13:00:00+02:00,31.899999618530273,32.685001373291016,31.834999084472656,32.52000045776367
2024-09-27 17:00:00+02:00,32.52000045776367,32.69499969482422,32.46500015258789,32.69499969482422
2024-09-30 09:00:00+02:00,32.400001525878906,32.875,31.469999313354492,31.6299991607666
2024-09-30 13:00:00+02:00,31.579999923706055,31.764999389648438,31.309999465942383,31.5049991607666
2024-09-30 17:00:00+02:00,31.5,31.565000534057617,31.454999923706055,31.459999084472656
2024-10-01 09:00:00+02:00,31.524999618530273,31.604999542236328,31.270000457763672,31.5
2024-10-01 13:00:00+02:00,31.5,31.584999084472656,30.44499969482422,30.614999771118164
2024-10-01 17:00:00+02:00,30.614999771118164,30.649999618530273,30.459999084472656,30.604999542236328
2024-10-02 09:00:00+02:00,30.719999313354492,30.809999465942383,30.030000686645508,30.354999542236328
2024-10-02 13:00:00+02:00,30.360000610351562,30.704999923706055,30.170000076293945,30.520000457763672
2024-10-02 17:00:00+02:00,30.579999923706055,30.635000228881836,30.53499984741211,30.635000228881836
2024-10-03 08:00:00+02:00,30.434999465942383,30.434999465942383,29.864999771118164,30.014999389648438
2024-10-03 12:00:00+02:00,30.024999618530273,30.06999969482422,29.799999237060547,29.9950008392334
2024-10-03 16:00:00+02:00,30.0,30.09000015258789,29.665000915527344,29.760000228881836
2024-10-04 09:00:00+02:00,29.684999465942383,30.024999618530273,29.645000457763672,29.915000915527344
2024-10-04 13:00:00+02:00,29.899999618530273,30.545000076293945,29.899999618530273,30.350000381469727
2024-10-04 17:00:00+02:00,30.354999542236328,30.420000076293945,30.290000915527344,30.364999771118164
2024-10-07 09:00:00+02:00,30.575000762939453,30.670000076293945,29.905000686645508,30.104999542236328
2024-10-07 13:00:00+02:00,30.094999313354492,30.524999618530273,30.059999465942383,30.44499969482422
2024-10-07 17:00:00+02:00,30.454999923706055,30.475000381469727,30.389999389648438,30.434999465942383
2024-10-08 09:00:00+02:00,29.7450008392334,30.075000762939453,29.264999389648438,29.885000228881836
2024-10-08 13:00:00+02:00,29.895000457763672,29.915000915527344,29.520000457763672,29.915000915527344
2024-10-08 17:00:00+02:00,29.93000030517578,29.9950008392334,29.815000534057617,29.875
2024-10-09 09:00:00+02:00,29.600000381469727,30.149999618530273,29.2549991607666,30.09000015258789
2024-10-09 13:00:00+02:00,30.065000534057617,30.3799991607666,29.934999465942383,30.260000228881836
2024-10-09 17:00:00+02:00,30.264999389648438,30.764999389648438,30.264999389648438,30.604999542236328
2024-10-10 09:00:00+02:00,30.31999969482422,30.75,30.045000076293945,30.56999969482422
2024-10-10 13:00:00+02:00,30.55500030517578,30.610000610351562,30.024999618530273,30.31999969482422
2024-10-10 17:00:00+02:00,30.31999969482422,30.434999465942383,30.30500030517578,30.40999984741211
2024-10-11 09:00:00+02:00,30.405000686645508,30.5,29.94499969482422,30.25
2024-10-11 13:00:00+02:00,30.30500030517578,30.545000076293945,30.030000686645508,30.415000915527344
2024-10-11 17:00:00+02:00,30.40999984741211,30.530000686645508,30.405000686645508,30.415000915527344
2024-10-14 09:00:00+02:00,30.545000076293945,30.7549991607666,30.434999465942383,30.479999542236328
2024-10-14 13:00:00+02:00,30.4950008392334,31.309999465942383,30.46500015258789,30.950000762939453
2024-10-14 17:00:00+02:00,30.96500015258789,31.065000534057617,30.895000457763672,31.045000076293945
2024-10-15 09:00:00+02:00,31.395000457763672,31.399999618530273,30.885000228881836,31.229999542236328
2024-10-15 13:00:00+02:00,31.239999771118164,31.469999313354492,30.28499984741211,30.55500030517578
2024-10-15 17:00:00+02:00,30.53499984741211,30.670000076293945,30.475000381469727,30.475000381469727
2024-10-16 09:00:00+02:00,30.260000228881836,30.610000610351562,29.979999542236328,30.434999465942383
2024-10-16 13:00:00+02:00,30.389999389648438,30.635000228881836,30.239999771118164,30.385000228881836
2024-10-16 17:00:00+02:00,30.3799991607666,30.424999237060547,30.334999084472656,30.375
2024-10-17 09:00:00+02:00,30.979999542236328,31.2549991607666,30.65999984741211,31.165000915527344
2024-10-17 13:00:00+02:00,31.1200008392334,31.299999237060547,30.684999465942383,30.920000076293945
2024-10-17 17:00:00+02:00,30.924999237060547,30.934999465942383,30.875,30.885000228881836
2024-10-18 09:00:00+02:00,30.950000762939453,31.790000915527344,30.924999237060547,30.954999923706055
2024-10-18 13:00:00+02:00,30.979999542236328,31.2450008392334,30.670000076293945,30.780000686645508
2024-10-18 17:00:00+02:00,30.78499984741211,30.815000534057617,30.764999389648438,30.764999389648438
2024-10-21 09:00:00+02:00,30.0,30.274999618530273,29.81999969482422,29.950000762939453
2024-10-21 13:00:00+02:00,29.96500015258789,30.229999542236328,29.825000762939453,30.030000686645508
2024-10-21 17:00:00+02:00,30.030000686645508,30.045000076293945,29.889999389648438,29.975000381469727
2024-10-22 09:00:00+02:00,29.75,30.100000381469727,29.684999465942383,29.71500015258789
2024-10-22 13:00:00+02:00,29.725000381469727,30.075000762939453,29.635000228881836,29.815000534057617
2024-10-22 17:00:00+02:00,29.81999969482422,29.8799991607666,29.674999237060547,29.674999237060547
2024-10-23 09:00:00+02:00,30.690000534057617,31.325000762939453,30.44499969482422,30.959999084472656
2024-10-23 13:00:00+02:00,30.950000762939453,31.059999465942383,30.375,30.450000762939453
2024-10-23 17:00:00+02:00,30.459999084472656,30.514999389648438,30.209999084472656,30.350000381469727
2024-10-24 09:00:00+02:00,30.790000915527344,31.364999771118164,30.53499984741211,30.889999389648438
2024-10-24 13:00:00+02:00,30.825000762939453,31.03499984741211,30.530000686645508,30.575000762939453
2024-10-24 17:00:00+02:00,30.575000762939453,30.68000030517578,30.559999465942383,30.6299991607666
2024-10-25 09:00:00+02:00,30.579999923706055,30.815000534057617,30.270000457763672,30.540000915527344
2024-10-25 13:00:00+02:00,30.530000686645508,31.100000381469727,30.5,30.729999542236328
2024-10-25 17:00:00+02:00,30.7450008392334,30.764999389648438,30.665000915527344,30.700000762939453
2024-10-28 09:00:00+01:00,31.0049991607666,31.135000228881836,30.524999618530273,30.565000534057617
2024-10-28 13:00:00+01:00,30.559999465942383,31.09000015258789,29.735000610351562,30.93000030517578
2024-10-28 17:00:00+01:00,30.940000534057617,30.979999542236328,30.78499984741211,30.979999542236328
2024-10-29 09:00:00+01:00,31.024999618530273,31.395000457763672,30.924999237060547,30.975000381469727
2024-10-29 13:00:00+01:00,30.934999465942383,30.985000610351562,30.485000610351562,30.665000915527344
2024-10-29 17:00:00+01:00,30.665000915527344,30.815000534057617,30.665000915527344,30.790000915527344
2024-10-30 09:00:00+01:00,30.145000457763672,30.469999313354492,29.889999389648438,29.950000762939453
2024-10-30 13:00:00+01:00,29.940000534057617,30.014999389648438,29.7549991607666,29.915000915527344
2024-10-30 17:00:00+01:00,29.90999984741211,29.90999984741211,29.565000534057617,29.719999313354492
2024-10-31 09:00:00+01:00,29.3799991607666,30.0049991607666,29.1200008392334,29.454999923706055
2024-10-31 13:00:00+01:00,29.440000534057617,29.565000534057617,28.895000457763672,28.934999465942383
2024-10-31 17:00:00+01:00,28.924999237060547,29.05500030517578,28.895000457763672,29.024999618530273
2024-11-01 09:00:00+01:00,29.094999313354492,29.190000534057617,28.829999923706055,28.959999084472656
2024-11-01 13:00:00+01:00,28.954999923706055,29.579999923706055,28.899999618530273,29.399999618530273
2024-11-01 17:00:00+01:00,29.405000686645508,29.510000228881836,29.3700008392334,29.3700008392334
2024-11-04 09:00:00+01:00,29.31999969482422,29.65999984741211,29.06999969482422,29.46500015258789
2024-11-04 13:00:00+01:00,29.3799991607666,29.475000381469727,28.934999465942383,29.18000030517578
2024-11-04 17:00:00+01:00,29.18000030517578,29.204999923706055,29.09000015258789,29.18000030517578
2024-11-05 09:00:00+01:00,29.075000762939453,29.415000915527344,28.81999969482422,29.290000915527344
2024-11-05 13:00:00+01:00,29.274999618530273,29.405000686645508,29.1299991607666,29.354999542236328
2024-11-05 17:00:00+01:00,29.360000610351562,29.424999237060547,29.34000015258789,29.34000015258789
2024-11-06 09:00:00+01:00,29.059999465942383,29.78499984741211,28.614999771118164,29.2450008392334
2024-11-06 13:00:00+01:00,29.225000381469727,29.299999237060547,28.049999237060547,28.149999618530273
2024-11-06 17:00:00+01:00,28.15999984741211,28.510000228881836,28.084999084472656,28.399999618530273
2024-11-07 09:00:00+01:00,28.485000610351562,29.270000457763672,28.219999313354492,29.040000915527344
2024-11-07 13:00:00+01:00,29.024999618530273,29.21500015258789,28.6299991607666,28.93000030517578
2024-11-07 17:00:00+01:00,28.94499969482422,28.959999084472656,28.825000762939453,28.940000534057617
2024-11-08 09:00:00+01:00,28.969999313354492,29.280000686645508,28.459999084472656,28.795000076293945
2024-11-08 13:00:00+01:00,28.795000076293945,28.809999465942383,28.415000915527344,28.655000686645508
2024-11-08 17:00:00+01:00,28.655000686645508,28.78499984741211,28.579999923706055,28.78499984741211
2024-11-11 09:00:00+01:00,29.155000686645508,30.020000457763672,28.924999237060547,29.78499984741211
2024-11-11 13:00:00+01:00,29.774999618530273,30.764999389648438,29.7450008392334,29.9950008392334
2024-11-11 17:00:00+01:00,29.989999771118164,30.010000228881836,29.760000228881836,29.760000228881836
2024-11-12 09:00:00+01:00,29.395000457763672,31.649999618530273,29.184999465942383,30.8700008392334
2024-11-12 13:00:00+01:00,30.854999542236328,31.489999771118164,30.4950008392334,30.78499984741211
2024-11-12 17:00:00+01:00,30.78499984741211,31.040000915527344,30.704999923706055,30.850000381469727
2024-11-13 09:00:00+01:00,30.649999618530273,30.895000457763672,29.684999465942383,29.809999465942383
2024-11-13 13:00:00+01:00,29.81999969482422,29.825000762939453,29.280000686645508,29.40999984741211
2024-11-13 17:00:00+01:00,29.405000686645508,29.545000076293945,29.395000457763672,29.399999618530273
2024-11-14 09:00:00+01:00,29.924999237060547,30.364999771118164,29.309999465942383,30.295000076293945
2024-11-14 13:00:00+01:00,30.295000076293945,30.864999771118164,30.014999389648438,30.71500015258789
2024-11-14 17:00:00+01:00,30.725000381469727,30.815000534057617,30.670000076293945,30.764999389648438
2024-11-15 09:00:00+01:00,30.100000381469727,30.6299991607666,29.90999984741211,30.2549991607666
2024-11-15 13:00:00+01:00,30.25,30.44499969482422,30.139999389648438,30.15999984741211
2024-11-15 17:00:00+01:00,30.155000686645508,30.290000915527344,30.09000015258789,30.290000915527344
2024-11-18 09:00:00+01:00,30.03499984741211,30.479999542236328,29.700000762939453,29.834999084472656
2024-11-18 13:00:00+01:00,29.829999923706055,30.05500030517578,29.729999542236328,29.915000915527344
2024-11-18 17:00:00+01:00,29.920000076293945,29.934999465942383,29.739999771118164,29.739999771118164
2024-11-19 09:00:00+01:00,29.93000030517578,30.024999618530273,28.6299991607666,28.815000534057617
2024-11-19 13:00:00+01:00,28.799999237060547,29.25,28.510000228881836,29.184999465942383
2024-11-19 17:00:00+01:00,29.170000076293945,29.209999084472656,29.100000381469727,29.100000381469727
2024-11-20 09:00:00+01:00,29.34000015258789,29.34000015258789,28.645000457763672,29.28499984741211
2024-11-20 13:00:00+01:00,29.30500030517578,29.55500030517578,28.979999542236328,29.235000610351562
2024-11-20 17:00:00+01:00,29.229999542236328,29.239999771118164,29.094999313354492,29.1200008392334
2024-11-21 09:00:00+01:00,29.040000915527344,29.190000534057617,28.709999084472656,28.94499969482422
2024-11-21 13:00:00+01:00,28.934999465942383,29.155000686645508,28.770000457763672,29.06999969482422
2024-11-21 17:00:00+01:00,29.094999313354492,29.1200008392334,28.9950008392334,29.065000534057617
2024-11-22 09:00:00+01:00,29.43000030517578,29.75,28.954999923706055,29.209999084472656
2024-11-22 13:00:00+01:00,29.200000762939453,29.975000381469727,29.184999465942383,29.799999237060547
2024-11-22 17:00:00+01:00,29.780000686645508,30.0049991607666,29.770000457763672,30.0049991607666
2024-11-25 09:00:00+01:00,30.260000228881836,30.790000915527344,30.125,30.125
2024-11-25 13:00:00+01:00,30.139999389648438,30.594999313354492,30.0049991607666,30.440000534057617
2024-11-25 17:00:00+01:00,30.43000030517578,30.530000686645508,30.395000457763672,30.40999984741211
2024-11-26 09:00:00+01:00,30.149999618530273,30.385000228881836,29.84000015258789,30.354999542236328
2024-11-26 13:00:00+01:00,30.3700008392334,31.274999618530273,30.334999084472656,30.559999465942383
2024-11-26 17:00:00+01:00,30.565000534057617,30.604999542236328,30.3700008392334,30.485000610351562
2024-11-27 09:00:00+01:00,30.25,30.3799991607666,29.885000228881836,30.110000610351562
2024-11-27 13:00:00+01:00,30.09000015258789,30.28499984741211,29.9950008392334,30.059999465942383
2024-11-27 17:00:00+01:00,30.06999969482422,30.139999389648438,30.0049991607666,30.05500030517578
2024-11-28 09:00:00+01:00,30.559999465942383,30.8799991607666,30.135000228881836,30.31999969482422
2024-11-28 13:00:00+01:00,30.274999618530273,30.299999237060547,29.94499969482422,29.959999084472656
2024-11-28 17:00:00+01:00,29.96500015258789,30.010000228881836,29.924999237060547,29.924999237060547
2024-11-29 09:00:00+01:00,29.81999969482422,30.15999984741211,29.799999237060547,30.155000686645508
2024-11-29 13:00:00+01:00,30.110000610351562,30.790000915527344,30.094999313354492,30.59000015258789
2024-11-29 17:00:00+01:00,30.614999771118164,30.90999984741211,30.614999771118164,30.815000534057617
2024-12-02 09:00:00+01:00,30.575000762939453,30.844999313354492,30.280000686645508,30.774999618530273
2024-12-02 13:00:00+01:00,30.780000686645508,31.260000228881836,30.7549991607666,31.139999389648438
2024-12-02 17:00:00+01:00,31.135000228881836,31.229999542236328,31.1200008392334,31.1200008392334
2024-12-03 09:00:00+01:00,31.399999618530273,31.6299991607666,31.045000076293945,31.184999465942383
2024-12-03 13:00:00+01:00,31.170000076293945,31.450000762939453,30.674999237060547,31.424999237060547
2024-12-03 17:00:00+01:00,31.420000076293945,31.795000076293945,31.3700008392334,31.795000076293945
2024-12-04 09:00:00+01:00,31.799999237060547,32.16999816894531,31.645000457763672,32.095001220703125
2024-12-04 13:00:00+01:00,32.095001220703125,32.27000045776367,31.834999084472656,32.0099983215332
2024-12-04 17:00:00+01:00,32.01499938964844,32.04499816894531,31.940000534057617,32.04499816894531
2024-12-05 09:00:00+01:00,31.799999237060547,32.380001068115234,31.579999923706055,32.279998779296875
2024-12-05 13:00:00+01:00,32.29499816894531,32.369998931884766,32.0,32.18000030517578
2024-12-05 17:00:00+01:00,32.18000030517578,32.345001220703125,32.154998779296875,32.334999084472656
2024-12-06 09:00:00+01:00,32.084999084472656,32.34000015258789,31.844999313354492,32.130001068115234
2024-12-06 13:00:00+01:00,32.189998626708984,32.595001220703125,32.095001220703125,32.45500183105469
2024-12-06 17:00:00+01:00,32.459999084472656,32.685001373291016,32.45000076293945,32.685001373291016
2024-12-09 09:00:00+01:00,33.119998931884766,33.439998626708984,32.90999984741211,33.165000915527344
2024-12-09 13:00:00+01:00,33.17499923706055,33.435001373291016,33.16999816894531,33.255001068115234
2024-12-09 17:00:00+01:00,33.275001525878906,33.40999984741211,33.15999984741211,33.40999984741211
2024-12-10 09:00:00+01:00,33.375,33.494998931884766,33.040000915527344,33.27000045776367
2024-12-10 13:00:00+01:00,33.28499984741211,33.59000015258789,33.19499969482422,33.26499938964844
2024-12-10 17:00:00+01:00,33.27000045776367,33.30500030517578,33.20500183105469,33.290000915527344
2024-12-11 09:00:00+01:00,33.310001373291016,33.34000015258789,33.029998779296875,33.2599983215332
2024-12-11 13:00:00+01:00,33.22999954223633,33.375,33.06999969482422,33.1349983215332
2024-12-11 17:00:00+01:00,33.14500045776367,33.21500015258789,33.095001220703125,33.095001220703125
2024-12-12 09:00:00+01:00,33.150001525878906,33.630001068115234,33.02000045776367,33.16999816894531
2024-12-12 13:00:00+01:00,33.150001525878906,33.314998626708984,32.97999954223633,33.189998626708984
2024-12-12 17:00:00+01:00,33.19499969482422,33.2400016784668,33.13999938964844,33.18000030517578
2024-12-13 09:00:00+01:00,33.10499954223633,33.185001373291016,32.654998779296875,32.915000915527344
2024-12-13 13:00:00+01:00,32.900001525878906,33.19499969482422,32.7599983215332,33.08000183105469
2024-12-13 17:00:00+01:00,33.07500076293945,33.084999084472656,32.9900016784668,33.02000045776367
2024-12-16 09:00:00+01:00,32.95000076293945,33.09000015258789,32.595001220703125,32.724998474121094
2024-12-16 13:00:00+01:00,32.76499938964844,32.84000015258789,32.46500015258789,32.65999984741211
2024-12-16 17:00:00+01:00,32.654998779296875,32.935001373291016,32.61000061035156,32.849998474121094
2024-12-17 09:00:00+01:00,32.67499923706055,33.43000030517578,32.650001525878906,33.22999954223633
2024-12-17 13:00:00+01:00,33.220001220703125,33.54999923706055,33.060001373291016,33.084999084472656
2024-12-17 17:00:00+01:00,33.084999084472656,33.185001373291016,32.98500061035156,32.98500061035156
2024-12-18 09:00:00+01:00,33.244998931884766,33.33000183105469,32.8849983215332,33.279998779296875
2024-12-18 13:00:00+01:00,33.275001525878906,33.7599983215332,33.25,33.57500076293945
2024-12-18 17:00:00+01:00,33.56999969482422,33.69499969482422,33.529998779296875,33.69499969482422
2024-12-19 09:00:00+01:00,33.0,33.18000030517578,32.34000015258789,32.44499969482422
2024-12-19 13:00:00+01:00,32.45500183105469,32.57500076293945,32.084999084472656,32.224998474121094
2024-12-19 17:00:00+01:00,32.220001220703125,32.23500061035156,31.8799991607666,31.8799991607666
2024-12-20 09:00:00+01:00,31.53499984741211,31.579999923706055,31.024999618530273,31.040000915527344
2024-12-20 13:00:00+01:00,31.010000228881836,31.399999618530273,30.920000076293945,31.399999618530273
2024-12-20 17:00:00+01:00,31.399999618530273,31.524999618530273,31.375,31.389999389648438
2024-12-23 09:00:00+01:00,31.139999389648438,31.385000228881836,31.100000381469727,31.2450008392334
2024-12-23 13:00:00+01:00,31.2549991607666,31.625,31.174999237060547,31.375
2024-12-23 17:00:00+01:00,31.364999771118164,31.540000915527344,31.364999771118164,31.540000915527344
2024-12-27 09:00:00+01:00,31.40999984741211,31.834999084472656,31.295000076293945,31.670000076293945
2024-12-27 13:00:00+01:00,31.690000534057617,31.889999389648438,31.545000076293945,31.78499984741211
2024-12-27 17:00:00+01:00,31.780000686645508,31.834999084472656,31.735000610351562,31.81999969482422
2024-12-30 08:00:00+01:00,31.68000030517578,31.8799991607666,31.559999465942383,31.78499984741211
2024-12-30 12:00:00+01:00,31.790000915527344,31.889999389648438,31.55500030517578,31.6200008392334
2025-01-02 09:00:00+01:00,31.325000762939453,31.975000381469727,31.260000228881836,31.424999237060547
2025-01-02 13:00:00+01:00,31.399999618530273,31.540000915527344,30.905000686645508,31.364999771118164
2025-01-02 17:00:00+01:00,31.375,31.440000534057617,31.315000534057617,31.395000457763672
2025-01-03 09:00:00+01:00,31.31999969482422,31.344999313354492,30.65999984741211,30.825000762939453
2025-01-03 13:00:00+01:00,30.850000381469727,30.850000381469727,30.530000686645508,30.739999771118164
2025-01-03 17:00:00+01:00,30.739999771118164,31.0,30.71500015258789,31.0
2025-01-06 09:00:00+01:00,31.479999542236328,33.2400016784668,31.40999984741211,33.165000915527344
2025-01-06 13:00:00+01:00,33.185001373291016,33.43000030517578,32.57500076293945,33.19499969482422
2025-01-06 17:00:00+01:00,33.20000076293945,33.54999923706055,33.16999816894531,33.275001525878906
2025-01-07 09:00:00+01:00,33.32500076293945,33.685001373291016,33.25,33.525001525878906
2025-01-07 13:00:00+01:00,33.540000915527344,34.040000915527344,33.43000030517578,33.75
2025-01-07 17:00:00+01:00,33.744998931884766,33.95500183105469,33.6150016784668,33.95500183105469
2025-01-08 09:00:00+01:00,33.72999954223633,33.79499816894531,32.9900016784668,33.29499816894531
2025-01-08 13:00:00+01:00,33.275001525878906,33.45500183105469,32.58000183105469,32.67499923706055
2025-01-08 17:00:00+01:00,32.665000915527344,32.72999954223633,32.58000183105469,32.70500183105469
2025-01-09 09:00:00+01:00,32.244998931884766,32.595001220703125,32.209999084472656,32.35499954223633
2025-01-09 13:00:00+01:00,32.334999084472656,32.45500183105469,32.22999954223633,32.279998779296875
2025-01-09 17:00:00+01:00,32.28499984741211,32.29999923706055,32.19499969482422,32.279998779296875
2025-01-10 09:00:00+01:00,32.150001525878906,32.45500183105469,31.725000381469727,32.380001068115234
2025-01-10 13:00:00+01:00,32.33000183105469,32.5099983215332,31.875,32.27000045776367
2025-01-10 17:00:00+01:00,32.27000045776367,32.279998779296875,32.13999938964844,32.21500015258789
2025-01-13 09:00:00+01:00,31.834999084472656,32.01499938964844,31.19499969482422,31.559999465942383
2025-01-13 13:00:00+01:00,31.56999969482422,32.404998779296875,31.475000381469727,32.26499938964844
2025-01-13 17:00:00+01:00,32.275001525878906,32.48500061035156,32.244998931884766,32.459999084472656
2025-01-14 09:00:00+01:00,32.880001068115234,33.09000015258789,32.654998779296875,32.970001220703125
2025-01-14 13:00:00+01:00,32.95500183105469,33.29999923706055,32.81999969482422,32.9900016784668
2025-01-14 17:00:00+01:00,32.994998931884766,32.994998931884766,32.810001373291016,32.82500076293945
2025-01-15 09:00:00+01:00,32.7599983215332,33.14500045776367,32.744998931884766,33.095001220703125
2025-01-15 13:00:00+01:00,33.06999969482422,34.08000183105469,33.0099983215332,33.650001525878906
2025-01-15 17:00:00+01:00,33.64500045776367,33.755001068115234,33.404998779296875,33.404998779296875
2025-01-16 09:00:00+01:00,34.220001220703125,34.32500076293945,33.26499938964844,33.904998779296875
2025-01-16 13:00:00+01:00,33.91999816894531,33.970001220703125,33.2599983215332,33.529998779296875
2025-01-16 17:00:00+01:00,33.529998779296875,33.53499984741211,33.334999084472656,33.43000030517578
2025-01-17 09:00:00+01:00,33.404998779296875,34.150001525878906,33.39500045776367,34.025001525878906
2025-01-17 13:00:00+01:00,33.94499969482422,34.290000915527344,33.814998626708984,34.275001525878906
2025-01-17 17:00:00+01:00,34.27000045776367,34.29499816894531,34.005001068115234,34.005001068115234
2025-01-20 09:00:00+01:00,34.095001220703125,34.255001068115234,33.65999984741211,33.73500061035156
2025-01-20 13:00:00+01:00,33.70500183105469,34.25,33.56999969482422,34.18000030517578
2025-01-20 17:00:00+01:00,34.18000030517578,34.21500015258789,34.040000915527344,34.1349983215332
2025-01-21 09:00:00+01:00,33.85499954223633,34.36000061035156,33.79499816894531,34.23500061035156
2025-01-21 13:00:00+01:00,34.21500015258789,34.45500183105469,34.06999969482422,34.244998931884766
2025-01-21 17:00:00+01:00,34.244998931884766,34.439998626708984,34.23500061035156,34.439998626708984
2025-01-22 09:00:00+01:00,34.5,34.5099983215332,34.08000183105469,34.20500183105469
2025-01-22 13:00:00+01:00,34.255001068115234,34.41999816894531,34.005001068115234,34.099998474121094
2025-01-22 17:00:00+01:00,34.10499954223633,34.30500030517578,34.084999084472656,34.30500030517578
2025-01-23 09:00:00+01:00,34.1349983215332,34.375,33.93000030517578,34.244998931884766
2025-01-23 13:00:00+01:00,34.224998474121094,34.290000915527344,33.86000061035156,34.10499954223633
2025-01-23 17:00:00+01:00,34.099998474121094,34.185001373291016,33.970001220703125,34.185001373291016
2025-01-24 09:00:00+01:00,33.79999923706055,35.029998779296875,33.67499923706055,34.60499954223633
2025-01-24 13:00:00+01:00,34.599998474121094,34.61000061035156,33.79999923706055,33.869998931884766
2025-01-24 17:00:00+01:00,33.8650016784668,34.02000045776367,33.8650016784668,34.02000045776367
2025-01-27 09:00:00+01:00,32.994998931884766,33.16999816894531,32.29999923706055,32.70000076293945
2025-01-27 13:00:00+01:00,32.70500183105469,33.5099983215332,32.6349983215332,33.16999816894531
2025-01-27 17:00:00+01:00,33.16999816894531,33.459999084472656,33.125,33.380001068115234
2025-01-28 09:00:00+01:00,33.30500030517578,33.63999938964844,32.935001373291016,33.5
2025-01-28 13:00:00+01:00,33.474998474121094,33.83000183105469,32.98500061035156,33.22999954223633
2025-01-28 17:00:00+01:00,33.2400016784668,33.25,33.025001525878906,33.05500030517578
2025-01-29 09:00:00+01:00,33.834999084472656,34.165000915527344,33.20500183105469,33.22999954223633
2025-01-29 13:00:00+01:00,33.20000076293945,33.26499938964844,32.584999084472656,32.654998779296875
2025-01-29 17:00:00+01:00,32.650001525878906,32.67499923706055,32.38999938964844,32.5099983215332
2025-01-30 09:00:00+01:00,32.47999954223633,32.6150016784668,31.959999084472656,32.25
2025-01-30 13:00:00+01:00,32.189998626708984,32.255001068115234,31.350000381469727,31.375
2025-01-30 17:00:00+01:00,31.3700008392334,31.44499969482422,31.270000457763672,31.434999465942383
2025-01-31 09:00:00+01:00,31.5,31.940000534057617,31.350000381469727,31.905000686645508
2025-01-31 13:00:00+01:00,31.8700008392334,32.154998779296875,31.684999465942383,32.095001220703125
2025-01-31 17:00:00+01:00,32.095001220703125,32.130001068115234,31.979999542236328,32.05500030517578
2025-02-03 09:00:00+01:00,30.854999542236328,31.100000381469727,30.55500030517578,30.825000762939453
2025-02-03 13:00:00+01:00,30.81999969482422,31.40999984741211,30.665000915527344,31.200000762939453
2025-02-03 17:00:00+01:00,31.200000762939453,31.264999389648438,31.045000076293945,31.2549991607666
2025-02-04 09:00:00+01:00,34.400001525878906,35.16999816894531,33.95500183105469,34.20500183105469
2025-02-04 13:00:00+01:00,34.18000030517578,34.89500045776367,34.11000061035156,34.209999084472656
2025-02-04 17:00:00+01:00,34.209999084472656,34.494998931884766,34.150001525878906,34.494998931884766
2025-02-05 09:00:00+01:00,34.220001220703125,34.85499954223633,34.005001068115234,34.849998474121094
2025-02-05 13:00:00+01:00,34.86000061035156,35.1349983215332,34.71500015258789,35.060001373291016
2025-02-05 17:00:00+01:00,35.05500030517578,35.5,35.04999923706055,35.5
2025-02-06 09:00:00+01:00,37.279998779296875,37.630001068115234,36.665000915527344,36.91999816894531
2025-02-06 13:00:00+01:00,36.91999816894531,37.41999816894531,36.834999084472656,37.31999969482422
2025-02-06 17:00:00+01:00,37.32500076293945,37.48249816894531,37.29499816894531,37.310001373291016
2025-02-07 09:00:00+01:00,37.15999984741211,37.630001068115234,36.95000076293945,37.470001220703125
2025-02-07 13:00:00+01:00,37.5,37.5099983215332,36.82500076293945,36.959999084472656
2025-02-07 17:00:00+01:00,36.95500183105469,37.040000915527344,36.814998626708984,36.904998779296875
2025-02-10 09:00:00+01:00,37.060001373291016,37.290000915527344,36.05500030517578,36.70500183105469
2025-02-10 13:00:00+01:00,36.650001525878906,36.935001373291016,36.3650016784668,36.650001525878906
2025-02-10 17:00:00+01:00,36.65999984741211,36.790000915527344,36.6150016784668,36.6150016784668
2025-02-11 09:00:00+01:00,36.474998474121094,37.029998779296875,36.26499938964844,36.4900016784668
2025-02-11 13:00:00+01:00,36.48500061035156,37.064998626708984,36.369998931884766,36.97999954223633
2025-02-11 17:00:00+01:00,36.9900016784668,37.02000045776367,36.744998931884766,36.744998931884766
2025-02-12 09:00:00+01:00,36.95000076293945,37.02000045776367,36.67499923706055,36.775001525878906
2025-02-12 13:00:00+01:00,36.77000045776367,37.17499923706055,36.27000045776367,37.084999084472656
2025-02-12 17:00:00+01:00,37.09000015258789,37.13999938964844,37.025001525878906,37.05500030517578
2025-02-13 09:00:00+01:00,37.494998931884766,37.709999084472656,37.09000015258789,37.529998779296875
2025-02-13 13:00:00+01:00,37.54999923706055,37.69499969482422,37.345001220703125,37.58000183105469
2025-02-13 17:00:00+01:00,37.584999084472656,37.724998474121094,37.58000183105469,37.654998779296875
2025-02-14 09:00:00+01:00,37.310001373291016,38.0,37.2400016784668,37.790000915527344
2025-02-14 13:00:00+01:00,37.81999969482422,37.83000183105469,37.3650016784668,37.42499923706055
2025-02-14 17:00:00+01:00,37.42499923706055,37.54999923706055,37.369998931884766,37.54999923706055
2025-02-17 09:00:00+01:00,37.32500076293945,37.88999938964844,37.29499816894531,37.76499938964844
2025-02-17 13:00:00+01:00,37.790000915527344,38.0,37.68000030517578,37.915000915527344
2025-02-17 17:00:00+01:00,37.92499923706055,37.9900016784668,37.900001525878906,37.91999816894531
2025-02-18 09:00:00+01:00,37.97999954223633,38.06999969482422,37.439998626708984,37.939998626708984
2025-02-18 13:00:00+01:00,37.970001220703125,38.14500045776367,37.775001525878906,37.95500183105469
2025-02-18 17:00:00+01:00,37.95000076293945,37.9900016784668,37.814998626708984,37.814998626708984
2025-02-19 09:00:00+01:00,38.01499938964844,38.45000076293945,37.69499969482422,37.85499954223633
2025-02-19 13:00:00+01:00,37.849998474121094,38.5099983215332,37.720001220703125,38.0099983215332
2025-02-19 17:00:00+01:00,38.005001068115234,38.11000061035156,37.95000076293945,38.060001373291016
2025-02-20 09:00:00+01:00,38.375,39.43000030517578,38.14500045776367,39.2599983215332
2025-02-20 13:00:00+01:00,39.279998779296875,39.43000030517578,38.709999084472656,38.775001525878906
2025-02-20 17:00:00+01:00,38.775001525878906,38.98500061035156,38.65999984741211,38.65999984741211
2025-02-21 09:00:00+01:00,38.72999954223633,38.869998931884766,37.974998474121094,38.400001525878906
2025-02-21 13:00:00+01:00,38.380001068115234,38.665000915527344,38.27000045776367,38.435001373291016
2025-02-21 17:00:00+01:00,38.45500183105469,38.6150016784668,38.38999938964844,38.51499938964844
2025-02-24 09:00:00+01:00,38.75,38.845001220703125,37.994998931884766,38.28499984741211
2025-02-24 13:00:00+01:00,38.2599983215332,38.459999084472656,37.619998931884766,37.880001068115234
2025-02-24 17:00:00+01:00,37.88999938964844,38.08000183105469,37.83000183105469,38.02000045776367
2025-02-25 09:00:00+01:00,37.255001068115234,37.71500015258789,37.04999923706055,37.46500015258789
2025-02-25 13:00:00+01:00,37.470001220703125,37.68000030517578,37.11000061035156,37.23500061035156
2025-02-25 17:00:00+01:00,37.2400016784668,37.2400016784668,37.02000045776367,37.02000045776367
2025-02-26 09:00:00+01:00,37.11000061035156,37.275001525878906,36.900001525878906,37.21500015258789
2025-02-26 13:00:00+01:00,37.2400016784668,37.375,36.720001220703125,36.8650016784668
2025-02-26 17:00:00+01:00,36.8650016784668,37.03499984741211,36.8650016784668,36.935001373291016
2025-02-27 09:00:00+01:00,36.630001068115234,36.78499984741211,36.119998931884766,36.415000915527344
2025-02-27 13:00:00+01:00,36.43000030517578,36.6150016784668,35.880001068115234,36.130001068115234
2025-02-27 17:00:00+01:00,36.13999938964844,36.220001220703125,36.05500030517578,36.1150016784668
2025-02-28 09:00:00+01:00,35.150001525878906,35.564998626708984,35.05500030517578,35.46500015258789
2025-02-28 13:00:00+01:00,35.46500015258789,35.54999923706055,35.040000915527344,35.3849983215332
2025-02-28 17:00:00+01:00,35.38999938964844,35.5099983215332,35.279998779296875,35.5099983215332
2025-03-03 09:00:00+01:00,35.474998474121094,35.625,34.93000030517578,35.34000015258789
2025-03-03 13:00:00+01:00,35.35499954223633,36.29499816894531,35.34000015258789,36.0
2025-03-03 17:00:00+01:00,36.0,36.01499938964844,35.834999084472656,35.92499923706055
2025-03-04 09:00:00+01:00,35.209999084472656,35.474998474121094,34.314998626708984,34.415000915527344
2025-03-04 13:00:00+01:00,34.415000915527344,34.54499816894531,33.849998474121094,34.150001525878906
2025-03-04 17:00:00+01:00,34.130001068115234,34.20000076293945,34.0,34.06999969482422
2025-03-05 09:00:00+01:00,35.54999923706055,36.380001068115234,35.16999816894531,35.97999954223633
2025-03-05 13:00:00+01:00,35.97999954223633,36.17499923706055,35.650001525878906,36.125
2025-03-05 17:00:00+01:00,36.125,36.1349983215332,35.69499969482422,35.69499969482422
2025-03-06 09:00:00+01:00,36.189998626708984,37.099998474121094,36.06999969482422,36.64500045776367
2025-03-06 13:00:00+01:00,36.625,37.040000915527344,36.44499969482422,36.86000061035156
2025-03-06 17:00:00+01:00,36.8650016784668,37.04499816894531,36.814998626708984,36.834999084472656
2025-03-07 09:00:00+01:00,36.5,36.54999923706055,36.0099983215332,36.39500045776367
2025-03-07 13:00:00+01:00,36.439998626708984,36.439998626708984,35.834999084472656,36.189998626708984
2025-03-07 17:00:00+01:00,36.19499969482422,36.23500061035156,36.0,36.025001525878906
2025-03-10 09:00:00+01:00,36.44499969482422,36.720001220703125,34.51499938964844,34.720001220703125
2025-03-10 13:00:00+01:00,34.72999954223633,34.875,34.005001068115234,34.26499938964844
2025-03-10 17:00:00+01:00,34.255001068115234,34.3849983215332,34.14500045776367,34.35499954223633
2025-03-11 09:00:00+01:00,34.650001525878906,35.33000183105469,34.189998626708984,35.060001373291016
2025-03-11 13:00:00+01:00,35.060001373291016,35.1150016784668,34.25,34.435001373291016
2025-03-11 17:00:00+01:00,34.43000030517578,34.5,34.22999954223633,34.5
2025-03-12 09:00:00+01:00,34.814998626708984,35.154998779296875,34.630001068115234,34.98500061035156
2025-03-12 13:00:00+01:00,34.97999954223633,35.21500015258789,34.5,34.93000030517578
2025-03-12 17:00:00+01:00,34.93000030517578,35.040000915527344,34.869998931884766,35.040000915527344
2025-03-13 09:00:00+01:00,34.790000915527344,34.810001373291016,33.77000045776367,34.279998779296875
2025-03-13 13:00:00+01:00,34.25,34.42499923706055,33.94499969482422,34.15999984741211
2025-03-13 17:00:00+01:00,34.165000915527344,34.244998931884766,34.095001220703125,34.11000061035156
2025-03-14 09:00:00+01:00,34.04999923706055,34.650001525878906,33.6150016784668,34.42499923706055
2025-03-14 13:00:00+01:00,34.41999816894531,34.97999954223633,34.27000045776367,34.880001068115234
2025-03-14 17:00:00+01:00,34.8849983215332,34.91999816894531,34.7599983215332,34.7599983215332
2025-03-17 09:00:00+01:00,34.685001373291016,34.810001373291016,34.20500183105469,34.404998779296875
2025-03-17 13:00:00+01:00,34.41999816894531,34.55500030517578,34.17499923706055,34.39500045776367
2025-03-17 17:00:00+01:00,34.400001525878906,34.404998779296875,34.310001373291016,34.404998779296875
2025-03-18 09:00:00+01:00,34.69499969482422,35.595001220703125,34.439998626708984,35.185001373291016
2025-03-18 13:00:00+01:00,35.25,35.25,34.775001525878906,35.064998626708984
2025-03-18 17:00:00+01:00,35.060001373291016,35.35499954223633,35.029998779296875,35.35499954223633
2025-03-19 09:00:00+01:00,35.1150016784668,35.599998474121094,34.97999954223633,35.35499954223633
2025-03-19 13:00:00+01:00,35.2599983215332,35.39500045776367,34.915000915527344,35.380001068115234
2025-03-19 17:00:00+01:00,35.380001068115234,35.380001068115234,35.18000030517578,35.18000030517578
2025-03-20 09:00:00+01:00,35.095001220703125,35.22999954223633,34.03499984741211,34.349998474121094
2025-03-20 13:00:00+01:00,34.36000061035156,34.540000915527344,34.189998626708984,34.36000061035156
2025-03-20 17:00:00+01:00,34.349998474121094,34.400001525878906,34.209999084472656,34.209999084472656
2025-03-21 09:00:00+01:00,33.900001525878906,33.994998931884766,32.935001373291016,32.9900016784668
2025-03-21 13:00:00+01:00,32.96500015258789,33.060001373291016,32.63999938964844,32.94499969482422
2025-03-21 17:00:00+01:00,32.95500183105469,33.35499954223633,32.95000076293945,33.25
2025-03-24 09:00:00+01:00,33.57500076293945,33.96500015258789,33.30500030517578,33.80500030517578
2025-03-24 13:00:00+01:00,33.81999969482422,34.54499816894531,33.71500015258789,34.41999816894531
2025-03-24 17:00:00+01:00,34.40999984741211,34.470001220703125,34.27000045776367,34.349998474121094
2025-03-25 09:00:00+01:00,34.439998626708984,34.904998779296875,34.10499954223633,34.89500045776367
2025-03-25 13:00:00+01:00,34.900001525878906,34.970001220703125,34.27000045776367,34.540000915527344
2025-03-25 17:00:00+01:00,34.53499984741211,34.68000030517578,34.53499984741211,34.625
2025-03-26 09:00:00+01:00,34.69499969482422,34.8650016784668,33.935001373291016,34.060001373291016
2025-03-26 13:00:00+01:00,34.0099983215332,34.05500030517578,33.63999938964844,33.650001525878906
2025-03-26 17:00:00+01:00,33.63999938964844,33.650001525878906,33.345001220703125,33.43000030517578
2025-03-27 09:00:00+01:00,32.86000061035156,33.0099983215332,32.39500045776367,32.67499923706055
2025-03-27 13:00:00+01:00,32.685001373291016,32.76499938964844,32.400001525878906,32.404998779296875
2025-03-27 17:00:00+01:00,32.404998779296875,32.505001068115234,32.349998474121094,32.439998626708984
2025-03-28 09:00:00+01:00,32.0099983215332,32.23500061035156,31.71500015258789,31.920000076293945
2025-03-28 13:00:00+01:00,31.90999984741211,32.439998626708984,31.06999969482422,31.15999984741211
2025-03-28 17:00:00+01:00,31.155000686645508,31.2549991607666,31.1299991607666,31.1299991607666
2025-03-31 09:00:00+02:00,30.725000381469727,30.7549991607666,29.75,29.829999923706055
2025-03-31 13:00:00+02:00,29.834999084472656,30.424999237060547,29.809999465942383,30.264999389648438
2025-03-31 17:00:00+02:00,30.270000457763672,30.395000457763672,30.229999542236328,30.395000457763672
2025-04-01 09:00:00+02:00,30.969999313354492,31.229999542236328,30.489999771118164,30.56999969482422
2025-04-01 13:00:00+02:00,30.53499984741211,30.799999237060547,30.334999084472656,30.71500015258789
2025-04-01 17:00:00+02:00,30.71500015258789,31.0,30.71500015258789,30.959999084472656
2025-04-02 09:00:00+02:00,30.739999771118164,30.815000534057617,30.31999969482422,30.520000457763672
2025-04-02 13:00:00+02:00,30.5,30.719999313354492,30.100000381469727,30.670000076293945
2025-04-02 17:00:00+02:00,30.65999984741211,30.764999389648438,30.600000381469727,30.600000381469727
2025-04-03 09:00:00+02:00,29.5,29.969999313354492,29.174999237060547,29.5049991607666
2025-04-03 13:00:00+02:00,29.489999771118164,29.55500030517578,28.399999618530273,28.405000686645508
2025-04-03 17:00:00+02:00,28.399999618530273,28.46500015258789,28.014999389648438,28.165000915527344
2025-04-04 09:00:00+02:00,27.75,27.75,25.6200008392334,25.764999389648438
2025-04-04 13:00:00+02:00,25.770000457763672,26.31999969482422,25.1299991607666,25.420000076293945
2025-04-04 17:00:00+02:00,25.420000076293945,26.170000076293945,25.389999389648438,26.170000076293945
2025-04-07 09:00:00+02:00,23.604999542236328,24.799999237060547,23.170000076293945,24.450000762939453
2025-04-07 13:00:00+02:00,24.44499969482422,27.204999923706055,24.030000686645508,25.8700008392334
2025-04-07 17:00:00+02:00,25.8799991607666,26.110000610351562,24.774999618530273,25.110000610351562
2025-04-08 09:00:00+02:00,25.604999542236328,25.65999984741211,24.334999084472656,25.299999237060547
2025-04-08 13:00:00+02:00,25.325000762939453,26.229999542236328,25.31999969482422,25.475000381469727
2025-04-08 17:00:00+02:00,25.485000610351562,25.610000610351562,25.225000381469727,25.299999237060547
2025-04-09 09:00:00+02:00,24.479999542236328,24.93000030517578,24.084999084472656,24.325000762939453
2025-04-09 13:00:00+02:00,24.344999313354492,24.799999237060547,23.655000686645508,24.3700008392334
2025-04-09 17:00:00+02:00,24.360000610351562,24.56999969482422,24.344999313354492,24.344999313354492
2025-04-10 09:00:00+02:00,29.899999618530273,29.899999618530273,26.7549991607666,27.30500030517578
2025-04-10 13:00:00+02:00,27.2549991607666,27.280000686645508,26.204999923706055,26.405000686645508
2025-04-10 17:00:00+02:00,26.399999618530273,26.4950008392334,25.780000686645508,25.780000686645508
2025-04-11 09:00:00+02:00,26.03499984741211,26.510000228881836,25.280000686645508,25.975000381469727
2025-04-11 13:00:00+02:00,25.889999389648438,26.30500030517578,25.510000228881836,25.639999389648438
2025-04-11 17:00:00+02:00,25.6200008392334,25.920000076293945,25.584999084472656,25.7549991607666
2025-04-14 09:00:00+02:00,26.760000228881836,26.90999984741211,26.309999465942383,26.510000228881836
2025-04-14 13:00:00+02:00,26.514999389648438,26.899999618530273,26.415000915527344,26.80500030517578
2025-04-14 17:00:00+02:00,26.799999237060547,26.834999084472656,26.540000915527344,26.6200008392334
2025-04-15 09:00:00+02:00,26.75,27.364999771118164,26.75,27.1200008392334
2025-04-15 13:00:00+02:00,27.135000228881836,27.489999771118164,26.760000228881836,27.135000228881836
2025-04-15 17:00:00+02:00,27.1299991607666,27.15999984741211,27.030000686645508,27.059999465942383
2025-04-16 09:00:00+02:00,26.520000457763672,26.90999984741211,26.174999237060547,26.53499984741211
2025-04-16 13:00:00+02:00,26.545000076293945,26.65999984741211,26.40999984741211,26.530000686645508
2025-04-16 17:00:00+02:00,26.530000686645508,26.799999237060547,26.530000686645508,26.799999237060547
2025-04-17 09:00:00+02:00,26.850000381469727,27.15999984741211,26.5,26.549999237060547
2025-04-17 13:00:00+02:00,26.6200008392334,26.885000228881836,26.520000457763672,26.59000015258789
2025-04-17 17:00:00+02:00,26.59000015258789,26.729999542236328,26.579999923706055,26.6200008392334
2025-04-22 09:00:00+02:00,26.450000762939453,26.479999542236328,25.969999313354492,26.30500030517578
2025-04-22 13:00:00+02:00,26.280000686645508,26.549999237060547,26.184999465942383,26.530000686645508
2025-04-22 17:00:00+02:00,26.53499984741211,26.69499969482422,26.53499984741211,26.665000915527344
2025-04-23 09:00:00+02:00,27.25,27.850000381469727,27.139999389648438,27.7450008392334
2025-04-23 13:00:00+02:00,27.739999771118164,28.43000030517578,27.684999465942383,28.079999923706055
2025-04-23 17:00:00+02:00,28.084999084472656,28.100000381469727,27.6200008392334,27.6200008392334
2025-04-24 09:00:00+02:00,28.110000610351562,28.68000030517578,27.764999389648438,28.625
2025-04-24 13:00:00+02:00,28.649999618530273,29.514999389648438,28.56999969482422,29.40999984741211
2025-04-24 17:00:00+02:00,29.40999984741211,29.65999984741211,29.40999984741211,29.575000762939453
2025-04-25 09:00:00+02:00,29.895000457763672,30.299999237060547,29.649999618530273,29.71500015258789
2025-04-25 13:00:00+02:00,29.719999313354492,30.1299991607666,29.700000762939453,29.90999984741211
2025-04-25 17:00:00+02:00,29.915000915527344,30.1299991607666,29.8799991607666,30.1299991607666
2025-04-28 09:00:00+02:00,30.200000762939453,30.489999771118164,30.010000228881836,30.1200008392334
2025-04-28 13:00:00+02:00,30.135000228881836,30.510000228881836,30.059999465942383,30.21500015258789
2025-04-28 17:00:00+02:00,30.219999313354492,30.2450008392334,29.864999771118164,29.885000228881836
2025-04-29 09:00:00+02:00,29.799999237060547,30.219999313354492,29.2450008392334,29.2450008392334
2025-04-29 13:00:00+02:00,29.204999923706055,29.3700008392334,29.06999969482422,29.2549991607666
2025-04-29 17:00:00+02:00,29.2549991607666,29.309999465942383,29.155000686645508,29.309999465942383
2025-04-30 09:00:00+02:00,29.28499984741211,29.625,29.135000228881836,29.309999465942383
2025-04-30 13:00:00+02:00,29.315000534057617,29.350000381469727,28.225000381469727,28.7450008392334
2025-04-30 17:00:00+02:00,28.7450008392334,28.889999389648438,28.709999084472656,28.889999389648438
2025-05-02 09:00:00+02:00,29.170000076293945,29.78499984741211,29.06999969482422,29.7450008392334
2025-05-02 13:00:00+02:00,29.760000228881836,30.114999771118164,29.645000457763672,30.065000534057617
2025-05-02 17:00:00+02:00,30.06999969482422,30.149999618530273,30.024999618530273,30.024999618530273
2025-05-05 09:00:00+02:00,29.895000457763672,30.270000457763672,29.84000015258789,30.184999465942383
2025-05-05 13:00:00+02:00,30.19499969482422,30.649999618530273,29.979999542236328,30.110000610351562
2025-05-05 17:00:00+02:00,30.100000381469727,30.184999465942383,30.05500030517578,30.135000228881836
2025-05-06 09:00:00+02:00,30.06999969482422,30.110000610351562,29.065000534057617,29.53499984741211
2025-05-06 13:00:00+02:00,29.540000915527344,29.575000762939453,29.21500015258789,29.399999618530273
2025-05-06 17:00:00+02:00,29.395000457763672,29.4950008392334,29.337499618530273,29.395000457763672
2025-05-07 09:00:00+02:00,29.329999923706055,30.094999313354492,29.2549991607666,30.014999389648438
2025-05-07 13:00:00+02:00,30.040000915527344,30.295000076293945,29.915000915527344,30.110000610351562
2025-05-07 17:00:00+02:00,30.09000015258789,30.30500030517578,30.079999923706055,30.25
2025-05-08 09:00:00+02:00,30.78499984741211,31.479999542236328,30.21500015258789,31.309999465942383
2025-05-08 13:00:00+02:00,31.31999969482422,31.5,30.565000534057617,30.645000457763672
2025-05-08 17:00:00+02:00,30.649999618530273,31.114999771118164,30.614999771118164,30.989999771118164
2025-05-09 09:00:00+02:00,31.3799991607666,31.655000686645508,31.15999984741211,31.184999465942383
2025-05-09 13:00:00+02:00,31.200000762939453,31.850000381469727,31.1299991607666,31.68000030517578
2025-05-09 17:00:00+02:00,31.684999465942383,31.729999542236328,31.454999923706055,31.454999923706055
2025-05-12 09:00:00+02:00,32.20000076293945,34.20500183105469,32.20000076293945,34.1349983215332
2025-05-12 13:00:00+02:00,34.150001525878906,34.279998779296875,33.58000183105469,33.904998779296875
2025-05-12 17:00:00+02:00,33.90999984741211,34.05500030517578,33.82500076293945,34.029998779296875
2025-05-13 09:00:00+02:00,34.31999969482422,34.650001525878906,34.099998474121094,34.1349983215332
2025-05-13 13:00:00+02:00,34.1150016784668,34.65999984741211,33.875,34.63999938964844
2025-05-13 17:00:00+02:00,34.6349983215332,34.65999984741211,34.47999954223633,34.65999984741211
2025-05-14 09:00:00+02:00,34.65999984741211,34.92499923706055,34.03499984741211,34.459999084472656
2025-05-14 13:00:00+02:00,34.47999954223633,34.81999969482422,34.45500183105469,34.560001373291016
2025-05-14 17:00:00+02:00,34.56999969482422,34.64250183105469,34.47999954223633,34.54499816894531
2025-05-15 09:00:00+02:00,34.28499984741211,34.5,33.72999954223633,34.05500030517578
2025-05-15 13:00:00+02:00,34.04499816894531,34.18000030517578,33.625,33.72999954223633
2025-05-15 17:00:00+02:00,33.72999954223633,33.8650016784668,33.68000030517578,33.82500076293945
2025-05-16 09:00:00+02:00,33.60499954223633,34.14500045776367,33.35499954223633,34.005001068115234
2025-05-16 13:00:00+02:00,34.0,34.060001373291016,33.369998931884766,33.439998626708984
2025-05-16 17:00:00+02:00,33.45000076293945,33.599998474121094,33.39500045776367,33.39500045776367
2025-05-19 09:00:00+02:00,33.0,33.44499969482422,32.7400016784668,33.15999984741211
2025-05-19 13:00:00+02:00,33.15999984741211,33.46500015258789,33.029998779296875,33.439998626708984
2025-05-19 17:00:00+02:00,33.44499969482422,33.595001220703125,33.42499923706055,33.4900016784668
2025-05-20 09:00:00+02:00,33.56999969482422,34.53499984741211,33.470001220703125,34.32500076293945
2025-05-20 13:00:00+02:00,34.33000183105469,34.6150016784668,33.92499923706055,33.994998931884766
2025-05-20 17:00:00+02:00,33.9900016784668,34.1150016784668,33.88999938964844,33.88999938964844
2025-05-21 09:00:00+02:00,33.849998474121094,34.744998931884766,33.79499816894531,34.15999984741211
2025-05-21 13:00:00+02:00,34.154998779296875,34.755001068115234,34.13999938964844,34.584999084472656
2025-05-21 17:00:00+02:00,34.59000015258789,34.7599983215332,34.564998626708984,34.654998779296875
2025-05-22 09:00:00+02:00,34.119998931884766,34.4900016784668,34.01499938964844,34.189998626708984
2025-05-22 13:00:00+02:00,34.25,35.01499938964844,34.25,34.75
2025-05-22 17:00:00+02:00,34.744998931884766,34.81999969482422,34.65999984741211,34.70500183105469
2025-05-23 09:00:00+02:00,34.70500183105469,35.209999084472656,34.70500183105469,34.96500015258789
2025-05-23 13:00:00+02:00,34.95500183105469,34.970001220703125,32.994998931884766,33.45500183105469
2025-05-23 17:00:00+02:00,33.505001068115234,33.53499984741211,33.33000183105469,33.38999938964844
2025-05-26 09:00:00+02:00,34.3849983215332,34.51499938964844,34.040000915527344,34.099998474121094
2025-05-26 13:00:00+02:00,34.099998474121094,34.10499954223633,33.67499923706055,33.8849983215332
2025-05-26 17:00:00+02:00,33.880001068115234,34.04999923706055,33.79499816894531,34.04999923706055
2025-05-27 09:00:00+02:00,34.125,35.14500045776367,34.119998931884766,35.06999969482422
2025-05-27 13:00:00+02:00,35.064998626708984,35.10499954223633,34.650001525878906,34.755001068115234
2025-05-27 17:00:00+02:00,34.7599983215332,34.810001373291016,34.69499969482422,34.69499969482422
2025-05-28 09:00:00+02:00,34.45500183105469,34.790000915527344,34.36000061035156,34.7599983215332
2025-05-28 13:00:00+02:00,34.744998931884766,34.900001525878906,34.5,34.564998626708984
2025-05-28 17:00:00+02:00,34.55500030517578,34.70000076293945,34.439998626708984,34.439998626708984
2025-05-29 08:00:00+02:00,35.439998626708984,35.8650016784668,35.125,35.40999984741211
2025-05-29 12:00:00+02:00,35.404998779296875,35.51499938964844,34.75,34.814998626708984
2025-05-29 16:00:00+02:00,34.80500030517578,34.869998931884766,34.505001068115234,34.69499969482422
2025-05-30 09:00:00+02:00,34.41999816894531,35.10499954223633,34.39500045776367,34.75
2025-05-30 13:00:00+02:00,34.73500061035156,34.845001220703125,34.34000015258789,34.43000030517578
2025-05-30 17:00:00+02:00,34.439998626708984,34.564998626708984,34.275001525878906,34.275001525878906
2025-06-02 09:00:00+02:00,33.64500045776367,33.875,33.154998779296875,33.27000045776367
2025-06-02 13:00:00+02:00,33.26499938964844,33.994998931884766,33.22999954223633,33.880001068115234
2025-06-02 17:00:00+02:00,33.8849983215332,33.97999954223633,33.75,33.83000183105469
2025-06-03 09:00:00+02:00,33.880001068115234,34.130001068115234,33.540000915527344,33.915000915527344
2025-06-03 13:00:00+02:00,33.90999984741211,34.2599983215332,33.76499938964844,34.20500183105469
2025-06-03 17:00:00+02:00,34.20000076293945,34.46500015258789,34.19499969482422,34.36000061035156
2025-06-04 09:00:00+02:00,35.20000076293945,36.185001373291016,35.08000183105469,35.755001068115234
2025-06-04 13:00:00+02:00,35.7599983215332,36.084999084472656,35.41999816894531,35.7599983215332
2025-06-04 17:00:00+02:00,35.7599983215332,35.94499969482422,35.71500015258789,35.80500030517578
2025-06-05 09:00:00+02:00,35.9900016784668,36.165000915527344,35.80500030517578,35.91999816894531
2025-06-05 13:00:00+02:00,35.95500183105469,36.18000030517578,35.564998626708984,35.900001525878906
2025-06-05 17:00:00+02:00,35.89500045776367,35.900001525878906,35.70000076293945,35.724998474121094
2025-06-06 09:00:00+02:00,35.474998474121094,35.76499938964844,35.09000015258789,35.72999954223633
2025-06-06 13:00:00+02:00,35.779998779296875,36.11000061035156,35.619998931884766,35.880001068115234
2025-06-06 17:00:00+02:00,35.8849983215332,35.95500183105469,35.7599983215332,35.900001525878906
2025-06-09 08:00:00+02:00,35.71500015258789,35.994998931884766,35.71500015258789,35.86000061035156
2025-06-09 12:00:00+02:00,35.834999084472656,36.275001525878906,35.7599983215332,36.19499969482422
2025-06-09 16:00:00+02:00,36.20000076293945,36.564998626708984,36.19499969482422,36.415000915527344
2025-06-10 09:00:00+02:00,36.224998474121094,36.625,36.0,36.625
2025-06-10 13:00:00+02:00,36.630001068115234,36.8650016784668,36.45000076293945,36.8650016784668
2025-06-10 17:00:00+02:00,36.915000915527344,36.98500061035156,36.880001068115234,36.98500061035156
2025-06-11 09:00:00+02:00,36.994998931884766,37.185001373291016,36.845001220703125,36.91999816894531
2025-06-11 13:00:00+02:00,36.915000915527344,37.19499969482422,36.39500045776367,36.57500076293945
2025-06-11 17:00:00+02:00,36.595001220703125,36.60499954223633,36.415000915527344,36.435001373291016
2025-06-12 09:00:00+02:00,35.86000061035156,36.19499969482422,35.625,35.84000015258789
2025-06-12 13:00:00+02:00,35.83000183105469,36.07500076293945,35.64500045776367,35.904998779296875
2025-06-12 17:00:00+02:00,35.89500045776367,35.970001220703125,35.564998626708984,35.564998626708984
2025-06-13 09:00:00+02:00,34.619998931884766,35.404998779296875,34.43000030517578,35.244998931884766
2025-06-13 13:00:00+02:00,35.20000076293945,35.38999938964844,34.89500045776367,35.119998931884766
2025-06-13 17:00:00+02:00,35.125,35.41999816894531,35.07500076293945,35.41999816894531
2025-06-16 09:00:00+02:00,35.5,35.560001373291016,35.150001525878906,35.16999816894531
2025-06-16 13:00:00+02:00,35.09000015258789,35.75,35.09000015258789,35.6150016784668
2025-06-16 17:00:00+02:00,35.619998931884766,35.630001068115234,35.5099983215332,35.525001525878906
2025-06-17 09:00:00+02:00,35.33000183105469,35.380001068115234,34.619998931884766,34.845001220703125
2025-06-17 13:00:00+02:00,34.84000015258789,35.310001373291016,34.83000183105469,34.98500061035156
2025-06-17 17:00:00+02:00,34.9900016784668,35.03499984741211,34.89500045776367,34.935001373291016
2025-06-18 09:00:00+02:00,34.849998474121094,34.849998474121094,34.1349983215332,34.1349983215332
2025-06-18 13:00:00+02:00,34.13999938964844,34.369998931884766,33.724998474121094,34.10499954223633
2025-06-18 17:00:00+02:00,34.119998931884766,34.20000076293945,33.98500061035156,34.20000076293945
2025-06-19 09:00:00+02:00,33.83000183105469,34.154998779296875,33.6150016784668,34.1150016784668
2025-06-19 13:00:00+02:00,34.10499954223633,34.14500045776367,33.875,33.970001220703125
2025-06-19 17:00:00+02:00,33.935001373291016,34.154998779296875,33.91999816894531,34.04999923706055
2025-06-20 09:00:00+02:00,34.3849983215332,34.81999969482422,34.3849983215332,34.665000915527344
2025-06-20 13:00:00+02:00,34.665000915527344,34.845001220703125,33.790000915527344,33.90999984741211
2025-06-20 17:00:00+02:00,33.904998779296875,34.220001220703125,33.8650016784668,34.220001220703125
2025-06-23 09:00:00+02:00,34.150001525878906,34.724998474121094,33.90999984741211,34.619998931884766
2025-06-23 13:00:00+02:00,34.6150016784668,34.81999969482422,34.244998931884766,34.630001068115234
2025-06-23 17:00:00+02:00,34.630001068115234,34.70000076293945,34.599998474121094,34.599998474121094
2025-06-24 09:00:00+02:00,35.994998931884766,36.09000015258789,35.369998931884766,35.46500015258789
2025-06-24 13:00:00+02:00,35.47999954223633,35.75,35.185001373291016,35.70500183105469
2025-06-24 17:00:00+02:00,35.7599983215332,35.7599983215332,35.584999084472656,35.595001220703125
2025-06-25 09:00:00+02:00,35.935001373291016,35.94499969482422,35.02000045776367,35.029998779296875
2025-06-25 13:00:00+02:00,35.03499984741211,35.13999938964844,34.53499984741211,34.58000183105469
2025-06-25 17:00:00+02:00,34.599998474121094,35.040000915527344,34.55500030517578,34.95000076293945
2025-06-26 09:00:00+02:00,35.400001525878906,35.915000915527344,35.400001525878906,35.47999954223633
2025-06-26 13:00:00+02:00,35.45500183105469,35.63999938964844,35.095001220703125,35.470001220703125
2025-06-26 17:00:00+02:00,35.48500061035156,35.54499816894531,35.31999969482422,35.44499969482422
2025-06-27 09:00:00+02:00,35.84000015258789,35.994998931884766,35.40999984741211,35.595001220703125
2025-06-27 13:00:00+02:00,35.60499954223633,35.744998931884766,35.40999984741211,35.470001220703125
2025-06-27 17:00:00+02:00,35.48500061035156,35.65999984741211,35.470001220703125,35.65999984741211
2025-06-30 09:00:00+02:00,36.5,36.880001068115234,36.0099983215332,36.150001525878906
2025-06-30 13:00:00+02:00,36.154998779296875,36.41999816894531,35.915000915527344,36.18000030517578
2025-06-30 17:00:00+02:00,36.185001373291016,36.20500183105469,36.064998626708984,36.1150016784668
2025-07-01 09:00:00+02:00,35.834999084472656,36.064998626708984,35.58000183105469,35.72999954223633
2025-07-01 13:00:00+02:00,35.73500061035156,35.79999923706055,35.349998474121094,35.35499954223633
2025-07-01 17:00:00+02:00,35.35499954223633,35.48500061035156,35.25,35.48500061035156
2025-07-02 09:00:00+02:00,35.73500061035156,36.60499954223633,35.71500015258789,36.125
2025-07-02 13:00:00+02:00,36.1349983215332,36.275001525878906,35.82500076293945,36.15999984741211
2025-07-02 17:00:00+02:00,36.154998779296875,36.275001525878906,36.11000061035156,36.20500183105469
2025-07-03 09:00:00+02:00,36.93000030517578,37.290000915527344,36.584999084472656,36.709999084472656
2025-07-03 13:00:00+02:00,36.71500015258789,37.154998779296875,36.68000030517578,36.869998931884766
2025-07-03 17:00:00+02:00,36.849998474121094,36.91999816894531,36.79999923706055,36.915000915527344
2025-07-04 09:00:00+02:00,36.599998474121094,36.97999954223633,36.5099983215332,36.7599983215332
2025-07-04 13:00:00+02:00,36.82500076293945,37.02000045776367,36.72999954223633,37.0
2025-07-04 17:00:00+02:00,37.0,37.0099983215332,36.79999923706055,36.79999923706055
2025-07-07 09:00:00+02:00,36.689998626708984,37.0099983215332,36.654998779296875,36.84000015258789
2025-07-07 13:00:00+02:00,36.849998474121094,37.2599983215332,36.80500030517578,37.1349983215332
2025-07-07 17:00:00+02:00,37.150001525878906,37.220001220703125,37.10499954223633,37.10499954223633
2025-07-08 09:00:00+02:00,37.28499984741211,37.470001220703125,37.09000015258789,37.26499938964844
2025-07-08 13:00:00+02:00,37.27000045776367,37.880001068115234,37.15999984741211,37.849998474121094
2025-07-08 17:00:00+02:00,37.869998931884766,37.95500183105469,37.69499969482422,37.81999969482422
2025-07-09 09:00:00+02:00,37.68000030517578,38.1349983215332,37.41999816894531,38.06999969482422
2025-07-09 13:00:00+02:00,38.08000183105469,38.2400016784668,37.8650016784668,37.8849983215332
2025-07-09 17:00:00+02:00,37.880001068115234,37.939998626708984,37.7400016784668,37.90999984741211
2025-07-10 09:00:00+02:00,38.150001525878906,38.290000915527344,37.939998626708984,38.07500076293945
2025-07-10 13:00:00+02:00,38.06999969482422,38.224998474121094,37.89500045776367,38.05500030517578
2025-07-10 17:00:00+02:00,38.060001373291016,38.310001373291016,38.05500030517578,38.255001068115234
2025-07-11 09:00:00+02:00,38.0,38.150001525878906,37.64500045776367,37.82500076293945
2025-07-11 13:00:00+02:00,37.85499954223633,37.96500015258789,37.7400016784668,37.86000061035156
2025-07-11 17:00:00+02:00,37.86000061035156,37.97999954223633,37.834999084472656,37.97999954223633
2025-07-14 09:00:00+02:00,37.349998474121094,37.67499923706055,37.095001220703125,37.255001068115234
2025-07-14 13:00:00+02:00,37.2400016784668,37.375,37.099998474121094,37.34000015258789
2025-07-14 17:00:00+02:00,37.34000015258789,37.39500045776367,37.290000915527344,37.35499954223633
2025-07-15 09:00:00+02:00,37.6150016784668,37.970001220703125,37.584999084472656,37.814998626708984
2025-07-15 13:00:00+02:00,37.810001373291016,37.904998779296875,37.54499816894531,37.55500030517578
2025-07-15 17:00:00+02:00,37.56999969482422,37.68000030517578,37.55500030517578,37.65999984741211
2025-07-16 09:00:00+02:00,36.83000183105469,37.64500045776367,36.564998626708984,37.630001068115234
2025-07-16 13:00:00+02:00,37.63999938964844,37.91999816894531,37.43000030517578,37.525001525878906
2025-07-16 17:00:00+02:00,37.529998779296875,37.744998931884766,37.40999984741211,37.40999984741211
2025-07-17 09:00:00+02:00,38.04499816894531,38.23500061035156,37.685001373291016,37.85499954223633
2025-07-17 13:00:00+02:00,37.834999084472656,38.154998779296875,37.779998779296875,38.08000183105469
2025-07-17 17:00:00+02:00,38.09000015258789,38.220001220703125,38.025001525878906,38.150001525878906
2025-07-18 09:00:00+02:00,38.2599983215332,38.70000076293945,38.09000015258789,38.470001220703125
2025-07-18 13:00:00+02:00,38.529998779296875,38.529998779296875,37.8849983215332,38.08000183105469
2025-07-18 17:00:00+02:00,38.084999084472656,38.1150016784668,38.0,38.1150016784668
2025-07-21 09:00:00+02:00,38.17499923706055,38.529998779296875,37.9900016784668,38.20500183105469
2025-07-21 13:00:00+02:00,38.19499969482422,38.71500015258789,38.19499969482422,38.494998931884766
2025-07-21 17:00:00+02:00,38.4900016784668,38.61000061035156,38.470001220703125,38.505001068115234
2025-07-22 09:00:00+02:00,37.79999923706055,37.86000061035156,36.849998474121094,36.900001525878906
2025-07-22 13:00:00+02:00,36.88999938964844,37.61000061035156,36.85499954223633,37.150001525878906
2025-07-22 17:00:00+02:00,37.14500045776367,37.2599983215332,37.0099983215332,37.154998779296875
2025-07-23 09:00:00+02:00,37.1150016784668,37.1150016784668,36.11000061035156,36.33000183105469
2025-07-23 13:00:00+02:00,36.27000045776367,36.44499969482422,35.849998474121094,35.959999084472656
2025-07-23 17:00:00+02:00,35.974998474121094,36.04499816894531,35.79999923706055,35.845001220703125
2025-07-24 09:00:00+02:00,35.0,35.619998931884766,34.775001525878906,35.14500045776367
2025-07-24 13:00:00+02:00,35.150001525878906,35.220001220703125,33.779998779296875,34.189998626708984
2025-07-24 17:00:00+02:00,34.17499923706055,34.32500076293945,33.95000076293945,34.32500076293945
2025-07-25 09:00:00+02:00,34.09000015258789,34.474998474121094,33.88999938964844,34.31999969482422
2025-07-25 13:00:00+02:00,34.29999923706055,34.47999954223633,34.15999984741211,34.3849983215332
2025-07-25 17:00:00+02:00,34.3849983215332,34.5,34.34000015258789,34.5
2025-07-28 09:00:00+02:00,35.375,35.48500061035156,35.025001525878906,35.23500061035156
2025-07-28 13:00:00+02:00,35.2400016784668,35.255001068115234,34.875,34.89500045776367
2025-07-28 17:00:00+02:00,34.8849983215332,35.0099983215332,34.86000061035156,34.994998931884766
2025-07-29 09:00:00+02:00,35.2400016784668,35.814998626708984,35.22999954223633,35.595001220703125
2025-07-29 13:00:00+02:00,35.59000015258789,35.935001373291016,35.46500015258789,35.66999816894531
2025-07-29 17:00:00+02:00,35.66999816894531,35.689998626708984,35.38999938964844,35.47999954223633
2025-07-30 09:00:00+02:00,35.5,35.75,35.5,35.540000915527344
2025-07-30 13:00:00+02:00,35.54999923706055,36.05500030517578,35.54499816894531,36.0099983215332
2025-07-30 17:00:00+02:00,36.01499938964844,36.03499984741211,35.875,35.880001068115234
2025-07-31 09:00:00+02:00,36.060001373291016,36.20000076293945,35.130001068115234,35.16999816894531
2025-07-31 13:00:00+02:00,35.165000915527344,35.32500076293945,34.599998474121094,34.630001068115234
2025-07-31 17:00:00+02:00,34.6349983215332,34.810001373291016,34.6349983215332,34.6349983215332
2025-08-01 09:00:00+02:00,34.189998626708984,34.55500030517578,33.7599983215332,33.79499816894531
2025-08-01 13:00:00+02:00,33.720001220703125,33.95500183105469,33.38999938964844,33.650001525878906
2025-08-01 17:00:00+02:00,33.64500045776367,33.79999923706055,33.60499954223633,33.79999923706055
2025-08-04 09:00:00+02:00,34.18000030517578,34.43000030517578,33.900001525878906,34.28499984741211
2025-08-04 13:00:00+02:00,34.25,34.349998474121094,33.70500183105469,33.76499938964844
2025-08-04 17:00:00+02:00,33.775001525878906,33.845001220703125,33.61000061035156,33.755001068115234
2025-08-05 09:00:00+02:00,35.20000076293945,35.65999984741211,34.654998779296875,35.30500030517578
2025-08-05 13:00:00+02:00,35.290000915527344,35.875,35.03499984741211,35.27000045776367
2025-08-05 17:00:00+02:00,35.26499938964844,35.474998474121094,35.150001525878906,35.29999923706055
2025-08-06 09:00:00+02:00,35.8849983215332,35.95000076293945,34.310001373291016,34.31999969482422
2025-08-06 13:00:00+02:00,34.29999923706055,34.459999084472656,34.130001068115234,34.29499816894531
2025-08-06 17:00:00+02:00,34.29499816894531,34.404998779296875,34.20000076293945,34.314998626708984
2025-08-07 09:00:00+02:00,34.13999938964844,34.630001068115234,33.560001373291016,34.619998931884766
2025-08-07 13:00:00+02:00,34.650001525878906,34.82500076293945,34.2400016784668,34.27000045776367
2025-08-07 17:00:00+02:00,34.275001525878906,34.5,34.2599983215332,34.494998931884766
2025-08-08 09:00:00+02:00,34.58000183105469,34.93000030517578,34.56999969482422,34.915000915527344
2025-08-08 13:00:00+02:00,34.970001220703125,35.29999923706055,34.68000030517578,35.275001525878906
2025-08-08 17:00:00+02:00,35.275001525878906,35.46500015258789,35.275001525878906,35.459999084472656
2025-08-11 09:00:00+02:00,35.540000915527344,35.625,35.1349983215332,35.150001525878906
2025-08-11 13:00:00+02:00,35.1150016784668,35.505001068115234,35.095001220703125,35.29999923706055
2025-08-11 17:00:00+02:00,35.30500030517578,35.36000061035156,35.279998779296875,35.28499984741211
2025-08-12 09:00:00+02:00,35.310001373291016,35.53499984741211,35.252498626708984,35.53499984741211
2025-08-12 13:00:00+02:00,35.505001068115234,36.59000015258789,35.494998931884766,36.529998779296875
2025-08-12 17:00:00+02:00,36.53499984741211,36.775001525878906,36.5099983215332,36.775001525878906
2025-08-13 09:00:00+02:00,36.900001525878906,37.02000045776367,36.70500183105469,36.91999816894531
2025-08-13 13:00:00+02:00,36.994998931884766,36.994998931884766,36.70500183105469,36.75
2025-08-13 17:00:00+02:00,36.744998931884766,36.775001525878906,36.61000061035156,36.6150016784668
2025-08-14 09:00:00+02:00,36.70000076293945,36.95000076293945,36.65999984741211,36.8650016784668
2025-08-14 13:00:00+02:00,36.85499954223633,36.959999084472656,36.435001373291016,36.45000076293945
2025-08-14 17:00:00+02:00,36.459999084472656,36.619998931884766,36.45500183105469,36.6150016784668
2025-08-15 09:00:00+02:00,36.869998931884766,37.095001220703125,36.72999954223633,36.880001068115234
2025-08-15 13:00:00+02:00,36.880001068115234,37.040000915527344,36.66999816894531,36.70500183105469
2025-08-15 17:00:00+02:00,36.70500183105469,36.80500030517578,36.654998779296875,36.654998779296875
2025-08-18 09:00:00+02:00,36.685001373291016,36.790000915527344,36.29499816894531,36.36000061035156
2025-08-18 13:00:00+02:00,36.369998931884766,36.619998931884766,36.28499984741211,36.564998626708984
2025-08-18 17:00:00+02:00,36.56999969482422,36.70500183105469,36.56999969482422,36.65999984741211
2025-08-19 09:00:00+02:00,36.7400016784668,37.275001525878906,36.7400016784668,37.03499984741211
2025-08-19 13:00:00+02:00,37.025001525878906,37.23500061035156,36.94499969482422,36.97999954223633
2025-08-19 17:00:00+02:00,36.974998474121094,37.04999923706055,36.93000030517578,37.0
2025-08-20 09:00:00+02:00,36.5099983215332,37.40999984741211,36.334999084472656,36.470001220703125
2025-08-20 13:00:00+02:00,36.59000015258789,36.92499923706055,35.880001068115234,36.08000183105469
2025-08-20 17:00:00+02:00,36.08000183105469,36.400001525878906,36.08000183105469,36.400001525878906
2025-08-21 09:00:00+02:00,36.56999969482422,36.69499969482422,36.35499954223633,36.459999084472656
2025-08-21 13:00:00+02:00,36.4900016784668,36.66999816894531,36.16999816894531,36.209999084472656
2025-08-21 17:00:00+02:00,36.220001220703125,36.255001068115234,36.09000015258789,36.150001525878906
2025-08-22 09:00:00+02:00,35.970001220703125,36.47999954223633,35.93000030517578,36.35499954223633
2025-08-22 13:00:00+02:00,36.369998931884766,36.84000015258789,36.09000015258789,36.65999984741211
2025-08-22 17:00:00+02:00,36.654998779296875,36.849998474121094,36.64500045776367,36.849998474121094
2025-08-25 09:00:00+02:00,36.744998931884766,36.89500045776367,36.54999923706055,36.84000015258789
2025-08-25 13:00:00+02:00,36.86000061035156,36.900001525878906,36.595001220703125,36.65999984741211
2025-08-25 17:00:00+02:00,36.654998779296875,36.709999084472656,36.54999923706055,36.654998779296875
2025-08-26 09:00:00+02:00,36.560001373291016,36.57500076293945,36.025001525878906,36.439998626708984
2025-08-26 13:00:00+02:00,36.45500183105469,36.494998931884766,36.084999084472656,36.279998779296875
2025-08-26 17:00:00+02:00,36.275001525878906,36.345001220703125,36.255001068115234,36.290000915527344
2025-08-27 09:00:00+02:00,36.45000076293945,36.689998626708984,36.279998779296875,36.42499923706055
2025-08-27 13:00:00+02:00,36.42499923706055,36.46500015258789,35.86000061035156,35.95000076293945
2025-08-27 17:00:00+02:00,35.95500183105469,36.0099983215332,35.834999084472656,35.900001525878906
2025-08-28 09:00:00+02:00,36.154998779296875,36.38999938964844,36.09000015258789,36.18000030517578
2025-08-28 13:00:00+02:00,36.18000030517578,36.790000915527344,36.07500076293945,36.30500030517578
2025-08-28 17:00:00+02:00,36.30500030517578,36.39500045776367,36.21500015258789,36.314998626708984
2025-08-29 09:00:00+02:00,36.099998474121094,36.16999816894531,35.32500076293945,35.584999084472656
2025-08-29 13:00:00+02:00,35.595001220703125,35.70000076293945,34.92499923706055,34.94499969482422
2025-08-29 17:00:00+02:00,34.94499969482422,35.029998779296875,34.904998779296875,34.959999084472656
2025-09-01 09:00:00+02:00,34.84000015258789,35.119998931884766,34.650001525878906,34.73500061035156
2025-09-01 13:00:00+02:00,34.7599983215332,34.875,34.540000915527344,34.70500183105469
2025-09-01 17:00:00+02:00,34.709999084472656,34.71500015258789,34.595001220703125,34.665000915527344
2025-09-02 09:00:00+02:00,34.36000061035156,34.47999954223633,33.755001068115234,33.80500030517578
2025-09-02 13:00:00+02:00,33.779998779296875,33.85499954223633,33.01499938964844,33.02000045776367
2025-09-02 17:00:00+02:00,33.02000045776367,33.1150016784668,32.88999938964844,33.1150016784668
2025-09-03 09:00:00+02:00,33.4900016784668,33.849998474121094,33.189998626708984,33.79499816894531
2025-09-03 13:00:00+02:00,33.814998626708984,34.025001525878906,32.06999969482422,32.31999969482422
2025-09-03 17:00:00+02:00,32.310001373291016,32.34000015258789,30.96500015258789,31.514999389648438
2025-09-04 09:00:00+02:00,31.469999313354492,31.989999771118164,31.100000381469727,31.764999389648438
2025-09-04 13:00:00+02:00,31.78499984741211,31.815000534057617,30.81999969482422,31.075000762939453
2025-09-04 17:00:00+02:00,31.065000534057617,31.274999618530273,30.985000610351562,31.274999618530273
2025-09-05 09:00:00+02:00,31.579999923706055,32.060001373291016,31.399999618530273,31.885000228881836
2025-09-05 13:00:00+02:00,31.875,31.940000534057617,31.290000915527344,31.385000228881836
2025-09-05 17:00:00+02:00,31.389999389648438,31.575000762939453,31.3799991607666,31.575000762939453
2025-09-08 09:00:00+02:00,31.895000457763672,32.380001068115234,31.895000457763672,32.32500076293945
2025-09-08 13:00:00+02:00,32.314998626708984,32.400001525878906,31.80500030517578,32.09000015258789
2025-09-08 17:00:00+02:00,32.095001220703125,32.17499923706055,32.040000915527344,32.07500076293945
2025-09-09 09:00:00+02:00,32.07500076293945,32.209999084472656,31.815000534057617,32.0
2025-09-09 13:00:00+02:00,31.975000381469727,32.18000030517578,31.875,31.9950008392334
2025-09-09 17:00:00+02:00,31.9950008392334,32.09000015258789,31.94499969482422,32.084999084472656
2025-09-10 09:00:00+02:00,32.334999084472656,32.78499984741211,32.1150016784668,32.39500045776367
2025-09-10 13:00:00+02:00,32.3849983215332,32.41999816894531,31.924999237060547,32.025001525878906
2025-09-10 17:00:00+02:00,32.025001525878906,32.04999923706055,31.829999923706055,31.829999923706055
2025-09-11 09:00:00+02:00,31.915000915527344,32.099998474121094,31.68000030517578,31.985000610351562
2025-09-11 13:00:00+02:00,31.985000610351562,32.25,31.815000534057617,31.920000076293945
2025-09-11 17:00:00+02:00,31.920000076293945,31.969999313354492,31.850000381469727,31.920000076293945
2025-09-12 09:00:00+02:00,32.04499816894531,32.28499984741211,31.510000228881836,31.770000457763672
2025-09-12 13:00:00+02:00,31.799999237060547,31.989999771118164,31.655000686645508,31.729999542236328
2025-09-12 17:00:00+02:00,31.729999542236328,31.7549991607666,31.639999389648438,31.7549991607666
2025-09-15 09:00:00+02:00,32.08000183105469,32.52000045776367,32.01499938964844,32.51499938964844
2025-09-15 13:00:00+02:00,32.525001525878906,32.83000183105469,32.27000045776367,32.79999923706055
2025-09-15 17:00:00+02:00,32.79999923706055,32.810001373291016,32.595001220703125,32.650001525878906
2025-09-16 09:00:00+02:00,32.95000076293945,32.974998474121094,32.494998931884766,32.52000045776367
2025-09-16 13:00:00+02:00,32.52000045776367,32.595001220703125,32.23500061035156,32.35499954223633
2025-09-16 17:00:00+02:00,32.36000061035156,32.36000061035156,32.15999984741211,32.224998474121094
2025-09-17 09:00:00+02:00,32.310001373291016,32.42499923706055,31.954999923706055,31.989999771118164
2025-09-17 13:00:00+02:00,31.979999542236328,32.47999954223633,31.915000915527344,32.40999984741211
2025-09-17 17:00:00+02:00,32.404998779296875,32.650001525878906,32.39500045776367,32.650001525878906
2025-09-18 09:00:00+02:00,33.20000076293945,33.9900016784668,33.1349983215332,33.6150016784668
2025-09-18 13:00:00+02:00,33.654998779296875,34.11000061035156,33.189998626708984,33.54499816894531
2025-09-18 17:00:00+02:00,33.54999923706055,33.709999084472656,33.540000915527344,33.685001373291016
2025-09-19 09:00:00+02:00,33.79499816894531,33.85749816894531,32.845001220703125,32.97999954223633
2025-09-19 13:00:00+02:00,32.9900016784668,33.185001373291016,32.810001373291016,33.005001068115234
2025-09-19 17:00:00+02:00,33.005001068115234,33.07500076293945,32.94499969482422,32.9900016784668
2025-09-22 09:00:00+02:00,33.189998626708984,33.22999954223633,32.224998474121094,32.6150016784668
2025-09-22 13:00:00+02:00,32.599998474121094,32.89500045776367,32.53499984741211,32.78499984741211
2025-09-22 17:00:00+02:00,32.78499984741211,33.0,32.78499984741211,33.0
2025-09-23 09:00:00+02:00,33.09000015258789,34.2400016784668,32.98500061035156,33.869998931884766
2025-09-23 13:00:00+02:00,33.89500045776367,34.13999938964844,33.7599983215332,33.8849983215332
2025-09-23 17:00:00+02:00,33.8849983215332,33.97999954223633,33.79999923706055,33.79999923706055
2025-09-24 09:00:00+02:00,33.58000183105469,33.67499923706055,33.279998779296875,33.30500030517578
2025-09-24 13:00:00+02:00,33.310001373291016,33.525001525878906,33.04999923706055,33.51499938964844
2025-09-24 17:00:00+02:00,33.51499938964844,33.599998474121094,33.459999084472656,33.505001068115234
2025-09-25 09:00:00+02:00,33.505001068115234,33.744998931884766,33.185001373291016,33.22999954223633
2025-09-25 13:00:00+02:00,33.21500015258789,33.35499954223633,32.95500183105469,33.27000045776367
2025-09-25 17:00:00+02:00,33.2599983215332,33.32500076293945,33.18000030517578,33.314998626708984
2025-09-26 09:00:00+02:00,32.92499923706055,33.064998626708984,32.6150016784668,32.65999984741211
2025-09-26 13:00:00+02:00,32.625,32.810001373291016,32.26499938964844,32.345001220703125
2025-09-26 17:00:00+02:00,32.349998474121094,32.665000915527344,32.349998474121094,32.665000915527344
2025-09-29 09:00:00+02:00,33.0,33.290000915527344,32.95000076293945,33.10499954223633
2025-09-29 13:00:00+02:00,33.09000015258789,33.11000061035156,32.8849983215332,32.96500015258789
2025-09-29 17:00:00+02:00,32.96500015258789,33.04499816894531,32.95500183105469,33.040000915527344
2025-09-30 09:00:00+02:00,32.900001525878906,33.0,32.57500076293945,32.89500045776367
2025-09-30 13:00:00+02:00,32.86000061035156,33.10499954223633,32.849998474121094,33.095001220703125
2025-09-30 17:00:00+02:00,33.099998474121094,33.20000076293945,33.095001220703125,33.20000076293945
2025-10-01 09:00:00+02:00,33.0099983215332,33.22999954223633,32.89500045776367,33.11000061035156
2025-10-01 13:00:00+02:00,33.125,33.70000076293945,33.084999084472656,33.45500183105469
2025-10-01 17:00:00+02:00,33.459999084472656,33.61000061035156,33.459999084472656,33.54999923706055
2025-10-02 09:00:00+02:00,33.8849983215332,34.6150016784668,33.8849983215332,34.46500015258789
2025-10-02 13:00:00+02:00,34.470001220703125,34.869998931884766,34.21500015258789,34.27000045776367
2025-10-02 17:00:00+02:00,34.275001525878906,34.404998779296875,34.23500061035156,34.23500061035156
2025-10-03 08:00:00+02:00,34.345001220703125,34.42499923706055,33.959999084472656,34.119998931884766
2025-10-03 12:00:00+02:00,34.1150016784668,34.32500076293945,33.939998626708984,34.21500015258789
2025-10-03 16:00:00+02:00,34.19499969482422,34.369998931884766,34.10499954223633,34.13999938964844
2025-10-06 09:00:00+02:00,34.1150016784668,34.22999954223633,33.470001220703125,33.64500045776367
2025-10-06 13:00:00+02:00,33.630001068115234,33.875,33.45500183105469,33.69499969482422
2025-10-06 17:00:00+02:00,33.70500183105469,34.09000015258789,33.69499969482422,34.08000183105469
2025-10-07 09:00:00+02:00,34.04999923706055,34.150001525878906,33.38999938964844,33.77000045776367
2025-10-07 13:00:00+02:00,33.779998779296875,33.869998931884766,33.45000076293945,33.57500076293945
2025-10-07 17:00:00+02:00,33.56999969482422,33.60499954223633,33.28499984741211,33.540000915527344
2025-10-08 09:00:00+02:00,33.064998626708984,33.279998779296875,32.849998474121094,33.119998931884766
2025-10-08 13:00:00+02:00,33.084999084472656,33.1150016784668,32.665000915527344,32.93000030517578
2025-10-08 17:00:00+02:00,32.935001373291016,33.06999969482422,32.845001220703125,33.060001373291016
2025-10-09 09:00:00+02:00,32.970001220703125,33.2400016784668,32.747501373291016,33.040000915527344
2025-10-09 13:00:00+02:00,33.04499816894531,33.35499954223633,33.029998779296875,33.09000015258789
2025-10-09 17:00:00+02:00,33.11000061035156,33.28499984741211,33.095001220703125,33.18000030517578
2025-10-10 09:00:00+02:00,33.244998931884766,33.32500076293945,32.94499969482422,33.11000061035156
2025-10-10 13:00:00+02:00,33.10499954223633,33.22999954223633,32.76499938964844,32.85499954223633
2025-10-10 17:00:00+02:00,32.85499954223633,32.85499954223633,31.989999771118164,32.02000045776367
2025-10-13 09:00:00+02:00,31.764999389648438,33.029998779296875,31.670000076293945,32.53499984741211
2025-10-13 13:00:00+02:00,32.540000915527344,32.665000915527344,32.23500061035156,32.25
2025-10-13 17:00:00+02:00,32.25,32.584999084472656,32.224998474121094,32.584999084472656
2025-10-14 09:00:00+02:00,32.150001525878906,32.32500076293945,31.725000381469727,31.84000015258789
2025-10-14 13:00:00+02:00,31.84000015258789,32.31999969482422,31.790000915527344,32.130001068115234
2025-10-14 17:00:00+02:00,32.13999938964844,32.220001220703125,32.119998931884766,32.125
2025-10-15 09:00:00+02:00,32.20000076293945,32.685001373291016,32.15999984741211,32.505001068115234
2025-10-15 13:00:00+02:00,32.494998931884766,32.60499954223633,32.154998779296875,32.564998626708984
2025-10-15 17:00:00+02:00,32.56999969482422,32.599998474121094,32.5,32.5099983215332
2025-10-16 09:00:00+02:00,32.76499938964844,32.76499938964844,32.345001220703125,32.5099983215332
2025-10-16 13:00:00+02:00,32.5099983215332,33.18000030517578,32.4900016784668,33.09000015258789
2025-10-16 17:00:00+02:00,33.09000015258789,33.32500076293945,33.09000015258789,33.2599983215332
2025-10-17 09:00:00+02:00,32.59000015258789,32.665000915527344,32.130001068115234,32.474998474121094
2025-10-17 13:00:00+02:00,32.48500061035156,32.72999954223633,32.32500076293945,32.334999084472656
2025-10-17 17:00:00+02:00,32.34000015258789,32.54999923706055,32.33000183105469,32.459999084472656
2025-10-20 09:00:00+02:00,32.900001525878906,33.5099983215332,32.82500076293945,33.125
2025-10-20 13:00:00+02:00,33.1349983215332,34.029998779296875,33.1150016784668,33.98500061035156
2025-10-20 17:00:00+02:00,33.97999954223633,34.125,33.90999984741211,34.099998474121094
2025-10-21 09:00:00+02:00,34.09000015258789,34.7599983215332,34.0,34.689998626708984
2025-10-21 13:00:00+02:00,34.68000030517578,35.11000061035156,34.54499816894531,35.02000045776367
2025-10-21 17:00:00+02:00,35.029998779296875,35.244998931884766,35.029998779296875,35.2400016784668
2025-10-22 09:00:00+02:00,34.34000015258789,34.369998931884766,34.029998779296875,34.220001220703125
2025-10-22 13:00:00+02:00,34.2400016784668,34.72999954223633,34.13999938964844,34.3650016784668
2025-10-22 17:00:00+02:00,34.36000061035156,34.39500045776367,34.189998626708984,34.209999084472656
2025-10-23 09:00:00+02:00,33.79999923706055,34.400001525878906,33.47999954223633,33.70500183105469
2025-10-23 13:00:00+02:00,33.69499969482422,33.880001068115234,33.224998474121094,33.665000915527344
2025-10-23 17:00:00+02:00,33.665000915527344,33.66999816894531,33.41999816894531,33.41999816894531
2025-10-24 09:00:00+02:00,33.849998474121094,33.880001068115234,33.54999923706055,33.80500030517578
2025-10-24 13:00:00+02:00,33.779998779296875,34.0099983215332,33.474998474121094,33.595001220703125
2025-10-24 17:00:00+02:00,33.59000015258789,33.630001068115234,33.470001220703125,33.494998931884766
2025-10-27 09:00:00+01:00,33.915000915527344,34.17499923706055,33.84000015258789,33.994998931884766
2025-10-27 13:00:00+01:00,34.005001068115234,34.375,33.73500061035156,34.290000915527344
2025-10-27 17:00:00+01:00,34.290000915527344,34.29499816894531,34.19499969482422,34.290000915527344
2025-10-28 09:00:00+01:00,34.369998931884766,35.07500076293945,34.33000183105469,34.70500183105469
2025-10-28 13:00:00+01:00,34.685001373291016,34.744998931884766,34.005001068115234,34.27000045776367
2025-10-28 17:00:00+01:00,34.26499938964844,34.290000915527344,34.1349983215332,34.27000045776367
2025-10-29 09:00:00+01:00,34.310001373291016,34.80500030517578,34.18000030517578,34.66999816894531
2025-10-29 13:00:00+01:00,34.720001220703125,34.724998474121094,34.415000915527344,34.41999816894531
2025-10-29 17:00:00+01:00,34.40999984741211,34.415000915527344,34.27000045776367,34.375
2025-10-30 09:00:00+01:00,34.47999954223633,34.849998474121094,34.44499969482422,34.82500076293945
2025-10-30 13:00:00+01:00,34.82500076293945,35.0099983215332,34.404998779296875,34.470001220703125
2025-10-30 17:00:00+01:00,34.470001220703125,34.53499984741211,34.380001068115234,34.42499923706055
2025-10-31 09:00:00+01:00,34.5,34.70500183105469,34.20000076293945,34.2400016784668
2025-10-31 13:00:00+01:00,34.20500183105469,34.529998779296875,34.1349983215332,34.369998931884766
2025-10-31 17:00:00+01:00,34.35499954223633,34.41999816894531,34.19499969482422,34.31999969482422
2025-11-03 09:00:00+01:00,34.20000076293945,34.68000030517578,34.20000076293945,34.525001525878906
2025-11-03 13:00:00+01:00,34.505001068115234,35.084999084472656,34.310001373291016,34.68000030517578
2025-11-03 17:00:00+01:00,34.689998626708984,34.75,34.61000061035156,34.61000061035156
2025-11-04 09:00:00+01:00,33.97999954223633,34.25,33.650001525878906,34.150001525878906
2025-11-04 13:00:00+01:00,34.154998779296875,34.4900016784668,34.005001068115234,34.189998626708984
2025-11-04 17:00:00+01:00,34.19499969482422,34.22999954223633,34.1150016784668,34.189998626708984
2025-11-05 09:00:00+01:00,33.595001220703125,34.02000045776367,33.44499969482422,33.52000045776367
2025-11-05 13:00:00+01:00,33.525001525878906,34.345001220703125,33.5,34.33000183105469
2025-11-05 17:00:00+01:00,34.334999084472656,34.40999984741211,34.25,34.25
2025-11-06 09:00:00+01:00,34.2400016784668,34.6150016784668,33.9900016784668,34.540000915527344
2025-11-06 13:00:00+01:00,34.54499816894531,34.775001525878906,33.91999816894531,33.939998626708984
2025-11-06 17:00:00+01:00,33.95000076293945,33.994998931884766,33.78499984741211,33.91999816894531
2025-11-07 09:00:00+01:00,33.91999816894531,34.13999938964844,33.15999984741211,33.349998474121094
2025-11-07 13:00:00+01:00,33.30500030517578,33.42499923706055,32.64500045776367,32.86000061035156
2025-11-07 17:00:00+01:00,32.84000015258789,32.96500015258789,32.70000076293945,32.724998474121094
2025-11-10 09:00:00+01:00,33.540000915527344,33.779998779296875,33.3849983215332,33.68000030517578
2025-11-10 13:00:00+01:00,33.665000915527344,33.73500061035156,33.27000045776367,33.314998626708984
2025-11-10 17:00:00+01:00,33.31999969482422,33.400001525878906,33.2400016784668,33.345001220703125
2025-11-11 09:00:00+01:00,33.26499938964844,33.78499984741211,33.2400016784668,33.560001373291016
2025-11-11 13:00:00+01:00,33.564998626708984,33.93000030517578,33.5,33.875
2025-11-11 17:00:00+01:00,33.875,33.8849983215332,33.755001068115234,33.880001068115234
2025-11-12 09:00:00+01:00,34.67499923706055,37.165000915527344,33.81999969482422,36.880001068115234
2025-11-12 13:00:00+01:00,36.89500045776367,37.935001373291016,35.599998474121094,35.71500015258789
2025-11-12 17:00:00+01:00,35.720001220703125,36.224998474121094,35.654998779296875,36.224998474121094
2025-11-13 09:00:00+01:00,36.584999084472656,37.25,36.40999984741211,36.73500061035156
2025-11-13 13:00:00+01:00,36.724998474121094,37.0,36.099998474121094,36.14500045776367
2025-11-13 17:00:00+01:00,36.14500045776367,36.28499984741211,35.8849983215332,35.8849983215332
2025-11-14 09:00:00+01:00,35.404998779296875,35.505001068115234,33.77000045776367,33.93000030517578
2025-11-14 13:00:00+01:00,33.93000030517578,35.52000045776367,33.7400016784668,35.52000045776367
2025-11-14 17:00:00+01:00,35.52000045776367,35.63999938964844,35.29499816894531,35.29499816894531
2025-11-17 09:00:00+01:00,35.439998626708984,35.90999984741211,34.61000061035156,34.630001068115234
2025-11-17 13:00:00+01:00,34.599998474121094,34.86000061035156,34.255001068115234,34.31999969482422
2025-11-17 17:00:00+01:00,34.32500076293945,34.3849983215332,34.224998474121094,34.380001068115234
2025-11-18 09:00:00+01:00,33.82500076293945,34.0099983215332,33.18000030517578,33.39500045776367
2025-11-18 13:00:00+01:00,33.3849983215332,33.45000076293945,32.91999816894531,32.9900016784668
2025-11-18 17:00:00+01:00,32.974998474121094,33.095001220703125,32.875,32.98500061035156
2025-11-19 09:00:00+01:00,32.91999816894531,33.0,32.29499816894531,32.92499923706055
2025-11-19 13:00:00+01:00,32.939998626708984,33.46500015258789,32.790000915527344,33.05500030517578
2025-11-19 17:00:00+01:00,33.060001373291016,33.119998931884766,32.775001525878906,32.775001525878906
2025-11-20 09:00:00+01:00,34.2400016784668,34.2400016784668,32.869998931884766,32.97999954223633
2025-11-20 13:00:00+01:00,32.9900016784668,33.599998474121094,32.85499954223633,33.31999969482422
2025-11-20 17:00:00+01:00,33.314998626708984,33.33000183105469,32.90999984741211,32.90999984741211
2025-11-21 09:00:00+01:00,31.399999618530273,32.375,31.270000457763672,31.684999465942383
2025-11-21 13:00:00+01:00,31.684999465942383,32.03499984741211,31.420000076293945,31.520000457763672
2025-11-21 17:00:00+01:00,31.510000228881836,31.725000381469727,31.420000076293945,31.69499969482422
2025-11-24 09:00:00+01:00,32.439998626708984,32.900001525878906,32.05500030517578,32.290000915527344
2025-11-24 13:00:00+01:00,32.26499938964844,32.744998931884766,32.22999954223633,32.630001068115234
2025-11-24 17:00:00+01:00,32.6349983215332,32.974998474121094,32.6349983215332,32.8650016784668
2025-11-25 09:00:00+01:00,33.400001525878906,33.974998474121094,33.08000183105469,33.34000015258789
2025-11-25 13:00:00+01:00,33.36000061035156,34.279998779296875,32.93000030517578,33.7400016784668
2025-11-25 17:00:00+01:00,33.709999084472656,33.724998474121094,33.5,33.54999923706055
2025-11-26 09:00:00+01:00,33.85499954223633,33.959999084472656,33.25,33.46500015258789
2025-11-26 13:00:00+01:00,33.439998626708984,35.0,33.220001220703125,34.810001373291016
2025-11-26 17:00:00+01:00,34.810001373291016,34.939998626708984,34.78499984741211,34.790000915527344
2025-11-27 09:00:00+01:00,34.834999084472656,35.55500030517578,34.775001525878906,35.43000030517578
2025-11-27 13:00:00+01:00,35.459999084472656,35.66999816894531,35.40999984741211,35.59000015258789
2025-11-27 17:00:00+01:00,35.595001220703125,35.709999084472656,35.494998931884766,35.709999084472656
2025-11-28 09:00:00+01:00,35.72999954223633,36.23500061035156,35.57500076293945,35.91999816894531
2025-11-28 13:00:00+01:00,36.0,36.46500015258789,35.93000030517578,36.255001068115234
2025-11-28 17:00:00+01:00,36.25,36.400001525878906,36.25,36.33000183105469
2025-12-01 09:00:00+01:00,36.14500045776367,36.14500045776367,35.1349983215332,35.26499938964844
2025-12-01 13:00:00+01:00,35.244998931884766,35.67499923706055,35.099998474121094,35.6150016784668
2025-12-01 17:00:00+01:00,35.6150016784668,35.65999984741211,35.349998474121094,35.400001525878906
2025-12-02 09:00:00+01:00,35.4900016784668,35.8849983215332,35.334999084472656,35.78499984741211
2025-12-02 13:00:00+01:00,35.79999923706055,36.130001068115234,35.494998931884766,36.1150016784668
2025-12-02 17:00:00+01:00,36.099998474121094,36.099998474121094,35.7599983215332,35.779998779296875
2025-12-03 09:00:00+01:00,36.95000076293945,37.189998626708984,36.435001373291016,36.59000015258789
2025-12-03 13:00:00+01:00,36.58000183105469,37.064998626708984,36.209999084472656,36.849998474121094
2025-12-03 17:00:00+01:00,36.85499954223633,36.88999938964844,36.744998931884766,36.744998931884766
2025-12-04 09:00:00+01:00,37.45000076293945,37.72999954223633,36.58000183105469,36.76499938964844
2025-12-04 13:00:00+01:00,36.78499984741211,36.915000915527344,36.31999969482422,36.584999084472656
2025-12-04 17:00:00+01:00,36.584999084472656,36.70500183105469,36.47999954223633,36.5
2025-12-05 09:00:00+01:00,36.599998474121094,37.14500045776367,36.55500030517578,37.11000061035156
2025-12-05 13:00:00+01:00,37.060001373291016,37.814998626708984,37.04499816894531,37.619998931884766
2025-12-05 17:00:00+01:00,37.619998931884766,37.71500015258789,37.369998931884766,37.505001068115234
2025-12-08 09:00:00+01:00,37.70000076293945,37.779998779296875,37.42499923706055,37.665000915527344
2025-12-08 13:00:00+01:00,37.685001373291016,38.060001373291016,37.63999938964844,37.64500045776367
2025-12-08 17:00:00+01:00,37.6349983215332,37.65999984741211,37.53499984741211,37.61000061035156
2025-12-09 09:00:00+01:00,37.61000061035156,37.654998779296875,37.095001220703125,37.165000915527344
2025-12-09 13:00:00+01:00,37.119998931884766,37.67499923706055,37.040000915527344,37.56999969482422
2025-12-09 17:00:00+01:00,37.599998474121094,37.60499954223633,37.42499923706055,37.505001068115234
2025-12-10 09:00:00+01:00,37.55500030517578,37.55500030517578,37.185001373291016,37.279998779296875
2025-12-10 13:00:00+01:00,37.28499984741211,37.334999084472656,36.564998626708984,36.64500045776367
2025-12-10 17:00:00+01:00,36.6349983215332,36.709999084472656,36.505001068115234,36.709999084472656
2025-12-11 09:00:00+01:00,36.71500015258789,36.814998626708984,36.38999938964844,36.5099983215332
2025-12-11 13:00:00+01:00,36.52000045776367,36.744998931884766,36.45500183105469,36.560001373291016
2025-12-11 17:00:00+01:00,36.55500030517578,36.69499969482422,36.505001068115234,36.56999969482422
2025-12-12 09:00:00+01:00,36.810001373291016,37.18000030517578,36.654998779296875,36.709999084472656
2025-12-12 13:00:00+01:00,36.630001068115234,37.06999969482422,36.349998474121094,36.38999938964844
2025-12-12 17:00:00+01:00,36.36000061035156,36.435001373291016,36.20000076293945,36.290000915527344
2025-12-15 09:00:00+01:00,36.005001068115234,36.31999969482422,35.915000915527344,36.064998626708984
2025-12-15 13:00:00+01:00,36.04499816894531,36.18000030517578,35.560001373291016,35.720001220703125
2025-12-15 17:00:00+01:00,35.72999954223633,35.93000030517578,35.65999984741211,35.85499954223633
2025-12-16 09:00:00+01:00,35.36000061035156,35.79999923706055,35.099998474121094,35.7599983215332
2025-12-16 13:00:00+01:00,35.75,36.185001373291016,35.70500183105469,36.060001373291016
2025-12-16 17:00:00+01:00,36.064998626708984,36.119998931884766,35.915000915527344,36.0
2025-12-17 09:00:00+01:00,36.11000061035156,36.224998474121094,35.619998931884766,35.875
2025-12-17 13:00:00+01:00,35.89500045776367,35.94499969482422,35.48500061035156,35.48500061035156
2025-12-17 17:00:00+01:00,35.47999954223633,35.47999954223633,35.0099983215332,35.095001220703125
2025-12-18 09:00:00+01:00,34.86000061035156,35.25,34.79999923706055,34.900001525878906
2025-12-18 13:00:00+01:00,34.89500045776367,35.654998779296875,34.880001068115234,35.560001373291016
2025-12-18 17:00:00+01:00,35.55500030517578,35.60499954223633,35.17499923706055,35.4900016784668
2025-12-19 09:00:00+01:00,35.27000045776367,35.7599983215332,35.21500015258789,35.665000915527344
2025-12-19 13:00:00+01:00,35.66999816894531,36.10499954223633,35.435001373291016,35.755001068115234
2025-12-19 17:00:00+01:00,35.744998931884766,35.8849983215332,35.70000076293945,35.810001373291016
2025-12-22 09:00:00+01:00,36.060001373291016,36.79499816894531,36.060001373291016,36.540000915527344
2025-12-22 13:00:00+01:00,36.564998626708984,36.869998931884766,36.47999954223633,36.6349983215332
2025-12-22 17:00:00+01:00,36.630001068115234,36.755001068115234,36.61000061035156,36.66999816894531
2025-12-23 09:00:00+01:00,36.6349983215332,36.900001525878906,36.625,36.724998474121094
2025-12-23 13:00:00+01:00,36.744998931884766,36.92499923706055,36.54499816894531,36.85499954223633
2025-12-23 17:00:00+01:00,36.8650016784668,36.900001525878906,36.51499938964844,36.720001220703125
2025-12-29 09:00:00+01:00,36.790000915527344,36.95000076293945,36.255001068115234,36.6349983215332
2025-12-29 13:00:00+01:00,36.619998931884766,36.82500076293945,36.52000045776367,36.79499816894531
2025-12-29 17:00:00+01:00,36.80500030517578,36.8650016784668,36.7400016784668,36.7400016784668
2025-12-30 08:00:00+01:00,36.7599983215332,37.27000045776367,36.7599983215332,37.255001068115234
2025-12-30 12:00:00+01:00,37.255001068115234,37.7400016784668,37.189998626708984,37.59000015258789
2026-01-02 09:00:00+01:00,37.71500015258789,38.23500061035156,37.185001373291016,38.095001220703125
2026-01-02 13:00:00+01:00,38.084999084472656,38.81999969482422,37.89500045776367,38.2400016784668
2026-01-02 17:00:00+01:00,38.255001068115234,38.35499954223633,38.0,38.26499938964844
2026-01-05 09:00:00+01:00,38.73500061035156,39.59000015258789,38.73500061035156,39.08000183105469
2026-01-05 13:00:00+01:00,39.119998931884766,40.150001525878906,39.040000915527344,40.05500030517578
2026-01-05 17:00:00+01:00,40.05500030517578,40.13999938964844,39.8849983215332,39.90999984741211
2026-01-06 09:00:00+01:00,40.57500076293945,41.959999084472656,40.540000915527344,41.474998474121094
2026-01-06 13:00:00+01:00,41.470001220703125,42.03499984741211,41.31999969482422,41.66999816894531
2026-01-06 17:00:00+01:00,41.665000915527344,41.915000915527344,41.63999938964844,41.82500076293945
2026-01-07 09:00:00+01:00,41.54499816894531,41.935001373291016,41.3849983215332,41.75
2026-01-07 13:00:00+01:00,41.744998931884766,42.220001220703125,41.654998779296875,42.005001068115234
2026-01-07 17:00:00+01:00,42.0099983215332,42.23500061035156,42.0,42.1349983215332
2026-01-08 09:00:00+01:00,42.064998626708984,42.36000061035156,41.435001373291016,41.599998474121094
2026-01-08 13:00:00+01:00,41.599998474121094,41.97999954223633,40.459999084472656,40.6349983215332
2026-01-08 17:00:00+01:00,40.6349983215332,40.81999969482422,40.48500061035156,40.560001373291016
2026-01-09 09:00:00+01:00,40.79999923706055,41.54499816894531,40.7400016784668,41.349998474121094
2026-01-09 13:00:00+01:00,41.3849983215332,41.755001068115234,41.19499969482422,41.755001068115234
2026-01-09 17:00:00+01:00,41.75,41.77000045776367,41.404998779296875,41.54999923706055
2026-01-12 09:00:00+01:00,41.54999923706055,42.029998779296875,41.349998474121094,41.98500061035156
2026-01-12 13:00:00+01:00,42.0099983215332,42.185001373291016,41.654998779296875,41.775001525878906
2026-01-12 17:00:00+01:00,41.77000045776367,41.875,41.5099983215332,41.665000915527344
2026-01-13 09:00:00+01:00,42.08000183105469,42.31999969482422,41.810001373291016,42.26499938964844
2026-01-13 13:00:00+01:00,42.30500030517578,42.4900016784668,41.89500045776367,42.40999984741211
2026-01-13 17:00:00+01:00,42.40999984741211,42.54999923706055,42.334999084472656,42.53499984741211
2026-01-14 09:00:00+01:00,42.720001220703125,42.88999938964844,41.619998931884766,41.880001068115234
2026-01-14 13:00:00+01:00,41.86000061035156,41.875,41.31999969482422,41.42499923706055
2026-01-14 17:00:00+01:00,41.43000030517578,41.5099983215332,41.18000030517578,41.400001525878906
2026-01-15 09:00:00+01:00,41.875,42.13999938964844,41.224998474121094,41.44499969482422
2026-01-15 13:00:00+01:00,41.42499923706055,41.97999954223633,41.279998779296875,41.4900016784668
2026-01-15 17:00:00+01:00,41.494998931884766,41.79999923706055,41.470001220703125,41.60499954223633
2026-01-16 09:00:00+01:00,41.89500045776367,41.959999084472656,41.44499969482422,41.880001068115234
2026-01-16 13:00:00+01:00,41.875,42.595001220703125,41.73500061035156,41.85499954223633
2026-01-16 17:00:00+01:00,41.849998474121094,42.0,41.779998779296875,41.93000030517578
2026-01-19 09:00:00+01:00,40.91999816894531,41.220001220703125,40.375,40.54499816894531
2026-01-19 13:00:00+01:00,40.59000015258789,40.94499969482422,40.560001373291016,40.869998931884766
2026-01-19 17:00:00+01:00,40.8849983215332,40.915000915527344,40.6349983215332,40.6349983215332
2026-01-20 09:00:00+01:00,40.119998931884766,40.279998779296875,39.709999084472656,39.904998779296875
2026-01-20 13:00:00+01:00,39.875,40.525001525878906,39.625,40.435001373291016
2026-01-20 17:00:00+01:00,40.439998626708984,40.63999938964844,40.189998626708984,40.474998474121094
2026-01-21 09:00:00+01:00,40.474998474121094,40.5099983215332,39.849998474121094,39.904998779296875
2026-01-21 13:00:00+01:00,39.90999984741211,41.19499969482422,39.845001220703125,41.1349983215332
2026-01-21 17:00:00+01:00,41.1349983215332,41.2599983215332,41.060001373291016,41.08000183105469
2026-01-22 09:00:00+01:00,42.16999816894531,43.084999084472656,41.60499954223633,42.71500015258789
2026-01-22 13:00:00+01:00,42.69499969482422,43.084999084472656,42.439998626708984,42.60499954223633
2026-01-22 17:00:00+01:00,42.60499954223633,42.70500183105469,42.584999084472656,42.584999084472656
2026-01-23 09:00:00+01:00,42.099998474121094,42.525001525878906,41.84000015258789,42.345001220703125
2026-01-23 13:00:00+01:00,42.35499954223633,43.0,42.279998779296875,42.724998474121094
2026-01-23 17:00:00+01:00,42.724998474121094,42.76499938964844,42.29499816894531,42.29499816894531
2026-01-26 09:00:00+01:00,42.224998474121094,42.654998779296875,42.04750061035156,42.10499954223633
2026-01-26 13:00:00+01:00,42.1150016784668,42.209999084472656,41.720001220703125,42.099998474121094
2026-01-26 17:00:00+01:00,42.11000061035156,42.14500045776367,41.85499954223633,41.85499954223633
2026-01-27 09:00:00+01:00,42.25,42.435001373291016,41.744998931884766,42.0
2026-01-27 13:00:00+01:00,42.0,42.76499938964844,41.897499084472656,42.23500061035156
2026-01-27 17:00:00+01:00,42.28499984741211,42.415000915527344,42.2400016784668,42.31999969482422
2026-01-28 09:00:00+01:00,45.20000076293945,45.599998474121094,44.39500045776367,44.72999954223633
2026-01-28 13:00:00+01:00,44.7599983215332,44.869998931884766,42.96500015258789,43.27000045776367
2026-01-28 17:00:00+01:00,43.275001525878906,43.63999938964844,43.275001525878906,43.41999816894531
2026-01-29 09:00:00+01:00,44.3650016784668,44.45500183105469,42.98500061035156,42.9900016784668
2026-01-29 13:00:00+01:00,43.02000045776367,43.09000015258789,41.189998626708984,41.22999954223633
2026-01-29 17:00:00+01:00,41.224998474121094,42.025001525878906,41.10499954223633,41.79999923706055
2026-01-30 09:00:00+01:00,41.9900016784668,42.3849983215332,41.4900016784668,41.8849983215332
2026-01-30 13:00:00+01:00,41.880001068115234,42.029998779296875,41.65999984741211,41.98500061035156
2026-02-02 17:00:00+01:00,41.880001068115234,41.880001068115234,41.880001068115234,41.880001068115234
2026-02-03 09:00:00+01:00,41.880001068115234,41.89500045776367,40.54499816894531,41.26499938964844
2026-02-03 13:00:00+01:00,41.25,41.3650016784668,40.220001220703125,41.150001525878906
2026-02-03 17:00:00+01:00,41.150001525878906,41.18000030517578,40.939998626708984,41.07500076293945
2026-02-04 09:00:00+01:00,42.33000183105469,42.79999923706055,39.25,40.61000061035156
2026-02-04 13:00:00+01:00,40.595001220703125,40.95000076293945,39.314998626708984,40.32500076293945
2026-02-04 17:00:00+01:00,40.32500076293945,40.40999984741211,39.97999954223633,40.30500030517578
2026-02-05 09:00:00+01:00,40.744998931884766,41.01499938964844,40.275001525878906,40.69499969482422
2026-02-05 13:00:00+01:00,40.67499923706055,41.75,40.58000183105469,40.939998626708984
2026-02-05 17:00:00+01:00,40.959999084472656,41.404998779296875,40.540000915527344,41.404998779296875
2026-02-06 09:00:00+01:00,42.0,42.58000183105469,41.16999816894531,41.57500076293945
2026-02-06 13:00:00+01:00,41.564998626708984,42.69499969482422,41.119998931884766,42.334999084472656
2026-02-06 17:00:00+01:00,42.314998626708984,42.36000061035156,42.03499984741211,42.03499984741211
2026-02-09 09:00:00+01:00,42.68000030517578,43.09000015258789,41.10499954223633,41.154998779296875
2026-02-09 13:00:00+01:00,41.150001525878906,42.10499954223633,41.09000015258789,41.82500076293945
2026-02-09 17:00:00+01:00,41.83000183105469,41.994998931884766,41.70500183105469,41.9900016784668
2026-02-10 09:00:00+01:00,41.380001068115234,42.04499816894531,41.16999816894531,41.90999984741211
2026-02-10 13:00:00+01:00,41.900001525878906,42.84000015258789,41.744998931884766,42.69499969482422
2026-02-10 17:00:00+01:00,42.68000030517578,42.94499969482422,42.540000915527344,42.8650016784668
2026-02-11 09:00:00+01:00,42.64500045776367,42.647499084472656,42.029998779296875,42.51499938964844
2026-02-11 13:00:00+01:00,42.595001220703125,43.54999923706055,42.53499984741211,43.54999923706055
2026-02-11 17:00:00+01:00,43.564998626708984,43.8849983215332,43.5,43.5099983215332
2026-02-12 09:00:00+01:00,44.0,44.20000076293945,43.28499984741211,43.51499938964844
2026-02-12 13:00:00+01:00,43.51499938964844,43.665000915527344,42.84000015258789,42.95500183105469
2026-02-12 17:00:00+01:00,42.935001373291016,42.96500015258789,42.42499923706055,42.75
2026-02-13 09:00:00+01:00,43.54999923706055,43.560001373291016,42.560001373291016,42.92499923706055
2026-02-13 13:00:00+01:00,42.91999816894531,43.630001068115234,42.71500015258789,43.48500061035156
2026-02-13 17:00:00+01:00,43.48500061035156,43.75,43.42499923706055,43.5099983215332
2026-02-16 09:00:00+01:00,43.5099983215332,43.724998474121094,43.06999969482422,43.209999084472656
2026-02-16 13:00:00+01:00,43.220001220703125,43.33000183105469,42.8849983215332,43.005001068115234
2026-02-16 17:00:00+01:00,43.005001068115234,43.2400016784668,42.974998474121094,43.21500015258789
2026-02-17 09:00:00+01:00,42.849998474121094,43.439998626708984,42.560001373291016,43.35499954223633
2026-02-17 13:00:00+01:00,43.35499954223633,44.01499938964844,42.90999984741211,43.75
2026-02-17 17:00:00+01:00,43.76499938964844,44.775001525878906,43.76499938964844,44.58000183105469
2026-02-18 09:00:00+01:00,44.834999084472656,45.474998474121094,44.665000915527344,45.224998474121094
2026-02-18 13:00:00+01:00,45.34000015258789,46.400001525878906,45.310001373291016,46.314998626708984
2026-02-18 17:00:00+01:00,46.30500030517578,46.34000015258789,46.040000915527344,46.09000015258789
2026-02-19 09:00:00+01:00,46.0,46.540000915527344,45.7599983215332,46.15999984741211
2026-02-19 13:00:00+01:00,46.150001525878906,46.30500030517578,45.26499938964844,45.47999954223633
2026-02-19 17:00:00+01:00,45.4900016784668,45.834999084472656,45.349998474121094,45.834999084472656
2026-02-20 09:00:00+01:00,45.45500183105469,45.599998474121094,44.66999816894531,44.915000915527344
2026-02-20 13:00:00+01:00,44.904998779296875,45.474998474121094,44.63999938964844,45.220001220703125
2026-02-20 17:00:00+01:00,45.23500061035156,45.310001373291016,45.130001068115234,45.20000076293945
2026-02-23 09:00:00+01:00,45.099998474121094,45.470001220703125,44.560001373291016,45.26499938964844
2026-02-23 13:00:00+01:00,45.29999923706055,46.22999954223633,45.10499954223633,45.67499923706055
2026-02-23 17:00:00+01:00,45.68000030517578,45.92499923706055,45.529998779296875,45.88999938964844
2026-02-24 09:00:00+01:00,45.94499969482422,46.5099983215332,45.915000915527344,46.41999816894531
2026-02-24 13:00:00+01:00,46.41999816894531,46.900001525878906,46.224998474121094,46.529998779296875
2026-02-24 17:00:00+01:00,46.53499984741211,46.71500015258789,46.44499969482422,46.68000030517578
2026-02-25 09:00:00+01:00,46.54999923706055,46.89500045776367,46.099998474121094,46.4900016784668
2026-02-25 13:00:00+01:00,46.5099983215332,46.814998626708984,46.38999938964844,46.755001068115234
2026-02-25 17:00:00+01:00,46.76499938964844,47.07500076293945,46.70500183105469,47.07500076293945
2026-02-26 09:00:00+01:00,47.07500076293945,48.22999954223633,46.849998474121094,48.064998626708984
2026-02-26 13:00:00+01:00,48.11000061035156,48.130001068115234,45.904998779296875,46.82500076293945
2026-02-26 17:00:00+01:00,46.834999084472656,46.90999984741211,46.654998779296875,46.77000045776367
2026-02-27 09:00:00+01:00,46.7599983215332,46.7599983215332,45.71500015258789,45.82500076293945
2026-02-27 13:00:00+01:00,45.755001068115234,45.9900016784668,44.974998474121094,45.98500061035156
2026-02-27 17:00:00+01:00,45.97999954223633,46.20500183105469,45.82500076293945,45.82500076293945
2026-03-02 09:00:00+01:00,44.0,44.9900016784668,43.34000015258789,44.845001220703125
2026-03-02 13:00:00+01:00,44.84000015258789,44.97999954223633,44.21500015258789,44.404998779296875
2026-03-02 17:00:00+01:00,44.40999984741211,44.755001068115234,44.375,44.415000915527344
2026-03-03 09:00:00+01:00,43.224998474121094,43.52000045776367,41.70000076293945,42.040000915527344
2026-03-03 13:00:00+01:00,41.94499969482422,42.34000015258789,41.435001373291016,41.720001220703125
2026-03-03 17:00:00+01:00,41.70500183105469,41.974998474121094,41.46500015258789,41.68000030517578
2026-03-04 09:00:00+01:00,42.189998626708984,43.787498474121094,41.81999969482422,43.599998474121094
2026-03-04 13:00:00+01:00,43.599998474121094,43.900001525878906,43.1150016784668,43.845001220703125
2026-03-04 17:00:00+01:00,43.849998474121094,44.005001068115234,43.70500183105469,43.94499969482422
2026-03-05 09:00:00+01:00,44.0,44.79499816894531,43.8650016784668,44.310001373291016
2026-03-05 13:00:00+01:00,44.275001525878906,44.275001525878906,42.904998779296875,43.04499816894531
2026-03-05 17:00:00+01:00,43.03499984741211,43.03499984741211,42.099998474121094,42.29999923706055
2026-03-06 09:00:00+01:00,41.66999816894531,41.775001525878906,39.57500076293945,39.625
2026-03-06 13:00:00+01:00,39.63999938964844,40.22999954223633,39.224998474121094,39.59749984741211
2026-03-06 17:00:00+01:00,39.595001220703125,39.70500183105469,39.26499938964844,39.41999816894531
2026-03-09 09:00:00+01:00,37.52000045776367,38.51499938964844,37.29999923706055,38.084999084472656
2026-03-09 13:00:00+01:00,38.099998474121094,39.07500076293945,37.86000061035156,39.03499984741211
2026-03-09 17:00:00+01:00,39.029998779296875,39.17499923706055,38.775001525878906,38.95000076293945
2026-03-10 09:00:00+01:00,41.0,41.689998626708984,40.55500030517578,41.2599983215332
2026-03-10 13:00:00+01:00,41.22999954223633,41.68000030517578,40.8650016784668,41.27000045776367
2026-03-10 17:00:00+01:00,41.26499938964844,41.33000183105469,40.935001373291016,41.314998626708984
2026-03-11 09:00:00+01:00,40.91999816894531,41.439998626708984,40.60499954223633,41.04999923706055
2026-03-11 13:00:00+01:00,41.06999969482422,41.82500076293945,40.869998931884766,41.28499984741211
2026-03-11 17:00:00+01:00,41.28499984741211,41.54999923706055,41.220001220703125,41.54999923706055
2026-03-12 09:00:00+01:00,40.97999954223633,41.39500045776367,40.65999984741211,40.994998931884766
2026-03-12 13:00:00+01:00,40.98500061035156,41.165000915527344,39.46500015258789,40.17499923706055
2026-03-12 17:00:00+01:00,40.165000915527344,40.38999938964844,40.099998474121094,40.27000045776367
2026-03-13 09:00:00+01:00,39.755001068115234,40.369998931884766,39.599998474121094,40.084999084472656
2026-03-13 13:00:00+01:00,40.084999084472656,40.5,39.76499938964844,39.80500030517578
2026-03-13 17:00:00+01:00,39.79499816894531,39.85499954223633,39.709999084472656,39.834999084472656
2026-03-16 09:00:00+01:00,40.099998474121094,40.15999984741211,39.084999084472656,39.61000061035156
2026-03-16 13:00:00+01:00,39.59000015258789,39.86000061035156,39.415000915527344,39.564998626708984
2026-03-16 17:00:00+01:00,39.560001373291016,39.81999969482422,39.375,39.435001373291016
2026-03-17 09:00:00+01:00,39.31999969482422,39.52000045776367,38.685001373291016,39.119998931884766
2026-03-17 13:00:00+01:00,39.11000061035156,39.94499969482422,39.11000061035156,39.53499984741211
2026-03-17 17:00:00+01:00,39.51499938964844,39.64500045776367,39.41999816894531,39.6349983215332
2026-03-18 09:00:00+01:00,40.29999923706055,40.404998779296875,39.65999984741211,39.85499954223633
2026-03-18 13:00:00+01:00,39.75,39.834999084472656,38.935001373291016,39.69499969482422
2026-03-18 17:00:00+01:00,39.69499969482422,39.970001220703125,39.46500015258789,39.970001220703125
2026-03-19 09:00:00+01:00,38.90999984741211,38.974998474121094,37.025001525878906,37.209999084472656
2026-03-19 13:00:00+01:00,37.13999938964844,37.86000061035156,36.70000076293945,37.15999984741211
2026-03-19 17:00:00+01:00,37.154998779296875,37.349998474121094,37.0,37.095001220703125
2026-03-20 09:00:00+01:00,38.75,39.26499938964844,38.06999969482422,38.8650016784668
2026-03-20 13:00:00+01:00,38.86000061035156,38.9900016784668,37.21500015258789,37.619998931884766
2026-03-20 17:00:00+01:00,37.630001068115234,37.744998931884766,37.32500076293945,37.64500045776367
2026-03-23 09:00:00+01:00,36.52000045776367,40.05500030517578,35.779998779296875,38.162498474121094
2026-03-23 13:00:00+01:00,38.16999816894531,39.779998779296875,37.8849983215332,38.459999084472656
2026-03-23 17:00:00+01:00,38.45500183105469,38.70000076293945,38.28499984741211,38.4900016784668
2026-03-24 09:00:00+01:00,38.494998931884766,38.70000076293945,37.32500076293945,37.86000061035156
2026-03-24 13:00:00+01:00,37.81999969482422,38.8224983215332,37.369998931884766,38.47999954223633
2026-03-24 17:00:00+01:00,38.470001220703125,38.540000915527344,38.314998626708984,38.314998626708984
2026-03-25 09:00:00+01:00,38.959999084472656,39.97999954223633,38.75,39.80500030517578
2026-03-25 13:00:00+01:00,39.845001220703125,40.275001525878906,39.279998779296875,39.584999084472656
2026-03-25 17:00:00+01:00,39.60499954223633,39.790000915527344,39.55500030517578,39.65999984741211
2026-03-26 09:00:00+01:00,39.11000061035156,39.22999954223633,38.08000183105469,38.435001373291016
2026-03-26 13:00:00+01:00,38.45500183105469,38.8849983215332,38.314998626708984,38.599998474121094
2026-03-26 17:00:00+01:00,38.59000015258789,39.3849983215332,38.54499816894531,38.8849983215332
2026-03-27 09:00:00+01:00,38.51499938964844,38.56999969482422,36.79999923706055,37.084999084472656
2026-03-27 13:00:00+01:00,37.04499816894531,37.505001068115234,36.81999969482422,37.27000045776367
2026-03-27 17:00:00+01:00,37.26499938964844,37.43000030517578,37.1349983215332,37.43000030517578
2026-03-30 09:00:00+02:00,37.099998474121094,37.75,37.0,37.525001525878906
2026-03-30 13:00:00+02:00,37.53499984741211,38.25,37.060001373291016,37.34000015258789
2026-03-30 17:00:00+02:00,37.3650016784668,37.529998779296875,37.125,37.31999969482422
2026-03-31 09:00:00+02:00,36.85499954223633,37.915000915527344,36.59000015258789,37.595001220703125
2026-03-31 13:00:00+02:00,37.564998626708984,38.459999084472656,37.494998931884766,38.0099983215332
2026-03-31 17:00:00+02:00,38.01499938964844,38.349998474121094,37.88999938964844,38.0
2026-04-01 09:00:00+02:00,39.79999923706055,39.93000030517578,38.91999816894531,39.290000915527344
2026-04-01 13:00:00+02:00,39.29999923706055,40.19499969482422,39.2599983215332,39.98500061035156
2026-04-01 17:00:00+02:00,40.0,40.18000030517578,39.95500183105469,40.150001525878906
2026-04-02 09:00:00+02:00,38.560001373291016,38.630001068115234,37.96500015258789,38.0
2026-04-02 13:00:00+02:00,38.0,39.400001525878906,37.48500061035156,38.834999084472656
2026-04-02 17:00:00+02:00,38.84749984741211,39.064998626708984,38.73500061035156,38.959999084472656
2026-04-07 09:00:00+02:00,39.28499984741211,39.97999954223633,38.79999923706055,38.93000030517578
2026-04-07 13:00:00+02:00,38.939998626708984,39.31999969482422,38.15999984741211,38.31999969482422
2026-04-07 17:00:00+02:00,38.29999923706055,38.52000045776367,38.08000183105469,38.26499938964844
2026-04-08 09:00:00+02:00,42.09000015258789,42.70000076293945,41.540000915527344,42.689998626708984
2026-04-08 13:00:00+02:00,42.665000915527344,42.92499923706055,42.18000030517578,42.29499816894531
2026-04-08 17:00:00+02:00,42.290000915527344,42.790000915527344,42.28499984741211,42.790000915527344
2026-04-09 09:00:00+02:00,42.4900016784668,42.775001525878906,41.93000030517578,42.060001373291016
2026-04-09 13:00:00+02:00,42.084999084472656,42.75,42.04499816894531,42.30500030517578
2026-04-09 17:00:00+02:00,42.290000915527344,42.38999938964844,42.189998626708984,42.38999938964844
2026-04-10 09:00:00+02:00,42.89500045776367,43.54499816894531,42.59000015258789,43.33000183105469
2026-04-10 13:00:00+02:00,43.310001373291016,43.665000915527344,42.94499969482422,43.01499938964844
2026-04-10 17:00:00+02:00,43.01499938964844,43.119998931884766,42.82500076293945,42.82500076293945
2026-04-13 09:00:00+02:00,41.869998931884766,42.59000015258789,41.81999969482422,42.529998779296875
2026-04-13 13:00:00+02:00,42.55500030517578,42.849998474121094,42.39500045776367,42.77000045776367
2026-04-13 17:00:00+02:00,42.76499938964844,43.025001525878906,42.65999984741211,42.93000030517578
2026-04-14 09:00:00+02:00,43.69499969482422,43.845001220703125,43.220001220703125,43.505001068115234
2026-04-14 13:00:00+02:00,43.5,44.404998779296875,43.470001220703125,44.36000061035156
2026-04-14 17:00:00+02:00,44.35499954223633,44.45500183105469,44.2599983215332,44.45500183105469
2026-04-15 09:00:00+02:00,44.439998626708984,45.380001068115234,44.224998474121094,44.435001373291016
2026-04-15 13:00:00+02:00,44.45500183105469,44.665000915527344,43.880001068115234,44.38999938964844
2026-04-15 17:00:00+02:00,44.39500045776367,44.71500015258789,44.29999923706055,44.71500015258789
2026-04-16 09:00:00+02:00,45.369998931884766,45.474998474121094,44.80500030517578,45.1349983215332
2026-04-16 13:00:00+02:00,45.150001525878906,45.69499969482422,44.779998779296875,45.560001373291016
2026-04-16 17:00:00+02:00,45.54999923706055,46.005001068115234,45.505001068115234,46.005001068115234
2026-04-17 09:00:00+02:00,45.97999954223633,46.57500076293945,45.92499923706055,46.4900016784668
2026-04-17 13:00:00+02:00,46.5,48.900001525878906,46.474998474121094,48.83000183105469
2026-04-17 17:00:00+02:00,48.81999969482422,48.994998931884766,48.724998474121094,48.900001525878906
2026-04-20 09:00:00+02:00,48.900001525878906,48.900001525878906,47.95500183105469,48.099998474121094
2026-04-20 13:00:00+02:00,48.01499938964844,48.900001525878906,47.560001373291016,47.71500015258789
2026-04-20 17:00:00+02:00,47.7400016784668,48.03499984741211,47.54999923706055,47.994998931884766
2026-04-21 09:00:00+02:00,48.46500015258789,48.720001220703125,48.13999938964844,48.6349983215332
2026-04-21 13:00:00+02:00,48.61000061035156,48.70000076293945,47.619998931884766,47.650001525878906
2026-04-21 17:00:00+02:00,47.65999984741211,48.084999084472656,47.51499938964844,47.73500061035156
2026-04-22 09:00:00+02:00,48.599998474121094,49.529998779296875,48.474998474121094,49.47999954223633
2026-04-22 13:00:00+02:00,49.494998931884766,49.55500030517578,48.95000076293945,49.07500076293945
2026-04-22 17:00:00+02:00,49.084999084472656,49.38999938964844,48.89500045776367,49.38999938964844
2026-04-23 09:00:00+02:00,51.119998931884766,52.79999923706055,51.0,52.130001068115234
2026-04-23 13:00:00+02:00,52.18000030517578,54.0099983215332,51.900001525878906,53.689998626708984
2026-04-23 17:00:00+02:00,53.70000076293945,53.91999816894531,53.349998474121094,53.349998474121094
2026-04-24 09:00:00+02:00,52.70000076293945,53.75,52.70000076293945,53.2400016784668
2026-04-24 13:00:00+02:00,53.2400016784668,54.869998931884766,53.2400016784668,54.5
2026-04-24 17:00:00+02:00,54.5099983215332,54.61000061035156,54.060001373291016,54.150001525878906
2026-04-27 09:00:00+02:00,55.0,55.400001525878906,54.33000183105469,54.97999954223633
2026-04-27 13:00:00+02:00,55.0,55.41999816894531,53.279998779296875,53.650001525878906
2026-04-27 17:00:00+02:00,53.65999984741211,53.709999084472656,53.33000183105469,53.599998474121094
2026-04-28 09:00:00+02:00,52.91999816894531,54.20000076293945,52.47999954223633,52.849998474121094
2026-04-28 13:00:00+02:00,52.79999923706055,53.15999984741211,51.540000915527344,52.880001068115234
2026-04-28 17:00:00+02:00,52.88999938964844,53.08000183105469,52.68000030517578,52.79999923706055
2026-04-29 09:00:00+02:00,53.47999954223633,55.2400016784668,53.400001525878906,55.18000030517578
2026-04-29 13:00:00+02:00,55.16999816894531,56.34000015258789,54.77000045776367,55.959999084472656
2026-04-29 17:00:00+02:00,55.959999084472656,55.970001220703125,55.15999984741211,55.70000076293945
2026-04-30 09:00:00+02:00,55.29999923706055,56.119998931884766,55.06999969482422,55.84000015258789
2026-04-30 13:00:00+02:00,55.83000183105469,56.939998626708984,55.810001373291016,56.849998474121094
2026-04-30 17:00:00+02:00,56.84000015258789,57.29999923706055,56.77000045776367,57.130001068115234
2026-05-04 09:00:00+02:00,57.97999954223633,58.31999969482422,56.900001525878906,57.849998474121094
2026-05-04 13:00:00+02:00,57.86000061035156,58.290000915527344,57.29999923706055,57.439998626708984
2026-05-04 17:00:00+02:00,57.470001220703125,57.869998931884766,56.810001373291016,56.810001373291016
2026-05-05 09:00:00+02:00,56.650001525878906,59.0,56.54999923706055,58.97999954223633
2026-05-05 13:00:00+02:00,59.0,59.72999954223633,58.470001220703125,59.70000076293945
2026-05-05 17:00:00+02:00,59.70000076293945,60.5,59.68000030517578,60.5
2026-05-06 09:00:00+02:00,59.720001220703125,61.95000076293945,58.400001525878906,60.5
2026-05-06 13:00:00+02:00,60.5,60.68000030517578,57.439998626708984,58.709999084472656
2026-05-06 17:00:00+02:00,58.7400016784668,59.63999938964844,58.65999984741211,59.22999954223633
2026-05-07 09:00:00+02:00,60.459999084472656,61.95000076293945,60.34000015258789,61.20000076293945
2026-05-07 13:00:00+02:00,61.209999084472656,61.79999923706055,60.06999969482422,60.709999084472656
2026-05-07 17:00:00+02:00,60.709999084472656,60.76499938964844,59.5,59.5
2026-05-08 09:00:00+02:00,59.869998931884766,60.689998626708984,59.2599983215332,60.630001068115234
2026-05-08 13:00:00+02:00,60.58000183105469,62.08000183105469,59.869998931884766,61.58000183105469
2026-05-08 17:00:00+02:00,61.59000015258789,61.7400016784668,61.279998779296875,61.65999984741211
2026-05-11 09:00:00+02:00,61.97999954223633,62.310001373291016,61.599998474121094,61.7599983215332
2026-05-11 13:00:00+02:00,61.75,61.959999084472656,60.77000045776367,61.720001220703125
2026-05-11 17:00:00+02:00,61.72999954223633,61.790000915527344,61.47999954223633,61.790000915527344
2026-05-12 09:00:00+02:00,60.54999923706055,61.43000030517578,60.16999816894531,61.13999938964844
2026-05-12 13:00:00+02:00,61.150001525878906,61.279998779296875,59.11000061035156,59.13999938964844
2026-05-12 17:00:00+02:00,59.13999938964844,59.279998779296875,58.13999938964844,58.13999938964844
2026-05-13 09:00:00+02:00,60.5,62.36000061035156,60.380001068115234,62.2599983215332
2026-05-13 13:00:00+02:00,62.27000045776367,63.5099983215332,62.029998779296875,63.400001525878906
2026-05-13 17:00:00+02:00,63.380001068115234,64.36000061035156,63.34000015258789,64.36000061035156
2026-05-14 09:00:00+02:00,65.63999938964844,66.94999694824219,65.48999786376953,66.8499984741211
2026-05-14 13:00:00+02:00,66.8499984741211,68.30000305175781,66.26000213623047,68.19000244140625
2026-05-14 17:00:00+02:00,68.19000244140625,68.4800033569336,67.68000030517578,68.06999969482422
2026-05-15 09:00:00+02:00,64.0,65.63999938964844,63.79999923706055,65.62999725341797
2026-05-15 13:00:00+02:00,65.51000213623047,65.55999755859375,63.58000183105469,64.9800033569336
2026-05-15 17:00:00+02:00,64.98999786376953,65.3499984741211,64.93000030517578,65.19000244140625
2026-05-18 09:00:00+02:00,65.0,67.63999938964844,64.5999984741211,66.31999969482422
2026-05-18 13:00:00+02:00,66.30999755859375,68.16999816894531,65.79000091552734,66.20999908447266
2026-05-18 17:00:00+02:00,66.22000122070312,66.36000061035156,65.70999908447266,66.33000183105469
2026-05-19 09:00:00+02:00,65.0,65.73999786376953,64.12999725341797,64.87999725341797
2026-05-19 13:00:00+02:00,64.91000366210938,65.55999755859375,63.2400016784668,64.70999908447266
2026-05-19 17:00:00+02:00,64.72000122070312,65.30999755859375,64.45999908447266,64.63999938964844
2026-05-20 09:00:00+02:00,64.19999694824219,66.77999877929688,64.19999694824219,66.18000030517578
2026-05-20 13:00:00+02:00,66.12999725341797,68.08000183105469,65.66999816894531,67.62000274658203
2026-05-20 17:00:00+02:00,67.5999984741211,68.73999786376953,67.36000061035156,67.94000244140625
2026-05-21 09:00:00+02:00,68.54000091552734,69.94499969482422,68.2699966430664,68.41000366210938
2026-05-21 13:00:00+02:00,68.37999725341797,68.7699966430664,67.69999694824219,68.4800033569336
2026-05-21 17:00:00+02:00,68.48999786376953,68.55999755859375,68.0,68.0
2026-05-22 09:00:00+02:00,69.94999694824219,71.54000091552734,69.70999908447266,71.30000305175781
2026-05-22 13:00:00+02:00,71.38999938964844,73.38999938964844,70.94999694824219,73.3499984741211
2026-05-22 17:00:00+02:00,73.36000061035156,73.83000183105469,73.16000366210938,73.41999816894531
2026-05-25 09:00:00+02:00,75.52999877929688,75.80000305175781,73.2699966430664,74.9800033569336
2026-05-25 13:00:00+02:00,75.01000213623047,76.2699966430664,74.5,76.01000213623047
2026-05-25 17:00:00+02:00,76.0,76.7300033569336,75.94999694824219,76.7300033569336
2026-05-26 09:00:00+02:00,76.80000305175781,77.0,74.7300033569336,76.25
2026-05-26 13:00:00+02:00,76.27999877929688,78.05999755859375,75.83000183105469,77.80000305175781
2026-05-26 17:00:00+02:00,77.80999755859375,77.9000015258789,77.04000091552734,77.55000305175781
2026-05-27 09:00:00+02:00,78.4800033569336,79.87000274658203,78.16000366210938,78.76000213623047
2026-05-27 13:00:00+02:00,78.7699966430664,79.44999694824219,75.30000305175781,76.80999755859375
2026-05-27 17:00:00+02:00,76.79000091552734,77.27999877929688,76.69000244140625,76.7300033569336
2026-05-28 09:00:00+02:00,76.95999908447266,79.37999725341797,76.94999694824219,78.4000015258789
2026-05-28 13:00:00+02:00,78.4000015258789,79.87999725341797,78.07499694824219,79.05000305175781
2026-05-28 17:00:00+02:00,79.04000091552734,80.37000274658203,79.02999877929688,80.11000061035156
2026-05-29 09:00:00+02:00,79.22000122070312,81.70999908447266,78.94999694824219,81.44999694824219
2026-05-29 13:00:00+02:00,81.44999694824219,83.16999816894531,80.58999633789062,81.22000122070312
2026-05-29 17:00:00+02:00,81.20999908447266,81.76000213623047,80.56999969482422,81.11000061035156
2026-06-01 09:00:00+02:00,82.5,83.97000122070312,82.18000030517578,83.08999633789062
2026-06-01 13:00:00+02:00,83.11000061035156,83.19000244140625,78.77999877929688,80.02999877929688
2026-06-01 17:00:00+02:00,80.04000091552734,80.83999633789062,79.86000061035156,80.3499984741211
2026-06-02 09:00:00+02:00,82.5199966430664,86.12000274658203,82.5,85.83000183105469
2026-06-02 13:00:00+02:00,85.83999633789062,87.13999938964844,84.66000366210938,87.08000183105469
2026-06-02 17:00:00+02:00,87.08000183105469,88.45999908447266,87.02999877929688,88.0
2026-06-03 09:00:00+02:00,87.55999755859375,87.75,86.01000213623047,86.5199966430664
2026-06-03 13:00:00+02:00,86.47000122070312,87.30999755859375,85.0199966430664,86.87000274658203
2026-06-03 17:00:00+02:00,86.8499984741211,88.2699966430664,86.83999633789062,88.0
2026-06-04 09:00:00+02:00,86.98999786376953,87.1500015258789,83.44000244140625,83.91000366210938
2026-06-04 13:00:00+02:00,83.93000030517578,83.97000122070312,82.26000213623047,83.55999755859375
2026-06-04 17:00:00+02:00,83.58000183105469,85.05000305175781,83.45999908447266,85.05000305175781
2026-06-05 09:00:00+02:00,80.5,81.91999816894531,78.9000015258789,79.8949966430664
2026-06-05 13:00:00+02:00,79.83999633789062,80.2699966430664,77.19999694824219,78.31999969482422
2026-06-05 17:00:00+02:00,78.33000183105469,78.36000061035156,76.93000030517578,77.30000305175781
2026-06-08 09:00:00+02:00,74.69999694824219,78.97000122070312,74.0199966430664,78.04000091552734
2026-06-08 13:00:00+02:00,78.02999877929688,79.58000183105469,77.83000183105469,78.80999755859375
2026-06-08 17:00:00+02:00,78.81999969482422,79.30999755859375,78.23999786376953,78.23999786376953
2026-06-09 09:00:00+02:00,80.0,81.6500015258789,79.56999969482422,81.18000030517578
2026-06-09 13:00:00+02:00,81.19999694824219,81.77999877929688,77.47000122070312,77.75
2026-06-09 17:00:00+02:00,77.81999969482422,78.0999984741211,75.66000366210938,75.66000366210938
2026-06-10 09:00:00+02:00,76.29000091552734,77.98999786376953,75.91000366210938,76.61000061035156
2026-06-10 13:00:00+02:00,76.62999725341797,77.38999938964844,75.16999816894531,75.44999694824219
2026-06-10 17:00:00+02:00,75.43000030517578,75.63999938964844,74.5999984741211,75.0999984741211
2026-06-11 09:00:00+02:00,75.80000305175781,77.2300033569336,75.7699966430664,76.2699966430664
2026-06-11 13:00:00+02:00,76.2300033569336,77.66000366210938,75.02999877929688,76.4000015258789
2026-06-11 17:00:00+02:00,76.41000366210938,77.66999816894531,76.31999969482422,77.05999755859375
2026-06-12 09:00:00+02:00,79.0,79.01000213623047,76.37999725341797,78.2300033569336
2026-06-12 13:00:00+02:00,78.26000213623047,79.69999694824219,77.41000366210938,79.48999786376953
2026-06-12 17:00:00+02:00,79.48999786376953,80.05999755859375,79.19000244140625,80.05999755859375
2026-06-15 09:00:00+02:00,82.62999725341797,82.72000122070312,78.5199966430664,80.54000091552734
2026-06-15 13:00:00+02:00,80.5,80.69000244140625,79.4800033569336,80.16999816894531
2026-06-15 17:00:00+02:00,80.22000122070312,81.05000305175781,80.20999908447266,80.75
2026-06-16 09:00:00+02:00,80.2699966430664,80.94000244140625,79.1500015258789,79.8499984741211
2026-06-16 13:00:00+02:00,79.80999755859375,81.38999938964844,79.48999786376953,79.58000183105469
2026-06-16 17:00:00+02:00,79.5999984741211,80.05999755859375,79.18000030517578,79.27999877929688
2026-06-17 09:00:00+02:00,78.80999755859375,79.81999969482422,78.37000274658203,79.20999908447266
2026-06-17 13:00:00+02:00,79.26000213623047,79.3499984741211,75.33000183105469,77.30999755859375
2026-06-17 17:00:00+02:00,77.30999755859375,77.4000015258789,76.72000122070312,77.05999755859375
2026-06-18 09:00:00+02:00,78.5,80.8499984741211,78.05999755859375,80.06999969482422
2026-06-18 13:00:00+02:00,80.06999969482422,82.52999877929688,79.12000274658203,82.5
2026-06-18 17:00:00+02:00,82.5199966430664,82.94999694824219,82.01000213623047,82.01000213623047
2026-06-19 09:00:00+02:00,82.0999984741211,84.37000274658203,82.01000213623047,83.0999984741211
2026-06-19 13:00:00+02:00,83.11000061035156,83.68000030517578,82.41000366210938,82.73999786376953
2026-06-19 17:00:00+02:00,82.69000244140625,82.91999816894531,81.97000122070312,81.97000122070312
2026-06-22 09:00:00+02:00,83.69000244140625,86.7699966430664,83.63999938964844,86.12999725341797
2026-06-22 13:00:00+02:00,86.23999786376953,88.83000183105469,86.22000122070312,86.9800033569336
2026-06-22 17:00:00+02:00,86.95999908447266,87.41000366210938,85.94000244140625,85.94000244140625
2026-06-23 09:00:00+02:00,82.0,83.19000244140625,80.80999755859375,81.55999755859375
2026-06-23 13:00:00+02:00,81.56999969482422,82.06999969482422,80.31999969482422,81.20999908447266
2026-06-23 17:00:00+02:00,81.2300033569336,81.61000061035156,80.55999755859375,80.55999755859375
2026-06-24 09:00:00+02:00,81.0199966430664,81.8499984741211,80.18000030517578,80.41999816894531
2026-06-24 13:00:00+02:00,80.48999786376953,80.70999908447266,77.5999984741211,79.70999908447266
2026-06-24 17:00:00+02:00,79.69999694824219,79.80999755859375,78.5,79.55999755859375
2026-06-25 09:00:00+02:00,84.08999633789062,84.61000061035156,83.19999694824219,83.5999984741211
2026-06-25 13:00:00+02:00,83.62000274658203,83.9000015258789,79.37000274658203,81.41000366210938
2026-06-25 17:00:00+02:00,81.41999816894531,82.01000213623047,80.5999984741211,82.01000213623047
2026-06-26 09:00:00+02:00,79.5,80.48999786376953,78.41999816894531,78.62000274658203
2026-06-26 13:00:00+02:00,78.05999755859375,79.54000091552734,77.76000213623047,77.88999938964844
2026-06-26 17:00:00+02:00,77.91000366210938,78.30000305175781,77.37000274658203,78.30000305175781
2026-06-29 09:00:00+02:00,79.56999969482422,80.87999725341797,78.8499984741211,80.12999725341797
2026-06-29 13:00:00+02:00,80.18000030517578,80.2300033569336,76.41000366210938,77.94000244140625
2026-06-29 17:00:00+02:00,77.95999908447266,78.43000030517578,77.80000305175781,78.23999786376953
2026-06-30 09:00:00+02:00,80.76000213623047,80.91000366210938,79.8499984741211,80.72000122070312
2026-06-30 13:00:00+02:00,80.41000366210938,81.91999816894531,80.41000366210938,80.97000122070312
2026-06-30 17:00:00+02:00,80.98999786376953,81.66999816894531,80.9800033569336,81.66999816894531
2026-07-01 09:00:00+02:00,81.68000030517578,82.86000061035156,81.12000274658203,82.80000305175781
2026-07-01 13:00:00+02:00,82.83000183105469,82.83999633789062,77.36000061035156,77.54000091552734
2026-07-01 17:00:00+02:00,77.54000091552734,78.44999694824219,77.19999694824219,77.9000015258789
2026-07-02 09:00:00+02:00,75.5,76.58999633789062,75.19999694824219,76.02999877929688
2026-07-02 13:00:00+02:00,76.01000213623047,79.06999969482422,75.7300033569336,77.37000274658203
2026-07-02 17:00:00+02:00,77.3499984741211,77.37999725341797,76.06999969482422,76.3499984741211
2026-07-03 09:00:00+02:00,77.52999877929688,78.30999755859375,76.91000366210938,77.43000030517578
2026-07-03 13:00:00+02:00,77.4800033569336,77.7699966430664,77.08000183105469,77.63999938964844
2026-07-03 17:00:00+02:00,77.63999938964844,77.79000091552734,77.30000305175781,77.37999725341797
2026-07-06 09:00:00+02:00,76.06999969482422,76.52999877929688,74.5199966430664,76.1500015258789
2026-07-06 13:00:00+02:00,76.12999725341797,77.7699966430664,75.55999755859375,77.5199966430664
2026-07-06 17:00:00+02:00,77.55000305175781,77.7300033569336,76.76000213623047,77.20999908447266
2026-07-07 09:00:00+02:00,74.80000305175781,75.04000091552734,72.13999938964844,72.79000091552734
2026-07-07 13:00:00+02:00,72.77999877929688,72.77999877929688,69.72000122070312,71.25
2026-07-07 17:00:00+02:00,71.23999786376953,71.51000213623047,70.69999694824219,70.83000183105469
2026-07-08 09:00:00+02:00,70.8499984741211,70.91999816894531,68.20999908447266,68.62999725341797
2026-07-08 13:00:00+02:00,68.62000274658203,70.81999969482422,68.54000091552734,70.69999694824219
2026-07-08 17:00:00+02:00,70.66999816894531,70.69000244140625,69.7699966430664,70.30000305175781
2026-07-09 09:00:00+02:00,72.97000122070312,72.97000122070312,70.91999816894531,71.38999938964844
2026-07-09 13:00:00+02:00,71.43000030517578,73.58000183105469,71.36000061035156,73.13999938964844
2026-07-09 17:00:00+02:00,73.12999725341797,73.5999984741211,73.0199966430664,73.3499984741211
2026-07-10 09:00:00+02:00,71.55000305175781,72.7300033569336,71.05000305175781,72.12000274658203
2026-07-10 13:00:00+02:00,72.18000030517578,72.2699966430664,70.62999725341797,71.44999694824219
2026-07-10 17:00:00+02:00,71.44999694824219,72.4800033569336,71.29000091552734,72.4800033569336
2026-07-13 09:00:00+02:00,70.0,71.62999725341797,69.68000030517578,71.01000213623047
2026-07-13 13:00:00+02:00,71.04000091552734,71.3499984741211,69.01000213623047,70.1500015258789
2026-07-13 17:00:00+02:00,70.16000366210938,70.66000366210938,69.93000030517578,70.37000274658203
2026-07-14 09:00:00+02:00,69.72000122070312,70.73999786376953,69.56999969482422,70.55999755859375
2026-07-14 13:00:00+02:00,70.5199966430664,72.54000091552734,69.83999633789062,70.83000183105469
2026-07-14 17:00:00+02:00,70.83000183105469,71.81999969482422,70.83000183105469,71.81999969482422
2026-07-15 09:00:00+02:00,72.62000274658203,72.62000274658203,69.4800033569336,69.66999816894531
2026-07-15 13:00:00+02:00,69.63999938964844,69.97000122070312,67.06999969482422,67.87000274658203
2026-07-15 17:00:00+02:00,67.83000183105469,68.08999633789062,67.30999755859375,67.30999755859375
2026-07-16 09:00:00+02:00,67.4000015258789,67.51000213623047,65.01000213623047,65.16999816894531
2026-07-16 13:00:00+02:00,65.05000305175781,65.05999755859375,63.56999969482422,64.7699966430664
2026-07-16 17:00:00+02:00,64.79000091552734,65.0,64.33999633789062,64.70999908447266
2026-07-17 09:00:00+02:00,61.130001068115234,62.5,60.630001068115234,62.04999923706055
2026-07-17 13:00:00+02:00,61.97999954223633,63.9900016784668,60.79999923706055,63.459999084472656
2026-07-17 17:00:00+02:00,63.4900016784668,63.65999984741211,62.880001068115234,63.65999984741211
2026-07-20 09:00:00+02:00,64.19999694824219,64.19999694824219,62.86000061035156,63.41999816894531
2026-07-20 13:00:00+02:00,63.41999816894531,64.38999938964844,63.310001373291016,63.41999816894531
2026-07-20 17:00:00+02:00,63.41999816894531,64.01000213623047,63.34000015258789,64.0
2026-07-21 09:00:00+02:00,66.0,66.23999786376953,64.94000244140625,65.97000122070312
2026-07-21 13:00:00+02:00,65.98999786376953,67.13999938964844,65.8499984741211,67.0
2026-07-21 17:00:00+02:00,67.0199966430664,67.75,66.94000244140625,67.54000091552734
2026-07-22 09:00:00+02:00,66.38999938964844,68.26000213623047,66.19000244140625,67.83999633789062
2026-07-22 13:00:00+02:00,67.8499984741211,69.52999877929688,67.02999877929688,69.23999786376953
2026-07-22 17:00:00+02:00,69.26000213623047,69.80000305175781,69.23999786376953,69.80000305175781
