Datetime,Open,High,Low,Close
2024-07-23 00:00:00+00:00,14.091142654418945,14.138842582702637,14.025339126586914,14.042859077453613
2024-07-23 04:00:00+00:00,14.042691230773926,14.046937942504883,13.713873863220215,13.85753059387207
2024-07-23 08:00:00+00:00,13.858941078186035,14.107234954833984,13.858941078186035,14.000422477722168
2024-07-23 12:00:00+00:00,13.99948501586914,13.99948501586914,13.679170608520508,13.804923057556152
2024-07-23 16:00:00+00:00,13.806252479553223,13.921163558959961,13.543416976928711,13.919898986816406
2024-07-23 20:00:00+00:00,13.917763710021973,13.996146202087402,13.82226276397705,13.920038223266602
2024-07-24 00:00:00+00:00,13.919595718383789,13.919595718383789,13.797029495239258,13.859224319458008
2024-07-24 04:00:00+00:00,13.859296798706055,13.859759330749512,13.717389106750488,13.848791122436523
2024-07-24 08:00:00+00:00,13.849842071533203,13.871204376220703,13.75665283203125,13.866089820861816
2024-07-24 12:00:00+00:00,13.86567497253418,13.938599586486816,13.752764701843262,13.765145301818848
2024-07-24 16:00:00+00:00,13.764598846435547,13.867180824279785,13.58702564239502,13.58702564239502
2024-07-24 20:00:00+00:00,13.584015846252441,13.622377395629883,13.278307914733887,13.395669937133789
2024-07-25 00:00:00+00:00,13.395726203918457,13.436871528625488,12.892950057983398,12.956557273864746
2024-07-25 04:00:00+00:00,12.956489562988281,13.133723258972168,12.942499160766602,13.03618049621582
2024-07-25 08:00:00+00:00,13.028152465820312,13.055753707885742,12.899460792541504,12.95969009399414
2024-07-25 12:00:00+00:00,12.95762825012207,13.008430480957031,12.746847152709961,12.825963020324707
2024-07-25 16:00:00+00:00,12.828118324279785,12.895735740661621,12.549237251281738,12.623388290405273
2024-07-25 20:00:00+00:00,12.620887756347656,12.95727252960205,12.503656387329102,12.946198463439941
2024-07-26 00:00:00+00:00,12.945396423339844,13.289393424987793,12.928030014038086,13.23735237121582
2024-07-26 04:00:00+00:00,13.23791790008545,13.492833137512207,13.23324966430664,13.405797958374023
2024-07-26 08:00:00+00:00,13.402259826660156,13.45055103302002,13.283172607421875,13.322612762451172
2024-07-26 12:00:00+00:00,13.322883605957031,13.544851303100586,13.294876098632812,13.519569396972656
2024-07-26 16:00:00+00:00,13.520849227905273,13.630780220031738,13.501822471618652,13.594921112060547
2024-07-26 20:00:00+00:00,13.58705997467041,13.58705997467041,13.495026588439941,13.540304183959961
2024-07-27 00:00:00+00:00,13.539936065673828,13.58049488067627,13.469325065612793,13.556511878967285
2024-07-27 04:00:00+00:00,13.556314468383789,13.68282413482666,13.548684120178223,13.652459144592285
2024-07-27 08:00:00+00:00,13.652252197265625,13.691171646118164,13.593182563781738,13.650521278381348
2024-07-27 12:00:00+00:00,13.650867462158203,13.868505477905273,13.564004898071289,13.610832214355469
2024-07-27 16:00:00+00:00,13.612021446228027,13.653213500976562,13.409761428833008,13.511636734008789
2024-07-27 20:00:00+00:00,13.51489543914795,13.71806812286377,13.319713592529297,13.570943832397461
2024-07-28 00:00:00+00:00,13.567268371582031,13.580158233642578,13.452980995178223,13.461078643798828
2024-07-28 04:00:00+00:00,13.458928108215332,13.484672546386719,13.320174217224121,13.443155288696289
2024-07-28 08:00:00+00:00,13.443697929382324,13.624021530151367,13.410015106201172,13.593202590942383
2024-07-28 12:00:00+00:00,13.59264850616455,13.63472843170166,13.420948028564453,13.433900833129883
2024-07-28 16:00:00+00:00,13.43341064453125,13.49290943145752,13.3587646484375,13.3587646484375
2024-07-28 20:00:00+00:00,13.358224868774414,13.358224868774414,13.21285629272461,13.293230056762695
2024-07-29 00:00:00+00:00,13.293875694274902,13.77643871307373,13.293875694274902,13.713397979736328
2024-07-29 04:00:00+00:00,13.71281623840332,13.858495712280273,13.676054000854492,13.858495712280273
2024-07-29 08:00:00+00:00,13.863205909729004,13.885763168334961,13.78383731842041,13.825177192687988
2024-07-29 12:00:00+00:00,13.825135231018066,13.841045379638672,13.490974426269531,13.545446395874023
2024-07-29 16:00:00+00:00,13.545635223388672,13.632807731628418,13.416878700256348,13.591163635253906
2024-07-29 20:00:00+00:00,13.591151237487793,13.666049003601074,13.522941589355469,13.542949676513672
2024-07-30 00:00:00+00:00,13.541635513305664,13.763269424438477,13.466526985168457,13.75149917602539
2024-07-30 04:00:00+00:00,13.75205135345459,13.779155731201172,13.626505851745605,13.710244178771973
2024-07-30 08:00:00+00:00,13.709615707397461,13.710405349731445,13.51041030883789,13.537550926208496
2024-07-30 12:00:00+00:00,13.537271499633789,13.649409294128418,13.45053482055664,13.552971839904785
2024-07-30 16:00:00+00:00,13.55302906036377,13.55302906036377,13.101407051086426,13.139641761779785
2024-07-30 20:00:00+00:00,13.138238906860352,13.208163261413574,13.02108383178711,13.140620231628418
2024-07-31 00:00:00+00:00,13.139546394348145,13.299509048461914,13.089654922485352,13.247294425964355
2024-07-31 04:00:00+00:00,13.247881889343262,13.375375747680664,13.111266136169434,13.314844131469727
2024-07-31 08:00:00+00:00,13.307990074157715,13.307990074157715,13.104875564575195,13.136482238769531
2024-07-31 12:00:00+00:00,13.13635540008545,13.23938274383545,13.072338104248047,13.098909378051758
2024-07-31 16:00:00+00:00,13.097914695739746,13.129867553710938,12.854373931884766,12.88593578338623
2024-07-31 20:00:00+00:00,12.887960433959961,12.96312427520752,12.79013729095459,12.829081535339355
2024-08-01 00:00:00+00:00,12.830141067504883,12.923124313354492,12.793974876403809,12.8350191116333
2024-08-01 04:00:00+00:00,12.833710670471191,12.871193885803223,12.645487785339355,12.815045356750488
2024-08-01 08:00:00+00:00,12.815398216247559,13.02820110321045,12.815398216247559,13.027628898620605
2024-08-01 12:00:00+00:00,13.027257919311523,13.076332092285156,12.509422302246094,12.546833992004395
2024-08-01 16:00:00+00:00,12.543198585510254,12.543198585510254,12.201888084411621,12.415679931640625
2024-08-01 20:00:00+00:00,12.415520668029785,12.941954612731934,12.343425750732422,12.899447441101074
2024-08-02 00:00:00+00:00,12.898499488830566,12.915261268615723,12.598333358764648,12.787527084350586
2024-08-02 04:00:00+00:00,12.785011291503906,12.785011291503906,12.408341407775879,12.51119327545166
2024-08-02 08:00:00+00:00,12.505891799926758,12.570182800292969,12.414908409118652,12.530158042907715
2024-08-02 12:00:00+00:00,12.529751777648926,12.642563819885254,11.860977172851562,12.102496147155762
2024-08-02 16:00:00+00:00,12.098621368408203,12.098621368408203,11.78745174407959,11.909907341003418
2024-08-02 20:00:00+00:00,11.90854263305664,12.03087043762207,11.833127975463867,11.917909622192383
2024-08-03 00:00:00+00:00,11.916419982910156,11.95660400390625,11.627839088439941,11.953695297241211
2024-08-03 04:00:00+00:00,11.953779220581055,12.067607879638672,11.942361831665039,12.03266429901123
2024-08-03 08:00:00+00:00,12.03361988067627,12.084161758422852,11.971598625183105,12.041665077209473
2024-08-03 12:00:00+00:00,12.041297912597656,12.109570503234863,11.809589385986328,11.809589385986328
2024-08-03 16:00:00+00:00,11.809398651123047,11.828807830810547,11.424262046813965,11.438774108886719
2024-08-03 20:00:00+00:00,11.413934707641602,11.757698059082031,11.37529468536377,11.70077896118164
2024-08-04 00:00:00+00:00,11.698081016540527,11.760444641113281,11.606851577758789,11.743400573730469
2024-08-04 04:00:00+00:00,11.742690086364746,11.761857986450195,11.585198402404785,11.585198402404785
2024-08-04 08:00:00+00:00,11.584152221679688,11.643932342529297,11.538515090942383,11.570752143859863
2024-08-04 12:00:00+00:00,11.569168090820312,11.617588996887207,11.019746780395508,11.019746780395508
2024-08-04 16:00:00+00:00,11.019050598144531,11.101692199707031,10.545465469360352,11.0983304977417
2024-08-04 20:00:00+00:00,11.093947410583496,11.18952465057373,10.811781883239746,10.871435165405273
2024-08-05 00:00:00+00:00,10.871020317077637,10.943354606628418,9.359893798828125,9.378862380981445
2024-08-05 04:00:00+00:00,9.370774269104004,9.406407356262207,8.199451446533203,9.09224796295166
2024-08-05 08:00:00+00:00,9.086560249328613,9.086560249328613,8.166672706604004,8.474316596984863
2024-08-05 12:00:00+00:00,8.475800514221191,9.498103141784668,8.171207427978516,9.455510139465332
2024-08-05 16:00:00+00:00,9.456192016601562,9.748547554016113,9.198592185974121,9.276876449584961
2024-08-05 20:00:00+00:00,9.284913063049316,9.681137084960938,9.284913063049316,9.501448631286621
2024-08-06 00:00:00+00:00,9.499902725219727,10.15206527709961,9.495055198669434,9.963298797607422
2024-08-06 04:00:00+00:00,9.961503028869629,10.145792007446289,9.91982650756836,10.126084327697754
2024-08-06 08:00:00+00:00,10.123393058776855,10.123393058776855,9.855693817138672,9.989745140075684
2024-08-06 12:00:00+00:00,9.990365028381348,10.377798080444336,9.81279182434082,10.364948272705078
2024-08-06 16:00:00+00:00,10.380661964416504,10.44857120513916,10.135437965393066,10.135810852050781
2024-08-06 20:00:00+00:00,10.129107475280762,10.263114929199219,10.025920867919922,10.054564476013184
2024-08-07 00:00:00+00:00,10.05810832977295,10.389290809631348,9.99384880065918,10.309503555297852
2024-08-07 04:00:00+00:00,10.318299293518066,10.46832275390625,10.289856910705566,10.363118171691895
2024-08-07 08:00:00+00:00,10.362208366394043,10.424013137817383,10.165133476257324,10.167340278625488
2024-08-07 12:00:00+00:00,10.150374412536621,10.194708824157715,9.673968315124512,9.812363624572754
2024-08-07 16:00:00+00:00,9.811622619628906,9.814570426940918,9.535860061645508,9.589545249938965
2024-08-07 20:00:00+00:00,9.591876983642578,9.665721893310547,9.45669937133789,9.485437393188477
2024-08-08 00:00:00+00:00,9.487632751464844,10.044093132019043,9.391857147216797,9.988600730895996
2024-08-08 04:00:00+00:00,9.986886024475098,10.050411224365234,9.927606582641602,9.930076599121094
2024-08-08 08:00:00+00:00,9.93035888671875,10.070038795471191,9.909746170043945,10.041402816772461
2024-08-08 12:00:00+00:00,10.039910316467285,10.271053314208984,9.958052635192871,10.190237045288086
2024-08-08 16:00:00+00:00,10.192734718322754,10.420888900756836,10.192734718322754,10.327844619750977
2024-08-08 20:00:00+00:00,10.327625274658203,10.797679901123047,10.317509651184082,10.736425399780273
2024-08-09 00:00:00+00:00,10.741419792175293,10.741419792175293,10.570757865905762,10.60767650604248
2024-08-09 04:00:00+00:00,10.608162879943848,10.611638069152832,10.450728416442871,10.547914505004883
2024-08-09 08:00:00+00:00,10.548067092895508,10.606162071228027,10.388527870178223,10.441611289978027
2024-08-09 12:00:00+00:00,10.436968803405762,10.490886688232422,10.180736541748047,10.18143367767334
2024-08-09 16:00:00+00:00,10.181220054626465,10.456411361694336,10.181220054626465,10.441854476928711
2024-08-09 20:00:00+00:00,10.441263198852539,10.548689842224121,10.377763748168945,10.548673629760742
2024-08-10 00:00:00+00:00,10.548377990722656,10.663932800292969,10.503549575805664,10.560712814331055
2024-08-10 04:00:00+00:00,10.55571174621582,10.649190902709961,10.490792274475098,10.638566017150879
2024-08-10 08:00:00+00:00,10.64000415802002,10.699493408203125,10.587275505065918,10.666573524475098
2024-08-10 12:00:00+00:00,10.674790382385254,10.679408073425293,10.559083938598633,10.605607032775879
2024-08-10 16:00:00+00:00,10.603494644165039,10.614690780639648,10.554839134216309,10.586793899536133
2024-08-10 20:00:00+00:00,10.586714744567871,10.60644245147705,10.547392845153809,10.55438232421875
2024-08-11 00:00:00+00:00,10.554548263549805,10.732646942138672,10.5543794631958,10.683627128601074
2024-08-11 04:00:00+00:00,10.682177543640137,10.724873542785645,10.616182327270508,10.724873542785645
2024-08-11 08:00:00+00:00,10.724703788757324,10.82377815246582,10.573225021362305,10.592576026916504
2024-08-11 12:00:00+00:00,10.592334747314453,10.59285831451416,10.363489151000977,10.388081550598145
2024-08-11 16:00:00+00:00,10.387923240661621,10.455098152160645,10.223241806030273,10.23820686340332
2024-08-11 20:00:00+00:00,10.236705780029297,10.236705780029297,9.97935676574707,10.008917808532715
2024-08-12 00:00:00+00:00,10.00882625579834,10.108800888061523,9.990108489990234,10.072617530822754
2024-08-12 04:00:00+00:00,10.07253646850586,10.24704647064209,9.963044166564941,10.239177703857422
2024-08-12 08:00:00+00:00,10.239304542541504,10.666193962097168,10.239304542541504,10.658726692199707
2024-08-12 12:00:00+00:00,10.65833854675293,10.731520652770996,10.215752601623535,10.573838233947754
2024-08-12 16:00:00+00:00,10.573756217956543,10.6231689453125,10.283904075622559,10.374748229980469
2024-08-12 20:00:00+00:00,10.374689102172852,10.598387718200684,10.35345458984375,10.55764389038086
2024-08-13 00:00:00+00:00,10.557579040527344,10.569443702697754,10.318998336791992,10.320723533630371
2024-08-13 04:00:00+00:00,10.318827629089355,10.384987831115723,10.276151657104492,10.292421340942383
2024-08-13 08:00:00+00:00,10.291197776794434,10.303549766540527,10.122261047363281,10.222046852111816
2024-08-13 12:00:00+00:00,10.222451210021973,10.462678909301758,10.222451210021973,10.314806938171387
2024-08-13 16:00:00+00:00,10.314963340759277,10.64186954498291,10.314229965209961,10.596611976623535
2024-08-13 20:00:00+00:00,10.59685230255127,10.677587509155273,10.559469223022461,10.576813697814941
2024-08-14 00:00:00+00:00,10.576703071594238,10.632179260253906,10.53822135925293,10.61402702331543
2024-08-14 04:00:00+00:00,10.612604141235352,10.683893203735352,10.574172019958496,10.623032569885254
2024-08-14 08:00:00+00:00,10.625137329101562,10.689708709716797,10.554189682006836,10.617704391479492
2024-08-14 12:00:00+00:00,10.617130279541016,10.70760726928711,10.252724647521973,10.484152793884277
2024-08-14 16:00:00+00:00,10.483307838439941,10.483307838439941,10.333818435668945,10.383223533630371
2024-08-14 20:00:00+00:00,10.383535385131836,10.424415588378906,10.31716251373291,10.401407241821289
2024-08-15 00:00:00+00:00,10.40054702758789,10.466897964477539,10.370722770690918,10.463022232055664
2024-08-15 04:00:00+00:00,10.463502883911133,10.487282752990723,10.289484977722168,10.34448528289795
2024-08-15 08:00:00+00:00,10.344396591186523,10.461145401000977,10.325854301452637,10.448713302612305
2024-08-15 12:00:00+00:00,10.448736190795898,10.67945384979248,10.439074516296387,10.652782440185547
2024-08-15 16:00:00+00:00,10.652139663696289,10.675558090209961,10.040229797363281,10.086172103881836
2024-08-15 20:00:00+00:00,10.084928512573242,10.200709342956543,10.016698837280273,10.173847198486328
2024-08-16 00:00:00+00:00,10.173253059387207,10.28370189666748,10.102435111999512,10.179299354553223
2024-08-16 04:00:00+00:00,10.17968463897705,10.389138221740723,10.179157257080078,10.334328651428223
2024-08-16 08:00:00+00:00,10.333475112915039,10.338630676269531,10.186354637145996,10.193596839904785
2024-08-16 12:00:00+00:00,10.192188262939453,10.233282089233398,9.953203201293945,10.013914108276367
2024-08-16 16:00:00+00:00,10.014289855957031,10.232227325439453,9.987936973571777,10.2314453125
2024-08-16 20:00:00+00:00,10.22890567779541,10.252148628234863,10.139662742614746,10.143064498901367
2024-08-17 00:00:00+00:00,10.142391204833984,10.142391204833984,10.062277793884277,10.099696159362793
2024-08-17 04:00:00+00:00,10.099447250366211,10.105433464050293,10.056264877319336,10.082477569580078
2024-08-17 08:00:00+00:00,10.082867622375488,10.127923965454102,10.048774719238281,10.069560050964355
2024-08-17 12:00:00+00:00,10.069738388061523,10.167387008666992,10.068641662597656,10.111960411071777
2024-08-17 16:00:00+00:00,10.111172676086426,10.165989875793457,10.086233139038086,10.130467414855957
2024-08-17 20:00:00+00:00,10.13121223449707,10.156042098999023,10.105138778686523,10.150433540344238
2024-08-18 00:00:00+00:00,10.151036262512207,10.200109481811523,10.088709831237793,10.106990814208984
2024-08-18 04:00:00+00:00,10.10502815246582,10.106321334838867,10.074044227600098,10.083075523376465
2024-08-18 08:00:00+00:00,10.082784652709961,10.242660522460938,10.078577995300293,10.221546173095703
2024-08-18 12:00:00+00:00,10.222681045532227,10.419007301330566,10.211636543273926,10.389071464538574
2024-08-18 16:00:00+00:00,10.389317512512207,10.458230018615723,10.307962417602539,10.338497161865234
2024-08-18 20:00:00+00:00,10.339106559753418,10.36805534362793,10.095891952514648,10.095891952514648
2024-08-19 00:00:00+00:00,10.093552589416504,10.185872077941895,10.046760559082031,10.17270565032959
2024-08-19 04:00:00+00:00,10.172457695007324,10.174242973327637,10.094767570495605,10.110942840576172
2024-08-19 08:00:00+00:00,10.107075691223145,10.153816223144531,9.973845481872559,10.027560234069824
2024-08-19 12:00:00+00:00,10.036332130432129,10.1105318069458,9.967878341674805,10.061263084411621
2024-08-19 16:00:00+00:00,10.044849395751953,10.164813041687012,9.967973709106445,10.08268928527832
2024-08-19 20:00:00+00:00,10.084092140197754,10.184026718139648,10.084092140197754,10.184026718139648
2024-08-20 00:00:00+00:00,10.18359088897705,10.412477493286133,10.172338485717773,10.40975570678711
2024-08-20 04:00:00+00:00,10.419852256774902,10.536776542663574,10.403708457946777,10.50546932220459
2024-08-20 08:00:00+00:00,10.510527610778809,10.516813278198242,10.395349502563477,10.399079322814941
2024-08-20 12:00:00+00:00,10.405484199523926,10.45015811920166,10.068769454956055,10.127724647521973
2024-08-20 16:00:00+00:00,10.1207275390625,10.281362533569336,10.109699249267578,10.270299911499023
2024-08-20 20:00:00+00:00,10.26486587524414,10.307580947875977,10.209673881530762,10.245125770568848
2024-08-21 00:00:00+00:00,10.243328094482422,10.396126747131348,10.243328094482422,10.378456115722656
2024-08-21 04:00:00+00:00,10.377823829650879,10.446348190307617,10.349522590637207,10.422191619873047
2024-08-21 08:00:00+00:00,10.423126220703125,10.440668106079102,10.287664413452148,10.320698738098145
2024-08-21 12:00:00+00:00,10.3170804977417,10.440668106079102,10.188982009887695,10.425800323486328
2024-08-21 16:00:00+00:00,10.423601150512695,11.092304229736328,10.404587745666504,11.092304229736328
2024-08-21 20:00:00+00:00,11.117278099060059,11.358543395996094,11.117278099060059,11.208691596984863
2024-08-22 00:00:00+00:00,11.214374542236328,11.37926197052002,11.186573028564453,11.37926197052002
2024-08-22 04:00:00+00:00,11.38180160522461,11.417945861816406,11.291105270385742,11.355626106262207
2024-08-22 08:00:00+00:00,11.353586196899414,11.379352569580078,11.27990436553955,11.323183059692383
2024-08-22 12:00:00+00:00,11.323768615722656,11.54748249053955,11.299542427062988,11.449803352355957
2024-08-22 16:00:00+00:00,11.451927185058594,11.606280326843262,11.328235626220703,11.332428932189941
2024-08-22 20:00:00+00:00,11.331914901733398,11.467952728271484,11.329484939575195,11.467952728271484
2024-08-23 00:00:00+00:00,11.467960357666016,11.585235595703125,11.467960357666016,11.553945541381836
2024-08-23 04:00:00+00:00,11.55406665802002,11.676547050476074,11.538773536682129,11.646463394165039
2024-08-23 08:00:00+00:00,11.645730018615723,11.717485427856445,11.525511741638184,11.525511741638184
2024-08-23 12:00:00+00:00,11.525537490844727,11.785893440246582,11.503698348999023,11.693586349487305
2024-08-23 16:00:00+00:00,11.69295597076416,11.996870994567871,11.65716552734375,11.952682495117188
2024-08-23 20:00:00+00:00,11.953717231750488,12.185816764831543,11.953717231750488,12.062450408935547
2024-08-24 00:00:00+00:00,12.0625638961792,12.082169532775879,11.974136352539062,11.974136352539062
2024-08-24 04:00:00+00:00,11.975090980529785,12.011621475219727,11.923222541809082,11.966913223266602
2024-08-24 08:00:00+00:00,11.966902732849121,12.153919219970703,11.950889587402344,12.079941749572754
2024-08-24 12:00:00+00:00,12.07993221282959,12.23273754119873,12.048362731933594,12.23273754119873
2024-08-24 16:00:00+00:00,12.231965065002441,12.535314559936523,12.199320793151855,12.425773620605469
2024-08-24 20:00:00+00:00,12.426018714904785,12.507424354553223,12.221318244934082,12.347843170166016
2024-08-25 00:00:00+00:00,12.347664833068848,12.350479125976562,12.025078773498535,12.107168197631836
2024-08-25 04:00:00+00:00,12.108282089233398,12.187773704528809,11.978269577026367,12.033734321594238
2024-08-25 08:00:00+00:00,12.034387588500977,12.160543441772461,12.02994155883789,12.10148811340332
2024-08-25 12:00:00+00:00,12.101245880126953,12.286184310913086,12.098163604736328,12.21026611328125
2024-08-25 16:00:00+00:00,12.210590362548828,12.256183624267578,12.108171463012695,12.128376007080078
2024-08-25 20:00:00+00:00,12.128918647766113,12.289050102233887,12.109151840209961,12.109151840209961
2024-08-26 00:00:00+00:00,12.108513832092285,12.173505783081055,11.990507125854492,12.112604141235352
2024-08-26 04:00:00+00:00,12.112761497497559,12.40518856048584,12.112761497497559,12.387897491455078
2024-08-26 08:00:00+00:00,12.387834548950195,12.677480697631836,12.310480117797852,12.363571166992188
2024-08-26 12:00:00+00:00,12.361075401306152,12.361075401306152,12.116207122802734,12.238746643066406
2024-08-26 16:00:00+00:00,12.230545043945312,12.230545043945312,11.98893928527832,11.994246482849121
2024-08-26 20:00:00+00:00,11.990631103515625,12.058215141296387,11.854829788208008,11.854829788208008
2024-08-27 00:00:00+00:00,11.849630355834961,11.944905281066895,11.83349609375,11.875406265258789
2024-08-27 04:00:00+00:00,11.875906944274902,12.042190551757812,11.794832229614258,11.824827194213867
2024-08-27 08:00:00+00:00,11.828868865966797,11.84649658203125,11.624611854553223,11.630106925964355
2024-08-27 12:00:00+00:00,11.629310607910156,11.673185348510742,11.525141716003418,11.531777381896973
2024-08-27 16:00:00+00:00,11.52452278137207,11.682198524475098,11.48339557647705,11.622536659240723
2024-08-27 20:00:00+00:00,11.621430397033691,11.621430397033691,10.972782135009766,11.170882225036621
2024-08-28 00:00:00+00:00,11.165616989135742,11.18445110321045,11.007363319396973,11.182003021240234
2024-08-28 04:00:00+00:00,11.192325592041016,11.204866409301758,11.001428604125977,11.001428604125977
2024-08-28 08:00:00+00:00,10.992012023925781,11.53105640411377,10.984719276428223,11.53105640411377
2024-08-28 12:00:00+00:00,11.528303146362305,11.691102981567383,11.244629859924316,11.307433128356934
2024-08-28 16:00:00+00:00,11.307085990905762,11.445898056030273,11.080102920532227,11.291265487670898
2024-08-28 20:00:00+00:00,11.287232398986816,11.352423667907715,11.129789352416992,11.18185806274414
2024-08-29 00:00:00+00:00,11.181119918823242,11.232786178588867,11.139394760131836,11.213191032409668
2024-08-29 04:00:00+00:00,11.212854385375977,11.295602798461914,11.17063045501709,11.25637435913086
2024-08-29 08:00:00+00:00,11.254839897155762,11.315258979797363,11.168225288391113,11.274436950683594
2024-08-29 12:00:00+00:00,11.2734956741333,11.452421188354492,11.247221946716309,11.356459617614746
2024-08-29 16:00:00+00:00,11.354181289672852,11.373848915100098,10.883130073547363,10.953546524047852
2024-08-29 20:00:00+00:00,10.954671859741211,10.999300956726074,10.85084342956543,10.937237739562988
2024-08-30 00:00:00+00:00,10.93860912322998,11.017539024353027,10.906902313232422,11.017539024353027
2024-08-30 04:00:00+00:00,11.017370223999023,11.124323844909668,10.991256713867188,11.096503257751465
2024-08-30 08:00:00+00:00,11.099763870239258,11.183302879333496,11.038442611694336,11.043707847595215
2024-08-30 12:00:00+00:00,11.043962478637695,11.142144203186035,10.549549102783203,10.549549102783203
2024-08-30 16:00:00+00:00,10.551971435546875,11.083805084228516,10.535974502563477,10.997968673706055
2024-08-30 20:00:00+00:00,10.997164726257324,11.128837585449219,10.975639343261719,11.119154930114746
2024-08-31 00:00:00+00:00,11.118449211120605,11.162247657775879,11.084907531738281,11.116318702697754
2024-08-31 04:00:00+00:00,11.116093635559082,11.16280746459961,11.108824729919434,11.122627258300781
2024-08-31 08:00:00+00:00,11.12210750579834,11.18205451965332,11.05029296875,11.145001411437988
2024-08-31 12:00:00+00:00,11.144957542419434,11.194449424743652,11.047043800354004,11.084497451782227
2024-08-31 16:00:00+00:00,11.08470630645752,11.095685005187988,10.961895942687988,11.023897171020508
2024-08-31 20:00:00+00:00,11.02432632446289,11.088915824890137,11.004596710205078,11.024554252624512
2024-09-01 00:00:00+00:00,11.024816513061523,11.024816513061523,10.847857475280762,10.943735122680664
2024-09-01 04:00:00+00:00,10.94357681274414,10.958211898803711,10.80997371673584,10.869447708129883
2024-09-01 08:00:00+00:00,10.871343612670898,10.888371467590332,10.724821090698242,10.782307624816895
2024-09-01 12:00:00+00:00,10.78294563293457,10.796243667602539,10.578667640686035,10.709425926208496
2024-09-01 16:00:00+00:00,10.710301399230957,10.737448692321777,10.538683891296387,10.688117980957031
2024-09-01 20:00:00+00:00,10.688695907592773,10.757940292358398,10.27283000946045,10.372397422790527
2024-09-02 00:00:00+00:00,10.372289657592773,10.486895561218262,10.34278678894043,10.458189964294434
2024-09-02 04:00:00+00:00,10.458720207214355,10.498661994934082,10.357941627502441,10.385612487792969
2024-09-02 08:00:00+00:00,10.384964942932129,10.77933120727539,10.38127613067627,10.741852760314941
2024-09-02 12:00:00+00:00,10.74190902709961,10.767059326171875,10.616561889648438,10.657571792602539
2024-09-02 16:00:00+00:00,10.65386962890625,10.694612503051758,10.5723295211792,10.66353988647461
2024-09-02 20:00:00+00:00,10.664018630981445,10.81126880645752,10.653308868408203,10.76254653930664
2024-09-03 00:00:00+00:00,10.761916160583496,10.861093521118164,10.708501815795898,10.708501815795898
2024-09-03 04:00:00+00:00,10.706524848937988,10.713027000427246,10.628215789794922,10.688041687011719
2024-09-03 08:00:00+00:00,10.687764167785645,10.691998481750488,10.55685043334961,10.656034469604492
2024-09-03 12:00:00+00:00,10.656479835510254,10.721750259399414,10.300024032592773,10.300024032592773
2024-09-03 16:00:00+00:00,10.298861503601074,10.466302871704102,10.224868774414062,10.466302871704102
2024-09-03 20:00:00+00:00,10.467324256896973,10.49189281463623,10.315961837768555,10.315961837768555
2024-09-04 00:00:00+00:00,10.314837455749512,10.380735397338867,9.953225135803223,10.261004447937012
2024-09-04 04:00:00+00:00,10.259574890136719,10.388786315917969,10.1909818649292,10.271591186523438
2024-09-04 08:00:00+00:00,10.270103454589844,10.288033485412598,10.10068416595459,10.138906478881836
2024-09-04 12:00:00+00:00,10.137261390686035,10.366240501403809,10.080652236938477,10.366240501403809
2024-09-04 16:00:00+00:00,10.374048233032227,10.485569953918457,10.28986930847168,10.306640625
2024-09-04 20:00:00+00:00,10.311726570129395,10.41946029663086,10.298345565795898,10.334299087524414
2024-09-05 00:00:00+00:00,10.334959983825684,10.386605262756348,10.171006202697754,10.17101001739502
2024-09-05 04:00:00+00:00,10.170493125915527,10.294708251953125,10.149930000305176,10.274100303649902
2024-09-05 08:00:00+00:00,10.273208618164062,10.277820587158203,10.166776657104492,10.171856880187988
2024-09-05 12:00:00+00:00,10.171253204345703,10.220505714416504,9.964864730834961,10.017606735229492
2024-09-05 16:00:00+00:00,10.016592979431152,10.095246315002441,9.928343772888184,9.943586349487305
2024-09-05 20:00:00+00:00,9.943629264831543,10.026605606079102,9.943629264831543,10.015859603881836
2024-09-06 00:00:00+00:00,10.016741752624512,10.170822143554688,9.96468734741211,10.114045143127441
2024-09-06 04:00:00+00:00,10.112963676452637,10.112963676452637,9.848443031311035,9.935884475708008
2024-09-06 08:00:00+00:00,9.934749603271484,9.966560363769531,9.896836280822754,9.912891387939453
2024-09-06 12:00:00+00:00,9.912201881408691,10.084268569946289,9.64526081085205,9.671489715576172
2024-09-06 16:00:00+00:00,9.673073768615723,9.673073768615723,9.46599292755127,9.532135963439941
2024-09-06 20:00:00+00:00,9.531011581420898,9.584815979003906,9.339295387268066,9.574249267578125
2024-09-07 00:00:00+00:00,9.575016975402832,9.681787490844727,9.568659782409668,9.659932136535645
2024-09-07 04:00:00+00:00,9.660110473632812,9.99439811706543,9.658352851867676,9.931888580322266
2024-09-07 08:00:00+00:00,9.93305492401123,9.999428749084473,9.884852409362793,9.992637634277344
2024-09-07 12:00:00+00:00,9.992804527282715,10.151493072509766,9.992804527282715,10.130036354064941
2024-09-07 16:00:00+00:00,10.129327774047852,10.129327774047852,10.017595291137695,10.061362266540527
2024-09-07 20:00:00+00:00,10.060969352722168,10.060969352722168,9.944873809814453,10.019146919250488
2024-09-08 00:00:00+00:00,10.019026756286621,10.12260913848877,9.981496810913086,10.12260913848877
2024-09-08 04:00:00+00:00,10.125456809997559,10.29443645477295,10.125456809997559,10.282272338867188
2024-09-08 08:00:00+00:00,10.281222343444824,10.359968185424805,10.258894920349121,10.27603530883789
2024-09-08 12:00:00+00:00,10.275396347045898,10.289312362670898,10.183063507080078,10.211100578308105
2024-09-08 16:00:00+00:00,10.205986976623535,10.283031463623047,10.144160270690918,10.233221054077148
2024-09-08 20:00:00+00:00,10.232998847961426,10.440764427185059,10.218588829040527,10.335866928100586
2024-09-09 00:00:00+00:00,10.33560848236084,10.435548782348633,10.296924591064453,10.35250186920166
2024-09-09 04:00:00+00:00,10.352169036865234,10.656827926635742,10.300896644592285,10.630966186523438
2024-09-09 08:00:00+00:00,10.630709648132324,10.80435848236084,10.513354301452637,10.514008522033691
2024-09-09 12:00:00+00:00,10.513734817504883,10.521669387817383,10.326529502868652,10.38928508758545
2024-09-09 16:00:00+00:00,10.38844108581543,10.603032112121582,10.385890007019043,10.600125312805176
2024-09-09 20:00:00+00:00,10.603455543518066,10.691468238830566,10.544768333435059,10.544768333435059
2024-09-10 00:00:00+00:00,10.545661926269531,10.545661926269531,10.361566543579102,10.361566543579102
2024-09-10 04:00:00+00:00,10.360921859741211,10.5498628616333,10.352821350097656,10.536334991455078
2024-09-10 08:00:00+00:00,10.535900115966797,10.557733535766602,10.442140579223633,10.546814918518066
2024-09-10 12:00:00+00:00,10.547965049743652,10.571087837219238,10.420419692993164,10.493719100952148
2024-09-10 16:00:00+00:00,10.49008560180664,10.709371566772461,10.46941089630127,10.658061027526855
2024-09-10 20:00:00+00:00,10.65832233428955,10.664115905761719,10.580892562866211,10.597156524658203
2024-09-11 00:00:00+00:00,10.595763206481934,10.595763206481934,10.386096000671387,10.430486679077148
2024-09-11 04:00:00+00:00,10.431507110595703,10.473915100097656,10.326004981994629,10.473915100097656
2024-09-11 08:00:00+00:00,10.475061416625977,10.476056098937988,10.312140464782715,10.353784561157227
2024-09-11 12:00:00+00:00,10.35470962524414,10.486196517944336,10.196308135986328,10.338136672973633
2024-09-11 16:00:00+00:00,10.338140487670898,10.486237525939941,10.338140487670898,10.448211669921875
2024-09-11 20:00:00+00:00,10.447754859924316,10.452022552490234,10.401192665100098,10.406829833984375
2024-09-12 00:00:00+00:00,10.40700626373291,10.583490371704102,10.401349067687988,10.539031028747559
2024-09-12 04:00:00+00:00,10.5387601852417,10.601548194885254,10.520809173583984,10.57353401184082
2024-09-12 08:00:00+00:00,10.57358169555664,10.649535179138184,10.5701322555542,10.647119522094727
2024-09-12 12:00:00+00:00,10.64649772644043,10.69791030883789,10.547503471374512,10.54808521270752
2024-09-12 16:00:00+00:00,10.546669006347656,10.761906623840332,10.544795036315918,10.735267639160156
2024-09-12 20:00:00+00:00,10.735260963439941,10.796380996704102,10.672932624816895,10.78603744506836
2024-09-13 00:00:00+00:00,10.785911560058594,10.84118366241455,10.756526947021484,10.756526947021484
2024-09-13 04:00:00+00:00,10.756402015686035,10.759464263916016,10.655506134033203,10.693934440612793
2024-09-13 08:00:00+00:00,10.694035530090332,10.996317863464355,10.694035530090332,10.938617706298828
2024-09-13 12:00:00+00:00,10.936661720275879,11.339942932128906,10.931589126586914,11.293999671936035
2024-09-13 16:00:00+00:00,11.294086456298828,11.385295867919922,11.27854061126709,11.354096412658691
2024-09-13 20:00:00+00:00,11.354650497436523,11.544448852539062,11.354650497436523,11.458691596984863
2024-09-14 00:00:00+00:00,11.458891868591309,11.469112396240234,11.414410591125488,11.414410591125488
2024-09-14 04:00:00+00:00,11.412969589233398,11.413196563720703,11.339696884155273,11.381592750549316
2024-09-14 08:00:00+00:00,11.385786056518555,11.421180725097656,11.259955406188965,11.272172927856445
2024-09-14 12:00:00+00:00,11.271451950073242,11.376059532165527,11.260680198669434,11.376059532165527
2024-09-14 16:00:00+00:00,11.376012802124023,11.407468795776367,11.25991153717041,11.308950424194336
2024-09-14 20:00:00+00:00,11.308695793151855,11.332368850708008,11.280641555786133,11.297843933105469
2024-09-15 00:00:00+00:00,11.297475814819336,11.349834442138672,11.29236125946045,11.322053909301758
2024-09-15 04:00:00+00:00,11.32188892364502,11.329656600952148,11.265470504760742,11.266321182250977
2024-09-15 08:00:00+00:00,11.26616096496582,11.266692161560059,11.153897285461426,11.170367240905762
2024-09-15 12:00:00+00:00,11.170220375061035,11.262693405151367,11.140610694885254,11.230962753295898
2024-09-15 16:00:00+00:00,11.23078727722168,11.23078727722168,11.089027404785156,11.099149703979492
2024-09-15 20:00:00+00:00,11.098570823669434,11.098570823669434,10.820818901062012,10.823186874389648
2024-09-16 00:00:00+00:00,10.822925567626953,10.822925567626953,10.505199432373047,10.659268379211426
2024-09-16 04:00:00+00:00,10.658370971679688,10.734397888183594,10.608924865722656,10.732582092285156
2024-09-16 08:00:00+00:00,10.732925415039062,10.816267013549805,10.601770401000977,10.676981925964355
2024-09-16 12:00:00+00:00,10.677661895751953,10.681000709533691,10.474699020385742,10.567327499389648
2024-09-16 16:00:00+00:00,10.566801071166992,10.566801071166992,10.42920207977295,10.553218841552734
2024-09-16 20:00:00+00:00,10.553155899047852,10.57791519165039,10.448452949523926,10.554814338684082
2024-09-17 00:00:00+00:00,10.554483413696289,10.568255424499512,10.45042610168457,10.51563549041748
2024-09-17 04:00:00+00:00,10.515532493591309,10.636028289794922,10.514364242553711,10.610785484313965
2024-09-17 08:00:00+00:00,10.610820770263672,10.683935165405273,10.595439910888672,10.609808921813965
2024-09-17 12:00:00+00:00,10.608616828918457,10.909448623657227,10.534452438354492,10.849479675292969
2024-09-17 16:00:00+00:00,10.850781440734863,10.868595123291016,10.626150131225586,10.666292190551758
2024-09-17 20:00:00+00:00,10.668692588806152,10.71829605102539,10.580474853515625,10.627530097961426
2024-09-18 00:00:00+00:00,10.627467155456543,10.669978141784668,10.528071403503418,10.657159805297852
2024-09-18 04:00:00+00:00,10.656686782836914,10.656686782836914,10.558082580566406,10.59670639038086
2024-09-18 08:00:00+00:00,10.596683502197266,10.596683502197266,10.35713005065918,10.466389656066895
2024-09-18 12:00:00+00:00,10.466103553771973,10.491897583007812,10.310464859008789,10.342732429504395
2024-09-18 16:00:00+00:00,10.341123580932617,10.684311866760254,10.32233715057373,10.562348365783691
2024-09-18 20:00:00+00:00,10.561981201171875,10.853318214416504,10.463822364807129,10.853318214416504
2024-09-19 00:00:00+00:00,10.856925010681152,11.118688583374023,10.856925010681152,11.01356029510498
2024-09-19 04:00:00+00:00,11.012442588806152,11.144304275512695,10.983880043029785,11.143139839172363
2024-09-19 08:00:00+00:00,11.144264221191406,11.2719144821167,11.12656307220459,11.271804809570312
2024-09-19 12:00:00+00:00,11.271588325500488,11.331658363342285,11.193930625915527,11.215534210205078
2024-09-19 16:00:00+00:00,11.215719223022461,11.389504432678223,11.215719223022461,11.23823070526123
2024-09-19 20:00:00+00:00,11.236076354980469,11.257621765136719,11.187878608703613,11.205124855041504
2024-09-20 00:00:00+00:00,11.205842971801758,11.378509521484375,11.136661529541016,11.378509521484375
2024-09-20 04:00:00+00:00,11.388018608093262,11.714805603027344,11.388018608093262,11.707642555236816
2024-09-20 08:00:00+00:00,11.707257270812988,11.724723815917969,11.571122169494629,11.634340286254883
2024-09-20 12:00:00+00:00,11.633394241333008,11.676904678344727,11.469033241271973,11.53528118133545
2024-09-20 16:00:00+00:00,11.533790588378906,11.54207706451416,11.388029098510742,11.438422203063965
2024-09-20 20:00:00+00:00,11.438485145568848,11.492959022521973,11.41117000579834,11.426663398742676
2024-09-21 00:00:00+00:00,11.427075386047363,11.481597900390625,11.281185150146484,11.2882661819458
2024-09-21 04:00:00+00:00,11.287468910217285,11.361465454101562,11.228163719177246,11.361465454101562
2024-09-21 08:00:00+00:00,11.361204147338867,11.38131046295166,11.321662902832031,11.340934753417969
2024-09-21 12:00:00+00:00,11.341176986694336,11.473733901977539,11.338132858276367,11.389189720153809
2024-09-21 16:00:00+00:00,11.38902473449707,11.430673599243164,11.336345672607422,11.359265327453613
2024-09-21 20:00:00+00:00,11.359906196594238,11.536630630493164,11.342381477355957,11.514772415161133
2024-09-22 00:00:00+00:00,11.512405395507812,11.535143852233887,11.33273696899414,11.37684154510498
2024-09-22 04:00:00+00:00,11.376729965209961,11.413116455078125,11.294388771057129,11.308756828308105
2024-09-22 08:00:00+00:00,11.309000015258789,11.327041625976562,11.17216968536377,11.235081672668457
2024-09-22 12:00:00+00:00,11.233997344970703,11.24763298034668,11.047658920288086,11.04879093170166
2024-09-22 16:00:00+00:00,11.048445701599121,11.148860931396484,10.971787452697754,11.07518482208252
2024-09-22 20:00:00+00:00,11.073081970214844,11.19031047821045,10.875191688537598,11.129786491394043
2024-09-23 00:00:00+00:00,11.131733894348145,11.471474647521973,10.972159385681152,11.425483703613281
2024-09-23 04:00:00+00:00,11.424509048461914,11.46114730834961,11.293824195861816,11.305740356445312
2024-09-23 08:00:00+00:00,11.307674407958984,11.461082458496094,11.29603385925293,11.427258491516113
2024-09-23 12:00:00+00:00,11.427511215209961,11.574592590332031,11.359474182128906,11.542290687561035
2024-09-23 16:00:00+00:00,11.532920837402344,11.581171035766602,11.400979042053223,11.443975448608398
2024-09-23 20:00:00+00:00,11.442914962768555,11.462738990783691,11.37243366241455,11.398948669433594
2024-09-24 00:00:00+00:00,11.398322105407715,11.411317825317383,11.218208312988281,11.29914665222168
2024-09-24 04:00:00+00:00,11.299759864807129,11.479228019714355,11.236038208007812,11.472514152526855
2024-09-24 08:00:00+00:00,11.472419738769531,11.53044605255127,11.448896408081055,11.507887840270996
2024-09-24 12:00:00+00:00,11.507986068725586,11.61382007598877,11.369773864746094,11.51807975769043
2024-09-24 16:00:00+00:00,11.520662307739258,11.845664978027344,11.484560012817383,11.84401798248291
2024-09-24 20:00:00+00:00,11.848234176635742,12.216399192810059,11.837691307067871,12.16183853149414
2024-09-25 00:00:00+00:00,12.161380767822266,12.269956588745117,12.12364673614502,12.269956588745117
2024-09-25 04:00:00+00:00,12.271464347839355,12.27981948852539,12.101550102233887,12.181139945983887
2024-09-25 08:00:00+00:00,12.180586814880371,12.359472274780273,12.180586814880371,12.319677352905273
2024-09-25 12:00:00+00:00,12.319079399108887,12.482394218444824,12.284546852111816,12.372654914855957
2024-09-25 16:00:00+00:00,12.37431812286377,12.53987979888916,12.152153968811035,12.152153968811035
2024-09-25 20:00:00+00:00,12.151392936706543,12.244661331176758,12.089717864990234,12.111525535583496
2024-09-26 00:00:00+00:00,12.111310005187988,12.128645896911621,11.89738941192627,12.066803932189941
2024-09-26 04:00:00+00:00,12.068122863769531,12.263997077941895,12.014809608459473,12.258939743041992
2024-09-26 08:00:00+00:00,12.257959365844727,12.331969261169434,12.138690948486328,12.301229476928711
2024-09-26 12:00:00+00:00,12.298904418945312,12.630311012268066,12.224133491516113,12.61141586303711
2024-09-26 16:00:00+00:00,12.610856056213379,12.727226257324219,12.531238555908203,12.60876750946045
2024-09-26 20:00:00+00:00,12.614967346191406,12.641674995422363,12.462176322937012,12.55159854888916
2024-09-27 00:00:00+00:00,12.551036834716797,12.623312950134277,12.469588279724121,12.622819900512695
2024-09-27 04:00:00+00:00,12.623331069946289,12.83047866821289,12.623331069946289,12.763938903808594
2024-09-27 08:00:00+00:00,12.763805389404297,12.826494216918945,12.600764274597168,12.747199058532715
2024-09-27 12:00:00+00:00,12.744073867797852,12.796632766723633,12.646245002746582,12.733036041259766
2024-09-27 16:00:00+00:00,12.732234001159668,12.870301246643066,12.650999069213867,12.692517280578613
2024-09-27 20:00:00+00:00,12.692951202392578,12.748069763183594,12.621246337890625,12.680974960327148
2024-09-28 00:00:00+00:00,12.674286842346191,12.847736358642578,12.672669410705566,12.758112907409668
2024-09-28 04:00:00+00:00,12.75753116607666,12.792594909667969,12.593942642211914,12.593990325927734
2024-09-28 08:00:00+00:00,12.592733383178711,12.696916580200195,12.409711837768555,12.667902946472168
2024-09-28 12:00:00+00:00,12.669075012207031,12.92432689666748,12.601231575012207,12.833890914916992
2024-09-28 16:00:00+00:00,12.834356307983398,12.960870742797852,12.758851051330566,12.916295051574707
2024-09-28 20:00:00+00:00,12.917677879333496,12.961787223815918,12.775976181030273,12.943346977233887
2024-09-29 00:00:00+00:00,12.94615650177002,12.964954376220703,12.701476097106934,12.768101692199707
2024-09-29 04:00:00+00:00,12.766935348510742,12.766935348510742,12.54144287109375,12.54144287109375
2024-09-29 08:00:00+00:00,12.538908004760742,12.631649017333984,12.513378143310547,12.603812217712402
2024-09-29 12:00:00+00:00,12.603620529174805,12.619396209716797,12.498499870300293,12.603032112121582
2024-09-29 16:00:00+00:00,12.602996826171875,12.677093505859375,12.524645805358887,12.667742729187012
2024-09-29 20:00:00+00:00,12.667474746704102,12.697607040405273,12.452921867370605,12.483302116394043
2024-09-30 00:00:00+00:00,12.480220794677734,12.480220794677734,12.170694351196289,12.263980865478516
2024-09-30 04:00:00+00:00,12.264281272888184,12.334671020507812,12.203632354736328,12.26610279083252
2024-09-30 08:00:00+00:00,12.265524864196777,12.270218849182129,12.01871109008789,12.084863662719727
2024-09-30 12:00:00+00:00,12.083893775939941,12.171517372131348,11.970850944519043,11.970850944519043
2024-09-30 16:00:00+00:00,11.969654083251953,11.995172500610352,11.90931224822998,11.975218772888184
2024-09-30 20:00:00+00:00,11.97258472442627,12.033425331115723,11.783053398132324,11.85063362121582
2024-10-01 00:00:00+00:00,11.850171089172363,12.113995552062988,11.82153034210205,12.102934837341309
2024-10-01 04:00:00+00:00,12.101216316223145,12.237661361694336,12.094478607177734,12.207640647888184
2024-10-01 08:00:00+00:00,12.207660675048828,12.222639083862305,12.147627830505371,12.165298461914062
2024-10-01 12:00:00+00:00,12.164969444274902,12.164969444274902,11.275888442993164,11.43557357788086
2024-10-01 16:00:00+00:00,11.433863639831543,11.453649520874023,10.97189998626709,11.072697639465332
2024-10-01 20:00:00+00:00,11.070019721984863,11.088322639465332,10.949896812438965,11.025368690490723
2024-10-02 00:00:00+00:00,11.025327682495117,11.23587703704834,11.001421928405762,11.216121673583984
2024-10-02 04:00:00+00:00,11.21615219116211,11.29896354675293,11.155604362487793,11.250093460083008
2024-10-02 08:00:00+00:00,11.249832153320312,11.251673698425293,11.023660659790039,11.080479621887207
2024-10-02 12:00:00+00:00,11.079970359802246,11.079970359802246,10.813785552978516,10.930919647216797
2024-10-02 16:00:00+00:00,10.93167781829834,11.033096313476562,10.494535446166992,10.611634254455566
2024-10-02 20:00:00+00:00,10.605838775634766,10.66514778137207,10.497793197631836,10.662192344665527
2024-10-03 00:00:00+00:00,10.66136646270752,10.802733421325684,10.620132446289062,10.801633834838867
2024-10-03 04:00:00+00:00,10.811466217041016,10.855033874511719,10.650556564331055,10.651296615600586
2024-10-03 08:00:00+00:00,10.649975776672363,10.653057098388672,10.388113975524902,10.552334785461426
2024-10-03 12:00:00+00:00,10.55090618133545,10.603720664978027,10.376497268676758,10.548819541931152
2024-10-03 16:00:00+00:00,10.547959327697754,10.633140563964844,10.41384506225586,10.633140563964844
2024-10-03 20:00:00+00:00,10.633724212646484,10.662043571472168,10.573363304138184,10.650394439697266
2024-10-04 00:00:00+00:00,10.649911880493164,10.786972999572754,10.613266944885254,10.732919692993164
2024-10-04 04:00:00+00:00,10.732999801635742,10.978357315063477,10.732999801635742,10.974946022033691
2024-10-04 08:00:00+00:00,10.976019859313965,11.048089027404785,10.933202743530273,10.974288940429688
2024-10-04 12:00:00+00:00,10.973809242248535,11.1492280960083,10.923118591308594,11.1492280960083
2024-10-04 16:00:00+00:00,11.150117874145508,11.223438262939453,11.08328628540039,11.130071640014648
2024-10-04 20:00:00+00:00,11.13005542755127,11.137160301208496,11.050086975097656,11.068582534790039
2024-10-05 00:00:00+00:00,11.068880081176758,11.135952949523926,11.015909194946289,11.062053680419922
2024-10-05 04:00:00+00:00,11.061943054199219,11.235208511352539,11.0462646484375,11.212716102600098
2024-10-05 08:00:00+00:00,11.213667869567871,11.371879577636719,11.213667869567871,11.314579963684082
2024-10-05 12:00:00+00:00,11.313594818115234,11.365386962890625,11.257259368896484,11.346046447753906
2024-10-05 16:00:00+00:00,11.344192504882812,11.350590705871582,11.171061515808105,11.171061515808105
2024-10-05 20:00:00+00:00,11.170658111572266,11.261728286743164,11.089599609375,11.261728286743164
2024-10-06 00:00:00+00:00,11.261103630065918,11.303577423095703,11.199027061462402,11.26421070098877
2024-10-06 04:00:00+00:00,11.26417064666748,11.381715774536133,11.247873306274414,11.332647323608398
2024-10-06 08:00:00+00:00,11.332833290100098,11.339068412780762,11.229483604431152,11.266657829284668
2024-10-06 12:00:00+00:00,11.26694393157959,11.34108829498291,11.204048156738281,11.294764518737793
2024-10-06 16:00:00+00:00,11.294965744018555,11.347957611083984,11.212949752807617,11.212949752807617
2024-10-06 20:00:00+00:00,11.212525367736816,11.295949935913086,11.170476913452148,11.276803016662598
2024-10-07 00:00:00+00:00,11.276117324829102,11.600013732910156,11.251337051391602,11.583366394042969
2024-10-07 04:00:00+00:00,11.584646224975586,11.65701675415039,11.53955364227295,11.546802520751953
2024-10-07 08:00:00+00:00,11.547356605529785,11.584677696228027,11.283757209777832,11.393882751464844
2024-10-07 12:00:00+00:00,11.394847869873047,11.708135604858398,11.357175827026367,11.517003059387207
2024-10-07 16:00:00+00:00,11.517374992370605,11.5736665725708,11.23648738861084,11.341020584106445
2024-10-07 20:00:00+00:00,11.340850830078125,11.357027053833008,11.15123176574707,11.160249710083008
2024-10-08 00:00:00+00:00,11.16014575958252,11.275714874267578,11.16014575958252,11.213768005371094
2024-10-08 04:00:00+00:00,11.214122772216797,11.237983703613281,10.98813533782959,11.036523818969727
2024-10-08 08:00:00+00:00,11.03620719909668,11.166340827941895,11.001437187194824,11.166340827941895
2024-10-08 12:00:00+00:00,11.167337417602539,11.169195175170898,10.882440567016602,10.954792976379395
2024-10-08 16:00:00+00:00,10.953946113586426,11.02426528930664,10.848902702331543,10.896907806396484
2024-10-08 20:00:00+00:00,10.896268844604492,10.953895568847656,10.802423477172852,10.82580852508545
2024-10-09 00:00:00+00:00,10.825905799865723,10.94600772857666,10.77806282043457,10.867181777954102
2024-10-09 04:00:00+00:00,10.864493370056152,10.90138053894043,10.769079208374023,10.786213874816895
2024-10-09 08:00:00+00:00,10.783432006835938,10.793487548828125,10.674629211425781,10.674629211425781
2024-10-09 12:00:00+00:00,10.670597076416016,10.718868255615234,10.563885688781738,10.70383071899414
2024-10-09 16:00:00+00:00,10.707344055175781,10.707344055175781,10.565234184265137,10.58942699432373
2024-10-09 20:00:00+00:00,10.589286804199219,10.589286804199219,10.425135612487793,10.52972412109375
2024-10-10 00:00:00+00:00,10.530431747436523,10.626235008239746,10.51160717010498,10.622078895568848
2024-10-10 04:00:00+00:00,10.618904113769531,10.71407699584961,10.618904113769531,10.637056350708008
2024-10-10 08:00:00+00:00,10.632905960083008,10.649645805358887,10.519898414611816,10.639740943908691
2024-10-10 12:00:00+00:00,10.642452239990234,10.646299362182617,10.411349296569824,10.601469993591309
2024-10-10 16:00:00+00:00,10.612347602844238,10.642358779907227,10.272882461547852,10.460931777954102
2024-10-10 20:00:00+00:00,10.454352378845215,10.549368858337402,10.41551685333252,10.538850784301758
2024-10-11 00:00:00+00:00,10.53982925415039,10.634604454040527,10.508042335510254,10.623147010803223
2024-10-11 04:00:00+00:00,10.621251106262207,10.672537803649902,10.598650932312012,10.65245246887207
2024-10-11 08:00:00+00:00,10.650694847106934,10.725111961364746,10.650694847106934,10.682793617248535
2024-10-11 12:00:00+00:00,10.680669784545898,10.854463577270508,10.6345853805542,10.854463577270508
2024-10-11 16:00:00+00:00,10.860093116760254,10.9872465133667,10.849857330322266,10.946860313415527
2024-10-11 20:00:00+00:00,10.9485445022583,11.01341724395752,10.895182609558105,10.898591995239258
2024-10-12 00:00:00+00:00,10.898712158203125,11.004961013793945,10.848515510559082,10.863143920898438
2024-10-12 04:00:00+00:00,10.863126754760742,10.96689510345459,10.863126754760742,10.96689510345459
2024-10-12 08:00:00+00:00,10.967741012573242,11.116987228393555,10.967741012573242,11.066863059997559
2024-10-12 12:00:00+00:00,11.066401481628418,11.131446838378906,11.039046287536621,11.07535171508789
2024-10-12 16:00:00+00:00,11.075428009033203,11.129624366760254,11.005752563476562,11.023670196533203
2024-10-12 20:00:00+00:00,11.023432731628418,11.08105754852295,11.011963844299316,11.016341209411621
2024-10-13 00:00:00+00:00,11.015140533447266,11.032726287841797,10.953909873962402,10.957860946655273
2024-10-13 04:00:00+00:00,10.957169532775879,11.06045913696289,10.949882507324219,10.977079391479492
2024-10-13 08:00:00+00:00,10.977328300476074,11.027250289916992,10.89470100402832,10.896578788757324
2024-10-13 12:00:00+00:00,10.896174430847168,10.944916725158691,10.654891014099121,10.695943832397461
2024-10-13 16:00:00+00:00,10.693998336791992,10.748435974121094,10.636842727661133,10.710171699523926
2024-10-13 20:00:00+00:00,10.710036277770996,10.814562797546387,10.69033432006836,10.73165512084961
2024-10-14 00:00:00+00:00,10.7328462600708,11.014585494995117,10.616216659545898,11.014585494995117
2024-10-14 04:00:00+00:00,11.014175415039062,11.022013664245605,10.86577033996582,11.009801864624023
2024-10-14 08:00:00+00:00,11.010025024414062,11.03450870513916,10.909486770629883,10.996007919311523
2024-10-14 12:00:00+00:00,10.996611595153809,11.264617919921875,10.985454559326172,11.264617919921875
2024-10-14 16:00:00+00:00,11.263036727905273,11.306803703308105,11.183778762817383,11.224506378173828
2024-10-14 20:00:00+00:00,11.224648475646973,11.310973167419434,11.196165084838867,11.264203071594238
2024-10-15 00:00:00+00:00,11.265233993530273,11.509772300720215,11.265233993530273,11.495447158813477
2024-10-15 04:00:00+00:00,11.49177074432373,11.564424514770508,11.358503341674805,11.497828483581543
2024-10-15 08:00:00+00:00,11.498135566711426,11.574455261230469,11.344721794128418,11.344721794128418
2024-10-15 12:00:00+00:00,11.347603797912598,11.654732704162598,10.964461326599121,11.137853622436523
2024-10-15 16:00:00+00:00,11.13774585723877,11.400952339172363,11.132285118103027,11.281994819641113
2024-10-15 20:00:00+00:00,11.282474517822266,11.437362670898438,11.144584655761719,11.436676025390625
2024-10-16 00:00:00+00:00,11.436905860900879,11.447514533996582,11.285975456237793,11.306071281433105
2024-10-16 04:00:00+00:00,11.306212425231934,11.333163261413574,11.16395378112793,11.17784309387207
2024-10-16 08:00:00+00:00,11.1770658493042,11.49918270111084,11.175528526306152,11.47286319732666
2024-10-16 12:00:00+00:00,11.469927787780762,11.493531227111816,11.128256797790527,11.157798767089844
2024-10-16 16:00:00+00:00,11.158539772033691,11.214742660522461,11.094834327697754,11.158842086791992
2024-10-16 20:00:00+00:00,11.158869743347168,11.34467887878418,11.155482292175293,11.238662719726562
2024-10-17 00:00:00+00:00,11.23859691619873,11.333904266357422,11.206376075744629,11.33069896697998
2024-10-17 04:00:00+00:00,11.330972671508789,11.338335990905762,11.107754707336426,11.136168479919434
2024-10-17 08:00:00+00:00,11.136794090270996,11.154154777526855,10.941912651062012,10.949869155883789
2024-10-17 12:00:00+00:00,10.94898796081543,11.112906455993652,10.943255424499512,11.107648849487305
2024-10-17 16:00:00+00:00,11.107491493225098,11.107491493225098,10.871288299560547,11.000134468078613
2024-10-17 20:00:00+00:00,11.000024795532227,11.05241870880127,10.9979829788208,11.02193546295166
2024-10-18 00:00:00+00:00,11.022477149963379,11.264759063720703,10.987382888793945,11.175989151000977
2024-10-18 04:00:00+00:00,11.173917770385742,11.40105152130127,11.162195205688477,11.40105152130127
2024-10-18 08:00:00+00:00,11.400959968566895,11.46060848236084,11.364665031433105,11.364665031433105
2024-10-18 12:00:00+00:00,11.363273620605469,11.468842506408691,11.32850170135498,11.45052433013916
2024-10-18 16:00:00+00:00,11.45074462890625,11.487415313720703,11.35773754119873,11.417986869812012
2024-10-18 20:00:00+00:00,11.418655395507812,11.477060317993164,11.382161140441895,11.477060317993164
2024-10-19 00:00:00+00:00,11.476715087890625,11.587897300720215,11.476293563842773,11.499650955200195
2024-10-19 04:00:00+00:00,11.497814178466797,11.503169059753418,11.392074584960938,11.39211368560791
2024-10-19 08:00:00+00:00,11.392385482788086,11.39918041229248,11.319334030151367,11.319334030151367
2024-10-19 12:00:00+00:00,11.316243171691895,11.405216217041016,11.309685707092285,11.378800392150879
2024-10-19 16:00:00+00:00,11.378268241882324,11.39597225189209,11.321494102478027,11.355929374694824
2024-10-19 20:00:00+00:00,11.355834007263184,11.440690994262695,11.353629112243652,11.421721458435059
2024-10-20 00:00:00+00:00,11.421778678894043,11.442326545715332,11.290793418884277,11.331356048583984
2024-10-20 04:00:00+00:00,11.331435203552246,11.38903522491455,11.30780029296875,11.374818801879883
2024-10-20 08:00:00+00:00,11.37470817565918,11.672558784484863,11.37470817565918,11.67021369934082
2024-10-20 12:00:00+00:00,11.672313690185547,11.895216941833496,11.6048002243042,11.889619827270508
2024-10-20 16:00:00+00:00,11.888219833374023,11.991199493408203,11.831450462341309,11.831450462341309
2024-10-20 20:00:00+00:00,11.83121109008789,12.015079498291016,11.824821472167969,11.964064598083496
2024-10-21 00:00:00+00:00,11.963444709777832,12.00851821899414,11.808838844299316,11.861472129821777
2024-10-21 04:00:00+00:00,11.867059707641602,12.003287315368652,11.85230827331543,11.925034523010254
2024-10-21 08:00:00+00:00,11.910493850708008,11.949117660522461,11.733518600463867,11.73987865447998
2024-10-21 12:00:00+00:00,11.738876342773438,11.745516777038574,11.56456470489502,11.636003494262695
2024-10-21 16:00:00+00:00,11.636979103088379,11.775439262390137,11.581873893737793,11.774828910827637
2024-10-21 20:00:00+00:00,11.77405071258545,11.805465698242188,11.697629928588867,11.709382057189941
2024-10-22 00:00:00+00:00,11.70968246459961,11.898126602172852,11.624618530273438,11.888866424560547
2024-10-22 04:00:00+00:00,11.88852596282959,12.17255687713623,11.841843605041504,12.108528137207031
2024-10-22 08:00:00+00:00,12.108540534973145,12.249972343444824,11.891783714294434,12.172151565551758
2024-10-22 12:00:00+00:00,12.171507835388184,12.306122779846191,12.075014114379883,12.149279594421387
2024-10-22 16:00:00+00:00,12.149924278259277,12.149924278259277,11.93912410736084,12.017692565917969
2024-10-22 20:00:00+00:00,12.016441345214844,12.098809242248535,11.954020500183105,11.966221809387207
2024-10-23 00:00:00+00:00,11.966084480285645,11.98534107208252,11.736129760742188,11.775100708007812
2024-10-23 04:00:00+00:00,11.774947166442871,11.795089721679688,11.60883617401123,11.618844985961914
2024-10-23 08:00:00+00:00,11.618209838867188,11.632637977600098,11.370136260986328,11.370707511901855
2024-10-23 12:00:00+00:00,11.370720863342285,11.442160606384277,11.256503105163574,11.297489166259766
2024-10-23 16:00:00+00:00,11.30019760131836,11.307549476623535,11.03422737121582,11.225590705871582
2024-10-23 20:00:00+00:00,11.224844932556152,11.328129768371582,11.200865745544434,11.326855659484863
2024-10-24 00:00:00+00:00,11.325377464294434,11.514461517333984,11.282390594482422,11.38196849822998
2024-10-24 04:00:00+00:00,11.381850242614746,11.457098007202148,11.284355163574219,11.284355163574219
2024-10-24 08:00:00+00:00,11.283815383911133,11.390323638916016,11.23129653930664,11.383779525756836
2024-10-24 12:00:00+00:00,11.38352108001709,11.490730285644531,11.382261276245117,11.420226097106934
2024-10-24 16:00:00+00:00,11.419928550720215,11.504533767700195,11.372742652893066,11.504222869873047
2024-10-24 20:00:00+00:00,11.503161430358887,11.619274139404297,11.492024421691895,11.590865135192871
2024-10-25 00:00:00+00:00,11.592276573181152,12.068648338317871,11.592276573181152,11.904047012329102
2024-10-25 04:00:00+00:00,11.90390682220459,11.907139778137207,11.662130355834961,11.690218925476074
2024-10-25 08:00:00+00:00,11.689030647277832,11.85043716430664,11.599329948425293,11.796805381774902
2024-10-25 12:00:00+00:00,11.798135757446289,11.987128257751465,11.749418258666992,11.814291000366211
2024-10-25 16:00:00+00:00,11.815801620483398,11.895611763000488,11.409737586975098,11.587944030761719
2024-10-25 20:00:00+00:00,11.590529441833496,11.73790168762207,10.879280090332031,11.093274116516113
2024-10-26 00:00:00+00:00,11.092077255249023,11.357816696166992,10.987837791442871,11.340401649475098
2024-10-26 04:00:00+00:00,11.336047172546387,11.361865043640137,11.127093315124512,11.127093315124512
2024-10-26 08:00:00+00:00,11.118231773376465,11.195904731750488,11.07870864868164,11.085431098937988
2024-10-26 12:00:00+00:00,11.085362434387207,11.101381301879883,10.835026741027832,10.847861289978027
2024-10-26 16:00:00+00:00,10.847747802734375,11.000738143920898,10.844405174255371,10.964876174926758
2024-10-26 20:00:00+00:00,10.964835166931152,11.069316864013672,10.963330268859863,11.002786636352539
2024-10-27 00:00:00+00:00,11.002378463745117,11.02668571472168,10.901701927185059,11.02668571472168
2024-10-27 04:00:00+00:00,11.03234577178955,11.032417297363281,10.922451972961426,10.934879302978516
2024-10-27 08:00:00+00:00,10.93484115600586,10.95921516418457,10.859214782714844,10.887721061706543
2024-10-27 12:00:00+00:00,10.88786792755127,11.092007637023926,10.877492904663086,11.086288452148438
2024-10-27 16:00:00+00:00,11.095075607299805,11.141316413879395,10.895296096801758,10.947766304016113
2024-10-27 20:00:00+00:00,10.948525428771973,11.083940505981445,10.93475341796875,10.980671882629395
2024-10-28 00:00:00+00:00,10.975299835205078,10.986342430114746,10.779766082763672,10.779766082763672
2024-10-28 04:00:00+00:00,10.77843952178955,10.996201515197754,10.724833488464355,10.97484016418457
2024-10-28 08:00:00+00:00,10.973806381225586,11.130003929138184,10.959211349487305,11.101054191589355
2024-10-28 12:00:00+00:00,11.101309776306152,11.15638256072998,10.837764739990234,10.837764739990234
2024-10-28 16:00:00+00:00,10.834613800048828,11.051673889160156,10.791008949279785,10.99261474609375
2024-10-28 20:00:00+00:00,10.993167877197266,11.216361045837402,10.985379219055176,11.178401947021484
2024-10-29 00:00:00+00:00,11.178098678588867,11.454985618591309,11.155029296875,11.403091430664062
2024-10-29 04:00:00+00:00,11.404006004333496,11.505263328552246,11.404006004333496,11.468138694763184
2024-10-29 08:00:00+00:00,11.467493057250977,11.54986572265625,11.46580696105957,11.487765312194824
2024-10-29 12:00:00+00:00,11.48734188079834,11.542475700378418,11.435521125793457,11.542475700378418
2024-10-29 16:00:00+00:00,11.54178524017334,11.723771095275879,11.515817642211914,11.563161849975586
2024-10-29 20:00:00+00:00,11.558645248413086,11.786309242248535,11.473865509033203,11.786309242248535
2024-10-30 00:00:00+00:00,11.787964820861816,11.994507789611816,11.683000564575195,11.994507789611816
2024-10-30 04:00:00+00:00,11.993470191955566,12.120220184326172,11.941863059997559,11.96525764465332
2024-10-30 08:00:00+00:00,11.962383270263672,12.093650817871094,11.87977409362793,11.968382835388184
2024-10-30 12:00:00+00:00,11.967257499694824,12.352103233337402,11.946951866149902,12.254666328430176
2024-10-30 16:00:00+00:00,12.252045631408691,12.28288459777832,12.155000686645508,12.254825592041016
2024-10-30 20:00:00+00:00,12.253077507019043,12.433455467224121,12.147886276245117,12.394707679748535
2024-10-31 00:00:00+00:00,12.393924713134766,12.411263465881348,12.229336738586426,12.38342571258545
2024-10-31 04:00:00+00:00,12.383731842041016,12.386691093444824,12.112744331359863,12.16295051574707
2024-10-31 08:00:00+00:00,12.162139892578125,12.174677848815918,12.022046089172363,12.112648010253906
2024-10-31 12:00:00+00:00,12.112774848937988,12.139801025390625,11.736995697021484,11.7791109085083
2024-10-31 16:00:00+00:00,11.779878616333008,11.779878616333008,11.422246932983398,11.422246932983398
2024-10-31 20:00:00+00:00,11.419310569763184,11.508818626403809,11.336771011352539,11.422303199768066
2024-11-01 00:00:00+00:00,11.412476539611816,11.472150802612305,11.247368812561035,11.37656307220459
2024-11-01 04:00:00+00:00,11.376665115356445,11.480223655700684,11.27322769165039,11.306926727294922
2024-11-01 08:00:00+00:00,11.30656909942627,11.361028671264648,11.2633638381958,11.333258628845215
2024-11-01 12:00:00+00:00,11.332368850708008,11.699472427368164,11.261438369750977,11.349370956420898
2024-11-01 16:00:00+00:00,11.347989082336426,11.531450271606445,11.300058364868164,11.338327407836914
2024-11-01 20:00:00+00:00,11.339962005615234,11.372394561767578,11.185053825378418,11.265908241271973
2024-11-02 00:00:00+00:00,11.261019706726074,11.382861137390137,11.255670547485352,11.289519309997559
2024-11-02 04:00:00+00:00,11.29076099395752,11.306509017944336,11.208996772766113,11.263595581054688
2024-11-02 08:00:00+00:00,11.263422966003418,11.263422966003418,11.170882225036621,11.186928749084473
2024-11-02 12:00:00+00:00,11.187481880187988,11.202327728271484,11.101795196533203,11.162346839904785
2024-11-02 16:00:00+00:00,11.162789344787598,11.197818756103516,11.109196662902832,11.179563522338867
2024-11-02 20:00:00+00:00,11.179252624511719,11.257430076599121,11.14987564086914,11.174460411071777
2024-11-03 00:00:00+00:00,11.175065994262695,11.214405059814453,10.878169059753418,10.96525764465332
2024-11-03 04:00:00+00:00,10.965190887451172,11.035880088806152,10.93795394897461,10.990872383117676
2024-11-03 08:00:00+00:00,10.989700317382812,11.023517608642578,10.924944877624512,10.927680969238281
2024-11-03 12:00:00+00:00,10.926820755004883,10.935304641723633,10.560037612915039,10.697713851928711
2024-11-03 16:00:00+00:00,10.698914527893066,10.759305000305176,10.537881851196289,10.703300476074219
2024-11-03 20:00:00+00:00,10.70629596710205,10.83175277709961,10.678826332092285,10.764156341552734
2024-11-04 00:00:00+00:00,10.763866424560547,10.884521484375,10.61935043334961,10.801682472229004
2024-11-04 04:00:00+00:00,10.800504684448242,10.827947616577148,10.629473686218262,10.629473686218262
2024-11-04 08:00:00+00:00,10.629804611206055,10.693354606628418,10.54395866394043,10.640588760375977
2024-11-04 12:00:00+00:00,10.641365051269531,10.695752143859863,10.389562606811523,10.404204368591309
2024-11-04 16:00:00+00:00,10.404547691345215,10.404547691345215,10.265687942504883,10.362181663513184
2024-11-04 20:00:00+00:00,10.362547874450684,10.362547874450684,10.110285758972168,10.247278213500977
2024-11-05 00:00:00+00:00,10.247790336608887,10.399008750915527,10.20235824584961,10.399008750915527
2024-11-05 04:00:00+00:00,10.401464462280273,10.507110595703125,10.401464462280273,10.507110595703125
2024-11-05 08:00:00+00:00,10.506963729858398,10.607641220092773,10.506963729858398,10.59765911102295
2024-11-05 12:00:00+00:00,10.597535133361816,10.876765251159668,10.579171180725098,10.772734642028809
2024-11-05 16:00:00+00:00,10.772130012512207,10.921488761901855,10.69947338104248,10.69947338104248
2024-11-05 20:00:00+00:00,10.688708305358887,10.897481918334961,10.6804838180542,10.844111442565918
2024-11-06 00:00:00+00:00,10.842085838317871,11.711071014404297,10.82515811920166,11.696693420410156
2024-11-06 04:00:00+00:00,11.69604206085205,11.938652992248535,11.626669883728027,11.783719062805176
2024-11-06 08:00:00+00:00,11.783551216125488,11.88683795928955,11.579033851623535,11.837418556213379
2024-11-06 12:00:00+00:00,11.837547302246094,11.883718490600586,11.691118240356445,11.844101905822754
2024-11-06 16:00:00+00:00,11.843619346618652,11.958539009094238,11.82486629486084,11.958539009094238
2024-11-06 20:00:00+00:00,11.961495399475098,12.290355682373047,11.959280967712402,12.168517112731934
2024-11-07 00:00:00+00:00,12.168255805969238,12.675742149353027,12.091339111328125,12.559276580810547
2024-11-07 04:00:00+00:00,12.560197830200195,12.564587593078613,12.227007865905762,12.305819511413574
2024-11-07 08:00:00+00:00,12.305221557617188,12.384847640991211,12.242898941040039,12.242898941040039
2024-11-07 12:00:00+00:00,12.240092277526855,12.420873641967773,12.171592712402344,12.420873641967773
2024-11-07 16:00:00+00:00,12.424155235290527,12.563149452209473,12.346197128295898,12.555560111999512
2024-11-07 20:00:00+00:00,12.565518379211426,12.676826477050781,12.483755111694336,12.606698989868164
2024-11-08 00:00:00+00:00,12.606480598449707,12.808380126953125,12.55208683013916,12.62778091430664
2024-11-08 04:00:00+00:00,12.627893447875977,12.855645179748535,12.627893447875977,12.8466215133667
2024-11-08 08:00:00+00:00,12.845016479492188,13.004096984863281,12.706619262695312,13.003268241882324
2024-11-08 12:00:00+00:00,13.002527236938477,13.38489818572998,13.002527236938477,13.283442497253418
2024-11-08 16:00:00+00:00,13.282315254211426,13.569317817687988,13.025766372680664,13.547819137573242
2024-11-08 20:00:00+00:00,13.54536247253418,13.736578941345215,13.3746337890625,13.71864128112793
2024-11-09 00:00:00+00:00,13.672552108764648,13.672552108764648,13.31452751159668,13.329543113708496
2024-11-09 04:00:00+00:00,13.330554962158203,13.714760780334473,13.330554962158203,13.484992027282715
2024-11-09 08:00:00+00:00,13.490111351013184,13.632157325744629,13.459080696105957,13.632157325744629
2024-11-09 12:00:00+00:00,13.631078720092773,13.631078720092773,13.424092292785645,13.51858139038086
2024-11-09 16:00:00+00:00,13.516763687133789,13.627463340759277,13.344220161437988,13.563103675842285
2024-11-09 20:00:00+00:00,13.56259536743164,13.802576065063477,13.480518341064453,13.762983322143555
2024-11-10 00:00:00+00:00,13.764151573181152,14.029725074768066,13.71284008026123,13.942763328552246
2024-11-10 04:00:00+00:00,13.943560600280762,14.531889915466309,13.92839527130127,14.477516174316406
2024-11-10 08:00:00+00:00,14.479459762573242,14.604097366333008,14.412639617919922,14.580427169799805
2024-11-10 12:00:00+00:00,14.581401824951172,14.730772972106934,14.473809242248535,14.580037117004395
2024-11-10 16:00:00+00:00,14.580912590026855,14.826093673706055,14.336678504943848,14.394174575805664
2024-11-10 20:00:00+00:00,14.394773483276367,14.462447166442871,13.74744987487793,14.289470672607422
2024-11-11 00:00:00+00:00,14.2793607711792,14.542502403259277,14.263167381286621,14.436199188232422
2024-11-11 04:00:00+00:00,14.437662124633789,14.437662124633789,13.676410675048828,13.83112907409668
2024-11-11 08:00:00+00:00,13.829543113708496,14.159913063049316,13.816582679748535,14.128507614135742
2024-11-11 12:00:00+00:00,14.127429962158203,14.435401916503906,13.871896743774414,14.333696365356445
2024-11-11 16:00:00+00:00,14.332229614257812,14.72768783569336,14.32979965209961,14.569670677185059
2024-11-11 20:00:00+00:00,14.572102546691895,14.9000825881958,14.372048377990723,14.895793914794922
2024-11-12 00:00:00+00:00,14.901280403137207,14.910602569580078,14.43162727355957,14.763492584228516
2024-11-12 04:00:00+00:00,14.764726638793945,14.879300117492676,14.597030639648438,14.832557678222656
2024-11-12 08:00:00+00:00,14.83359432220459,15.316885948181152,13.88789176940918,14.21523380279541
2024-11-12 12:00:00+00:00,14.212210655212402,14.295270919799805,13.725944519042969,13.964120864868164
2024-11-12 16:00:00+00:00,13.961517333984375,14.239763259887695,13.727744102478027,14.159571647644043
2024-11-12 20:00:00+00:00,14.159029006958008,14.280545234680176,13.956832885742188,14.004148483276367
2024-11-13 00:00:00+00:00,14.003484725952148,14.100172996520996,13.419073104858398,13.51008415222168
2024-11-13 04:00:00+00:00,13.507964134216309,13.62018871307373,13.106123924255371,13.396058082580566
2024-11-13 08:00:00+00:00,13.396535873413086,13.570167541503906,13.27281379699707,13.494438171386719
2024-11-13 12:00:00+00:00,13.495349884033203,14.35509204864502,13.380577087402344,14.228699684143066
2024-11-13 16:00:00+00:00,14.227540016174316,14.334627151489258,13.326725006103516,13.329813957214355
2024-11-13 20:00:00+00:00,13.325992584228516,13.53741455078125,13.133720397949219,13.47575855255127
2024-11-14 00:00:00+00:00,13.4768648147583,13.517578125,13.235832214355469,13.463028907775879
2024-11-14 04:00:00+00:00,13.463624954223633,13.81222152709961,13.40168571472168,13.638357162475586
2024-11-14 08:00:00+00:00,13.637494087219238,13.637494087219238,13.180086135864258,13.295212745666504
2024-11-14 12:00:00+00:00,13.296573638916016,13.491867065429688,12.934861183166504,12.988555908203125
2024-11-14 16:00:00+00:00,12.97932243347168,13.357281684875488,12.947436332702637,13.281303405761719
2024-11-14 20:00:00+00:00,13.28464412689209,13.333914756774902,12.860755920410156,12.971002578735352
2024-11-15 00:00:00+00:00,12.975194931030273,13.160618782043457,12.877737998962402,13.096453666687012
2024-11-15 04:00:00+00:00,13.097237586975098,13.282083511352539,12.746542930603027,13.163500785827637
2024-11-15 08:00:00+00:00,13.16484546661377,13.52621078491211,13.102272033691406,13.489570617675781
2024-11-15 12:00:00+00:00,13.490421295166016,13.629291534423828,13.176728248596191,13.178418159484863
2024-11-15 16:00:00+00:00,13.179230690002441,13.52829360961914,13.179230690002441,13.453604698181152
2024-11-15 20:00:00+00:00,13.477690696716309,13.884332656860352,13.477690696716309,13.824383735656738
2024-11-16 00:00:00+00:00,13.825132369995117,14.222492218017578,13.76799201965332,14.222492218017578
2024-11-16 04:00:00+00:00,14.223000526428223,14.28262996673584,14.01806926727295,14.025278091430664
2024-11-16 08:00:00+00:00,14.02522087097168,14.414632797241211,14.02522087097168,14.414632797241211
2024-11-16 12:00:00+00:00,14.41700267791748,14.49941635131836,14.11286735534668,14.151862144470215
2024-11-16 16:00:00+00:00,14.151591300964355,14.769407272338867,14.10425090789795,14.741140365600586
2024-11-16 20:00:00+00:00,14.742423057556152,14.76098918914795,14.469732284545898,14.526206016540527
2024-11-17 00:00:00+00:00,14.526719093322754,14.853736877441406,13.832053184509277,14.1378812789917
2024-11-17 04:00:00+00:00,14.139132499694824,14.515000343322754,14.08466911315918,14.451001167297363
2024-11-17 08:00:00+00:00,14.4486722946167,14.516568183898926,14.063103675842285,14.063103675842285
2024-11-17 12:00:00+00:00,14.061652183532715,14.18953800201416,13.917357444763184,13.917357444763184
2024-11-17 16:00:00+00:00,13.917707443237305,14.08299732208252,13.75827693939209,13.854395866394043
2024-11-17 20:00:00+00:00,13.854815483093262,13.908834457397461,13.600220680236816,13.778369903564453
2024-11-18 00:00:00+00:00,13.777753829956055,14.331145286560059,13.777753829956055,14.331145286560059
2024-11-18 04:00:00+00:00,14.335030555725098,14.856640815734863,14.215156555175781,14.856640815734863
2024-11-18 08:00:00+00:00,14.856047630310059,14.876482963562012,14.303662300109863,14.303770065307617
2024-11-18 12:00:00+00:00,14.322914123535156,15.158904075622559,14.277670860290527,15.158904075622559
2024-11-18 16:00:00+00:00,15.162074089050293,15.956270217895508,14.844526290893555,14.962409019470215
2024-11-18 20:00:00+00:00,14.959392547607422,15.408241271972656,14.89551067352295,15.220762252807617
2024-11-19 00:00:00+00:00,15.226066589355469,15.4004487991333,14.931182861328125,15.09858226776123
2024-11-19 04:00:00+00:00,15.097064018249512,15.097244262695312,14.860992431640625,14.87317180633545
2024-11-19 08:00:00+00:00,14.871928215026855,14.979387283325195,14.684014320373535,14.979387283325195
2024-11-19 12:00:00+00:00,14.979581832885742,15.131953239440918,14.64771842956543,14.744324684143066
2024-11-19 16:00:00+00:00,14.745006561279297,15.006047248840332,14.686554908752441,14.912191390991211
2024-11-19 20:00:00+00:00,14.911335945129395,14.971358299255371,14.485088348388672,14.646294593811035
2024-11-20 00:00:00+00:00,14.639172554016113,14.667486190795898,14.237749099731445,14.41187572479248
2024-11-20 04:00:00+00:00,14.418819427490234,14.635393142700195,14.300543785095215,14.4861421585083
2024-11-20 08:00:00+00:00,14.484902381896973,14.915295600891113,14.467609405517578,14.707035064697266
2024-11-20 12:00:00+00:00,14.706405639648438,15.280155181884766,14.665700912475586,15.013643264770508
2024-11-20 16:00:00+00:00,15.004212379455566,15.004212379455566,14.074769020080566,14.206533432006836
2024-11-20 20:00:00+00:00,14.203248023986816,14.523197174072266,14.131401062011719,14.247103691101074
2024-11-21 00:00:00+00:00,14.245733261108398,14.436592102050781,13.88066577911377,14.173981666564941
2024-11-21 04:00:00+00:00,14.17344856262207,14.662031173706055,14.167183876037598,14.656383514404297
2024-11-21 08:00:00+00:00,14.657470703125,14.712459564208984,14.388566017150879,14.626181602478027
2024-11-21 12:00:00+00:00,14.6259183883667,15.358331680297852,14.620718955993652,14.84010124206543
2024-11-21 16:00:00+00:00,14.831694602966309,15.14341926574707,14.825468063354492,14.919046401977539
2024-11-21 20:00:00+00:00,14.915947914123535,14.991538047790527,14.707759857177734,14.908305168151855
2024-11-22 00:00:00+00:00,14.912341117858887,15.150798797607422,14.758637428283691,15.146857261657715
2024-11-22 04:00:00+00:00,15.136801719665527,15.400360107421875,15.075136184692383,15.276284217834473
2024-11-22 08:00:00+00:00,15.275291442871094,15.34311294555664,14.986967086791992,15.34311294555664
2024-11-22 12:00:00+00:00,15.345193862915039,15.527904510498047,14.954596519470215,15.415451049804688
2024-11-22 16:00:00+00:00,15.411810874938965,15.777528762817383,15.212268829345703,15.263042449951172
2024-11-22 20:00:00+00:00,15.264217376708984,16.552011489868164,15.23664665222168,16.531831741333008
2024-11-23 00:00:00+00:00,16.537132263183594,17.021453857421875,16.350112915039062,16.768156051635742
2024-11-23 04:00:00+00:00,16.76822853088379,17.01782989501953,16.500030517578125,17.015317916870117
2024-11-23 08:00:00+00:00,17.01637840270996,17.185705184936523,16.71190071105957,17.05471420288086
2024-11-23 12:00:00+00:00,17.04823112487793,17.90205955505371,16.96552276611328,17.90205955505371
2024-11-23 16:00:00+00:00,17.90044593811035,18.233489990234375,17.345855712890625,17.590452194213867
2024-11-23 20:00:00+00:00,17.580703735351562,17.772266387939453,17.110380172729492,17.385408401489258
2024-11-24 00:00:00+00:00,17.38474464416504,18.282127380371094,17.381498336791992,18.078174591064453
2024-11-24 04:00:00+00:00,18.077775955200195,18.11726188659668,17.613903045654297,17.795682907104492
2024-11-24 08:00:00+00:00,17.796470642089844,17.84026527404785,16.767515182495117,16.76778221130371
2024-11-24 12:00:00+00:00,16.76186180114746,16.854961395263672,16.257308959960938,16.410627365112305
2024-11-24 16:00:00+00:00,16.408309936523438,17.114099502563477,16.359155654907227,17.02116584777832
2024-11-24 20:00:00+00:00,17.017608642578125,18.070960998535156,17.017608642578125,17.946636199951172
2024-11-25 00:00:00+00:00,17.946636199951172,18.181102752685547,17.43068504333496,17.824674606323242
2024-11-25 04:00:00+00:00,17.824411392211914,18.33850860595703,17.820606231689453,18.27027130126953
2024-11-25 08:00:00+00:00,18.277267456054688,19.003215789794922,18.2656192779541,18.65532112121582
2024-11-25 12:00:00+00:00,18.655256271362305,18.78756332397461,17.708160400390625,18.640911102294922
2024-11-25 16:00:00+00:00,18.60584831237793,18.697559356689453,17.671676635742188,17.91067123413086
2024-11-25 20:00:00+00:00,17.904556274414062,18.162334442138672,17.191099166870117,17.386852264404297
2024-11-26 00:00:00+00:00,17.35683250427246,17.80042839050293,17.294231414794922,17.60390853881836
2024-11-26 04:00:00+00:00,17.599872589111328,17.6491641998291,17.189706802368164,17.213987350463867
2024-11-26 08:00:00+00:00,17.20362091064453,17.20832633972168,16.255958557128906,16.54008674621582
2024-11-26 12:00:00+00:00,16.537683486938477,17.459142684936523,16.522178649902344,17.008033752441406
2024-11-26 16:00:00+00:00,17.005407333374023,17.37308120727539,16.751535415649414,17.011173248291016
2024-11-26 20:00:00+00:00,17.016298294067383,17.465885162353516,17.00437355041504,17.338848114013672
2024-11-27 00:00:00+00:00,17.338172912597656,17.5010986328125,17.025819778442383,17.38686752319336
2024-11-27 04:00:00+00:00,17.38559341430664,18.215106964111328,17.380165100097656,18.1414737701416
2024-11-27 08:00:00+00:00,18.141550064086914,18.48469352722168,17.93406105041504,18.09944725036621
2024-11-27 12:00:00+00:00,18.101587295532227,18.249300003051758,17.760778427124023,18.132843017578125
2024-11-27 16:00:00+00:00,18.123079299926758,18.270166397094727,17.777793884277344,18.0937442779541
2024-11-27 20:00:00+00:00,18.091733932495117,18.96854019165039,18.081750869750977,18.69670867919922
2024-11-28 00:00:00+00:00,18.69960594177246,18.69960594177246,17.914520263671875,18.07666778564453
2024-11-28 04:00:00+00:00,18.075820922851562,18.229339599609375,17.84627342224121,17.851472854614258
2024-11-28 08:00:00+00:00,17.8621883392334,18.047800064086914,17.818405151367188,18.032535552978516
2024-11-28 12:00:00+00:00,18.031801223754883,18.059473037719727,17.530717849731445,17.551836013793945
2024-11-28 16:00:00+00:00,17.54703140258789,17.95717430114746,17.531356811523438,17.815628051757812
2024-11-28 20:00:00+00:00,17.820608139038086,18.04881477355957,17.67972183227539,17.96095085144043
2024-11-29 00:00:00+00:00,17.961158752441406,18.04813003540039,17.79669189453125,17.825908660888672
2024-11-29 04:00:00+00:00,17.82455825805664,17.82455825805664,17.57450294494629,17.57450294494629
2024-11-29 08:00:00+00:00,17.56936264038086,18.161052703857422,17.55548858642578,18.127229690551758
2024-11-29 12:00:00+00:00,18.127708435058594,18.37200927734375,17.957950592041016,18.14334487915039
2024-11-29 16:00:00+00:00,18.139413833618164,18.146495819091797,17.870431900024414,18.08134651184082
2024-11-29 20:00:00+00:00,18.08359718322754,18.37101936340332,18.043838500976562,18.2898006439209
2024-11-30 00:00:00+00:00,18.261777877807617,18.494760513305664,17.98229217529297,18.491147994995117
2024-11-30 04:00:00+00:00,18.491018295288086,18.682710647583008,18.28983497619629,18.62163734436035
2024-11-30 08:00:00+00:00,18.624547958374023,18.719894409179688,18.14018440246582,18.23517417907715
2024-11-30 12:00:00+00:00,18.23638153076172,18.919422149658203,18.23638153076172,18.89891242980957
2024-11-30 16:00:00+00:00,18.898094177246094,19.339078903198242,18.653026580810547,19.329381942749023
2024-11-30 20:00:00+00:00,19.330236434936523,19.40238380432129,19.022445678710938,19.022445678710938
2024-12-01 00:00:00+00:00,19.00564956665039,19.068954467773438,18.502708435058594,18.743412017822266
2024-12-01 04:00:00+00:00,18.742738723754883,18.90143585205078,18.565004348754883,18.660907745361328
2024-12-01 08:00:00+00:00,18.661283493041992,18.791587829589844,18.55260467529297,18.736003875732422
2024-12-01 12:00:00+00:00,18.73960304260254,18.972572326660156,18.628087997436523,18.846675872802734
2024-12-01 16:00:00+00:00,18.84697723388672,18.909013748168945,18.636743545532227,18.702106475830078
2024-12-01 20:00:00+00:00,18.705062866210938,19.00489616394043,18.481185913085938,18.889631271362305
2024-12-02 00:00:00+00:00,18.896873474121094,19.67886734008789,18.896873474121094,18.919574737548828
2024-12-02 04:00:00+00:00,18.931610107421875,19.955177307128906,18.665950775146484,19.84623146057129
2024-12-02 08:00:00+00:00,19.840572357177734,20.80854034423828,19.018251419067383,19.73072624206543
2024-12-02 12:00:00+00:00,19.729646682739258,21.75481605529785,19.576372146606445,21.720258712768555
2024-12-02 16:00:00+00:00,21.732685089111328,23.924362182617188,21.207578659057617,23.90398597717285
2024-12-02 20:00:00+00:00,23.81458282470703,26.373817443847656,23.807405471801758,25.074655532836914
2024-12-03 00:00:00+00:00,25.090578079223633,25.327438354492188,23.85912322998047,24.261829376220703
2024-12-03 04:00:00+00:00,24.2559757232666,25.28986358642578,24.080034255981445,24.907115936279297
2024-12-03 08:00:00+00:00,24.937437057495117,26.0714111328125,24.649789810180664,24.67511749267578
2024-12-03 12:00:00+00:00,24.653501510620117,24.8715763092041,23.008953094482422,23.901084899902344
2024-12-03 16:00:00+00:00,23.925539016723633,24.518054962158203,23.501684188842773,24.376028060913086
2024-12-03 20:00:00+00:00,24.368574142456055,25.17987060546875,24.188398361206055,24.21832275390625
2024-12-04 00:00:00+00:00,24.199621200561523,24.547826766967773,23.703369140625,24.024551391601562
2024-12-04 04:00:00+00:00,24.0208683013916,24.578319549560547,23.969755172729492,24.497243881225586
2024-12-04 08:00:00+00:00,24.49135398864746,25.038352966308594,24.07710075378418,24.64324378967285
2024-12-04 12:00:00+00:00,24.643848419189453,26.309694290161133,24.138376235961914,25.414379119873047
2024-12-04 16:00:00+00:00,25.405986785888672,25.422618865966797,24.19382095336914,25.008785247802734
2024-12-04 20:00:00+00:00,25.00782012939453,25.067386627197266,23.807849884033203,24.112483978271484
2024-12-05 00:00:00+00:00,24.100019454956055,24.180416107177734,23.112234115600586,23.583955764770508
2024-12-05 04:00:00+00:00,23.57949447631836,24.3182373046875,23.576454162597656,23.9531307220459
2024-12-05 08:00:00+00:00,23.946834564208984,24.238662719726562,23.772808074951172,24.23833465576172
2024-12-05 12:00:00+00:00,24.237810134887695,24.728059768676758,24.096637725830078,24.340723037719727
2024-12-05 16:00:00+00:00,24.3304500579834,24.565248489379883,23.65915870666504,23.66203498840332
2024-12-05 20:00:00+00:00,23.667158126831055,23.94637680053711,23.079423904418945,23.172365188598633
2024-12-06 00:00:00+00:00,23.195770263671875,24.059173583984375,23.14703941345215,23.975872039794922
2024-12-06 04:00:00+00:00,24.005739212036133,24.22525978088379,23.808406829833984,23.812801361083984
2024-12-06 08:00:00+00:00,23.81428337097168,24.02853012084961,23.186447143554688,23.303321838378906
2024-12-06 12:00:00+00:00,23.30194091796875,24.109853744506836,22.896303176879883,23.789987564086914
2024-12-06 16:00:00+00:00,23.800783157348633,24.99295997619629,23.796133041381836,24.99295997619629
2024-12-06 20:00:00+00:00,24.9836483001709,25.919862747192383,24.911327362060547,25.811050415039062
2024-12-07 00:00:00+00:00,25.87679100036621,26.766586303710938,25.235382080078125,26.745922088623047
2024-12-07 04:00:00+00:00,26.726499557495117,26.726499557495117,25.351919174194336,25.374616622924805
2024-12-07 08:00:00+00:00,25.38031768798828,25.39936065673828,24.82319450378418,24.946453094482422
2024-12-07 12:00:00+00:00,24.9490966796875,25.14640998840332,24.916698455810547,25.00897789001465
2024-12-07 16:00:00+00:00,25.00738525390625,25.00738525390625,24.498241424560547,24.809507369995117
2024-12-07 20:00:00+00:00,24.79825782775879,24.906763076782227,24.659013748168945,24.800466537475586
2024-12-08 00:00:00+00:00,24.803712844848633,24.997976303100586,24.752283096313477,24.82106590270996
2024-12-08 04:00:00+00:00,24.821008682250977,25.53158950805664,24.732471466064453,25.375703811645508
2024-12-08 08:00:00+00:00,25.374923706054688,26.706693649291992,25.245832443237305,26.68865203857422
2024-12-08 12:00:00+00:00,26.654150009155273,27.33694076538086,26.118928909301758,26.2706298828125
2024-12-08 16:00:00+00:00,26.268953323364258,26.268953323364258,25.5561466217041,25.91005516052246
2024-12-08 20:00:00+00:00,25.89121437072754,26.572399139404297,25.666250228881836,26.144441604614258
2024-12-09 00:00:00+00:00,26.14483070373535,27.260875701904297,25.94672966003418,26.636314392089844
2024-12-09 04:00:00+00:00,26.631973266601562,27.212400436401367,25.702367782592773,26.2691593170166
2024-12-09 08:00:00+00:00,26.269893646240234,26.269893646240234,24.55714225769043,24.651466369628906
2024-12-09 12:00:00+00:00,24.662734985351562,25.80333709716797,24.360321044921875,24.37289047241211
2024-12-09 16:00:00+00:00,24.3741397857666,24.552104949951172,23.652475357055664,23.713783264160156
2024-12-09 20:00:00+00:00,23.702077865600586,23.702077865600586,20.45658302307129,22.346227645874023
2024-12-10 00:00:00+00:00,22.344614028930664,22.643722534179688,20.810909271240234,21.578271865844727
2024-12-10 04:00:00+00:00,21.601728439331055,23.334041595458984,21.19672203063965,22.95652198791504
2024-12-10 08:00:00+00:00,22.960140228271484,23.69948959350586,22.826766967773438,23.2520694732666
2024-12-10 12:00:00+00:00,23.25192642211914,23.25192642211914,21.479887008666992,21.479887008666992
2024-12-10 16:00:00+00:00,21.470109939575195,21.58087158203125,20.40520668029785,21.462533950805664
2024-12-10 20:00:00+00:00,21.466516494750977,22.423250198364258,21.387277603149414,22.216453552246094
2024-12-11 00:00:00+00:00,22.210214614868164,22.48263931274414,21.223386764526367,22.48263931274414
2024-12-11 04:00:00+00:00,22.47377586364746,22.61081314086914,22.265066146850586,22.30174446105957
2024-12-11 08:00:00+00:00,22.295156478881836,22.95936393737793,22.28277015686035,22.79303741455078
2024-12-11 12:00:00+00:00,22.799240112304688,24.196657180786133,22.799240112304688,23.907249450683594
2024-12-11 16:00:00+00:00,23.912551879882812,24.13593292236328,23.49982261657715,23.780778884887695
2024-12-11 20:00:00+00:00,23.784465789794922,24.297826766967773,23.731063842773438,24.093076705932617
2024-12-12 00:00:00+00:00,24.092308044433594,27.00884437561035,23.964582443237305,26.987520217895508
2024-12-12 04:00:00+00:00,27.021644592285156,29.368080139160156,27.021644592285156,28.769657135009766
2024-12-12 08:00:00+00:00,28.774866104125977,29.133132934570312,27.629148483276367,27.83340072631836
2024-12-12 12:00:00+00:00,27.83041763305664,28.441118240356445,27.5306339263916,28.330842971801758
2024-12-12 16:00:00+00:00,28.329299926757812,28.443506240844727,26.968141555786133,26.968141555786133
2024-12-12 20:00:00+00:00,26.9665470123291,29.284948348999023,26.904129028320312,29.284948348999023
2024-12-13 00:00:00+00:00,29.222166061401367,30.803850173950195,28.336212158203125,30.07684898376465
2024-12-13 04:00:00+00:00,30.08162498474121,30.224653244018555,28.72616195678711,29.016592025756836
2024-12-13 08:00:00+00:00,28.995479583740234,28.995479583740234,28.189090728759766,28.441516876220703
2024-12-13 12:00:00+00:00,28.435453414916992,28.512008666992188,27.652374267578125,27.652374267578125
2024-12-13 16:00:00+00:00,27.657711029052734,28.163190841674805,27.657711029052734,28.1076717376709
2024-12-13 20:00:00+00:00,28.10546875,29.024141311645508,27.829971313476562,29.024141311645508
2024-12-14 00:00:00+00:00,29.0205078125,30.506046295166016,28.894269943237305,29.49153709411621
2024-12-14 04:00:00+00:00,29.489826202392578,29.766450881958008,29.210391998291016,29.57676124572754
2024-12-14 08:00:00+00:00,29.5633602142334,30.26503562927246,29.363208770751953,29.770246505737305
2024-12-14 12:00:00+00:00,29.77187156677246,30.683542251586914,28.802637100219727,30.43840980529785
2024-12-14 16:00:00+00:00,30.437307357788086,30.437307357788086,29.007545471191406,29.224594116210938
2024-12-14 20:00:00+00:00,29.218015670776367,29.607261657714844,28.895931243896484,29.112117767333984
2024-12-15 00:00:00+00:00,29.11775779724121,29.434906005859375,28.601545333862305,29.350008010864258
2024-12-15 04:00:00+00:00,29.33269500732422,29.739694595336914,28.617677688598633,28.737390518188477
2024-12-15 08:00:00+00:00,28.73732566833496,29.02866554260254,28.593372344970703,28.673065185546875
2024-12-15 12:00:00+00:00,28.730165481567383,29.255218505859375,28.325647354125977,29.155445098876953
2024-12-15 16:00:00+00:00,29.149221420288086,29.514236450195312,28.800193786621094,28.946102142333984
2024-12-15 20:00:00+00:00,28.945281982421875,29.51251220703125,28.068986892700195,29.224506378173828
2024-12-16 00:00:00+00:00,29.23497200012207,29.62027359008789,28.452648162841797,28.628080368041992
2024-12-16 04:00:00+00:00,28.636856079101562,29.416154861450195,28.482755661010742,29.27495002746582
2024-12-16 08:00:00+00:00,29.27094268798828,30.7210636138916,28.96609115600586,29.872920989990234
2024-12-16 12:00:00+00:00,29.890520095825195,30.50795555114746,29.31713104248047,30.31036376953125
2024-12-16 16:00:00+00:00,30.30633544921875,30.32299041748047,29.34592056274414,29.615489959716797
2024-12-16 20:00:00+00:00,29.610490798950195,29.71833038330078,28.744182586669922,28.744182586669922
2024-12-17 00:00:00+00:00,28.745296478271484,28.974647521972656,28.445228576660156,28.780187606811523
2024-12-17 04:00:00+00:00,28.77939224243164,28.77939224243164,28.10703468322754,28.125812530517578
2024-12-17 08:00:00+00:00,28.128387451171875,28.798912048339844,27.95625114440918,28.35982322692871
2024-12-17 12:00:00+00:00,28.361007690429688,28.545425415039062,27.569063186645508,27.569063186645508
2024-12-17 16:00:00+00:00,27.572341918945312,28.193574905395508,27.459674835205078,27.731386184692383
2024-12-17 20:00:00+00:00,27.730791091918945,28.214208602905273,27.541975021362305,27.824840545654297
2024-12-18 00:00:00+00:00,27.82785415649414,28.261234283447266,27.538684844970703,27.734079360961914
2024-12-18 04:00:00+00:00,27.6696720123291,27.6696720123291,26.890756607055664,27.182205200195312
2024-12-18 08:00:00+00:00,27.18025779724121,27.842639923095703,26.975374221801758,27.842639923095703
2024-12-18 12:00:00+00:00,27.843555450439453,27.86778450012207,26.60982322692871,27.101394653320312
2024-12-18 16:00:00+00:00,27.096899032592773,27.800756454467773,26.736717224121094,26.736717224121094
2024-12-18 20:00:00+00:00,26.700849533081055,26.700849533081055,24.803604125976562,24.891292572021484
2024-12-19 00:00:00+00:00,24.889589309692383,25.230350494384766,23.5899600982666,24.857088088989258
2024-12-19 04:00:00+00:00,24.85674285888672,24.921913146972656,24.47725486755371,24.899669647216797
2024-12-19 08:00:00+00:00,24.863998413085938,25.53402328491211,24.55963134765625,25.457923889160156
2024-12-19 12:00:00+00:00,25.45314598083496,25.45314598083496,23.82910919189453,24.054458618164062
2024-12-19 16:00:00+00:00,24.054983139038086,24.294952392578125,22.07879638671875,22.140268325805664
2024-12-19 20:00:00+00:00,22.163978576660156,23.203359603881836,21.83974266052246,22.89216423034668
2024-12-20 00:00:00+00:00,22.884130477905273,23.633407592773438,22.674606323242188,23.189128875732422
2024-12-20 04:00:00+00:00,23.189453125,23.296911239624023,22.228246688842773,22.61810302734375
2024-12-20 08:00:00+00:00,22.615633010864258,22.615633010864258,20.206106185913086,20.229366302490234
2024-12-20 12:00:00+00:00,20.210796356201172,22.85944175720215,20.06338119506836,22.777170181274414
2024-12-20 16:00:00+00:00,22.768077850341797,23.627979278564453,22.482206344604492,23.37141990661621
2024-12-20 20:00:00+00:00,23.368328094482422,23.580448150634766,22.760787963867188,23.364580154418945
2024-12-21 00:00:00+00:00,23.364343643188477,23.634492874145508,23.098583221435547,23.101879119873047
2024-12-21 04:00:00+00:00,23.106420516967773,24.884098052978516,23.106420516967773,24.630229949951172
2024-12-21 08:00:00+00:00,24.617244720458984,24.664546966552734,23.726465225219727,23.881437301635742
2024-12-21 12:00:00+00:00,23.868547439575195,23.868547439575195,22.41609764099121,22.888296127319336
2024-12-21 16:00:00+00:00,22.886165618896484,22.886165618896484,21.978561401367188,22.19085693359375
2024-12-21 20:00:00+00:00,22.196285247802734,22.519329071044922,21.85219383239746,22.126169204711914
2024-12-22 00:00:00+00:00,22.126245498657227,22.392087936401367,21.936676025390625,22.15388298034668
2024-12-22 04:00:00+00:00,22.157711029052734,22.196929931640625,21.609010696411133,21.960365295410156
2024-12-22 08:00:00+00:00,21.95940399169922,22.684038162231445,21.95940399169922,22.48596954345703
2024-12-22 12:00:00+00:00,22.48320960998535,22.622774124145508,21.621896743774414,21.797441482543945
2024-12-22 16:00:00+00:00,21.80062484741211,22.454050064086914,21.658803939819336,21.658803939819336
2024-12-22 20:00:00+00:00,21.662221908569336,22.361499786376953,21.378612518310547,22.047758102416992
2024-12-23 00:00:00+00:00,22.04673957824707,23.194866180419922,21.55217170715332,23.096588134765625
2024-12-23 04:00:00+00:00,23.095012664794922,23.338790893554688,22.329099655151367,22.566991806030273
2024-12-23 08:00:00+00:00,22.57270050048828,23.30326271057129,22.57270050048828,23.098430633544922
2024-12-23 12:00:00+00:00,23.096540451049805,23.292478561401367,22.159923553466797,22.159923553466797
2024-12-23 16:00:00+00:00,22.155515670776367,23.023666381835938,22.120323181152344,22.879776000976562
2024-12-23 20:00:00+00:00,22.88115882873535,24.884872436523438,22.88115882873535,24.475378036499023
2024-12-24 00:00:00+00:00,24.523937225341797,24.524974822998047,23.598125457763672,24.03514289855957
2024-12-24 04:00:00+00:00,24.048629760742188,24.267356872558594,23.79003143310547,23.894794464111328
2024-12-24 08:00:00+00:00,23.8917293548584,24.321271896362305,23.845335006713867,24.078800201416016
2024-12-24 12:00:00+00:00,24.1002140045166,24.883262634277344,23.82198715209961,24.63903045654297
2024-12-24 16:00:00+00:00,24.637197494506836,25.365251541137695,24.422039031982422,25.208984375
2024-12-24 20:00:00+00:00,25.181015014648438,25.93275260925293,24.679100036621094,25.439491271972656
2024-12-25 00:00:00+00:00,25.43753433227539,25.441638946533203,24.595457077026367,24.650300979614258
2024-12-25 04:00:00+00:00,24.654014587402344,25.070453643798828,24.6070556640625,24.75868034362793
2024-12-25 08:00:00+00:00,24.7561092376709,25.52446174621582,24.677955627441406,24.677955627441406
2024-12-25 12:00:00+00:00,24.660694122314453,24.81467628479004,24.495285034179688,24.654987335205078
2024-12-25 16:00:00+00:00,24.65436363220215,24.68886375427246,24.292211532592773,24.681976318359375
2024-12-25 20:00:00+00:00,24.685440063476562,24.71209716796875,24.213247299194336,24.430788040161133
2024-12-26 00:00:00+00:00,24.432756423950195,24.637378692626953,23.899831771850586,23.976116180419922
2024-12-26 04:00:00+00:00,23.97233772277832,23.97233772277832,23.411270141601562,23.43075942993164
2024-12-26 08:00:00+00:00,23.429067611694336,23.429067611694336,22.828027725219727,23.0283145904541
2024-12-26 12:00:00+00:00,23.02726173400879,23.112611770629883,22.740629196166992,22.800052642822266
2024-12-26 16:00:00+00:00,22.792097091674805,23.0462703704834,22.608417510986328,22.762189865112305
2024-12-26 20:00:00+00:00,22.7662353515625,22.834362030029297,22.463027954101562,22.65219497680664
2024-12-27 00:00:00+00:00,22.652332305908203,23.19487762451172,22.55378532409668,22.988523483276367
2024-12-27 04:00:00+00:00,22.98696517944336,23.102388381958008,22.490625381469727,22.58345603942871
2024-12-27 08:00:00+00:00,22.58247184753418,23.619125366210938,22.58247184753418,23.391855239868164
2024-12-27 12:00:00+00:00,23.391216278076172,23.417652130126953,22.252267837524414,22.281822204589844
2024-12-27 16:00:00+00:00,22.27777671813965,22.684181213378906,22.0799560546875,22.225645065307617
2024-12-27 20:00:00+00:00,22.22252082824707,22.22252082824707,21.398128509521484,21.529010772705078
2024-12-28 00:00:00+00:00,21.536041259765625,21.5902042388916,21.241443634033203,21.38793182373047
2024-12-28 04:00:00+00:00,21.376262664794922,21.386192321777344,21.06110382080078,21.06110954284668
2024-12-28 08:00:00+00:00,21.060117721557617,21.378080368041992,21.060117721557617,21.301359176635742
2024-12-28 12:00:00+00:00,21.301557540893555,21.78435516357422,21.170211791992188,21.467235565185547
2024-12-28 16:00:00+00:00,21.4682674407959,22.121484756469727,21.374610900878906,21.75489616394043
2024-12-28 20:00:00+00:00,21.757266998291016,22.27290916442871,21.723346710205078,21.966087341308594
2024-12-29 00:00:00+00:00,21.96441078186035,21.96441078186035,21.634199142456055,21.771142959594727
2024-12-29 04:00:00+00:00,21.772705078125,21.860950469970703,21.533872604370117,21.860950469970703
2024-12-29 08:00:00+00:00,21.863630294799805,21.88336753845215,21.515825271606445,21.515825271606445
2024-12-29 12:00:00+00:00,21.512996673583984,21.684497833251953,21.289234161376953,21.460628509521484
2024-12-29 16:00:00+00:00,21.445032119750977,21.445032119750977,21.212583541870117,21.243877410888672
2024-12-29 20:00:00+00:00,21.241722106933594,21.241722106933594,20.77836799621582,20.938501358032227
2024-12-30 00:00:00+00:00,20.89665985107422,21.71356964111328,20.865928649902344,21.083969116210938
2024-12-30 04:00:00+00:00,21.077192306518555,21.322616577148438,20.953649520874023,21.102596282958984
2024-12-30 08:00:00+00:00,21.111589431762695,21.32532501220703,20.998950958251953,21.199913024902344
2024-12-30 12:00:00+00:00,21.197059631347656,21.368209838867188,20.106237411499023,20.298145294189453
2024-12-30 16:00:00+00:00,20.298986434936523,21.124971389770508,20.172584533691406,21.025421142578125
2024-12-30 20:00:00+00:00,21.02566146850586,21.281822204589844,20.395044326782227,20.583101272583008
2024-12-31 00:00:00+00:00,20.58077621459961,20.58077621459961,20.2556095123291,20.2556095123291
2024-12-31 04:00:00+00:00,20.255020141601562,20.404115676879883,20.20431137084961,20.297361373901367
2024-12-31 08:00:00+00:00,20.297208786010742,20.819713592529297,20.297208786010742,20.491138458251953
2024-12-31 12:00:00+00:00,20.49250602722168,21.07358741760254,20.486270904541016,20.859235763549805
2024-12-31 16:00:00+00:00,20.853734970092773,20.853734970092773,20.046550750732422,20.071290969848633
2024-12-31 20:00:00+00:00,20.071176528930664,20.121461868286133,19.859813690185547,20.001163482666016
2025-01-01 00:00:00+00:00,19.991310119628906,20.183021545410156,19.970035552978516,20.056081771850586
2025-01-01 04:00:00+00:00,20.055904388427734,20.055904388427734,19.9005184173584,19.960712432861328
2025-01-01 08:00:00+00:00,19.9597225189209,20.05443572998047,19.70803451538086,20.01284408569336
2025-01-01 12:00:00+00:00,20.012405395507812,20.470985412597656,19.993745803833008,20.470985412597656
2025-01-01 16:00:00+00:00,20.470685958862305,21.468250274658203,20.399076461791992,21.43210220336914
2025-01-01 20:00:00+00:00,21.437116622924805,21.771202087402344,21.437116622924805,21.674785614013672
2025-01-02 00:00:00+00:00,21.673812866210938,22.245967864990234,21.673812866210938,21.867382049560547
2025-01-02 04:00:00+00:00,21.86585807800293,22.299894332885742,21.834312438964844,22.279157638549805
2025-01-02 08:00:00+00:00,22.28213882446289,22.718252182006836,22.056093215942383,22.510053634643555
2025-01-02 12:00:00+00:00,22.517194747924805,22.826824188232422,22.15735626220703,22.17838478088379
2025-01-02 16:00:00+00:00,22.18169593811035,22.471525192260742,22.087427139282227,22.151710510253906
2025-01-02 20:00:00+00:00,22.147281646728516,22.18338394165039,21.858808517456055,22.040437698364258
2025-01-03 00:00:00+00:00,22.03818130493164,22.35854148864746,21.924240112304688,22.177867889404297
2025-01-03 04:00:00+00:00,22.17629623413086,22.215322494506836,21.802953720092773,21.802953720092773
2025-01-03 08:00:00+00:00,21.802650451660156,22.609554290771484,21.69269561767578,22.609554290771484
2025-01-03 12:00:00+00:00,22.60978889465332,23.453449249267578,22.460342407226562,23.453449249267578
2025-01-03 16:00:00+00:00,23.454103469848633,23.854782104492188,23.382217407226562,23.8089542388916
2025-01-03 20:00:00+00:00,23.809314727783203,23.809314727783203,23.359546661376953,23.398448944091797
2025-01-04 00:00:00+00:00,23.406246185302734,23.47664451599121,23.14923667907715,23.214393615722656
2025-01-04 04:00:00+00:00,23.195690155029297,23.312231063842773,23.05790901184082,23.29435920715332
2025-01-04 08:00:00+00:00,23.294416427612305,23.294416427612305,22.910541534423828,23.072612762451172
2025-01-04 12:00:00+00:00,23.07551383972168,23.85621452331543,23.06502914428711,23.224884033203125
2025-01-04 16:00:00+00:00,23.221139907836914,23.7354793548584,23.202106475830078,23.635244369506836
2025-01-04 20:00:00+00:00,23.634550094604492,23.9805965423584,23.61278533935547,23.61278533935547
2025-01-05 00:00:00+00:00,23.605886459350586,23.717557907104492,23.276275634765625,23.311317443847656
2025-01-05 04:00:00+00:00,23.310819625854492,23.771909713745117,23.310819625854492,23.513303756713867
2025-01-05 08:00:00+00:00,23.513935089111328,23.51416778564453,23.0759220123291,23.09908676147461
2025-01-05 12:00:00+00:00,23.09907341003418,23.3399658203125,22.906272888183594,23.290363311767578
2025-01-05 16:00:00+00:00,23.2879695892334,23.454835891723633,23.163066864013672,23.334379196166992
2025-01-05 20:00:00+00:00,23.365110397338867,23.699365615844727,23.284799575805664,23.63484001159668
2025-01-06 00:00:00+00:00,23.607505798339844,24.016481399536133,23.06033706665039,24.016481399536133
2025-01-06 04:00:00+00:00,24.05401611328125,24.1512393951416,23.528995513916016,23.528995513916016
2025-01-06 08:00:00+00:00,23.529130935668945,23.7821102142334,23.36707878112793,23.7821102142334
2025-01-06 12:00:00+00:00,23.786828994750977,24.417001724243164,23.550458908081055,24.318937301635742
2025-01-06 16:00:00+00:00,24.370269775390625,24.691917419433594,23.833606719970703,23.941513061523438
2025-01-06 20:00:00+00:00,23.94141960144043,24.053876876831055,23.700742721557617,23.810226440429688
2025-01-07 00:00:00+00:00,23.726757049560547,23.823366165161133,23.470672607421875,23.534950256347656
2025-01-07 04:00:00+00:00,23.530006408691406,23.64038848876953,23.368370056152344,23.3929386138916
2025-01-07 08:00:00+00:00,23.39413833618164,23.642902374267578,23.12982749938965,23.185264587402344
2025-01-07 12:00:00+00:00,23.195598602294922,23.355680465698242,21.89152717590332,22.134315490722656
2025-01-07 16:00:00+00:00,22.129253387451172,22.1372127532959,21.455671310424805,21.47395896911621
2025-01-07 20:00:00+00:00,21.472684860229492,21.6503849029541,21.27482032775879,21.394777297973633
2025-01-08 00:00:00+00:00,21.397001266479492,21.675188064575195,21.013418197631836,21.144432067871094
2025-01-08 04:00:00+00:00,21.14466667175293,21.19257354736328,20.57771110534668,20.90032958984375
2025-01-08 08:00:00+00:00,20.90076446533203,21.080677032470703,20.646257400512695,20.733936309814453
2025-01-08 12:00:00+00:00,20.73182487487793,20.915340423583984,20.557504653930664,20.622377395629883
2025-01-08 16:00:00+00:00,20.621238708496094,20.67212677001953,19.70777702331543,20.25961685180664
2025-01-08 20:00:00+00:00,20.232601165771484,20.595365524291992,20.070600509643555,20.455177307128906
2025-01-09 00:00:00+00:00,20.453502655029297,20.69354248046875,20.287242889404297,20.288354873657227
2025-01-09 04:00:00+00:00,20.287099838256836,20.330745697021484,19.808231353759766,19.812274932861328
2025-01-09 08:00:00+00:00,19.81183624267578,20.073225021362305,19.748010635375977,19.942468643188477
2025-01-09 12:00:00+00:00,19.932832717895508,20.282175064086914,19.35738754272461,20.225339889526367
2025-01-09 16:00:00+00:00,20.214576721191406,20.266969680786133,19.453937530517578,19.532983779907227
2025-01-09 20:00:00+00:00,19.50133514404297,19.82643699645996,19.207630157470703,19.645750045776367
2025-01-10 00:00:00+00:00,19.645477294921875,20.00688934326172,19.645477294921875,19.937829971313477
2025-01-10 04:00:00+00:00,19.93734359741211,20.48478889465332,19.881174087524414,20.351835250854492
2025-01-10 08:00:00+00:00,20.35139274597168,20.460220336914062,20.28453826904297,20.35483741760254
2025-01-10 12:00:00+00:00,20.35854721069336,20.392566680908203,19.595348358154297,20.013103485107422
2025-01-10 16:00:00+00:00,20.00943946838379,20.437023162841797,19.826248168945312,20.400453567504883
2025-01-10 20:00:00+00:00,20.39617156982422,20.39617156982422,20.23476219177246,20.266521453857422
2025-01-11 00:00:00+00:00,20.265413284301758,20.275400161743164,19.935842514038086,19.935842514038086
2025-01-11 04:00:00+00:00,19.935434341430664,20.071754455566406,19.889236450195312,19.914623260498047
2025-01-11 08:00:00+00:00,19.917104721069336,20.219417572021484,19.85542106628418,20.199417114257812
2025-01-11 12:00:00+00:00,20.197532653808594,20.197532653808594,19.944856643676758,19.978078842163086
2025-01-11 16:00:00+00:00,19.97955322265625,20.014751434326172,19.88752555847168,19.97006607055664
2025-01-11 20:00:00+00:00,19.971174240112305,20.660581588745117,19.970346450805664,20.19260597229004
2025-01-12 00:00:00+00:00,20.2017822265625,20.29555892944336,20.08266830444336,20.20602798461914
2025-01-12 04:00:00+00:00,20.209857940673828,20.295421600341797,19.991430282592773,20.075977325439453
2025-01-12 08:00:00+00:00,20.076148986816406,20.100378036499023,19.817155838012695,19.976734161376953
2025-01-12 12:00:00+00:00,19.96263313293457,20.199054718017578,19.898462295532227,20.135343551635742
2025-01-12 16:00:00+00:00,20.149024963378906,20.165233612060547,19.99742889404297,20.030994415283203
2025-01-12 20:00:00+00:00,20.028085708618164,20.07284927368164,19.61425018310547,19.837339401245117
2025-01-13 00:00:00+00:00,19.833377838134766,20.373106002807617,19.38962745666504,19.406221389770508
2025-01-13 04:00:00+00:00,19.389467239379883,19.704334259033203,19.035303115844727,19.09227752685547
2025-01-13 08:00:00+00:00,19.09332847595215,19.09332847595215,18.125749588012695,18.125749588012695
2025-01-13 12:00:00+00:00,18.1243896484375,19.044681549072266,18.059986114501953,18.942943572998047
2025-01-13 16:00:00+00:00,18.940898895263672,18.988237380981445,18.28483772277832,18.489063262939453
2025-01-13 20:00:00+00:00,18.48796844482422,19.537168502807617,18.42390251159668,19.36130142211914
2025-01-14 00:00:00+00:00,19.35721206665039,19.54225730895996,19.279247283935547,19.495107650756836
2025-01-14 04:00:00+00:00,19.50950050354004,19.732267379760742,19.449722290039062,19.46299934387207
2025-01-14 08:00:00+00:00,19.460464477539062,20.224807739257812,19.454370498657227,19.92526626586914
2025-01-14 12:00:00+00:00,19.926584243774414,20.359159469604492,19.802465438842773,20.215835571289062
2025-01-14 16:00:00+00:00,20.211071014404297,20.448593139648438,20.009077072143555,20.37477684020996
2025-01-14 20:00:00+00:00,20.368316650390625,20.47420310974121,20.218839645385742,20.310041427612305
2025-01-15 00:00:00+00:00,20.325937271118164,20.638965606689453,20.244277954101562,20.41135597229004
2025-01-15 04:00:00+00:00,20.416316986083984,20.78254508972168,20.281845092773438,20.695043563842773
2025-01-15 08:00:00+00:00,20.700380325317383,20.9478816986084,20.123558044433594,20.27825355529785
2025-01-15 12:00:00+00:00,20.281984329223633,21.718250274658203,20.186199188232422,21.652021408081055
2025-01-15 16:00:00+00:00,21.640954971313477,21.819910049438477,21.27662467956543,21.66961097717285
2025-01-15 20:00:00+00:00,21.659404754638672,22.12403106689453,21.599456787109375,22.1141414642334
2025-01-16 00:00:00+00:00,22.114198684692383,22.114198684692383,21.5116024017334,21.58983039855957
2025-01-16 04:00:00+00:00,21.599794387817383,21.80501937866211,21.59488296508789,21.728994369506836
2025-01-16 08:00:00+00:00,21.730106353759766,22.40374183654785,21.344816207885742,22.40374183654785
2025-01-16 12:00:00+00:00,22.436023712158203,23.22008514404297,22.286516189575195,23.133520126342773
2025-01-16 16:00:00+00:00,23.153425216674805,23.69117546081543,23.153425216674805,23.583282470703125
2025-01-16 20:00:00+00:00,23.5933780670166,23.710351943969727,22.846664428710938,23.005578994750977
2025-01-17 00:00:00+00:00,23.005475997924805,23.934772491455078,23.005475997924805,23.524394989013672
2025-01-17 04:00:00+00:00,23.52834701538086,24.23856544494629,23.516666412353516,24.115795135498047
2025-01-17 08:00:00+00:00,24.1284236907959,24.34778594970703,23.895864486694336,24.12171745300293
2025-01-17 12:00:00+00:00,24.128408432006836,24.458463668823242,23.94837188720703,24.36536979675293
2025-01-17 16:00:00+00:00,24.367172241210938,24.655927658081055,24.25461196899414,24.532054901123047
2025-01-17 20:00:00+00:00,24.52346420288086,25.196123123168945,24.52346420288086,25.112756729125977
2025-01-18 00:00:00+00:00,25.10898780822754,25.60883140563965,24.546777725219727,24.605554580688477
2025-01-18 04:00:00+00:00,24.597461700439453,24.64423179626465,23.552448272705078,23.841110229492188
2025-01-18 08:00:00+00:00,23.82326316833496,24.529970169067383,23.557342529296875,24.44248390197754
2025-01-18 12:00:00+00:00,24.437013626098633,24.685029983520508,23.96986961364746,24.17246437072754
2025-01-18 16:00:00+00:00,24.1660213470459,24.1660213470459,23.43672752380371,23.908288955688477
2025-01-18 20:00:00+00:00,23.9113712310791,24.148683547973633,23.57497787475586,24.11290168762207
2025-01-19 00:00:00+00:00,24.073848724365234,24.50165557861328,23.84348487854004,23.938003540039062
2025-01-19 04:00:00+00:00,23.923416137695312,23.923416137695312,23.13620376586914,23.365049362182617
2025-01-19 08:00:00+00:00,23.363880157470703,23.363880157470703,22.277576446533203,22.31227684020996
2025-01-19 12:00:00+00:00,22.3165340423584,25.742511749267578,22.3165340423584,25.306461334228516
2025-01-19 16:00:00+00:00,25.30512046813965,26.557714462280273,25.30512046813965,26.018861770629883
2025-01-19 20:00:00+00:00,26.019779205322266,26.430686950683594,23.82450294494629,24.2491512298584
2025-01-20 00:00:00+00:00,24.273317337036133,24.637733459472656,23.489015579223633,24.2677001953125
2025-01-20 04:00:00+00:00,24.27546501159668,26.326831817626953,24.053499221801758,26.265615463256836
2025-01-20 08:00:00+00:00,26.273128509521484,26.77670669555664,25.336389541625977,25.54100799560547
2025-01-20 12:00:00+00:00,25.56566047668457,26.369491577148438,24.736391067504883,25.819385528564453
2025-01-20 16:00:00+00:00,25.839628219604492,26.306861877441406,24.349790573120117,25.81096076965332
2025-01-20 20:00:00+00:00,25.806177139282227,25.806177139282227,25.007137298583984,25.068876266479492
2025-01-21 00:00:00+00:00,25.070112228393555,25.086780548095703,24.10698890686035,24.50520133972168
2025-01-21 04:00:00+00:00,24.50511360168457,24.50511360168457,23.723785400390625,24.019731521606445
2025-01-21 08:00:00+00:00,24.031728744506836,26.107675552368164,23.955699920654297,25.588899612426758
2025-01-21 12:00:00+00:00,25.599794387817383,26.33148956298828,25.49917984008789,25.865062713623047
2025-01-21 16:00:00+00:00,25.865896224975586,27.02432632446289,25.827342987060547,26.6534366607666
2025-01-21 20:00:00+00:00,26.653356552124023,26.83587074279785,26.19271469116211,26.595422744750977
2025-01-22 00:00:00+00:00,26.614215850830078,26.978302001953125,26.280067443847656,26.280067443847656
2025-01-22 04:00:00+00:00,26.282630920410156,26.32265281677246,25.739046096801758,25.800046920776367
2025-01-22 08:00:00+00:00,25.798812866210938,25.969697952270508,25.61678123474121,25.879901885986328
2025-01-22 12:00:00+00:00,25.877351760864258,25.900146484375,25.3754825592041,25.430448532104492
2025-01-22 16:00:00+00:00,25.433700561523438,25.649250030517578,25.283052444458008,25.44598388671875
2025-01-22 20:00:00+00:00,25.442644119262695,25.58053207397461,25.231618881225586,25.290746688842773
2025-01-23 00:00:00+00:00,25.289403915405273,25.289403915405273,24.527917861938477,24.792936325073242
2025-01-23 04:00:00+00:00,24.79452133178711,24.798887252807617,24.354854583740234,24.533414840698242
2025-01-23 08:00:00+00:00,24.53824234008789,24.571514129638672,24.03372573852539,24.451988220214844
2025-01-23 12:00:00+00:00,24.455047607421875,25.807687759399414,24.13654136657715,25.50075340270996
2025-01-23 16:00:00+00:00,25.484804153442383,26.08141326904297,24.762285232543945,24.769695281982422
2025-01-23 20:00:00+00:00,24.779632568359375,25.794153213500977,24.738697052001953,25.651262283325195
2025-01-24 00:00:00+00:00,25.674449920654297,25.768535614013672,24.967803955078125,25.212736129760742
2025-01-24 04:00:00+00:00,25.218368530273438,26.277956008911133,25.085330963134766,25.947412490844727
2025-01-24 08:00:00+00:00,25.942018508911133,26.373376846313477,25.909244537353516,26.169382095336914
2025-01-24 12:00:00+00:00,26.16438865661621,26.264509201049805,25.7793025970459,26.115678787231445
2025-01-24 16:00:00+00:00,26.120798110961914,26.180374145507812,25.728696823120117,25.767065048217773
2025-01-24 20:00:00+00:00,25.765419006347656,25.83588981628418,25.15300750732422,25.189668655395508
2025-01-25 00:00:00+00:00,25.188884735107422,25.295385360717773,24.853857040405273,25.268823623657227
2025-01-25 04:00:00+00:00,25.278615951538086,25.278615951538086,24.950763702392578,24.98708152770996
2025-01-25 08:00:00+00:00,24.98828887939453,25.057044982910156,24.753564834594727,24.99999237060547
2025-01-25 12:00:00+00:00,24.997909545898438,25.244915008544922,24.77084732055664,25.121889114379883
2025-01-25 16:00:00+00:00,25.1297664642334,25.332876205444336,24.851959228515625,25.224254608154297
2025-01-25 20:00:00+00:00,25.224254608154297,25.386058807373047,24.92491912841797,24.92491912841797
2025-01-26 00:00:00+00:00,24.925128936767578,25.580663681030273,24.90619468688965,25.55448341369629
2025-01-26 04:00:00+00:00,25.561288833618164,25.83102798461914,25.49638557434082,25.61623191833496
2025-01-26 08:00:00+00:00,25.617477416992188,25.79878044128418,25.196027755737305,25.291980743408203
2025-01-26 12:00:00+00:00,25.292537689208984,25.438350677490234,25.15627670288086,25.438350677490234
2025-01-26 16:00:00+00:00,25.440614700317383,26.22420883178711,25.317779541015625,26.21107292175293
2025-01-26 20:00:00+00:00,26.210857391357422,26.354522705078125,24.899673461914062,24.9117431640625
2025-01-27 00:00:00+00:00,24.90492057800293,25.071624755859375,23.793624877929688,23.979698181152344
2025-01-27 04:00:00+00:00,23.97866439819336,23.97866439819336,22.49990463256836,22.85550308227539
2025-01-27 08:00:00+00:00,22.84606170654297,22.851106643676758,22.242324829101562,22.479291915893555
2025-01-27 12:00:00+00:00,22.478214263916016,24.019304275512695,22.38990020751953,23.753915786743164
2025-01-27 16:00:00+00:00,23.726303100585938,23.849674224853516,22.845605850219727,23.037628173828125
2025-01-27 20:00:00+00:00,23.045944213867188,24.320894241333008,23.045944213867188,24.149030685424805
2025-01-28 00:00:00+00:00,24.160030364990234,24.53029441833496,23.826417922973633,24.311216354370117
2025-01-28 04:00:00+00:00,24.31044578552246,24.622629165649414,24.119794845581055,24.119794845581055
2025-01-28 08:00:00+00:00,24.121931076049805,24.174020767211914,23.865644454956055,23.94806671142578
2025-01-28 12:00:00+00:00,23.947988510131836,24.1042423248291,23.562732696533203,23.85908317565918
2025-01-28 16:00:00+00:00,23.876699447631836,23.908357620239258,23.173542022705078,23.270240783691406
2025-01-28 20:00:00+00:00,23.283151626586914,23.36097526550293,22.417539596557617,22.61579704284668
2025-01-29 00:00:00+00:00,22.6129207611084,23.325035095214844,22.60684585571289,23.23404884338379
2025-01-29 04:00:00+00:00,23.229637145996094,23.530088424682617,23.1533145904541,23.52799415588379
2025-01-29 08:00:00+00:00,23.52852439880371,23.571741104125977,23.102384567260742,23.40494155883789
2025-01-29 12:00:00+00:00,23.414583206176758,23.51436996459961,22.538177490234375,22.75206756591797
2025-01-29 16:00:00+00:00,22.753068923950195,23.646650314331055,22.405792236328125,23.474994659423828
2025-01-29 20:00:00+00:00,23.478981018066406,24.413734436035156,23.29769515991211,23.622905731201172
2025-01-30 00:00:00+00:00,23.63228988647461,24.260696411132812,23.474443435668945,24.251575469970703
2025-01-30 04:00:00+00:00,24.262876510620117,24.53168296813965,24.211511611938477,24.26223373413086
2025-01-30 08:00:00+00:00,24.267045974731445,24.69501304626465,24.23093605041504,24.49965476989746
2025-01-30 12:00:00+00:00,24.494564056396484,25.143497467041016,24.24148941040039,24.93631935119629
2025-01-30 16:00:00+00:00,24.890573501586914,25.03374481201172,24.639808654785156,24.753175735473633
2025-01-30 20:00:00+00:00,24.767019271850586,24.781824111938477,24.438636779785156,24.47380828857422
2025-01-31 00:00:00+00:00,24.472436904907227,24.815410614013672,24.28276824951172,24.341598510742188
2025-01-31 04:00:00+00:00,24.34189796447754,25.31669807434082,24.18621826171875,24.875778198242188
2025-01-31 08:00:00+00:00,24.874757766723633,25.602144241333008,24.74601936340332,25.602144241333008
2025-01-31 12:00:00+00:00,25.600872039794922,25.987789154052734,25.41202163696289,25.92929458618164
2025-01-31 16:00:00+00:00,25.92388153076172,26.263757705688477,24.879867553710938,24.944852828979492
2025-01-31 20:00:00+00:00,24.938133239746094,25.198410034179688,24.565771102905273,25.148338317871094
2025-02-01 00:00:00+00:00,25.148941040039062,25.913349151611328,25.11796760559082,25.61820411682129
2025-02-01 04:00:00+00:00,25.623607635498047,25.783700942993164,25.24950408935547,25.24950408935547
2025-02-01 08:00:00+00:00,25.247676849365234,25.288482666015625,24.609514236450195,24.745580673217773
2025-02-01 12:00:00+00:00,24.75316047668457,24.894649505615234,24.323619842529297,24.465909957885742
2025-02-01 16:00:00+00:00,24.46630096435547,24.600351333618164,23.579038619995117,23.579038619995117
2025-02-01 20:00:00+00:00,23.565500259399414,23.565500259399414,22.837221145629883,23.048139572143555
2025-02-02 00:00:00+00:00,23.028461456298828,23.29380989074707,22.314546585083008,22.395578384399414
2025-02-02 04:00:00+00:00,22.396526336669922,22.864294052124023,22.340190887451172,22.65568733215332
2025-02-02 08:00:00+00:00,22.658069610595703,23.118776321411133,22.135082244873047,22.187877655029297
2025-02-02 12:00:00+00:00,22.16651153564453,22.41001319885254,21.944316864013672,22.199146270751953
2025-02-02 16:00:00+00:00,22.195444107055664,22.195444107055664,20.198951721191406,20.768890380859375
2025-02-02 20:00:00+00:00,20.76039695739746,20.971485137939453,19.608875274658203,20.428348541259766
2025-02-03 00:00:00+00:00,20.42517852783203,20.436464309692383,16.40738868713379,17.75078010559082
2025-02-03 04:00:00+00:00,17.705684661865234,19.35634994506836,17.163043975830078,19.35634994506836
2025-02-03 08:00:00+00:00,19.360389709472656,19.37701988220215,18.501522064208984,18.913368225097656
2025-02-03 12:00:00+00:00,18.913114547729492,20.607349395751953,18.283334732055664,20.464672088623047
2025-02-03 16:00:00+00:00,20.443326950073242,21.976768493652344,20.24028205871582,21.896203994750977
2025-02-03 20:00:00+00:00,21.902677536010742,21.969873428344727,21.099227905273438,21.643417358398438
2025-02-04 00:00:00+00:00,21.649343490600586,21.685672760009766,20.797842025756836,20.89430809020996
2025-02-04 04:00:00+00:00,20.900897979736328,21.06239891052246,19.625680923461914,19.625680923461914
2025-02-04 08:00:00+00:00,19.619585037231445,20.728979110717773,19.502771377563477,20.446149826049805
2025-02-04 12:00:00+00:00,20.43772315979004,20.909828186035156,20.290180206298828,20.60369873046875
2025-02-04 16:00:00+00:00,20.59195327758789,21.254106521606445,20.42529296875,20.580209732055664
2025-02-04 20:00:00+00:00,20.442182540893555,20.47422981262207,19.378023147583008,20.063220977783203
2025-02-05 00:00:00+00:00,20.055419921875,20.24386978149414,19.82890510559082,19.9976806640625
2025-02-05 04:00:00+00:00,19.997478485107422,20.048864364624023,19.493385314941406,19.670879364013672
2025-02-05 08:00:00+00:00,19.669641494750977,20.042997360229492,19.448711395263672,20.00911521911621
2025-02-05 12:00:00+00:00,20.009845733642578,20.067380905151367,19.6036376953125,19.624467849731445
2025-02-05 16:00:00+00:00,19.628156661987305,19.65500259399414,19.029869079589844,19.465139389038086
2025-02-05 20:00:00+00:00,19.46108055114746,19.549402236938477,19.04979133605957,19.204143524169922
2025-02-06 00:00:00+00:00,19.204971313476562,19.555877685546875,19.116024017333984,19.516416549682617
2025-02-06 04:00:00+00:00,19.516521453857422,19.889583587646484,19.483116149902344,19.698230743408203
2025-02-06 08:00:00+00:00,19.69869613647461,19.875755310058594,19.560277938842773,19.753236770629883
2025-02-06 12:00:00+00:00,19.741025924682617,19.741025924682617,18.637147903442383,18.67325782775879
2025-02-06 16:00:00+00:00,18.68362808227539,18.825103759765625,18.52862548828125,18.532955169677734
2025-02-06 20:00:00+00:00,18.53168296813965,18.922740936279297,18.49135971069336,18.594465255737305
2025-02-07 00:00:00+00:00,18.595123291015625,19.003726959228516,18.595123291015625,18.79462242126465
2025-02-07 04:00:00+00:00,18.814720153808594,18.95411491394043,18.50192642211914,18.793243408203125
2025-02-07 08:00:00+00:00,18.792692184448242,19.32085609436035,18.778671264648438,19.26087188720703
2025-02-07 12:00:00+00:00,19.26966094970703,19.781583786010742,19.06307601928711,19.295368194580078
2025-02-07 16:00:00+00:00,19.332277297973633,19.36695098876953,18.662309646606445,18.762672424316406
2025-02-07 20:00:00+00:00,18.759105682373047,18.759105682373047,17.842832565307617,18.38692855834961
2025-02-08 00:00:00+00:00,18.38922119140625,18.57854461669922,18.23259925842285,18.239116668701172
2025-02-08 04:00:00+00:00,18.238439559936523,18.247516632080078,17.977642059326172,18.21396827697754
2025-02-08 08:00:00+00:00,18.214073181152344,18.214073181152344,17.943416595458984,18.044462203979492
2025-02-08 12:00:00+00:00,18.058713912963867,18.193466186523438,17.927637100219727,18.037939071655273
2025-02-08 16:00:00+00:00,18.03965950012207,18.42410659790039,17.943195343017578,18.32259178161621
2025-02-08 20:00:00+00:00,18.323286056518555,18.526185989379883,18.233224868774414,18.46430778503418
2025-02-09 00:00:00+00:00,18.463573455810547,18.953899383544922,18.294958114624023,18.887035369873047
2025-02-09 04:00:00+00:00,18.899486541748047,18.899486541748047,18.554428100585938,18.751489639282227
2025-02-09 08:00:00+00:00,18.751569747924805,18.88636589050293,18.596721649169922,18.596721649169922
2025-02-09 12:00:00+00:00,18.592805862426758,18.766319274902344,18.173843383789062,18.729902267456055
2025-02-09 16:00:00+00:00,18.730257034301758,18.9072322845459,18.38620948791504,18.388824462890625
2025-02-09 20:00:00+00:00,18.387651443481445,18.690675735473633,17.49966812133789,18.304838180541992
2025-02-10 00:00:00+00:00,18.30203628540039,18.588151931762695,17.72367286682129,18.33966636657715
2025-02-10 04:00:00+00:00,18.33976173400879,18.71712303161621,18.33976173400879,18.672012329101562
2025-02-10 08:00:00+00:00,18.671802520751953,18.955793380737305,18.65264129638672,18.77547836303711
2025-02-10 12:00:00+00:00,18.773298263549805,19.08501434326172,18.523723602294922,18.573129653930664
2025-02-10 16:00:00+00:00,18.574186325073242,18.916244506835938,18.532848358154297,18.808027267456055
2025-02-10 20:00:00+00:00,18.8129940032959,18.922672271728516,18.657529830932617,18.766422271728516
2025-02-11 00:00:00+00:00,18.76704978942871,19.31684112548828,18.76704978942871,19.275604248046875
2025-02-11 04:00:00+00:00,19.279714584350586,19.762359619140625,19.279714584350586,19.643415451049805
2025-02-11 08:00:00+00:00,19.64255714416504,19.708192825317383,19.370208740234375,19.516645431518555
2025-02-11 12:00:00+00:00,19.519989013671875,19.54344940185547,18.915992736816406,19.120277404785156
2025-02-11 16:00:00+00:00,19.117095947265625,19.144102096557617,18.319793701171875,18.449626922607422
2025-02-11 20:00:00+00:00,18.449140548706055,18.94795799255371,18.449140548706055,18.642303466796875
2025-02-12 00:00:00+00:00,18.64337921142578,18.850767135620117,18.47877311706543,18.524606704711914
2025-02-12 04:00:00+00:00,18.518409729003906,18.67497444152832,18.38094711303711,18.603755950927734
2025-02-12 08:00:00+00:00,18.602008819580078,18.727283477783203,18.43976402282715,18.54680824279785
2025-02-12 12:00:00+00:00,18.547046661376953,18.78158187866211,17.812740325927734,18.1390438079834
2025-02-12 16:00:00+00:00,18.1352596282959,18.848604202270508,17.992944717407227,18.846391677856445
2025-02-12 20:00:00+00:00,18.844017028808594,19.44680404663086,18.776447296142578,19.17523765563965
2025-02-13 00:00:00+00:00,19.180625915527344,19.311153411865234,19.0311222076416,19.221752166748047
2025-02-13 04:00:00+00:00,19.222105026245117,19.227214813232422,18.771902084350586,18.818801879882812
2025-02-13 08:00:00+00:00,18.819534301757812,18.87260627746582,18.644365310668945,18.67208480834961
2025-02-13 12:00:00+00:00,18.67305564880371,18.69367790222168,18.245128631591797,18.51603126525879
2025-02-13 16:00:00+00:00,18.51413917541504,18.602018356323242,18.26656723022461,18.384679794311523
2025-02-13 20:00:00+00:00,18.383039474487305,18.604320526123047,18.36867332458496,18.558338165283203
2025-02-14 00:00:00+00:00,18.558670043945312,18.946767807006836,18.484970092773438,18.94386100769043
2025-02-14 04:00:00+00:00,18.942838668823242,18.96332550048828,18.669315338134766,18.793441772460938
2025-02-14 08:00:00+00:00,18.792579650878906,19.320556640625,18.713823318481445,19.02979278564453
2025-02-14 12:00:00+00:00,19.02903938293457,19.577783584594727,18.920927047729492,19.550413131713867
2025-02-14 16:00:00+00:00,19.551563262939453,19.81140899658203,19.237064361572266,19.50347137451172
2025-02-14 20:00:00+00:00,19.500200271606445,19.61002540588379,19.192031860351562,19.41385269165039
2025-02-15 00:00:00+00:00,19.410507202148438,19.58716583251953,19.221736907958984,19.443939208984375
2025-02-15 04:00:00+00:00,19.43440055847168,19.63015365600586,19.29139518737793,19.2928409576416
2025-02-15 08:00:00+00:00,19.291790008544922,19.371999740600586,19.07745933532715,19.11587142944336
2025-02-15 12:00:00+00:00,19.116397857666016,19.257457733154297,18.918434143066406,18.941499710083008
2025-02-15 16:00:00+00:00,18.950056076049805,19.03993797302246,18.83254051208496,18.911142349243164
2025-02-15 20:00:00+00:00,18.910654067993164,18.985383987426758,18.774084091186523,18.983190536499023
2025-02-16 00:00:00+00:00,18.985492706298828,19.09111785888672,18.73999786376953,18.829301834106445
2025-02-16 04:00:00+00:00,18.831283569335938,19.23360252380371,18.831283569335938,18.88275909423828
2025-02-16 08:00:00+00:00,18.88250160217285,19.14595603942871,18.88250160217285,19.14595603942871
2025-02-16 12:00:00+00:00,19.14605140686035,19.167102813720703,18.75587272644043,18.93073081970215
2025-02-16 16:00:00+00:00,18.929439544677734,19.092618942260742,18.62683868408203,18.837509155273438
2025-02-16 20:00:00+00:00,18.83751678466797,19.00583267211914,18.692258834838867,18.70379638671875
2025-02-17 00:00:00+00:00,18.70191192626953,18.96623992919922,18.691118240356445,18.822986602783203
2025-02-17 04:00:00+00:00,18.821434020996094,19.128427505493164,18.505077362060547,18.814891815185547
2025-02-17 08:00:00+00:00,18.81456184387207,19.464881896972656,18.764358520507812,19.377748489379883
2025-02-17 12:00:00+00:00,19.378498077392578,19.770816802978516,19.286972045898438,19.286972045898438
2025-02-17 16:00:00+00:00,19.285018920898438,19.331912994384766,18.768495559692383,19.065603256225586
2025-02-17 20:00:00+00:00,19.0671329498291,19.47429084777832,19.02069854736328,19.09996795654297
2025-02-18 00:00:00+00:00,19.100183486938477,19.17024803161621,18.807157516479492,18.826528549194336
2025-02-18 04:00:00+00:00,18.833391189575195,18.85362434387207,18.107725143432617,18.107725143432617
2025-02-18 08:00:00+00:00,18.10599708557129,18.260597229003906,17.904447555541992,17.989669799804688
2025-02-18 12:00:00+00:00,17.993410110473633,18.309703826904297,17.623159408569336,17.686683654785156
2025-02-18 16:00:00+00:00,17.69719886779785,17.766258239746094,17.317699432373047,17.631908416748047
2025-02-18 20:00:00+00:00,17.6042423248291,17.879638671875,17.455181121826172,17.832786560058594
2025-02-19 00:00:00+00:00,17.834131240844727,17.945552825927734,17.55936622619629,17.838224411010742
2025-02-19 04:00:00+00:00,17.837350845336914,18.096715927124023,17.483476638793945,18.059053421020508
2025-02-19 08:00:00+00:00,18.056303024291992,18.106895446777344,17.908994674682617,18.106895446777344
2025-02-19 12:00:00+00:00,18.108598709106445,18.14946746826172,17.7867488861084,17.840782165527344
2025-02-19 16:00:00+00:00,17.837444305419922,18.02775001525879,17.776851654052734,17.879573822021484
2025-02-19 20:00:00+00:00,17.882640838623047,18.044076919555664,17.795955657958984,17.978527069091797
2025-02-20 00:00:00+00:00,17.97784423828125,18.346750259399414,17.926326751708984,18.33331871032715
2025-02-20 04:00:00+00:00,18.334272384643555,18.441316604614258,18.07951545715332,18.143342971801758
2025-02-20 08:00:00+00:00,18.140796661376953,18.181453704833984,17.852705001831055,18.141456604003906
2025-02-20 12:00:00+00:00,18.140724182128906,18.342206954956055,17.91459846496582,17.91459846496582
2025-02-20 16:00:00+00:00,17.912944793701172,18.41493034362793,17.89825439453125,18.33576011657715
2025-02-20 20:00:00+00:00,18.333993911743164,18.414817810058594,18.161447525024414,18.29822540283203
2025-02-21 00:00:00+00:00,18.299240112304688,18.299240112304688,18.07535171508789,18.09376335144043
2025-02-21 04:00:00+00:00,18.09349822998047,18.3876895904541,18.09349822998047,18.263154983520508
2025-02-21 08:00:00+00:00,18.26323699951172,18.710119247436523,18.24040412902832,18.595191955566406
2025-02-21 12:00:00+00:00,18.583251953125,19.020143508911133,18.26687240600586,18.37331771850586
2025-02-21 16:00:00+00:00,18.37709617614746,18.505395889282227,17.162832260131836,17.26772689819336
2025-02-21 20:00:00+00:00,17.26622772216797,17.43170738220215,17.14979362487793,17.394197463989258
2025-02-22 00:00:00+00:00,17.397493362426758,17.651647567749023,17.35615348815918,17.455778121948242
2025-02-22 04:00:00+00:00,17.458730697631836,17.61062240600586,17.456113815307617,17.51274871826172
2025-02-22 08:00:00+00:00,17.51174545288086,17.681520462036133,17.444658279418945,17.62296485900879
2025-02-22 12:00:00+00:00,17.62029457092285,17.796403884887695,17.566761016845703,17.79636001586914
2025-02-22 16:00:00+00:00,17.80146598815918,18.015422821044922,17.78940773010254,17.874629974365234
2025-02-22 20:00:00+00:00,17.87403678894043,17.87403678894043,17.75285530090332,17.76429557800293
2025-02-23 00:00:00+00:00,17.764665603637695,17.87444496154785,17.670377731323242,17.803634643554688
2025-02-23 04:00:00+00:00,17.805007934570312,18.113412857055664,17.77607536315918,18.11104393005371
2025-02-23 08:00:00+00:00,18.112974166870117,18.11713981628418,17.755897521972656,17.76459503173828
2025-02-23 12:00:00+00:00,17.764842987060547,17.823984146118164,17.470151901245117,17.49367904663086
2025-02-23 16:00:00+00:00,17.4883975982666,17.658357620239258,17.4832706451416,17.545177459716797
2025-02-23 20:00:00+00:00,17.5440673828125,17.67027473449707,17.45539093017578,17.637786865234375
2025-02-24 00:00:00+00:00,17.636138916015625,17.723520278930664,16.88129425048828,16.88129425048828
2025-02-24 04:00:00+00:00,16.879987716674805,16.938684463500977,16.52176856994629,16.882448196411133
2025-02-24 08:00:00+00:00,16.880813598632812,16.880813598632812,16.48165512084961,16.694604873657227
2025-02-24 12:00:00+00:00,16.69286346435547,16.737451553344727,16.101398468017578,16.164958953857422
2025-02-24 16:00:00+00:00,16.190317153930664,16.47696304321289,15.994318962097168,16.099246978759766
2025-02-24 20:00:00+00:00,16.100345611572266,16.25555992126465,15.207905769348145,15.243098258972168
2025-02-25 00:00:00+00:00,15.247766494750977,15.381553649902344,14.952506065368652,15.235376358032227
2025-02-25 04:00:00+00:00,15.235174179077148,15.240508079528809,14.16609001159668,14.571165084838867
2025-02-25 08:00:00+00:00,14.565510749816895,14.890032768249512,14.321145057678223,14.839800834655762
2025-02-25 12:00:00+00:00,14.838739395141602,14.918993949890137,14.45055103302002,14.800647735595703
2025-02-25 16:00:00+00:00,14.794994354248047,15.019186019897461,14.530961036682129,15.019186019897461
2025-02-25 20:00:00+00:00,15.028959274291992,15.542109489440918,15.001434326171875,15.294646263122559
2025-02-26 00:00:00+00:00,15.29322338104248,15.510651588439941,15.112942695617676,15.412412643432617
2025-02-26 04:00:00+00:00,15.396862983703613,15.470549583435059,15.196449279785156,15.288819313049316
2025-02-26 08:00:00+00:00,15.287442207336426,15.614763259887695,15.180634498596191,15.557671546936035
2025-02-26 12:00:00+00:00,15.550708770751953,15.692719459533691,15.028069496154785,15.543988227844238
2025-02-26 16:00:00+00:00,15.546514511108398,15.546514511108398,14.722800254821777,14.900829315185547
2025-02-26 20:00:00+00:00,14.898702621459961,15.64769172668457,14.731623649597168,15.207530975341797
2025-02-27 00:00:00+00:00,15.20849323272705,15.394015312194824,15.080770492553711,15.311538696289062
2025-02-27 04:00:00+00:00,15.290525436401367,15.650130271911621,15.137216567993164,15.646211624145508
2025-02-27 08:00:00+00:00,15.64310073852539,15.731197357177734,15.452483177185059,15.574786186218262
2025-02-27 12:00:00+00:00,15.575315475463867,15.705286979675293,15.222647666931152,15.414270401000977
2025-02-27 16:00:00+00:00,15.410984992980957,15.447702407836914,15.047679901123047,15.080183982849121
2025-02-27 20:00:00+00:00,15.075422286987305,15.17203140258789,14.811763763427734,15.106441497802734
2025-02-28 00:00:00+00:00,15.105981826782227,15.140512466430664,13.86630630493164,13.886604309082031
2025-02-28 04:00:00+00:00,13.873924255371094,13.942481994628906,13.537970542907715,13.635576248168945
2025-02-28 08:00:00+00:00,13.634115219116211,14.021040916442871,13.47813892364502,13.769146919250488
2025-02-28 12:00:00+00:00,13.763898849487305,14.692599296569824,13.706432342529297,14.597668647766113
2025-02-28 16:00:00+00:00,14.601483345031738,14.798392295837402,14.521289825439453,14.747356414794922
2025-02-28 20:00:00+00:00,14.748318672180176,14.841180801391602,14.615105628967285,14.81452465057373
2025-03-01 00:00:00+00:00,14.814870834350586,14.90081787109375,14.579704284667969,14.828983306884766
2025-03-01 04:00:00+00:00,14.816079139709473,14.98825454711914,14.5306978225708,14.559795379638672
2025-03-01 08:00:00+00:00,14.557387351989746,14.817107200622559,14.433858871459961,14.442052841186523
2025-03-01 12:00:00+00:00,14.44100570678711,14.541519165039062,14.244714736938477,14.476004600524902
2025-03-01 16:00:00+00:00,14.476334571838379,14.877758026123047,14.442361831665039,14.856823921203613
2025-03-01 20:00:00+00:00,14.857955932617188,15.120626449584961,14.788805961608887,14.788805961608887
2025-03-02 00:00:00+00:00,14.759321212768555,14.879741668701172,14.672353744506836,14.879741668701172
2025-03-02 04:00:00+00:00,14.874156951904297,14.899502754211426,14.762168884277344,14.762168884277344
2025-03-02 08:00:00+00:00,14.762707710266113,14.880017280578613,14.696846008300781,14.771313667297363
2025-03-02 12:00:00+00:00,14.771268844604492,15.476824760437012,14.446634292602539,15.313924789428711
2025-03-02 16:00:00+00:00,15.298460006713867,17.26494026184082,15.298460006713867,16.92790985107422
2025-03-02 20:00:00+00:00,16.929746627807617,17.45041275024414,16.929746627807617,17.395809173583984
2025-03-03 00:00:00+00:00,17.334980010986328,17.37139129638672,16.60413360595703,16.774648666381836
2025-03-03 04:00:00+00:00,16.77858543395996,16.939767837524414,16.162296295166016,16.497278213500977
2025-03-03 08:00:00+00:00,16.49615478515625,16.49615478515625,16.023208618164062,16.279094696044922
2025-03-03 12:00:00+00:00,16.27945899963379,16.788877487182617,16.21654510498047,16.349510192871094
2025-03-03 16:00:00+00:00,16.289566040039062,16.36111831665039,14.782630920410156,14.782630920410156
2025-03-03 20:00:00+00:00,14.757699012756348,14.869038581848145,14.43610668182373,14.450187683105469
2025-03-04 00:00:00+00:00,14.450437545776367,14.552021980285645,13.473851203918457,13.829507827758789
2025-03-04 04:00:00+00:00,13.824982643127441,14.07224178314209,13.757723808288574,13.802486419677734
2025-03-04 08:00:00+00:00,13.801529884338379,13.899734497070312,13.707645416259766,13.799508094787598
2025-03-04 12:00:00+00:00,13.7976655960083,14.10050106048584,13.418293952941895,13.793194770812988
2025-03-04 16:00:00+00:00,13.797208786010742,14.504755973815918,13.174100875854492,14.50160026550293
2025-03-04 20:00:00+00:00,14.504359245300293,15.265325546264648,14.356439590454102,14.882472038269043
2025-03-05 00:00:00+00:00,14.875732421875,15.064860343933105,14.660155296325684,15.00548267364502
2025-03-05 04:00:00+00:00,14.975001335144043,15.421868324279785,14.871003150939941,15.421868324279785
2025-03-05 08:00:00+00:00,15.446264266967773,16.431058883666992,15.406001091003418,16.073148727416992
2025-03-05 12:00:00+00:00,16.07059097290039,16.1364803314209,15.594032287597656,15.735998153686523
2025-03-05 16:00:00+00:00,15.726601600646973,16.39978790283203,15.647092819213867,16.39978790283203
2025-03-05 20:00:00+00:00,16.390987396240234,16.560726165771484,16.304758071899414,16.462299346923828
2025-03-06 00:00:00+00:00,16.458356857299805,17.30542755126953,16.413772583007812,17.20832061767578
2025-03-06 04:00:00+00:00,17.21811294555664,17.338726043701172,16.921422958374023,16.921422958374023
2025-03-06 08:00:00+00:00,16.921422958374023,17.616235733032227,16.89337158203125,17.48638153076172
2025-03-06 12:00:00+00:00,17.49310302734375,17.494190216064453,16.667259216308594,17.240142822265625
2025-03-06 16:00:00+00:00,17.245683670043945,17.306364059448242,16.575048446655273,16.85299301147461
2025-03-06 20:00:00+00:00,16.812475204467773,17.208677291870117,16.812475204467773,17.0706729888916
2025-03-07 00:00:00+00:00,17.06431007385254,17.089841842651367,15.950604438781738,16.219396591186523
2025-03-07 04:00:00+00:00,16.190567016601562,17.131481170654297,16.188201904296875,17.131481170654297
2025-03-07 08:00:00+00:00,17.143985748291016,17.316232681274414,16.852630615234375,17.14066505432129
2025-03-07 12:00:00+00:00,17.14272689819336,17.460233688354492,16.84309959411621,16.960464477539062
2025-03-07 16:00:00+00:00,16.93614959716797,16.946441650390625,16.18684959411621,16.584558486938477
2025-03-07 20:00:00+00:00,16.60855484008789,16.721248626708984,15.78565788269043,15.938892364501953
2025-03-08 00:00:00+00:00,15.935873985290527,15.99644947052002,15.501893043518066,15.701111793518066
2025-03-08 04:00:00+00:00,15.699560165405273,15.83975887298584,15.555777549743652,15.556379318237305
2025-03-08 08:00:00+00:00,15.552865982055664,15.55749225616455,15.289814949035645,15.322301864624023
2025-03-08 12:00:00+00:00,15.32140827178955,15.546866416931152,15.227088928222656,15.333507537841797
2025-03-08 16:00:00+00:00,15.332277297973633,15.545089721679688,15.157037734985352,15.544777870178223
2025-03-08 20:00:00+00:00,15.545378684997559,15.545378684997559,15.219701766967773,15.25107192993164
2025-03-09 00:00:00+00:00,15.25296401977539,15.326970100402832,15.038138389587402,15.326970100402832
2025-03-09 04:00:00+00:00,15.319355964660645,15.33467960357666,15.126762390136719,15.142033576965332
2025-03-09 08:00:00+00:00,15.142425537109375,15.142425537109375,14.659688949584961,14.678009986877441
2025-03-09 12:00:00+00:00,14.682486534118652,14.688922882080078,14.285595893859863,14.303303718566895
2025-03-09 16:00:00+00:00,14.304704666137695,14.325496673583984,13.689094543457031,13.995011329650879
2025-03-09 20:00:00+00:00,13.996706008911133,14.084855079650879,13.660627365112305,13.773541450500488
2025-03-10 00:00:00+00:00,13.793265342712402,14.205890655517578,13.69819450378418,14.172924995422363
2025-03-10 04:00:00+00:00,14.172635078430176,14.306882858276367,14.009136199951172,14.070568084716797
2025-03-10 08:00:00+00:00,14.090901374816895,14.50658893585205,13.851776123046875,14.282736778259277
2025-03-10 12:00:00+00:00,14.278247833251953,14.32384204864502,13.303337097167969,13.543039321899414
2025-03-10 16:00:00+00:00,13.535456657409668,13.535456657409668,12.494778633117676,12.774646759033203
2025-03-10 20:00:00+00:00,12.78493881225586,12.968338966369629,12.630401611328125,12.692466735839844
2025-03-11 00:00:00+00:00,12.679712295532227,12.79393482208252,11.946789741516113,12.467185974121094
2025-03-11 04:00:00+00:00,12.462166786193848,12.923720359802246,12.424673080444336,12.721625328063965
2025-03-11 08:00:00+00:00,12.722869873046875,13.144327163696289,12.696707725524902,13.048991203308105
2025-03-11 12:00:00+00:00,13.048089027404785,13.048089027404785,12.395493507385254,13.023907661437988
2025-03-11 16:00:00+00:00,13.017146110534668,13.617499351501465,12.824496269226074,13.586143493652344
2025-03-11 20:00:00+00:00,13.596833229064941,13.614693641662598,13.09912109375,13.099726676940918
2025-03-12 00:00:00+00:00,13.11079216003418,13.40809154510498,12.871909141540527,12.871909141540527
2025-03-12 04:00:00+00:00,12.867274284362793,13.070588111877441,12.668883323669434,13.070588111877441
2025-03-12 08:00:00+00:00,13.070108413696289,13.371734619140625,13.034122467041016,13.371734619140625
2025-03-12 12:00:00+00:00,13.372123718261719,13.763717651367188,12.827228546142578,13.032800674438477
2025-03-12 16:00:00+00:00,13.065451622009277,13.332715034484863,13.055028915405273,13.295543670654297
2025-03-12 20:00:00+00:00,13.281978607177734,13.498394966125488,13.241360664367676,13.482141494750977
2025-03-13 00:00:00+00:00,13.484882354736328,13.501819610595703,13.248706817626953,13.297024726867676
2025-03-13 04:00:00+00:00,13.296759605407715,13.316889762878418,13.075931549072266,13.151464462280273
2025-03-13 08:00:00+00:00,13.140268325805664,13.452317237854004,13.021631240844727,13.399338722229004
2025-03-13 12:00:00+00:00,13.408307075500488,13.515568733215332,13.000041007995605,13.004725456237793
2025-03-13 16:00:00+00:00,13.004794120788574,13.023842811584473,12.745041847229004,12.834510803222656
2025-03-13 20:00:00+00:00,12.831069946289062,13.1644926071167,12.761713981628418,13.027453422546387
2025-03-14 00:00:00+00:00,13.030645370483398,13.339006423950195,13.017389297485352,13.252415657043457
2025-03-14 04:00:00+00:00,13.255500793457031,13.422513961791992,13.255500793457031,13.362885475158691
2025-03-14 08:00:00+00:00,13.360601425170898,14.223435401916504,13.336031913757324,14.084738731384277
2025-03-14 12:00:00+00:00,14.09199047088623,14.626169204711914,13.991729736328125,14.373475074768066
2025-03-14 16:00:00+00:00,14.374556541442871,14.646402359008789,14.023645401000977,14.044881820678711
2025-03-14 20:00:00+00:00,13.951131820678711,13.951131820678711,13.626241683959961,13.678984642028809
2025-03-15 00:00:00+00:00,13.6751070022583,14.063284873962402,13.668220520019531,14.015869140625
2025-03-15 04:00:00+00:00,14.018773078918457,14.224701881408691,13.7636079788208,13.796893119812012
2025-03-15 08:00:00+00:00,13.798543930053711,14.07361125946045,13.782449722290039,14.064033508300781
2025-03-15 12:00:00+00:00,14.056098937988281,14.120623588562012,13.945929527282715,14.060392379760742
2025-03-15 16:00:00+00:00,14.05886459350586,14.148850440979004,13.987508773803711,14.05345630645752
2025-03-15 20:00:00+00:00,14.054717063903809,14.147521018981934,14.033476829528809,14.03771686553955
2025-03-16 00:00:00+00:00,14.031147956848145,14.031147956848145,13.813454627990723,13.987483024597168
2025-03-16 04:00:00+00:00,13.987136840820312,14.159692764282227,13.979576110839844,14.153698921203613
2025-03-16 08:00:00+00:00,14.153879165649414,14.164630889892578,13.522750854492188,13.535744667053223
2025-03-16 12:00:00+00:00,13.532727241516113,13.615854263305664,13.366117477416992,13.495196342468262
2025-03-16 16:00:00+00:00,13.493453979492188,13.764551162719727,13.41441535949707,13.41441535949707
2025-03-16 20:00:00+00:00,13.419044494628906,13.486994743347168,13.241847038269043,13.371981620788574
2025-03-17 00:00:00+00:00,13.371857643127441,13.735505104064941,13.367921829223633,13.712425231933594
2025-03-17 04:00:00+00:00,13.71125602722168,13.781411170959473,13.529792785644531,13.769798278808594
2025-03-17 08:00:00+00:00,13.774333953857422,13.867547035217285,13.688543319702148,13.82247543334961
2025-03-17 12:00:00+00:00,13.83677864074707,13.838988304138184,13.594659805297852,13.781414031982422
2025-03-17 16:00:00+00:00,13.777228355407715,14.18759822845459,13.679052352905273,14.139196395874023
2025-03-17 20:00:00+00:00,14.137646675109863,14.208621978759766,13.98258113861084,14.035332679748535
2025-03-18 00:00:00+00:00,14.033583641052246,14.06810188293457,13.765619277954102,13.82958698272705
2025-03-18 04:00:00+00:00,13.829068183898926,14.193175315856934,13.821981430053711,14.169632911682129
2025-03-18 08:00:00+00:00,14.159541130065918,14.223280906677246,13.711088180541992,13.734725952148438
2025-03-18 12:00:00+00:00,13.715740203857422,13.8179292678833,13.569318771362305,13.601117134094238
2025-03-18 16:00:00+00:00,13.602447509765625,13.704460144042969,13.500143051147461,13.704460144042969
2025-03-18 20:00:00+00:00,13.69715404510498,13.933042526245117,13.599699974060059,13.923291206359863
2025-03-19 00:00:00+00:00,13.92198657989502,14.05646800994873,13.794673919677734,13.98292350769043
2025-03-19 04:00:00+00:00,13.983393669128418,13.989490509033203,13.866745948791504,13.866745948791504
2025-03-19 08:00:00+00:00,13.859967231750488,14.466550827026367,13.859967231750488,14.448067665100098
2025-03-19 12:00:00+00:00,14.450039863586426,14.654062271118164,14.336642265319824,14.649206161499023
2025-03-19 16:00:00+00:00,14.648374557495117,14.648374557495117,14.270694732666016,14.452208518981934
2025-03-19 20:00:00+00:00,14.45736312866211,15.018197059631348,14.45736312866211,15.014127731323242
2025-03-20 00:00:00+00:00,15.02723503112793,15.098087310791016,14.724879264831543,14.724903106689453
2025-03-20 04:00:00+00:00,14.724271774291992,14.7625732421875,14.606717109680176,14.651647567749023
2025-03-20 08:00:00+00:00,14.64689826965332,14.787727355957031,14.398049354553223,14.491167068481445
2025-03-20 12:00:00+00:00,14.486603736877441,14.726472854614258,14.361008644104004,14.374555587768555
2025-03-20 16:00:00+00:00,14.35705852508545,14.391207695007324,14.10499095916748,14.188663482666016
2025-03-20 20:00:00+00:00,14.185474395751953,14.260658264160156,14.124399185180664,14.215149879455566
2025-03-21 00:00:00+00:00,14.214385986328125,14.371919631958008,14.144168853759766,14.146126747131348
2025-03-21 04:00:00+00:00,14.146635055541992,14.246848106384277,14.077189445495605,14.18492317199707
2025-03-21 08:00:00+00:00,14.185161590576172,14.244983673095703,13.983871459960938,14.055885314941406
2025-03-21 12:00:00+00:00,14.05678939819336,14.115958213806152,13.860930442810059,13.879870414733887
2025-03-21 16:00:00+00:00,13.878901481628418,14.087620735168457,13.848860740661621,13.985020637512207
2025-03-21 20:00:00+00:00,13.992598533630371,14.159263610839844,13.944255828857422,13.958535194396973
2025-03-22 00:00:00+00:00,13.956469535827637,14.105783462524414,13.950581550598145,14.07241439819336
2025-03-22 04:00:00+00:00,14.0704345703125,14.145589828491211,14.065254211425781,14.094833374023438
2025-03-22 08:00:00+00:00,14.09349536895752,14.277703285217285,14.063675880432129,14.190610885620117
2025-03-22 12:00:00+00:00,14.190465927124023,14.325080871582031,14.145112991333008,14.231842041015625
2025-03-22 16:00:00+00:00,14.231597900390625,14.48138427734375,14.226015090942383,14.45859146118164
2025-03-22 20:00:00+00:00,14.458695411682129,14.484709739685059,14.1746244430542,14.226571083068848
2025-03-23 00:00:00+00:00,14.23055648803711,14.428398132324219,14.230463981628418,14.428398132324219
2025-03-23 04:00:00+00:00,14.431875228881836,14.449779510498047,14.289215087890625,14.317486763000488
2025-03-23 08:00:00+00:00,14.31435775756836,14.470629692077637,14.275627136230469,14.379375457763672
2025-03-23 12:00:00+00:00,14.388589859008789,14.46408748626709,14.311078071594238,14.428656578063965
2025-03-23 16:00:00+00:00,14.429824829101562,14.431259155273438,14.26231861114502,14.372625350952148
2025-03-23 20:00:00+00:00,14.36349868774414,14.434334754943848,14.256446838378906,14.434334754943848
2025-03-24 00:00:00+00:00,14.44911003112793,14.672696113586426,14.18204116821289,14.64714527130127
2025-03-24 04:00:00+00:00,14.649797439575195,15.137616157531738,14.649797439575195,15.047011375427246
2025-03-24 08:00:00+00:00,15.045700073242188,15.283211708068848,15.040055274963379,15.182889938354492
2025-03-24 12:00:00+00:00,15.183341979980469,15.32701587677002,15.062131881713867,15.270791053771973
2025-03-24 16:00:00+00:00,15.272345542907715,15.272345542907715,15.026115417480469,15.167201042175293
2025-03-24 20:00:00+00:00,15.164506912231445,15.24225902557373,15.015997886657715,15.074090957641602
2025-03-25 00:00:00+00:00,15.111586570739746,15.238760948181152,14.8952054977417,14.896835327148438
2025-03-25 04:00:00+00:00,14.897353172302246,15.235962867736816,14.894848823547363,15.195466041564941
2025-03-25 08:00:00+00:00,15.196328163146973,15.483840942382812,15.196328163146973,15.473188400268555
2025-03-25 12:00:00+00:00,15.45869255065918,15.548173904418945,15.331842422485352,15.339203834533691
2025-03-25 16:00:00+00:00,15.341041564941406,15.497241020202637,15.307751655578613,15.491025924682617
2025-03-25 20:00:00+00:00,15.491182327270508,15.581329345703125,15.368142127990723,15.456181526184082
2025-03-26 00:00:00+00:00,15.453636169433594,15.592864036560059,15.269187927246094,15.283283233642578
2025-03-26 04:00:00+00:00,15.293559074401855,15.934006690979004,15.293559074401855,15.917500495910645
2025-03-26 08:00:00+00:00,15.922577857971191,15.990018844604492,15.80884075164795,15.893851280212402
2025-03-26 12:00:00+00:00,15.891270637512207,15.891270637512207,15.279540061950684,15.286585807800293
2025-03-26 16:00:00+00:00,15.28520393371582,15.430418968200684,14.986525535583496,15.173470497131348
2025-03-26 20:00:00+00:00,15.168278694152832,15.29334831237793,15.061156272888184,15.258923530578613
2025-03-27 00:00:00+00:00,15.25790786743164,15.75389289855957,15.194994926452637,15.715685844421387
2025-03-27 04:00:00+00:00,15.726536750793457,15.726536750793457,15.534972190856934,15.623842239379883
2025-03-27 08:00:00+00:00,15.626378059387207,15.713990211486816,15.519464492797852,15.519464492797852
2025-03-27 12:00:00+00:00,15.520265579223633,15.771039962768555,15.286121368408203,15.609967231750488
2025-03-27 16:00:00+00:00,15.576128959655762,15.608173370361328,15.332609176635742,15.510784149169922
2025-03-27 20:00:00+00:00,15.505742073059082,15.658123970031738,15.432231903076172,15.507880210876465
2025-03-28 00:00:00+00:00,15.514610290527344,15.558085441589355,15.272516250610352,15.322616577148438
2025-03-28 04:00:00+00:00,15.327284812927246,15.371001243591309,14.453843116760254,14.471102714538574
2025-03-28 08:00:00+00:00,14.471985816955566,14.505667686462402,14.229454040527344,14.35999870300293
2025-03-28 12:00:00+00:00,14.361663818359375,14.395707130432129,14.175459861755371,14.175459861755371
2025-03-28 16:00:00+00:00,14.175259590148926,14.18376350402832,14.03058910369873,14.070120811462402
2025-03-28 20:00:00+00:00,14.068694114685059,14.311755180358887,14.041730880737305,14.244451522827148
2025-03-29 00:00:00+00:00,14.245131492614746,14.391605377197266,14.095640182495117,14.247851371765137
2025-03-29 04:00:00+00:00,14.244073867797852,14.265218734741211,13.882364273071289,13.89516544342041
2025-03-29 08:00:00+00:00,13.89628791809082,14.001215934753418,13.567154884338379,13.617326736450195
2025-03-29 12:00:00+00:00,13.618507385253906,13.826188087463379,13.618507385253906,13.636917114257812
2025-03-29 16:00:00+00:00,13.634536743164062,13.666865348815918,13.428292274475098,13.538745880126953
2025-03-29 20:00:00+00:00,13.538793563842773,13.563852310180664,13.404349327087402,13.545899391174316
2025-03-30 00:00:00+00:00,13.548189163208008,13.779397964477539,13.438754081726074,13.7171049118042
2025-03-30 04:00:00+00:00,13.696084976196289,13.767156600952148,13.61797046661377,13.676596641540527
2025-03-30 08:00:00+00:00,13.67789363861084,13.84221076965332,13.670308113098145,13.718986511230469
2025-03-30 12:00:00+00:00,13.725456237792969,13.769018173217773,13.500056266784668,13.613792419433594
2025-03-30 16:00:00+00:00,13.613268852233887,13.68365478515625,13.426101684570312,13.616686820983887
2025-03-30 20:00:00+00:00,13.616100311279297,13.616100311279297,13.225685119628906,13.387337684631348
2025-03-31 00:00:00+00:00,13.40894603729248,13.506861686706543,13.15241813659668,13.245872497558594
2025-03-31 04:00:00+00:00,13.253231048583984,13.431886672973633,13.158308982849121,13.177437782287598
2025-03-31 08:00:00+00:00,13.17831039428711,13.294153213500977,12.989548683166504,13.236300468444824
2025-03-31 12:00:00+00:00,13.239253997802734,13.660541534423828,13.158458709716797,13.61375617980957
2025-03-31 16:00:00+00:00,13.612298965454102,13.693950653076172,13.438780784606934,13.55700969696045
2025-03-31 20:00:00+00:00,13.536766052246094,13.627498626708984,13.45761775970459,13.512476921081543
2025-04-01 00:00:00+00:00,13.50388240814209,13.742218017578125,13.50388240814209,13.620665550231934
2025-04-01 04:00:00+00:00,13.636411666870117,13.761641502380371,13.593316078186035,13.735865592956543
2025-04-01 08:00:00+00:00,13.739265441894531,14.050765037536621,13.739265441894531,13.956040382385254
2025-04-01 12:00:00+00:00,13.959604263305664,14.352594375610352,13.75796890258789,14.300761222839355
2025-04-01 16:00:00+00:00,14.300357818603516,14.365882873535156,14.13072681427002,14.17101764678955
2025-04-01 20:00:00+00:00,14.173308372497559,14.24400806427002,14.042898178100586,14.042898178100586
2025-04-02 00:00:00+00:00,14.042964935302734,14.042964935302734,13.683403015136719,13.740412712097168
2025-04-02 04:00:00+00:00,13.741740226745605,13.751181602478027,13.363622665405273,13.3915433883667
2025-04-02 08:00:00+00:00,13.377653121948242,13.678799629211426,13.344000816345215,13.496427536010742
2025-04-02 12:00:00+00:00,13.495222091674805,14.156140327453613,13.411916732788086,14.081958770751953
2025-04-02 16:00:00+00:00,14.078436851501465,14.138004302978516,13.761226654052734,14.004403114318848
2025-04-02 20:00:00+00:00,14.004145622253418,14.279702186584473,12.839881896972656,12.934733390808105
2025-04-03 00:00:00+00:00,12.933629035949707,13.294168472290039,12.886204719543457,13.203224182128906
2025-04-03 04:00:00+00:00,13.20189094543457,13.253730773925781,12.898694038391113,12.957195281982422
2025-04-03 08:00:00+00:00,12.958049774169922,13.057003021240234,12.721503257751465,12.813502311706543
2025-04-03 12:00:00+00:00,12.814924240112305,12.814924240112305,12.333205223083496,12.536075592041016
2025-04-03 16:00:00+00:00,12.536346435546875,12.695880889892578,12.43958568572998,12.650301933288574
2025-04-03 20:00:00+00:00,12.645965576171875,12.88144302368164,12.624303817749023,12.878987312316895
2025-04-04 00:00:00+00:00,12.891656875610352,12.927879333496094,12.68847370147705,12.723084449768066
2025-04-04 04:00:00+00:00,12.71533203125,13.0853853225708,12.62034797668457,13.068730354309082
2025-04-04 08:00:00+00:00,13.069809913635254,13.16978931427002,12.390446662902832,12.516786575317383
2025-04-04 12:00:00+00:00,12.52356243133545,12.8859224319458,12.455377578735352,12.785886764526367
2025-04-04 16:00:00+00:00,12.77392864227295,13.029525756835938,12.688824653625488,12.90913200378418
2025-04-04 20:00:00+00:00,12.912433624267578,13.057877540588379,12.88056468963623,12.934463500976562
2025-04-05 00:00:00+00:00,12.939291000366211,13.017162322998047,12.848146438598633,12.848403930664062
2025-04-05 04:00:00+00:00,12.849235534667969,12.905997276306152,12.792475700378418,12.87863540649414
2025-04-05 08:00:00+00:00,12.878166198730469,13.029997825622559,12.837518692016602,12.890894889831543
2025-04-05 12:00:00+00:00,12.890559196472168,12.907508850097656,12.582469940185547,12.620731353759766
2025-04-05 16:00:00+00:00,12.624351501464844,12.709997177124023,12.609617233276367,12.614119529724121
2025-04-05 20:00:00+00:00,12.612640380859375,12.84783935546875,12.612640380859375,12.846222877502441
2025-04-06 00:00:00+00:00,12.84409236907959,12.92885971069336,12.724519729614258,12.77139663696289
2025-04-06 04:00:00+00:00,12.777071952819824,12.815377235412598,12.636757850646973,12.653714179992676
2025-04-06 08:00:00+00:00,12.65003776550293,12.687744140625,12.558524131774902,12.597864151000977
2025-04-06 12:00:00+00:00,12.599042892456055,12.633514404296875,12.116559028625488,12.319231986999512
2025-04-06 16:00:00+00:00,12.315985679626465,12.322927474975586,11.476500511169434,11.574877738952637
2025-04-06 20:00:00+00:00,11.57529067993164,11.613446235656738,11.038182258605957,11.25341510772705
2025-04-07 00:00:00+00:00,11.26840877532959,11.48540210723877,10.858015060424805,10.883773803710938
2025-04-07 04:00:00+00:00,10.90701675415039,11.099546432495117,10.199275016784668,10.373946189880371
2025-04-07 08:00:00+00:00,10.3646879196167,10.899927139282227,10.336405754089355,10.694239616394043
2025-04-07 12:00:00+00:00,10.706496238708496,11.788344383239746,10.675371170043945,11.301966667175293
2025-04-07 16:00:00+00:00,11.299576759338379,11.457674980163574,11.129886627197266,11.358498573303223
2025-04-07 20:00:00+00:00,11.353768348693848,11.644543647766113,11.339783668518066,11.449617385864258
2025-04-08 00:00:00+00:00,11.449886322021484,11.840255737304688,11.39016056060791,11.62141227722168
2025-04-08 04:00:00+00:00,11.642534255981445,11.832804679870605,11.550634384155273,11.593286514282227
2025-04-08 08:00:00+00:00,11.592910766601562,11.766955375671387,11.474018096923828,11.761957168579102
2025-04-08 12:00:00+00:00,11.783557891845703,11.844194412231445,11.396601676940918,11.420463562011719
2025-04-08 16:00:00+00:00,11.421222686767578,11.423210144042969,10.874016761779785,10.898589134216309
2025-04-08 20:00:00+00:00,10.897743225097656,11.046402931213379,10.811546325683594,10.90865707397461
2025-04-09 00:00:00+00:00,10.907255172729492,10.970606803894043,10.484280586242676,10.686004638671875
2025-04-09 04:00:00+00:00,10.680383682250977,11.480998992919922,10.680383682250977,11.408008575439453
2025-04-09 08:00:00+00:00,11.395727157592773,11.443960189819336,11.13428020477295,11.167013168334961
2025-04-09 12:00:00+00:00,11.167287826538086,11.437732696533203,11.070219993591309,11.363187789916992
2025-04-09 16:00:00+00:00,11.363680839538574,12.728188514709473,11.363680839538574,12.580057144165039
2025-04-09 20:00:00+00:00,12.58115005493164,12.799691200256348,12.58115005493164,12.657185554504395
2025-04-10 00:00:00+00:00,12.656753540039062,12.656753540039062,12.195117950439453,12.280264854431152
2025-04-10 04:00:00+00:00,12.282700538635254,12.481441497802734,12.252825736999512,12.315847396850586
2025-04-10 08:00:00+00:00,12.31605052947998,12.418259620666504,12.2879056930542,12.375374794006348
2025-04-10 12:00:00+00:00,12.380912780761719,12.54675579071045,11.812270164489746,11.841743469238281
2025-04-10 16:00:00+00:00,11.84273910522461,12.058349609375,11.730441093444824,12.05661678314209
2025-04-10 20:00:00+00:00,12.040776252746582,12.099802017211914,11.991548538208008,12.075382232666016
2025-04-11 00:00:00+00:00,12.069622993469238,12.424125671386719,12.041070938110352,12.361512184143066
2025-04-11 04:00:00+00:00,12.370420455932617,12.498160362243652,12.330245018005371,12.410386085510254
2025-04-11 08:00:00+00:00,12.408858299255371,12.67451000213623,12.342470169067383,12.45995044708252
2025-04-11 12:00:00+00:00,12.464704513549805,12.630038261413574,12.421401977539062,12.543962478637695
2025-04-11 16:00:00+00:00,12.54481315612793,12.788286209106445,12.46805191040039,12.709338188171387
2025-04-11 20:00:00+00:00,12.70975399017334,12.869418144226074,12.613192558288574,12.661953926086426
2025-04-12 00:00:00+00:00,12.66051959991455,12.662673950195312,12.482138633728027,12.548117637634277
2025-04-12 04:00:00+00:00,12.542641639709473,12.765098571777344,12.509556770324707,12.760927200317383
2025-04-12 08:00:00+00:00,12.762716293334961,12.920166015625,12.6853609085083,12.750611305236816
2025-04-12 12:00:00+00:00,12.749852180480957,13.245548248291016,12.727095603942871,13.114442825317383
2025-04-12 16:00:00+00:00,13.112868309020996,13.166397094726562,12.981298446655273,13.087223052978516
2025-04-12 20:00:00+00:00,13.087862014770508,13.268476486206055,13.087862014770508,13.14670181274414
2025-04-13 00:00:00+00:00,13.139261245727539,13.205605506896973,13.003667831420898,13.046512603759766
2025-04-13 04:00:00+00:00,13.046158790588379,13.047532081604004,12.881553649902344,12.92705249786377
2025-04-13 08:00:00+00:00,12.926254272460938,13.144529342651367,12.805933952331543,12.805933952331543
2025-04-13 12:00:00+00:00,12.806249618530273,12.884698867797852,12.62257194519043,12.693694114685059
2025-04-13 16:00:00+00:00,12.690980911254883,13.189921379089355,12.561842918395996,12.665379524230957
2025-04-13 20:00:00+00:00,12.665263175964355,12.778281211853027,12.480489730834961,12.623799324035645
2025-04-14 00:00:00+00:00,12.624311447143555,13.078038215637207,12.60749626159668,12.76841926574707
2025-04-14 04:00:00+00:00,12.768692970275879,12.882179260253906,12.615055084228516,12.71789264678955
2025-04-14 08:00:00+00:00,12.718538284301758,13.224221229553223,12.712799072265625,13.144692420959473
2025-04-14 12:00:00+00:00,13.14497184753418,13.200790405273438,12.710076332092285,12.725972175598145
2025-04-14 16:00:00+00:00,12.716947555541992,12.991537094116211,12.680093765258789,12.850760459899902
2025-04-14 20:00:00+00:00,12.865791320800781,12.865791320800781,12.592437744140625,12.623077392578125
2025-04-15 00:00:00+00:00,12.622685432434082,12.734192848205566,12.56563949584961,12.731781005859375
2025-04-15 04:00:00+00:00,12.731147766113281,12.769444465637207,12.628446578979492,12.725272178649902
2025-04-15 08:00:00+00:00,12.72588062286377,12.772517204284668,12.546150207519531,12.58591365814209
2025-04-15 12:00:00+00:00,12.586339950561523,12.804559707641602,12.329730987548828,12.350015640258789
2025-04-15 16:00:00+00:00,12.351998329162598,12.434404373168945,12.300397872924805,12.377067565917969
2025-04-15 20:00:00+00:00,12.376886367797852,12.431139945983887,12.230541229248047,12.23603630065918
2025-04-16 00:00:00+00:00,12.231480598449707,12.405597686767578,12.207287788391113,12.386835098266602
2025-04-16 04:00:00+00:00,12.387520790100098,12.420220375061035,12.156912803649902,12.156912803649902
2025-04-16 08:00:00+00:00,12.1578950881958,12.26384162902832,12.07649040222168,12.167317390441895
2025-04-16 12:00:00+00:00,12.167387962341309,12.50837516784668,12.07590389251709,12.338424682617188
2025-04-16 16:00:00+00:00,12.332879066467285,12.434759140014648,11.972757339477539,12.411979675292969
2025-04-16 20:00:00+00:00,12.40748119354248,12.486248970031738,12.294301986694336,12.357083320617676
2025-04-17 00:00:00+00:00,12.357111930847168,12.489297866821289,12.32125473022461,12.377330780029297
2025-04-17 04:00:00+00:00,12.377431869506836,12.668158531188965,12.362403869628906,12.592872619628906
2025-04-17 08:00:00+00:00,12.593198776245117,12.606005668640137,12.407110214233398,12.447158813476562
2025-04-17 12:00:00+00:00,12.44654369354248,12.517971992492676,12.219315528869629,12.454129219055176
2025-04-17 16:00:00+00:00,12.452239036560059,12.690511703491211,12.40291690826416,12.473898887634277
2025-04-17 20:00:00+00:00,12.481036186218262,12.604463577270508,12.481036186218262,12.517549514770508
2025-04-18 00:00:00+00:00,12.530006408691406,12.560115814208984,12.420562744140625,12.556222915649414
2025-04-18 04:00:00+00:00,12.558145523071289,12.672929763793945,12.539742469787598,12.64614486694336
2025-04-18 08:00:00+00:00,12.64473819732666,12.70651626586914,12.609562873840332,12.63481330871582
2025-04-18 12:00:00+00:00,12.634432792663574,12.634432792663574,12.479848861694336,12.507833480834961
2025-04-18 16:00:00+00:00,12.507716178894043,12.63469123840332,12.507716178894043,12.623909950256348
2025-04-18 20:00:00+00:00,12.625547409057617,12.63656997680664,12.5242919921875,12.562503814697266
2025-04-19 00:00:00+00:00,12.56144905090332,12.7559232711792,12.5470609664917,12.726540565490723
2025-04-19 04:00:00+00:00,12.725824356079102,12.86887264251709,12.721378326416016,12.848336219787598
2025-04-19 08:00:00+00:00,12.848771095275879,12.908660888671875,12.759366035461426,12.759366035461426
2025-04-19 12:00:00+00:00,12.759652137756348,12.826607704162598,12.73072338104248,12.74975299835205
2025-04-19 16:00:00+00:00,12.750386238098145,12.982656478881836,12.71462631225586,12.940557479858398
2025-04-19 20:00:00+00:00,12.940006256103516,13.027233123779297,12.919417381286621,12.936899185180664
2025-04-20 00:00:00+00:00,12.936532020568848,13.032137870788574,12.922452926635742,13.027543067932129
2025-04-20 04:00:00+00:00,13.027661323547363,13.085671424865723,12.895102500915527,12.966973304748535
2025-04-20 08:00:00+00:00,12.966889381408691,13.113268852233887,12.890036582946777,12.902231216430664
2025-04-20 12:00:00+00:00,12.903055191040039,13.187043190002441,12.903055191040039,13.109450340270996
2025-04-20 16:00:00+00:00,13.108708381652832,13.436502456665039,13.092391014099121,13.43366527557373
2025-04-20 20:00:00+00:00,13.41435432434082,13.564539909362793,13.262696266174316,13.27574634552002
2025-04-21 00:00:00+00:00,13.283323287963867,13.621003150939941,13.276769638061523,13.531808853149414
2025-04-21 04:00:00+00:00,13.530741691589355,13.641083717346191,13.475122451782227,13.641083717346191
2025-04-21 08:00:00+00:00,13.640310287475586,13.678594589233398,13.40245532989502,13.44857120513916
2025-04-21 12:00:00+00:00,13.449087142944336,13.556184768676758,13.352304458618164,13.356599807739258
2025-04-21 16:00:00+00:00,13.3639554977417,13.37352466583252,12.997299194335938,13.141539573669434
2025-04-21 20:00:00+00:00,13.141312599182129,13.141312599182129,13.027777671813965,13.10658073425293
2025-04-22 00:00:00+00:00,13.104141235351562,13.283136367797852,12.960843086242676,13.117928504943848
2025-04-22 04:00:00+00:00,13.118281364440918,13.308749198913574,13.02819538116455,13.27802562713623
2025-04-22 08:00:00+00:00,13.278301239013672,13.485511779785156,13.263888359069824,13.454825401306152
2025-04-22 12:00:00+00:00,13.454602241516113,14.048030853271484,13.437901496887207,13.812132835388184
2025-04-22 16:00:00+00:00,13.815671920776367,13.902020454406738,13.751056671142578,13.86549186706543
2025-04-22 20:00:00+00:00,13.862597465515137,14.148863792419434,13.804156303405762,14.138944625854492
2025-04-23 00:00:00+00:00,14.137526512145996,14.409958839416504,14.045028686523438,14.409834861755371
2025-04-23 04:00:00+00:00,14.41625690460205,14.709701538085938,14.375009536743164,14.709701538085938
2025-04-23 08:00:00+00:00,14.739686965942383,15.127891540527344,14.716344833374023,15.009086608886719
2025-04-23 12:00:00+00:00,15.008563995361328,15.223796844482422,14.63662338256836,14.835855484008789
2025-04-23 16:00:00+00:00,14.835325241088867,15.028103828430176,14.750140190124512,14.85617733001709
2025-04-23 20:00:00+00:00,14.856518745422363,15.13164234161377,14.856518745422363,15.005465507507324
2025-04-24 00:00:00+00:00,15.005775451660156,15.083629608154297,14.587714195251465,14.587714195251465
2025-04-24 04:00:00+00:00,14.587956428527832,14.597530364990234,14.299196243286133,14.317824363708496
2025-04-24 08:00:00+00:00,14.317790031433105,14.438375473022461,14.184618949890137,14.421764373779297
2025-04-24 12:00:00+00:00,14.422812461853027,15.111536979675293,14.3896484375,14.887616157531738
2025-04-24 16:00:00+00:00,14.886191368103027,15.052886962890625,14.749369621276855,14.966483116149902
2025-04-24 20:00:00+00:00,14.967145919799805,15.087276458740234,14.880881309509277,15.043388366699219
2025-04-25 00:00:00+00:00,15.045170783996582,15.175824165344238,14.737391471862793,14.976329803466797
2025-04-25 04:00:00+00:00,14.977273941040039,15.250442504882812,14.917295455932617,15.120925903320312
2025-04-25 08:00:00+00:00,15.123624801635742,15.27524471282959,15.004415512084961,15.115608215332031
2025-04-25 12:00:00+00:00,15.116883277893066,15.333536148071289,14.860246658325195,15.201079368591309
2025-04-25 16:00:00+00:00,15.200030326843262,15.236029624938965,14.965478897094727,15.051621437072754
2025-04-25 20:00:00+00:00,15.052720069885254,15.072408676147461,14.928825378417969,14.929201126098633
2025-04-26 00:00:00+00:00,14.929311752319336,15.238121032714844,14.929311752319336,15.102572441101074
2025-04-26 04:00:00+00:00,15.102917671203613,15.204426765441895,14.989941596984863,15.131945610046387
2025-04-26 08:00:00+00:00,15.128740310668945,15.18515396118164,14.772943496704102,14.779685020446777
2025-04-26 12:00:00+00:00,14.778727531433105,14.933531761169434,14.727187156677246,14.932854652404785
2025-04-26 16:00:00+00:00,14.932327270507812,14.947036743164062,14.812727928161621,14.867682456970215
2025-04-26 20:00:00+00:00,14.87576675415039,14.955101013183594,14.822148323059082,14.875073432922363
2025-04-27 00:00:00+00:00,14.873430252075195,15.071998596191406,14.644808769226074,14.745881080627441
2025-04-27 04:00:00+00:00,14.747618675231934,14.834057807922363,14.468815803527832,14.556266784667969
2025-04-27 08:00:00+00:00,14.556336402893066,14.657697677612305,14.530241966247559,14.547187805175781
2025-04-27 12:00:00+00:00,14.54665470123291,14.625296592712402,14.433671951293945,14.491990089416504
2025-04-27 16:00:00+00:00,14.491679191589355,14.798815727233887,14.42606258392334,14.798815727233887
2025-04-27 20:00:00+00:00,14.800894737243652,14.812808990478516,14.580841064453125,14.588237762451172
2025-04-28 00:00:00+00:00,14.587503433227539,14.856049537658691,14.28701114654541,14.856049537658691
2025-04-28 04:00:00+00:00,14.854877471923828,15.024444580078125,14.766218185424805,15.023011207580566
2025-04-28 08:00:00+00:00,15.022178649902344,15.091629028320312,14.847190856933594,14.976773262023926
2025-04-28 12:00:00+00:00,14.975963592529297,14.975963592529297,14.477234840393066,14.512470245361328
2025-04-28 16:00:00+00:00,14.51998519897461,15.004321098327637,14.464725494384766,14.965391159057617
2025-04-28 20:00:00+00:00,14.964725494384766,15.097922325134277,14.819544792175293,15.01732349395752
2025-04-29 00:00:00+00:00,15.018298149108887,15.223679542541504,14.961938858032227,15.071243286132812
2025-04-29 04:00:00+00:00,15.071112632751465,15.192024230957031,14.880081176757812,15.187108993530273
2025-04-29 08:00:00+00:00,15.18733024597168,15.215571403503418,15.033472061157227,15.033472061157227
2025-04-29 12:00:00+00:00,15.033498764038086,15.03526782989502,14.876241683959961,14.915841102600098
2025-04-29 16:00:00+00:00,14.914932250976562,14.990092277526855,14.807857513427734,14.878890991210938
2025-04-29 20:00:00+00:00,14.874726295471191,14.883417129516602,14.50295352935791,14.613883018493652
2025-04-30 00:00:00+00:00,14.61408805847168,14.732157707214355,14.542637825012207,14.731460571289062
2025-04-30 04:00:00+00:00,14.730989456176758,14.730989456176758,14.483973503112793,14.521758079528809
2025-04-30 08:00:00+00:00,14.524256706237793,14.665069580078125,14.483814239501953,14.620532035827637
2025-04-30 12:00:00+00:00,14.622367858886719,14.63403034210205,13.886187553405762,14.146048545837402
2025-04-30 16:00:00+00:00,14.146126747131348,14.36159896850586,14.020712852478027,14.242167472839355
2025-04-30 20:00:00+00:00,14.24108600616455,14.419421195983887,14.223637580871582,14.2930269241333
2025-05-01 00:00:00+00:00,14.292631149291992,14.6514892578125,14.292631149291992,14.538318634033203
2025-05-01 04:00:00+00:00,14.539315223693848,14.740092277526855,14.493327140808105,14.73934268951416
2025-05-01 08:00:00+00:00,14.73868179321289,15.003682136535645,14.72516918182373,14.985833168029785
2025-05-01 12:00:00+00:00,14.986493110656738,15.02544116973877,14.754633903503418,14.867952346801758
2025-05-01 16:00:00+00:00,14.867785453796387,15.003439903259277,14.845528602600098,14.86660099029541
2025-05-01 20:00:00+00:00,14.86709213256836,14.941252708435059,14.744893074035645,14.75255012512207
2025-05-02 00:00:00+00:00,14.751108169555664,14.99643325805664,14.721636772155762,14.886744499206543
2025-05-02 04:00:00+00:00,14.886472702026367,14.886472702026367,14.578696250915527,14.578696250915527
2025-05-02 08:00:00+00:00,14.578351020812988,14.744674682617188,14.566810607910156,14.603865623474121
2025-05-02 12:00:00+00:00,14.603593826293945,14.854443550109863,14.532583236694336,14.768609046936035
2025-05-02 16:00:00+00:00,14.77038860321045,15.009608268737793,14.638564109802246,14.651044845581055
2025-05-02 20:00:00+00:00,14.651741981506348,14.796332359313965,14.588298797607422,14.661189079284668
2025-05-03 00:00:00+00:00,14.661639213562012,14.662239074707031,14.514504432678223,14.540448188781738
2025-05-03 04:00:00+00:00,14.540116310119629,14.546782493591309,14.380338668823242,14.410320281982422
2025-05-03 08:00:00+00:00,14.408884048461914,14.418275833129883,14.30005931854248,14.317138671875
2025-05-03 12:00:00+00:00,14.317496299743652,14.523887634277344,14.315577507019043,14.440849304199219
2025-05-03 16:00:00+00:00,14.439473152160645,14.439473152160645,14.208162307739258,14.370180130004883
2025-05-03 20:00:00+00:00,14.370943069458008,14.438887596130371,14.251896858215332,14.260686874389648
2025-05-04 00:00:00+00:00,14.259560585021973,14.354082107543945,14.183263778686523,14.214600563049316
2025-05-04 04:00:00+00:00,14.213095664978027,14.250679016113281,14.096769332885742,14.112736701965332
2025-05-04 08:00:00+00:00,14.113825798034668,14.122881889343262,14.004071235656738,14.047941207885742
2025-05-04 12:00:00+00:00,14.048774719238281,14.16854190826416,14.023921966552734,14.118219375610352
2025-05-04 16:00:00+00:00,14.114758491516113,14.118120193481445,13.987792015075684,14.018285751342773
2025-05-04 20:00:00+00:00,14.020031929016113,14.174954414367676,13.84748363494873,13.859807014465332
2025-05-05 00:00:00+00:00,13.859687805175781,14.011213302612305,13.818547248840332,13.896520614624023
2025-05-05 04:00:00+00:00,13.890920639038086,14.15429973602295,13.876716613769531,14.108509063720703
2025-05-05 08:00:00+00:00,14.108353614807129,14.120163917541504,13.68676471710205,13.754502296447754
2025-05-05 12:00:00+00:00,13.751448631286621,13.8028564453125,13.553987503051758,13.573305130004883
2025-05-05 16:00:00+00:00,13.570323944091797,13.799444198608398,13.56682014465332,13.641349792480469
2025-05-05 20:00:00+00:00,13.637985229492188,13.749178886413574,13.501041412353516,13.646459579467773
2025-05-06 00:00:00+00:00,13.645546913146973,13.659109115600586,13.428875923156738,13.584769248962402
2025-05-06 04:00:00+00:00,13.585333824157715,13.61953067779541,13.506902694702148,13.522665023803711
2025-05-06 08:00:00+00:00,13.522660255432129,13.522660255432129,13.247230529785156,13.255453109741211
2025-05-06 12:00:00+00:00,13.259167671203613,13.465923309326172,13.22375774383545,13.390130996704102
2025-05-06 16:00:00+00:00,13.38926887512207,13.666011810302734,13.345742225646973,13.62510871887207
2025-05-06 20:00:00+00:00,13.620119094848633,13.872729301452637,13.37495231628418,13.831192970275879
2025-05-07 00:00:00+00:00,13.826404571533203,14.063538551330566,13.803245544433594,13.923107147216797
2025-05-07 04:00:00+00:00,13.923047065734863,13.990915298461914,13.773619651794434,13.918736457824707
2025-05-07 08:00:00+00:00,13.919890403747559,13.965054512023926,13.83572769165039,13.858278274536133
2025-05-07 12:00:00+00:00,13.86378002166748,13.865096092224121,13.591668128967285,13.603099822998047
2025-05-07 16:00:00+00:00,13.602524757385254,13.665300369262695,13.491503715515137,13.57042121887207
2025-05-07 20:00:00+00:00,13.570003509521484,13.905271530151367,13.552170753479004,13.818177223205566
2025-05-08 00:00:00+00:00,13.818318367004395,14.454041481018066,13.818318367004395,14.442503929138184
2025-05-08 04:00:00+00:00,14.449210166931152,14.712255477905273,14.449210166931152,14.678802490234375
2025-05-08 08:00:00+00:00,14.680621147155762,14.943106651306152,14.680621147155762,14.886934280395508
2025-05-08 12:00:00+00:00,14.8878755569458,15.381656646728516,14.829450607299805,15.223544120788574
2025-05-08 16:00:00+00:00,15.22446346282959,15.54987621307373,15.205822944641113,15.536201477050781
2025-05-08 20:00:00+00:00,15.535287857055664,15.93539047241211,15.503952026367188,15.849909782409668
2025-05-09 00:00:00+00:00,15.855050086975098,15.926505088806152,15.699688911437988,15.699688911437988
2025-05-09 04:00:00+00:00,15.701848983764648,16.20926284790039,15.601842880249023,16.094667434692383
2025-05-09 08:00:00+00:00,16.102296829223633,16.69103240966797,15.941790580749512,16.24339485168457
2025-05-09 12:00:00+00:00,16.233112335205078,16.36235809326172,15.82402229309082,15.936726570129395
2025-05-09 16:00:00+00:00,15.953510284423828,16.134370803833008,15.782463073730469,15.978960037231445
2025-05-09 20:00:00+00:00,15.980161666870117,16.063919067382812,15.941864967346191,16.011110305786133
2025-05-10 00:00:00+00:00,16.010833740234375,16.25526237487793,15.898472785949707,16.047958374023438
2025-05-10 04:00:00+00:00,16.0479736328125,16.391599655151367,15.917503356933594,16.38868522644043
2025-05-10 08:00:00+00:00,16.363422393798828,16.447267532348633,16.062702178955078,16.081058502197266
2025-05-10 12:00:00+00:00,16.101158142089844,16.46340560913086,16.101158142089844,16.444414138793945
2025-05-10 16:00:00+00:00,16.44318199157715,16.94548797607422,16.432170867919922,16.763673782348633
2025-05-10 20:00:00+00:00,16.764698028564453,17.420974731445312,16.708364486694336,17.34076690673828
2025-05-11 00:00:00+00:00,17.327585220336914,17.363067626953125,16.860383987426758,16.94298553466797
2025-05-11 04:00:00+00:00,16.942419052124023,17.005056381225586,16.342533111572266,16.475788116455078
2025-05-11 08:00:00+00:00,16.47453498840332,16.658756256103516,16.398178100585938,16.658756256103516
2025-05-11 12:00:00+00:00,16.658334732055664,16.821298599243164,16.46487045288086,16.570680618286133
2025-05-11 16:00:00+00:00,16.570518493652344,17.030908584594727,16.479623794555664,16.95122528076172
2025-05-11 20:00:00+00:00,16.950956344604492,17.112571716308594,16.880128860473633,17.064071655273438
2025-05-12 00:00:00+00:00,17.06834602355957,17.319379806518555,16.870845794677734,17.130210876464844
2025-05-12 04:00:00+00:00,17.135705947875977,17.875896453857422,16.98551368713379,17.472612380981445
2025-05-12 08:00:00+00:00,17.4979190826416,17.593812942504883,17.135969161987305,17.135969161987305
2025-05-12 12:00:00+00:00,17.135265350341797,17.515762329101562,16.76753807067871,16.855283737182617
2025-05-12 16:00:00+00:00,16.856456756591797,17.00004768371582,16.168834686279297,16.46750831604004
2025-05-12 20:00:00+00:00,16.5106201171875,16.816631317138672,16.444171905517578,16.732389450073242
2025-05-13 00:00:00+00:00,16.731739044189453,16.735631942749023,16.084138870239258,16.111764907836914
2025-05-13 04:00:00+00:00,16.1101016998291,16.51558494567871,16.078153610229492,16.441930770874023
2025-05-13 08:00:00+00:00,16.44122886657715,16.75447654724121,16.377859115600586,16.675704956054688
2025-05-13 12:00:00+00:00,16.667036056518555,16.847944259643555,16.56999397277832,16.844297409057617
2025-05-13 16:00:00+00:00,16.84596824645996,17.784448623657227,16.84596824645996,17.624221801757812
2025-05-13 20:00:00+00:00,17.62908172607422,17.690744400024414,17.409135818481445,17.432764053344727
2025-05-14 00:00:00+00:00,17.43010711669922,17.49659538269043,17.137413024902344,17.19437026977539
2025-05-14 04:00:00+00:00,17.215396881103516,17.399669647216797,17.14299201965332,17.23002052307129
2025-05-14 08:00:00+00:00,17.22178840637207,17.22178840637207,16.836143493652344,17.120559692382812
2025-05-14 12:00:00+00:00,17.120622634887695,17.182964324951172,16.811777114868164,16.97484588623047
2025-05-14 16:00:00+00:00,16.97542381286621,17.083845138549805,16.721574783325195,17.0522518157959
2025-05-14 20:00:00+00:00,17.045265197753906,17.08098602294922,16.833526611328125,17.013023376464844
2025-05-15 00:00:00+00:00,17.01263427734375,17.1794490814209,16.71622657775879,16.71622657775879
2025-05-15 04:00:00+00:00,16.716753005981445,16.811506271362305,16.22955894470215,16.243928909301758
2025-05-15 08:00:00+00:00,16.241052627563477,16.535249710083008,16.122533798217773,16.290203094482422
2025-05-15 12:00:00+00:00,16.2917537689209,16.44574737548828,15.919549942016602,16.436994552612305
2025-05-15 16:00:00+00:00,16.441373825073242,16.68120574951172,16.05147933959961,16.17099952697754
2025-05-15 20:00:00+00:00,16.169448852539062,16.269062042236328,15.736230850219727,16.004150390625
2025-05-16 00:00:00+00:00,16.006256103515625,16.309871673583984,15.954976081848145,16.309871673583984
2025-05-16 04:00:00+00:00,16.308629989624023,16.42466163635254,16.184011459350586,16.362930297851562
2025-05-16 08:00:00+00:00,16.36263084411621,16.49493980407715,16.071243286132812,16.351898193359375
2025-05-16 12:00:00+00:00,16.356182098388672,16.373929977416992,16.120357513427734,16.229198455810547
2025-05-16 16:00:00+00:00,16.231224060058594,16.298686981201172,16.007638931274414,16.05047607421875
2025-05-16 20:00:00+00:00,16.052858352661133,16.058439254760742,15.64990520477295,15.755104064941406
2025-05-17 00:00:00+00:00,15.754505157470703,15.759554862976074,15.277254104614258,15.515493392944336
2025-05-17 04:00:00+00:00,15.515362739562988,15.614189147949219,15.353289604187012,15.375317573547363
2025-05-17 08:00:00+00:00,15.375406265258789,15.456053733825684,15.285889625549316,15.35142993927002
2025-05-17 12:00:00+00:00,15.34933853149414,15.409241676330566,15.144493103027344,15.337800025939941
2025-05-17 16:00:00+00:00,15.330883979797363,15.422351837158203,15.120353698730469,15.259191513061523
2025-05-17 20:00:00+00:00,15.25687313079834,15.447966575622559,15.172497749328613,15.32045841217041
2025-05-18 00:00:00+00:00,15.324132919311523,15.425747871398926,15.290406227111816,15.387343406677246
2025-05-18 04:00:00+00:00,15.385266304016113,15.722983360290527,15.373992919921875,15.721994400024414
2025-05-18 08:00:00+00:00,15.723541259765625,15.859888076782227,15.647136688232422,15.647136688232422
2025-05-18 12:00:00+00:00,15.645941734313965,16.325490951538086,15.574136734008789,16.305967330932617
2025-05-18 16:00:00+00:00,16.309091567993164,16.361921310424805,15.241525650024414,15.241525650024414
2025-05-18 20:00:00+00:00,15.242313385009766,15.922524452209473,15.04580307006836,15.922524452209473
2025-05-19 00:00:00+00:00,15.905409812927246,15.957515716552734,15.148655891418457,15.170169830322266
2025-05-19 04:00:00+00:00,15.167665481567383,15.270782470703125,14.873075485229492,15.18793773651123
2025-05-19 08:00:00+00:00,15.187830924987793,15.269057273864746,15.129993438720703,15.223772048950195
2025-05-19 12:00:00+00:00,15.221789360046387,15.489052772521973,15.043947219848633,15.460121154785156
2025-05-19 16:00:00+00:00,15.461389541625977,15.848980903625488,15.381762504577637,15.762800216674805
2025-05-19 20:00:00+00:00,15.767932891845703,15.830193519592285,15.664081573486328,15.799415588378906
2025-05-20 00:00:00+00:00,15.798657417297363,16.375141143798828,15.683064460754395,16.100299835205078
2025-05-20 04:00:00+00:00,16.1075382232666,16.269838333129883,15.926438331604004,15.969593048095703
2025-05-20 08:00:00+00:00,15.968159675598145,16.00836753845215,15.571109771728516,15.679853439331055
2025-05-20 12:00:00+00:00,15.678276062011719,15.678276062011719,15.454951286315918,15.564826965332031
2025-05-20 16:00:00+00:00,15.56297492980957,15.628568649291992,15.267731666564941,15.624460220336914
2025-05-20 20:00:00+00:00,15.619853973388672,15.783510208129883,15.54405689239502,15.6917085647583
2025-05-21 00:00:00+00:00,15.692319869995117,15.903337478637695,15.57542610168457,15.869144439697266
2025-05-21 04:00:00+00:00,15.866806030273438,16.059505462646484,15.82781982421875,15.86292839050293
2025-05-21 08:00:00+00:00,15.862531661987305,16.22152328491211,15.59404468536377,15.91641616821289
2025-05-21 12:00:00+00:00,15.907110214233398,16.1561279296875,15.647320747375488,16.119205474853516
2025-05-21 16:00:00+00:00,16.122087478637695,16.456838607788086,15.581841468811035,15.945216178894043
2025-05-21 20:00:00+00:00,15.946365356445312,16.273420333862305,15.785351753234863,16.12419891357422
2025-05-22 00:00:00+00:00,16.122169494628906,16.478622436523438,16.07535171508789,16.43781280517578
2025-05-22 04:00:00+00:00,16.434282302856445,16.459627151489258,16.24198341369629,16.40837860107422
2025-05-22 08:00:00+00:00,16.41364288330078,16.731285095214844,16.40593719482422,16.617305755615234
2025-05-22 12:00:00+00:00,16.62049102783203,16.849111557006836,16.44037628173828,16.81018829345703
2025-05-22 16:00:00+00:00,16.81096076965332,16.877504348754883,16.640151977539062,16.64989471435547
2025-05-22 20:00:00+00:00,16.651668548583984,16.762174606323242,16.547868728637695,16.736061096191406
2025-05-23 00:00:00+00:00,16.7360897064209,17.13692855834961,16.605276107788086,17.135530471801758
2025-05-23 04:00:00+00:00,17.132631301879883,17.132631301879883,16.5842227935791,16.661041259765625
2025-05-23 08:00:00+00:00,16.658737182617188,17.0985050201416,16.30664825439453,16.30664825439453
2025-05-23 12:00:00+00:00,16.306413650512695,16.462614059448242,15.976607322692871,16.244096755981445
2025-05-23 16:00:00+00:00,16.2340030670166,16.34939193725586,16.056249618530273,16.064987182617188
2025-05-23 20:00:00+00:00,16.061044692993164,16.061044692993164,15.459900856018066,15.521185874938965
2025-05-24 00:00:00+00:00,15.533914566040039,15.797532081604004,15.476813316345215,15.734611511230469
2025-05-24 04:00:00+00:00,15.735427856445312,15.868159294128418,15.67796802520752,15.688197135925293
2025-05-24 08:00:00+00:00,15.688426971435547,15.896583557128906,15.65492057800293,15.777722358703613
2025-05-24 12:00:00+00:00,15.776468276977539,15.788373947143555,15.610417366027832,15.631491661071777
2025-05-24 16:00:00+00:00,15.634063720703125,15.677949905395508,15.450810432434082,15.497735977172852
2025-05-24 20:00:00+00:00,15.500911712646484,15.504910469055176,15.26612663269043,15.355573654174805
2025-05-25 00:00:00+00:00,15.347616195678711,15.49495792388916,15.161650657653809,15.483663558959961
2025-05-25 04:00:00+00:00,15.476080894470215,15.476080894470215,15.28929328918457,15.298004150390625
2025-05-25 08:00:00+00:00,15.298961639404297,15.298961639404297,15.099501609802246,15.140508651733398
2025-05-25 12:00:00+00:00,15.141866683959961,15.299494743347168,14.91190242767334,15.01022720336914
2025-05-25 16:00:00+00:00,15.011580467224121,15.16512393951416,14.907383918762207,15.16290283203125
2025-05-25 20:00:00+00:00,15.157478332519531,15.547386169433594,15.064157485961914,15.526289939880371
2025-05-26 00:00:00+00:00,15.526503562927246,15.769123077392578,15.518139839172363,15.718779563903809
2025-05-26 04:00:00+00:00,15.717096328735352,15.919051170349121,15.610244750976562,15.915838241577148
2025-05-26 08:00:00+00:00,15.919209480285645,15.935578346252441,15.729448318481445,15.744382858276367
2025-05-26 12:00:00+00:00,15.744902610778809,15.78018569946289,15.44356632232666,15.753388404846191
2025-05-26 16:00:00+00:00,15.75501823425293,15.784317970275879,15.447086334228516,15.504210472106934
2025-05-26 20:00:00+00:00,15.504389762878418,15.653677940368652,15.440229415893555,15.527997970581055
2025-05-27 00:00:00+00:00,15.529616355895996,15.589462280273438,15.208304405212402,15.466168403625488
2025-05-27 04:00:00+00:00,15.465120315551758,15.872544288635254,15.458882331848145,15.847160339355469
2025-05-27 08:00:00+00:00,15.84763240814209,15.958856582641602,15.846242904663086,15.937821388244629
2025-05-27 12:00:00+00:00,15.941126823425293,16.088361740112305,15.80660629272461,16.00151252746582
2025-05-27 16:00:00+00:00,16.002212524414062,16.10960578918457,15.894914627075195,15.93021011352539
2025-05-27 20:00:00+00:00,15.930739402770996,16.01075553894043,15.811570167541504,15.917821884155273
2025-05-28 00:00:00+00:00,15.917685508728027,16.04088592529297,15.741756439208984,16.036724090576172
2025-05-28 04:00:00+00:00,16.037750244140625,16.1272029876709,15.807751655578613,15.894408226013184
2025-05-28 08:00:00+00:00,15.892843246459961,15.9926118850708,15.767807006835938,15.99150562286377
2025-05-28 12:00:00+00:00,15.990270614624023,16.082204818725586,15.459843635559082,15.459843635559082
2025-05-28 16:00:00+00:00,15.459717750549316,15.657476425170898,15.33164119720459,15.343231201171875
2025-05-28 20:00:00+00:00,15.339692115783691,15.727934837341309,15.327576637268066,15.665865898132324
2025-05-29 00:00:00+00:00,15.666298866271973,16.175336837768555,15.616646766662598,16.01768684387207
2025-05-29 04:00:00+00:00,16.020610809326172,16.04857635498047,15.726929664611816,15.787070274353027
2025-05-29 08:00:00+00:00,15.786466598510742,15.910138130187988,15.749162673950195,15.844125747680664
2025-05-29 12:00:00+00:00,15.845779418945312,15.845779418945312,15.341073989868164,15.370997428894043
2025-05-29 16:00:00+00:00,15.371301651000977,15.480562210083008,15.162564277648926,15.208714485168457
2025-05-29 20:00:00+00:00,15.204950332641602,15.279842376708984,15.039716720581055,15.040337562561035
2025-05-30 00:00:00+00:00,15.040637969970703,15.105669975280762,14.426470756530762,14.69365119934082
2025-05-30 04:00:00+00:00,14.69516658782959,14.747735977172852,14.464285850524902,14.530508041381836
2025-05-30 08:00:00+00:00,14.52707290649414,14.572661399841309,14.319816589355469,14.552288055419922
2025-05-30 12:00:00+00:00,14.542632102966309,14.580496788024902,14.2683687210083,14.2683687210083
2025-05-30 16:00:00+00:00,14.252459526062012,14.327110290527344,13.925442695617676,14.303571701049805
2025-05-30 20:00:00+00:00,14.28339672088623,14.28339672088623,13.877326011657715,13.89899730682373
2025-05-31 00:00:00+00:00,13.900700569152832,13.90963363647461,13.446891784667969,13.544095993041992
2025-05-31 04:00:00+00:00,13.544095993041992,13.744962692260742,13.473525047302246,13.7298002243042
2025-05-31 08:00:00+00:00,13.729025840759277,13.853676795959473,13.64719295501709,13.662683486938477
2025-05-31 12:00:00+00:00,13.671222686767578,14.010932922363281,13.667922019958496,13.904160499572754
2025-05-31 16:00:00+00:00,13.90412712097168,14.171713829040527,13.873164176940918,14.1305513381958
2025-05-31 20:00:00+00:00,14.13058853149414,14.174111366271973,13.976844787597656,13.976844787597656
2025-06-01 00:00:00+00:00,13.97359848022461,13.97359848022461,13.783509254455566,13.868180274963379
2025-06-01 04:00:00+00:00,13.859636306762695,13.977581977844238,13.826184272766113,13.874784469604492
2025-06-01 08:00:00+00:00,13.874905586242676,13.875659942626953,13.633017539978027,13.824652671813965
2025-06-01 12:00:00+00:00,13.823634147644043,13.959502220153809,13.739330291748047,13.946456909179688
2025-06-01 16:00:00+00:00,13.946358680725098,14.091343879699707,13.82170581817627,14.000720024108887
2025-06-01 20:00:00+00:00,14.004505157470703,14.11931324005127,13.96027660369873,14.062182426452637
2025-06-02 00:00:00+00:00,14.063582420349121,14.071332931518555,13.827009201049805,13.875651359558105
2025-06-02 04:00:00+00:00,13.875801086425781,13.972801208496094,13.798605918884277,13.895326614379883
2025-06-02 08:00:00+00:00,13.895491600036621,13.950187683105469,13.684293746948242,13.691610336303711
2025-06-02 12:00:00+00:00,13.687196731567383,13.816699028015137,13.666299819946289,13.721458435058594
2025-06-02 16:00:00+00:00,13.721138954162598,13.83536148071289,13.619446754455566,13.67098331451416
2025-06-02 20:00:00+00:00,13.671059608459473,14.111518859863281,13.671059608459473,14.093976974487305
2025-06-03 00:00:00+00:00,14.091910362243652,14.425639152526855,14.061524391174316,14.151193618774414
2025-06-03 04:00:00+00:00,14.151250839233398,14.225400924682617,14.06287670135498,14.149137496948242
2025-06-03 08:00:00+00:00,14.142643928527832,14.15596866607666,14.017499923706055,14.084421157836914
2025-06-03 12:00:00+00:00,14.085999488830566,14.425053596496582,14.067035675048828,14.341413497924805
2025-06-03 16:00:00+00:00,14.341209411621094,14.401592254638672,14.24797534942627,14.342167854309082
2025-06-03 20:00:00+00:00,14.345224380493164,14.356825828552246,14.040700912475586,14.1156587600708
2025-06-04 00:00:00+00:00,14.116616249084473,14.379020690917969,14.094396591186523,14.349349975585938
2025-06-04 04:00:00+00:00,14.346084594726562,14.402944564819336,14.249281883239746,14.288904190063477
2025-06-04 08:00:00+00:00,14.295061111450195,14.464134216308594,14.220138549804688,14.220138549804688
2025-06-04 12:00:00+00:00,14.22010326385498,14.223807334899902,13.999545097351074,14.193611145019531
2025-06-04 16:00:00+00:00,14.191091537475586,14.191091537475586,13.929268836975098,13.929268836975098
2025-06-04 20:00:00+00:00,13.92793083190918,13.944646835327148,13.751914978027344,13.850838661193848
2025-06-05 00:00:00+00:00,13.85211181640625,13.948749542236328,13.768044471740723,13.897761344909668
2025-06-05 04:00:00+00:00,13.897695541381836,13.939291000366211,13.728171348571777,13.768928527832031
2025-06-05 08:00:00+00:00,13.7674560546875,13.828877449035645,13.667500495910645,13.761503219604492
2025-06-05 12:00:00+00:00,13.769546508789062,14.030868530273438,13.567548751831055,13.754932403564453
2025-06-05 16:00:00+00:00,13.752575874328613,13.752575874328613,13.216877937316895,13.238938331604004
2025-06-05 20:00:00+00:00,13.236124992370605,13.236124992370605,12.682473182678223,12.922357559204102
2025-06-06 00:00:00+00:00,12.922676086425781,13.190178871154785,12.881930351257324,13.18954086303711
2025-06-06 04:00:00+00:00,13.189600944519043,13.268510818481445,13.124815940856934,13.182321548461914
2025-06-06 08:00:00+00:00,13.1820068359375,13.268071174621582,13.18026065826416,13.219614028930664
2025-06-06 12:00:00+00:00,13.220093727111816,13.63851261138916,13.220093727111816,13.549629211425781
2025-06-06 16:00:00+00:00,13.550061225891113,13.606305122375488,13.440072059631348,13.482172966003418
2025-06-06 20:00:00+00:00,13.483739852905273,13.613004684448242,13.475281715393066,13.581315040588379
2025-06-07 00:00:00+00:00,13.580198287963867,13.831396102905273,13.510598182678223,13.814428329467773
2025-06-07 04:00:00+00:00,13.813969612121582,14.060641288757324,13.773405075073242,14.022561073303223
2025-06-07 08:00:00+00:00,14.023252487182617,14.066141128540039,13.926812171936035,13.99990177154541
2025-06-07 12:00:00+00:00,13.998567581176758,14.08260440826416,13.91791820526123,13.937865257263184
2025-06-07 16:00:00+00:00,13.937506675720215,13.952802658081055,13.777975082397461,13.810067176818848
2025-06-07 20:00:00+00:00,13.81132984161377,13.905967712402344,13.777486801147461,13.836443901062012
2025-06-08 00:00:00+00:00,13.834092140197754,13.855097770690918,13.767068862915039,13.79957103729248
2025-06-08 04:00:00+00:00,13.799046516418457,13.822858810424805,13.73872184753418,13.744330406188965
2025-06-08 08:00:00+00:00,13.744636535644531,13.77357292175293,13.57868766784668,13.768891334533691
2025-06-08 12:00:00+00:00,13.769304275512695,13.844964981079102,13.69917106628418,13.757041931152344
2025-06-08 16:00:00+00:00,13.756941795349121,13.906441688537598,13.756941795349121,13.906315803527832
2025-06-08 20:00:00+00:00,13.90726089477539,13.96369457244873,13.68563175201416,13.717023849487305
2025-06-09 00:00:00+00:00,13.717573165893555,13.784601211547852,13.648618698120117,13.722854614257812
2025-06-09 04:00:00+00:00,13.722686767578125,13.72922134399414,13.565451622009277,13.655692100524902
2025-06-09 08:00:00+00:00,13.656632423400879,13.944704055786133,13.588729858398438,13.900057792663574
2025-06-09 12:00:00+00:00,13.89964485168457,14.000391006469727,13.804940223693848,13.968735694885254
2025-06-09 16:00:00+00:00,13.965941429138184,14.091288566589355,13.95398998260498,14.019420623779297
2025-06-09 20:00:00+00:00,14.019110679626465,14.385451316833496,14.019110679626465,14.361599922180176
2025-06-10 00:00:00+00:00,14.360960006713867,14.616204261779785,14.35462474822998,14.486048698425293
2025-06-10 04:00:00+00:00,14.482278823852539,14.551992416381836,14.340975761413574,14.48705768585205
2025-06-10 08:00:00+00:00,14.486884117126465,15.174365043640137,14.434351921081543,15.14870548248291
2025-06-10 12:00:00+00:00,15.149138450622559,15.318967819213867,14.877274513244629,15.120890617370605
2025-06-10 16:00:00+00:00,15.118675231933594,15.48998737335205,15.086724281311035,15.220791816711426
2025-06-10 20:00:00+00:00,15.229203224182129,15.432866096496582,15.175888061523438,15.427742004394531
2025-06-11 00:00:00+00:00,15.430098533630371,15.476789474487305,15.151384353637695,15.293185234069824
2025-06-11 04:00:00+00:00,15.292976379394531,15.437546730041504,15.209864616394043,15.430973052978516
2025-06-11 08:00:00+00:00,15.427163124084473,15.427163124084473,15.099499702453613,15.151467323303223
2025-06-11 12:00:00+00:00,15.150979042053223,15.640304565429688,15.105711936950684,15.629942893981934
2025-06-11 16:00:00+00:00,15.625724792480469,15.625724792480469,15.12750244140625,15.147541999816895
2025-06-11 20:00:00+00:00,15.148177146911621,15.243955612182617,14.798277854919434,14.90967082977295
2025-06-12 00:00:00+00:00,14.909212112426758,14.909212112426758,14.609880447387695,14.675311088562012
2025-06-12 04:00:00+00:00,14.67460823059082,14.67460823059082,14.44968318939209,14.44968318939209
2025-06-12 08:00:00+00:00,14.44888687133789,14.466327667236328,14.100045204162598,14.140034675598145
2025-06-12 12:00:00+00:00,14.130570411682129,14.491942405700684,14.115560531616211,14.254868507385254
2025-06-12 16:00:00+00:00,14.254433631896973,14.563566207885742,14.11920166015625,14.12688159942627
2025-06-12 20:00:00+00:00,14.126696586608887,14.170509338378906,13.880841255187988,14.026015281677246
2025-06-13 00:00:00+00:00,14.020528793334961,14.020528793334961,12.815140724182129,13.284149169921875
2025-06-13 04:00:00+00:00,13.283885955810547,13.288190841674805,13.057435989379883,13.267977714538574
2025-06-13 08:00:00+00:00,13.254935264587402,13.376937866210938,13.153094291687012,13.31534481048584
2025-06-13 12:00:00+00:00,13.31590747833252,13.460410118103027,13.14063835144043,13.417574882507324
2025-06-13 16:00:00+00:00,13.417695999145508,13.579038619995117,13.063420295715332,13.120482444763184
2025-06-13 20:00:00+00:00,13.123054504394531,13.436909675598145,13.11959457397461,13.43662166595459
2025-06-14 00:00:00+00:00,13.438860893249512,13.440685272216797,13.255623817443848,13.276432991027832
2025-06-14 04:00:00+00:00,13.276455879211426,13.33293628692627,13.163854598999023,13.224079132080078
2025-06-14 08:00:00+00:00,13.22380256652832,13.22380256652832,13.10983943939209,13.160978317260742
2025-06-14 12:00:00+00:00,13.161041259765625,13.190302848815918,12.978704452514648,12.984834671020508
2025-06-14 16:00:00+00:00,12.987212181091309,13.07230281829834,12.873080253601074,13.02027702331543
2025-06-14 20:00:00+00:00,13.018198013305664,13.201432228088379,12.948956489562988,13.166620254516602
2025-06-15 00:00:00+00:00,13.165444374084473,13.271385192871094,13.161728858947754,13.235526084899902
2025-06-15 04:00:00+00:00,13.235868453979492,13.313809394836426,13.131382942199707,13.162424087524414
2025-06-15 08:00:00+00:00,13.162638664245605,13.162638664245605,13.043251991271973,13.083137512207031
2025-06-15 12:00:00+00:00,13.08289623260498,13.295610427856445,13.071439743041992,13.184858322143555
2025-06-15 16:00:00+00:00,13.185309410095215,13.23193359375,13.119373321533203,13.123976707458496
2025-06-15 20:00:00+00:00,13.124279022216797,13.301844596862793,13.016565322875977,13.296910285949707
2025-06-16 00:00:00+00:00,13.29731273651123,13.471251487731934,13.196026802062988,13.3840970993042
2025-06-16 04:00:00+00:00,13.383454322814941,13.71673583984375,13.381203651428223,13.688637733459473
2025-06-16 08:00:00+00:00,13.686920166015625,13.733044624328613,13.573118209838867,13.674564361572266
2025-06-16 12:00:00+00:00,13.674338340759277,13.884753227233887,13.64685344696045,13.813501358032227
2025-06-16 16:00:00+00:00,13.814335823059082,14.087189674377441,13.80286693572998,14.04531192779541
2025-06-16 20:00:00+00:00,14.048174858093262,14.143877029418945,13.574803352355957,13.574803352355957
2025-06-17 00:00:00+00:00,13.570841789245605,13.765507698059082,13.366884231567383,13.661413192749023
2025-06-17 04:00:00+00:00,13.661633491516113,13.724542617797852,13.48604679107666,13.512179374694824
2025-06-17 08:00:00+00:00,13.51144790649414,13.51144790649414,13.219924926757812,13.238797187805176
2025-06-17 12:00:00+00:00,13.239570617675781,13.352418899536133,12.968782424926758,13.048147201538086
2025-06-17 16:00:00+00:00,13.052538871765137,13.232551574707031,12.841510772705078,13.189922332763672
2025-06-17 20:00:00+00:00,13.188958168029785,13.188958168029785,12.878931045532227,13.007872581481934
2025-06-18 00:00:00+00:00,13.005461692810059,13.143007278442383,12.98786449432373,13.081814765930176
2025-06-18 04:00:00+00:00,13.081245422363281,13.212994575500488,13.046995162963867,13.085746765136719
2025-06-18 08:00:00+00:00,13.087357521057129,13.125575065612793,12.722792625427246,12.842133522033691
2025-06-18 12:00:00+00:00,12.84360122680664,12.992051124572754,12.657876968383789,12.929180145263672
2025-06-18 16:00:00+00:00,12.927780151367188,12.927780151367188,12.725198745727539,12.819911003112793
2025-06-18 20:00:00+00:00,12.819945335388184,13.13779067993164,12.771230697631836,13.103774070739746
2025-06-19 00:00:00+00:00,13.106953620910645,13.23619270324707,13.060898780822754,13.190852165222168
2025-06-19 04:00:00+00:00,13.191340446472168,13.272995948791504,13.13858699798584,13.13858699798584
2025-06-19 08:00:00+00:00,13.138282775878906,13.362289428710938,13.133644104003906,13.191451072692871
2025-06-19 12:00:00+00:00,13.191055297851562,13.203432083129883,12.956103324890137,12.97768497467041
2025-06-19 16:00:00+00:00,12.97635555267334,13.152997016906738,12.935715675354004,13.029672622680664
2025-06-19 20:00:00+00:00,13.028529167175293,13.139397621154785,13.011422157287598,13.074919700622559
2025-06-20 00:00:00+00:00,13.073363304138184,13.108612060546875,13.005000114440918,13.008208274841309
2025-06-20 04:00:00+00:00,13.007833480834961,13.173101425170898,12.903592109680176,13.173101425170898
2025-06-20 08:00:00+00:00,13.172842025756836,13.269440650939941,13.093765258789062,13.1469087600708
2025-06-20 12:00:00+00:00,13.14642333984375,13.228482246398926,12.850958824157715,12.910743713378906
2025-06-20 16:00:00+00:00,12.910314559936523,12.910314559936523,12.329696655273438,12.594441413879395
2025-06-20 20:00:00+00:00,12.59219741821289,12.715660095214844,12.401049613952637,12.51447582244873
2025-06-21 00:00:00+00:00,12.514707565307617,12.719082832336426,12.506124496459961,12.708925247192383
2025-06-21 04:00:00+00:00,12.705316543579102,12.705316543579102,12.598612785339355,12.630250930786133
2025-06-21 08:00:00+00:00,12.631185531616211,12.725667953491211,12.631185531616211,12.690208435058594
2025-06-21 12:00:00+00:00,12.689498901367188,12.695991516113281,12.415616989135742,12.492233276367188
2025-06-21 16:00:00+00:00,12.491059303283691,12.551278114318848,12.211666107177734,12.211666107177734
2025-06-21 20:00:00+00:00,12.210744857788086,12.324586868286133,11.779825210571289,11.98644733428955
2025-06-22 00:00:00+00:00,11.987632751464844,12.163656234741211,11.869431495666504,11.872672080993652
2025-06-22 04:00:00+00:00,11.876331329345703,12.092681884765625,11.876331329345703,11.963420867919922
2025-06-22 08:00:00+00:00,11.963419914245605,11.992403984069824,11.815503120422363,11.870071411132812
2025-06-22 12:00:00+00:00,11.871273040771484,11.958457946777344,11.34783935546875,11.447366714477539
2025-06-22 16:00:00+00:00,11.446610450744629,11.524284362792969,11.237563133239746,11.237563133239746
2025-06-22 20:00:00+00:00,11.234700202941895,11.660857200622559,11.013331413269043,11.652578353881836
2025-06-23 00:00:00+00:00,11.652554512023926,11.7418212890625,11.580700874328613,11.649589538574219
2025-06-23 04:00:00+00:00,11.648736000061035,11.89842700958252,11.641857147216797,11.851028442382812
2025-06-23 08:00:00+00:00,11.85086727142334,11.896742820739746,11.78045654296875,11.848773956298828
2025-06-23 12:00:00+00:00,11.849546432495117,12.044075965881348,11.754546165466309,11.782421112060547
2025-06-23 16:00:00+00:00,11.777780532836914,12.156442642211914,11.4563570022583,12.149788856506348
2025-06-23 20:00:00+00:00,12.149004936218262,12.912996292114258,12.149004936218262,12.874421119689941
2025-06-24 00:00:00+00:00,12.870893478393555,12.991070747375488,12.814191818237305,12.955016136169434
2025-06-24 04:00:00+00:00,12.955865859985352,13.302034378051758,12.937480926513672,13.052108764648438
2025-06-24 08:00:00+00:00,13.0502347946167,13.192826271057129,12.966570854187012,13.146380424499512
2025-06-24 12:00:00+00:00,13.148038864135742,13.377976417541504,13.10316276550293,13.36678409576416
2025-06-24 16:00:00+00:00,13.362722396850586,13.718798637390137,13.30461597442627,13.31238842010498
2025-06-24 20:00:00+00:00,13.3395414352417,13.411198616027832,13.307097434997559,13.40908432006836
2025-06-25 00:00:00+00:00,13.409828186035156,13.488507270812988,13.316845893859863,13.37436294555664
2025-06-25 04:00:00+00:00,13.37344741821289,13.456060409545898,13.270830154418945,13.441064834594727
2025-06-25 08:00:00+00:00,13.4413480758667,13.466106414794922,13.212411880493164,13.27827262878418
2025-06-25 12:00:00+00:00,13.279223442077637,13.311603546142578,13.05585765838623,13.070674896240234
2025-06-25 16:00:00+00:00,13.071352005004883,13.24069881439209,13.015244483947754,13.215758323669434
2025-06-25 20:00:00+00:00,13.219160079956055,13.273202896118164,13.064984321594238,13.136893272399902
2025-06-26 00:00:00+00:00,13.136659622192383,13.534034729003906,13.085136413574219,13.331796646118164
2025-06-26 04:00:00+00:00,13.332295417785645,13.410940170288086,13.22738265991211,13.382115364074707
2025-06-26 08:00:00+00:00,13.381994247436523,13.438521385192871,13.165877342224121,13.20532512664795
2025-06-26 12:00:00+00:00,13.205906867980957,13.205906867980957,12.978515625,13.110197067260742
2025-06-26 16:00:00+00:00,13.111498832702637,13.143321990966797,13.025580406188965,13.139825820922852
2025-06-26 20:00:00+00:00,13.138733863830566,13.26506519317627,12.907205581665039,12.930523872375488
2025-06-27 00:00:00+00:00,12.931511878967285,13.160797119140625,12.824007987976074,13.15079402923584
2025-06-27 04:00:00+00:00,13.150504112243652,13.202815055847168,13.02338981628418,13.024794578552246
2025-06-27 08:00:00+00:00,13.02519702911377,13.188298225402832,13.02519702911377,13.035635948181152
2025-06-27 12:00:00+00:00,13.035832405090332,13.111186981201172,12.88831615447998,13.048194885253906
2025-06-27 16:00:00+00:00,13.048232078552246,13.153986930847168,12.757040023803711,12.884263038635254
2025-06-27 20:00:00+00:00,12.883747100830078,13.065103530883789,12.882956504821777,13.060050964355469
2025-06-28 00:00:00+00:00,13.056639671325684,13.176470756530762,13.01780891418457,13.164347648620605
2025-06-28 04:00:00+00:00,13.164621353149414,13.170341491699219,13.097799301147461,13.1555814743042
2025-06-28 08:00:00+00:00,13.158727645874023,13.187700271606445,13.105853080749512,13.110934257507324
2025-06-28 12:00:00+00:00,13.10972785949707,13.2355375289917,13.062352180480957,13.2355375289917
2025-06-28 16:00:00+00:00,13.23851203918457,13.397697448730469,13.234187126159668,13.311027526855469
2025-06-28 20:00:00+00:00,13.31136703491211,13.439135551452637,13.306610107421875,13.39918327331543
2025-06-29 00:00:00+00:00,13.401315689086914,13.428271293640137,13.289654731750488,13.289654731750488
2025-06-29 04:00:00+00:00,13.290020942687988,13.422351837158203,13.277082443237305,13.422351837158203
2025-06-29 08:00:00+00:00,13.424915313720703,13.47628402709961,13.398172378540039,13.442150115966797
2025-06-29 12:00:00+00:00,13.446534156799316,13.446534156799316,13.281798362731934,13.284884452819824
2025-06-29 16:00:00+00:00,13.284734725952148,13.402880668640137,13.259570121765137,13.346601486206055
2025-06-29 20:00:00+00:00,13.346691131591797,13.82787799835205,13.282098770141602,13.725419998168945
2025-06-30 00:00:00+00:00,13.72365951538086,13.738525390625,13.49256706237793,13.500381469726562
2025-06-30 04:00:00+00:00,13.500690460205078,13.500690460205078,13.230546951293945,13.348902702331543
2025-06-30 08:00:00+00:00,13.34404468536377,13.350435256958008,13.186352729797363,13.215126037597656
2025-06-30 12:00:00+00:00,13.214768409729004,13.428203582763672,13.140660285949707,13.39112663269043
2025-06-30 16:00:00+00:00,13.38791275024414,13.595276832580566,13.284811973571777,13.595276832580566
2025-06-30 20:00:00+00:00,13.59747314453125,13.659339904785156,13.380266189575195,13.380266189575195
2025-07-01 00:00:00+00:00,13.380349159240723,13.419893264770508,13.241954803466797,13.31229019165039
2025-07-01 04:00:00+00:00,13.311817169189453,13.315590858459473,13.117345809936523,13.235053062438965
2025-07-01 08:00:00+00:00,13.234851837158203,13.254867553710938,13.132216453552246,13.133696556091309
2025-07-01 12:00:00+00:00,13.134053230285645,13.153056144714355,12.979748725891113,13.016618728637695
2025-07-01 16:00:00+00:00,13.016640663146973,13.053585052490234,12.853596687316895,12.853596687316895
2025-07-01 20:00:00+00:00,12.848289489746094,12.918703079223633,12.813825607299805,12.89601993560791
2025-07-02 00:00:00+00:00,12.896111488342285,12.946303367614746,12.776127815246582,12.917943954467773
2025-07-02 04:00:00+00:00,12.917518615722656,13.088007926940918,12.898971557617188,13.04238224029541
2025-07-02 08:00:00+00:00,13.046965599060059,13.170413970947266,13.046965599060059,13.08251667022705
2025-07-02 12:00:00+00:00,13.08236312866211,13.36636734008789,13.01094913482666,13.364387512207031
2025-07-02 16:00:00+00:00,13.364625930786133,13.7716703414917,13.364625930786133,13.751355171203613
2025-07-02 20:00:00+00:00,13.75767707824707,13.8384370803833,13.559228897094727,13.559228897094727
2025-07-03 00:00:00+00:00,13.55925178527832,13.597018241882324,13.450904846191406,13.48439884185791
2025-07-03 04:00:00+00:00,13.483966827392578,13.888806343078613,13.472357749938965,13.880223274230957
2025-07-03 08:00:00+00:00,13.880821228027344,13.950151443481445,13.743790626525879,13.79957103729248
2025-07-03 12:00:00+00:00,13.800548553466797,14.026087760925293,13.618282318115234,13.618282318115234
2025-07-03 16:00:00+00:00,13.618621826171875,13.773125648498535,13.618621826171875,13.708474159240723
2025-07-03 20:00:00+00:00,13.708885192871094,13.782333374023438,13.661118507385254,13.668252944946289
2025-07-04 00:00:00+00:00,13.668227195739746,13.75780963897705,13.584144592285156,13.604333877563477
2025-07-04 04:00:00+00:00,13.603832244873047,13.611472129821777,13.387436866760254,13.387436866760254
2025-07-04 08:00:00+00:00,13.380474090576172,13.447513580322266,13.270482063293457,13.352067947387695
2025-07-04 12:00:00+00:00,13.351409912109375,13.381610870361328,13.08391284942627,13.091341018676758
2025-07-04 16:00:00+00:00,13.09158992767334,13.099457740783691,12.968955039978027,13.023238182067871
2025-07-04 20:00:00+00:00,13.017184257507324,13.240703582763672,13.012432098388672,13.169702529907227
2025-07-05 00:00:00+00:00,13.169504165649414,13.22126579284668,13.11693000793457,13.20129680633545
2025-07-05 04:00:00+00:00,13.201067924499512,13.254714965820312,13.172916412353516,13.190942764282227
2025-07-05 08:00:00+00:00,13.191948890686035,13.258984565734863,13.119324684143066,13.243077278137207
2025-07-05 12:00:00+00:00,13.243606567382812,13.243606567382812,13.133556365966797,13.13356876373291
2025-07-05 16:00:00+00:00,13.13337516784668,13.155196189880371,13.017406463623047,13.111611366271973
2025-07-05 20:00:00+00:00,13.11169147491455,13.263269424438477,13.11169147491455,13.22953987121582
2025-07-06 00:00:00+00:00,13.23090648651123,13.231436729431152,13.164650917053223,13.200112342834473
2025-07-06 04:00:00+00:00,13.200307846069336,13.243683815002441,13.16203498840332,13.16203498840332
2025-07-06 08:00:00+00:00,13.16197395324707,13.202130317687988,13.11563491821289,13.202130317687988
2025-07-06 12:00:00+00:00,13.202133178710938,13.460762023925781,13.18205738067627,13.414671897888184
2025-07-06 16:00:00+00:00,13.415816307067871,13.485260963439941,13.31506061553955,13.371521949768066
2025-07-06 20:00:00+00:00,13.372579574584961,13.680830001831055,13.372579574584961,13.49415111541748
2025-07-07 00:00:00+00:00,13.494794845581055,13.647245407104492,13.428672790527344,13.562370300292969
2025-07-07 04:00:00+00:00,13.561853408813477,13.682708740234375,13.519181251525879,13.617868423461914
2025-07-07 08:00:00+00:00,13.61944580078125,13.649194717407227,13.539525985717773,13.583480834960938
2025-07-07 12:00:00+00:00,13.583954811096191,13.657967567443848,13.48694133758545,13.526472091674805
2025-07-07 16:00:00+00:00,13.526674270629883,13.56276798248291,13.324994087219238,13.435799598693848
2025-07-07 20:00:00+00:00,13.435585975646973,13.435585975646973,13.26814079284668,13.428587913513184
2025-07-08 00:00:00+00:00,13.428776741027832,13.454639434814453,13.209999084472656,13.252080917358398
2025-07-08 04:00:00+00:00,13.25151538848877,13.351993560791016,13.214866638183594,13.351993560791016
2025-07-08 08:00:00+00:00,13.35211181640625,13.518224716186523,13.261017799377441,13.49897575378418
2025-07-08 12:00:00+00:00,13.498444557189941,13.6282320022583,13.43825912475586,13.485984802246094
2025-07-08 16:00:00+00:00,13.486777305603027,13.913802146911621,13.47421646118164,13.884255409240723
2025-07-08 20:00:00+00:00,13.887497901916504,13.980144500732422,13.807756423950195,13.96792984008789
2025-07-09 00:00:00+00:00,13.968598365783691,13.973613739013672,13.847037315368652,13.850665092468262
2025-07-09 04:00:00+00:00,13.848784446716309,14.191454887390137,13.825881004333496,14.151042938232422
2025-07-09 08:00:00+00:00,14.14986801147461,14.175711631774902,13.991679191589355,14.031111717224121
2025-07-09 12:00:00+00:00,14.029923439025879,14.174922943115234,13.939685821533203,14.008563041687012
2025-07-09 16:00:00+00:00,14.008057594299316,14.312712669372559,13.937335968017578,14.299959182739258
2025-07-09 20:00:00+00:00,14.293985366821289,14.350086212158203,14.123000144958496,14.253815650939941
2025-07-10 00:00:00+00:00,14.253472328186035,14.369636535644531,14.16243839263916,14.32179069519043
2025-07-10 04:00:00+00:00,14.322162628173828,14.465035438537598,14.254383087158203,14.410733222961426
2025-07-10 08:00:00+00:00,14.411247253417969,14.468907356262207,14.31811237335205,14.332061767578125
2025-07-10 12:00:00+00:00,14.332200050354004,14.394943237304688,14.241337776184082,14.326683044433594
2025-07-10 16:00:00+00:00,14.327874183654785,14.727010726928711,14.327874183654785,14.64787769317627
2025-07-10 20:00:00+00:00,14.649544715881348,15.320160865783691,14.649544715881348,15.238970756530762
2025-07-11 00:00:00+00:00,15.24023151397705,15.416078567504883,15.066818237304688,15.370576858520508
2025-07-11 04:00:00+00:00,15.3707857131958,15.583809852600098,15.246429443359375,15.289647102355957
2025-07-11 08:00:00+00:00,15.287699699401855,15.554450035095215,15.259082794189453,15.436755180358887
2025-07-11 12:00:00+00:00,15.436704635620117,15.831517219543457,15.436704635620117,15.475271224975586
2025-07-11 16:00:00+00:00,15.473014831542969,15.804154396057129,15.473014831542969,15.74953842163086
2025-07-11 20:00:00+00:00,15.752874374389648,15.790470123291016,15.096237182617188,15.298432350158691
2025-07-12 00:00:00+00:00,15.297356605529785,15.466788291931152,15.078195571899414,15.351733207702637
2025-07-12 04:00:00+00:00,15.351652145385742,15.375916481018066,15.131623268127441,15.243387222290039
2025-07-12 08:00:00+00:00,15.243626594543457,15.390789985656738,15.235164642333984,15.265841484069824
2025-07-12 12:00:00+00:00,15.266768455505371,15.290670394897461,14.732483863830566,14.78674602508545
2025-07-12 16:00:00+00:00,14.788017272949219,15.069412231445312,14.788017272949219,15.041952133178711
2025-07-12 20:00:00+00:00,15.042141914367676,15.09860897064209,14.875683784484863,15.09860897064209
2025-07-13 00:00:00+00:00,15.100287437438965,15.172613143920898,15.065136909484863,15.15683364868164
2025-07-13 04:00:00+00:00,15.1554594039917,15.355828285217285,15.112557411193848,15.355828285217285
2025-07-13 08:00:00+00:00,15.355598449707031,15.389548301696777,15.282636642456055,15.383005142211914
2025-07-13 12:00:00+00:00,15.385024070739746,15.9246826171875,15.385024070739746,15.70801830291748
2025-07-13 16:00:00+00:00,15.70665168762207,15.89379596710205,15.575682640075684,15.827433586120605
2025-07-13 20:00:00+00:00,15.825413703918457,15.869186401367188,15.512656211853027,15.646004676818848
2025-07-14 00:00:00+00:00,15.647226333618164,16.20520782470703,15.647226333618164,16.145299911499023
2025-07-14 04:00:00+00:00,16.143369674682617,16.259172439575195,15.979315757751465,16.16569709777832
2025-07-14 08:00:00+00:00,16.165861129760742,16.27403450012207,15.961339950561523,16.252262115478516
2025-07-14 12:00:00+00:00,16.245744705200195,16.408918380737305,15.860320091247559,15.920111656188965
2025-07-14 16:00:00+00:00,15.920029640197754,16.122608184814453,15.721819877624512,15.738363265991211
2025-07-14 20:00:00+00:00,15.741193771362305,15.850589752197266,15.637635231018066,15.777676582336426
2025-07-15 00:00:00+00:00,15.77726936340332,15.852298736572266,15.199373245239258,15.268552780151367
2025-07-15 04:00:00+00:00,15.267918586730957,15.499039649963379,15.179378509521484,15.441804885864258
2025-07-15 08:00:00+00:00,15.437429428100586,15.49878215789795,15.300777435302734,15.35682201385498
2025-07-15 12:00:00+00:00,15.358564376831055,15.699586868286133,15.228440284729004,15.583656311035156
2025-07-15 16:00:00+00:00,15.582602500915527,16.15340232849121,15.579167366027832,15.651094436645508
2025-07-15 20:00:00+00:00,15.649784088134766,16.11750030517578,15.601374626159668,16.093048095703125
2025-07-16 00:00:00+00:00,16.09343719482422,16.20052719116211,15.880120277404785,15.932079315185547
2025-07-16 04:00:00+00:00,15.931260108947754,16.373079299926758,15.838530540466309,16.343740463256836
2025-07-16 08:00:00+00:00,16.34187126159668,16.578536987304688,16.33245849609375,16.418949127197266
2025-07-16 12:00:00+00:00,16.41923713684082,16.797189712524414,16.411190032958984,16.58600425720215
2025-07-16 16:00:00+00:00,16.592418670654297,17.011676788330078,16.592418670654297,16.832889556884766
2025-07-16 20:00:00+00:00,16.839115142822266,17.01113510131836,16.6352481842041,16.674169540405273
2025-07-17 00:00:00+00:00,16.674264907836914,16.838760375976562,16.357004165649414,16.412721633911133
2025-07-17 04:00:00+00:00,16.414901733398438,17.002769470214844,16.39103889465332,16.963682174682617
2025-07-17 08:00:00+00:00,16.982097625732422,17.257843017578125,16.9124813079834,17.091888427734375
2025-07-17 12:00:00+00:00,17.09052085876465,17.285112380981445,16.882091522216797,17.168861389160156
2025-07-17 16:00:00+00:00,17.16782569885254,17.304107666015625,16.81044578552246,17.118946075439453
2025-07-17 20:00:00+00:00,17.111948013305664,18.054662704467773,16.89929962158203,17.997425079345703
2025-07-18 00:00:00+00:00,18.00018310546875,18.70440673828125,17.920827865600586,18.70440673828125
2025-07-18 04:00:00+00:00,18.706117630004883,19.077455520629883,18.572729110717773,18.572729110717773
2025-07-18 08:00:00+00:00,18.550308227539062,18.778600692749023,18.280742645263672,18.34330177307129
2025-07-18 12:00:00+00:00,18.342098236083984,18.661052703857422,17.79604148864746,17.931001663208008
2025-07-18 16:00:00+00:00,17.930923461914062,18.14191246032715,17.7008056640625,17.745450973510742
2025-07-18 20:00:00+00:00,17.742460250854492,17.892108917236328,17.38362693786621,17.842517852783203
2025-07-19 00:00:00+00:00,17.842605590820312,18.22801971435547,17.599151611328125,18.207338333129883
2025-07-19 04:00:00+00:00,18.206605911254883,18.33197593688965,17.956295013427734,18.00262451171875
2025-07-19 08:00:00+00:00,18.001262664794922,18.002002716064453,17.734088897705078,17.734088897705078
2025-07-19 12:00:00+00:00,17.734601974487305,17.937599182128906,17.635297775268555,17.935365676879883
2025-07-19 16:00:00+00:00,17.93549346923828,18.493488311767578,17.888612747192383,18.369779586791992
2025-07-19 20:00:00+00:00,18.36960220336914,18.538057327270508,18.13880157470703,18.416608810424805
2025-07-20 00:00:00+00:00,18.402658462524414,18.764440536499023,18.345531463623047,18.67475700378418
2025-07-20 04:00:00+00:00,18.670713424682617,18.94550895690918,18.543075561523438,18.829971313476562
2025-07-20 08:00:00+00:00,18.828081130981445,19.627174377441406,18.828081130981445,19.397789001464844
2025-07-20 12:00:00+00:00,19.39977264404297,19.763866424560547,19.208040237426758,19.69881820678711
2025-07-20 16:00:00+00:00,19.705974578857422,19.74372100830078,19.24552345275879,19.440004348754883
2025-07-20 20:00:00+00:00,19.445236206054688,19.491294860839844,19.02960968017578,19.30514907836914
2025-07-21 00:00:00+00:00,19.305288314819336,19.56777572631836,19.047157287597656,19.56190299987793
2025-07-21 04:00:00+00:00,19.562944412231445,19.903566360473633,19.408870697021484,19.77710723876953
2025-07-21 08:00:00+00:00,19.7731876373291,20.23589324951172,19.621919631958008,20.1029052734375
2025-07-21 12:00:00+00:00,20.074209213256836,20.21839714050293,19.769704818725586,19.86277961730957
2025-07-21 16:00:00+00:00,19.815221786499023,19.82442855834961,19.216827392578125,19.272247314453125
2025-07-21 20:00:00+00:00,19.272451400756836,19.612361907958984,19.238256454467773,19.532302856445312
2025-07-22 00:00:00+00:00,19.53171157836914,19.926130294799805,19.073213577270508,19.514551162719727
2025-07-22 04:00:00+00:00,19.538898468017578,19.538898468017578,18.90633773803711,19.13479232788086
2025-07-22 08:00:00+00:00,19.132095336914062,19.297195434570312,18.673250198364258,19.235490798950195
2025-07-22 12:00:00+00:00,19.23621368408203,19.43467903137207,18.854997634887695,19.35926628112793
2025-07-22 16:00:00+00:00,19.340099334716797,19.549171447753906,19.020709991455078,19.020709991455078
2025-07-22 20:00:00+00:00,19.022390365600586,19.663667678833008,19.022390365600586,19.66313934326172
2025-07-23 00:00:00+00:00,19.664247512817383,19.690073013305664,19.449283599853516,19.45619773864746
2025-07-23 04:00:00+00:00,19.464059829711914,19.68778419494629,19.122669219970703,19.142431259155273
2025-07-23 08:00:00+00:00,19.147796630859375,19.230871200561523,18.81785774230957,18.92584800720215
2025-07-23 12:00:00+00:00,18.920324325561523,18.923307418823242,17.97026252746582,18.426233291625977
2025-07-23 16:00:00+00:00,18.42879295349121,18.440710067749023,17.76165008544922,18.103137969970703
2025-07-23 20:00:00+00:00,18.075050354003906,18.279640197753906,17.61042594909668,18.184707641601562
2025-07-24 00:00:00+00:00,18.17530632019043,18.437225341796875,18.106111526489258,18.25518798828125
2025-07-24 04:00:00+00:00,18.253162384033203,18.27539825439453,17.253751754760742,17.70414924621582
2025-07-24 08:00:00+00:00,17.704416275024414,18.131345748901367,17.654930114746094,18.122671127319336
2025-07-24 12:00:00+00:00,18.099145889282227,18.650598526000977,17.851648330688477,18.449647903442383
2025-07-24 16:00:00+00:00,18.452224731445312,18.56494140625,18.142057418823242,18.38391876220703
2025-07-24 20:00:00+00:00,18.37828826904297,18.403812408447266,17.904098510742188,17.907915115356445
2025-07-25 00:00:00+00:00,17.90502166748047,17.90502166748047,17.332744598388672,17.498979568481445
2025-07-25 04:00:00+00:00,17.499353408813477,17.664173126220703,17.344913482666016,17.389562606811523
2025-07-25 08:00:00+00:00,17.413768768310547,18.398841857910156,17.413768768310547,18.315975189208984
2025-07-25 12:00:00+00:00,18.31467056274414,18.453285217285156,17.466459274291992,17.62347412109375
2025-07-25 16:00:00+00:00,17.62118911743164,17.830341339111328,17.481861114501953,17.74785614013672
2025-07-25 20:00:00+00:00,17.729732513427734,18.38434600830078,17.713054656982422,18.290897369384766
2025-07-26 00:00:00+00:00,18.284936904907227,18.4260311126709,18.199485778808594,18.385807037353516
2025-07-26 04:00:00+00:00,18.384653091430664,18.405149459838867,18.223934173583984,18.247507095336914
2025-07-26 08:00:00+00:00,18.246152877807617,18.46536636352539,18.242212295532227,18.26264762878418
2025-07-26 12:00:00+00:00,18.266986846923828,18.44306182861328,18.195802688598633,18.37901496887207
2025-07-26 16:00:00+00:00,18.382923126220703,18.570714950561523,18.25516128540039,18.570714950561523
2025-07-26 20:00:00+00:00,18.56920051574707,18.56920051574707,18.36825180053711,18.406496047973633
2025-07-27 00:00:00+00:00,18.406944274902344,18.75533676147461,18.3783016204834,18.702892303466797
2025-07-27 04:00:00+00:00,18.702999114990234,19.044418334960938,18.691635131835938,18.770360946655273
2025-07-27 08:00:00+00:00,18.77269172668457,18.98233985900879,18.577268600463867,18.74129295349121
2025-07-27 12:00:00+00:00,18.744829177856445,18.899213790893555,18.691781997680664,18.817068099975586
2025-07-27 16:00:00+00:00,18.816747665405273,19.09563446044922,18.816747665405273,19.028770446777344
2025-07-27 20:00:00+00:00,19.028076171875,19.270503997802734,18.938215255737305,19.234678268432617
2025-07-28 00:00:00+00:00,19.236238479614258,19.352783203125,18.958866119384766,19.126850128173828
2025-07-28 04:00:00+00:00,19.12729835510254,19.541828155517578,19.05609703063965,19.281835556030273
2025-07-28 08:00:00+00:00,19.281993865966797,19.332765579223633,18.969524383544922,19.08079719543457
2025-07-28 12:00:00+00:00,19.08161735534668,19.089723587036133,18.34231948852539,18.425756454467773
2025-07-28 16:00:00+00:00,18.396142959594727,18.47352409362793,18.121488571166992,18.207332611083984
2025-07-28 20:00:00+00:00,18.219303131103516,18.252038955688477,18.02573585510254,18.03728485107422
2025-07-29 00:00:00+00:00,18.083087921142578,18.280115127563477,17.912809371948242,18.22393798828125
2025-07-29 04:00:00+00:00,18.223133087158203,18.58274269104004,18.120424270629883,18.564903259277344
2025-07-29 08:00:00+00:00,18.56719398498535,18.608028411865234,18.02298927307129,18.121257781982422
2025-07-29 12:00:00+00:00,18.130220413208008,18.323902130126953,17.63751983642578,17.753040313720703
2025-07-29 16:00:00+00:00,17.742807388305664,17.899524688720703,17.515493392944336,17.701904296875
2025-07-29 20:00:00+00:00,17.69961929321289,17.837831497192383,17.586225509643555,17.822280883789062
2025-07-30 00:00:00+00:00,17.82161521911621,17.919010162353516,17.66401481628418,17.866104125976562
2025-07-30 04:00:00+00:00,17.86503791809082,17.874279022216797,17.64388656616211,17.679656982421875
2025-07-30 08:00:00+00:00,17.680625915527344,17.79824447631836,17.26124382019043,17.27094078063965
2025-07-30 12:00:00+00:00,17.271360397338867,17.687471389770508,17.253664016723633,17.577899932861328
2025-07-30 16:00:00+00:00,17.579010009765625,17.7333927154541,16.956533432006836,17.475658416748047
2025-07-30 20:00:00+00:00,17.4744930267334,17.757768630981445,17.364356994628906,17.7152156829834
2025-07-31 00:00:00+00:00,17.71484375,18.059127807617188,17.65589141845703,18.050426483154297
2025-07-31 04:00:00+00:00,18.05270767211914,18.105581283569336,17.974952697753906,18.022985458374023
2025-07-31 08:00:00+00:00,18.022729873657227,18.213424682617188,17.94405174255371,17.948232650756836
2025-07-31 12:00:00+00:00,17.951940536499023,17.982158660888672,17.36748695373535,17.494625091552734
2025-07-31 16:00:00+00:00,17.513212203979492,17.811973571777344,17.219207763671875,17.219207763671875
2025-07-31 20:00:00+00:00,17.22296905517578,17.24786949157715,16.892230987548828,16.954233169555664
2025-08-01 00:00:00+00:00,16.952293395996094,17.011987686157227,16.535287857055664,16.870105743408203
2025-08-01 04:00:00+00:00,16.863752365112305,16.863752365112305,16.5336971282959,16.605144500732422
2025-08-01 08:00:00+00:00,16.60646629333496,16.60816764831543,16.37236213684082,16.590524673461914
2025-08-01 12:00:00+00:00,16.592681884765625,16.765893936157227,16.222654342651367,16.635690689086914
2025-08-01 16:00:00+00:00,16.636035919189453,16.72770881652832,16.2345027923584,16.38227081298828
2025-08-01 20:00:00+00:00,16.382442474365234,16.383264541625977,15.766892433166504,16.10142707824707
2025-08-02 00:00:00+00:00,16.100679397583008,16.23282241821289,16.05542755126953,16.190765380859375
2025-08-02 04:00:00+00:00,16.191015243530273,16.235355377197266,15.832042694091797,16.13495635986328
2025-08-02 08:00:00+00:00,16.135183334350586,16.153728485107422,15.857139587402344,16.031465530395508
2025-08-02 12:00:00+00:00,16.031150817871094,16.074939727783203,15.775534629821777,15.775534629821777
2025-08-02 16:00:00+00:00,15.777830123901367,15.909285545349121,15.465841293334961,15.606517791748047
2025-08-02 20:00:00+00:00,15.603177070617676,15.7766695022583,15.535616874694824,15.651691436767578
2025-08-03 00:00:00+00:00,15.644875526428223,15.910778045654297,15.525015830993652,15.905470848083496
2025-08-03 04:00:00+00:00,15.905928611755371,16.017515182495117,15.850470542907715,16.009326934814453
2025-08-03 08:00:00+00:00,16.010122299194336,16.231006622314453,16.010122299194336,16.18332862854004
2025-08-03 12:00:00+00:00,16.18343734741211,16.22276496887207,16.112295150756836,16.22276496887207
2025-08-03 16:00:00+00:00,16.2221736907959,16.335037231445312,16.203716278076172,16.265405654907227
2025-08-03 20:00:00+00:00,16.265825271606445,16.355533599853516,16.225223541259766,16.299997329711914
2025-08-04 00:00:00+00:00,16.29978370666504,16.630088806152344,16.286441802978516,16.57805061340332
2025-08-04 04:00:00+00:00,16.578693389892578,16.652467727661133,16.47098731994629,16.64490509033203
2025-08-04 08:00:00+00:00,16.645198822021484,16.70203399658203,16.57392692565918,16.598743438720703
2025-08-04 12:00:00+00:00,16.59818458557129,16.920270919799805,16.561838150024414,16.905656814575195
2025-08-04 16:00:00+00:00,16.907251358032227,17.17650032043457,16.822860717773438,16.846139907836914
2025-08-04 20:00:00+00:00,16.847187042236328,17.155813217163086,16.834867477416992,17.10308074951172
2025-08-05 00:00:00+00:00,17.108314514160156,17.10980796813965,16.783435821533203,16.78403663635254
2025-08-05 04:00:00+00:00,16.783967971801758,16.89485740661621,16.468299865722656,16.51289939880371
2025-08-05 08:00:00+00:00,16.504243850708008,16.95368003845215,16.48708152770996,16.868968963623047
2025-08-05 12:00:00+00:00,16.869150161743164,16.87546157836914,16.241336822509766,16.241336822509766
2025-08-05 16:00:00+00:00,16.24294090270996,16.423208236694336,16.24294090270996,16.26961898803711
2025-08-05 20:00:00+00:00,16.272756576538086,16.41132926940918,16.108551025390625,16.385103225708008
2025-08-06 00:00:00+00:00,16.384197235107422,16.384197235107422,16.069204330444336,16.12143325805664
2025-08-06 04:00:00+00:00,16.120222091674805,16.510011672973633,16.06247901916504,16.501880645751953
2025-08-06 08:00:00+00:00,16.502765655517578,16.511335372924805,16.340009689331055,16.389549255371094
2025-08-06 12:00:00+00:00,16.40241241455078,16.756866455078125,16.281360626220703,16.756866455078125
2025-08-06 16:00:00+00:00,16.756834030151367,16.883909225463867,16.632301330566406,16.752153396606445
2025-08-06 20:00:00+00:00,16.773983001708984,16.787548065185547,16.680294036865234,16.686296463012695
2025-08-07 00:00:00+00:00,16.67353630065918,16.78740692138672,16.600189208984375,16.61104393005371
2025-08-07 04:00:00+00:00,16.61078643798828,16.823749542236328,16.60449981689453,16.82292366027832
2025-08-07 08:00:00+00:00,16.824451446533203,17.40854263305664,16.824451446533203,17.353954315185547
2025-08-07 12:00:00+00:00,17.354515075683594,18.03026008605957,17.347076416015625,17.80943489074707
2025-08-07 16:00:00+00:00,17.809036254882812,18.251354217529297,17.726051330566406,18.219778060913086
2025-08-07 20:00:00+00:00,18.22740364074707,18.477672576904297,18.20400047302246,18.46993064880371
2025-08-08 00:00:00+00:00,18.471776962280273,19.161008834838867,18.16826820373535,19.161008834838867
2025-08-08 04:00:00+00:00,19.183502197265625,19.395353317260742,18.78053855895996,19.34326934814453
2025-08-08 08:00:00+00:00,19.34429931640625,19.48111915588379,19.186569213867188,19.48111915588379
2025-08-08 12:00:00+00:00,19.481128692626953,19.870990753173828,19.10772705078125,19.220813751220703
2025-08-08 16:00:00+00:00,19.22121238708496,19.654705047607422,19.098064422607422,19.654705047607422
2025-08-08 20:00:00+00:00,19.717695236206055,19.952342987060547,19.562698364257812,19.89468765258789
2025-08-09 00:00:00+00:00,19.897233963012695,20.885112762451172,19.812969207763672,20.82426643371582
2025-08-09 04:00:00+00:00,20.828590393066406,21.428068161010742,20.713294982910156,20.785541534423828
2025-08-09 08:00:00+00:00,20.788532257080078,21.165908813476562,20.762723922729492,20.91980743408203
2025-08-09 12:00:00+00:00,20.92066192626953,21.35716438293457,20.862686157226562,21.057905197143555
2025-08-09 16:00:00+00:00,21.065799713134766,21.405242919921875,21.065799713134766,21.256277084350586
2025-08-09 20:00:00+00:00,21.236732482910156,21.941120147705078,21.17978286743164,21.930374145507812
2025-08-10 00:00:00+00:00,21.94539451599121,22.05836296081543,21.297929763793945,21.48478889465332
2025-08-10 04:00:00+00:00,21.487953186035156,22.61202049255371,21.416048049926758,21.952260971069336
2025-08-10 08:00:00+00:00,21.8633975982666,22.229524612426758,21.566442489624023,21.566442489624023
2025-08-10 12:00:00+00:00,21.56879997253418,22.48281478881836,21.230195999145508,22.48281478881836
2025-08-10 16:00:00+00:00,22.488248825073242,22.551328659057617,22.04732894897461,22.155460357666016
2025-08-10 20:00:00+00:00,22.153282165527344,22.197284698486328,21.870925903320312,22.1024227142334
2025-08-11 00:00:00+00:00,22.074716567993164,22.377721786499023,21.84885025024414,22.287437438964844
2025-08-11 04:00:00+00:00,22.287437438964844,22.54603385925293,21.922914505004883,21.926204681396484
2025-08-11 08:00:00+00:00,21.93145179748535,22.041484832763672,21.237346649169922,21.298171997070312
2025-08-11 12:00:00+00:00,21.29372787475586,21.990421295166016,21.23825454711914,21.86203956604004
2025-08-11 16:00:00+00:00,21.882497787475586,22.16202735900879,21.285249710083008,21.337356567382812
2025-08-11 20:00:00+00:00,21.378538131713867,21.406585693359375,20.876176834106445,21.119802474975586
2025-08-12 00:00:00+00:00,21.109073638916016,21.698871612548828,21.066259384155273,21.4279842376709
2025-08-12 04:00:00+00:00,21.428924560546875,21.661930084228516,21.362878799438477,21.51268196105957
2025-08-12 08:00:00+00:00,21.504596710205078,21.627397537231445,21.060579299926758,21.228084564208984
2025-08-12 12:00:00+00:00,21.244571685791016,24.072734832763672,21.244571685791016,24.072734832763672
2025-08-12 16:00:00+00:00,24.016674041748047,24.057861328125,23.222721099853516,23.343629837036133
2025-08-12 20:00:00+00:00,23.418909072875977,23.667287826538086,23.143291473388672,23.522558212280273
2025-08-13 00:00:00+00:00,23.5695743560791,24.48801040649414,23.33800506591797,24.48801040649414
2025-08-13 04:00:00+00:00,24.490978240966797,24.649290084838867,23.282854080200195,23.39702606201172
2025-08-13 08:00:00+00:00,23.39773941040039,24.304523468017578,23.380859375,24.16739845275879
2025-08-13 12:00:00+00:00,24.17982292175293,24.17982292175293,23.421184539794922,23.553356170654297
2025-08-13 16:00:00+00:00,23.603639602661133,23.914470672607422,23.551393508911133,23.748266220092773
2025-08-13 20:00:00+00:00,23.75868034362793,24.120792388916016,23.635652542114258,24.002450942993164
2025-08-14 00:00:00+00:00,23.983596801757812,24.27347183227539,23.817216873168945,24.26702308654785
2025-08-14 04:00:00+00:00,24.2662296295166,24.2662296295166,23.458969116210938,23.534643173217773
2025-08-14 08:00:00+00:00,23.54416847229004,23.775115966796875,23.253692626953125,23.337261199951172
2025-08-14 12:00:00+00:00,23.33740997314453,23.538616180419922,22.12599754333496,22.858692169189453
2025-08-14 16:00:00+00:00,22.78961181640625,22.78961181640625,22.203676223754883,22.431041717529297
2025-08-14 20:00:00+00:00,22.430927276611328,22.559932708740234,21.918045043945312,22.479997634887695
2025-08-15 00:00:00+00:00,22.478046417236328,22.85394287109375,22.25379753112793,22.85394287109375
2025-08-15 04:00:00+00:00,22.845867156982422,23.02288818359375,22.485050201416016,22.58460235595703
2025-08-15 08:00:00+00:00,22.586732864379883,22.663070678710938,22.179737091064453,22.258544921875
2025-08-15 12:00:00+00:00,22.219026565551758,22.47690773010254,21.51719856262207,21.609821319580078
2025-08-15 16:00:00+00:00,21.606550216674805,21.861522674560547,21.448436737060547,21.48246955871582
2025-08-15 20:00:00+00:00,21.4617862701416,22.01047706604004,21.4617862701416,21.7528076171875
2025-08-16 00:00:00+00:00,21.7548885345459,22.135229110717773,21.7548885345459,21.831880569458008
2025-08-16 04:00:00+00:00,21.836397171020508,22.138595581054688,21.57036781311035,22.12708282470703
2025-08-16 08:00:00+00:00,22.093263626098633,22.1097354888916,21.48740005493164,21.48740005493164
2025-08-16 12:00:00+00:00,21.48440170288086,22.11753273010254,21.450637817382812,22.0242977142334
2025-08-16 16:00:00+00:00,22.025480270385742,22.856008529663086,22.008474349975586,22.782302856445312
2025-08-16 20:00:00+00:00,22.74142074584961,22.950401306152344,22.594886779785156,22.652366638183594
2025-08-17 00:00:00+00:00,22.6541690826416,23.406387329101562,22.405393600463867,23.406387329101562
2025-08-17 04:00:00+00:00,23.402156829833984,24.537858963012695,23.402156829833984,24.309701919555664
2025-08-17 08:00:00+00:00,24.309226989746094,24.745880126953125,24.23162841796875,24.668163299560547
2025-08-17 12:00:00+00:00,24.673383712768555,26.215030670166016,24.47064208984375,26.191146850585938
2025-08-17 16:00:00+00:00,26.19980812072754,26.22429847717285,25.452516555786133,25.452516555786133
2025-08-17 20:00:00+00:00,25.45150375366211,25.90508270263672,25.45150375366211,25.694477081298828
2025-08-18 00:00:00+00:00,25.684974670410156,26.19138526916504,24.721424102783203,25.1633358001709
2025-08-18 04:00:00+00:00,25.1457462310791,25.1457462310791,24.414596557617188,24.78556251525879
2025-08-18 08:00:00+00:00,24.778900146484375,25.1472225189209,24.44137954711914,24.559606552124023
2025-08-18 12:00:00+00:00,24.550952911376953,25.83394432067871,24.550952911376953,25.33339500427246
2025-08-18 16:00:00+00:00,25.39118194580078,25.891271591186523,24.89568328857422,25.505163192749023
2025-08-18 20:00:00+00:00,25.522533416748047,26.67503547668457,25.218982696533203,25.75946807861328
2025-08-19 00:00:00+00:00,25.779767990112305,25.779767990112305,24.223861694335938,24.23341941833496
2025-08-19 04:00:00+00:00,24.229915618896484,24.59294319152832,23.969709396362305,24.31621551513672
2025-08-19 08:00:00+00:00,24.312074661254883,24.842615127563477,24.11972999572754,24.782695770263672
2025-08-19 12:00:00+00:00,24.771108627319336,24.808971405029297,23.96078872680664,24.3487606048584
2025-08-19 16:00:00+00:00,24.300432205200195,24.412508010864258,23.541290283203125,23.875404357910156
2025-08-19 20:00:00+00:00,23.87917137145996,24.012989044189453,23.49547576904297,23.518508911132812
2025-08-20 00:00:00+00:00,23.567157745361328,24.348989486694336,23.41075897216797,24.014604568481445
2025-08-20 04:00:00+00:00,24.01266098022461,24.810340881347656,24.01266098022461,24.45367431640625
2025-08-20 08:00:00+00:00,24.45525360107422,25.158437728881836,24.423290252685547,24.850854873657227
2025-08-20 12:00:00+00:00,24.868408203125,26.42490005493164,24.65675163269043,25.970293045043945
2025-08-20 16:00:00+00:00,25.948755264282227,26.27081871032715,25.495529174804688,26.096317291259766
2025-08-20 20:00:00+00:00,26.098493576049805,26.850296020507812,26.06640625,26.3680477142334
2025-08-21 00:00:00+00:00,26.426410675048828,26.51089859008789,25.831802368164062,25.8443603515625
2025-08-21 04:00:00+00:00,25.813411712646484,25.835969924926758,25.527555465698242,25.729000091552734
2025-08-21 08:00:00+00:00,25.7255802154541,26.314393997192383,25.66423988342285,26.113414764404297
2025-08-21 12:00:00+00:00,26.120235443115234,26.201940536499023,25.057523727416992,25.057523727416992
2025-08-21 16:00:00+00:00,25.055919647216797,25.199840545654297,24.733110427856445,24.906808853149414
2025-08-21 20:00:00+00:00,24.907272338867188,25.099096298217773,24.664113998413086,24.7853946685791
2025-08-22 00:00:00+00:00,24.788564682006836,25.162559509277344,24.554380416870117,24.678667068481445
2025-08-22 04:00:00+00:00,24.67813491821289,25.126676559448242,24.65111541748047,25.108169555664062
2025-08-22 08:00:00+00:00,25.090618133544922,25.259645462036133,24.26896095275879,24.350299835205078
2025-08-22 12:00:00+00:00,24.345308303833008,26.658872604370117,24.178136825561523,26.656389236450195
2025-08-22 16:00:00+00:00,26.599645614624023,27.73495864868164,26.575551986694336,27.207874298095703
2025-08-22 20:00:00+00:00,27.194726943969727,27.247940063476562,26.646833419799805,26.746089935302734
2025-08-23 00:00:00+00:00,26.747074127197266,26.76223373413086,25.8905029296875,25.967105865478516
2025-08-23 04:00:00+00:00,25.959617614746094,26.201313018798828,25.75254249572754,25.82094383239746
2025-08-23 08:00:00+00:00,25.820478439331055,25.975492477416992,25.621570587158203,25.636335372924805
2025-08-23 12:00:00+00:00,25.640668869018555,26.1533145904541,25.559755325317383,26.018688201904297
2025-08-23 16:00:00+00:00,26.01746368408203,26.175451278686523,25.84234619140625,26.117076873779297
2025-08-23 20:00:00+00:00,26.118053436279297,26.335613250732422,25.998985290527344,26.277395248413086
2025-08-24 00:00:00+00:00,26.280439376831055,26.293468475341797,25.748579025268555,25.921031951904297
2025-08-24 04:00:00+00:00,25.920799255371094,25.933334350585938,25.57819366455078,25.59746551513672
2025-08-24 08:00:00+00:00,25.589092254638672,25.703554153442383,25.317401885986328,25.46410369873047
2025-08-24 12:00:00+00:00,25.464649200439453,25.810270309448242,25.464649200439453,25.534223556518555
2025-08-24 16:00:00+00:00,25.535400390625,26.567134857177734,25.535400390625,25.925140380859375
2025-08-24 20:00:00+00:00,25.95134162902832,26.214988708496094,25.64911651611328,25.82081413269043
2025-08-25 00:00:00+00:00,25.820831298828125,26.384796142578125,25.387889862060547,26.029918670654297
2025-08-25 04:00:00+00:00,25.949636459350586,26.18492889404297,24.876474380493164,24.94638442993164
2025-08-25 08:00:00+00:00,24.948766708374023,25.14910316467285,24.405736923217773,24.574520111083984
2025-08-25 12:00:00+00:00,24.57842254638672,24.634666442871094,24.3292236328125,24.47443389892578
2025-08-25 16:00:00+00:00,24.471054077148438,24.75481605529785,23.7773494720459,23.7773494720459
2025-08-25 20:00:00+00:00,23.76276206970215,23.78847885131836,23.17254638671875,23.39513397216797
2025-08-26 00:00:00+00:00,23.395536422729492,23.591352462768555,23.148771286010742,23.183805465698242
2025-08-26 04:00:00+00:00,23.17147445678711,23.477449417114258,22.92196273803711,23.168182373046875
2025-08-26 08:00:00+00:00,23.170413970947266,23.611406326293945,22.933021545410156,23.5474853515625
2025-08-26 12:00:00+00:00,23.551115036010742,24.434906005859375,23.42310333251953,24.204267501831055
2025-08-26 16:00:00+00:00,24.20738983154297,24.43199348449707,23.990671157836914,24.413278579711914
2025-08-26 20:00:00+00:00,24.409860610961914,24.717517852783203,24.26069450378418,24.402179718017578
2025-08-27 00:00:00+00:00,24.39876937866211,24.492341995239258,24.045957565307617,24.364395141601562
2025-08-27 04:00:00+00:00,24.362071990966797,24.626771926879883,24.036191940307617,24.151378631591797
2025-08-27 08:00:00+00:00,24.151485443115234,24.582242965698242,24.019512176513672,24.374530792236328
2025-08-27 12:00:00+00:00,24.37302589416504,24.551612854003906,24.109493255615234,24.301462173461914
2025-08-27 16:00:00+00:00,24.297889709472656,24.549463272094727,24.123703002929688,24.196062088012695
2025-08-27 20:00:00+00:00,24.187129974365234,24.392423629760742,23.64566421508789,23.75768280029297
2025-08-28 00:00:00+00:00,23.76331329345703,23.920988082885742,23.600419998168945,23.899015426635742
2025-08-28 04:00:00+00:00,23.89749526977539,24.325672149658203,23.847017288208008,24.17166519165039
2025-08-28 08:00:00+00:00,24.17082405090332,24.380231857299805,23.649269104003906,23.870698928833008
2025-08-28 12:00:00+00:00,23.8786678314209,25.894744873046875,23.8115177154541,24.767696380615234
2025-08-28 16:00:00+00:00,24.77105712890625,25.191051483154297,24.61297035217285,24.613365173339844
2025-08-28 20:00:00+00:00,24.59407615661621,25.362825393676758,24.50872230529785,25.18059730529785
2025-08-29 00:00:00+00:00,25.181859970092773,25.19211769104004,24.162784576416016,24.24909019470215
2025-08-29 04:00:00+00:00,24.247756958007812,24.25641632080078,23.550498962402344,23.550498962402344
2025-08-29 08:00:00+00:00,23.550283432006836,23.550283432006836,23.273305892944336,23.408222198486328
2025-08-29 12:00:00+00:00,23.409317016601562,23.84833335876465,23.25764274597168,23.50754737854004
2025-08-29 16:00:00+00:00,23.496681213378906,23.543315887451172,23.165380477905273,23.365894317626953
2025-08-29 20:00:00+00:00,23.365875244140625,23.499422073364258,23.171960830688477,23.433847427368164
2025-08-30 00:00:00+00:00,23.43199920654297,23.504533767700195,22.89844512939453,23.245004653930664
2025-08-30 04:00:00+00:00,23.25179100036621,23.503137588500977,23.21556854248047,23.396459579467773
2025-08-30 08:00:00+00:00,23.39264678955078,23.483356475830078,23.241931915283203,23.39656639099121
2025-08-30 12:00:00+00:00,23.396900177001953,23.436378479003906,22.99891471862793,23.398059844970703
2025-08-30 16:00:00+00:00,23.3980712890625,23.445371627807617,23.317445755004883,23.363759994506836
2025-08-30 20:00:00+00:00,23.37006187438965,23.49810028076172,23.317609786987305,23.497879028320312
2025-08-31 00:00:00+00:00,23.500743865966797,23.87883186340332,23.45615577697754,23.86688804626465
2025-08-31 04:00:00+00:00,23.889678955078125,23.924421310424805,23.66288948059082,23.72586441040039
2025-08-31 08:00:00+00:00,23.72736930847168,23.874189376831055,23.577377319335938,23.752113342285156
2025-08-31 12:00:00+00:00,23.79149055480957,24.004465103149414,23.644485473632812,23.781417846679688
2025-08-31 16:00:00+00:00,23.782907485961914,23.853519439697266,23.635223388671875,23.67296028137207
2025-08-31 20:00:00+00:00,23.672813415527344,23.71965980529785,23.223466873168945,23.223466873168945
2025-09-01 00:00:00+00:00,23.206518173217773,23.332534790039062,22.964656829833984,23.076839447021484
2025-09-01 04:00:00+00:00,23.07465362548828,23.59572410583496,22.737546920776367,23.56997299194336
2025-09-01 08:00:00+00:00,23.6033878326416,23.824735641479492,23.200544357299805,23.247671127319336
2025-09-01 12:00:00+00:00,23.244279861450195,23.332735061645508,22.7872371673584,22.79242515563965
2025-09-01 16:00:00+00:00,22.796098709106445,22.8221435546875,22.583396911621094,22.8221435546875
2025-09-01 20:00:00+00:00,22.82183837890625,22.823543548583984,22.17880630493164,22.4833984375
2025-09-02 00:00:00+00:00,22.485456466674805,23.166942596435547,22.37286949157715,23.120275497436523
2025-09-02 04:00:00+00:00,23.12140464782715,23.473276138305664,23.11153793334961,23.226085662841797
2025-09-02 08:00:00+00:00,23.239147186279297,23.426279067993164,23.091228485107422,23.091228485107422
2025-09-02 12:00:00+00:00,23.09347152709961,23.43349838256836,22.67877769470215,22.83434295654297
2025-09-02 16:00:00+00:00,22.83397674560547,23.129133224487305,22.830482482910156,23.046283721923828
2025-09-02 20:00:00+00:00,23.046113967895508,23.5710506439209,23.044322967529297,23.481006622314453
2025-09-03 00:00:00+00:00,23.456789016723633,23.571828842163086,23.229446411132812,23.405363082885742
2025-09-03 04:00:00+00:00,23.405384063720703,23.4671688079834,23.239919662475586,23.26007080078125
2025-09-03 08:00:00+00:00,23.261770248413086,23.59619903564453,23.253826141357422,23.524808883666992
2025-09-03 12:00:00+00:00,23.522598266601562,23.80917739868164,23.396690368652344,23.80396842956543
2025-09-03 16:00:00+00:00,23.821136474609375,23.887821197509766,23.644620895385742,23.804767608642578
2025-09-03 20:00:00+00:00,23.8067569732666,23.83053970336914,23.684415817260742,23.692419052124023
2025-09-04 00:00:00+00:00,23.695831298828125,23.923995971679688,23.524532318115234,23.524532318115234
2025-09-04 04:00:00+00:00,23.525217056274414,23.557714462280273,23.178361892700195,23.29823875427246
2025-09-04 08:00:00+00:00,23.296533584594727,23.419326782226562,23.216672897338867,23.32532501220703
2025-09-04 12:00:00+00:00,23.32370376586914,23.369049072265625,22.501890182495117,22.501890182495117
2025-09-04 16:00:00+00:00,22.49537467956543,22.52335548400879,22.226491928100586,22.2493896484375
2025-09-04 20:00:00+00:00,22.251998901367188,22.613691329956055,22.251998901367188,22.351045608520508
2025-09-05 00:00:00+00:00,22.35004997253418,22.487253189086914,22.291309356689453,22.475622177124023
2025-09-05 04:00:00+00:00,22.476606369018555,23.071575164794922,22.420976638793945,23.071575164794922
2025-09-05 08:00:00+00:00,23.0721435546875,23.0721435546875,22.6993350982666,22.839025497436523
2025-09-05 12:00:00+00:00,22.839065551757812,23.17683982849121,22.13114356994629,22.265750885009766
2025-09-05 16:00:00+00:00,22.264057159423828,22.454326629638672,22.06454086303711,22.434080123901367
2025-09-05 20:00:00+00:00,22.44204330444336,22.542051315307617,22.2521915435791,22.290246963500977
2025-09-06 00:00:00+00:00,22.29121971130371,22.484203338623047,22.275711059570312,22.42745018005371
2025-09-06 04:00:00+00:00,22.426942825317383,22.426942825317383,22.163156509399414,22.20053482055664
2025-09-06 08:00:00+00:00,22.201162338256836,22.26468849182129,22.086957931518555,22.235774993896484
2025-09-06 12:00:00+00:00,22.240966796875,22.313610076904297,22.069700241088867,22.07771110534668
2025-09-06 16:00:00+00:00,22.077083587646484,22.241418838500977,21.898029327392578,21.898029327392578
2025-09-06 20:00:00+00:00,21.898330688476562,22.281003952026367,21.898330688476562,22.205257415771484
2025-09-07 00:00:00+00:00,22.20844078063965,22.430377960205078,22.204835891723633,22.38028907775879
2025-09-07 04:00:00+00:00,22.379518508911133,22.460954666137695,22.270854949951172,22.293785095214844
2025-09-07 08:00:00+00:00,22.303178787231445,22.44859504699707,22.175081253051758,22.400659561157227
2025-09-07 12:00:00+00:00,22.40036964416504,22.427419662475586,22.242246627807617,22.394742965698242
2025-09-07 16:00:00+00:00,22.396156311035156,22.39957046508789,22.140111923217773,22.210880279541016
2025-09-07 20:00:00+00:00,22.21095085144043,22.56813621520996,22.184141159057617,22.465402603149414
2025-09-08 00:00:00+00:00,22.4638614654541,22.76978874206543,22.268463134765625,22.613975524902344
2025-09-08 04:00:00+00:00,22.606891632080078,22.606891632080078,22.355430603027344,22.370092391967773
2025-09-08 08:00:00+00:00,22.374225616455078,23.17794418334961,22.374225616455078,23.002790451049805
2025-09-08 12:00:00+00:00,23.000782012939453,23.25740623474121,22.930553436279297,23.171552658081055
2025-09-08 16:00:00+00:00,23.173294067382812,23.269672393798828,22.931669235229492,22.945730209350586
2025-09-08 20:00:00+00:00,22.948095321655273,23.147571563720703,22.862285614013672,23.050901412963867
2025-09-09 00:00:00+00:00,23.050460815429688,23.263208389282227,22.885059356689453,23.146564483642578
2025-09-09 04:00:00+00:00,23.152055740356445,23.72681427001953,23.10991096496582,23.650714874267578
2025-09-09 08:00:00+00:00,23.675586700439453,23.791074752807617,23.576974868774414,23.576974868774414
2025-09-09 12:00:00+00:00,23.575069427490234,23.737672805786133,22.86336898803711,22.955778121948242
2025-09-09 16:00:00+00:00,22.953855514526367,23.092357635498047,22.890777587890625,23.090421676635742
2025-09-09 20:00:00+00:00,23.087419509887695,23.164302825927734,22.9821834564209,23.05522918701172
2025-09-10 00:00:00+00:00,23.054811477661133,23.394296646118164,22.910242080688477,23.37038230895996
2025-09-10 04:00:00+00:00,23.37126350402832,23.64339256286621,23.18962860107422,23.442834854125977
2025-09-10 08:00:00+00:00,23.443603515625,23.499540328979492,23.308849334716797,23.356779098510742
2025-09-10 12:00:00+00:00,23.355562210083008,23.88629722595215,23.355562210083008,23.696577072143555
2025-09-10 16:00:00+00:00,23.695940017700195,23.695940017700195,23.260374069213867,23.318065643310547
2025-09-10 20:00:00+00:00,23.315059661865234,23.611379623413086,23.315059661865234,23.556922912597656
2025-09-11 00:00:00+00:00,23.55868911743164,23.823272705078125,23.469507217407227,23.795164108276367
2025-09-11 04:00:00+00:00,23.79742431640625,23.861488342285156,23.68036651611328,23.82728385925293
2025-09-11 08:00:00+00:00,23.831708908081055,23.83890151977539,23.703723907470703,23.781240463256836
2025-09-11 12:00:00+00:00,23.779510498046875,24.175559997558594,23.500823974609375,23.527267456054688
2025-09-11 16:00:00+00:00,23.529029846191406,23.938617706298828,23.529029846191406,23.938617706298828
2025-09-11 20:00:00+00:00,23.933805465698242,24.488983154296875,23.933805465698242,24.466829299926758
2025-09-12 00:00:00+00:00,24.4661865234375,24.713319778442383,24.40108871459961,24.65142822265625
2025-09-12 04:00:00+00:00,24.655658721923828,24.80959701538086,24.561500549316406,24.561500549316406
2025-09-12 08:00:00+00:00,24.560951232910156,24.560951232910156,24.31818389892578,24.31937026977539
2025-09-12 12:00:00+00:00,24.319120407104492,24.618942260742188,24.2228946685791,24.50263023376465
2025-09-12 16:00:00+00:00,24.50141143798828,25.151657104492188,24.470975875854492,25.151657104492188
2025-09-12 20:00:00+00:00,25.150625228881836,25.29079818725586,24.952451705932617,25.13585090637207
2025-09-13 00:00:00+00:00,25.137115478515625,25.286802291870117,24.9722843170166,25.24912452697754
2025-09-13 04:00:00+00:00,25.250560760498047,25.250560760498047,25.046255111694336,25.175756454467773
2025-09-13 08:00:00+00:00,25.17609405517578,25.576026916503906,25.167665481567383,25.288654327392578
2025-09-13 12:00:00+00:00,25.2898006439209,25.385082244873047,24.82761573791504,24.82876968383789
2025-09-13 16:00:00+00:00,24.818248748779297,24.88677215576172,24.511396408081055,24.776594161987305
2025-09-13 20:00:00+00:00,24.775671005249023,24.959550857543945,24.77001190185547,24.877153396606445
2025-09-14 00:00:00+00:00,24.889251708984375,24.997295379638672,24.688095092773438,24.730459213256836
2025-09-14 04:00:00+00:00,24.727460861206055,24.87183380126953,24.512699127197266,24.61621856689453
2025-09-14 08:00:00+00:00,24.614479064941406,24.73053741455078,24.380802154541016,24.38129234313965
2025-09-14 12:00:00+00:00,24.380111694335938,24.468503952026367,23.89688491821289,24.02928924560547
2025-09-14 16:00:00+00:00,24.031841278076172,24.25005340576172,24.031841278076172,24.156795501708984
2025-09-14 20:00:00+00:00,24.157089233398438,24.360336303710938,24.081186294555664,24.131187438964844
2025-09-15 00:00:00+00:00,24.121183395385742,24.29618263244629,23.967838287353516,24.29618263244629
2025-09-15 04:00:00+00:00,24.293275833129883,24.429250717163086,23.82550048828125,23.857954025268555
2025-09-15 08:00:00+00:00,23.85204315185547,23.85204315185547,23.269691467285156,23.417888641357422
2025-09-15 12:00:00+00:00,23.417320251464844,23.440685272216797,23.045475006103516,23.17609977722168
2025-09-15 16:00:00+00:00,23.17677879333496,23.391098022460938,23.026107788085938,23.33655548095703
2025-09-15 20:00:00+00:00,23.347158432006836,23.683855056762695,23.347158432006836,23.683855056762695
2025-09-16 00:00:00+00:00,23.521467208862305,23.61678123474121,23.403820037841797,23.403820037841797
2025-09-16 04:00:00+00:00,23.391958236694336,23.565942764282227,23.253948211669922,23.486482620239258
2025-09-16 08:00:00+00:00,23.48394775390625,23.701889038085938,23.48394775390625,23.63075065612793
2025-09-16 12:00:00+00:00,23.63069725036621,23.669673919677734,23.160524368286133,23.441816329956055
2025-09-16 16:00:00+00:00,23.44205093383789,23.73147964477539,23.33331298828125,23.57436180114746
2025-09-16 20:00:00+00:00,23.576234817504883,23.72647476196289,23.486370086669922,23.494295120239258
2025-09-17 00:00:00+00:00,23.49559783935547,23.61044692993164,23.343490600585938,23.343490600585938
2025-09-17 04:00:00+00:00,23.325603485107422,23.597726821899414,23.24357032775879,23.560991287231445
2025-09-17 08:00:00+00:00,23.56145477294922,23.566232681274414,23.092548370361328,23.096446990966797
2025-09-17 12:00:00+00:00,23.093137741088867,23.101085662841797,22.835424423217773,22.963699340820312
2025-09-17 16:00:00+00:00,22.96259117126465,23.45307731628418,22.869430541992188,23.45307731628418
2025-09-17 20:00:00+00:00,23.452106475830078,24.230621337890625,23.282203674316406,23.987545013427734
2025-09-18 00:00:00+00:00,23.996810913085938,24.172494888305664,23.88274383544922,24.13083267211914
2025-09-18 04:00:00+00:00,24.13008689880371,24.151588439941406,23.712448120117188,23.99195671081543
2025-09-18 08:00:00+00:00,23.991479873657227,24.404563903808594,23.95246124267578,24.191713333129883
2025-09-18 12:00:00+00:00,24.194997787475586,24.487380981445312,24.15323257446289,24.487380981445312
2025-09-18 16:00:00+00:00,24.48427391052246,24.590225219726562,24.38176727294922,24.5274658203125
2025-09-18 20:00:00+00:00,24.524843215942383,24.727262496948242,24.486845016479492,24.64031410217285
2025-09-19 00:00:00+00:00,24.651321411132812,24.849653244018555,24.469772338867188,24.476543426513672
2025-09-19 04:00:00+00:00,24.4744873046875,24.789485931396484,24.260347366333008,24.75585174560547
2025-09-19 08:00:00+00:00,24.755464553833008,24.82320213317871,23.84496307373047,23.86874008178711
2025-09-19 12:00:00+00:00,23.86783790588379,23.967357635498047,23.394168853759766,23.607398986816406
2025-09-19 16:00:00+00:00,23.607311248779297,23.700870513916016,23.337553024291992,23.433454513549805
2025-09-19 20:00:00+00:00,23.430984497070312,23.634429931640625,23.392181396484375,23.495508193969727
2025-09-20 00:00:00+00:00,23.496620178222656,23.653535842895508,23.385454177856445,23.44138526916504
2025-09-20 04:00:00+00:00,23.438642501831055,23.57413673400879,23.40982437133789,23.49677276611328
2025-09-20 08:00:00+00:00,23.498210906982422,23.507837295532227,23.17304039001465,23.30597686767578
2025-09-20 12:00:00+00:00,23.307680130004883,23.565359115600586,23.130569458007812,23.422483444213867
2025-09-20 16:00:00+00:00,23.423742294311523,23.480981826782227,23.266843795776367,23.297199249267578
2025-09-20 20:00:00+00:00,23.297645568847656,23.455917358398438,23.297645568847656,23.34473419189453
2025-09-21 00:00:00+00:00,23.34503746032715,23.42493438720703,23.289165496826172,23.378768920898438
2025-09-21 04:00:00+00:00,23.380374908447266,23.485614776611328,23.320669174194336,23.357341766357422
2025-09-21 08:00:00+00:00,23.358362197875977,23.39137840270996,23.079212188720703,23.137828826904297
2025-09-21 12:00:00+00:00,23.128677368164062,23.257356643676758,23.086400985717773,23.109962463378906
2025-09-21 16:00:00+00:00,23.10974884033203,23.196002960205078,22.941476821899414,23.178321838378906
2025-09-21 20:00:00+00:00,23.17681884765625,23.18391227722168,22.949007034301758,22.997285842895508
2025-09-22 00:00:00+00:00,22.994365692138672,23.02945899963379,21.963396072387695,22.211570739746094
2025-09-22 04:00:00+00:00,22.206743240356445,22.22138023376465,20.893709182739258,21.32954978942871
2025-09-22 08:00:00+00:00,21.296472549438477,21.383779525756836,21.122915267944336,21.22490119934082
2025-09-22 12:00:00+00:00,21.217266082763672,21.588958740234375,21.206573486328125,21.23834991455078
2025-09-22 16:00:00+00:00,21.23748779296875,21.3533878326416,21.178565979003906,21.198244094848633
2025-09-22 20:00:00+00:00,21.194438934326172,21.661117553710938,21.184112548828125,21.660171508789062
2025-09-23 00:00:00+00:00,21.66106605529785,21.75655746459961,21.22414207458496,21.60975456237793
2025-09-23 04:00:00+00:00,21.609357833862305,21.864591598510742,21.411603927612305,21.830310821533203
2025-09-23 08:00:00+00:00,21.826961517333984,21.858516693115234,21.73434829711914,21.807538986206055
2025-09-23 12:00:00+00:00,21.80683135986328,21.977367401123047,21.78107261657715,21.85282325744629
2025-09-23 16:00:00+00:00,21.85369110107422,21.964956283569336,21.57417869567871,21.579486846923828
2025-09-23 20:00:00+00:00,21.580059051513672,21.808990478515625,21.524890899658203,21.543882369995117
2025-09-24 00:00:00+00:00,21.54364776611328,21.682701110839844,21.303895950317383,21.303895950317383
2025-09-24 04:00:00+00:00,21.30375862121582,21.749128341674805,21.11954116821289,21.701190948486328
2025-09-24 08:00:00+00:00,21.701797485351562,21.861064910888672,21.650789260864258,21.771753311157227
2025-09-24 12:00:00+00:00,21.772613525390625,21.934368133544922,21.592687606811523,21.79921531677246
2025-09-24 16:00:00+00:00,21.793537139892578,21.963232040405273,21.752805709838867,21.862525939941406
2025-09-24 20:00:00+00:00,21.861366271972656,21.861366271972656,21.58430290222168,21.6207218170166
2025-09-25 00:00:00+00:00,21.620420455932617,21.657001495361328,21.203350067138672,21.227741241455078
2025-09-25 04:00:00+00:00,21.240222930908203,21.3154354095459,20.95623016357422,20.9814395904541
2025-09-25 08:00:00+00:00,20.984909057617188,21.150405883789062,20.74947738647461,20.74947738647461
2025-09-25 12:00:00+00:00,20.74895477294922,21.140960693359375,20.63106918334961,20.854206085205078
2025-09-25 16:00:00+00:00,20.858781814575195,20.88386344909668,19.927614212036133,20.422868728637695
2025-09-25 20:00:00+00:00,20.423723220825195,20.532629013061523,20.061264038085938,20.10879898071289
2025-09-26 00:00:00+00:00,20.115001678466797,20.590314865112305,20.115001678466797,20.551769256591797
2025-09-26 04:00:00+00:00,20.557342529296875,20.615324020385742,20.270586013793945,20.314146041870117
2025-09-26 08:00:00+00:00,20.31910514831543,20.517131805419922,19.975343704223633,20.218711853027344
2025-09-26 12:00:00+00:00,20.217735290527344,20.64565086364746,20.04524803161621,20.607608795166016
2025-09-26 16:00:00+00:00,20.607847213745117,21.21113395690918,20.601463317871094,20.977210998535156
2025-09-26 20:00:00+00:00,20.97370147705078,21.124425888061523,20.9251766204834,21.085487365722656
2025-09-27 00:00:00+00:00,21.086336135864258,21.12153434753418,20.999174118041992,21.10450553894043
2025-09-27 04:00:00+00:00,21.103761672973633,21.150606155395508,20.948049545288086,20.955860137939453
2025-09-27 08:00:00+00:00,20.95879554748535,21.096275329589844,20.8549747467041,21.009857177734375
2025-09-27 12:00:00+00:00,21.009126663208008,21.052383422851562,20.886220932006836,20.960895538330078
2025-09-27 16:00:00+00:00,20.96040916442871,20.962146759033203,20.762754440307617,20.847965240478516
2025-09-27 20:00:00+00:00,20.84841537475586,21.091493606567383,20.84488868713379,20.928085327148438
2025-09-28 00:00:00+00:00,20.927547454833984,20.927692413330078,20.689258575439453,20.713098526000977
2025-09-28 04:00:00+00:00,20.72371482849121,20.808284759521484,20.67304801940918,20.749792098999023
2025-09-28 08:00:00+00:00,20.750076293945312,20.765893936157227,20.531105041503906,20.568050384521484
2025-09-28 12:00:00+00:00,20.566972732543945,20.985191345214844,20.466474533081055,20.985191345214844
2025-09-28 16:00:00+00:00,20.994674682617188,21.27690315246582,20.994674682617188,21.194400787353516
2025-09-28 20:00:00+00:00,21.212940216064453,21.691530227661133,21.20742416381836,21.681005477905273
2025-09-29 00:00:00+00:00,21.680278778076172,21.680278778076172,21.41634178161621,21.481382369995117
2025-09-29 04:00:00+00:00,21.482027053833008,21.48708152770996,21.196828842163086,21.27704620361328
2025-09-29 08:00:00+00:00,21.27801513671875,21.389381408691406,21.10587501525879,21.203763961791992
2025-09-29 12:00:00+00:00,21.20370101928711,21.684810638427734,20.96905517578125,21.405029296875
2025-09-29 16:00:00+00:00,21.405467987060547,21.710556030273438,21.271699905395508,21.710556030273438
2025-09-29 20:00:00+00:00,21.72812843322754,21.888059616088867,21.7097225189209,21.74923324584961
2025-09-30 00:00:00+00:00,21.748727798461914,21.786054611206055,21.47271156311035,21.473651885986328
2025-09-30 04:00:00+00:00,21.479551315307617,21.685340881347656,21.385635375976562,21.414875030517578
2025-09-30 08:00:00+00:00,21.415002822875977,21.481298446655273,21.265722274780273,21.444931030273438
2025-09-30 12:00:00+00:00,21.422805786132812,21.468914031982422,21.01702308654785,21.087738037109375
2025-09-30 16:00:00+00:00,21.098119735717773,21.509946823120117,21.040307998657227,21.509946823120117
2025-09-30 20:00:00+00:00,21.514373779296875,21.671531677246094,21.312746047973633,21.329185485839844
2025-10-01 00:00:00+00:00,21.315937042236328,21.543994903564453,21.084915161132812,21.208494186401367
2025-10-01 04:00:00+00:00,21.20821189880371,21.366764068603516,21.15079689025879,21.34531593322754
2025-10-01 08:00:00+00:00,21.34451675415039,22.273181915283203,21.341205596923828,22.213605880737305
2025-10-01 12:00:00+00:00,22.218278884887695,22.474166870117188,22.152469635009766,22.38106346130371
2025-10-01 16:00:00+00:00,22.38762855529785,22.62619400024414,22.331571578979492,22.56266975402832
2025-10-01 20:00:00+00:00,22.55584716796875,22.587848663330078,22.295236587524414,22.58274269104004
2025-10-02 00:00:00+00:00,22.58038902282715,22.788612365722656,22.449308395385742,22.721498489379883
2025-10-02 04:00:00+00:00,22.720998764038086,22.832983016967773,22.591854095458984,22.591854095458984
2025-10-02 08:00:00+00:00,22.590917587280273,22.617399215698242,22.451763153076172,22.451763153076172
2025-10-02 12:00:00+00:00,22.45329475402832,22.55069923400879,22.00343894958496,22.370943069458008
2025-10-02 16:00:00+00:00,22.416770935058594,23.11431121826172,22.416770935058594,22.9509334564209
2025-10-02 20:00:00+00:00,22.951692581176758,22.958881378173828,22.6856632232666,22.774377822875977
2025-10-03 00:00:00+00:00,22.785831451416016,22.82911491394043,22.584070205688477,22.649364471435547
2025-10-03 04:00:00+00:00,22.611732482910156,22.679655075073242,22.32654571533203,22.377038955688477
2025-10-03 08:00:00+00:00,22.391687393188477,22.426471710205078,22.268260955810547,22.30135154724121
2025-10-03 12:00:00+00:00,22.301029205322266,22.684017181396484,22.143756866455078,22.681596755981445
2025-10-03 16:00:00+00:00,22.68561363220215,23.05620765686035,22.32241439819336,22.632375717163086
2025-10-03 20:00:00+00:00,22.63334846496582,22.704252243041992,22.524473190307617,22.524473190307617
2025-10-04 00:00:00+00:00,22.514936447143555,22.598825454711914,22.189537048339844,22.228389739990234
2025-10-04 04:00:00+00:00,22.227981567382812,22.27831268310547,22.06787109375,22.073062896728516
2025-10-04 08:00:00+00:00,22.08131980895996,22.08180046081543,21.79896354675293,21.856840133666992
2025-10-04 12:00:00+00:00,21.856706619262695,22.16261863708496,21.821407318115234,21.853097915649414
2025-10-04 16:00:00+00:00,21.852758407592773,22.014312744140625,21.84495735168457,21.988801956176758
2025-10-04 20:00:00+00:00,21.989681243896484,22.132747650146484,21.989681243896484,22.032207489013672
2025-10-05 00:00:00+00:00,22.031051635742188,22.578540802001953,21.96340560913086,22.373868942260742
2025-10-05 04:00:00+00:00,22.374399185180664,22.808914184570312,22.368728637695312,22.808914184570312
2025-10-05 08:00:00+00:00,22.819181442260742,22.910303115844727,22.505922317504883,22.747888565063477
2025-10-05 12:00:00+00:00,22.750743865966797,22.750743865966797,22.421329498291016,22.47226333618164
2025-10-05 16:00:00+00:00,22.471582412719727,22.60545539855957,21.96662139892578,21.96662139892578
2025-10-05 20:00:00+00:00,21.945653915405273,22.102426528930664,21.93613624572754,22.00239372253418
2025-10-06 00:00:00+00:00,22.002941131591797,22.172443389892578,21.554458618164062,21.897323608398438
2025-10-06 04:00:00+00:00,21.89842987060547,22.13152503967285,21.777559280395508,21.90452003479004
2025-10-06 08:00:00+00:00,21.90580177307129,22.20785903930664,21.90580177307129,22.12142562866211
2025-10-06 12:00:00+00:00,22.1213321685791,22.954347610473633,22.1213321685791,22.880229949951172
2025-10-06 16:00:00+00:00,22.85477066040039,23.47157096862793,22.81281280517578,23.447267532348633
2025-10-06 20:00:00+00:00,23.455820083618164,23.569725036621094,23.307981491088867,23.374221801757812
2025-10-07 00:00:00+00:00,23.378305435180664,23.668947219848633,23.360429763793945,23.371126174926758
2025-10-07 04:00:00+00:00,23.37139320373535,23.59571075439453,22.867788314819336,22.87163734436035
2025-10-07 08:00:00+00:00,22.87015724182129,22.88166046142578,22.592926025390625,22.88166046142578
2025-10-07 12:00:00+00:00,22.88001823425293,23.072561264038086,21.917579650878906,22.00420570373535
2025-10-07 16:00:00+00:00,22.004383087158203,22.192995071411133,21.847278594970703,21.913185119628906
2025-10-07 20:00:00+00:00,21.892292022705078,22.178804397583008,21.856021881103516,21.856021881103516
2025-10-08 00:00:00+00:00,21.854175567626953,22.136917114257812,21.771547317504883,21.782838821411133
2025-10-08 04:00:00+00:00,21.781972885131836,21.951642990112305,21.73629379272461,21.89361572265625
2025-10-08 08:00:00+00:00,21.89521598815918,22.156526565551758,21.89521598815918,22.05666160583496
2025-10-08 12:00:00+00:00,22.057031631469727,22.287240982055664,21.935710906982422,22.016450881958008
2025-10-08 16:00:00+00:00,22.01167106628418,22.537696838378906,21.98885154724121,22.486602783203125
2025-10-08 20:00:00+00:00,22.48634910583496,22.640886306762695,22.428407669067383,22.620689392089844
2025-10-09 00:00:00+00:00,22.623611450195312,22.653030395507812,21.99045753479004,22.264217376708984
2025-10-09 04:00:00+00:00,22.2558650970459,22.46571159362793,21.964996337890625,22.00897979736328
2025-10-09 08:00:00+00:00,22.007009506225586,22.007009506225586,21.621261596679688,21.741104125976562
2025-10-09 12:00:00+00:00,21.739477157592773,22.0002498626709,21.379451751708984,21.524938583374023
2025-10-09 16:00:00+00:00,21.523420333862305,21.903799057006836,21.416141510009766,21.718717575073242
2025-10-09 20:00:00+00:00,21.725618362426758,22.112024307250977,21.725618362426758,22.012203216552734
2025-10-10 00:00:00+00:00,22.011083602905273,22.574920654296875,22.00501251220703,22.42071533203125
2025-10-10 04:00:00+00:00,22.42046356201172,22.608572006225586,22.2911376953125,22.36115264892578
2025-10-10 08:00:00+00:00,22.356325149536133,22.741565704345703,22.324142456054688,22.436288833618164
2025-10-10 12:00:00+00:00,22.43455696105957,22.749038696289062,21.35846519470215,21.383638381958008
2025-10-10 16:00:00+00:00,21.37908935546875,21.5119571685791,20.525142669677734,20.543827056884766
2025-10-10 20:00:00+00:00,20.534820556640625,20.666139602661133,10.192776679992676,17.341880798339844
2025-10-11 00:00:00+00:00,17.32366180419922,18.130983352661133,17.048900604248047,17.483217239379883
2025-10-11 04:00:00+00:00,17.507877349853516,17.84410285949707,17.420053482055664,17.729106903076172
2025-10-11 08:00:00+00:00,17.735734939575195,18.474275588989258,17.715312957763672,18.032855987548828
2025-10-11 12:00:00+00:00,18.033565521240234,18.117582321166992,17.56923484802246,17.982154846191406
2025-10-11 16:00:00+00:00,17.98361587524414,18.132139205932617,17.261201858520508,17.268569946289062
2025-10-11 20:00:00+00:00,17.27794075012207,17.293794631958008,16.686424255371094,17.213497161865234
2025-10-12 00:00:00+00:00,17.197023391723633,17.200149536132812,16.767770767211914,17.107139587402344
2025-10-12 04:00:00+00:00,17.10784339904785,17.485471725463867,17.098424911499023,17.438846588134766
2025-10-12 08:00:00+00:00,17.4304256439209,17.502412796020508,17.257661819458008,17.415355682373047
2025-10-12 12:00:00+00:00,17.41524314880371,18.758766174316406,17.298078536987305,18.758766174316406
2025-10-12 16:00:00+00:00,18.759523391723633,19.35980224609375,18.759523391723633,19.35967445373535
2025-10-12 20:00:00+00:00,19.360912322998047,19.390621185302734,18.934982299804688,19.047571182250977
2025-10-13 00:00:00+00:00,19.04017448425293,19.20810317993164,18.816282272338867,19.030038833618164
2025-10-13 04:00:00+00:00,19.032426834106445,19.657434463500977,18.982995986938477,19.50420570373535
2025-10-13 08:00:00+00:00,19.509416580200195,19.751060485839844,19.155912399291992,19.245695114135742
2025-10-13 12:00:00+00:00,19.222150802612305,19.795278549194336,19.165435791015625,19.760408401489258
2025-10-13 16:00:00+00:00,19.760379791259766,20.11627197265625,19.524208068847656,20.029033660888672
2025-10-13 20:00:00+00:00,20.042972564697266,20.18911361694336,19.864442825317383,19.86488914489746
2025-10-14 00:00:00+00:00,19.863052368164062,20.034807205200195,19.359874725341797,19.502901077270508
2025-10-14 04:00:00+00:00,19.497705459594727,19.525604248046875,18.463184356689453,18.537429809570312
2025-10-14 08:00:00+00:00,18.549034118652344,18.739809036254883,18.158018112182617,18.60686492919922
2025-10-14 12:00:00+00:00,18.604753494262695,19.008094787597656,18.292123794555664,18.987403869628906
2025-10-14 16:00:00+00:00,19.028724670410156,19.231529235839844,18.773122787475586,18.887819290161133
2025-10-14 20:00:00+00:00,18.890966415405273,19.151702880859375,18.869409561157227,19.11338233947754
2025-10-15 00:00:00+00:00,19.113662719726562,19.23357391357422,18.89540672302246,18.927202224731445
2025-10-15 04:00:00+00:00,18.927248001098633,19.133190155029297,18.87320327758789,18.882774353027344
2025-10-15 08:00:00+00:00,18.883094787597656,19.183265686035156,18.70713233947754,18.714719772338867
2025-10-15 12:00:00+00:00,18.70282745361328,18.72899055480957,18.097394943237305,18.118322372436523
2025-10-15 16:00:00+00:00,18.134681701660156,18.241104125976562,17.88950538635254,18.022918701171875
2025-10-15 20:00:00+00:00,18.024581909179688,18.11286735534668,17.846986770629883,18.063411712646484
2025-10-16 00:00:00+00:00,18.06282615661621,18.1673526763916,17.960235595703125,18.088926315307617
2025-10-16 04:00:00+00:00,18.089561462402344,18.1955509185791,17.994918823242188,18.054529190063477
2025-10-16 08:00:00+00:00,18.055145263671875,18.483633041381836,17.680238723754883,18.462278366088867
2025-10-16 12:00:00+00:00,18.466094970703125,18.566953659057617,17.646556854248047,17.646556854248047
2025-10-16 16:00:00+00:00,17.654775619506836,18.0499210357666,17.347625732421875,17.431659698486328
2025-10-16 20:00:00+00:00,17.422243118286133,17.457489013671875,17.145212173461914,17.403949737548828
2025-10-17 00:00:00+00:00,17.405805587768555,17.666738510131836,17.375877380371094,17.518024444580078
2025-10-17 04:00:00+00:00,17.51729965209961,17.519128799438477,16.25204849243164,16.25235366821289
2025-10-17 08:00:00+00:00,16.252017974853516,16.53856658935547,15.785898208618164,16.51081657409668
2025-10-17 12:00:00+00:00,16.512176513671875,16.668270111083984,16.19027328491211,16.577836990356445
2025-10-17 16:00:00+00:00,16.634172439575195,16.80742835998535,16.283432006835938,16.369850158691406
2025-10-17 20:00:00+00:00,16.372215270996094,16.761972427368164,16.350414276123047,16.61131477355957
2025-10-18 00:00:00+00:00,16.611692428588867,16.887006759643555,16.609838485717773,16.80283546447754
2025-10-18 04:00:00+00:00,16.804162979125977,16.961307525634766,16.589933395385742,16.734050750732422
2025-10-18 08:00:00+00:00,16.737415313720703,16.921096801757812,16.70997428894043,16.852998733520508
2025-10-18 12:00:00+00:00,16.86241340637207,16.966510772705078,16.668899536132812,16.804859161376953
2025-10-18 16:00:00+00:00,16.80475425720215,16.88329315185547,16.66290855407715,16.832103729248047
2025-10-18 20:00:00+00:00,16.833755493164062,16.926788330078125,16.780851364135742,16.820730209350586
2025-10-19 00:00:00+00:00,16.82193946838379,16.882471084594727,16.66243553161621,16.84280014038086
2025-10-19 04:00:00+00:00,16.848220825195312,16.894899368286133,16.69346809387207,16.78263282775879
2025-10-19 08:00:00+00:00,16.784456253051758,17.28520965576172,16.55315589904785,17.143892288208008
2025-10-19 12:00:00+00:00,17.14705467224121,17.525678634643555,17.064672470092773,17.407278060913086
2025-10-19 16:00:00+00:00,17.409042358398438,17.64850425720215,17.33894157409668,17.468883514404297
2025-10-19 20:00:00+00:00,17.468393325805664,17.549320220947266,17.260875701904297,17.27590560913086
2025-10-20 00:00:00+00:00,17.285934448242188,17.63454818725586,16.969362258911133,17.63454818725586
2025-10-20 04:00:00+00:00,17.6370792388916,18.914220809936523,17.60434913635254,18.606849670410156
2025-10-20 08:00:00+00:00,18.606868743896484,18.992717742919922,18.590301513671875,18.98828887939453
2025-10-20 12:00:00+00:00,18.996431350708008,19.172805786132812,18.857162475585938,18.857162475585938
2025-10-20 16:00:00+00:00,18.855764389038086,18.91092300415039,18.52934455871582,18.861812591552734
2025-10-20 20:00:00+00:00,18.86170768737793,18.930049896240234,18.63820457458496,18.6574764251709
2025-10-21 00:00:00+00:00,18.66220474243164,18.940265655517578,18.18145179748535,18.18145179748535
2025-10-21 04:00:00+00:00,18.18096351623535,18.18096351623535,17.700166702270508,18.058475494384766
2025-10-21 08:00:00+00:00,18.05851936340332,18.100656509399414,17.834781646728516,18.095029830932617
2025-10-21 12:00:00+00:00,18.092805862426758,18.9311580657959,17.876129150390625,18.79523468017578
2025-10-21 16:00:00+00:00,18.801937103271484,18.878082275390625,18.143409729003906,18.224660873413086
2025-10-21 20:00:00+00:00,18.217674255371094,18.217674255371094,17.576072692871094,17.628252029418945
2025-10-22 00:00:00+00:00,17.625513076782227,17.734928131103516,17.478923797607422,17.600439071655273
2025-10-22 04:00:00+00:00,17.603673934936523,17.835535049438477,17.46775245666504,17.600727081298828
2025-10-22 08:00:00+00:00,17.60284996032715,17.60284996032715,17.337751388549805,17.411964416503906
2025-10-22 12:00:00+00:00,17.412395477294922,17.56877326965332,17.19794273376465,17.515380859375
2025-10-22 16:00:00+00:00,17.473936080932617,17.477527618408203,17.165794372558594,17.2316837310791
2025-10-22 20:00:00+00:00,17.26068878173828,17.261878967285156,16.900650024414062,17.207212448120117
2025-10-23 00:00:00+00:00,17.206159591674805,17.353097915649414,17.19093132019043,17.269245147705078
2025-10-23 04:00:00+00:00,17.268901824951172,17.666650772094727,17.263185501098633,17.579647064208984
2025-10-23 08:00:00+00:00,17.57953453063965,17.690690994262695,17.291584014892578,17.30145263671875
2025-10-23 12:00:00+00:00,17.300304412841797,17.506275177001953,17.140541076660156,17.44822883605957
2025-10-23 16:00:00+00:00,17.444772720336914,17.764476776123047,17.39591407775879,17.46343231201172
2025-10-23 20:00:00+00:00,17.463848114013672,17.469228744506836,17.30488395690918,17.41610336303711
2025-10-24 00:00:00+00:00,17.433584213256836,17.451629638671875,17.317655563354492,17.342544555664062
2025-10-24 04:00:00+00:00,17.343351364135742,17.710018157958984,17.3259334564209,17.616456985473633
2025-10-24 08:00:00+00:00,17.625579833984375,17.77298927307129,17.595813751220703,17.73719596862793
2025-10-24 12:00:00+00:00,17.741365432739258,17.968706130981445,17.4986572265625,17.539857864379883
2025-10-24 16:00:00+00:00,17.542463302612305,17.833959579467773,17.50338363647461,17.809642791748047
2025-10-24 20:00:00+00:00,17.794910430908203,17.98390007019043,17.794023513793945,17.878087997436523
2025-10-25 00:00:00+00:00,17.88043975830078,17.94447135925293,17.80890655517578,17.810148239135742
2025-10-25 04:00:00+00:00,17.810150146484375,17.966796875,17.810150146484375,17.870132446289062
2025-10-25 08:00:00+00:00,17.870323181152344,18.00971031188965,17.870323181152344,18.007125854492188
2025-10-25 12:00:00+00:00,18.00018882751465,18.071229934692383,17.957700729370117,18.005592346191406
2025-10-25 16:00:00+00:00,18.004934310913086,18.186771392822266,17.977048873901367,18.181873321533203
2025-10-25 20:00:00+00:00,18.19668197631836,18.223819732666016,17.998214721679688,18.01751136779785
2025-10-26 00:00:00+00:00,18.017568588256836,18.017568588256836,17.714487075805664,17.734758377075195
2025-10-26 04:00:00+00:00,17.737329483032227,17.85797691345215,17.732622146606445,17.848344802856445
2025-10-26 08:00:00+00:00,17.856887817382812,18.309566497802734,17.856887817382812,18.309566497802734
2025-10-26 12:00:00+00:00,18.326313018798828,18.447120666503906,18.241804122924805,18.31512451171875
2025-10-26 16:00:00+00:00,18.320920944213867,18.320920944213867,18.110383987426758,18.163724899291992
2025-10-26 20:00:00+00:00,18.17173194885254,18.65763282775879,18.097091674804688,18.54042625427246
2025-10-27 00:00:00+00:00,18.541351318359375,19.017223358154297,18.539411544799805,18.95686149597168
2025-10-27 04:00:00+00:00,18.9581241607666,19.01906394958496,18.761449813842773,18.820146560668945
2025-10-27 08:00:00+00:00,18.830583572387695,18.882265090942383,18.411331176757812,18.476362228393555
2025-10-27 12:00:00+00:00,18.487703323364258,18.48809242248535,18.21339988708496,18.392763137817383
2025-10-27 16:00:00+00:00,18.407791137695312,18.83005142211914,18.407791137695312,18.485105514526367
2025-10-27 20:00:00+00:00,18.483076095581055,18.483076095581055,18.142925262451172,18.216838836669922
2025-10-28 00:00:00+00:00,18.209327697753906,18.370811462402344,18.17978858947754,18.246315002441406
2025-10-28 12:00:00+00:00,18.52240562438965,18.53648567199707,18.293045043945312,18.356454849243164
2025-10-28 16:00:00+00:00,18.358436584472656,18.638994216918945,17.934940338134766,17.972808837890625
2025-10-28 20:00:00+00:00,17.97955894470215,17.9847412109375,17.56165313720703,17.840322494506836
2025-10-29 00:00:00+00:00,17.831350326538086,17.995046615600586,17.77022933959961,17.819772720336914
2025-10-29 04:00:00+00:00,17.819746017456055,17.97303009033203,17.802112579345703,17.930410385131836
2025-10-29 08:00:00+00:00,17.929046630859375,18.140012741088867,17.763200759887695,18.138425827026367
2025-10-29 12:00:00+00:00,18.136568069458008,18.283994674682617,17.945127487182617,18.016605377197266
2025-10-29 16:00:00+00:00,18.01720428466797,18.4506893157959,17.696393966674805,18.32113265991211
2025-10-29 20:00:00+00:00,18.32113265991211,18.618070602416992,18.020278930664062,18.109817504882812
2025-10-30 00:00:00+00:00,18.11254119873047,18.293415069580078,18.044132232666016,18.142417907714844
2025-10-30 04:00:00+00:00,18.1512393951416,18.39874267578125,17.56524658203125,18.362844467163086
2025-10-30 08:00:00+00:00,18.363569259643555,18.36363410949707,17.70199203491211,17.7208309173584
2025-10-30 12:00:00+00:00,17.69338607788086,17.694107055664062,16.90564727783203,16.916635513305664
2025-10-30 16:00:00+00:00,16.916221618652344,16.981130599975586,16.387855529785156,16.444740295410156
2025-10-30 20:00:00+00:00,16.430511474609375,16.805585861206055,16.39236068725586,16.805585861206055
2025-10-31 00:00:00+00:00,16.804597854614258,17.071874618530273,16.784103393554688,16.922618865966797
2025-10-31 04:00:00+00:00,16.919811248779297,17.2907657623291,16.919811248779297,17.21356773376465
2025-10-31 08:00:00+00:00,17.21302604675293,17.315603256225586,17.16781997680664,17.315603256225586
2025-10-31 12:00:00+00:00,17.320316314697266,17.41928482055664,17.123857498168945,17.295040130615234
2025-10-31 16:00:00+00:00,17.29361915588379,17.31438636779785,16.83319854736328,17.292375564575195
2025-10-31 20:00:00+00:00,17.290058135986328,17.337108612060547,17.15837860107422,17.240148544311523
2025-11-01 00:00:00+00:00,17.239526748657227,17.306360244750977,17.08995819091797,17.30377960205078
2025-11-01 04:00:00+00:00,17.303651809692383,17.316303253173828,17.141435623168945,17.315784454345703
2025-11-01 08:00:00+00:00,17.315853118896484,17.400272369384766,17.259571075439453,17.327091217041016
2025-11-01 12:00:00+00:00,17.328866958618164,17.399385452270508,17.156875610351562,17.222761154174805
2025-11-01 16:00:00+00:00,17.22730827331543,17.313167572021484,17.110872268676758,17.235708236694336
2025-11-01 20:00:00+00:00,17.23541259765625,17.309221267700195,17.076030731201172,17.1182861328125
2025-11-02 00:00:00+00:00,17.12136459350586,17.17555046081543,17.069581985473633,17.14288902282715
2025-11-02 04:00:00+00:00,17.143085479736328,17.57062530517578,17.120756149291992,17.56012535095215
2025-11-02 08:00:00+00:00,17.558948516845703,17.57248878479004,17.276304244995117,17.57248878479004
2025-11-02 12:00:00+00:00,17.554574966430664,17.566102981567383,17.120037078857422,17.16850471496582
2025-11-02 16:00:00+00:00,17.147125244140625,17.255277633666992,17.00775146484375,17.037464141845703
2025-11-02 20:00:00+00:00,17.043109893798828,17.59806251525879,17.027462005615234,17.59806251525879
2025-11-03 00:00:00+00:00,17.601762771606445,17.625518798828125,16.370576858520508,16.370576858520508
2025-11-03 04:00:00+00:00,16.369359970092773,16.49547576904297,15.933655738830566,16.18683624267578
2025-11-03 08:00:00+00:00,16.177947998046875,16.204483032226562,15.900577545166016,16.066083908081055
2025-11-03 12:00:00+00:00,16.066314697265625,16.291860580444336,15.047257423400879,15.279747009277344
2025-11-03 16:00:00+00:00,15.276688575744629,15.767045974731445,15.276688575744629,15.382007598876953
2025-11-03 20:00:00+00:00,15.371194839477539,15.403139114379883,15.078680992126465,15.242831230163574
2025-11-04 00:00:00+00:00,15.242838859558105,15.472723960876465,15.134195327758789,15.419990539550781
2025-11-04 04:00:00+00:00,15.421625137329102,15.473588943481445,14.614049911499023,14.633816719055176
2025-11-04 08:00:00+00:00,14.636495590209961,15.197932243347168,14.559391975402832,15.04465103149414
2025-11-04 12:00:00+00:00,15.056097030639648,15.357553482055664,14.71872615814209,15.09794807434082
2025-11-04 16:00:00+00:00,15.095703125,15.18750286102295,14.238937377929688,14.299168586730957
2025-11-04 20:00:00+00:00,14.299264907836914,14.819584846496582,13.887686729431152,14.723957061767578
2025-11-05 00:00:00+00:00,14.720587730407715,14.86331844329834,14.049033164978027,14.852375030517578
2025-11-05 04:00:00+00:00,14.844902992248535,14.987312316894531,14.7714204788208,14.924514770507812
2025-11-05 08:00:00+00:00,14.895130157470703,14.895130157470703,14.556349754333496,14.841853141784668
2025-11-05 12:00:00+00:00,14.839427947998047,15.087738990783691,14.759602546691895,15.087738990783691
2025-11-05 16:00:00+00:00,15.089652061462402,15.377610206604004,14.961904525756836,15.260717391967773
2025-11-05 20:00:00+00:00,15.25805377960205,15.33924674987793,15.088171005249023,15.149827003479004
2025-11-06 00:00:00+00:00,15.148397445678711,15.188043594360352,14.873141288757324,15.13362979888916
2025-11-06 04:00:00+00:00,15.13204288482666,15.193573951721191,14.86460018157959,14.914093017578125
2025-11-06 08:00:00+00:00,14.911325454711914,14.94730281829834,14.78756046295166,14.926902770996094
2025-11-06 12:00:00+00:00,14.927303314208984,15.063657760620117,14.452116012573242,14.463133811950684
2025-11-06 16:00:00+00:00,14.463111877441406,14.732917785644531,14.325268745422363,14.695322036743164
2025-11-06 20:00:00+00:00,14.693951606750488,14.762574195861816,14.521777153015137,14.717702865600586
2025-11-07 00:00:00+00:00,14.729455947875977,15.007719039916992,14.626140594482422,14.955361366271973
2025-11-07 04:00:00+00:00,14.957256317138672,15.147037506103516,14.855329513549805,15.145257949829102
2025-11-07 08:00:00+00:00,15.146099090576172,15.168353080749512,14.54468822479248,14.694014549255371
2025-11-07 12:00:00+00:00,14.69411849975586,15.054112434387207,14.36761474609375,15.049514770507812
2025-11-07 16:00:00+00:00,15.04852294921875,16.195432662963867,14.983823776245117,16.05852508544922
2025-11-07 20:00:00+00:00,16.059404373168945,16.156007766723633,15.761887550354004,15.768796920776367
2025-11-08 00:00:00+00:00,15.769254684448242,15.996524810791016,15.642500877380371,15.799251556396484
2025-11-08 04:00:00+00:00,15.784055709838867,15.890557289123535,15.573710441589355,15.719691276550293
2025-11-08 08:00:00+00:00,15.718950271606445,15.840256690979004,15.623961448669434,15.644166946411133
2025-11-08 12:00:00+00:00,15.661778450012207,15.680919647216797,15.206724166870117,15.228337287902832
2025-11-08 16:00:00+00:00,15.227747917175293,15.42759895324707,15.149271965026855,15.34994125366211
2025-11-08 20:00:00+00:00,15.351537704467773,15.530057907104492,15.30928897857666,15.514171600341797
2025-11-09 00:00:00+00:00,15.514479637145996,15.514479637145996,15.062764167785645,15.0995454788208
2025-11-09 04:00:00+00:00,15.099400520324707,15.392967224121094,15.071100234985352,15.365684509277344
2025-11-09 08:00:00+00:00,15.367147445678711,15.477828025817871,15.102184295654297,15.456718444824219
2025-11-09 12:00:00+00:00,15.456210136413574,15.908940315246582,15.417486190795898,15.823355674743652
2025-11-09 16:00:00+00:00,15.824738502502441,16.07032585144043,15.743843078613281,16.07032585144043
2025-11-09 20:00:00+00:00,16.072452545166016,16.099395751953125,15.855926513671875,15.927749633789062
2025-11-10 00:00:00+00:00,15.927743911743164,16.276817321777344,15.858052253723145,16.235885620117188
2025-11-10 04:00:00+00:00,16.23478889465332,16.397777557373047,16.179628372192383,16.351978302001953
2025-11-10 08:00:00+00:00,16.353694915771484,16.625041961669922,16.229604721069336,16.523029327392578
2025-11-10 12:00:00+00:00,16.52104377746582,16.614059448242188,16.028553009033203,16.048965454101562
2025-11-10 16:00:00+00:00,16.050010681152344,16.238128662109375,15.964079856872559,16.204126358032227
2025-11-10 20:00:00+00:00,16.19916343688965,16.43362808227539,15.991732597351074,16.344755172729492
2025-11-11 00:00:00+00:00,16.34531021118164,16.714130401611328,16.203845977783203,16.64969253540039
2025-11-11 04:00:00+00:00,16.648265838623047,16.659276962280273,16.01555824279785,16.01555824279785
2025-11-11 08:00:00+00:00,16.013036727905273,16.208948135375977,15.99359130859375,16.15734100341797
2025-11-11 12:00:00+00:00,16.165054321289062,16.27260398864746,15.747663497924805,15.7918119430542
2025-11-11 16:00:00+00:00,15.793313980102539,15.848435401916504,15.640142440795898,15.655180931091309
2025-11-11 20:00:00+00:00,15.652828216552734,15.652828216552734,15.277145385742188,15.298078536987305
2025-11-12 00:00:00+00:00,15.298028945922852,15.449005126953125,15.234198570251465,15.405488967895508
2025-11-12 04:00:00+00:00,15.403148651123047,15.518619537353516,15.322994232177734,15.34900951385498
2025-11-12 08:00:00+00:00,15.349248886108398,16.10493278503418,15.349248886108398,16.103429794311523
2025-11-12 12:00:00+00:00,16.103469848632812,16.203187942504883,15.368029594421387,15.368029594421387
2025-11-12 16:00:00+00:00,15.370007514953613,15.372274398803711,14.966235160827637,15.108983039855957
2025-11-12 20:00:00+00:00,15.108353614807129,15.287330627441406,15.068188667297363,15.14175033569336
2025-11-13 00:00:00+00:00,15.141890525817871,15.611921310424805,15.141890525817871,15.581778526306152
2025-11-13 04:00:00+00:00,15.576342582702637,15.976842880249023,15.465633392333984,15.85177993774414
2025-11-13 08:00:00+00:00,15.857059478759766,15.933281898498535,15.668633460998535,15.75405216217041
2025-11-13 12:00:00+00:00,15.750404357910156,15.754142761230469,15.279641151428223,15.279641151428223
2025-11-13 16:00:00+00:00,15.291336059570312,15.305509567260742,14.270207405090332,14.272717475891113
2025-11-13 20:00:00+00:00,14.27283000946045,14.703133583068848,14.171069145202637,14.58436393737793
2025-11-14 00:00:00+00:00,14.585670471191406,14.585670471191406,14.38554859161377,14.411418914794922
2025-11-14 04:00:00+00:00,14.414887428283691,14.520001411437988,13.98245906829834,14.44760513305664
2025-11-14 08:00:00+00:00,14.447932243347168,14.447932243347168,14.146124839782715,14.158238410949707
2025-11-14 12:00:00+00:00,14.1639404296875,14.406384468078613,13.866124153137207,14.293290138244629
2025-11-14 16:00:00+00:00,14.28884220123291,14.46253490447998,14.081743240356445,14.26335334777832
2025-11-14 20:00:00+00:00,14.26668930053711,14.282547950744629,13.64599609375,13.798151969909668
2025-11-15 00:00:00+00:00,13.800241470336914,14.260751724243164,13.800115585327148,14.19337272644043
2025-11-15 04:00:00+00:00,14.192926406860352,14.249591827392578,14.069869995117188,14.073299407958984
2025-11-15 08:00:00+00:00,14.072383880615234,14.082650184631348,13.844477653503418,13.999849319458008
2025-11-15 12:00:00+00:00,13.999588012695312,14.260735511779785,13.983078002929688,14.182390213012695
2025-11-15 16:00:00+00:00,14.178872108459473,14.308734893798828,14.087051391601562,14.20730209350586
2025-11-15 20:00:00+00:00,14.20686149597168,14.20686149597168,14.009634017944336,14.121142387390137
2025-11-16 00:00:00+00:00,14.121342658996582,14.2134370803833,13.89074420928955,14.166080474853516
2025-11-16 04:00:00+00:00,14.166138648986816,14.313624382019043,14.103476524353027,14.313624382019043
2025-11-16 08:00:00+00:00,14.3135986328125,14.473260879516602,14.055973052978516,14.07124137878418
2025-11-16 12:00:00+00:00,14.067459106445312,14.150286674499512,13.822615623474121,13.822615623474121
2025-11-16 16:00:00+00:00,13.812444686889648,13.86055850982666,13.462191581726074,13.62761402130127
2025-11-16 20:00:00+00:00,13.62789535522461,13.79895305633545,13.445991516113281,13.741693496704102
2025-11-17 00:00:00+00:00,13.741316795349121,13.9596586227417,13.630008697509766,13.9596586227417
2025-11-17 04:00:00+00:00,13.959954261779785,14.132743835449219,13.936326026916504,14.11517333984375
2025-11-17 08:00:00+00:00,14.11318302154541,14.176488876342773,14.039349555969238,14.149909019470215
2025-11-17 12:00:00+00:00,14.150566101074219,14.15226936340332,13.637715339660645,13.701070785522461
2025-11-17 16:00:00+00:00,13.6994047164917,13.745762825012207,13.128327369689941,13.211254119873047
2025-11-17 20:00:00+00:00,13.206955909729004,13.330669403076172,13.1015043258667,13.30660343170166
2025-11-18 00:00:00+00:00,13.309659957885742,13.471428871154785,13.128225326538086,13.410402297973633
2025-11-18 04:00:00+00:00,13.442824363708496,13.498764038085938,13.269719123840332,13.388328552246094
2025-11-18 08:00:00+00:00,13.3853759765625,13.560583114624023,13.38054370880127,13.479166030883789
2025-11-18 12:00:00+00:00,13.477996826171875,13.766199111938477,13.328124046325684,13.708455085754395
2025-11-18 16:00:00+00:00,13.707383155822754,13.961348533630371,13.688716888427734,13.880946159362793
2025-11-18 20:00:00+00:00,13.90021800994873,13.925515174865723,13.712199211120605,13.795071601867676
2025-11-19 00:00:00+00:00,13.79322338104248,13.79346752166748,13.503664016723633,13.51241683959961
2025-11-19 04:00:00+00:00,13.511617660522461,13.511617660522461,13.154485702514648,13.466788291931152
2025-11-19 08:00:00+00:00,13.46777057647705,13.531352996826172,13.354548454284668,13.396459579467773
2025-11-19 12:00:00+00:00,13.393835067749023,13.445923805236816,12.999276161193848,12.999276161193848
2025-11-19 16:00:00+00:00,13.001243591308594,13.077259063720703,12.801921844482422,12.888303756713867
2025-11-19 20:00:00+00:00,12.885706901550293,13.54545783996582,12.860103607177734,13.52214241027832
2025-11-20 00:00:00+00:00,13.52054500579834,13.671589851379395,13.466652870178223,13.6417818069458
2025-11-20 04:00:00+00:00,13.642843246459961,13.895373344421387,13.600912094116211,13.895373344421387
2025-11-20 08:00:00+00:00,13.898175239562988,13.939986228942871,13.592430114746094,13.70126724243164
2025-11-20 12:00:00+00:00,13.700485229492188,13.799698829650879,13.473649978637695,13.473649978637695
2025-11-20 16:00:00+00:00,13.465982437133789,13.465982437133789,12.795732498168945,12.977593421936035
2025-11-20 20:00:00+00:00,12.978256225585938,13.291025161743164,12.856258392333984,12.924699783325195
2025-11-21 00:00:00+00:00,12.922989845275879,13.174400329589844,12.870317459106445,12.893255233764648
2025-11-21 04:00:00+00:00,12.885854721069336,12.885854721069336,12.188754081726074,12.23510456085205
2025-11-21 08:00:00+00:00,12.241985321044922,12.38523006439209,11.870210647583008,11.876484870910645
2025-11-21 12:00:00+00:00,11.881438255310059,12.27320384979248,11.698233604431152,11.891666412353516
2025-11-21 16:00:00+00:00,11.898839950561523,12.332586288452148,11.79362678527832,12.093411445617676
2025-11-21 20:00:00+00:00,12.095888137817383,12.216787338256836,11.837628364562988,12.119552612304688
2025-11-22 00:00:00+00:00,12.120353698730469,12.226550102233887,12.062666893005371,12.098146438598633
2025-11-22 04:00:00+00:00,12.096656799316406,12.103591918945312,11.859559059143066,11.9970121383667
2025-11-22 08:00:00+00:00,11.997384071350098,11.997384071350098,11.782190322875977,11.980043411254883
2025-11-22 12:00:00+00:00,11.9785737991333,11.9785737991333,11.771939277648926,11.887121200561523
2025-11-22 16:00:00+00:00,11.894434928894043,12.070228576660156,11.894434928894043,12.022478103637695
2025-11-22 20:00:00+00:00,12.022478103637695,12.262238502502441,11.962859153747559,12.173174858093262
2025-11-23 00:00:00+00:00,12.17197322845459,12.454251289367676,12.125865936279297,12.445487976074219
2025-11-23 04:00:00+00:00,12.462737083435059,12.562335014343262,12.31693172454834,12.346474647521973
2025-11-23 08:00:00+00:00,12.355574607849121,12.573810577392578,12.355574607849121,12.51036548614502
2025-11-23 12:00:00+00:00,12.51034164428711,12.689107894897461,12.509468078613281,12.689107894897461
2025-11-23 16:00:00+00:00,12.68414306640625,12.709979057312012,12.48239803314209,12.668416976928711
2025-11-23 20:00:00+00:00,12.66686725616455,12.724465370178223,12.505721092224121,12.509326934814453
2025-11-24 00:00:00+00:00,12.509414672851562,12.809988975524902,12.378738403320312,12.6769437789917
2025-11-24 04:00:00+00:00,12.6769437789917,12.831084251403809,12.502169609069824,12.600613594055176
2025-11-24 08:00:00+00:00,12.593173027038574,12.61334228515625,12.379107475280762,12.483853340148926
2025-11-24 12:00:00+00:00,12.483814239501953,12.643671989440918,12.395055770874023,12.609451293945312
2025-11-24 16:00:00+00:00,12.610729217529297,13.176426887512207,12.610729217529297,12.98499870300293
2025-11-24 20:00:00+00:00,12.986984252929688,13.140568733215332,12.964110374450684,12.964110374450684
2025-11-25 00:00:00+00:00,12.964458465576172,13.0027437210083,12.881379127502441,12.906383514404297
2025-11-25 04:00:00+00:00,12.907219886779785,13.02537727355957,12.833516120910645,12.833516120910645
2025-11-25 08:00:00+00:00,12.833121299743652,12.850793838500977,12.681849479675293,12.775110244750977
2025-11-25 12:00:00+00:00,12.775108337402344,12.91462230682373,12.607903480529785,12.700889587402344
2025-11-25 16:00:00+00:00,12.712735176086426,13.120952606201172,12.712735176086426,12.971016883850098
2025-11-25 20:00:00+00:00,12.984640121459961,13.19403076171875,12.886192321777344,13.065667152404785
2025-11-26 00:00:00+00:00,13.067839622497559,13.131718635559082,12.954712867736816,12.954712867736816
2025-11-26 04:00:00+00:00,12.954054832458496,13.057634353637695,12.931778907775879,13.057634353637695
2025-11-26 08:00:00+00:00,13.064284324645996,13.064284324645996,12.821917533874512,12.839061737060547
2025-11-26 12:00:00+00:00,12.841228485107422,12.95901107788086,12.764469146728516,12.840412139892578
2025-11-26 16:00:00+00:00,12.858133316040039,13.490021705627441,12.858133316040039,13.462298393249512
2025-11-26 20:00:00+00:00,13.460954666137695,13.480206489562988,13.368226051330566,13.45557975769043
2025-11-27 00:00:00+00:00,13.45366096496582,13.551794052124023,13.372753143310547,13.379977226257324
2025-11-27 04:00:00+00:00,13.379364967346191,13.43250560760498,13.306314468383789,13.34759521484375
2025-11-27 08:00:00+00:00,13.348576545715332,13.417354583740234,13.2952299118042,13.351356506347656
2025-11-27 12:00:00+00:00,13.351447105407715,13.467032432556152,13.248125076293945,13.467032432556152
2025-11-27 16:00:00+00:00,13.465938568115234,13.519379615783691,13.41167163848877,13.466155052185059
2025-11-27 20:00:00+00:00,13.467109680175781,13.50378704071045,13.334023475646973,13.348681449890137
2025-11-28 00:00:00+00:00,13.34700870513916,13.362497329711914,13.163416862487793,13.290725708007812
2025-11-28 04:00:00+00:00,13.288384437561035,13.318211555480957,13.21796703338623,13.23789119720459
2025-11-28 08:00:00+00:00,13.233648300170898,13.508000373840332,13.233375549316406,13.3145751953125
2025-11-28 12:00:00+00:00,13.312946319580078,13.501328468322754,13.278818130493164,13.404581069946289
2025-11-28 16:00:00+00:00,13.417284965515137,13.417284965515137,13.077384948730469,13.20926570892334
2025-11-28 20:00:00+00:00,13.207101821899414,13.216906547546387,13.109338760375977,13.115360260009766
2025-11-29 16:00:00+00:00,13.024004936218262,13.024282455444336,13.012992858886719,13.023171424865723
2025-11-29 20:00:00+00:00,13.024005889892578,13.046526908874512,12.969422340393066,13.003954887390137
2025-11-30 00:00:00+00:00,13.001985549926758,13.113715171813965,12.975979804992676,13.09188175201416
2025-11-30 04:00:00+00:00,13.094480514526367,13.101726531982422,12.997005462646484,13.052748680114746
2025-11-30 08:00:00+00:00,13.052703857421875,13.096546173095703,13.01491928100586,13.015591621398926
2025-11-30 12:00:00+00:00,13.014233589172363,13.317290306091309,12.996925354003906,13.239656448364258
2025-11-30 16:00:00+00:00,13.239009857177734,13.412040710449219,13.239009857177734,13.312888145446777
2025-11-30 20:00:00+00:00,13.31335163116455,13.358086585998535,12.979913711547852,12.979913711547852
2025-12-01 00:00:00+00:00,12.978096961975098,12.978096961975098,12.140535354614258,12.14941120147705
2025-12-01 04:00:00+00:00,12.143220901489258,12.241456031799316,12.066847801208496,12.178263664245605
2025-12-01 08:00:00+00:00,12.18144702911377,12.197667121887207,12.130104064941406,12.130104064941406
2025-12-01 12:00:00+00:00,12.131083488464355,12.17362117767334,11.880993843078613,12.006797790527344
2025-12-01 16:00:00+00:00,12.008973121643066,12.008973121643066,11.762778282165527,11.842273712158203
2025-12-01 20:00:00+00:00,11.84229850769043,12.14951229095459,11.84229850769043,12.085734367370605
2025-12-02 00:00:00+00:00,12.083361625671387,12.139183044433594,11.994586944580078,12.112691879272461
2025-12-02 04:00:00+00:00,12.111359596252441,12.173778533935547,12.096274375915527,12.136807441711426
2025-12-02 08:00:00+00:00,12.13612174987793,12.25920295715332,12.02286434173584,12.257049560546875
2025-12-02 12:00:00+00:00,12.258177757263184,13.356465339660645,12.209879875183105,13.33470630645752
2025-12-02 16:00:00+00:00,13.331901550292969,13.459263801574707,13.25457763671875,13.427544593811035
2025-12-02 20:00:00+00:00,13.426843643188477,13.569189071655273,13.299644470214844,13.50985050201416
2025-12-03 00:00:00+00:00,13.508275032043457,13.974924087524414,13.457589149475098,13.974735260009766
2025-12-03 04:00:00+00:00,13.972176551818848,14.394036293029785,13.949463844299316,14.383604049682617
2025-12-03 08:00:00+00:00,14.38500690460205,14.557430267333984,14.321977615356445,14.432791709899902
2025-12-03 12:00:00+00:00,14.43303108215332,14.592063903808594,14.268697738647461,14.386551856994629
2025-12-03 16:00:00+00:00,14.388931274414062,14.53153133392334,14.330000877380371,14.431653022766113
2025-12-03 20:00:00+00:00,14.431192398071289,14.709197998046875,14.377972602844238,14.681859970092773
2025-12-04 00:00:00+00:00,14.679593086242676,14.904108047485352,14.55044174194336,14.613012313842773
2025-12-04 04:00:00+00:00,14.613517761230469,14.619050025939941,14.381953239440918,14.53984546661377
2025-12-04 08:00:00+00:00,14.540733337402344,14.756205558776855,14.476234436035156,14.48790454864502
2025-12-04 12:00:00+00:00,14.48435115814209,14.498045921325684,14.248553276062012,14.483098983764648
2025-12-04 16:00:00+00:00,14.478818893432617,14.50573444366455,14.013904571533203,14.223142623901367
2025-12-04 20:00:00+00:00,14.221147537231445,14.355913162231445,14.180768013000488,14.25456714630127
2025-12-05 00:00:00+00:00,14.255370140075684,14.378954887390137,14.215494155883789,14.253933906555176
2025-12-05 04:00:00+00:00,14.255155563354492,14.296965599060059,14.153863906860352,14.25480842590332
2025-12-05 08:00:00+00:00,14.253503799438477,14.294380187988281,13.98938274383545,14.055164337158203
2025-12-05 12:00:00+00:00,14.054755210876465,14.126708984375,13.779722213745117,13.928252220153809
2025-12-05 16:00:00+00:00,13.933497428894043,13.935970306396484,13.401703834533691,13.589502334594727
2025-12-05 20:00:00+00:00,13.587409973144531,13.645384788513184,13.515708923339844,13.60709285736084
2025-12-06 00:00:00+00:00,13.604976654052734,13.752026557922363,13.513733863830566,13.675456047058105
2025-12-06 04:00:00+00:00,13.675366401672363,13.678464889526367,13.559971809387207,13.615028381347656
2025-12-06 08:00:00+00:00,13.614017486572266,13.758379936218262,13.52330207824707,13.747838020324707
2025-12-06 12:00:00+00:00,13.754140853881836,13.881591796875,13.657058715820312,13.836098670959473
2025-12-06 16:00:00+00:00,13.83320140838623,14.069069862365723,13.83214282989502,13.856478691101074
2025-12-06 20:00:00+00:00,13.860880851745605,14.00791072845459,13.860880851745605,13.925993919372559
2025-12-07 00:00:00+00:00,13.920941352844238,14.000572204589844,13.91422176361084,14.000572204589844
2025-12-07 04:00:00+00:00,14.001338005065918,14.02916145324707,13.889765739440918,13.92343521118164
2025-12-07 08:00:00+00:00,13.923857688903809,13.927092552185059,13.760478973388672,13.802945137023926
2025-12-07 12:00:00+00:00,13.798393249511719,13.938665390014648,13.233993530273438,13.60362434387207
2025-12-07 16:00:00+00:00,13.606880187988281,14.135333061218262,13.498003005981445,14.052021980285645
2025-12-07 20:00:00+00:00,14.0535306930542,14.111953735351562,13.528775215148926,13.643217086791992
2025-12-08 00:00:00+00:00,13.64228630065918,14.009243965148926,13.611026763916016,13.895208358764648
2025-12-08 04:00:00+00:00,13.895147323608398,14.059592247009277,13.893919944763184,14.011491775512695
2025-12-08 08:00:00+00:00,14.011265754699707,14.250961303710938,13.931966781616211,13.936970710754395
2025-12-08 12:00:00+00:00,13.935956001281738,14.049571990966797,13.705041885375977,13.77691650390625
2025-12-08 16:00:00+00:00,13.745664596557617,13.869555473327637,13.635542869567871,13.72765064239502
2025-12-08 20:00:00+00:00,13.726962089538574,13.91196060180664,13.722408294677734,13.748919486999512
2025-12-09 00:00:00+00:00,13.749001502990723,13.830081939697266,13.579202651977539,13.706984519958496
2025-12-09 04:00:00+00:00,13.706965446472168,13.836865425109863,13.60772705078125,13.833967208862305
2025-12-09 08:00:00+00:00,13.833340644836426,13.846386909484863,13.676108360290527,13.751932144165039
2025-12-09 12:00:00+00:00,13.738265037536621,14.394290924072266,13.681036949157715,14.394290924072266
2025-12-09 16:00:00+00:00,14.394904136657715,14.983358383178711,14.394904136657715,14.665241241455078
2025-12-09 20:00:00+00:00,14.663818359375,14.663818359375,14.27477741241455,14.417238235473633
2025-12-10 00:00:00+00:00,14.417520523071289,14.432275772094727,14.229828834533691,14.231114387512207
2025-12-10 04:00:00+00:00,14.212051391601562,14.251105308532715,14.129744529724121,14.16759204864502
2025-12-10 08:00:00+00:00,14.168103218078613,14.390807151794434,14.09316635131836,14.148658752441406
2025-12-10 12:00:00+00:00,14.154955863952637,14.177447319030762,13.986564636230469,14.001405715942383
2025-12-10 16:00:00+00:00,14.00507926940918,14.526254653930664,14.003704071044922,14.511041641235352
2025-12-10 20:00:00+00:00,14.501619338989258,14.852843284606934,14.11825942993164,14.11825942993164
2025-12-11 00:00:00+00:00,14.115391731262207,14.121932029724121,13.479371070861816,13.53985595703125
2025-12-11 04:00:00+00:00,13.515572547912598,13.670265197753906,13.498154640197754,13.542893409729004
2025-12-11 08:00:00+00:00,13.536687850952148,13.622072219848633,13.445630073547363,13.611907005310059
2025-12-11 12:00:00+00:00,13.6124849319458,13.66736125946045,13.464476585388184,13.529930114746094
2025-12-11 16:00:00+00:00,13.532607078552246,13.840645790100098,13.447529792785645,13.754741668701172
2025-12-11 20:00:00+00:00,13.757604598999023,14.180746078491211,13.728860855102539,14.06106185913086
2025-12-12 00:00:00+00:00,14.062952995300293,14.16161060333252,13.876842498779297,14.017176628112793
2025-12-12 04:00:00+00:00,14.018169403076172,14.19005298614502,13.972404479980469,14.07319450378418
2025-12-12 08:00:00+00:00,14.06904125213623,14.121335983276367,13.957704544067383,14.097622871398926
2025-12-12 12:00:00+00:00,14.107719421386719,14.32339096069336,13.594612121582031,13.594612121582031
2025-12-12 16:00:00+00:00,13.575861930847168,13.652344703674316,13.338308334350586,13.570440292358398
2025-12-12 20:00:00+00:00,13.574923515319824,13.68858528137207,13.566248893737793,13.645215034484863
2025-12-13 00:00:00+00:00,13.644954681396484,13.732439994812012,13.61977767944336,13.715985298156738
2025-12-13 04:00:00+00:00,13.715568542480469,13.788301467895508,13.705208778381348,13.782471656799316
2025-12-13 08:00:00+00:00,13.786660194396973,13.951530456542969,13.786660194396973,13.829760551452637
2025-12-13 12:00:00+00:00,13.82213306427002,13.83963680267334,13.66982650756836,13.806268692016602
2025-12-13 16:00:00+00:00,13.815926551818848,13.84595775604248,13.706534385681152,13.750049591064453
2025-12-13 20:00:00+00:00,13.750517845153809,13.75481128692627,13.66008472442627,13.742929458618164
2025-12-14 00:00:00+00:00,13.738709449768066,13.782221794128418,13.714608192443848,13.717230796813965
2025-12-14 04:00:00+00:00,13.71418285369873,13.723628997802734,13.631819725036621,13.718123435974121
2025-12-14 08:00:00+00:00,13.718573570251465,13.739608764648438,13.485540390014648,13.572446823120117
2025-12-14 12:00:00+00:00,13.567947387695312,13.644198417663574,13.447566032409668,13.476119041442871
2025-12-14 16:00:00+00:00,13.469758033752441,13.531044960021973,13.37605094909668,13.399418830871582
2025-12-14 20:00:00+00:00,13.403258323669434,13.432306289672852,13.219919204711914,13.292303085327148
2025-12-15 00:00:00+00:00,13.288495063781738,13.660499572753906,13.280179977416992,13.549142837524414
2025-12-15 04:00:00+00:00,13.544415473937988,13.669575691223145,13.510185241699219,13.57345962524414
2025-12-15 08:00:00+00:00,13.5740327835083,13.717487335205078,13.562804222106934,13.620259284973145
2025-12-15 12:00:00+00:00,13.620083808898926,13.683606147766113,12.750981330871582,12.750981330871582
2025-12-15 16:00:00+00:00,12.763296127319336,12.81786060333252,12.546895980834961,12.754595756530762
2025-12-15 20:00:00+00:00,12.741992950439453,12.891789436340332,12.625412940979004,12.864611625671387
2025-12-16 00:00:00+00:00,12.86514663696289,12.87314224243164,12.729601860046387,12.749131202697754
2025-12-16 04:00:00+00:00,12.74990463256836,12.871339797973633,12.654179573059082,12.709177017211914
2025-12-16 08:00:00+00:00,12.708358764648438,12.95141887664795,12.70222282409668,12.95141887664795
2025-12-16 12:00:00+00:00,12.955500602722168,13.069948196411133,12.75367259979248,13.058724403381348
2025-12-16 16:00:00+00:00,13.039865493774414,13.04440975189209,12.808266639709473,12.952004432678223
2025-12-16 20:00:00+00:00,12.944425582885742,12.9802827835083,12.888999938964844,12.934125900268555
2025-12-17 00:00:00+00:00,12.925941467285156,12.938902854919434,12.777263641357422,12.818155288696289
2025-12-17 04:00:00+00:00,12.821908950805664,12.823833465576172,12.686980247497559,12.778844833374023
2025-12-17 08:00:00+00:00,12.778346061706543,12.778346061706543,12.606983184814453,12.69580078125
2025-12-17 12:00:00+00:00,12.696880340576172,13.126070022583008,12.573871612548828,12.578688621520996
2025-12-17 16:00:00+00:00,12.565267562866211,12.60011100769043,12.151854515075684,12.273656845092773
2025-12-17 20:00:00+00:00,12.275359153747559,12.36137580871582,12.17685604095459,12.24026107788086
2025-12-18 00:00:00+00:00,12.250537872314453,12.271540641784668,12.159460067749023,12.189903259277344
2025-12-18 04:00:00+00:00,12.18907642364502,12.2258939743042,12.076499938964844,12.159746170043945
2025-12-18 08:00:00+00:00,12.160446166992188,12.281514167785645,12.160446166992188,12.278507232666016
2025-12-18 12:00:00+00:00,12.278365135192871,12.825241088867188,12.243191719055176,12.629592895507812
2025-12-18 16:00:00+00:00,12.628639221191406,12.63138484954834,11.767154693603516,11.767154693603516
2025-12-18 20:00:00+00:00,11.764068603515625,12.039923667907715,11.764068603515625,11.933767318725586
2025-12-19 00:00:00+00:00,11.932936668395996,12.305295944213867,11.85563850402832,12.231738090515137
2025-12-19 04:00:00+00:00,12.23086929321289,12.471210479736328,12.199511528015137,12.362732887268066
2025-12-19 08:00:00+00:00,12.363457679748535,12.441617012023926,12.352356910705566,12.436635971069336
2025-12-19 12:00:00+00:00,12.436293601989746,12.721550941467285,12.390457153320312,12.450678825378418
2025-12-19 16:00:00+00:00,12.454140663146973,12.65880012512207,12.40494441986084,12.632250785827637
2025-12-19 20:00:00+00:00,12.63159465789795,12.634040832519531,12.52943229675293,12.531208992004395
2025-12-20 00:00:00+00:00,12.531196594238281,12.55789566040039,12.486435890197754,12.548402786254883
2025-12-20 04:00:00+00:00,12.548075675964355,12.603128433227539,12.48859977722168,12.603128433227539
2025-12-20 08:00:00+00:00,12.603153228759766,12.69640827178955,12.597582817077637,12.671407699584961
2025-12-20 12:00:00+00:00,12.671687126159668,12.674797058105469,12.567923545837402,12.609128952026367
2025-12-20 16:00:00+00:00,12.609342575073242,12.6262788772583,12.566140174865723,12.586230278015137
2025-12-20 20:00:00+00:00,12.586165428161621,12.632729530334473,12.546042442321777,12.550978660583496
2025-12-21 00:00:00+00:00,12.549773216247559,12.583391189575195,12.394733428955078,12.490677833557129
2025-12-21 04:00:00+00:00,12.489870071411133,12.540502548217773,12.488163948059082,12.506940841674805
2025-12-21 08:00:00+00:00,12.507244110107422,12.683242797851562,12.496382713317871,12.571396827697754
2025-12-21 12:00:00+00:00,12.57148265838623,12.617615699768066,12.244648933410645,12.338899612426758
2025-12-21 16:00:00+00:00,12.334927558898926,12.420674324035645,12.283553123474121,12.406753540039062
2025-12-21 20:00:00+00:00,12.406082153320312,12.466592788696289,12.287089347839355,12.435510635375977
2025-12-22 00:00:00+00:00,12.431495666503906,12.626252174377441,12.406494140625,12.533005714416504
2025-12-22 04:00:00+00:00,12.533117294311523,12.621651649475098,12.507242202758789,12.559852600097656
2025-12-22 08:00:00+00:00,12.562141418457031,12.716354370117188,12.562141418457031,12.693345069885254
2025-12-22 12:00:00+00:00,12.693075180053711,12.874104499816895,12.669421195983887,12.787901878356934
2025-12-22 16:00:00+00:00,12.787946701049805,12.835280418395996,12.44401741027832,12.445830345153809
2025-12-22 20:00:00+00:00,12.448273658752441,12.596820831298828,12.37657642364502,12.578210830688477
2025-12-23 00:00:00+00:00,12.576995849609375,12.664688110351562,12.464466094970703,12.509679794311523
2025-12-23 04:00:00+00:00,12.507462501525879,12.507462501525879,12.24843978881836,12.335015296936035
2025-12-23 08:00:00+00:00,12.335127830505371,12.381293296813965,12.280281066894531,12.359710693359375
2025-12-23 12:00:00+00:00,12.359716415405273,12.359716415405273,12.130901336669922,12.266066551208496
2025-12-23 16:00:00+00:00,12.267511367797852,12.424123764038086,12.260446548461914,12.349809646606445
2025-12-23 20:00:00+00:00,12.350824356079102,12.48707389831543,12.339920043945312,12.38783073425293
2025-12-24 00:00:00+00:00,12.388668060302734,12.410330772399902,12.187355041503906,12.257442474365234
2025-12-24 04:00:00+00:00,12.257797241210938,12.296192169189453,12.127013206481934,12.207472801208496
2025-12-24 08:00:00+00:00,12.204790115356445,12.235002517700195,12.140093803405762,12.227958679199219
2025-12-24 12:00:00+00:00,12.228026390075684,12.256231307983398,12.066766738891602,12.159668922424316
2025-12-24 16:00:00+00:00,12.16264533996582,12.239845275878906,12.127673149108887,12.239845275878906
2025-12-24 20:00:00+00:00,12.239879608154297,12.35486125946045,12.22874641418457,12.26815128326416
2025-12-25 00:00:00+00:00,12.267587661743164,12.346928596496582,12.231148719787598,12.323500633239746
2025-12-25 04:00:00+00:00,12.324174880981445,12.336419105529785,12.279376029968262,12.300074577331543
2025-12-25 08:00:00+00:00,12.300131797790527,12.336058616638184,12.11957836151123,12.19286060333252
2025-12-25 12:00:00+00:00,12.19162654876709,12.395578384399414,12.180436134338379,12.370731353759766
2025-12-25 16:00:00+00:00,12.369524002075195,12.4002046585083,12.274324417114258,12.366877555847168
2025-12-25 20:00:00+00:00,12.366557121276855,12.377288818359375,12.018400192260742,12.055834770202637
2025-12-26 00:00:00+00:00,12.056325912475586,12.496749877929688,12.048145294189453,12.37056827545166
2025-12-26 04:00:00+00:00,12.369643211364746,12.454219818115234,12.329545974731445,12.336020469665527
2025-12-26 08:00:00+00:00,12.336562156677246,12.444422721862793,12.336562156677246,12.408390998840332
2025-12-26 12:00:00+00:00,12.408403396606445,12.475903511047363,12.098332405090332,12.160849571228027
2025-12-26 16:00:00+00:00,12.161992073059082,12.230265617370605,12.145151138305664,12.190842628479004
2025-12-26 20:00:00+00:00,12.190278053283691,12.232782363891602,12.1583833694458,12.17662239074707
2025-12-27 00:00:00+00:00,12.17697525024414,12.24399471282959,12.167441368103027,12.2351655960083
2025-12-27 04:00:00+00:00,12.235480308532715,12.253785133361816,12.177839279174805,12.247222900390625
2025-12-27 08:00:00+00:00,12.24714183807373,12.271458625793457,12.184822082519531,12.262153625488281
2025-12-27 12:00:00+00:00,12.267148971557617,12.3190336227417,12.23457145690918,12.312267303466797
2025-12-27 16:00:00+00:00,12.311968803405762,12.325764656066895,12.270709991455078,12.325764656066895
2025-12-27 20:00:00+00:00,12.326257705688477,12.497554779052734,12.311736106872559,12.497554779052734
2025-12-28 00:00:00+00:00,12.51058578491211,12.51501178741455,12.440054893493652,12.492632865905762
2025-12-28 04:00:00+00:00,12.492735862731934,12.498983383178711,12.416865348815918,12.41978645324707
2025-12-28 08:00:00+00:00,12.419386863708496,12.487135887145996,12.383597373962402,12.435905456542969
2025-12-28 12:00:00+00:00,12.436262130737305,12.537338256835938,12.436262130737305,12.508540153503418
2025-12-28 16:00:00+00:00,12.50940227508545,12.563593864440918,12.341134071350098,12.347264289855957
2025-12-28 20:00:00+00:00,12.348215103149414,12.477237701416016,12.327252388000488,12.477237701416016
2025-12-29 00:00:00+00:00,12.477197647094727,12.931075096130371,12.466005325317383,12.917036056518555
2025-12-29 04:00:00+00:00,12.914787292480469,12.975177764892578,12.724653244018555,12.79560375213623
2025-12-29 08:00:00+00:00,12.791584968566895,12.811833381652832,12.482624053955078,12.506285667419434
2025-12-29 12:00:00+00:00,12.50545597076416,12.50545597076416,12.275938034057617,12.399785995483398
2025-12-29 16:00:00+00:00,12.397696495056152,12.427909851074219,12.278721809387207,12.298993110656738
2025-12-29 20:00:00+00:00,12.299001693725586,12.332959175109863,12.259611129760742,12.290192604064941
2025-12-30 00:00:00+00:00,12.290271759033203,12.382824897766113,12.271357536315918,12.380526542663574
2025-12-30 04:00:00+00:00,12.37980842590332,12.391156196594238,12.298276901245117,12.35871410369873
2025-12-30 08:00:00+00:00,12.3594970703125,12.522332191467285,12.358902931213379,12.464770317077637
2025-12-30 12:00:00+00:00,12.464776992797852,12.559277534484863,12.401956558227539,12.527737617492676
2025-12-30 16:00:00+00:00,12.526817321777344,12.551311492919922,12.36319351196289,12.40217399597168
2025-12-30 20:00:00+00:00,12.40320873260498,12.414688110351562,12.34586238861084,12.414362907409668
2025-12-31 00:00:00+00:00,12.41401195526123,12.443758964538574,12.3524751663208,12.374460220336914
2025-12-31 04:00:00+00:00,12.374615669250488,12.404170036315918,12.337790489196777,12.404170036315918
2025-12-31 08:00:00+00:00,12.404021263122559,12.460516929626465,12.36633014678955,12.454724311828613
2025-12-31 12:00:00+00:00,12.456537246704102,12.507661819458008,12.330840110778809,12.380805015563965
2025-12-31 16:00:00+00:00,12.38009262084961,12.38327693939209,12.236409187316895,12.236409187316895
2025-12-31 20:00:00+00:00,12.234295845031738,12.288701057434082,12.188225746154785,12.188225746154785
2026-01-01 00:00:00+00:00,12.186948776245117,12.24649715423584,12.186948776245117,12.203289031982422
2026-01-01 04:00:00+00:00,12.20156192779541,12.251893997192383,12.143938064575195,12.166747093200684
2026-01-01 08:00:00+00:00,12.166444778442383,12.271028518676758,12.165218353271484,12.262139320373535
2026-01-01 12:00:00+00:00,12.270105361938477,12.36859130859375,12.233697891235352,12.36859130859375
2026-01-01 16:00:00+00:00,12.376912117004395,12.490470886230469,12.33344841003418,12.490470886230469
2026-01-01 20:00:00+00:00,12.490875244140625,12.605611801147461,12.46528148651123,12.586124420166016
2026-01-02 00:00:00+00:00,12.595295906066895,12.900097846984863,12.576214790344238,12.898462295532227
2026-01-02 04:00:00+00:00,12.922845840454102,12.941591262817383,12.828426361083984,12.830022811889648
2026-01-02 08:00:00+00:00,12.830122947692871,13.061853408813477,12.829934120178223,12.929731369018555
2026-01-02 12:00:00+00:00,12.929147720336914,13.160016059875488,12.852984428405762,13.068747520446777
2026-01-02 16:00:00+00:00,13.070348739624023,13.325014114379883,13.068543434143066,13.280607223510742
2026-01-02 20:00:00+00:00,13.278911590576172,13.404441833496094,13.224100112915039,13.263481140136719
2026-01-03 00:00:00+00:00,13.266315460205078,13.354961395263672,13.22493839263916,13.319732666015625
2026-01-03 04:00:00+00:00,13.314023971557617,13.31467056274414,12.996137619018555,13.018519401550293
2026-01-03 08:00:00+00:00,13.014976501464844,13.13019847869873,13.014893531799316,13.068154335021973
2026-01-03 12:00:00+00:00,13.065886497497559,13.159358978271484,13.054027557373047,13.07630729675293
2026-01-03 16:00:00+00:00,13.075331687927246,13.20333194732666,13.068309783935547,13.166019439697266
2026-01-03 20:00:00+00:00,13.168719291687012,13.24606704711914,13.121912002563477,13.231462478637695
2026-01-04 00:00:00+00:00,13.226805686950684,13.366375923156738,13.226805686950684,13.36181354522705
2026-01-04 04:00:00+00:00,13.358479499816895,13.428175926208496,13.282505989074707,13.347918510437012
2026-01-04 08:00:00+00:00,13.344555854797363,13.418773651123047,13.277201652526855,13.418773651123047
2026-01-04 12:00:00+00:00,13.423871994018555,13.526195526123047,13.38150691986084,13.4837646484375
2026-01-04 16:00:00+00:00,13.484495162963867,13.556340217590332,13.331212997436523,13.374588966369629
2026-01-04 20:00:00+00:00,13.373865127563477,13.476487159729004,13.371149063110352,13.399940490722656
2026-01-05 00:00:00+00:00,13.401411056518555,13.826489448547363,13.401411056518555,13.673373222351074
2026-01-05 04:00:00+00:00,13.673530578613281,13.676298141479492,13.441102981567383,13.569469451904297
2026-01-05 08:00:00+00:00,13.569572448730469,13.601027488708496,13.446958541870117,13.571198463439941
2026-01-05 12:00:00+00:00,13.571053504943848,13.70400333404541,13.40882682800293,13.685527801513672
2026-01-05 16:00:00+00:00,13.690716743469238,13.850912094116211,13.572259902954102,13.764975547790527
2026-01-05 20:00:00+00:00,13.766587257385254,14.11376667022705,13.76556396484375,13.917684555053711
2026-01-06 00:00:00+00:00,13.916597366333008,13.939760208129883,13.63559627532959,13.793916702270508
2026-01-06 04:00:00+00:00,13.791619300842285,13.947678565979004,13.706637382507324,13.716694831848145
2026-01-06 08:00:00+00:00,13.717986106872559,13.893768310546875,13.712663650512695,13.886038780212402
2026-01-06 12:00:00+00:00,13.886680603027344,14.185866355895996,13.83691120147705,13.947507858276367
2026-01-06 16:00:00+00:00,13.974287986755371,13.995190620422363,13.50080394744873,13.627754211425781
2026-01-06 20:00:00+00:00,13.62779426574707,14.04406452178955,13.62779426574707,14.041324615478516
2026-01-07 00:00:00+00:00,14.029196739196777,14.029196739196777,13.703681945800781,13.807430267333984
2026-01-07 04:00:00+00:00,13.807397842407227,13.856934547424316,13.708910942077637,13.83802604675293
2026-01-07 08:00:00+00:00,13.839411735534668,13.902453422546387,13.604889869689941,13.682143211364746
2026-01-07 12:00:00+00:00,13.683327674865723,13.700772285461426,13.338191032409668,13.385971069335938
2026-01-07 16:00:00+00:00,13.374246597290039,13.479310989379883,13.322182655334473,13.394837379455566
2026-01-07 20:00:00+00:00,13.393994331359863,13.440570831298828,13.317362785339355,13.428935050964355
2026-01-08 00:00:00+00:00,13.42883586883545,13.528203964233398,13.336445808410645,13.336445808410645
2026-01-08 04:00:00+00:00,13.336464881896973,13.448675155639648,13.13327693939209,13.295493125915527
2026-01-08 08:00:00+00:00,13.294820785522461,13.333211898803711,13.117222785949707,13.21493911743164
2026-01-08 12:00:00+00:00,13.212272644042969,13.234457969665527,13.044788360595703,13.232734680175781
2026-01-08 16:00:00+00:00,13.243520736694336,13.31275463104248,13.187376976013184,13.192732810974121
2026-01-08 20:00:00+00:00,13.193166732788086,13.298832893371582,13.103822708129883,13.21568489074707
2026-01-09 00:00:00+00:00,13.214391708374023,13.329440116882324,13.189857482910156,13.288769721984863
2026-01-09 04:00:00+00:00,13.289031028747559,13.296974182128906,13.187776565551758,13.269777297973633
2026-01-09 08:00:00+00:00,13.269207954406738,13.27051830291748,13.08177661895752,13.163360595703125
2026-01-09 12:00:00+00:00,13.162602424621582,13.382425308227539,13.065632820129395,13.241312026977539
2026-01-09 16:00:00+00:00,13.277705192565918,13.403852462768555,13.063834190368652,13.095402717590332
2026-01-09 20:00:00+00:00,13.083171844482422,13.162008285522461,13.082022666931152,13.11807918548584
2026-01-10 00:00:00+00:00,13.122257232666016,13.143619537353516,13.066815376281738,13.11082935333252
2026-01-10 04:00:00+00:00,13.111722946166992,13.152053833007812,13.0648193359375,13.144768714904785
2026-01-10 08:00:00+00:00,13.145827293395996,13.196012496948242,13.101797103881836,13.148975372314453
2026-01-10 12:00:00+00:00,13.149600982666016,13.22611141204834,13.132537841796875,13.149115562438965
2026-01-10 16:00:00+00:00,13.149097442626953,13.19720458984375,13.12211799621582,13.191998481750488
2026-01-10 20:00:00+00:00,13.193990707397461,13.20870590209961,13.087868690490723,13.128449440002441
2026-01-11 00:00:00+00:00,13.127737045288086,13.223296165466309,13.107418060302734,13.218794822692871
2026-01-11 04:00:00+00:00,13.218645095825195,13.253416061401367,13.1770658493042,13.212092399597168
2026-01-11 08:00:00+00:00,13.212897300720215,13.219658851623535,13.183481216430664,13.183481216430664
2026-01-11 12:00:00+00:00,13.182852745056152,13.252413749694824,13.16443920135498,13.173266410827637
2026-01-11 16:00:00+00:00,13.17333984375,13.326388359069824,13.17333984375,13.24772834777832
2026-01-11 20:00:00+00:00,13.247539520263672,13.247539520263672,13.070146560668945,13.174328804016113
2026-01-12 00:00:00+00:00,13.173783302307129,13.488306999206543,13.125895500183105,13.3616304397583
2026-01-12 04:00:00+00:00,13.361392974853516,13.432753562927246,13.249996185302734,13.258392333984375
2026-01-12 08:00:00+00:00,13.254603385925293,13.302303314208984,13.111859321594238,13.16325855255127
2026-01-12 12:00:00+00:00,13.162942886352539,13.234959602355957,12.975445747375488,13.234959602355957
2026-01-12 16:00:00+00:00,13.23416519165039,13.29083251953125,13.123791694641113,13.173746109008789
2026-01-12 20:00:00+00:00,13.17375373840332,13.21045970916748,13.01101016998291,13.068946838378906
2026-01-13 00:00:00+00:00,13.068867683410645,13.134489059448242,13.055652618408203,13.09653377532959
2026-01-13 04:00:00+00:00,13.096717834472656,13.249650955200195,13.096717834472656,13.177812576293945
2026-01-13 08:00:00+00:00,13.177661895751953,13.27993392944336,13.177661895751953,13.258150100708008
2026-01-13 12:00:00+00:00,13.254363059997559,13.528708457946777,13.231097221374512,13.528708457946777
2026-01-13 16:00:00+00:00,13.536349296569824,13.684353828430176,13.536349296569824,13.684353828430176
2026-01-13 20:00:00+00:00,13.684089660644531,14.15237808227539,13.684089660644531,14.042203903198242
2026-01-14 00:00:00+00:00,14.044647216796875,14.15925121307373,14.02639389038086,14.105905532836914
2026-01-14 04:00:00+00:00,14.107836723327637,14.12370491027832,13.953686714172363,14.047619819641113
2026-01-14 08:00:00+00:00,14.047953605651855,14.100349426269531,13.866650581359863,13.866650581359863
2026-01-14 12:00:00+00:00,13.867562294006348,14.251008987426758,13.866498947143555,14.217595100402832
2026-01-14 16:00:00+00:00,14.21764087677002,14.36829662322998,14.075130462646484,14.223180770874023
2026-01-14 20:00:00+00:00,14.224059104919434,14.27504825592041,14.095438003540039,14.114208221435547
2026-01-15 00:00:00+00:00,14.110512733459473,14.110512733459473,13.750507354736328,13.755117416381836
2026-01-15 04:00:00+00:00,13.754231452941895,13.940194129943848,13.750865936279297,13.92457103729248
2026-01-15 08:00:00+00:00,13.925431251525879,14.071693420410156,13.869355201721191,13.948620796203613
2026-01-15 12:00:00+00:00,13.948897361755371,14.188830375671387,13.765047073364258,13.811003684997559
2026-01-15 16:00:00+00:00,13.840954780578613,13.965816497802734,13.618701934814453,13.675254821777344
2026-01-15 20:00:00+00:00,13.676188468933105,13.784555435180664,13.583925247192383,13.784555435180664
2026-01-16 00:00:00+00:00,13.785210609436035,13.856575965881348,13.680469512939453,13.682845115661621
2026-01-16 04:00:00+00:00,13.682379722595215,13.803768157958984,13.60860538482666,13.779019355773926
2026-01-16 08:00:00+00:00,13.778944969177246,13.8418550491333,13.698236465454102,13.721179008483887
2026-01-16 12:00:00+00:00,13.721695899963379,13.759394645690918,13.458162307739258,13.494665145874023
2026-01-16 16:00:00+00:00,13.493289947509766,13.642175674438477,13.478641510009766,13.589820861816406
2026-01-16 20:00:00+00:00,13.58971881866455,13.733756065368652,13.53403091430664,13.728282928466797
2026-01-17 00:00:00+00:00,13.726829528808594,13.729971885681152,13.636617660522461,13.679466247558594
2026-01-17 04:00:00+00:00,13.679675102233887,13.720206260681152,13.65766429901123,13.699844360351562
2026-01-17 08:00:00+00:00,13.698922157287598,13.768985748291016,13.688728332519531,13.702868461608887
2026-01-17 12:00:00+00:00,13.702857971191406,13.868824005126953,13.698904037475586,13.868563652038574
2026-01-17 16:00:00+00:00,13.874015808105469,13.881709098815918,13.776609420776367,13.779784202575684
2026-01-17 20:00:00+00:00,13.77963638305664,13.805127143859863,13.679433822631836,13.735365867614746
2026-01-18 00:00:00+00:00,13.734872817993164,13.759661674499512,13.640966415405273,13.69642162322998
2026-01-18 04:00:00+00:00,13.69746208190918,13.750060081481934,13.676506996154785,13.733530044555664
2026-01-18 08:00:00+00:00,13.733638763427734,13.806713104248047,13.725027084350586,13.739363670349121
2026-01-18 12:00:00+00:00,13.737377166748047,13.805617332458496,13.709290504455566,13.775686264038086
2026-01-18 16:00:00+00:00,13.775415420532227,13.861898422241211,13.754501342773438,13.772594451904297
2026-01-18 20:00:00+00:00,13.770341873168945,13.844950675964355,13.329689025878906,13.329689025878906
2026-01-19 00:00:00+00:00,13.327585220336914,13.327585220336914,12.792489051818848,12.869721412658691
2026-01-19 04:00:00+00:00,12.869330406188965,12.869330406188965,12.73178482055664,12.763752937316895
2026-01-19 08:00:00+00:00,12.763481140136719,12.847222328186035,12.752220153808594,12.773810386657715
2026-01-19 12:00:00+00:00,12.771612167358398,12.838944435119629,12.73996639251709,12.766236305236816
2026-01-19 16:00:00+00:00,12.766579627990723,12.951671600341797,12.763073921203613,12.934382438659668
2026-01-19 20:00:00+00:00,12.934320449829102,12.985486030578613,12.806711196899414,12.877457618713379
2026-01-20 00:00:00+00:00,12.877673149108887,12.885586738586426,12.799646377563477,12.85272216796875
2026-01-20 04:00:00+00:00,12.852912902832031,12.854159355163574,12.617484092712402,12.622394561767578
2026-01-20 08:00:00+00:00,12.610848426818848,12.610848426818848,12.482966423034668,12.514001846313477
2026-01-20 12:00:00+00:00,12.51324462890625,12.547362327575684,12.369898796081543,12.400270462036133
2026-01-20 16:00:00+00:00,12.413885116577148,12.449362754821777,12.201953887939453,12.257248878479004
2026-01-20 20:00:00+00:00,12.256706237792969,12.320954322814941,12.109002113342285,12.11361026763916
2026-01-21 00:00:00+00:00,12.11346435546875,12.330595970153809,12.100997924804688,12.308392524719238
2026-01-21 04:00:00+00:00,12.307713508605957,12.445072174072266,12.28636646270752,12.299092292785645
2026-01-21 08:00:00+00:00,12.303078651428223,12.316095352172852,12.196094512939453,12.196094512939453
2026-01-21 12:00:00+00:00,12.194923400878906,12.475439071655273,12.071061134338379,12.429482460021973
2026-01-21 16:00:00+00:00,12.430282592773438,12.577400207519531,11.940251350402832,12.577400207519531
2026-01-21 20:00:00+00:00,12.598708152770996,12.63744068145752,12.375290870666504,12.38618278503418
2026-01-22 00:00:00+00:00,12.38985538482666,12.562753677368164,12.38985538482666,12.432038307189941
2026-01-22 04:00:00+00:00,12.433159828186035,12.50854206085205,12.405927658081055,12.418351173400879
2026-01-22 08:00:00+00:00,12.419279098510742,12.471726417541504,12.375349998474121,12.383040428161621
2026-01-22 12:00:00+00:00,12.37524127960205,12.420904159545898,12.125816345214844,12.222066879272461
2026-01-22 16:00:00+00:00,12.23178482055664,12.304950714111328,12.206710815429688,12.275778770446777
2026-01-22 20:00:00+00:00,12.276488304138184,12.278850555419922,12.20273494720459,12.242474555969238
2026-01-23 00:00:00+00:00,12.24650764465332,12.335543632507324,12.228636741638184,12.315547943115234
2026-01-23 04:00:00+00:00,12.315866470336914,12.378324508666992,12.251526832580566,12.260795593261719
2026-01-23 08:00:00+00:00,12.261598587036133,12.269835472106934,12.17307186126709,12.244508743286133
2026-01-23 12:00:00+00:00,12.24445915222168,12.261547088623047,12.057596206665039,12.222879409790039
2026-01-23 16:00:00+00:00,12.226757049560547,12.44148063659668,12.207210540771484,12.229756355285645
2026-01-23 20:00:00+00:00,12.229290962219238,12.248096466064453,12.12675952911377,12.208894729614258
2026-01-24 00:00:00+00:00,12.208778381347656,12.258225440979004,12.18278980255127,12.23720932006836
2026-01-24 04:00:00+00:00,12.236820220947266,12.25966739654541,12.197416305541992,12.197847366333008
2026-01-24 08:00:00+00:00,12.195900917053223,12.216943740844727,12.182182312011719,12.198535919189453
2026-01-24 12:00:00+00:00,12.19827938079834,12.205060958862305,12.145074844360352,12.145074844360352
2026-01-24 16:00:00+00:00,12.143720626831055,12.20618724822998,12.128321647644043,12.172199249267578
2026-01-24 20:00:00+00:00,12.172718048095703,12.232138633728027,12.172718048095703,12.193097114562988
2026-01-25 00:00:00+00:00,12.191960334777832,12.196876525878906,12.063454627990723,12.071575164794922
2026-01-25 04:00:00+00:00,12.070993423461914,12.102487564086914,12.046499252319336,12.067899703979492
2026-01-25 08:00:00+00:00,12.0676851272583,12.098994255065918,12.002957344055176,12.060796737670898
2026-01-25 12:00:00+00:00,12.060469627380371,12.084550857543945,11.947759628295898,11.953071594238281
2026-01-25 16:00:00+00:00,11.953645706176758,11.953645706176758,11.4256591796875,11.425936698913574
2026-01-25 20:00:00+00:00,11.42543888092041,11.520679473876953,11.38034725189209,11.505500793457031
2026-01-26 00:00:00+00:00,11.50682258605957,11.830445289611816,11.50682258605957,11.666935920715332
2026-01-26 04:00:00+00:00,11.668907165527344,11.848142623901367,11.668907165527344,11.847847938537598
2026-01-26 08:00:00+00:00,11.847899436950684,11.902765274047852,11.760881423950195,11.795235633850098
2026-01-26 12:00:00+00:00,11.795022010803223,12.098203659057617,11.795022010803223,11.909847259521484
2026-01-26 16:00:00+00:00,11.914727210998535,11.994159698486328,11.833415031433105,11.916930198669434
2026-01-26 20:00:00+00:00,11.919631004333496,12.007908821105957,11.865889549255371,11.943804740905762
2026-01-27 00:00:00+00:00,11.94265079498291,12.038562774658203,11.923583984375,11.97745418548584
2026-01-27 04:00:00+00:00,11.977499008178711,12.031136512756348,11.934282302856445,11.958477973937988
2026-01-27 08:00:00+00:00,11.959425926208496,11.984292030334473,11.868722915649414,11.894997596740723
2026-01-27 12:00:00+00:00,11.894247055053711,11.970643043518066,11.839478492736816,11.96997356414795
2026-01-27 16:00:00+00:00,11.970062255859375,12.155580520629883,11.857169151306152,11.963277816772461
2026-01-27 20:00:00+00:00,11.963155746459961,12.121240615844727,11.959898948669434,12.035880088806152
2026-01-28 00:00:00+00:00,12.0330171585083,12.033600807189941,11.958379745483398,11.968247413635254
2026-01-28 04:00:00+00:00,11.967820167541504,11.970229148864746,11.890402793884277,11.9246187210083
2026-01-28 08:00:00+00:00,11.924943923950195,12.01962947845459,11.862634658813477,12.01962947845459
2026-01-28 12:00:00+00:00,12.01974105834961,12.01974105834961,11.735788345336914,11.751877784729004
2026-01-28 16:00:00+00:00,11.752422332763672,11.85179328918457,11.702146530151367,11.85141372680664
2026-01-28 20:00:00+00:00,11.841636657714844,11.890430450439453,11.772134780883789,11.832737922668457
2026-01-29 00:00:00+00:00,11.829854011535645,11.829854011535645,11.618090629577637,11.63177490234375
2026-01-29 04:00:00+00:00,11.629213333129883,11.629382133483887,11.548398971557617,11.62508487701416
2026-01-29 08:00:00+00:00,11.613718032836914,11.632935523986816,11.50942611694336,11.540020942687988
2026-01-29 12:00:00+00:00,11.539206504821777,11.581804275512695,10.882491111755371,11.013148307800293
2026-01-29 16:00:00+00:00,11.01615047454834,11.161100387573242,10.832575798034668,10.945274353027344
2026-01-29 20:00:00+00:00,10.943708419799805,11.10860824584961,10.925250053405762,11.098237991333008
2026-01-30 00:00:00+00:00,11.099346160888672,11.136719703674316,10.735014915466309,10.844766616821289
2026-01-30 04:00:00+00:00,10.844841957092285,10.94879150390625,10.682422637939453,10.830559730529785
2026-01-30 08:00:00+00:00,10.831340789794922,10.854896545410156,10.738693237304688,10.853983879089355
2026-01-30 12:00:00+00:00,10.847825050354004,10.847825050354004,10.632315635681152,10.783628463745117
2026-01-30 16:00:00+00:00,10.781286239624023,10.961031913757324,10.522543907165527,10.9197998046875
2026-01-30 20:00:00+00:00,10.91505241394043,10.91505241394043,10.723946571350098,10.769654273986816
2026-01-31 00:00:00+00:00,10.769997596740723,10.797124862670898,10.724322319030762,10.727822303771973
2026-01-31 04:00:00+00:00,10.727334022521973,10.765913963317871,10.567445755004883,10.591561317443848
2026-01-31 08:00:00+00:00,10.591279983520508,10.608135223388672,10.39327621459961,10.478035926818848
2026-01-31 12:00:00+00:00,10.47773265838623,10.483414649963379,9.94387435913086,10.071008682250977
2026-01-31 16:00:00+00:00,10.064373016357422,10.137271881103516,9.382966995239258,9.691937446594238
2026-01-31 20:00:00+00:00,9.672205924987793,9.99246883392334,9.567314147949219,9.968603134155273
2026-02-01 00:00:00+00:00,9.972613334655762,10.05644702911377,9.931303977966309,10.03055191040039
2026-02-01 04:00:00+00:00,10.031042098999023,10.058624267578125,9.870272636413574,9.945438385009766
2026-02-01 08:00:00+00:00,9.935938835144043,9.99347972869873,9.781953811645508,9.861624717712402
2026-02-01 12:00:00+00:00,9.86420726776123,9.880691528320312,9.445859909057617,9.540239334106445
2026-02-01 16:00:00+00:00,9.534550666809082,9.678231239318848,9.427325248718262,9.493904113769531
2026-02-01 20:00:00+00:00,9.514174461364746,9.609249114990234,9.274662971496582,9.410740852355957
2026-02-02 00:00:00+00:00,9.409932136535645,9.600140571594238,9.038239479064941,9.377533912658691
2026-02-02 04:00:00+00:00,9.373982429504395,9.459891319274902,9.092121124267578,9.405911445617676
2026-02-02 08:00:00+00:00,9.393640518188477,9.599966049194336,9.38930892944336,9.542518615722656
2026-02-02 12:00:00+00:00,9.533876419067383,9.963438987731934,9.533876419067383,9.913872718811035
2026-02-02 16:00:00+00:00,9.913904190063477,9.97851276397705,9.781638145446777,9.795293807983398
2026-02-02 20:00:00+00:00,9.79399585723877,9.848265647888184,9.714580535888672,9.806777000427246
2026-02-03 00:00:00+00:00,9.803881645202637,9.826972961425781,9.607690811157227,9.751020431518555
2026-02-03 04:00:00+00:00,9.751219749450684,9.83846664428711,9.660226821899414,9.739829063415527
2026-02-03 08:00:00+00:00,9.738356590270996,9.738356590270996,9.534177780151367,9.588105201721191
2026-02-03 12:00:00+00:00,9.586755752563477,9.729331970214844,9.513359069824219,9.729331970214844
2026-02-03 16:00:00+00:00,9.735154151916504,9.735154151916504,9.085226058959961,9.458297729492188
2026-02-03 20:00:00+00:00,9.46492862701416,9.84851360321045,9.390958786010742,9.45152759552002
2026-02-04 00:00:00+00:00,9.463350296020508,9.744144439697266,9.453213691711426,9.724430084228516
2026-02-04 04:00:00+00:00,9.7190523147583,9.730427742004395,9.595647811889648,9.665820121765137
2026-02-04 08:00:00+00:00,9.668362617492676,9.708168029785156,9.491202354431152,9.572164535522461
2026-02-04 12:00:00+00:00,9.573126792907715,9.588444709777832,9.179062843322754,9.20073127746582
2026-02-04 16:00:00+00:00,9.206270217895508,9.419082641601562,9.045767784118652,9.419082641601562
2026-02-04 20:00:00+00:00,9.419711112976074,9.419711112976074,9.07517147064209,9.25185489654541
2026-02-05 00:00:00+00:00,9.247365951538086,9.297121047973633,9.079353332519531,9.079353332519531
2026-02-05 04:00:00+00:00,9.080397605895996,9.16995620727539,8.981006622314453,9.036417961120605
2026-02-05 08:00:00+00:00,9.036125183105469,9.216719627380371,8.8233642578125,8.913578033447266
2026-02-05 12:00:00+00:00,8.915334701538086,9.009682655334473,8.355667114257812,8.47095012664795
2026-02-05 16:00:00+00:00,8.457290649414062,8.62263011932373,8.227519035339355,8.22760009765625
2026-02-05 20:00:00+00:00,8.237625122070312,8.270190238952637,7.872031211853027,7.9067792892456055
2026-02-06 00:00:00+00:00,7.909069061279297,8.1795654296875,7.330203533172607,8.015804290771484
2026-02-06 04:00:00+00:00,8.021491050720215,8.329689025878906,8.018550872802734,8.07861328125
2026-02-06 08:00:00+00:00,8.078659057617188,8.320337295532227,8.007003784179688,8.320114135742188
2026-02-06 12:00:00+00:00,8.320176124572754,8.611059188842773,8.268582344055176,8.587921142578125
2026-02-06 16:00:00+00:00,8.579933166503906,8.98011302947998,8.579933166503906,8.848013877868652
2026-02-06 20:00:00+00:00,8.840631484985352,8.979727745056152,8.786005973815918,8.878589630126953
2026-02-07 00:00:00+00:00,8.8792142868042,8.92918586730957,8.80706787109375,8.917304039001465
2026-02-07 04:00:00+00:00,8.919041633605957,9.022758483886719,8.64113998413086,8.698678970336914
2026-02-07 08:00:00+00:00,8.689849853515625,8.726412773132324,8.598636627197266,8.648043632507324
2026-02-07 12:00:00+00:00,8.646608352661133,8.878791809082031,8.646608352661133,8.806498527526855
2026-02-07 16:00:00+00:00,8.811406135559082,9.011611938476562,8.803791046142578,8.938705444335938
2026-02-07 20:00:00+00:00,8.940816879272461,9.003753662109375,8.874027252197266,8.913302421569824
2026-02-08 00:00:00+00:00,8.909233093261719,8.94429874420166,8.833881378173828,8.833881378173828
2026-02-08 04:00:00+00:00,8.834385871887207,8.862288475036621,8.80683708190918,8.81806755065918
2026-02-08 08:00:00+00:00,8.824014663696289,8.996281623840332,8.812396049499512,8.98835563659668
2026-02-08 12:00:00+00:00,8.990188598632812,9.021658897399902,8.865727424621582,8.881004333496094
2026-02-08 16:00:00+00:00,8.878840446472168,8.95378303527832,8.743562698364258,8.950918197631836
2026-02-08 20:00:00+00:00,8.948155403137207,8.95296573638916,8.783536911010742,8.831562995910645
2026-02-09 00:00:00+00:00,8.830769538879395,8.877219200134277,8.74759292602539,8.875472068786621
2026-02-09 04:00:00+00:00,8.874878883361816,8.874878883361816,8.733019828796387,8.734553337097168
2026-02-09 08:00:00+00:00,8.734013557434082,8.746369361877441,8.4683198928833,8.549494743347168
2026-02-09 12:00:00+00:00,8.549704551696777,8.742632865905762,8.52895736694336,8.734270095825195
2026-02-09 16:00:00+00:00,8.740104675292969,8.974169731140137,8.675427436828613,8.972816467285156
2026-02-09 20:00:00+00:00,8.969350814819336,8.98784351348877,8.807676315307617,8.829514503479004
2026-02-10 00:00:00+00:00,8.830648422241211,8.870546340942383,8.664300918579102,8.678462982177734
2026-02-10 04:00:00+00:00,8.678911209106445,8.714858055114746,8.488266944885254,8.542864799499512
2026-02-10 08:00:00+00:00,8.542478561401367,8.601561546325684,8.500799179077148,8.500799179077148
2026-02-10 12:00:00+00:00,8.501256942749023,8.64126205444336,8.486310958862305,8.563725471496582
2026-02-10 16:00:00+00:00,8.562789916992188,8.642014503479004,8.493739128112793,8.548444747924805
2026-02-10 20:00:00+00:00,8.548418045043945,8.565973281860352,8.4931058883667,8.561332702636719
2026-02-11 00:00:00+00:00,8.561476707458496,8.60119915008545,8.474337577819824,8.550628662109375
2026-02-11 04:00:00+00:00,8.54179859161377,8.54186725616455,8.295434951782227,8.333091735839844
2026-02-11 08:00:00+00:00,8.326003074645996,8.326003074645996,8.202022552490234,8.270888328552246
2026-02-11 12:00:00+00:00,8.27096939086914,8.52826976776123,8.173009872436523,8.242018699645996
2026-02-11 16:00:00+00:00,8.235584259033203,8.34329605102539,8.159748077392578,8.314506530761719
2026-02-11 20:00:00+00:00,8.310141563415527,8.429271697998047,8.258976936340332,8.311638832092285
2026-02-12 00:00:00+00:00,8.313501358032227,8.43618392944336,8.313501358032227,8.420853614807129
2026-02-12 04:00:00+00:00,8.421052932739258,8.498714447021484,8.36378288269043,8.44753646850586
2026-02-12 08:00:00+00:00,8.452579498291016,8.574615478515625,8.406166076660156,8.559514045715332
2026-02-12 12:00:00+00:00,8.559916496276855,8.559916496276855,8.377108573913574,8.3773193359375
2026-02-12 16:00:00+00:00,8.368424415588379,8.39090633392334,8.19313907623291,8.34200382232666
2026-02-12 20:00:00+00:00,8.339597702026367,8.410026550292969,8.237486839294434,8.402630805969238
2026-02-13 00:00:00+00:00,8.402448654174805,8.434739112854004,8.354759216308594,8.417845726013184
2026-02-13 04:00:00+00:00,8.41944408416748,8.419615745544434,8.307150840759277,8.37490463256836
2026-02-13 08:00:00+00:00,8.375052452087402,8.459075927734375,8.36807632446289,8.426262855529785
2026-02-13 12:00:00+00:00,8.426467895507812,8.800993919372559,8.404433250427246,8.687277793884277
2026-02-13 16:00:00+00:00,8.688620567321777,8.876009941101074,8.688620567321777,8.804746627807617
2026-02-13 20:00:00+00:00,8.804253578186035,8.85546588897705,8.76779842376709,8.768275260925293
2026-02-14 00:00:00+00:00,8.768301963806152,8.87040901184082,8.765973091125488,8.846343994140625
2026-02-14 04:00:00+00:00,8.84343433380127,8.883885383605957,8.80966854095459,8.883885383605957
2026-02-14 08:00:00+00:00,8.883519172668457,9.032013893127441,8.883519172668457,9.032013893127441
2026-02-14 12:00:00+00:00,9.030861854553223,9.034224510192871,8.927125930786133,9.029248237609863
2026-02-14 16:00:00+00:00,9.032794952392578,9.17835521697998,8.987780570983887,9.168816566467285
2026-02-14 20:00:00+00:00,9.168231964111328,9.190823554992676,9.084002494812012,9.088457107543945
2026-02-15 00:00:00+00:00,9.087665557861328,9.109100341796875,8.957414627075195,9.063416481018066
2026-02-15 04:00:00+00:00,9.063295364379883,9.207491874694824,9.063295364379883,9.199840545654297
2026-02-15 08:00:00+00:00,9.199438095092773,9.228707313537598,9.047406196594238,9.051619529724121
2026-02-15 12:00:00+00:00,9.052321434020996,9.052321434020996,8.784646987915039,8.858304977416992
2026-02-15 16:00:00+00:00,8.859615325927734,8.876581192016602,8.620782852172852,8.639861106872559
2026-02-15 20:00:00+00:00,8.635009765625,8.781839370727539,8.625503540039062,8.781839370727539
2026-02-16 00:00:00+00:00,8.782135009765625,8.84016227722168,8.70936107635498,8.742354393005371
2026-02-16 04:00:00+00:00,8.742264747619629,8.806319236755371,8.68004322052002,8.760595321655273
2026-02-16 08:00:00+00:00,8.760986328125,8.874059677124023,8.724324226379395,8.79468822479248
2026-02-16 12:00:00+00:00,8.793768882751465,8.971115112304688,8.66946792602539,8.711475372314453
2026-02-16 16:00:00+00:00,8.711664199829102,8.820268630981445,8.711478233337402,8.79163932800293
2026-02-16 20:00:00+00:00,8.789388656616211,8.94991683959961,8.767633438110352,8.925530433654785
2026-02-17 00:00:00+00:00,8.9257173538208,8.979999542236328,8.875360488891602,8.924721717834473
2026-02-17 04:00:00+00:00,8.924717903137207,8.943140983581543,8.806764602661133,8.87432861328125
2026-02-17 08:00:00+00:00,8.86780834197998,8.880268096923828,8.738834381103516,8.76162052154541
2026-02-17 12:00:00+00:00,8.761751174926758,8.88180923461914,8.693582534790039,8.758501052856445
2026-02-17 16:00:00+00:00,8.770550727844238,8.923766136169434,8.708601951599121,8.881081581115723
2026-02-17 20:00:00+00:00,8.881696701049805,8.882051467895508,8.826355934143066,8.830567359924316
2026-02-18 00:00:00+00:00,8.828248023986816,8.895124435424805,8.764644622802734,8.893342971801758
2026-02-18 04:00:00+00:00,8.8920316696167,8.921000480651855,8.835103988647461,8.920763969421387
2026-02-18 08:00:00+00:00,8.918985366821289,8.974960327148438,8.779786109924316,8.800880432128906
2026-02-18 12:00:00+00:00,8.798599243164062,8.884252548217773,8.6819486618042,8.82068157196045
2026-02-18 16:00:00+00:00,8.808961868286133,8.808961868286133,8.548527717590332,8.555967330932617
2026-02-18 20:00:00+00:00,8.566357612609863,8.603799819946289,8.545221328735352,8.598896980285645
2026-02-19 00:00:00+00:00,8.599222183227539,8.675267219543457,8.585914611816406,8.659721374511719
2026-02-19 04:00:00+00:00,8.662795066833496,8.728519439697266,8.632779121398926,8.693402290344238
2026-02-19 08:00:00+00:00,8.694458961486816,8.69533920288086,8.569021224975586,8.569021224975586
2026-02-19 12:00:00+00:00,8.568868637084961,8.594486236572266,8.396705627441406,8.427461624145508
2026-02-19 16:00:00+00:00,8.429766654968262,8.526748657226562,8.381817817687988,8.502199172973633
2026-02-19 20:00:00+00:00,8.503447532653809,8.569483757019043,8.489617347717285,8.569483757019043
2026-02-20 00:00:00+00:00,8.569986343383789,8.635049819946289,8.569986343383789,8.604700088500977
2026-02-20 04:00:00+00:00,8.603727340698242,8.662813186645508,8.535533905029297,8.647632598876953
2026-02-20 08:00:00+00:00,8.648660659790039,8.716985702514648,8.61507797241211,8.627365112304688
2026-02-20 12:00:00+00:00,8.624526977539062,8.808650016784668,8.468552589416504,8.808650016784668
2026-02-20 16:00:00+00:00,8.808524131774902,8.932266235351562,8.71468734741211,8.892723083496094
2026-02-20 20:00:00+00:00,8.892754554748535,8.991744995117188,8.892754554748535,8.94139289855957
2026-02-21 00:00:00+00:00,8.941628456115723,8.973702430725098,8.862371444702148,8.873395919799805
2026-02-21 04:00:00+00:00,8.874971389770508,8.909246444702148,8.863247871398926,8.864519119262695
2026-02-21 08:00:00+00:00,8.864606857299805,8.969978332519531,8.864405632019043,8.939467430114746
2026-02-21 12:00:00+00:00,8.939783096313477,9.004802703857422,8.904261589050293,8.949337005615234
2026-02-21 16:00:00+00:00,8.948538780212402,8.984889030456543,8.860106468200684,8.932799339294434
2026-02-21 20:00:00+00:00,8.932737350463867,8.94229507446289,8.876015663146973,8.876015663146973
2026-02-22 00:00:00+00:00,8.872632026672363,8.889008522033691,8.814519882202148,8.840824127197266
2026-02-22 04:00:00+00:00,8.841202735900879,8.863810539245605,8.814367294311523,8.851231575012207
2026-02-22 08:00:00+00:00,8.852782249450684,8.862534523010254,8.80070686340332,8.831323623657227
2026-02-22 12:00:00+00:00,8.832825660705566,8.83305549621582,8.696799278259277,8.712408065795898
2026-02-22 16:00:00+00:00,8.711804389953613,8.711804389953613,8.615423202514648,8.640647888183594
2026-02-22 20:00:00+00:00,8.640361785888672,8.697755813598633,8.616369247436523,8.672708511352539
2026-02-23 00:00:00+00:00,8.6730375289917,8.683122634887695,8.204458236694336,8.263810157775879
2026-02-23 04:00:00+00:00,8.263107299804688,8.370152473449707,8.184626579284668,8.365678787231445
2026-02-23 08:00:00+00:00,8.364969253540039,8.53947639465332,8.318303108215332,8.464010238647461
2026-02-23 12:00:00+00:00,8.465322494506836,8.562751770019531,8.42056655883789,8.421061515808105
2026-02-23 16:00:00+00:00,8.419835090637207,8.445357322692871,8.215348243713379,8.230069160461426
2026-02-23 20:00:00+00:00,8.232501983642578,8.333327293395996,8.220952033996582,8.26519775390625
2026-02-24 00:00:00+00:00,8.265392303466797,8.325823783874512,8.1641845703125,8.204400062561035
2026-02-24 04:00:00+00:00,8.203375816345215,8.219366073608398,8.143800735473633,8.149099349975586
2026-02-24 08:00:00+00:00,8.149187088012695,8.192638397216797,8.120147705078125,8.167780876159668
2026-02-24 12:00:00+00:00,8.169774055480957,8.215595245361328,8.078619956970215,8.21043586730957
2026-02-24 16:00:00+00:00,8.213644027709961,8.263025283813477,8.19196891784668,8.235596656799316
2026-02-24 20:00:00+00:00,8.23534870147705,8.255064964294434,8.179464340209961,8.203110694885254
2026-02-25 00:00:00+00:00,8.201957702636719,8.615645408630371,8.18947982788086,8.506340980529785
2026-02-25 04:00:00+00:00,8.50527572631836,8.54385757446289,8.37368106842041,8.472641944885254
2026-02-25 08:00:00+00:00,8.47269344329834,8.642921447753906,8.447845458984375,8.642623901367188
2026-02-25 12:00:00+00:00,8.647424697875977,9.310103416442871,8.647424697875977,9.270959854125977
2026-02-25 16:00:00+00:00,9.276732444763184,9.492733001708984,9.276732444763184,9.462038040161133
2026-02-25 20:00:00+00:00,9.475485801696777,9.535884857177734,9.207060813903809,9.255915641784668
2026-02-26 00:00:00+00:00,9.257467269897461,9.323549270629883,9.1715087890625,9.23232650756836
2026-02-26 04:00:00+00:00,9.224119186401367,9.327744483947754,9.209277153015137,9.209609031677246
2026-02-26 08:00:00+00:00,9.211566925048828,9.304899215698242,9.190057754516602,9.208088874816895
2026-02-26 12:00:00+00:00,9.213223457336426,9.302985191345215,9.072758674621582,9.111279487609863
2026-02-26 16:00:00+00:00,9.111652374267578,9.124903678894043,8.879807472229004,9.100756645202637
2026-02-26 20:00:00+00:00,9.101819038391113,9.132973670959473,9.058533668518066,9.098204612731934
2026-02-27 00:00:00+00:00,9.097824096679688,9.175189971923828,9.01377010345459,9.175189971923828
2026-02-27 04:00:00+00:00,9.183452606201172,9.270692825317383,9.140216827392578,9.172175407409668
2026-02-27 08:00:00+00:00,9.17177677154541,9.217264175415039,8.823066711425781,8.850128173828125
2026-02-27 12:00:00+00:00,8.849143028259277,8.852265357971191,8.762263298034668,8.817307472229004
2026-02-27 16:00:00+00:00,8.817215919494629,8.817215919494629,8.657777786254883,8.676222801208496
2026-02-27 20:00:00+00:00,8.67509651184082,8.721434593200684,8.609502792358398,8.708768844604492
2026-02-28 00:00:00+00:00,8.708842277526855,8.742952346801758,8.677915573120117,8.679698944091797
2026-02-28 04:00:00+00:00,8.6819429397583,8.684503555297852,8.284193992614746,8.367276191711426
2026-02-28 08:00:00+00:00,8.366819381713867,8.366819381713867,8.22623348236084,8.290706634521484
2026-02-28 12:00:00+00:00,8.291166305541992,8.50580883026123,8.287872314453125,8.432402610778809
2026-02-28 16:00:00+00:00,8.432677268981934,8.707176208496094,8.419123649597168,8.679880142211914
2026-02-28 20:00:00+00:00,8.683526992797852,8.909539222717285,8.682293891906738,8.843730926513672
2026-03-01 00:00:00+00:00,8.855587005615234,9.168673515319824,8.756638526916504,9.047701835632324
2026-03-01 04:00:00+00:00,9.062026023864746,9.088080406188965,8.945974349975586,8.9795503616333
2026-03-01 08:00:00+00:00,8.98008918762207,8.985706329345703,8.871729850769043,8.877341270446777
2026-03-01 12:00:00+00:00,8.876419067382812,9.022137641906738,8.812596321105957,8.954298973083496
2026-03-01 16:00:00+00:00,8.951576232910156,8.96777057647705,8.695547103881836,8.703975677490234
2026-03-01 20:00:00+00:00,8.7019681930542,8.713129043579102,8.55510425567627,8.67144775390625
2026-03-02 00:00:00+00:00,8.672351837158203,8.856307029724121,8.672351837158203,8.832104682922363
2026-03-02 04:00:00+00:00,8.83333969116211,8.837972640991211,8.617966651916504,8.677148818969727
2026-03-02 08:00:00+00:00,8.67685604095459,8.743517875671387,8.607080459594727,8.695069313049316
2026-03-02 12:00:00+00:00,8.694482803344727,9.15516185760498,8.599635124206543,9.077994346618652
2026-03-02 16:00:00+00:00,9.087742805480957,9.214536666870117,8.974409103393555,9.036005973815918
2026-03-02 20:00:00+00:00,9.039098739624023,9.085394859313965,8.93502426147461,8.948490142822266
2026-03-03 00:00:00+00:00,8.947784423828125,9.002555847167969,8.87178897857666,8.888304710388184
2026-03-03 04:00:00+00:00,8.88706111907959,8.916340827941895,8.781983375549316,8.79605484008789
2026-03-03 08:00:00+00:00,8.793450355529785,8.794438362121582,8.61790657043457,8.67195987701416
2026-03-03 12:00:00+00:00,8.67347240447998,8.747014999389648,8.59803581237793,8.73062515258789
2026-03-03 16:00:00+00:00,8.739818572998047,8.88964557647705,8.726651191711426,8.811864852905273
2026-03-03 20:00:00+00:00,8.810881614685059,8.852640151977539,8.697163581848145,8.81236743927002
2026-03-04 00:00:00+00:00,8.80986499786377,8.874221801757812,8.705126762390137,8.726597785949707
2026-03-04 04:00:00+00:00,8.744504928588867,8.89289665222168,8.701248168945312,8.89289665222168
2026-03-04 08:00:00+00:00,8.893260955810547,9.267923355102539,8.893260955810547,9.124390602111816
2026-03-04 12:00:00+00:00,9.124917984008789,9.461542129516602,9.045978546142578,9.461542129516602
2026-03-04 16:00:00+00:00,9.493943214416504,9.61151123046875,9.391234397888184,9.557109832763672
2026-03-04 20:00:00+00:00,9.555767059326172,9.555767059326172,9.318344116210938,9.348392486572266
2026-03-05 00:00:00+00:00,9.351733207702637,9.373437881469727,9.244549751281738,9.267692565917969
2026-03-05 04:00:00+00:00,9.265443801879883,9.348560333251953,9.199167251586914,9.202073097229004
2026-03-05 08:00:00+00:00,9.211271286010742,9.450464248657227,9.206487655639648,9.39840316772461
2026-03-05 12:00:00+00:00,9.399392127990723,9.479249000549316,9.203507423400879,9.23425006866455
2026-03-05 16:00:00+00:00,9.232799530029297,9.252717971801758,9.090919494628906,9.192403793334961
2026-03-05 20:00:00+00:00,9.190348625183105,9.308145523071289,9.190348625183105,9.197006225585938
2026-03-06 00:00:00+00:00,9.19882869720459,9.287347793579102,9.192484855651855,9.247397422790527
2026-03-06 04:00:00+00:00,9.256451606750488,9.28289794921875,9.17732048034668,9.27730941772461
2026-03-06 08:00:00+00:00,9.276874542236328,9.276878356933594,9.07036304473877,9.071017265319824
2026-03-06 12:00:00+00:00,9.071133613586426,9.11185073852539,8.763230323791504,8.794079780578613
2026-03-06 16:00:00+00:00,8.794624328613281,8.818377494812012,8.681360244750977,8.791736602783203
2026-03-06 20:00:00+00:00,8.791207313537598,8.81824779510498,8.739834785461426,8.793656349182129
2026-03-07 00:00:00+00:00,8.794047355651855,8.834722518920898,8.770078659057617,8.79572582244873
2026-03-07 04:00:00+00:00,8.79567813873291,8.809307098388672,8.749555587768555,8.798295021057129
2026-03-07 08:00:00+00:00,8.798232078552246,8.812411308288574,8.758716583251953,8.811783790588379
2026-03-07 12:00:00+00:00,8.811110496520996,8.813347816467285,8.741461753845215,8.754172325134277
2026-03-07 16:00:00+00:00,8.754347801208496,8.804539680480957,8.665255546569824,8.665810585021973
2026-03-07 20:00:00+00:00,8.665742874145508,8.709571838378906,8.659233093261719,8.694934844970703
2026-03-08 00:00:00+00:00,8.700212478637695,8.714518547058105,8.596598625183105,8.609530448913574
2026-03-08 04:00:00+00:00,8.608960151672363,8.655712127685547,8.552520751953125,8.635112762451172
2026-03-08 08:00:00+00:00,8.635794639587402,8.764908790588379,8.599136352539062,8.653485298156738
2026-03-08 12:00:00+00:00,8.653321266174316,8.662399291992188,8.552642822265625,8.562755584716797
2026-03-08 16:00:00+00:00,8.562873840332031,8.651558876037598,8.521093368530273,8.643531799316406
2026-03-08 20:00:00+00:00,8.643893241882324,8.68095588684082,8.445127487182617,8.523436546325684
2026-03-09 00:00:00+00:00,8.52857494354248,8.753979682922363,8.520936012268066,8.677488327026367
2026-03-09 04:00:00+00:00,8.686386108398438,8.84685230255127,8.673505783081055,8.734779357910156
2026-03-09 08:00:00+00:00,8.73491382598877,8.836631774902344,8.724876403808594,8.789140701293945
2026-03-09 12:00:00+00:00,8.787997245788574,8.948963165283203,8.782352447509766,8.945027351379395
2026-03-09 16:00:00+00:00,8.941666603088379,9.071284294128418,8.880255699157715,8.986916542053223
2026-03-09 20:00:00+00:00,8.988809585571289,9.02672290802002,8.859411239624023,8.86007308959961
2026-03-10 00:00:00+00:00,8.861742973327637,9.064580917358398,8.861200332641602,8.943799018859863
2026-03-10 04:00:00+00:00,8.943551063537598,9.068924903869629,8.941758155822754,9.068924903869629
2026-03-10 08:00:00+00:00,9.080536842346191,9.14510726928711,9.076627731323242,9.077467918395996
2026-03-10 12:00:00+00:00,9.07740306854248,9.147717475891113,8.892745971679688,9.120445251464844
2026-03-10 16:00:00+00:00,9.120089530944824,9.162276268005371,8.93248462677002,8.967376708984375
2026-03-10 20:00:00+00:00,8.972434997558594,9.003851890563965,8.920158386230469,8.983039855957031
2026-03-11 00:00:00+00:00,8.98327350616455,9.000958442687988,8.924498558044434,8.932282447814941
2026-03-11 04:00:00+00:00,8.931829452514648,9.023271560668945,8.883301734924316,8.896804809570312
2026-03-11 08:00:00+00:00,8.895955085754395,8.95870590209961,8.887636184692383,8.912443161010742
2026-03-11 12:00:00+00:00,8.913704872131348,9.144017219543457,8.895843505859375,8.989167213439941
2026-03-11 16:00:00+00:00,8.989200592041016,9.130396842956543,8.989200592041016,9.08331298828125
2026-03-11 20:00:00+00:00,9.083084106445312,9.085824966430664,8.995412826538086,8.995658874511719
2026-03-12 00:00:00+00:00,8.996047019958496,9.006552696228027,8.859452247619629,8.870659828186035
2026-03-12 04:00:00+00:00,8.87028694152832,8.951675415039062,8.851215362548828,8.950997352600098
2026-03-12 08:00:00+00:00,8.95145034790039,9.0993013381958,8.936735153198242,9.028531074523926
2026-03-12 12:00:00+00:00,9.028395652770996,9.07440185546875,8.909829139709473,9.032170295715332
2026-03-12 16:00:00+00:00,9.03412914276123,9.063794136047363,8.974454879760742,9.029887199401855
2026-03-12 20:00:00+00:00,9.029674530029297,9.069327354431152,8.97573184967041,9.058440208435059
2026-03-13 00:00:00+00:00,9.058576583862305,9.364423751831055,9.052879333496094,9.282224655151367
2026-03-13 04:00:00+00:00,9.282083511352539,9.289064407348633,9.181299209594727,9.189254760742188
2026-03-13 08:00:00+00:00,9.188822746276855,9.319143295288086,9.173349380493164,9.273798942565918
2026-03-13 12:00:00+00:00,9.27348518371582,9.569315910339355,9.25704288482666,9.257195472717285
2026-03-13 16:00:00+00:00,9.258855819702148,9.320989608764648,9.116985321044922,9.148309707641602
2026-03-13 20:00:00+00:00,9.150373458862305,9.194723129272461,9.035202980041504,9.088019371032715
2026-03-14 00:00:00+00:00,9.088262557983398,9.12208366394043,9.05215835571289,9.116719245910645
2026-03-14 04:00:00+00:00,9.116538047790527,9.13231372833252,8.979766845703125,8.984275817871094
2026-03-14 08:00:00+00:00,8.983419418334961,9.004530906677246,8.935675621032715,8.993598937988281
2026-03-14 12:00:00+00:00,8.995094299316406,9.012451171875,8.971426010131836,9.002490043640137
2026-03-14 16:00:00+00:00,9.002553939819336,9.046581268310547,8.9910249710083,9.03055477142334
2026-03-14 20:00:00+00:00,9.03056526184082,9.161643981933594,9.025279998779297,9.16144847869873
2026-03-15 00:00:00+00:00,9.166943550109863,9.236076354980469,9.124993324279785,9.198552131652832
2026-03-15 04:00:00+00:00,9.199043273925781,9.244478225708008,9.192461013793945,9.20952033996582
2026-03-15 08:00:00+00:00,9.209572792053223,9.309922218322754,9.209572792053223,9.2797269821167
2026-03-15 12:00:00+00:00,9.279105186462402,9.279105186462402,9.151837348937988,9.158308982849121
2026-03-15 16:00:00+00:00,9.15810775756836,9.217655181884766,9.13846206665039,9.196929931640625
2026-03-15 20:00:00+00:00,9.19655990600586,9.524882316589355,9.184139251708984,9.482163429260254
2026-03-16 00:00:00+00:00,9.484436988830566,9.770402908325195,9.425679206848145,9.704940795898438
2026-03-16 04:00:00+00:00,9.703699111938477,9.80788516998291,9.682648658752441,9.689763069152832
2026-03-16 08:00:00+00:00,9.68904972076416,9.722508430480957,9.581175804138184,9.66305160522461
2026-03-16 12:00:00+00:00,9.663240432739258,9.790224075317383,9.618132591247559,9.71538257598877
2026-03-16 16:00:00+00:00,9.718588829040527,9.956049919128418,9.716363906860352,9.942532539367676
2026-03-16 20:00:00+00:00,9.941484451293945,10.060675621032715,9.878829956054688,9.92684555053711
2026-03-17 00:00:00+00:00,9.92626667022705,9.991162300109863,9.794103622436523,9.810856819152832
2026-03-17 04:00:00+00:00,9.813138961791992,9.846246719360352,9.701841354370117,9.798569679260254
2026-03-17 08:00:00+00:00,9.79970645904541,9.819558143615723,9.741168022155762,9.771727561950684
2026-03-17 12:00:00+00:00,9.772405624389648,9.911511421203613,9.728921890258789,9.793692588806152
2026-03-17 16:00:00+00:00,9.794875144958496,9.907942771911621,9.794875144958496,9.811898231506348
2026-03-17 20:00:00+00:00,9.811734199523926,9.900672912597656,9.785504341125488,9.795076370239258
2026-03-18 00:00:00+00:00,9.794964790344238,9.914360046386719,9.76227855682373,9.89261245727539
2026-03-18 04:00:00+00:00,9.892641067504883,9.895791053771973,9.787376403808594,9.812084197998047
2026-03-18 08:00:00+00:00,9.812583923339844,9.864801406860352,9.545589447021484,9.559165000915527
2026-03-18 12:00:00+00:00,9.560327529907227,9.560327529907227,9.177874565124512,9.212101936340332
2026-03-18 16:00:00+00:00,9.211548805236816,9.297881126403809,9.115035057067871,9.1769380569458
2026-03-18 20:00:00+00:00,9.176078796386719,9.250968933105469,9.111413955688477,9.225818634033203
2026-03-19 00:00:00+00:00,9.225616455078125,9.323563575744629,9.18914794921875,9.262055397033691
2026-03-19 04:00:00+00:00,9.261751174926758,9.261751174926758,9.052440643310547,9.110940933227539
2026-03-19 08:00:00+00:00,9.108936309814453,9.16317367553711,9.076476097106934,9.100018501281738
2026-03-19 12:00:00+00:00,9.100391387939453,9.100391387939453,8.90805721282959,8.962576866149902
2026-03-19 16:00:00+00:00,8.962483406066895,9.084248542785645,8.911418914794922,9.032598495483398
2026-03-19 20:00:00+00:00,9.033539772033691,9.09321403503418,9.022480010986328,9.047313690185547
2026-03-20 00:00:00+00:00,9.04735279083252,9.154668807983398,9.045392990112305,9.124619483947754
2026-03-20 04:00:00+00:00,9.124022483825684,9.141858100891113,9.046902656555176,9.114640235900879
2026-03-20 08:00:00+00:00,9.114968299865723,9.184473991394043,9.068124771118164,9.080238342285156
2026-03-20 12:00:00+00:00,9.079771995544434,9.1127290725708,8.979366302490234,9.012986183166504
2026-03-20 16:00:00+00:00,9.015449523925781,9.05394458770752,8.97164535522461,9.037562370300293
2026-03-20 20:00:00+00:00,9.039685249328613,9.152498245239258,8.99496841430664,9.113234519958496
2026-03-21 00:00:00+00:00,9.112805366516113,9.15926456451416,9.112805366516113,9.128229141235352
2026-03-21 04:00:00+00:00,9.128220558166504,9.144786834716797,9.10783576965332,9.12911605834961
2026-03-21 08:00:00+00:00,9.12916374206543,9.158568382263184,9.095283508300781,9.102757453918457
2026-03-21 12:00:00+00:00,9.102978706359863,9.126912117004395,9.064298629760742,9.095379829406738
2026-03-21 16:00:00+00:00,9.095223426818848,9.10306453704834,9.050227165222168,9.067872047424316
2026-03-21 20:00:00+00:00,9.067784309387207,9.104182243347168,8.805160522460938,8.809146881103516
2026-03-22 00:00:00+00:00,8.815193176269531,8.948504447937012,8.749491691589355,8.910908699035645
2026-03-22 04:00:00+00:00,8.91081714630127,8.933042526245117,8.862839698791504,8.862839698791504
2026-03-22 08:00:00+00:00,8.861641883850098,8.861641883850098,8.755281448364258,8.75568962097168
2026-03-22 12:00:00+00:00,8.755440711975098,8.821200370788574,8.755440711975098,8.789482116699219
2026-03-22 16:00:00+00:00,8.790821075439453,8.802549362182617,8.698440551757812,8.708584785461426
2026-03-22 20:00:00+00:00,8.708792686462402,8.74026870727539,8.587209701538086,8.685227394104004
2026-03-23 00:00:00+00:00,8.685919761657715,8.761542320251465,8.650803565979004,8.706352233886719
2026-03-23 04:00:00+00:00,8.706215858459473,8.770606994628906,8.589097023010254,8.654032707214355
2026-03-23 08:00:00+00:00,8.653985977172852,9.159527778625488,8.5941743850708,8.996020317077637
2026-03-23 12:00:00+00:00,8.993741989135742,9.268477439880371,8.935749053955078,9.044196128845215
2026-03-23 16:00:00+00:00,9.042844772338867,9.192402839660645,9.000372886657715,9.131169319152832
2026-03-23 20:00:00+00:00,9.128271102905273,9.168939590454102,9.074110984802246,9.102781295776367
2026-03-24 00:00:00+00:00,9.103365898132324,9.114792823791504,9.02534294128418,9.087145805358887
2026-03-24 04:00:00+00:00,9.087403297424316,9.220842361450195,9.029882431030273,9.220842361450195
2026-03-24 08:00:00+00:00,9.223701477050781,9.250655174255371,9.17654800415039,9.235471725463867
2026-03-24 12:00:00+00:00,9.236902236938477,9.242218017578125,9.063586235046387,9.128446578979492
2026-03-24 16:00:00+00:00,9.126416206359863,9.149565696716309,9.023752212524414,9.05721378326416
2026-03-24 20:00:00+00:00,9.057251930236816,9.256851196289062,9.054689407348633,9.246526718139648
2026-03-25 00:00:00+00:00,9.246627807617188,9.299524307250977,9.18132209777832,9.241479873657227
2026-03-25 04:00:00+00:00,9.240623474121094,9.347908973693848,9.230035781860352,9.292916297912598
2026-03-25 08:00:00+00:00,9.291144371032715,9.435948371887207,9.290772438049316,9.405035018920898
2026-03-25 12:00:00+00:00,9.405678749084473,9.473811149597168,9.3093843460083,9.362627983093262
2026-03-25 16:00:00+00:00,9.362895965576172,9.44682788848877,9.313775062561035,9.327643394470215
2026-03-25 20:00:00+00:00,9.330625534057617,9.384713172912598,9.28470230102539,9.37469482421875
2026-03-26 00:00:00+00:00,9.374978065490723,9.37695026397705,9.229557991027832,9.250971794128418
2026-03-26 04:00:00+00:00,9.25112247467041,9.25112247467041,9.073488235473633,9.102699279785156
2026-03-26 08:00:00+00:00,9.102789878845215,9.102789878845215,8.935346603393555,8.94886302947998
2026-03-26 12:00:00+00:00,8.948917388916016,9.015765190124512,8.88764762878418,8.930182456970215
2026-03-26 16:00:00+00:00,8.930697441101074,8.939477920532227,8.818117141723633,8.843104362487793
2026-03-26 20:00:00+00:00,8.841270446777344,8.96460247039795,8.826118469238281,8.914504051208496
2026-03-27 00:00:00+00:00,8.913991928100586,8.968353271484375,8.892284393310547,8.910451889038086
2026-03-27 04:00:00+00:00,8.910680770874023,8.92514705657959,8.850275039672852,8.898703575134277
2026-03-27 08:00:00+00:00,8.89891529083252,8.903676986694336,8.583507537841797,8.597940444946289
2026-03-27 12:00:00+00:00,8.598212242126465,8.66006851196289,8.527952194213867,8.609081268310547
2026-03-27 16:00:00+00:00,8.607694625854492,8.614219665527344,8.500418663024902,8.542860984802246
2026-03-27 20:00:00+00:00,8.543489456176758,8.565773010253906,8.495692253112793,8.563811302185059
2026-03-28 00:00:00+00:00,8.564302444458008,8.564302444458008,8.505894660949707,8.514211654663086
2026-03-28 04:00:00+00:00,8.51429271697998,8.594754219055176,8.507774353027344,8.594754219055176
2026-03-28 08:00:00+00:00,8.59469985961914,8.602376937866211,8.49946117401123,8.539438247680664
2026-03-28 12:00:00+00:00,8.539592742919922,8.672009468078613,8.516282081604004,8.630590438842773
2026-03-28 16:00:00+00:00,8.631037712097168,8.63844108581543,8.584136009216309,8.588493347167969
2026-03-28 20:00:00+00:00,8.589730262756348,8.613861083984375,8.42817211151123,8.42817211151123
2026-03-29 00:00:00+00:00,8.428913116455078,8.554996490478516,8.428094863891602,8.542829513549805
2026-03-29 04:00:00+00:00,8.54227066040039,8.54227066040039,8.4999361038208,8.51824951171875
2026-03-29 08:00:00+00:00,8.517712593078613,8.524643898010254,8.468464851379395,8.502374649047852
2026-03-29 12:00:00+00:00,8.50045394897461,8.502440452575684,8.407805442810059,8.416937828063965
2026-03-29 16:00:00+00:00,8.41727352142334,8.450104713439941,8.40333366394043,8.411569595336914
2026-03-29 20:00:00+00:00,8.411479949951172,8.475410461425781,8.255690574645996,8.405252456665039
2026-03-30 00:00:00+00:00,8.406044006347656,8.635598182678223,8.404641151428223,8.625200271606445
2026-03-30 04:00:00+00:00,8.625266075134277,8.718456268310547,8.625266075134277,8.71845531463623
2026-03-30 08:00:00+00:00,8.71866226196289,8.855622291564941,8.71866226196289,8.851314544677734
2026-03-30 12:00:00+00:00,8.851447105407715,8.891839981079102,8.788342475891113,8.8358736038208
2026-03-30 16:00:00+00:00,8.82972240447998,8.82972240447998,8.571760177612305,8.613531112670898
2026-03-30 20:00:00+00:00,8.613686561584473,8.705451011657715,8.587623596191406,8.610806465148926
2026-03-31 00:00:00+00:00,8.611347198486328,8.811273574829102,8.601855278015137,8.744929313659668
2026-03-31 04:00:00+00:00,8.744718551635742,8.759443283081055,8.674741744995117,8.698761940002441
2026-03-31 08:00:00+00:00,8.699206352233887,8.699206352233887,8.515274047851562,8.604325294494629
2026-03-31 12:00:00+00:00,8.604679107666016,8.780187606811523,8.604679107666016,8.640186309814453
2026-03-31 16:00:00+00:00,8.63823127746582,8.850428581237793,8.628850936889648,8.764066696166992
2026-03-31 20:00:00+00:00,8.764321327209473,8.797916412353516,8.71943473815918,8.77761173248291
2026-04-01 00:00:00+00:00,8.777214050292969,8.813981056213379,8.746603012084961,8.807806015014648
2026-04-01 04:00:00+00:00,8.808156967163086,9.141427040100098,8.796794891357422,9.058042526245117
2026-04-01 08:00:00+00:00,9.058107376098633,9.086790084838867,8.994453430175781,9.019675254821777
2026-04-01 12:00:00+00:00,9.019635200500488,9.0363187789917,8.937946319580078,8.998348236083984
2026-04-01 16:00:00+00:00,8.998501777648926,9.11232852935791,8.963664054870605,9.008406639099121
2026-04-01 20:00:00+00:00,9.009032249450684,9.022069931030273,8.937687873840332,8.937843322753906
2026-04-02 00:00:00+00:00,8.93841552734375,8.998331069946289,8.55123233795166,8.562420845031738
2026-04-02 04:00:00+00:00,8.562589645385742,8.562589645385742,8.510087013244629,8.561819076538086
2026-04-02 08:00:00+00:00,8.561785697937012,8.561785697937012,8.484018325805664,8.4856538772583
2026-04-02 12:00:00+00:00,8.48575496673584,8.612058639526367,8.436945915222168,8.563536643981934
2026-04-02 16:00:00+00:00,8.564200401306152,8.64546012878418,8.532529830932617,8.607946395874023
2026-04-02 20:00:00+00:00,8.608623504638672,8.64775562286377,8.5973482131958,8.628461837768555
2026-04-03 00:00:00+00:00,8.628644943237305,8.666236877441406,8.597996711730957,8.654927253723145
2026-04-03 04:00:00+00:00,8.653864860534668,8.738287925720215,8.653864860534668,8.714993476867676
2026-04-03 08:00:00+00:00,8.715168952941895,8.731861114501953,8.668684005737305,8.72110366821289
2026-04-03 12:00:00+00:00,8.721335411071777,8.764324188232422,8.659170150756836,8.702384948730469
2026-04-03 16:00:00+00:00,8.70203685760498,8.720002174377441,8.653200149536133,8.674057960510254
2026-04-03 20:00:00+00:00,8.674262046813965,8.704418182373047,8.646408081054688,8.658230781555176
2026-04-04 00:00:00+00:00,8.658202171325684,8.658202171325684,8.624845504760742,8.643489837646484
2026-04-04 04:00:00+00:00,8.643407821655273,8.672765731811523,8.635908126831055,8.655004501342773
2026-04-04 08:00:00+00:00,8.654890060424805,8.671856880187988,8.632346153259277,8.66071605682373
2026-04-04 12:00:00+00:00,8.660393714904785,8.692911148071289,8.625364303588867,8.67621898651123
2026-04-04 16:00:00+00:00,8.677582740783691,8.74593734741211,8.673015594482422,8.726276397705078
2026-04-04 20:00:00+00:00,8.72574520111084,8.726255416870117,8.684773445129395,8.692900657653809
2026-04-05 00:00:00+00:00,8.692870140075684,8.693852424621582,8.651294708251953,8.653905868530273
2026-04-05 04:00:00+00:00,8.653924942016602,8.654255867004395,8.527689933776855,8.531122207641602
2026-04-05 08:00:00+00:00,8.53174114227295,8.564216613769531,8.52987289428711,8.544693946838379
2026-04-05 12:00:00+00:00,8.544788360595703,8.631609916687012,8.485926628112793,8.604598045349121
2026-04-05 16:00:00+00:00,8.6041841506958,8.638932228088379,8.580286979675293,8.610978126525879
2026-04-05 20:00:00+00:00,8.613533973693848,8.839268684387207,8.575882911682129,8.811758041381836
2026-04-06 00:00:00+00:00,8.811565399169922,9.009922981262207,8.811565399169922,8.922975540161133
2026-04-06 04:00:00+00:00,8.922815322875977,8.985161781311035,8.906883239746094,8.961339950561523
2026-04-06 08:00:00+00:00,8.961480140686035,9.10447883605957,8.959372520446777,9.040288925170898
2026-04-06 12:00:00+00:00,9.040791511535645,9.079537391662598,9.006253242492676,9.078795433044434
2026-04-06 16:00:00+00:00,9.07893180847168,9.089632034301758,8.951583862304688,8.980108261108398
2026-04-06 20:00:00+00:00,8.98255443572998,9.014342308044434,8.750958442687988,8.805009841918945
2026-04-07 00:00:00+00:00,8.803627014160156,8.831415176391602,8.74776840209961,8.790244102478027
2026-04-07 04:00:00+00:00,8.78976058959961,8.813820838928223,8.73693561553955,8.76230525970459
2026-04-07 08:00:00+00:00,8.7626953125,8.878280639648438,8.681561470031738,8.68358039855957
2026-04-07 12:00:00+00:00,8.683701515197754,8.698092460632324,8.580686569213867,8.614834785461426
2026-04-07 16:00:00+00:00,8.615764617919922,8.744706153869629,8.602579116821289,8.742865562438965
2026-04-07 20:00:00+00:00,8.743184089660645,9.383172035217285,8.722296714782715,9.29571533203125
2026-04-08 00:00:00+00:00,9.29595947265625,9.317471504211426,9.18004035949707,9.181336402893066
2026-04-08 04:00:00+00:00,9.180970191955566,9.261683464050293,9.180970191955566,9.24355697631836
2026-04-08 08:00:00+00:00,9.24435043334961,9.262483596801758,9.164077758789062,9.187919616699219
2026-04-08 12:00:00+00:00,9.18852424621582,9.24508285522461,8.984729766845703,9.03637409210205
2026-04-08 16:00:00+00:00,9.035983085632324,9.094829559326172,8.946041107177734,8.974864959716797
2026-04-08 20:00:00+00:00,8.975702285766602,9.023554801940918,8.851826667785645,8.860593795776367
2026-04-09 00:00:00+00:00,8.860692977905273,8.860692977905273,8.699834823608398,8.757237434387207
2026-04-09 04:00:00+00:00,8.757392883300781,8.793718338012695,8.754552841186523,8.762771606445312
2026-04-09 08:00:00+00:00,8.762421607971191,8.795989036560059,8.750750541687012,8.765949249267578
2026-04-09 12:00:00+00:00,8.765741348266602,8.95081615447998,8.711572647094727,8.949379920959473
2026-04-09 16:00:00+00:00,8.949739456176758,9.020174026489258,8.880403518676758,9.006701469421387
2026-04-09 20:00:00+00:00,9.007925033569336,9.13686466217041,8.942774772644043,8.942774772644043
2026-04-10 00:00:00+00:00,8.94387149810791,8.99251937866211,8.907404899597168,8.923466682434082
2026-04-10 04:00:00+00:00,8.92350959777832,8.98814868927002,8.901009559631348,8.901257514953613
2026-04-10 08:00:00+00:00,8.90123176574707,9.008034706115723,8.89008617401123,8.992125511169434
2026-04-10 12:00:00+00:00,8.993001937866211,9.144121170043945,8.976114273071289,9.05741024017334
2026-04-10 16:00:00+00:00,9.057592391967773,9.150720596313477,9.048611640930176,9.1458158493042
2026-04-10 20:00:00+00:00,9.147173881530762,9.17028522491455,9.079330444335938,9.087846755981445
2026-04-11 00:00:00+00:00,9.087843894958496,9.113301277160645,9.040616035461426,9.065838813781738
2026-04-11 04:00:00+00:00,9.065476417541504,9.076260566711426,8.986387252807617,9.009310722351074
2026-04-11 08:00:00+00:00,9.009249687194824,9.042059898376465,8.999167442321777,9.018046379089355
2026-04-11 12:00:00+00:00,9.017926216125488,9.028169631958008,8.97707748413086,9.028169631958008
2026-04-11 16:00:00+00:00,9.028310775756836,9.272253036499023,9.027091979980469,9.248002052307129
2026-04-11 20:00:00+00:00,9.249917984008789,9.258894920349121,9.066468238830566,9.069445610046387
2026-04-12 00:00:00+00:00,9.069660186767578,9.071998596191406,8.779492378234863,8.810608863830566
2026-04-12 04:00:00+00:00,8.809051513671875,8.811101913452148,8.770743370056152,8.809882164001465
2026-04-12 08:00:00+00:00,8.809629440307617,8.810686111450195,8.764605522155762,8.790918350219727
2026-04-12 12:00:00+00:00,8.790968894958496,8.823518753051758,8.707173347473145,8.72429084777832
2026-04-12 16:00:00+00:00,8.72412395477295,8.79436206817627,8.716503143310547,8.76760196685791
2026-04-12 20:00:00+00:00,8.767793655395508,8.831804275512695,8.721395492553711,8.737156867980957
2026-04-13 00:00:00+00:00,8.736966133117676,8.827200889587402,8.733559608459473,8.77750301361084
2026-04-13 04:00:00+00:00,8.77733039855957,8.797293663024902,8.722264289855957,8.733847618103027
2026-04-13 08:00:00+00:00,8.733624458312988,8.742952346801758,8.707680702209473,8.732142448425293
2026-04-13 12:00:00+00:00,8.731729507446289,8.897591590881348,8.701517105102539,8.816717147827148
2026-04-13 16:00:00+00:00,8.816936492919922,9.026823043823242,8.804616928100586,9.026823043823242
2026-04-13 20:00:00+00:00,9.025867462158203,9.419044494628906,8.964949607849121,9.362842559814453
2026-04-14 00:00:00+00:00,9.363312721252441,9.37142562866211,9.199877738952637,9.224284172058105
2026-04-14 04:00:00+00:00,9.223716735839844,9.239395141601562,9.151556968688965,9.211470603942871
2026-04-14 08:00:00+00:00,9.211474418640137,9.244275093078613,9.175219535827637,9.18729305267334
2026-04-14 12:00:00+00:00,9.186433792114258,9.275092124938965,9.08123779296875,9.14533519744873
2026-04-14 16:00:00+00:00,9.144003868103027,9.172208786010742,8.961939811706543,8.984328269958496
2026-04-14 20:00:00+00:00,8.986766815185547,9.064000129699707,8.986000061035156,9.024999618530273
2026-04-15 00:00:00+00:00,9.027000427246094,9.116000175476074,9.027000427246094,9.074000358581543
2026-04-15 04:00:00+00:00,9.07699966430664,9.118000030517578,8.99899959564209,9.015000343322754
2026-04-15 08:00:00+00:00,9.012999534606934,9.149999618530273,9.008999824523926,9.145000457763672
2026-04-15 12:00:00+00:00,9.140000343322754,9.244999885559082,9.107999801635742,9.168999671936035
2026-04-15 16:00:00+00:00,9.163000106811523,9.364999771118164,9.156999588012695,9.326000213623047
2026-04-15 20:00:00+00:00,9.331000328063965,9.357000350952148,9.222000122070312,9.26200008392334
2026-04-16 00:00:00+00:00,9.265000343322754,9.333999633789062,9.208999633789062,9.279999732971191
2026-04-16 04:00:00+00:00,9.277000427246094,9.364999771118164,9.258000373840332,9.295999526977539
2026-04-16 08:00:00+00:00,9.295000076293945,9.331999778747559,9.21399974822998,9.284000396728516
2026-04-16 12:00:00+00:00,9.288000106811523,9.465999603271484,9.133999824523926,9.460000038146973
2026-04-16 16:00:00+00:00,9.456000328063965,9.657999992370605,9.307999610900879,9.649999618530273
2026-04-16 20:00:00+00:00,9.652000427246094,9.675000190734863,9.46500015258789,9.60099983215332
2026-04-17 00:00:00+00:00,9.595999717712402,9.611000061035156,9.39799976348877,9.420000076293945
2026-04-17 04:00:00+00:00,9.420000076293945,9.472999572753906,9.34000015258789,9.472999572753906
2026-04-17 08:00:00+00:00,9.475000381469727,9.607999801635742,9.458000183105469,9.52299976348877
2026-04-17 12:00:00+00:00,9.527000427246094,9.869000434875488,9.465999603271484,9.758000373840332
2026-04-17 16:00:00+00:00,9.758000373840332,9.838000297546387,9.633000373840332,9.673999786376953
2026-04-17 20:00:00+00:00,9.675999641418457,9.713000297546387,9.58899974822998,9.616000175476074
2026-04-18 00:00:00+00:00,9.616000175476074,9.656000137329102,9.553000450134277,9.565999984741211
2026-04-18 04:00:00+00:00,9.562999725341797,9.633999824523926,9.553999900817871,9.604999542236328
2026-04-18 08:00:00+00:00,9.607000350952148,9.607000350952148,9.342000007629395,9.406999588012695
2026-04-18 12:00:00+00:00,9.404000282287598,9.451000213623047,9.317000389099121,9.392000198364258
2026-04-18 16:00:00+00:00,9.387999534606934,9.42199993133545,9.262999534606934,9.28600025177002
2026-04-18 20:00:00+00:00,9.286999702453613,9.348999977111816,9.267999649047852,9.28499984741211
2026-04-19 00:00:00+00:00,9.28600025177002,9.303000450134277,9.168000221252441,9.229999542236328
2026-04-19 04:00:00+00:00,9.230999946594238,9.28600025177002,9.11400032043457,9.180999755859375
2026-04-19 08:00:00+00:00,9.175000190734863,9.229000091552734,9.116999626159668,9.222999572753906
2026-04-19 12:00:00+00:00,9.222000122070312,9.378000259399414,9.208000183105469,9.291000366210938
2026-04-19 16:00:00+00:00,9.295000076293945,9.302000045776367,9.11400032043457,9.184000015258789
2026-04-19 20:00:00+00:00,9.177000045776367,9.182000160217285,9.001999855041504,9.067000389099121
2026-04-20 00:00:00+00:00,9.069000244140625,9.208999633789062,9.059000015258789,9.197999954223633
2026-04-20 04:00:00+00:00,9.196999549865723,9.362000465393066,9.102999687194824,9.253000259399414
2026-04-20 08:00:00+00:00,9.253999710083008,9.317000389099121,9.15999984741211,9.218000411987305
2026-04-20 12:00:00+00:00,9.213000297546387,9.298999786376953,9.144000053405762,9.27299976348877
2026-04-20 16:00:00+00:00,9.274999618530273,9.354000091552734,9.21399974822998,9.329999923706055
2026-04-20 20:00:00+00:00,9.329999923706055,9.40999984741211,9.26200008392334,9.288999557495117
2026-04-21 00:00:00+00:00,9.291999816894531,9.359999656677246,9.241999626159668,9.291999816894531
2026-04-21 04:00:00+00:00,9.291000366210938,9.395999908447266,9.276000022888184,9.369000434875488
2026-04-21 08:00:00+00:00,9.366000175476074,9.491999626159668,9.352999687194824,9.414999961853027
2026-04-21 12:00:00+00:00,9.416999816894531,9.479999542236328,9.336000442504883,9.420999526977539
2026-04-21 16:00:00+00:00,9.425000190734863,9.439000129699707,9.243000030517578,9.269000053405762
2026-04-21 20:00:00+00:00,9.265999794006348,9.413000106811523,9.265000343322754,9.399999618530273
2026-04-22 00:00:00+00:00,9.404999732971191,9.527000427246094,9.380999565124512,9.506999969482422
2026-04-22 04:00:00+00:00,9.513999938964844,9.550999641418457,9.473999977111816,9.50100040435791
2026-04-22 08:00:00+00:00,9.50100040435791,9.54800033569336,9.472000122070312,9.524999618530273
2026-04-22 12:00:00+00:00,9.527999877929688,9.555999755859375,9.461999893188477,9.491000175476074
2026-04-22 16:00:00+00:00,9.496000289916992,9.51099967956543,9.380999565124512,9.418999671936035
2026-04-22 20:00:00+00:00,9.42199993133545,9.428999900817871,9.291000366210938,9.293000221252441
2026-04-23 00:00:00+00:00,9.295999526977539,9.317999839782715,9.151000022888184,9.184000015258789
2026-04-23 04:00:00+00:00,9.182000160217285,9.270999908447266,9.170999526977539,9.237000465393066
2026-04-23 08:00:00+00:00,9.237000465393066,9.27400016784668,9.168000221252441,9.26200008392334
2026-04-23 12:00:00+00:00,9.265000343322754,9.388999938964844,9.241999626159668,9.347999572753906
2026-04-23 16:00:00+00:00,9.350000381469727,9.357999801635742,9.156999588012695,9.277999877929688
2026-04-23 20:00:00+00:00,9.274999618530273,9.36400032043457,9.27400016784668,9.35099983215332
2026-04-24 00:00:00+00:00,9.352999687194824,9.394000053405762,9.258999824523926,9.291999816894531
2026-04-24 04:00:00+00:00,9.293999671936035,9.314000129699707,9.244999885559082,9.284000396728516
2026-04-24 08:00:00+00:00,9.289999961853027,9.38599967956543,9.253000259399414,9.361000061035156
2026-04-24 12:00:00+00:00,9.362000465393066,9.399999618530273,9.305000305175781,9.376999855041504
2026-04-24 16:00:00+00:00,9.378000259399414,9.435999870300293,9.331999778747559,9.411999702453613
2026-04-24 20:00:00+00:00,9.41100025177002,9.446999549865723,9.355999946594238,9.378999710083008
2026-04-25 00:00:00+00:00,9.380000114440918,9.430000305175781,9.354999542236328,9.425000190734863
2026-04-25 04:00:00+00:00,9.427000045776367,9.447999954223633,9.395000457763672,9.406000137329102
2026-04-25 08:00:00+00:00,9.397000312805176,9.4399995803833,9.37399959564209,9.392999649047852
2026-04-25 12:00:00+00:00,9.392999649047852,9.420000076293945,9.335000038146973,9.35099983215332
2026-04-25 16:00:00+00:00,9.343999862670898,9.366000175476074,9.288999557495117,9.307000160217285
2026-04-25 20:00:00+00:00,9.309000015258789,9.362000465393066,9.295000076293945,9.348999977111816
2026-04-26 00:00:00+00:00,9.348999977111816,9.348999977111816,9.300999641418457,9.326000213623047
2026-04-26 04:00:00+00:00,9.324999809265137,9.428000450134277,9.3149995803833,9.425000190734863
2026-04-26 08:00:00+00:00,9.428000450134277,9.487000465393066,9.406999588012695,9.470000267028809
2026-04-26 12:00:00+00:00,9.47599983215332,9.49899959564209,9.416000366210938,9.489999771118164
2026-04-26 16:00:00+00:00,9.494000434875488,9.53600025177002,9.430999755859375,9.482999801635742
2026-04-26 20:00:00+00:00,9.484999656677246,9.527000427246094,9.423999786376953,9.48900032043457
2026-04-27 00:00:00+00:00,9.482999801635742,9.593000411987305,9.444000244140625,9.548999786376953
2026-04-27 04:00:00+00:00,9.545000076293945,9.565999984741211,9.303999900817871,9.310999870300293
2026-04-27 08:00:00+00:00,9.310999870300293,9.355999946594238,9.303999900817871,9.333000183105469
2026-04-27 12:00:00+00:00,9.333000183105469,9.366999626159668,9.14799976348877,9.1850004196167
2026-04-27 16:00:00+00:00,9.175999641418457,9.25100040435791,9.16100025177002,9.215999603271484
2026-04-27 20:00:00+00:00,9.218000411987305,9.329999923706055,9.208000183105469,9.319000244140625
2026-04-28 00:00:00+00:00,9.319000244140625,9.331000328063965,9.244000434875488,9.282999992370605
2026-04-28 04:00:00+00:00,9.284000396728516,9.3149995803833,9.208999633789062,9.25100040435791
2026-04-28 08:00:00+00:00,9.25100040435791,9.274999618530273,9.178999900817871,9.196999549865723
2026-04-28 12:00:00+00:00,9.197999954223633,9.244000434875488,9.14799976348877,9.222999572753906
2026-04-28 16:00:00+00:00,9.220999717712402,9.279999732971191,9.190999984741211,9.274999618530273
2026-04-28 20:00:00+00:00,9.279999732971191,9.288000106811523,9.220999717712402,9.23799991607666
2026-04-29 00:00:00+00:00,9.23799991607666,9.317000389099121,9.213000297546387,9.305000305175781
2026-04-29 04:00:00+00:00,9.307999610900879,9.392999649047852,9.29699993133545,9.3149995803833
2026-04-29 08:00:00+00:00,9.319999694824219,9.416999816894531,9.265000343322754,9.357999801635742
2026-04-29 12:00:00+00:00,9.357999801635742,9.357999801635742,9.079000473022461,9.095999717712402
2026-04-29 16:00:00+00:00,9.088000297546387,9.156999588012695,8.913000106811523,9.010000228881836
2026-04-29 20:00:00+00:00,9.01200008392334,9.130999565124512,9.005999565124512,9.109000205993652
2026-04-30 00:00:00+00:00,9.11299991607666,9.180999755859375,9.057000160217285,9.104000091552734
2026-04-30 04:00:00+00:00,9.10200023651123,9.125,9.017999649047852,9.125
2026-04-30 08:00:00+00:00,9.12600040435791,9.163000106811523,9.093000411987305,9.121999740600586
2026-04-30 12:00:00+00:00,9.125,9.173999786376953,9.083999633789062,9.133000373840332
2026-04-30 16:00:00+00:00,9.133000373840332,9.14900016784668,9.088000297546387,9.131999969482422
2026-04-30 20:00:00+00:00,9.126999855041504,9.142999649047852,9.079000473022461,9.102999687194824
2026-05-01 00:00:00+00:00,9.104999542236328,9.197999954223633,9.098999977111816,9.161999702453613
2026-05-01 04:00:00+00:00,9.163000106811523,9.178999900817871,9.128999710083008,9.14900016784668
2026-05-01 08:00:00+00:00,9.14900016784668,9.187999725341797,9.116999626159668,9.142999649047852
2026-05-01 12:00:00+00:00,9.14799976348877,9.277000427246094,9.140000343322754,9.229000091552734
2026-05-01 16:00:00+00:00,9.229000091552734,9.253000259399414,9.166000366210938,9.173999786376953
2026-05-01 20:00:00+00:00,9.175000190734863,9.178000450134277,9.067000389099121,9.093999862670898
2026-05-02 00:00:00+00:00,9.093999862670898,9.13599967956543,9.083999633789062,9.118000030517578
2026-05-02 04:00:00+00:00,9.116999626159668,9.118000030517578,9.067999839782715,9.083999633789062
2026-05-02 08:00:00+00:00,9.083000183105469,9.10200023651123,9.071999549865723,9.07699966430664
2026-05-02 12:00:00+00:00,9.076000213623047,9.196000099182129,9.076000213623047,9.16100025177002
2026-05-02 16:00:00+00:00,9.163000106811523,9.178999900817871,9.116000175476074,9.163999557495117
2026-05-02 20:00:00+00:00,9.163999557495117,9.25,9.159000396728516,9.175999641418457
2026-05-03 00:00:00+00:00,9.178000450134277,9.182000160217285,9.07800006866455,9.093999862670898
2026-05-03 04:00:00+00:00,9.093999862670898,9.131999969482422,9.069000244140625,9.116999626159668
2026-05-03 08:00:00+00:00,9.116000175476074,9.197999954223633,9.107000350952148,9.175999641418457
2026-05-03 12:00:00+00:00,9.175999641418457,9.208999633789062,9.121000289916992,9.154999732971191
2026-05-03 16:00:00+00:00,9.157999992370605,9.173999786376953,9.133999824523926,9.156000137329102
2026-05-03 20:00:00+00:00,9.16100025177002,9.223999977111816,9.111000061035156,9.128000259399414
2026-05-04 00:00:00+00:00,9.126999855041504,9.35099983215332,9.09000015258789,9.345999717712402
2026-05-04 04:00:00+00:00,9.350000381469727,9.395000457763672,9.256999969482422,9.321999549865723
2026-05-04 08:00:00+00:00,9.321000099182129,9.652000427246094,9.298999786376953,9.425999641418457
2026-05-04 12:00:00+00:00,9.425000190734863,9.543999671936035,9.352999687194824,9.418000221252441
2026-05-04 16:00:00+00:00,9.418999671936035,9.510000228881836,9.354999542236328,9.388999938964844
2026-05-04 20:00:00+00:00,9.390999794006348,9.420000076293945,9.315999984741211,9.357999801635742
2026-05-05 00:00:00+00:00,9.359000205993652,9.54699993133545,9.355999946594238,9.508999824523926
2026-05-05 04:00:00+00:00,9.510000228881836,9.630999565124512,9.498000144958496,9.604000091552734
2026-05-05 08:00:00+00:00,9.602999687194824,9.73900032043457,9.517999649047852,9.736000061035156
2026-05-05 12:00:00+00:00,9.737000465393066,9.814000129699707,9.638999938964844,9.723999977111816
2026-05-05 16:00:00+00:00,9.727999687194824,9.744000434875488,9.668000221252441,9.734999656677246
2026-05-05 20:00:00+00:00,9.729999542236328,9.848999977111816,9.727999687194824,9.765000343322754
2026-05-06 00:00:00+00:00,9.765000343322754,9.869000434875488,9.755999565124512,9.857999801635742
2026-05-06 04:00:00+00:00,9.861000061035156,9.91100025177002,9.782999992370605,9.871000289916992
2026-05-06 08:00:00+00:00,9.866999626159668,10.248000144958496,9.862000465393066,10.182000160217285
2026-05-06 12:00:00+00:00,10.182000160217285,10.206999778747559,9.880999565124512,10.034000396728516
2026-05-06 16:00:00+00:00,10.031999588012695,10.079000473022461,9.946000099182129,10.015999794006348
2026-05-06 20:00:00+00:00,10.020999908447266,10.057999610900879,9.940999984741211,9.996999740600586
2026-05-07 00:00:00+00:00,9.996999740600586,10.010000228881836,9.847999572753906,9.869000434875488
2026-05-07 04:00:00+00:00,9.866999626159668,10.128000259399414,9.859000205993652,10.116000175476074
2026-05-07 08:00:00+00:00,10.118000030517578,10.119999885559082,9.954999923706055,10.022000312805176
2026-05-07 12:00:00+00:00,10.020000457763672,10.076000213623047,9.807999610900879,9.864999771118164
2026-05-07 16:00:00+00:00,9.86299991607666,9.946999549865723,9.805000305175781,9.890999794006348
2026-05-07 20:00:00+00:00,9.894000053405762,9.947999954223633,9.809000015258789,9.848999977111816
2026-05-08 00:00:00+00:00,9.854999542236328,9.892999649047852,9.800087928771973,9.863409996032715
2026-05-08 04:00:00+00:00,9.862987518310547,9.8866548538208,9.814932823181152,9.877954483032227
2026-05-08 08:00:00+00:00,9.878504753112793,9.934528350830078,9.845866203308105,9.934528350830078
2026-05-08 12:00:00+00:00,9.93453311920166,10.092000007629395,9.883999824523926,10.086999893188477
2026-05-08 16:00:00+00:00,10.090999603271484,10.487000465393066,10.029999732971191,10.35099983215332
2026-05-08 20:00:00+00:00,10.359000205993652,10.392999649047852,10.27299976348877,10.345000267028809
2026-05-09 00:00:00+00:00,10.345000267028809,10.602999687194824,10.312999725341797,10.541999816894531
2026-05-09 04:00:00+00:00,10.545999526977539,10.607999801635742,10.45199966430664,10.463000297546387
2026-05-09 08:00:00+00:00,10.463000297546387,10.506999969482422,10.395999908447266,10.461999893188477
2026-05-09 12:00:00+00:00,10.460000038146973,10.482999801635742,10.28499984741211,10.335000038146973
2026-05-09 16:00:00+00:00,10.333000183105469,10.454999923706055,10.310999870300293,10.442999839782715
2026-05-09 20:00:00+00:00,10.444000244140625,10.446999549865723,10.354999542236328,10.373000144958496
2026-05-10 00:00:00+00:00,10.371000289916992,10.397000312805176,10.281999588012695,10.345999717712402
2026-05-10 04:00:00+00:00,10.347000122070312,10.454000473022461,10.335000038146973,10.420000076293945
2026-05-10 08:00:00+00:00,10.420000076293945,10.54699993133545,10.411999702453613,10.480999946594238
2026-05-10 12:00:00+00:00,10.475000381469727,10.621999740600586,10.444000244140625,10.61299991607666
2026-05-10 16:00:00+00:00,10.619000434875488,10.86400032043457,10.592000007629395,10.835000038146973
2026-05-10 20:00:00+00:00,10.836000442504883,10.866999626159668,10.449000358581543,10.715999603271484
2026-05-11 00:00:00+00:00,10.720999717712402,10.755000114440918,10.432999610900879,10.52400016784668
2026-05-11 04:00:00+00:00,10.522000312805176,10.609999656677246,10.461999893188477,10.522000312805176
2026-05-11 08:00:00+00:00,10.522000312805176,10.644000053405762,10.508999824523926,10.571999549865723
2026-05-11 12:00:00+00:00,10.574999809265137,10.597999572753906,10.402999877929688,10.576000213623047
2026-05-11 16:00:00+00:00,10.57800006866455,10.685999870300293,10.53499984741211,10.682000160217285
2026-05-11 20:00:00+00:00,10.680000305175781,10.704000473022461,10.539999961853027,10.590999603271484
2026-05-12 00:00:00+00:00,10.585000038146973,10.59000015258789,10.39900016784668,10.461000442504883
2026-05-12 04:00:00+00:00,10.456999778747559,10.520999908447266,10.380999565124512,10.432999610900879
2026-05-12 08:00:00+00:00,10.428999900817871,10.442999839782715,10.229000091552734,10.26099967956543
2026-05-12 12:00:00+00:00,10.258000373840332,10.347999572753906,10.114999771118164,10.152999877929688
2026-05-12 16:00:00+00:00,10.152000427246094,10.324999809265137,10.121000289916992,10.319000244140625
2026-05-12 20:00:00+00:00,10.319999694824219,10.35200023651123,10.279999732971191,10.28499984741211
2026-05-13 00:00:00+00:00,10.282999992370605,10.479999542236328,10.269000053405762,10.465999603271484
2026-05-13 04:00:00+00:00,10.468999862670898,10.57800006866455,10.392000198364258,10.571999549865723
2026-05-13 08:00:00+00:00,10.576000213623047,10.800000190734863,10.472000122070312,10.484000205993652
2026-05-13 12:00:00+00:00,10.477999687194824,10.51200008392334,10.03600025177002,10.062000274658203
2026-05-13 16:00:00+00:00,10.062999725341797,10.244999885559082,10.060999870300293,10.168000221252441
2026-05-13 20:00:00+00:00,10.168000221252441,10.227999687194824,10.116999626159668,10.213000297546387
2026-05-14 00:00:00+00:00,10.213000297546387,10.269000053405762,10.08899974822998,10.102999687194824
2026-05-14 04:00:00+00:00,10.109999656677246,10.321999549865723,10.09000015258789,10.222000122070312
2026-05-14 08:00:00+00:00,10.22599983215332,10.288999557495117,10.182000160217285,10.234999656677246
2026-05-14 12:00:00+00:00,10.230999946594238,10.656999588012695,10.204999923706055,10.63599967956543
2026-05-14 16:00:00+00:00,10.640000343322754,10.765999794006348,10.565999984741211,10.62399959564209
2026-05-14 20:00:00+00:00,10.631999969482422,10.649999618530273,10.461000442504883,10.479999542236328
2026-05-15 00:00:00+00:00,10.480999946594238,10.559000015258789,10.354999542236328,10.414999961853027
2026-05-15 04:00:00+00:00,10.413999557495117,10.416999816894531,10.208999633789062,10.375
2026-05-15 08:00:00+00:00,10.371999740600586,10.37600040435791,10.248000144958496,10.303000450134277
2026-05-15 12:00:00+00:00,10.298999786376953,10.312000274658203,9.961999893188477,10.02400016784668
2026-05-15 16:00:00+00:00,10.019000053405762,10.133000373840332,10.0,10.0600004196167
2026-05-15 20:00:00+00:00,10.064000129699707,10.081999778747559,10.020000457763672,10.0649995803833
2026-05-16 00:00:00+00:00,10.064000129699707,10.093000411987305,10.036999702453613,10.0600004196167
2026-05-16 04:00:00+00:00,10.060999870300293,10.062999725341797,9.732999801635742,9.817999839782715
2026-05-16 08:00:00+00:00,9.819000244140625,9.833999633789062,9.616999626159668,9.649999618530273
2026-05-16 12:00:00+00:00,9.647000312805176,9.71399974822998,9.619999885559082,9.706000328063965
2026-05-16 16:00:00+00:00,9.704000473022461,9.774999618530273,9.699999809265137,9.746000289916992
2026-05-16 20:00:00+00:00,9.75100040435791,9.769000053405762,9.704000473022461,9.713000297546387
2026-05-17 00:00:00+00:00,9.71399974822998,9.729999542236328,9.626999855041504,9.720999717712402
2026-05-17 04:00:00+00:00,9.718000411987305,9.821000099182129,9.715999603271484,9.77299976348877
2026-05-17 08:00:00+00:00,9.774999618530273,9.847000122070312,9.746000289916992,9.789999961853027
2026-05-17 12:00:00+00:00,9.791000366210938,9.838000297546387,9.652999877929688,9.711999893188477
2026-05-17 16:00:00+00:00,9.711000442504883,9.763999938964844,9.64900016784668,9.74899959564209
2026-05-17 20:00:00+00:00,9.75,9.77299976348877,9.352999687194824,9.5600004196167
2026-05-18 00:00:00+00:00,9.5600004196167,9.576000213623047,9.45199966430664,9.506999969482422
2026-05-18 04:00:00+00:00,9.505999565124512,9.569000244140625,9.418000221252441,9.468000411987305
2026-05-18 08:00:00+00:00,9.472999572753906,9.5600004196167,9.39799976348877,9.508999824523926
2026-05-18 12:00:00+00:00,9.51200008392334,9.60200023651123,9.34000015258789,9.418000221252441
2026-05-18 16:00:00+00:00,9.416999816894531,9.524999618530273,9.314000129699707,9.503999710083008
2026-05-18 20:00:00+00:00,9.508999824523926,9.612000465393066,9.465999603271484,9.60200023651123
2026-05-19 00:00:00+00:00,9.602999687194824,9.725000381469727,9.576000213623047,9.696999549865723
2026-05-19 04:00:00+00:00,9.696999549865723,9.819999694824219,9.656999588012695,9.789999961853027
2026-05-19 08:00:00+00:00,9.786999702453613,9.786999702453613,9.526000022888184,9.536999702453613
2026-05-19 12:00:00+00:00,9.53600025177002,9.61299991607666,9.428999900817871,9.479999542236328
2026-05-19 16:00:00+00:00,9.484999656677246,9.557000160217285,9.446999549865723,9.461000442504883
2026-05-19 20:00:00+00:00,9.461999893188477,9.487000465393066,9.428000450134277,9.4399995803833
2026-05-20 00:00:00+00:00,9.439000129699707,9.49899959564209,9.369999885559082,9.482000350952148
2026-05-20 04:00:00+00:00,9.484999656677246,9.621999740600586,9.454000473022461,9.567000389099121
2026-05-20 08:00:00+00:00,9.569000244140625,9.626999855041504,9.522000312805176,9.536999702453613
2026-05-20 12:00:00+00:00,9.532999992370605,9.645000457763672,9.47700023651123,9.621000289916992
2026-05-20 16:00:00+00:00,9.62399959564209,9.678000450134277,9.553999900817871,9.645999908447266
2026-05-20 20:00:00+00:00,9.647000312805176,9.657999992370605,9.557999610900879,9.628000259399414
2026-05-21 00:00:00+00:00,9.626999855041504,9.760000228881836,9.619999885559082,9.751999855041504
2026-05-21 04:00:00+00:00,9.753999710083008,9.769000053405762,9.614999771118164,9.682999610900879
2026-05-21 08:00:00+00:00,9.685999870300293,9.75,9.510000228881836,9.539999961853027
2026-05-21 12:00:00+00:00,9.541000366210938,9.675999641418457,9.51200008392334,9.63700008392334
2026-05-21 16:00:00+00:00,9.640000343322754,9.843999862670898,9.60200023651123,9.789999961853027
2026-05-21 20:00:00+00:00,9.793999671936035,9.805000305175781,9.689000129699707,9.743000030517578
2026-05-22 00:00:00+00:00,9.746999740600586,9.826000213623047,9.701000213623047,9.819999694824219
2026-05-22 04:00:00+00:00,9.82699966430664,9.854999542236328,9.744000434875488,9.814000129699707
2026-05-22 08:00:00+00:00,9.817000389099121,9.883000373840332,9.758000373840332,9.880999565124512
2026-05-22 12:00:00+00:00,9.876999855041504,10.022000312805176,9.732000350952148,9.800000190734863
2026-05-22 16:00:00+00:00,9.800000190734863,9.845999717712402,9.36400032043457,9.456999778747559
2026-05-22 20:00:00+00:00,9.458000183105469,9.560999870300293,9.362000465393066,9.407999992370605
2026-05-23 00:00:00+00:00,9.41100025177002,9.428999900817871,9.33899974822998,9.395999908447266
2026-05-23 04:00:00+00:00,9.395999908447266,9.399999618530273,9.071000099182129,9.116000175476074
2026-05-23 08:00:00+00:00,9.11299991607666,9.210000038146973,9.08899974822998,9.177000045776367
2026-05-23 12:00:00+00:00,9.175999641418457,9.354000091552734,9.152999877929688,9.307000160217285
2026-05-23 16:00:00+00:00,9.309000015258789,9.414999961853027,9.276000022888184,9.392000198364258
2026-05-23 20:00:00+00:00,9.395999908447266,9.767000198364258,9.378000259399414,9.550999641418457
2026-05-24 00:00:00+00:00,9.550999641418457,9.607000350952148,9.515999794006348,9.532999992370605
2026-05-24 04:00:00+00:00,9.531000137329102,9.618000030517578,9.484999656677246,9.548999786376953
2026-05-24 08:00:00+00:00,9.550999641418457,9.637999534606934,9.531000137329102,9.583999633789062
2026-05-24 12:00:00+00:00,9.583999633789062,9.583999633789062,9.348999977111816,9.42199993133545
2026-05-24 16:00:00+00:00,9.418999671936035,9.475000381469727,9.39799976348877,9.416999816894531
2026-05-24 20:00:00+00:00,9.425000190734863,9.446999549865723,9.243000030517578,9.418999671936035
2026-05-25 00:00:00+00:00,9.423999786376953,9.484999656677246,9.355999946594238,9.381999969482422
2026-05-25 04:00:00+00:00,9.380999565124512,9.531999588012695,9.373000144958496,9.51099967956543
2026-05-25 08:00:00+00:00,9.51099967956543,9.597000122070312,9.484999656677246,9.52400016784668
2026-05-25 12:00:00+00:00,9.526000022888184,9.649999618530273,9.510000228881836,9.593000411987305
2026-05-25 16:00:00+00:00,9.597000122070312,9.661999702453613,9.519000053405762,9.543999671936035
2026-05-25 20:00:00+00:00,9.539999961853027,9.562000274658203,9.4399995803833,9.498000144958496
2026-05-26 00:00:00+00:00,9.5,9.5,9.348999977111816,9.404000282287598
2026-05-26 04:00:00+00:00,9.404000282287598,9.552000045776367,9.39900016784668,9.472000122070312
2026-05-26 08:00:00+00:00,9.473999977111816,9.623000144958496,9.4399995803833,9.5600004196167
2026-05-26 12:00:00+00:00,9.560999870300293,9.670000076293945,9.394000053405762,9.461999893188477
2026-05-26 16:00:00+00:00,9.458000183105469,9.468000411987305,9.32699966430664,9.383999824523926
2026-05-26 20:00:00+00:00,9.390000343322754,9.416000366210938,9.333999633789062,9.369999885559082
2026-05-27 00:00:00+00:00,9.375,9.458999633789062,9.373000144958496,9.381999969482422
2026-05-27 04:00:00+00:00,9.380000114440918,9.440999984741211,9.28499984741211,9.425000190734863
2026-05-27 08:00:00+00:00,9.420999526977539,9.432000160217285,9.321000099182129,9.345999717712402
2026-05-27 12:00:00+00:00,9.348999977111816,9.467000007629395,9.260000228881836,9.413999557495117
2026-05-27 16:00:00+00:00,9.416000366210938,9.439000129699707,9.208999633789062,9.302000045776367
2026-05-27 20:00:00+00:00,9.305999755859375,9.335000038146973,9.097999572753906,9.121999740600586
2026-05-28 00:00:00+00:00,9.123000144958496,9.13700008392334,8.871000289916992,8.87600040435791
2026-05-28 04:00:00+00:00,8.87600040435791,8.902000427246094,8.772000312805176,8.890000343322754
2026-05-28 08:00:00+00:00,8.892000198364258,8.92199993133545,8.829999923706055,8.85200023651123
2026-05-28 12:00:00+00:00,8.85200023651123,8.947999954223633,8.781999588012695,8.887999534606934
2026-05-28 16:00:00+00:00,8.883000373840332,9.071999549865723,8.85099983215332,8.980999946594238
2026-05-28 20:00:00+00:00,8.982999801635742,9.055999755859375,8.954000473022461,8.991999626159668
2026-05-29 00:00:00+00:00,8.991999626159668,9.038000106811523,8.928999900817871,8.932999610900879
2026-05-29 04:00:00+00:00,8.932999610900879,9.027999877929688,8.899999618530273,8.98799991607666
2026-05-29 08:00:00+00:00,8.987000465393066,9.039999961853027,8.91100025177002,8.932000160217285
2026-05-29 12:00:00+00:00,8.930000305175781,9.125,8.78499984741211,9.0600004196167
2026-05-29 16:00:00+00:00,9.059000015258789,9.119999885559082,8.916000366210938,8.987000465393066
2026-05-29 20:00:00+00:00,8.98900032043457,9.032999992370605,8.944000244140625,9.008000373840332
2026-05-30 00:00:00+00:00,9.017999649047852,9.300000190734863,9.005999565124512,9.230999946594238
2026-05-30 04:00:00+00:00,9.232000350952148,9.263999938964844,9.079000473022461,9.14799976348877
2026-05-30 08:00:00+00:00,9.14900016784668,9.168999671936035,9.104000091552734,9.125
2026-05-30 12:00:00+00:00,9.126999855041504,9.22700023651123,9.116999626159668,9.1899995803833
2026-05-30 16:00:00+00:00,9.190999984741211,9.253999710083008,9.178999900817871,9.25
2026-05-30 20:00:00+00:00,9.25,9.27400016784668,9.14799976348877,9.177000045776367
2026-05-31 00:00:00+00:00,9.178000450134277,9.28499984741211,9.170000076293945,9.243000030517578
2026-05-31 04:00:00+00:00,9.241999626159668,9.25,9.161999702453613,9.1899995803833
2026-05-31 08:00:00+00:00,9.1899995803833,9.26200008392334,9.151000022888184,9.21500015258789
2026-05-31 12:00:00+00:00,9.213000297546387,9.25100040435791,9.065999984741211,9.085000038146973
2026-05-31 16:00:00+00:00,9.083000183105469,9.098999977111816,8.980999946594238,9.027000427246094
2026-05-31 20:00:00+00:00,9.029999732971191,9.206000328063965,9.029999732971191,9.13700008392334
2026-06-01 00:00:00+00:00,9.133000373840332,9.196000099182129,9.015999794006348,9.166999816894531
2026-06-01 04:00:00+00:00,9.164999961853027,9.184000015258789,8.946999549865723,8.954000473022461
2026-06-01 08:00:00+00:00,8.958000183105469,9.039999961853027,8.920999526977539,8.98799991607666
2026-06-01 12:00:00+00:00,9.0,9.024999618530273,8.835000038146973,8.899999618530273
2026-06-01 16:00:00+00:00,8.901000022888184,9.097000122070312,8.848999977111816,9.071000099182129
2026-06-01 20:00:00+00:00,9.074000358581543,9.074000358581543,8.9350004196167,9.04699993133545
2026-06-02 00:00:00+00:00,9.045999526977539,9.0600004196167,8.803999900817871,9.003999710083008
2026-06-02 04:00:00+00:00,9.008000373840332,9.017000198364258,8.779000282287598,8.835000038146973
2026-06-02 08:00:00+00:00,8.833999633789062,8.855999946594238,8.76200008392334,8.805000305175781
2026-06-02 12:00:00+00:00,8.803999900817871,8.86400032043457,8.472000122070312,8.557000160217285
2026-06-02 16:00:00+00:00,8.553000450134277,8.720999717712402,8.375,8.510000228881836
2026-06-02 20:00:00+00:00,8.508000373840332,8.57699966430664,8.243000030517578,8.355999946594238
2026-06-03 00:00:00+00:00,8.36400032043457,8.42300033569336,8.161999702453613,8.215999603271484
2026-06-03 04:00:00+00:00,8.222000122070312,8.557999610900879,8.220999717712402,8.53499984741211
2026-06-03 08:00:00+00:00,8.532999992370605,8.604000091552734,8.456000328063965,8.52400016784668
2026-06-03 12:00:00+00:00,8.524999618530273,8.548999786376953,8.362000465393066,8.364999771118164
2026-06-03 16:00:00+00:00,8.37399959564209,8.378999710083008,8.182999610900879,8.197999954223633
2026-06-03 20:00:00+00:00,8.194999694824219,8.456000328063965,8.107000350952148,8.321999549865723
2026-06-04 00:00:00+00:00,8.322999954223633,8.38700008392334,7.802000045776367,8.28499984741211
2026-06-04 04:00:00+00:00,8.282999992370605,8.317999839782715,8.055999755859375,8.0600004196167
2026-06-04 08:00:00+00:00,8.065999984741211,8.083999633789062,7.802000045776367,7.933000087738037
2026-06-04 12:00:00+00:00,7.936999797821045,8.12399959564209,7.896999835968018,8.038000106811523
2026-06-04 16:00:00+00:00,8.036999702453613,8.116999626159668,7.954999923706055,8.048999786376953
2026-06-04 20:00:00+00:00,8.053000450134277,8.067000389099121,7.880000114440918,8.005999565124512
2026-06-05 00:00:00+00:00,7.997000217437744,8.031999588012695,7.755000114440918,7.7769999504089355
2026-06-05 04:00:00+00:00,7.783999919891357,7.885000228881836,7.3429999351501465,7.619999885559082
2026-06-05 08:00:00+00:00,7.620999813079834,7.672999858856201,7.495999813079834,7.554999828338623
2026-06-05 12:00:00+00:00,7.554999828338623,7.651000022888184,7.238999843597412,7.291999816894531
2026-06-05 16:00:00+00:00,7.2820000648498535,7.507999897003174,7.113999843597412,7.298999786376953
2026-06-05 20:00:00+00:00,7.297999858856201,7.541999816894531,7.2129998207092285,7.36299991607666
2026-06-06 00:00:00+00:00,7.364999771118164,7.453000068664551,7.252999782562256,7.27400016784668
2026-06-06 04:00:00+00:00,7.270999908447266,7.3979997634887695,7.001999855041504,7.392000198364258
2026-06-06 08:00:00+00:00,7.39300012588501,7.464000225067139,7.197999954223633,7.315000057220459
2026-06-06 12:00:00+00:00,7.315000057220459,7.434000015258789,7.2769999504089355,7.379000186920166
2026-06-06 16:00:00+00:00,7.375999927520752,7.414000034332275,7.291999816894531,7.300000190734863
2026-06-06 20:00:00+00:00,7.301000118255615,7.4039998054504395,7.2829999923706055,7.392000198364258
2026-06-07 00:00:00+00:00,7.392000198364258,7.599999904632568,7.36899995803833,7.576000213623047
2026-06-07 04:00:00+00:00,7.577000141143799,7.7210001945495605,7.5279998779296875,7.7129998207092285
2026-06-07 08:00:00+00:00,7.710999965667725,7.8420000076293945,7.666999816894531,7.761000156402588
2026-06-07 12:00:00+00:00,7.760000228881836,7.789999961853027,7.616000175476074,7.7230000495910645
2026-06-07 16:00:00+00:00,7.7270002365112305,7.77400016784668,7.551000118255615,7.591000080108643
2026-06-07 20:00:00+00:00,7.590000152587891,8.02400016784668,7.570000171661377,7.9120001792907715
2026-06-08 00:00:00+00:00,7.910999774932861,8.01099967956543,7.817999839782715,7.848999977111816
2026-06-08 04:00:00+00:00,7.853000164031982,7.927000045776367,7.715000152587891,7.8979997634887695
2026-06-08 08:00:00+00:00,7.901000022888184,7.998000144958496,7.841000080108643,7.960999965667725
2026-06-08 12:00:00+00:00,7.959000110626221,8.107999801635742,7.875,8.022000312805176
2026-06-08 16:00:00+00:00,8.02400016784668,8.072999954223633,7.960999965667725,8.062000274658203
2026-06-08 20:00:00+00:00,8.062999725341797,8.125,7.9720001220703125,7.99399995803833
2026-06-09 00:00:00+00:00,7.993000030517578,8.01099967956543,7.795000076293945,7.879000186920166
2026-06-09 04:00:00+00:00,7.877999782562256,8.022000312805176,7.848999977111816,7.927999973297119
2026-06-09 08:00:00+00:00,7.932000160217285,7.932000160217285,7.834000110626221,7.88100004196167
2026-06-09 12:00:00+00:00,7.877999782562256,7.949999809265137,7.708000183105469,7.7170000076293945
2026-06-09 16:00:00+00:00,7.714000225067139,7.890999794006348,7.64300012588501,7.86899995803833
2026-06-09 20:00:00+00:00,7.867000102996826,7.923999786376953,7.798999786376953,7.833000183105469
2026-06-10 00:00:00+00:00,7.841000080108643,7.869999885559082,7.711999893188477,7.74399995803833
2026-06-10 04:00:00+00:00,7.745999813079834,7.801000118255615,7.6529998779296875,7.7729997634887695
2026-06-10 08:00:00+00:00,7.775000095367432,7.775000095367432,7.60699987411499,7.638999938964844
2026-06-10 12:00:00+00:00,7.639999866485596,7.889999866485596,7.620999813079834,7.802000045776367
2026-06-10 16:00:00+00:00,7.797999858856201,7.815999984741211,7.59499979019165,7.611000061035156
2026-06-10 20:00:00+00:00,7.610000133514404,7.626999855041504,7.485000133514404,7.553999900817871
2026-06-11 00:00:00+00:00,7.556000232696533,7.816999912261963,7.556000232696533,7.794000148773193
2026-06-11 04:00:00+00:00,7.794000148773193,7.809999942779541,7.736000061035156,7.760000228881836
2026-06-11 08:00:00+00:00,7.761000156402588,7.870999813079834,7.761000156402588,7.849999904632568
2026-06-11 12:00:00+00:00,7.85099983215332,7.85099983215332,7.706999778747559,7.749000072479248
2026-06-11 16:00:00+00:00,7.752999782562256,7.97599983215332,7.677000045776367,7.934999942779541
2026-06-11 20:00:00+00:00,7.941999912261963,7.951000213623047,7.864999771118164,7.879000186920166
2026-06-12 00:00:00+00:00,7.881999969482422,7.923999786376953,7.8470001220703125,7.894000053405762
2026-06-12 04:00:00+00:00,7.894999980926514,7.923999786376953,7.745999813079834,7.804999828338623
2026-06-12 08:00:00+00:00,7.804999828338623,7.932000160217285,7.804999828338623,7.89300012588501
2026-06-12 12:00:00+00:00,7.892000198364258,8.001999855041504,7.77400016784668,7.809000015258789
2026-06-12 16:00:00+00:00,7.810999870300293,7.910999774932861,7.796000003814697,7.8379998207092285
2026-06-12 20:00:00+00:00,7.8379998207092285,7.872000217437744,7.814000129699707,7.863999843597412
2026-06-13 00:00:00+00:00,7.863999843597412,7.943999767303467,7.855999946594238,7.888999938964844
2026-06-13 04:00:00+00:00,7.888000011444092,7.964000225067139,7.854000091552734,7.958000183105469
2026-06-13 08:00:00+00:00,7.951000213623047,7.986999988555908,7.940999984741211,7.985000133514404
2026-06-13 12:00:00+00:00,7.985000133514404,8.036999702453613,7.9730000495910645,8.020999908447266
2026-06-13 16:00:00+00:00,8.02299976348877,8.02400016784668,7.946000099182129,7.989999771118164
2026-06-13 20:00:00+00:00,7.988999843597412,8.041999816894531,7.953000068664551,7.98199987411499
2026-06-14 00:00:00+00:00,7.982999801635742,8.003999710083008,7.949999809265137,7.960999965667725
2026-06-14 04:00:00+00:00,7.960999965667725,7.9629998207092285,7.881999969482422,7.9019999504089355
2026-06-14 08:00:00+00:00,7.9019999504089355,7.945000171661377,7.880000114440918,7.922999858856201
2026-06-14 12:00:00+00:00,7.923999786376953,7.927000045776367,7.789000034332275,7.836999893188477
2026-06-14 16:00:00+00:00,7.835999965667725,7.870999813079834,7.785999774932861,7.816999912261963
2026-06-14 20:00:00+00:00,7.818999767303467,8.178999900817871,7.802999973297119,8.178999900817871
2026-06-15 00:00:00+00:00,8.175999641418457,8.211000442504883,8.10099983215332,8.192000389099121
2026-06-15 04:00:00+00:00,8.187999725341797,8.222999572753906,8.147000312805176,8.178000450134277
2026-06-15 08:00:00+00:00,8.177000045776367,8.4399995803833,8.15999984741211,8.300000190734863
2026-06-15 12:00:00+00:00,8.303999900817871,8.588000297546387,8.274999618530273,8.555000305175781
2026-06-15 16:00:00+00:00,8.553000450134277,8.581000328063965,8.371000289916992,8.395999908447266
2026-06-15 20:00:00+00:00,8.404999732971191,8.418999671936035,8.246999740600586,8.295000076293945
2026-06-16 00:00:00+00:00,8.293000221252441,8.331999778747559,8.145999908447266,8.246000289916992
2026-06-16 04:00:00+00:00,8.248000144958496,8.288000106811523,8.175999641418457,8.281999588012695
2026-06-16 08:00:00+00:00,8.277999877929688,8.420999526977539,8.276000022888184,8.326000213623047
2026-06-16 12:00:00+00:00,8.32699966430664,8.470000267028809,8.088000297546387,8.1899995803833
2026-06-16 16:00:00+00:00,8.1899995803833,8.319000244140625,8.156999588012695,8.25
2026-06-16 20:00:00+00:00,8.246999740600586,8.342000007629395,8.234999656677246,8.269000053405762
2026-06-17 00:00:00+00:00,8.277999877929688,8.404000282287598,8.248000144958496,8.343000411987305
2026-06-17 04:00:00+00:00,8.347000122070312,8.38599967956543,8.258000373840332,8.28600025177002
2026-06-17 08:00:00+00:00,8.281999588012695,8.289999961853027,8.105999946594238,8.14900016784668
2026-06-17 12:00:00+00:00,8.142999649047852,8.291000366210938,8.07800006866455,8.288000106811523
2026-06-17 16:00:00+00:00,8.289999961853027,8.361000061035156,8.008999824523926,8.029999732971191
2026-06-17 20:00:00+00:00,8.027999877929688,8.097999572753906,7.933000087738037,8.086000442504883
2026-06-18 00:00:00+00:00,8.085000038146973,8.130000114440918,8.010000228881836,8.02400016784668
2026-06-18 04:00:00+00:00,8.02299976348877,8.03600025177002,7.886000156402588,8.02299976348877
2026-06-18 08:00:00+00:00,8.02400016784668,8.057000160217285,7.964000225067139,7.98199987411499
2026-06-18 12:00:00+00:00,7.98199987411499,8.118000030517578,7.769999980926514,7.7820000648498535
2026-06-18 16:00:00+00:00,7.7769999504089355,7.928999900817871,7.775000095367432,7.908999919891357
2026-06-18 20:00:00+00:00,7.914000034332275,8.008000373840332,7.914000034332275,8.005000114440918
2026-06-19 00:00:00+00:00,8.005000114440918,8.031000137329102,7.817999839782715,7.873000144958496
2026-06-19 04:00:00+00:00,7.872000217437744,7.909999847412109,7.806000232696533,7.835999965667725
2026-06-19 08:00:00+00:00,7.840000152587891,7.869999885559082,7.796000003814697,7.807000160217285
2026-06-19 12:00:00+00:00,7.808000087738037,7.943999767303467,7.765999794006348,7.89300012588501
2026-06-19 16:00:00+00:00,7.8979997634887695,7.929999828338623,7.8429999351501465,7.870999813079834
2026-06-19 20:00:00+00:00,7.873000144958496,7.956999778747559,7.843999862670898,7.943999767303467
2026-06-20 00:00:00+00:00,7.935999870300293,7.952000141143799,7.859000205993652,7.885000228881836
2026-06-20 04:00:00+00:00,7.888000011444092,8.003999710083008,7.874000072479248,7.953999996185303
2026-06-20 08:00:00+00:00,7.953999996185303,7.974999904632568,7.920000076293945,7.929999828338623
2026-06-20 12:00:00+00:00,7.929999828338623,7.999000072479248,7.821000099182129,7.958000183105469
2026-06-20 16:00:00+00:00,7.959000110626221,7.959000110626221,7.85699987411499,7.890999794006348
2026-06-20 20:00:00+00:00,7.890999794006348,8.003999710083008,7.881999969482422,7.980000019073486
2026-06-21 00:00:00+00:00,7.980000019073486,7.984000205993652,7.928999900817871,7.960000038146973
2026-06-21 04:00:00+00:00,7.960000038146973,7.974999904632568,7.909999847412109,7.939000129699707
2026-06-21 08:00:00+00:00,7.939000129699707,8.0,7.888000011444092,7.927000045776367
2026-06-21 12:00:00+00:00,7.926000118255615,7.980000019073486,7.890999794006348,7.974999904632568
2026-06-21 16:00:00+00:00,7.974999904632568,7.980000019073486,7.8979997634887695,7.941999912261963
2026-06-21 20:00:00+00:00,7.941999912261963,7.948999881744385,7.764999866485596,7.7729997634887695
2026-06-22 00:00:00+00:00,7.77400016784668,8.008000373840332,7.771999835968018,7.859000205993652
2026-06-22 04:00:00+00:00,7.860000133514404,7.980999946594238,7.8470001220703125,7.953999996185303
2026-06-22 08:00:00+00:00,7.954999923706055,8.083000183105469,7.939000129699707,8.076000213623047
2026-06-22 12:00:00+00:00,8.086000442504883,8.144000053405762,7.965000152587891,7.9730000495910645
2026-06-22 16:00:00+00:00,7.97599983215332,7.986999988555908,7.877999782562256,7.908999919891357
2026-06-22 20:00:00+00:00,7.906000137329102,7.929999828338623,7.811999797821045,7.864999771118164
2026-06-23 00:00:00+00:00,7.859000205993652,7.9070000648498535,7.817999839782715,7.89300012588501
2026-06-23 04:00:00+00:00,7.894000053405762,7.896999835968018,7.642000198364258,7.651000022888184
2026-06-23 08:00:00+00:00,7.6539998054504395,7.659999847412109,7.484000205993652,7.60699987411499
2026-06-23 12:00:00+00:00,7.6020002365112305,7.671000003814697,7.5370001792907715,7.613999843597412
2026-06-23 16:00:00+00:00,7.613999843597412,7.658999919891357,7.5329999923706055,7.572999954223633
2026-06-23 20:00:00+00:00,7.565000057220459,7.636000156402588,7.565000057220459,7.624000072479248
2026-06-24 00:00:00+00:00,7.623000144958496,7.6539998054504395,7.543000221252441,7.576000213623047
2026-06-24 04:00:00+00:00,7.577000141143799,7.659999847412109,7.521999835968018,7.5960001945495605
2026-06-24 08:00:00+00:00,7.5970001220703125,7.684999942779541,7.5269999504089355,7.620999813079834
2026-06-24 12:00:00+00:00,7.625,7.63100004196167,7.355000019073486,7.35699987411499
2026-06-24 16:00:00+00:00,7.355999946594238,7.442999839782715,7.114999771118164,7.23199987411499
2026-06-24 20:00:00+00:00,7.23199987411499,7.4679999351501465,7.2220001220703125,7.415999889373779
2026-06-25 00:00:00+00:00,7.414999961853027,7.432000160217285,7.372000217437744,7.394000053405762
2026-06-25 04:00:00+00:00,7.394999980926514,7.538000106811523,7.372000217437744,7.525000095367432
2026-06-25 08:00:00+00:00,7.521999835968018,7.525000095367432,7.414000034332275,7.427999973297119
2026-06-25 12:00:00+00:00,7.427999973297119,7.48199987411499,7.000999927520752,7.204999923706055
2026-06-25 16:00:00+00:00,7.203999996185303,7.271999835968018,7.130000114440918,7.163000106811523
2026-06-25 20:00:00+00:00,7.171000003814697,7.288000106811523,7.168000221252441,7.235000133514404
2026-06-26 00:00:00+00:00,7.236999988555908,7.252999782562256,7.006999969482422,7.193999767303467
2026-06-26 04:00:00+00:00,7.192999839782715,7.328999996185303,7.146999835968018,7.316999912261963
2026-06-26 08:00:00+00:00,7.321000099182129,7.324999809265137,7.113999843597412,7.138999938964844
2026-06-26 12:00:00+00:00,7.138999938964844,7.3480000495910645,7.053999900817871,7.326000213623047
2026-06-26 16:00:00+00:00,7.330999851226807,7.38700008392334,7.275000095367432,7.343999862670898
2026-06-26 20:00:00+00:00,7.326000213623047,7.373000144958496,7.2789998054504395,7.3429999351501465
2026-06-27 00:00:00+00:00,7.3420000076293945,7.4039998054504395,7.313000202178955,7.355000019073486
2026-06-27 04:00:00+00:00,7.35699987411499,7.39300012588501,7.335000038146973,7.373000144958496
2026-06-27 08:00:00+00:00,7.375,7.375,7.320000171661377,7.3460001945495605
2026-06-27 12:00:00+00:00,7.34499979019165,7.464000225067139,7.329999923706055,7.445000171661377
2026-06-27 16:00:00+00:00,7.443999767303467,7.455999851226807,7.296000003814697,7.313000202178955
2026-06-27 20:00:00+00:00,7.313000202178955,7.335000038146973,7.23799991607666,7.2870001792907715
2026-06-28 00:00:00+00:00,7.284999847412109,7.307000160217285,7.261000156402588,7.296999931335449
2026-06-28 04:00:00+00:00,7.296000003814697,7.300000190734863,7.211999893188477,7.293000221252441
2026-06-28 08:00:00+00:00,7.291999816894531,7.3460001945495605,7.2220001220703125,7.2789998054504395
2026-06-28 12:00:00+00:00,7.2789998054504395,7.321000099182129,7.230999946594238,7.304999828338623
2026-06-28 16:00:00+00:00,7.306000232696533,7.309000015258789,7.189000129699707,7.218999862670898
2026-06-28 20:00:00+00:00,7.2170000076293945,7.2829999923706055,7.1539998054504395,7.256999969482422
2026-06-29 00:00:00+00:00,7.256999969482422,7.353000164031982,7.170000076293945,7.318999767303467
2026-06-29 04:00:00+00:00,7.318999767303467,7.339000225067139,7.209000110626221,7.310999870300293
2026-06-29 08:00:00+00:00,7.310999870300293,7.3520002365112305,7.267000198364258,7.296999931335449
2026-06-29 12:00:00+00:00,7.296000003814697,7.3979997634887695,7.191999912261963,7.315999984741211
2026-06-29 16:00:00+00:00,7.314000129699707,7.486000061035156,7.269000053405762,7.460000038146973
2026-06-29 20:00:00+00:00,7.4629998207092285,7.465000152587891,7.361000061035156,7.369999885559082
2026-06-30 00:00:00+00:00,7.367000102996826,7.385000228881836,7.26200008392334,7.2820000648498535
2026-06-30 04:00:00+00:00,7.276000022888184,7.313000202178955,7.257999897003174,7.289000034332275
2026-06-30 08:00:00+00:00,7.289000034332275,7.294000148773193,7.234000205993652,7.248000144958496
2026-06-30 12:00:00+00:00,7.244999885559082,7.258999824523926,7.110000133514404,7.144000053405762
2026-06-30 16:00:00+00:00,7.142000198364258,7.21999979019165,7.111999988555908,7.201000213623047
2026-06-30 20:00:00+00:00,7.192999839782715,7.203000068664551,7.140999794006348,7.189000129699707
2026-07-01 00:00:00+00:00,7.192999839782715,7.295000076293945,7.070000171661377,7.28000020980835
2026-07-01 04:00:00+00:00,7.28000020980835,7.315999984741211,7.169000148773193,7.195000171661377
2026-07-01 08:00:00+00:00,7.193999767303467,7.255000114440918,7.165999889373779,7.210999965667725
2026-07-01 12:00:00+00:00,7.2129998207092285,7.453999996185303,7.183000087738037,7.408999919891357
2026-07-01 16:00:00+00:00,7.408999919891357,7.435999870300293,7.343999862670898,7.382999897003174
2026-07-01 20:00:00+00:00,7.382999897003174,7.5289998054504395,7.341000080108643,7.349999904632568
2026-07-02 00:00:00+00:00,7.348999977111816,7.539000034332275,7.300000190734863,7.53000020980835
2026-07-02 04:00:00+00:00,7.5320000648498535,7.533999919891357,7.419000148773193,7.443999767303467
2026-07-02 08:00:00+00:00,7.447999954223633,7.65500020980835,7.440000057220459,7.646999835968018
2026-07-02 12:00:00+00:00,7.64300012588501,7.934999942779541,7.636000156402588,7.7769999504089355
2026-07-02 16:00:00+00:00,7.781000137329102,7.810999870300293,7.716000080108643,7.736999988555908
2026-07-02 20:00:00+00:00,7.736999988555908,7.751999855041504,7.690000057220459,7.739999771118164
2026-07-03 00:00:00+00:00,7.738999843597412,7.822999954223633,7.7129998207092285,7.757999897003174
2026-07-03 04:00:00+00:00,7.757999897003174,7.798999786376953,7.718999862670898,7.761000156402588
2026-07-03 08:00:00+00:00,7.761000156402588,7.872000217437744,7.75600004196167,7.866000175476074
2026-07-03 12:00:00+00:00,7.864999771118164,7.88700008392334,7.802000045776367,7.839000225067139
2026-07-03 16:00:00+00:00,7.839000225067139,7.9670000076293945,7.809000015258789,7.940999984741211
2026-07-03 20:00:00+00:00,7.940000057220459,8.02400016784668,7.921000003814697,7.9670000076293945
2026-07-04 00:00:00+00:00,7.9679999351501465,7.982999801635742,7.888999938964844,7.914999961853027
2026-07-04 04:00:00+00:00,7.9120001792907715,7.9730000495910645,7.888000011444092,7.914999961853027
2026-07-04 08:00:00+00:00,7.915999889373779,7.934999942779541,7.873000144958496,7.90500020980835
2026-07-04 12:00:00+00:00,7.90500020980835,8.093999862670898,7.90500020980835,8.083000183105469
2026-07-04 16:00:00+00:00,8.081999778747559,8.170999526977539,8.050000190734863,8.069999694824219
2026-07-04 20:00:00+00:00,8.069000244140625,8.083000183105469,7.968999862670898,8.0
2026-07-05 00:00:00+00:00,7.999000072479248,8.003000259399414,7.870999813079834,7.888000011444092
2026-07-05 04:00:00+00:00,7.888000011444092,7.923999786376953,7.8460001945495605,7.918000221252441
2026-07-05 08:00:00+00:00,7.919000148773193,7.935999870300293,7.830999851226807,7.885000228881836
2026-07-05 12:00:00+00:00,7.88100004196167,8.00100040435791,7.867000102996826,7.956999778747559
2026-07-05 16:00:00+00:00,7.960000038146973,8.029000282287598,7.933000087738037,8.012999534606934
2026-07-05 20:00:00+00:00,8.015000343322754,8.142999649047852,7.96999979019165,8.053999900817871
2026-07-06 00:00:00+00:00,8.053000450134277,8.125,7.964000225067139,7.98799991607666
2026-07-06 04:00:00+00:00,7.986000061035156,7.998000144958496,7.900000095367432,7.943999767303467
2026-07-06 08:00:00+00:00,7.942999839782715,7.9770002365112305,7.877999782562256,7.914999961853027
2026-07-06 12:00:00+00:00,7.913000106811523,8.020999908447266,7.75,8.013999938964844
2026-07-06 16:00:00+00:00,8.017000198364258,8.07800006866455,7.978000164031982,7.995999813079834
2026-07-06 20:00:00+00:00,8.001999855041504,8.156000137329102,7.9679999351501465,8.015000343322754
2026-07-07 00:00:00+00:00,8.019000053405762,8.064000129699707,7.869999885559082,7.879000186920166
2026-07-07 04:00:00+00:00,7.879000186920166,7.940000057220459,7.809999942779541,7.9019999504089355
2026-07-07 08:00:00+00:00,7.90500020980835,7.952000141143799,7.879000186920166,7.920000076293945
2026-07-07 12:00:00+00:00,7.921999931335449,8.015999794006348,7.793000221252441,7.989999771118164
2026-07-07 16:00:00+00:00,7.998000144958496,8.041000366210938,7.855999946594238,7.920000076293945
2026-07-07 20:00:00+00:00,7.921999931335449,7.934999942779541,7.800000190734863,7.8470001220703125
2026-07-08 00:00:00+00:00,7.859000205993652,7.889999866485596,7.6620001792907715,7.689000129699707
2026-07-08 04:00:00+00:00,7.689000129699707,7.7230000495910645,7.644000053405762,7.695000171661377
2026-07-08 08:00:00+00:00,7.692999839782715,7.714000225067139,7.541999816894531,7.627999782562256
2026-07-08 12:00:00+00:00,7.629000186920166,7.635000228881836,7.517000198364258,7.546999931335449
2026-07-08 16:00:00+00:00,7.546000003814697,7.65500020980835,7.538000106811523,7.639999866485596
2026-07-08 20:00:00+00:00,7.63700008392334,7.656000137329102,7.5879998207092285,7.632999897003174
2026-07-09 00:00:00+00:00,7.636000156402588,7.697999954223633,7.567999839782715,7.614999771118164
2026-07-09 04:00:00+00:00,7.616000175476074,7.775000095367432,7.609000205993652,7.7220001220703125
2026-07-09 08:00:00+00:00,7.7220001220703125,7.763999938964844,7.699999809265137,7.728000164031982
2026-07-09 12:00:00+00:00,7.728000164031982,7.769000053405762,7.671000003814697,7.695000171661377
2026-07-09 16:00:00+00:00,7.696000099182129,7.806000232696533,7.668000221252441,7.764999866485596
2026-07-09 20:00:00+00:00,7.767000198364258,7.781000137329102,7.7179999351501465,7.729000091552734
2026-07-10 00:00:00+00:00,7.7270002365112305,7.929999828338623,7.703999996185303,7.89900016784668
2026-07-10 04:00:00+00:00,7.901000022888184,7.919000148773193,7.870999813079834,7.89300012588501
2026-07-10 08:00:00+00:00,7.894999980926514,8.01099967956543,7.892000198364258,7.986000061035156
2026-07-10 12:00:00+00:00,7.985000133514404,8.01099967956543,7.853000164031982,7.914999961853027
2026-07-10 16:00:00+00:00,7.919000148773193,7.966000080108643,7.88100004196167,7.909999847412109
2026-07-10 20:00:00+00:00,7.910999774932861,7.964000225067139,7.889999866485596,7.964000225067139
2026-07-11 00:00:00+00:00,7.9629998207092285,8.0,7.935999870300293,7.991000175476074
2026-07-11 04:00:00+00:00,7.991000175476074,8.01200008392334,7.965000152587891,7.986000061035156
2026-07-11 08:00:00+00:00,7.985000133514404,8.008000373840332,7.965000152587891,7.99399995803833
2026-07-11 12:00:00+00:00,7.997000217437744,8.081000328063965,7.989999771118164,8.055000305175781
2026-07-11 16:00:00+00:00,8.055999755859375,8.112000465393066,8.029999732971191,8.076000213623047
2026-07-11 20:00:00+00:00,8.074999809265137,8.07800006866455,7.90500020980835,7.914000034332275
2026-07-12 00:00:00+00:00,7.909999847412109,8.038999557495117,7.855000019073486,8.031999588012695
2026-07-12 04:00:00+00:00,8.036999702453613,8.045000076293945,7.926000118255615,7.96999979019165
2026-07-12 08:00:00+00:00,7.96999979019165,8.032999992370605,7.968999862670898,8.026000022888184
2026-07-12 12:00:00+00:00,8.02299976348877,8.09000015258789,8.010000228881836,8.0649995803833
2026-07-12 16:00:00+00:00,8.067000389099121,8.079000473022461,8.017000198364258,8.072999954223633
2026-07-12 20:00:00+00:00,8.074000358581543,8.090999603271484,7.940999984741211,7.992000102996826
2026-07-13 00:00:00+00:00,7.992000102996826,8.130000114440918,7.866000175476074,7.9120001792907715
2026-07-13 04:00:00+00:00,7.9070000648498535,7.98799991607666,7.882999897003174,7.9720001220703125
2026-07-13 08:00:00+00:00,7.97599983215332,8.006999969482422,7.925000190734863,7.928999900817871
2026-07-13 12:00:00+00:00,7.928999900817871,7.984000205993652,7.854000091552734,7.929999828338623
2026-07-13 16:00:00+00:00,7.926000118255615,7.946000099182129,7.789999961853027,7.895999908447266
2026-07-13 20:00:00+00:00,7.894000053405762,7.90500020980835,7.793000221252441,7.879000186920166
2026-07-14 00:00:00+00:00,7.881999969482422,7.951000213623047,7.854000091552734,7.909999847412109
2026-07-14 04:00:00+00:00,7.909999847412109,7.98199987411499,7.90500020980835,7.9120001792907715
2026-07-14 08:00:00+00:00,7.909999847412109,7.986999988555908,7.888000011444092,7.980999946594238
2026-07-14 12:00:00+00:00,7.980999946594238,8.38700008392334,7.940999984741211,8.288000106811523
2026-07-14 16:00:00+00:00,8.293999671936035,8.307999610900879,8.206999778747559,8.28499984741211
2026-07-14 20:00:00+00:00,8.286999702453613,8.348999977111816,8.244999885559082,8.340999603271484
2026-07-15 00:00:00+00:00,8.345000267028809,8.354000091552734,8.262999534606934,8.315999984741211
2026-07-15 04:00:00+00:00,8.314000129699707,8.406000137329102,8.302000045776367,8.32699966430664
2026-07-15 08:00:00+00:00,8.329999923706055,8.428999900817871,8.321999549865723,8.418000221252441
2026-07-15 12:00:00+00:00,8.418000221252441,8.626999855041504,8.395000457763672,8.545999526977539
2026-07-15 16:00:00+00:00,8.550000190734863,8.562999725341797,8.416999816894531,8.496999740600586
2026-07-15 20:00:00+00:00,8.5,8.567000389099121,8.491000175476074,8.53600025177002
2026-07-16 00:00:00+00:00,8.531000137329102,8.559000015258789,8.446000099182129,8.522000312805176
2026-07-16 04:00:00+00:00,8.522000312805176,8.560999870300293,8.458999633789062,8.51099967956543
2026-07-16 08:00:00+00:00,8.510000228881836,8.51200008392334,8.390999794006348,8.4399995803833
2026-07-16 12:00:00+00:00,8.439000129699707,8.48799991607666,8.366999626159668,8.437000274658203
2026-07-16 16:00:00+00:00,8.437999725341797,8.446000099182129,8.348999977111816,8.399999618530273
2026-07-16 20:00:00+00:00,8.39900016784668,8.449000358581543,8.303999900817871,8.333000183105469
2026-07-17 00:00:00+00:00,8.333999633789062,8.361000061035156,8.24899959564209,8.27400016784668
2026-07-17 04:00:00+00:00,8.27299976348877,8.29800033569336,8.147000312805176,8.163999557495117
2026-07-17 08:00:00+00:00,8.166000366210938,8.215999603271484,8.125,8.197999954223633
2026-07-17 12:00:00+00:00,8.194999694824219,8.197999954223633,8.00100040435791,8.15999984741211
2026-07-17 16:00:00+00:00,8.16100025177002,8.279999732971191,8.145999908447266,8.244000434875488
2026-07-17 20:00:00+00:00,8.243000030517578,8.277000427246094,8.211000442504883,8.24899959564209
2026-07-18 00:00:00+00:00,8.25,8.293999671936035,8.232000350952148,8.277000427246094
2026-07-18 04:00:00+00:00,8.279999732971191,8.279999732971191,8.232000350952148,8.244999885559082
2026-07-18 08:00:00+00:00,8.244999885559082,8.288999557495117,8.206000328063965,8.281999588012695
2026-07-18 12:00:00+00:00,8.279999732971191,8.333999633789062,8.246999740600586,8.270000457763672
2026-07-18 16:00:00+00:00,8.270999908447266,8.345999717712402,8.253999710083008,8.329999923706055
2026-07-18 20:00:00+00:00,8.329999923706055,8.371999740600586,8.321999549865723,8.343999862670898
2026-07-19 00:00:00+00:00,8.343999862670898,8.380999565124512,8.324999809265137,8.34000015258789
2026-07-19 04:00:00+00:00,8.33899974822998,8.371999740600586,8.324000358581543,8.36299991607666
2026-07-19 08:00:00+00:00,8.364999771118164,8.378999710083008,8.314000129699707,8.35200023651123
2026-07-19 12:00:00+00:00,8.35099983215332,8.383000373840332,8.317000389099121,8.35200023651123
2026-07-19 16:00:00+00:00,8.354000091552734,8.373000144958496,8.28600025177002,8.331000328063965
2026-07-19 20:00:00+00:00,8.331999778747559,8.406000137329102,8.317999839782715,8.378999710083008
2026-07-20 00:00:00+00:00,8.373000144958496,8.527000427246094,8.359000205993652,8.449999809265137
2026-07-20 04:00:00+00:00,8.449999809265137,8.463000297546387,8.28600025177002,8.35200023651123
2026-07-20 08:00:00+00:00,8.35099983215332,8.510000228881836,8.295999526977539,8.503999710083008
2026-07-20 12:00:00+00:00,8.50100040435791,8.559000015258789,8.302000045776367,8.54699993133545
2026-07-20 16:00:00+00:00,8.550999641418457,8.637999534606934,8.505000114440918,8.550000190734863
2026-07-20 20:00:00+00:00,8.553999900817871,8.609999656677246,8.517000198364258,8.586000442504883
2026-07-21 00:00:00+00:00,8.579999923706055,8.645000457763672,8.562999725341797,8.630999565124512
2026-07-21 04:00:00+00:00,8.628999710083008,8.74899959564209,8.619000434875488,8.734000205993652
2026-07-21 08:00:00+00:00,8.732999801635742,8.75100040435791,8.678999900817871,8.697999954223633
2026-07-21 12:00:00+00:00,8.701000213623047,8.732999801635742,8.645000457763672,8.6850004196167
2026-07-21 16:00:00+00:00,8.687999725341797,8.699000358581543,8.598999977111816,8.619999885559082
2026-07-21 20:00:00+00:00,8.621999740600586,8.652999877929688,8.600000381469727,8.652000427246094
2026-07-22 00:00:00+00:00,8.64799976348877,8.718999862670898,8.645999908447266,8.678000450134277
2026-07-22 04:00:00+00:00,8.675999641418457,8.741000175476074,8.569999694824219,8.579999923706055
2026-07-22 08:00:00+00:00,8.579000473022461,8.678000450134277,8.576000213623047,8.633999824523926
2026-07-22 12:00:00+00:00,8.633999824523926,8.74899959564209,8.572999954223633,8.684000015258789
2026-07-22 16:00:00+00:00,8.687000274658203,8.730999946594238,8.586999893188477,8.642000198364258
2026-07-22 20:00:00+00:00,8.640000343322754,8.661999702453613,8.616000175476074,8.645000457763672
2026-07-23 00:00:00+00:00,8.630000114440918,8.678999900817871,8.604999542236328,8.607000350952148
