Datetime,Open,High,Low,Close
2024-07-23 00:00:00+00:00,0.3469240069389343,0.35138341784477234,0.3469240069389343,0.34782156348228455
2024-07-23 04:00:00+00:00,0.34781137108802795,0.3481990098953247,0.3370826840400696,0.33888816833496094
2024-07-23 08:00:00+00:00,0.33890262246131897,0.3465392291545868,0.3388969898223877,0.342063844203949
2024-07-23 12:00:00+00:00,0.34204354882240295,0.34310656785964966,0.33574366569519043,0.337555468082428
2024-07-23 16:00:00+00:00,0.33758413791656494,0.33758413791656494,0.3264499604701996,0.3337959349155426
2024-07-23 20:00:00+00:00,0.33377090096473694,0.33448076248168945,0.3301834464073181,0.33200153708457947
2024-07-24 00:00:00+00:00,0.3319961726665497,0.33357876539230347,0.32868456840515137,0.3323175013065338
2024-07-24 04:00:00+00:00,0.3323184847831726,0.3352785110473633,0.329654335975647,0.3352785110473633
2024-07-24 08:00:00+00:00,0.335380494594574,0.33995991945266724,0.334774374961853,0.33910274505615234
2024-07-24 12:00:00+00:00,0.3391149938106537,0.3411615192890167,0.3363250494003296,0.3368551731109619
2024-07-24 16:00:00+00:00,0.3368057608604431,0.33988481760025024,0.3322896957397461,0.33250778913497925
2024-07-24 20:00:00+00:00,0.3323735296726227,0.3339518904685974,0.32614070177078247,0.3277052640914917
2024-07-25 00:00:00+00:00,0.32768821716308594,0.3290409743785858,0.3141981363296509,0.31587740778923035
2024-07-25 04:00:00+00:00,0.3158762753009796,0.32052722573280334,0.3154529333114624,0.31794971227645874
2024-07-25 08:00:00+00:00,0.31734296679496765,0.3193020224571228,0.31520184874534607,0.3173457086086273
2024-07-25 12:00:00+00:00,0.3173268139362335,0.32094573974609375,0.31299009919166565,0.31805095076560974
2024-07-25 16:00:00+00:00,0.3180764317512512,0.3210243582725525,0.311817467212677,0.31448599696159363
2024-07-25 20:00:00+00:00,0.31449827551841736,0.3225506842136383,0.3108120262622833,0.32087260484695435
2024-07-26 00:00:00+00:00,0.3208630681037903,0.3277663290500641,0.3204352557659149,0.3264103829860687
2024-07-26 04:00:00+00:00,0.32642900943756104,0.33143356442451477,0.32642900943756104,0.3294501304626465
2024-07-26 08:00:00+00:00,0.3294592797756195,0.3313663899898529,0.329301655292511,0.33019232749938965
2024-07-26 12:00:00+00:00,0.3302077651023865,0.33354201912879944,0.3288196325302124,0.3318621814250946
2024-07-26 16:00:00+00:00,0.33186548948287964,0.3394927382469177,0.3318544924259186,0.3382037281990051
2024-07-26 20:00:00+00:00,0.3382188379764557,0.34231287240982056,0.33716723322868347,0.34230300784111023
2024-07-27 00:00:00+00:00,0.342298299074173,0.3455427289009094,0.34185779094696045,0.3448319137096405
2024-07-27 04:00:00+00:00,0.3448474407196045,0.3498976528644562,0.34475797414779663,0.34757161140441895
2024-07-27 08:00:00+00:00,0.3475296199321747,0.34918102622032166,0.34574347734451294,0.3473128080368042
2024-07-27 12:00:00+00:00,0.3473142981529236,0.35238176584243774,0.34563112258911133,0.34694695472717285
2024-07-27 16:00:00+00:00,0.3469475209712982,0.35012272000312805,0.34598347544670105,0.3491148054599762
2024-07-27 20:00:00+00:00,0.34912240505218506,0.35229527950286865,0.3445916175842285,0.349508672952652
2024-07-28 00:00:00+00:00,0.3494754135608673,0.3494754135608673,0.3456958830356598,0.3456958830356598
2024-07-28 04:00:00+00:00,0.3456723690032959,0.3456723690032959,0.3402663767337799,0.34313979744911194
2024-07-28 08:00:00+00:00,0.3431432843208313,0.34584909677505493,0.3429724872112274,0.34433263540267944
2024-07-28 12:00:00+00:00,0.3443300426006317,0.3443300426006317,0.3401857614517212,0.3412490487098694
2024-07-28 16:00:00+00:00,0.34124672412872314,0.34220466017723083,0.3398745059967041,0.3398820459842682
2024-07-28 20:00:00+00:00,0.33985134959220886,0.33985134959220886,0.3352809250354767,0.3362730145454407
2024-07-29 00:00:00+00:00,0.3362461030483246,0.34778454899787903,0.3362446129322052,0.3437110185623169
2024-07-29 04:00:00+00:00,0.3437199294567108,0.3456173837184906,0.3420637845993042,0.34449318051338196
2024-07-29 08:00:00+00:00,0.3444976508617401,0.3467572331428528,0.34290212392807007,0.344009131193161
2024-07-29 12:00:00+00:00,0.3440103828907013,0.3460449278354645,0.3335239887237549,0.3360004723072052
2024-07-29 16:00:00+00:00,0.33603978157043457,0.33688175678253174,0.3308454751968384,0.33580562472343445
2024-07-29 20:00:00+00:00,0.335789293050766,0.3361436724662781,0.3318689167499542,0.3323262929916382
2024-07-30 00:00:00+00:00,0.3323034942150116,0.3384844958782196,0.3308148980140686,0.3371989130973816
2024-07-30 04:00:00+00:00,0.3371990919113159,0.34128981828689575,0.3363751471042633,0.34128981828689575
2024-07-30 08:00:00+00:00,0.3412994146347046,0.3418915867805481,0.3394871950149536,0.34050196409225464
2024-07-30 12:00:00+00:00,0.34049707651138306,0.3408459722995758,0.3349681496620178,0.3376433253288269
2024-07-30 16:00:00+00:00,0.3376466631889343,0.33882448077201843,0.3269657492637634,0.3280643820762634
2024-07-30 20:00:00+00:00,0.3280530869960785,0.33145079016685486,0.3245176076889038,0.3300077021121979
2024-07-31 00:00:00+00:00,0.3299822211265564,0.333555668592453,0.32595717906951904,0.3298807442188263
2024-07-31 04:00:00+00:00,0.3298986256122589,0.33552151918411255,0.3255991041660309,0.3324238657951355
2024-07-31 08:00:00+00:00,0.3322792053222656,0.33285000920295715,0.3276573717594147,0.3298235237598419
2024-07-31 12:00:00+00:00,0.3298323154449463,0.3332550823688507,0.32859915494918823,0.32866692543029785
2024-07-31 16:00:00+00:00,0.32865411043167114,0.3294481039047241,0.3127877116203308,0.3139883875846863
2024-07-31 20:00:00+00:00,0.314054399728775,0.3157096803188324,0.30907759070396423,0.31199562549591064
2024-08-01 00:00:00+00:00,0.3120148777961731,0.3149718940258026,0.31127646565437317,0.31183651089668274
2024-08-01 04:00:00+00:00,0.31181588768959045,0.31181588768959045,0.3052889406681061,0.31052470207214355
2024-08-01 08:00:00+00:00,0.3105134963989258,0.3131439983844757,0.31009218096733093,0.31083446741104126
2024-08-01 12:00:00+00:00,0.31083452701568604,0.31307676434516907,0.3014772832393646,0.3023504316806793
2024-08-01 16:00:00+00:00,0.3023965358734131,0.3023965358734131,0.29209837317466736,0.2990178167819977
2024-08-01 20:00:00+00:00,0.2990022897720337,0.3119085729122162,0.29648420214653015,0.3094607889652252
2024-08-02 00:00:00+00:00,0.3094727396965027,0.31109535694122314,0.3012751340866089,0.306969553232193
2024-08-02 04:00:00+00:00,0.30624815821647644,0.30624815821647644,0.29762905836105347,0.3007141649723053
2024-08-02 08:00:00+00:00,0.3007003664970398,0.3040994107723236,0.298515647649765,0.3027026951313019
2024-08-02 12:00:00+00:00,0.30270323157310486,0.3071317970752716,0.2848837077617645,0.2929210066795349
2024-08-02 16:00:00+00:00,0.2927996814250946,0.2929401993751526,0.28625112771987915,0.2888777256011963
2024-08-02 20:00:00+00:00,0.28883495926856995,0.29054540395736694,0.28473150730133057,0.2866966426372528
2024-08-03 00:00:00+00:00,0.2866660952568054,0.28952014446258545,0.27938082814216614,0.2895094156265259
2024-08-03 04:00:00+00:00,0.28956034779548645,0.29256099462509155,0.28858593106269836,0.2915074825286865
2024-08-03 08:00:00+00:00,0.2915075123310089,0.29524967074394226,0.29112839698791504,0.2950829565525055
2024-08-03 12:00:00+00:00,0.2950879633426666,0.2969449758529663,0.2836971580982208,0.283744752407074
2024-08-03 16:00:00+00:00,0.28372922539711,0.28475552797317505,0.26980486512184143,0.26980486512184143
2024-08-03 20:00:00+00:00,0.26975932717323303,0.27854102849960327,0.26911914348602295,0.2777099311351776
2024-08-04 00:00:00+00:00,0.2776595950126648,0.2839398682117462,0.2769235670566559,0.28176501393318176
2024-08-04 04:00:00+00:00,0.2817603349685669,0.2828884720802307,0.2790822684764862,0.27939048409461975
2024-08-04 08:00:00+00:00,0.2793762981891632,0.28093114495277405,0.27782389521598816,0.27977657318115234
2024-08-04 12:00:00+00:00,0.2798101603984833,0.28129473328590393,0.2680148482322693,0.2680148482322693
2024-08-04 16:00:00+00:00,0.2680584490299225,0.27315443754196167,0.25766322016716003,0.2725597620010376
2024-08-04 20:00:00+00:00,0.27251702547073364,0.27508875727653503,0.2665638327598572,0.2665841579437256
2024-08-05 00:00:00+00:00,0.2665853202342987,0.268759548664093,0.23566550016403198,0.23731596767902374
2024-08-05 04:00:00+00:00,0.23731091618537903,0.24055679142475128,0.21815656125545502,0.23931516706943512
2024-08-05 08:00:00+00:00,0.23925042152404785,0.23925042152404785,0.2225600928068161,0.22910748422145844
2024-08-05 12:00:00+00:00,0.22915269434452057,0.25821202993392944,0.22315074503421783,0.2580280601978302
2024-08-05 16:00:00+00:00,0.25804078578948975,0.26154646277427673,0.2483043372631073,0.250596284866333
2024-08-05 20:00:00+00:00,0.2505767345428467,0.25745919346809387,0.2505767345428467,0.25362008810043335
2024-08-06 00:00:00+00:00,0.2535976767539978,0.26692995429039,0.2535301744937897,0.2607944905757904
2024-08-06 04:00:00+00:00,0.2607872486114502,0.26609697937965393,0.2594251334667206,0.26532548666000366
2024-08-06 08:00:00+00:00,0.26525551080703735,0.2653302848339081,0.25778892636299133,0.25872883200645447
2024-08-06 12:00:00+00:00,0.25874063372612,0.2667968273162842,0.25514036417007446,0.2655293047428131
2024-08-06 16:00:00+00:00,0.26573076844215393,0.2676181495189667,0.2641226053237915,0.26472902297973633
2024-08-06 20:00:00+00:00,0.2644869089126587,0.26772552728652954,0.2628680169582367,0.26477429270744324
2024-08-07 00:00:00+00:00,0.26481392979621887,0.27116456627845764,0.26313769817352295,0.2683713734149933
2024-08-07 04:00:00+00:00,0.26834654808044434,0.2711428105831146,0.26606592535972595,0.26795220375061035
2024-08-07 08:00:00+00:00,0.267937570810318,0.2695908844470978,0.26548466086387634,0.26577451825141907
2024-08-07 12:00:00+00:00,0.2655946910381317,0.26875245571136475,0.2558572590351105,0.25751522183418274
2024-08-07 16:00:00+00:00,0.2574370503425598,0.2574934661388397,0.2506265342235565,0.2520720660686493
2024-08-07 20:00:00+00:00,0.2521006762981415,0.25621727108955383,0.2508257329463959,0.25449103116989136
2024-08-08 00:00:00+00:00,0.2545366585254669,0.2675721049308777,0.250216007232666,0.26466214656829834
2024-08-08 04:00:00+00:00,0.26461416482925415,0.266451895236969,0.2635967433452606,0.26416492462158203
2024-08-08 08:00:00+00:00,0.2641471326351166,0.2645919620990753,0.26234638690948486,0.26323142647743225
2024-08-08 12:00:00+00:00,0.2632269561290741,0.2712332606315613,0.2626524865627289,0.27091941237449646
2024-08-08 16:00:00+00:00,0.2709355652332306,0.2734043598175049,0.2708326578140259,0.2708365023136139
2024-08-08 20:00:00+00:00,0.2708289325237274,0.2800722122192383,0.2706077992916107,0.2794073820114136
2024-08-09 00:00:00+00:00,0.2790795862674713,0.27908530831336975,0.2756456136703491,0.27655184268951416
2024-08-09 04:00:00+00:00,0.27655747532844543,0.27784860134124756,0.2727537155151367,0.27651655673980713
2024-08-09 08:00:00+00:00,0.2765255868434906,0.2779879868030548,0.2750498056411743,0.2779879868030548
2024-08-09 12:00:00+00:00,0.2779894769191742,0.2789703607559204,0.2721141576766968,0.2734312117099762
2024-08-09 16:00:00+00:00,0.27342215180397034,0.27738842368125916,0.2731613218784332,0.27612924575805664
2024-08-09 20:00:00+00:00,0.2761201858520508,0.2783518433570862,0.27485814690589905,0.2783518433570862
2024-08-10 00:00:00+00:00,0.27831777930259705,0.28149300813674927,0.2748548686504364,0.2757260501384735
2024-08-10 04:00:00+00:00,0.2756880223751068,0.27842745184898376,0.2737559676170349,0.27842745184898376
2024-08-10 08:00:00+00:00,0.278467059135437,0.28225722908973694,0.2773445248603821,0.28187477588653564
2024-08-10 12:00:00+00:00,0.2819635570049286,0.2819814085960388,0.27784988284111023,0.2807443141937256
2024-08-10 16:00:00+00:00,0.2807515561580658,0.2855190634727478,0.2796292304992676,0.2848559021949768
2024-08-10 20:00:00+00:00,0.28486886620521545,0.2863757312297821,0.2822733223438263,0.28250551223754883
2024-08-11 00:00:00+00:00,0.2825013995170593,0.2843101918697357,0.2816751003265381,0.2818351984024048
2024-08-11 04:00:00+00:00,0.28181901574134827,0.28182899951934814,0.27999603748321533,0.28066518902778625
2024-08-11 08:00:00+00:00,0.2806565761566162,0.2834761142730713,0.2772478461265564,0.27758094668388367
2024-08-11 12:00:00+00:00,0.27758121490478516,0.2779712378978729,0.27172306180000305,0.27187731862068176
2024-08-11 16:00:00+00:00,0.27187007665634155,0.27380385994911194,0.26739558577537537,0.2682216763496399
2024-08-11 20:00:00+00:00,0.2682032585144043,0.2682032585144043,0.2630102038383484,0.26362982392311096
2024-08-12 00:00:00+00:00,0.26363441348075867,0.2683870792388916,0.26363441348075867,0.26726123690605164
2024-08-12 04:00:00+00:00,0.26727294921875,0.2699119746685028,0.2628207504749298,0.26960211992263794
2024-08-12 08:00:00+00:00,0.2695951461791992,0.2772243320941925,0.2694971263408661,0.2772243320941925
2024-08-12 12:00:00+00:00,0.27719369530677795,0.280735582113266,0.2684912085533142,0.2792825996875763
2024-08-12 16:00:00+00:00,0.2792792022228241,0.2814076840877533,0.2749592065811157,0.27621427178382874
2024-08-12 20:00:00+00:00,0.2762451171875,0.2812221050262451,0.2747384011745453,0.27999475598335266
2024-08-13 00:00:00+00:00,0.2799949049949646,0.2800077497959137,0.27425459027290344,0.2743094563484192
2024-08-13 04:00:00+00:00,0.27432262897491455,0.27775079011917114,0.2727835178375244,0.27600428462028503
2024-08-13 08:00:00+00:00,0.2760002315044403,0.2760002315044403,0.2707170248031616,0.2716190814971924
2024-08-13 12:00:00+00:00,0.2716163098812103,0.2766706645488739,0.2716163098812103,0.2766426205635071
2024-08-13 16:00:00+00:00,0.2767387926578522,0.2880760729312897,0.2767387926578522,0.2848513126373291
2024-08-13 20:00:00+00:00,0.284883975982666,0.2851867079734802,0.2823820412158966,0.2827657163143158
2024-08-14 00:00:00+00:00,0.28277280926704407,0.282870352268219,0.27912041544914246,0.2805224657058716
2024-08-14 04:00:00+00:00,0.28047895431518555,0.2805868089199066,0.2777402698993683,0.27799364924430847
2024-08-14 08:00:00+00:00,0.27791300415992737,0.2804754972457886,0.27656883001327515,0.27773934602737427
2024-08-14 12:00:00+00:00,0.27774566411972046,0.2812572419643402,0.2699049711227417,0.27622315287590027
2024-08-14 16:00:00+00:00,0.27618128061294556,0.27618128061294556,0.2721923887729645,0.2730151414871216
2024-08-14 20:00:00+00:00,0.273014634847641,0.2737337350845337,0.27164942026138306,0.27340370416641235
2024-08-15 00:00:00+00:00,0.27339106798171997,0.2764742970466614,0.2728850841522217,0.27620944380760193
2024-08-15 04:00:00+00:00,0.27621880173683167,0.2771185040473938,0.2734255790710449,0.27711009979248047
2024-08-15 08:00:00+00:00,0.27712154388427734,0.2813068926334381,0.2753031253814697,0.27721482515335083
2024-08-15 12:00:00+00:00,0.2772030532360077,0.28306370973587036,0.2772030532360077,0.28014686703681946
2024-08-15 16:00:00+00:00,0.2801472544670105,0.280710905790329,0.2677348852157593,0.26937952637672424
2024-08-15 20:00:00+00:00,0.2693948447704315,0.26982152462005615,0.2655833661556244,0.26868826150894165
2024-08-16 00:00:00+00:00,0.26862627267837524,0.2699524164199829,0.2658070921897888,0.26703351736068726
2024-08-16 04:00:00+00:00,0.26702389121055603,0.27130869030952454,0.2666184902191162,0.27010205388069153
2024-08-16 08:00:00+00:00,0.270101398229599,0.2701769769191742,0.2671652138233185,0.2673698365688324
2024-08-16 12:00:00+00:00,0.26735347509384155,0.26790595054626465,0.2596490681171417,0.2604575455188751
2024-08-16 16:00:00+00:00,0.26048219203948975,0.2674497365951538,0.26048219203948975,0.26668497920036316
2024-08-16 20:00:00+00:00,0.26669880747795105,0.2673410475254059,0.2628623843193054,0.26306137442588806
2024-08-17 00:00:00+00:00,0.2630630433559418,0.26368945837020874,0.26135772466659546,0.26225486397743225
2024-08-17 04:00:00+00:00,0.262241005897522,0.26360639929771423,0.26200324296951294,0.26349613070487976
2024-08-17 08:00:00+00:00,0.2635016143321991,0.26386263966560364,0.2591755986213684,0.2591755986213684
2024-08-17 12:00:00+00:00,0.25917932391166687,0.26357051730155945,0.25851932168006897,0.2628980278968811
2024-08-17 16:00:00+00:00,0.2628883421421051,0.2653616666793823,0.26269960403442383,0.26391881704330444
2024-08-17 20:00:00+00:00,0.26392504572868347,0.2655528783798218,0.26363682746887207,0.26536303758621216
2024-08-18 00:00:00+00:00,0.26540568470954895,0.26676782965660095,0.26445966958999634,0.2647896707057953
2024-08-18 04:00:00+00:00,0.2647644281387329,0.2651178538799286,0.2632552981376648,0.2644583284854889
2024-08-18 08:00:00+00:00,0.2644628584384918,0.26925525069236755,0.2627296447753906,0.26848191022872925
2024-08-18 12:00:00+00:00,0.2684788703918457,0.2743632197380066,0.2684788703918457,0.27040693163871765
2024-08-18 16:00:00+00:00,0.270394504070282,0.2717213034629822,0.2681209444999695,0.27091658115386963
2024-08-18 20:00:00+00:00,0.2709173858165741,0.2710837125778198,0.26565665006637573,0.26565665006637573
2024-08-19 00:00:00+00:00,0.2655799090862274,0.26583927869796753,0.26110780239105225,0.2651554048061371
2024-08-19 04:00:00+00:00,0.2651432156562805,0.26575565338134766,0.262876033782959,0.26452624797821045
2024-08-19 08:00:00+00:00,0.2644280195236206,0.26631292700767517,0.2603478729724884,0.26256054639816284
2024-08-19 12:00:00+00:00,0.2627134919166565,0.2655106782913208,0.26175257563591003,0.26405584812164307
2024-08-19 16:00:00+00:00,0.26369133591651917,0.2686755657196045,0.2608462870121002,0.26759615540504456
2024-08-19 20:00:00+00:00,0.26769182085990906,0.2697596251964569,0.2676878571510315,0.26974576711654663
2024-08-20 00:00:00+00:00,0.2698575556278229,0.2740825414657593,0.26832929253578186,0.2718956768512726
2024-08-20 04:00:00+00:00,0.2718762457370758,0.2736837565898895,0.2715771794319153,0.27307629585266113
2024-08-20 08:00:00+00:00,0.27315422892570496,0.2739878296852112,0.271597683429718,0.27188968658447266
2024-08-20 12:00:00+00:00,0.2719365954399109,0.2746460437774658,0.26493754982948303,0.2666333317756653
2024-08-20 16:00:00+00:00,0.2668173909187317,0.26985964179039,0.26605024933815,0.26970168948173523
2024-08-20 20:00:00+00:00,0.2695835530757904,0.27119213342666626,0.268265038728714,0.26921191811561584
2024-08-21 00:00:00+00:00,0.26928576827049255,0.2718794643878937,0.2680496573448181,0.27025073766708374
2024-08-21 04:00:00+00:00,0.2702603042125702,0.27420318126678467,0.2702603042125702,0.2741759419441223
2024-08-21 08:00:00+00:00,0.27419838309288025,0.2744438350200653,0.2715621292591095,0.27268093824386597
2024-08-21 12:00:00+00:00,0.2726818919181824,0.2754916250705719,0.2692965269088745,0.2748342752456665
2024-08-21 16:00:00+00:00,0.27469590306282043,0.283212274312973,0.2741924226284027,0.283212274312973
2024-08-21 20:00:00+00:00,0.28458890318870544,0.2910248935222626,0.28352490067481995,0.28412091732025146
2024-08-22 00:00:00+00:00,0.28446871042251587,0.28483349084854126,0.2794344425201416,0.2814536988735199
2024-08-22 04:00:00+00:00,0.281625360250473,0.28308752179145813,0.2815031409263611,0.282641738653183
2024-08-22 08:00:00+00:00,0.2826084792613983,0.28661784529685974,0.2823191285133362,0.2854960858821869
2024-08-22 12:00:00+00:00,0.28547561168670654,0.2855289578437805,0.2819901406764984,0.28299903869628906
2024-08-22 16:00:00+00:00,0.2829968333244324,0.28643226623535156,0.2829968333244324,0.285929799079895
2024-08-22 20:00:00+00:00,0.2859417796134949,0.2876577079296112,0.2859417796134949,0.2874493896961212
2024-08-23 00:00:00+00:00,0.2874710261821747,0.29311493039131165,0.28703320026397705,0.29150378704071045
2024-08-23 04:00:00+00:00,0.2914997339248657,0.2970938980579376,0.2914886474609375,0.2967216670513153
2024-08-23 08:00:00+00:00,0.2967450022697449,0.29800811409950256,0.2936900556087494,0.2936900556087494
2024-08-23 12:00:00+00:00,0.29366692900657654,0.3008207380771637,0.29341447353363037,0.30010026693344116
2024-08-23 16:00:00+00:00,0.300121545791626,0.30910536646842957,0.30008479952812195,0.307588130235672
2024-08-23 20:00:00+00:00,0.30758094787597656,0.31239089369773865,0.3075672388076782,0.3089519739151001
2024-08-24 00:00:00+00:00,0.30892300605773926,0.3116303086280823,0.30755797028541565,0.3081014156341553
2024-08-24 04:00:00+00:00,0.3080981969833374,0.3090408146381378,0.3064297139644623,0.3074629008769989
2024-08-24 08:00:00+00:00,0.30747485160827637,0.3170967102050781,0.3073323667049408,0.3143174946308136
2024-08-24 12:00:00+00:00,0.3143085241317749,0.31775224208831787,0.31343692541122437,0.3153245151042938
2024-08-24 16:00:00+00:00,0.3152002990245819,0.32172027230262756,0.3151347041130066,0.3202875256538391
2024-08-24 20:00:00+00:00,0.3203134536743164,0.32078561186790466,0.31227514147758484,0.3168490529060364
2024-08-25 00:00:00+00:00,0.31684255599975586,0.31709402799606323,0.3074361979961395,0.31007081270217896
2024-08-25 04:00:00+00:00,0.31006860733032227,0.3134920597076416,0.30374547839164734,0.3040371239185333
2024-08-25 08:00:00+00:00,0.3040529489517212,0.3097907602787018,0.30310988426208496,0.30874067544937134
2024-08-25 12:00:00+00:00,0.3087347149848938,0.31300991773605347,0.30848342180252075,0.31064197421073914
2024-08-25 16:00:00+00:00,0.31065088510513306,0.31295084953308105,0.30870217084884644,0.3095873296260834
2024-08-25 20:00:00+00:00,0.3095916509628296,0.3132041394710541,0.30719712376594543,0.3072831928730011
2024-08-26 00:00:00+00:00,0.3073423206806183,0.31032243371009827,0.30276060104370117,0.30543503165245056
2024-08-26 04:00:00+00:00,0.30545151233673096,0.30715420842170715,0.30159345269203186,0.302936315536499
2024-08-26 08:00:00+00:00,0.3029281795024872,0.30498167872428894,0.30084219574928284,0.30128833651542664
2024-08-26 12:00:00+00:00,0.30125343799591064,0.30127230286598206,0.29451504349708557,0.29646557569503784
2024-08-26 16:00:00+00:00,0.29647302627563477,0.29681694507598877,0.289047509431839,0.2919335961341858
2024-08-26 20:00:00+00:00,0.2918901741504669,0.29389071464538574,0.28990232944488525,0.28990232944488525
2024-08-27 00:00:00+00:00,0.28988051414489746,0.2943199872970581,0.28988051414489746,0.29339689016342163
2024-08-27 04:00:00+00:00,0.2936522662639618,0.2970920503139496,0.2926776707172394,0.2943562865257263
2024-08-27 08:00:00+00:00,0.2942923605442047,0.29447588324546814,0.2867092788219452,0.2893109619617462
2024-08-27 12:00:00+00:00,0.28929221630096436,0.2919325828552246,0.2877449691295624,0.2900107204914093
2024-08-27 16:00:00+00:00,0.2900063097476959,0.2945687472820282,0.2890409529209137,0.2934263348579407
2024-08-27 20:00:00+00:00,0.29373428225517273,0.29373428225517273,0.2749670147895813,0.2788164019584656
2024-08-28 00:00:00+00:00,0.2787075638771057,0.27893149852752686,0.2752126157283783,0.27893149852752686
2024-08-28 04:00:00+00:00,0.278842568397522,0.2788889706134796,0.27542877197265625,0.27547207474708557
2024-08-28 08:00:00+00:00,0.27495619654655457,0.28615763783454895,0.27423912286758423,0.28263863921165466
2024-08-28 12:00:00+00:00,0.28264862298965454,0.2841436266899109,0.27561482787132263,0.2769489884376526
2024-08-28 16:00:00+00:00,0.2769657075405121,0.28130093216896057,0.2687603235244751,0.2782105505466461
2024-08-28 20:00:00+00:00,0.2782270312309265,0.27904212474823,0.2728712260723114,0.2748839259147644
2024-08-29 00:00:00+00:00,0.2748886048793793,0.27776333689689636,0.27466630935668945,0.2761561870574951
2024-08-29 04:00:00+00:00,0.2761803865432739,0.2793079614639282,0.27573809027671814,0.2786659598350525
2024-08-29 08:00:00+00:00,0.2786622643470764,0.2809445858001709,0.2765088975429535,0.2799040377140045
2024-08-29 12:00:00+00:00,0.27989453077316284,0.2825166583061218,0.27801313996315,0.280672550201416
2024-08-29 16:00:00+00:00,0.28070008754730225,0.2820117771625519,0.269476979970932,0.2716873288154602
2024-08-29 20:00:00+00:00,0.27172917127609253,0.2730956971645355,0.2701663374900818,0.27234363555908203
2024-08-30 00:00:00+00:00,0.2723701298236847,0.27393558621406555,0.27150192856788635,0.2726080119609833
2024-08-30 04:00:00+00:00,0.27260521054267883,0.2787276804447174,0.2724299728870392,0.27661070227622986
2024-08-30 08:00:00+00:00,0.27670344710350037,0.2818950414657593,0.27670344710350037,0.27903735637664795
2024-08-30 12:00:00+00:00,0.2790070176124573,0.2810177505016327,0.26706764101982117,0.26706764101982117
2024-08-30 16:00:00+00:00,0.26706966757774353,0.275601863861084,0.26501718163490295,0.27213969826698303
2024-08-30 20:00:00+00:00,0.2721191346645355,0.2731251120567322,0.2696201801300049,0.2725517451763153
2024-08-31 00:00:00+00:00,0.2725709080696106,0.27378618717193604,0.2714661657810211,0.27317556738853455
2024-08-31 04:00:00+00:00,0.2731814682483673,0.27432915568351746,0.27196457982063293,0.2722805440425873
2024-08-31 08:00:00+00:00,0.27229106426239014,0.27229106426239014,0.2689898610115051,0.271302729845047
2024-08-31 12:00:00+00:00,0.2713017165660858,0.27215492725372314,0.26956644654273987,0.27028587460517883
2024-08-31 16:00:00+00:00,0.27028948068618774,0.27050161361694336,0.26687413454055786,0.26725417375564575
2024-08-31 20:00:00+00:00,0.2672327756881714,0.2706315517425537,0.2667056918144226,0.2697184979915619
2024-09-01 00:00:00+00:00,0.26971954107284546,0.26971954107284546,0.26519981026649475,0.2669941484928131
2024-09-01 04:00:00+00:00,0.2669985592365265,0.2672441601753235,0.2628825604915619,0.2668617367744446
2024-09-01 08:00:00+00:00,0.2668752670288086,0.26773396134376526,0.26345542073249817,0.26517337560653687
2024-09-01 12:00:00+00:00,0.26517632603645325,0.2657229006290436,0.2606475353240967,0.26533204317092896
2024-09-01 16:00:00+00:00,0.26533493399620056,0.2660168707370758,0.25937792658805847,0.2638998031616211
2024-09-01 20:00:00+00:00,0.2639020085334778,0.2651415169239044,0.2533438205718994,0.2537195384502411
2024-09-02 00:00:00+00:00,0.2537185549736023,0.2563493251800537,0.2535814642906189,0.25563645362854004
2024-09-02 04:00:00+00:00,0.25562289357185364,0.2576413154602051,0.25347548723220825,0.2541295886039734
2024-09-02 08:00:00+00:00,0.25409308075904846,0.26454830169677734,0.25391948223114014,0.263092964887619
2024-09-02 12:00:00+00:00,0.26309216022491455,0.26507115364074707,0.2601719796657562,0.263374924659729
2024-09-02 16:00:00+00:00,0.26334089040756226,0.26438042521476746,0.2607770264148712,0.26194867491722107
2024-09-02 20:00:00+00:00,0.2619650065898895,0.26704269647598267,0.26187190413475037,0.26510071754455566
2024-09-03 00:00:00+00:00,0.2651032507419586,0.26804354786872864,0.2648543119430542,0.26552996039390564
2024-09-03 04:00:00+00:00,0.26552680134773254,0.26667094230651855,0.26475855708122253,0.266471266746521
2024-09-03 08:00:00+00:00,0.2664906680583954,0.26663368940353394,0.26389679312705994,0.26520058512687683
2024-09-03 12:00:00+00:00,0.2652062475681305,0.2659713625907898,0.2549939751625061,0.2549939751625061
2024-09-03 16:00:00+00:00,0.25500577688217163,0.259706050157547,0.254679799079895,0.25819236040115356
2024-09-03 20:00:00+00:00,0.25817549228668213,0.2592344880104065,0.25530821084976196,0.25530821084976196
2024-09-04 00:00:00+00:00,0.2552212178707123,0.2570892572402954,0.24478308856487274,0.2558058798313141
2024-09-04 04:00:00+00:00,0.25582677125930786,0.2597867548465729,0.25576335191726685,0.2586677074432373
2024-09-04 08:00:00+00:00,0.25867989659309387,0.25981366634368896,0.2547624707221985,0.25622817873954773
2024-09-04 12:00:00+00:00,0.2562335431575775,0.26448437571525574,0.255048006772995,0.2632668614387512
2024-09-04 16:00:00+00:00,0.2633458375930786,0.2674768269062042,0.2624480128288269,0.2631931006908417
2024-09-04 20:00:00+00:00,0.26321977376937866,0.26584118604660034,0.26321977376937866,0.264717161655426
2024-09-05 00:00:00+00:00,0.2647162675857544,0.26629021763801575,0.26033174991607666,0.2604452073574066
2024-09-05 04:00:00+00:00,0.26044949889183044,0.2638789415359497,0.2597538232803345,0.26352059841156006
2024-09-05 08:00:00+00:00,0.26352182030677795,0.2640082836151123,0.2595663368701935,0.2597945034503937
2024-09-05 12:00:00+00:00,0.2598233222961426,0.264629602432251,0.25701063871383667,0.2584402561187744
2024-09-05 16:00:00+00:00,0.2584187388420105,0.25999072194099426,0.2549822926521301,0.2553700804710388
2024-09-05 20:00:00+00:00,0.25539281964302063,0.25834909081459045,0.25539281964302063,0.25796714425086975
2024-09-06 00:00:00+00:00,0.2579665780067444,0.2614082098007202,0.25718390941619873,0.2601916491985321
2024-09-06 04:00:00+00:00,0.26002147793769836,0.2600916028022766,0.25509142875671387,0.2569698691368103
2024-09-06 08:00:00+00:00,0.25696635246276855,0.2588985562324524,0.2556646764278412,0.2571605443954468
2024-09-06 12:00:00+00:00,0.2571239769458771,0.26241961121559143,0.2529124915599823,0.25343409180641174
2024-09-06 16:00:00+00:00,0.25348690152168274,0.2537658214569092,0.2455580085515976,0.24666917324066162
2024-09-06 20:00:00+00:00,0.24664686620235443,0.24844606220722198,0.24025067687034607,0.2483338862657547
2024-09-07 00:00:00+00:00,0.2483261525630951,0.24985913932323456,0.24774980545043945,0.24857375025749207
2024-09-07 04:00:00+00:00,0.248545303940773,0.2551247775554657,0.24831873178482056,0.2549036741256714
2024-09-07 08:00:00+00:00,0.2549557089805603,0.25601524114608765,0.25485673546791077,0.25551965832710266
2024-09-07 12:00:00+00:00,0.2555112838745117,0.25962188839912415,0.2555112838745117,0.2588784098625183
2024-09-07 16:00:00+00:00,0.258853554725647,0.258853554725647,0.25486651062965393,0.2579241693019867
2024-09-07 20:00:00+00:00,0.2579098641872406,0.2579098641872406,0.25232425332069397,0.2544628083705902
2024-09-08 00:00:00+00:00,0.2544449269771576,0.2562636733055115,0.2536293864250183,0.25579386949539185
2024-09-08 04:00:00+00:00,0.25580161809921265,0.2595164179801941,0.25580161809921265,0.25909677147865295
2024-09-08 08:00:00+00:00,0.25910484790802,0.2603377103805542,0.2582164704799652,0.25924062728881836
2024-09-08 12:00:00+00:00,0.2592175602912903,0.25956442952156067,0.2552216649055481,0.2552216649055481
2024-09-08 16:00:00+00:00,0.2552047669887543,0.2576679289340973,0.2538279592990875,0.25638261437416077
2024-09-08 20:00:00+00:00,0.25638312101364136,0.26112374663352966,0.2550756633281708,0.2580007016658783
2024-09-09 00:00:00+00:00,0.2579934000968933,0.26001474261283875,0.25735050439834595,0.2590816915035248
2024-09-09 04:00:00+00:00,0.25908294320106506,0.2625652849674225,0.2572299540042877,0.2625652849674225
2024-09-09 08:00:00+00:00,0.26257723569869995,0.26558759808540344,0.26257723569869995,0.26262620091438293
2024-09-09 12:00:00+00:00,0.2626231610774994,0.26515233516693115,0.2613247334957123,0.26515233516693115
2024-09-09 16:00:00+00:00,0.26512861251831055,0.26948004961013794,0.26490119099617004,0.26948004961013794
2024-09-09 20:00:00+00:00,0.2694709599018097,0.27123796939849854,0.26786354184150696,0.2678668200969696
2024-09-10 00:00:00+00:00,0.2678687274456024,0.2678687274456024,0.2645972967147827,0.2647806406021118
2024-09-10 04:00:00+00:00,0.26477575302124023,0.2671820819377899,0.2642526626586914,0.2668118178844452
2024-09-10 08:00:00+00:00,0.26679274439811707,0.2673076391220093,0.2647610604763031,0.2669433057308197
2024-09-10 12:00:00+00:00,0.26692599058151245,0.2671371400356293,0.2641196548938751,0.2655878961086273
2024-09-10 16:00:00+00:00,0.265544056892395,0.27154237031936646,0.2651937007904053,0.2714957892894745
2024-09-10 20:00:00+00:00,0.2715039551258087,0.27192267775535583,0.2699454426765442,0.2704848051071167
2024-09-11 00:00:00+00:00,0.27047425508499146,0.27047425508499146,0.26421892642974854,0.2648336589336395
2024-09-11 04:00:00+00:00,0.2648393213748932,0.2648393213748932,0.2607637345790863,0.26359856128692627
2024-09-11 08:00:00+00:00,0.26359793543815613,0.26368317008018494,0.2618419826030731,0.2635313868522644
2024-09-11 12:00:00+00:00,0.26349958777427673,0.26667696237564087,0.25849515199661255,0.263535737991333
2024-09-11 16:00:00+00:00,0.26354578137397766,0.26843127608299255,0.26354578137397766,0.26649966835975647
2024-09-11 20:00:00+00:00,0.2664892077445984,0.2675202488899231,0.26646631956100464,0.2667333781719208
2024-09-12 00:00:00+00:00,0.2667291760444641,0.27139127254486084,0.26670312881469727,0.27089691162109375
2024-09-12 04:00:00+00:00,0.27090582251548767,0.27195772528648376,0.27072614431381226,0.2713557779788971
2024-09-12 08:00:00+00:00,0.27136892080307007,0.2725850045681,0.2706407904624939,0.27131378650665283
2024-09-12 12:00:00+00:00,0.27131545543670654,0.2753675580024719,0.2692406177520752,0.26955652236938477
2024-09-12 16:00:00+00:00,0.26955705881118774,0.2745428681373596,0.26948782801628113,0.2739814221858978
2024-09-12 20:00:00+00:00,0.2739711105823517,0.27662017941474915,0.2733279764652252,0.2764632999897003
2024-09-13 00:00:00+00:00,0.27648162841796875,0.2773338556289673,0.27484145760536194,0.27484145760536194
2024-09-13 04:00:00+00:00,0.2748472988605499,0.27575501799583435,0.2740921974182129,0.27575501799583435
2024-09-13 08:00:00+00:00,0.2757517397403717,0.2788594961166382,0.2753243148326874,0.276432603597641
2024-09-13 12:00:00+00:00,0.2764033377170563,0.2804408073425293,0.2741091549396515,0.28036075830459595
2024-09-13 16:00:00+00:00,0.2803557217121124,0.28195497393608093,0.2792397141456604,0.279420405626297
2024-09-13 20:00:00+00:00,0.279382586479187,0.2829321622848511,0.27934497594833374,0.28072383999824524
2024-09-14 00:00:00+00:00,0.28072622418403625,0.28125518560409546,0.2795228660106659,0.27995413541793823
2024-09-14 04:00:00+00:00,0.27973678708076477,0.27984872460365295,0.2760234475135803,0.2768002152442932
2024-09-14 08:00:00+00:00,0.2768001854419708,0.27686578035354614,0.2718546986579895,0.27229154109954834
2024-09-14 12:00:00+00:00,0.27229562401771545,0.27525991201400757,0.2722221314907074,0.2744331359863281
2024-09-14 16:00:00+00:00,0.2744368612766266,0.275368869304657,0.27214184403419495,0.27375102043151855
2024-09-14 20:00:00+00:00,0.27376115322113037,0.27515721321105957,0.27374139428138733,0.27497389912605286
2024-09-15 00:00:00+00:00,0.274976521730423,0.27739694714546204,0.27495139837265015,0.2765398323535919
2024-09-15 04:00:00+00:00,0.2765401005744934,0.2777251601219177,0.27563926577568054,0.27766916155815125
2024-09-15 08:00:00+00:00,0.27767667174339294,0.27784237265586853,0.2753588557243347,0.2759627401828766
2024-09-15 12:00:00+00:00,0.27596932649612427,0.27868250012397766,0.27581465244293213,0.2784631848335266
2024-09-15 16:00:00+00:00,0.27847620844841003,0.27847620844841003,0.27446115016937256,0.27505701780319214
2024-09-15 20:00:00+00:00,0.2750476896762848,0.2750476896762848,0.26805242896080017,0.2693916857242584
2024-09-16 00:00:00+00:00,0.269333153963089,0.269333153963089,0.2623080611228943,0.26642531156539917
2024-09-16 04:00:00+00:00,0.2664197087287903,0.27013394236564636,0.2664197087287903,0.2701111137866974
2024-09-16 08:00:00+00:00,0.27010828256607056,0.2709481120109558,0.26625770330429077,0.2677561044692993
2024-09-16 12:00:00+00:00,0.26775267720222473,0.2678449749946594,0.2632101774215698,0.26463592052459717
2024-09-16 16:00:00+00:00,0.2646125555038452,0.26521238684654236,0.2617828845977783,0.262812077999115
2024-09-16 20:00:00+00:00,0.26281365752220154,0.26497846841812134,0.2607960104942322,0.26459139585494995
2024-09-17 00:00:00+00:00,0.26455044746398926,0.266640841960907,0.2625950872898102,0.2661284804344177
2024-09-17 04:00:00+00:00,0.2661217749118805,0.2692299485206604,0.2660540044307709,0.26826977729797363
2024-09-17 08:00:00+00:00,0.26827117800712585,0.27168241143226624,0.26827117800712585,0.27089667320251465
2024-09-17 12:00:00+00:00,0.27089324593544006,0.2776894271373749,0.27006426453590393,0.27726659178733826
2024-09-17 16:00:00+00:00,0.27720916271209717,0.2780763506889343,0.27324822545051575,0.27446842193603516
2024-09-17 20:00:00+00:00,0.27450206875801086,0.27728649973869324,0.27390003204345703,0.27667078375816345
2024-09-18 00:00:00+00:00,0.2766742706298828,0.27985864877700806,0.2751725912094116,0.279276579618454
2024-09-18 04:00:00+00:00,0.27927452325820923,0.27950701117515564,0.2758302688598633,0.2775208353996277
2024-09-18 08:00:00+00:00,0.2775121033191681,0.2775667607784271,0.270279198884964,0.2726139426231384
2024-09-18 12:00:00+00:00,0.2725990116596222,0.2727185785770416,0.26659050583839417,0.2672162353992462
2024-09-18 16:00:00+00:00,0.2671918570995331,0.2761532664299011,0.2661004364490509,0.2733943462371826
2024-09-18 20:00:00+00:00,0.2733926773071289,0.2825235426425934,0.27094683051109314,0.2825235426425934
2024-09-19 00:00:00+00:00,0.28249701857566833,0.28886404633522034,0.28249701857566833,0.28726285696029663
2024-09-19 04:00:00+00:00,0.2872639298439026,0.2896459996700287,0.2855766713619232,0.2896459996700287
2024-09-19 08:00:00+00:00,0.2896519601345062,0.289982408285141,0.2868479788303375,0.28852200508117676
2024-09-19 12:00:00+00:00,0.28854072093963623,0.2923712432384491,0.2878659665584564,0.2912342846393585
2024-09-19 16:00:00+00:00,0.29124027490615845,0.2947290241718292,0.2909356653690338,0.2909937798976898
2024-09-19 20:00:00+00:00,0.29101628065109253,0.2920811176300049,0.28891801834106445,0.29086485505104065
2024-09-20 00:00:00+00:00,0.2908543646335602,0.29696929454803467,0.289193719625473,0.2969679534435272
2024-09-20 04:00:00+00:00,0.2969838082790375,0.3008836507797241,0.2969838082790375,0.2995254099369049
2024-09-20 08:00:00+00:00,0.2995085120201111,0.299642413854599,0.2961323857307434,0.2972862124443054
2024-09-20 12:00:00+00:00,0.29726916551589966,0.2985239326953888,0.2943001091480255,0.2962621748447418
2024-09-20 16:00:00+00:00,0.2962695062160492,0.296927809715271,0.29151853919029236,0.2949856221675873
2024-09-20 20:00:00+00:00,0.294976145029068,0.29737138748168945,0.2943580448627472,0.2965753376483917
2024-09-21 00:00:00+00:00,0.2965751588344574,0.29856306314468384,0.29542452096939087,0.2980136573314667
2024-09-21 04:00:00+00:00,0.29801785945892334,0.2993786334991455,0.2959378659725189,0.2993786334991455
2024-09-21 08:00:00+00:00,0.2993811070919037,0.3007570803165436,0.29830971360206604,0.30075445771217346
2024-09-21 12:00:00+00:00,0.3007493317127228,0.30968180298805237,0.3006562292575836,0.30843302607536316
2024-09-21 16:00:00+00:00,0.3084196150302887,0.3112599551677704,0.3084196150302887,0.3093319535255432
2024-09-21 20:00:00+00:00,0.3093720078468323,0.3178286850452423,0.3093720078468323,0.31731554865837097
2024-09-22 00:00:00+00:00,0.3172854483127594,0.3185546398162842,0.3103097975254059,0.31060537695884705
2024-09-22 04:00:00+00:00,0.31061291694641113,0.31169894337654114,0.30814167857170105,0.308877557516098
2024-09-22 08:00:00+00:00,0.30887675285339355,0.3102227449417114,0.30538201332092285,0.3076572120189667
2024-09-22 12:00:00+00:00,0.3076637089252472,0.3076637089252472,0.3032360374927521,0.30391740798950195
2024-09-22 16:00:00+00:00,0.30390286445617676,0.30724436044692993,0.3022727370262146,0.3061324954032898
2024-09-22 20:00:00+00:00,0.3059823513031006,0.30814266204833984,0.29936352372169495,0.30600041151046753
2024-09-23 00:00:00+00:00,0.30600547790527344,0.313022643327713,0.30135247111320496,0.31062251329421997
2024-09-23 04:00:00+00:00,0.3106088638305664,0.31320518255233765,0.30781254172325134,0.30857613682746887
2024-09-23 08:00:00+00:00,0.3085598349571228,0.30866047739982605,0.30351734161376953,0.30581703782081604
2024-09-23 12:00:00+00:00,0.3058064877986908,0.3076340854167938,0.3038025200366974,0.3062739968299866
2024-09-23 16:00:00+00:00,0.30618783831596375,0.3067214787006378,0.3025195896625519,0.3063320219516754
2024-09-23 20:00:00+00:00,0.30633097887039185,0.3082018196582794,0.3055676221847534,0.30812159180641174
2024-09-24 00:00:00+00:00,0.3081126809120178,0.3093737065792084,0.30255773663520813,0.3061227798461914
2024-09-24 04:00:00+00:00,0.3061162233352661,0.3115701675415039,0.30335915088653564,0.30996841192245483
2024-09-24 08:00:00+00:00,0.3099716007709503,0.3108270466327667,0.3076753318309784,0.30950847268104553
2024-09-24 12:00:00+00:00,0.30950963497161865,0.312014102935791,0.3043046295642853,0.3079732656478882
2024-09-24 16:00:00+00:00,0.30790194869041443,0.31299030780792236,0.3069848418235779,0.31299030780792236
2024-09-24 20:00:00+00:00,0.3130437433719635,0.3160381019115448,0.31185948848724365,0.3158086836338043
2024-09-25 00:00:00+00:00,0.3158203661441803,0.3194550573825836,0.3144526481628418,0.3179371953010559
2024-09-25 04:00:00+00:00,0.3179389536380768,0.3181300759315491,0.310244619846344,0.31314441561698914
2024-09-25 08:00:00+00:00,0.31316453218460083,0.3167575001716614,0.312896728515625,0.31629717350006104
2024-09-25 12:00:00+00:00,0.316315621137619,0.3177921772003174,0.31398725509643555,0.31427469849586487
2024-09-25 16:00:00+00:00,0.3142465054988861,0.3166794776916504,0.31220412254333496,0.31220412254333496
2024-09-25 20:00:00+00:00,0.3122163414955139,0.3145296573638916,0.30900585651397705,0.3098598122596741
2024-09-26 00:00:00+00:00,0.3098408579826355,0.31243592500686646,0.30512943863868713,0.3124183118343353
2024-09-26 04:00:00+00:00,0.3124486804008484,0.31982576847076416,0.3118855655193329,0.31920477747917175
2024-09-26 08:00:00+00:00,0.3192826211452484,0.3205622434616089,0.315766304731369,0.32017597556114197
2024-09-26 12:00:00+00:00,0.32014331221580505,0.3245928883552551,0.31927457451820374,0.32358643412590027
2024-09-26 16:00:00+00:00,0.32358458638191223,0.3257729709148407,0.32024186849594116,0.32024186849594116
2024-09-26 20:00:00+00:00,0.32034313678741455,0.32304617762565613,0.3174155652523041,0.32304617762565613
2024-09-27 00:00:00+00:00,0.3230421245098114,0.32837414741516113,0.32297152280807495,0.32837414741516113
2024-09-27 04:00:00+00:00,0.32837456464767456,0.3328861892223358,0.32837456464767456,0.32948723435401917
2024-09-27 08:00:00+00:00,0.3294970989227295,0.33220088481903076,0.32681652903556824,0.3281501233577728
2024-09-27 12:00:00+00:00,0.3281589448451996,0.335070937871933,0.32756128907203674,0.33294549584388733
2024-09-27 16:00:00+00:00,0.332955002784729,0.3357902765274048,0.33207330107688904,0.33383604884147644
2024-09-27 20:00:00+00:00,0.3338771164417267,0.33635494112968445,0.3337286412715912,0.3353513479232788
2024-09-28 00:00:00+00:00,0.33524447679519653,0.33760181069374084,0.3342821002006531,0.33573493361473083
2024-09-28 04:00:00+00:00,0.33577099442481995,0.3361411690711975,0.3286150097846985,0.32902106642723083
2024-09-28 08:00:00+00:00,0.3289906680583954,0.33040106296539307,0.32234835624694824,0.32827436923980713
2024-09-28 12:00:00+00:00,0.3282718360424042,0.32899197936058044,0.32409945130348206,0.32725709676742554
2024-09-28 16:00:00+00:00,0.32725346088409424,0.32870838046073914,0.3258076608181,0.3278753459453583
2024-09-28 20:00:00+00:00,0.3278510868549347,0.32804322242736816,0.32375678420066833,0.3276573121547699
2024-09-29 00:00:00+00:00,0.32765722274780273,0.32797181606292725,0.32423433661460876,0.3267715573310852
2024-09-29 04:00:00+00:00,0.3267611265182495,0.3269195556640625,0.31858503818511963,0.31863364577293396
2024-09-29 08:00:00+00:00,0.31864506006240845,0.32301416993141174,0.3177317976951599,0.32279160618782043
2024-09-29 12:00:00+00:00,0.3227876126766205,0.3238157331943512,0.3205871284008026,0.322884738445282
2024-09-29 16:00:00+00:00,0.3228248953819275,0.32752567529678345,0.32194921374320984,0.32579144835472107
2024-09-29 20:00:00+00:00,0.3257959187030792,0.32690146565437317,0.32071536779403687,0.32198387384414673
2024-09-30 00:00:00+00:00,0.32197070121765137,0.3241541087627411,0.3177793025970459,0.3204166293144226
2024-09-30 04:00:00+00:00,0.32042035460472107,0.32644572854042053,0.31777888536453247,0.3259211480617523
2024-09-30 08:00:00+00:00,0.32590892910957336,0.32590892910957336,0.31232908368110657,0.31356948614120483
2024-09-30 12:00:00+00:00,0.3134227395057678,0.3152748942375183,0.3071339428424835,0.3071339428424835
2024-09-30 16:00:00+00:00,0.3070663511753082,0.30871260166168213,0.3060528337955475,0.3073081374168396
2024-09-30 20:00:00+00:00,0.3072855770587921,0.30855199694633484,0.29909762740135193,0.3020375967025757
2024-10-01 00:00:00+00:00,0.30209457874298096,0.3105347156524658,0.3014596998691559,0.3105347156524658
2024-10-01 04:00:00+00:00,0.31049636006355286,0.31412968039512634,0.30942732095718384,0.3135337233543396
2024-10-01 08:00:00+00:00,0.31354841589927673,0.3136746883392334,0.3104279935359955,0.31051385402679443
2024-10-01 12:00:00+00:00,0.31051507592201233,0.31051507592201233,0.28742530941963196,0.29239028692245483
2024-10-01 16:00:00+00:00,0.2922903895378113,0.29266899824142456,0.2757234573364258,0.28089040517807007
2024-10-01 20:00:00+00:00,0.2808460295200348,0.28260067105293274,0.27656614780426025,0.2799674868583679
2024-10-02 00:00:00+00:00,0.2799636125564575,0.28493332862854004,0.27878469228744507,0.28489968180656433
2024-10-02 04:00:00+00:00,0.28486397862434387,0.28985586762428284,0.28342485427856445,0.28825119137763977
2024-10-02 08:00:00+00:00,0.2882561981678009,0.2883625328540802,0.2808740437030792,0.28263089060783386
2024-10-02 12:00:00+00:00,0.2826123535633087,0.2826123535633087,0.2765818238258362,0.2814474403858185
2024-10-02 16:00:00+00:00,0.281521201133728,0.28413015604019165,0.2707459330558777,0.2737864851951599
2024-10-02 20:00:00+00:00,0.27377963066101074,0.27566003799438477,0.2716127634048462,0.2741203308105469
2024-10-03 00:00:00+00:00,0.2741163969039917,0.2790866196155548,0.272490918636322,0.2790866196155548
2024-10-03 04:00:00+00:00,0.2791074812412262,0.2833350598812103,0.27616947889328003,0.27617114782333374
2024-10-03 08:00:00+00:00,0.27619311213493347,0.27619311213493347,0.27020344138145447,0.2731461524963379
2024-10-03 12:00:00+00:00,0.27308863401412964,0.2745857536792755,0.2678177058696747,0.271587610244751
2024-10-03 16:00:00+00:00,0.27162566781044006,0.2755756676197052,0.2680160403251648,0.275441974401474
2024-10-03 20:00:00+00:00,0.27544835209846497,0.2778007388114929,0.27307960391044617,0.2773314118385315
2024-10-04 00:00:00+00:00,0.27734053134918213,0.28104403614997864,0.27567851543426514,0.2785005569458008
2024-10-04 04:00:00+00:00,0.2785018980503082,0.28256845474243164,0.2785018980503082,0.28220418095588684
2024-10-04 08:00:00+00:00,0.2822170853614807,0.2831459939479828,0.2807016670703888,0.2830967903137207
2024-10-04 12:00:00+00:00,0.2831040322780609,0.28643590211868286,0.28022000193595886,0.28643590211868286
2024-10-04 16:00:00+00:00,0.28642117977142334,0.2922093868255615,0.28642117977142334,0.2922093868255615
2024-10-04 20:00:00+00:00,0.2922612428665161,0.29576385021209717,0.2920389771461487,0.29438555240631104
2024-10-05 00:00:00+00:00,0.2943686544895172,0.30057379603385925,0.2932359576225281,0.2932359576225281
2024-10-05 04:00:00+00:00,0.29320859909057617,0.29798129200935364,0.29294753074645996,0.2968418002128601
2024-10-05 08:00:00+00:00,0.2968418002128601,0.29874876141548157,0.295960932970047,0.295960932970047
2024-10-05 12:00:00+00:00,0.2959633767604828,0.29674527049064636,0.2942903935909271,0.2947056293487549
2024-10-05 16:00:00+00:00,0.2947019636631012,0.2947019636631012,0.29174408316612244,0.2917490303516388
2024-10-05 20:00:00+00:00,0.29175394773483276,0.2946050465106964,0.28991448879241943,0.29459500312805176
2024-10-06 00:00:00+00:00,0.29459214210510254,0.2953122854232788,0.2922683358192444,0.2922683358192444
2024-10-06 04:00:00+00:00,0.292272686958313,0.2937791645526886,0.29193079471588135,0.2929834723472595
2024-10-06 08:00:00+00:00,0.2929840087890625,0.2937306761741638,0.2921936511993408,0.29373055696487427
2024-10-06 12:00:00+00:00,0.2937357425689697,0.2972031235694885,0.29320791363716125,0.2967146635055542
2024-10-06 16:00:00+00:00,0.29670771956443787,0.29784369468688965,0.29336124658584595,0.29336410760879517
2024-10-06 20:00:00+00:00,0.2933550179004669,0.2952914237976074,0.2916381061077118,0.2952914237976074
2024-10-07 00:00:00+00:00,0.29528358578681946,0.30376413464546204,0.29470545053482056,0.3011425733566284
2024-10-07 04:00:00+00:00,0.30113187432289124,0.301946759223938,0.29998162388801575,0.3005927503108978
2024-10-07 08:00:00+00:00,0.30057474970817566,0.3006422519683838,0.2937157452106476,0.2956175208091736
2024-10-07 12:00:00+00:00,0.29563382267951965,0.3018207550048828,0.2954091429710388,0.2970808148384094
2024-10-07 16:00:00+00:00,0.2970998287200928,0.29899531602859497,0.2925454080104828,0.295937716960907
2024-10-07 20:00:00+00:00,0.2959287464618683,0.2967053949832916,0.29055383801460266,0.2912198603153229
2024-10-08 00:00:00+00:00,0.29123759269714355,0.2941380739212036,0.29106804728507996,0.29312580823898315
2024-10-08 04:00:00+00:00,0.2931263744831085,0.2943974733352661,0.28864961862564087,0.2902997136116028
2024-10-08 08:00:00+00:00,0.29026684165000916,0.29299068450927734,0.2892346680164337,0.2928655743598938
2024-10-08 12:00:00+00:00,0.292837917804718,0.29340842366218567,0.28599369525909424,0.28818151354789734
2024-10-08 16:00:00+00:00,0.28820982575416565,0.2889179289340973,0.28409773111343384,0.28662407398223877
2024-10-08 20:00:00+00:00,0.28663110733032227,0.28867411613464355,0.2846522927284241,0.28556737303733826
2024-10-09 00:00:00+00:00,0.2855643033981323,0.28840774297714233,0.2842246890068054,0.284824937582016
2024-10-09 04:00:00+00:00,0.2848140299320221,0.28751903772354126,0.2846553325653076,0.28569844365119934
2024-10-09 08:00:00+00:00,0.28569623827934265,0.2859165668487549,0.28393498063087463,0.2842210829257965
2024-10-09 12:00:00+00:00,0.28418779373168945,0.28418779373168945,0.27809059619903564,0.28243720531463623
2024-10-09 16:00:00+00:00,0.2822297513484955,0.2822323739528656,0.27775317430496216,0.2784103453159332
2024-10-09 20:00:00+00:00,0.2782782018184662,0.2788991630077362,0.27458474040031433,0.27866482734680176
2024-10-10 00:00:00+00:00,0.27861103415489197,0.28117045760154724,0.2770646810531616,0.2805508077144623
2024-10-10 04:00:00+00:00,0.28042998909950256,0.2821953296661377,0.2801530361175537,0.2801831364631653
2024-10-10 08:00:00+00:00,0.2801330089569092,0.281379371881485,0.27558088302612305,0.281379371881485
2024-10-10 12:00:00+00:00,0.2814907729625702,0.28175580501556396,0.2771022617816925,0.27908405661582947
2024-10-10 16:00:00+00:00,0.2793671190738678,0.28005415201187134,0.2722183167934418,0.27648335695266724
2024-10-10 20:00:00+00:00,0.276479035615921,0.28131115436553955,0.2764691710472107,0.28131115436553955
2024-10-11 00:00:00+00:00,0.2813321650028229,0.28460800647735596,0.2812291979789734,0.2839677333831787
2024-10-11 04:00:00+00:00,0.2838992774486542,0.2872489392757416,0.28264373540878296,0.2872489392757416
2024-10-11 08:00:00+00:00,0.2872474193572998,0.28895607590675354,0.2854892909526825,0.2875328063964844
2024-10-11 12:00:00+00:00,0.2875315546989441,0.2917593717575073,0.2870127558708191,0.2917593717575073
2024-10-11 16:00:00+00:00,0.2916901707649231,0.29553088545799255,0.2909581959247589,0.2940206527709961
2024-10-11 20:00:00+00:00,0.29428571462631226,0.29561612010002136,0.29356637597084045,0.29370856285095215
2024-10-12 00:00:00+00:00,0.29371291399002075,0.2965376079082489,0.29371291399002075,0.2949391305446625
2024-10-12 04:00:00+00:00,0.29502636194229126,0.2989979386329651,0.29502636194229126,0.2986862361431122
2024-10-12 08:00:00+00:00,0.29868587851524353,0.30175963044166565,0.29868587851524353,0.29898980259895325
2024-10-12 12:00:00+00:00,0.29895639419555664,0.30146369338035583,0.29847195744514465,0.2999362349510193
2024-10-12 16:00:00+00:00,0.2999320328235626,0.30079421401023865,0.29848772287368774,0.29888877272605896
2024-10-12 20:00:00+00:00,0.2989000082015991,0.2996835708618164,0.2980458438396454,0.2980458438396454
2024-10-13 00:00:00+00:00,0.2980298399925232,0.2986000180244446,0.2957381010055542,0.2967601418495178
2024-10-13 04:00:00+00:00,0.29675498604774475,0.30119261145591736,0.296721488237381,0.3003599941730499
2024-10-13 08:00:00+00:00,0.30043041706085205,0.30075326561927795,0.2957947552204132,0.2960183620452881
2024-10-13 12:00:00+00:00,0.29601749777793884,0.2973293960094452,0.29088976979255676,0.2917066812515259
2024-10-13 16:00:00+00:00,0.29169943928718567,0.29495319724082947,0.2915700674057007,0.29400503635406494
2024-10-13 20:00:00+00:00,0.2939973473548889,0.29799512028694153,0.2932513356208801,0.29514914751052856
2024-10-14 00:00:00+00:00,0.2951475977897644,0.3007931411266327,0.29223233461380005,0.3007931411266327
2024-10-14 04:00:00+00:00,0.3007949888706207,0.3013504147529602,0.2972026467323303,0.3013288378715515
2024-10-14 08:00:00+00:00,0.3013235628604889,0.30308881402015686,0.2989156246185303,0.30308881402015686
2024-10-14 12:00:00+00:00,0.30308109521865845,0.30680128931999207,0.30133354663848877,0.3061450719833374
2024-10-14 16:00:00+00:00,0.3060983419418335,0.3085528016090393,0.3047623336315155,0.3083386719226837
2024-10-14 20:00:00+00:00,0.3083575665950775,0.31071585416793823,0.307472288608551,0.3095872700214386
2024-10-15 00:00:00+00:00,0.3095947802066803,0.3107558786869049,0.30698254704475403,0.30698254704475403
2024-10-15 04:00:00+00:00,0.30697959661483765,0.3087444305419922,0.30437546968460083,0.305770605802536
2024-10-15 08:00:00+00:00,0.30579617619514465,0.3074410855770111,0.29862838983535767,0.29862838983535767
2024-10-15 12:00:00+00:00,0.2986460328102112,0.30946680903434753,0.2948673963546753,0.3002612590789795
2024-10-15 16:00:00+00:00,0.30024397373199463,0.3077680766582489,0.30024397373199463,0.30402225255966187
2024-10-15 20:00:00+00:00,0.30402666330337524,0.30557194352149963,0.29954588413238525,0.30542364716529846
2024-10-16 00:00:00+00:00,0.30544379353523254,0.3059086203575134,0.30215662717819214,0.3029716908931732
2024-10-16 04:00:00+00:00,0.30297401547431946,0.30327513813972473,0.29780256748199463,0.2986834943294525
2024-10-16 08:00:00+00:00,0.2986505627632141,0.30466553568840027,0.2983562648296356,0.30410587787628174
2024-10-16 12:00:00+00:00,0.30407530069351196,0.3053590953350067,0.3012635111808777,0.30355507135391235
2024-10-16 16:00:00+00:00,0.3035416901111603,0.3073922395706177,0.302001416683197,0.3069741129875183
2024-10-16 20:00:00+00:00,0.30696937441825867,0.3090779185295105,0.3059297204017639,0.30625852942466736
2024-10-17 00:00:00+00:00,0.30624496936798096,0.31096017360687256,0.30624496936798096,0.30941760540008545
2024-10-17 04:00:00+00:00,0.309420645236969,0.30958276987075806,0.30025678873062134,0.30118492245674133
2024-10-17 08:00:00+00:00,0.30118730664253235,0.30150699615478516,0.2940763533115387,0.2940771281719208
2024-10-17 12:00:00+00:00,0.29404380917549133,0.2972656190395355,0.2936471104621887,0.29671308398246765
2024-10-17 16:00:00+00:00,0.29667767882347107,0.29667767882347107,0.2901259660720825,0.29149749875068665
2024-10-17 20:00:00+00:00,0.2915014624595642,0.29484039545059204,0.2914636731147766,0.29390794038772583
2024-10-18 00:00:00+00:00,0.2939070761203766,0.2991843521595001,0.2924329936504364,0.29814067482948303
2024-10-18 04:00:00+00:00,0.2981420159339905,0.3035799562931061,0.29812800884246826,0.30277523398399353
2024-10-18 08:00:00+00:00,0.30278828740119934,0.3028841018676758,0.30022430419921875,0.30022430419921875
2024-10-18 12:00:00+00:00,0.3001859784126282,0.3031997084617615,0.2985912263393402,0.3029945492744446
2024-10-18 16:00:00+00:00,0.3029960095882416,0.3230699300765991,0.3016434609889984,0.3165704905986786
2024-10-18 20:00:00+00:00,0.3166266679763794,0.34121859073638916,0.3165837824344635,0.3375987708568573
2024-10-19 00:00:00+00:00,0.3376469016075134,0.3436848819255829,0.33600053191185,0.33874431252479553
2024-10-19 04:00:00+00:00,0.3387390971183777,0.34748193621635437,0.3377656638622284,0.3378078043460846
2024-10-19 08:00:00+00:00,0.3378516733646393,0.3382539451122284,0.32573065161705017,0.3257724642753601
2024-10-19 12:00:00+00:00,0.32575103640556335,0.32890644669532776,0.32575103640556335,0.3265804648399353
2024-10-19 16:00:00+00:00,0.3265867829322815,0.3268671929836273,0.3220410943031311,0.3231889605522156
2024-10-19 20:00:00+00:00,0.3231797516345978,0.32600393891334534,0.32263845205307007,0.3246840834617615
2024-10-20 00:00:00+00:00,0.3247690796852112,0.32723844051361084,0.3207312524318695,0.3212272822856903
2024-10-20 04:00:00+00:00,0.32120802998542786,0.32784295082092285,0.3202384412288666,0.3269259035587311
2024-10-20 08:00:00+00:00,0.32692134380340576,0.3328847587108612,0.3266485631465912,0.33042749762535095
2024-10-20 12:00:00+00:00,0.3304297924041748,0.3309125602245331,0.3260572552680969,0.32854992151260376
2024-10-20 16:00:00+00:00,0.3285425305366516,0.33015841245651245,0.3276432454586029,0.32857051491737366
2024-10-20 20:00:00+00:00,0.3285488784313202,0.33080974221229553,0.32799577713012695,0.3292889893054962
2024-10-21 00:00:00+00:00,0.32930946350097656,0.33052241802215576,0.3257801830768585,0.3264961540699005
2024-10-21 04:00:00+00:00,0.3265330493450165,0.3389187455177307,0.3257051408290863,0.3304111659526825
2024-10-21 08:00:00+00:00,0.33009737730026245,0.3332813084125519,0.3263830244541168,0.32638493180274963
2024-10-21 12:00:00+00:00,0.3263572156429291,0.3272545337677002,0.3166513442993164,0.31837186217308044
2024-10-21 16:00:00+00:00,0.3183765709400177,0.3187105357646942,0.31412726640701294,0.3187105357646942
2024-10-21 20:00:00+00:00,0.3186936676502228,0.31917059421539307,0.31602123379707336,0.31602123379707336
2024-10-22 00:00:00+00:00,0.3160242438316345,0.3192981481552124,0.3118118643760681,0.3185490071773529
2024-10-22 04:00:00+00:00,0.3185565769672394,0.32159438729286194,0.3179313540458679,0.3194360136985779
2024-10-22 08:00:00+00:00,0.31942448019981384,0.31942448019981384,0.31304484605789185,0.31627538800239563
2024-10-22 12:00:00+00:00,0.3162733316421509,0.3195320665836334,0.3123053312301636,0.3195033371448517
2024-10-22 16:00:00+00:00,0.31962957978248596,0.32795554399490356,0.31475016474723816,0.321431428194046
2024-10-22 20:00:00+00:00,0.3214206099510193,0.3302096724510193,0.32067015767097473,0.3287436068058014
2024-10-23 00:00:00+00:00,0.3287573754787445,0.3300541937351227,0.324307918548584,0.32656726241111755
2024-10-23 04:00:00+00:00,0.3265712559223175,0.3266422152519226,0.3168431222438812,0.3178803324699402
2024-10-23 08:00:00+00:00,0.31790247559547424,0.31790247559547424,0.31241095066070557,0.31259429454803467
2024-10-23 12:00:00+00:00,0.3126070201396942,0.3142683506011963,0.3073158860206604,0.30798739194869995
2024-10-23 16:00:00+00:00,0.3079831302165985,0.3101844787597656,0.3038139045238495,0.31016597151756287
2024-10-23 20:00:00+00:00,0.31018608808517456,0.3111015856266022,0.30843713879585266,0.3108214735984802
2024-10-24 00:00:00+00:00,0.3108295500278473,0.31607896089553833,0.30928727984428406,0.31366676092147827
2024-10-24 04:00:00+00:00,0.3136672079563141,0.3159168064594269,0.3134506344795227,0.3148484230041504
2024-10-24 08:00:00+00:00,0.31478118896484375,0.31497442722320557,0.3095795810222626,0.3132990598678589
2024-10-24 12:00:00+00:00,0.3133034408092499,0.31992822885513306,0.31291431188583374,0.319143146276474
2024-10-24 16:00:00+00:00,0.31915032863616943,0.31975507736206055,0.315527081489563,0.3161890208721161
2024-10-24 20:00:00+00:00,0.3160986006259918,0.3163416385650635,0.31110653281211853,0.3116714656352997
2024-10-25 00:00:00+00:00,0.31167101860046387,0.31202882528305054,0.3055269122123718,0.306353360414505
2024-10-25 04:00:00+00:00,0.3063611388206482,0.30661383271217346,0.30092042684555054,0.3018476366996765
2024-10-25 08:00:00+00:00,0.3018617331981659,0.30607813596725464,0.30036506056785583,0.3058473765850067
2024-10-25 12:00:00+00:00,0.30584409832954407,0.30859676003456116,0.3024841547012329,0.30332037806510925
2024-10-25 16:00:00+00:00,0.303303599357605,0.3071686923503876,0.2981627285480499,0.30222055315971375
2024-10-25 20:00:00+00:00,0.3022496998310089,0.3027816116809845,0.28026342391967773,0.2836952805519104
2024-10-26 00:00:00+00:00,0.28368550539016724,0.2894173562526703,0.2799650728702545,0.28877291083335876
2024-10-26 04:00:00+00:00,0.28877192735671997,0.2895412743091583,0.286894291639328,0.28781723976135254
2024-10-26 08:00:00+00:00,0.28781434893608093,0.2891463339328766,0.28616052865982056,0.2870521545410156
2024-10-26 12:00:00+00:00,0.2870521545410156,0.2870521545410156,0.2791212201118469,0.27983853220939636
2024-10-26 16:00:00+00:00,0.2798384130001068,0.2855425775051117,0.27907267212867737,0.2855425775051117
2024-10-26 20:00:00+00:00,0.28557464480400085,0.288276344537735,0.28557464480400085,0.2873348295688629
2024-10-27 00:00:00+00:00,0.2873264253139496,0.2880949378013611,0.2858370244503021,0.28806954622268677
2024-10-27 04:00:00+00:00,0.28818875551223755,0.28836315870285034,0.2865699231624603,0.2870919704437256
2024-10-27 08:00:00+00:00,0.287089079618454,0.2882208228111267,0.2858934998512268,0.28817591071128845
2024-10-27 12:00:00+00:00,0.2881905436515808,0.29682284593582153,0.2881905436515808,0.2949758768081665
2024-10-27 16:00:00+00:00,0.2948720157146454,0.2958996295928955,0.2910001873970032,0.29193314909935
2024-10-27 20:00:00+00:00,0.2919357717037201,0.2942924201488495,0.29144081473350525,0.29155242443084717
2024-10-28 00:00:00+00:00,0.29151007533073425,0.29178470373153687,0.28399384021759033,0.2839981019496918
2024-10-28 04:00:00+00:00,0.2839448153972626,0.28961265087127686,0.2823314368724823,0.28855443000793457
2024-10-28 08:00:00+00:00,0.2885276675224304,0.28981032967567444,0.28634756803512573,0.2876390814781189
2024-10-28 12:00:00+00:00,0.28764280676841736,0.2888261079788208,0.28575924038887024,0.28675076365470886
2024-10-28 16:00:00+00:00,0.2866780757904053,0.2938140332698822,0.2847134470939636,0.2929590046405792
2024-10-28 20:00:00+00:00,0.29304105043411255,0.2997682988643646,0.29304105043411255,0.2975330650806427
2024-10-29 00:00:00+00:00,0.2975187301635742,0.30344295501708984,0.2968282699584961,0.3020581007003784
2024-10-29 04:00:00+00:00,0.30205899477005005,0.30268487334251404,0.30058273673057556,0.30073967576026917
2024-10-29 08:00:00+00:00,0.3007347583770752,0.3040982186794281,0.3007347583770752,0.30306437611579895
2024-10-29 12:00:00+00:00,0.30307629704475403,0.3045157492160797,0.3022075891494751,0.3043844699859619
2024-10-29 16:00:00+00:00,0.30438563227653503,0.31376466155052185,0.30438563227653503,0.3081609904766083
2024-10-29 20:00:00+00:00,0.30812081694602966,0.31282544136047363,0.3059152662754059,0.31023749709129333
2024-10-30 00:00:00+00:00,0.3102254867553711,0.31096550822257996,0.3076864778995514,0.3102821707725525
2024-10-30 04:00:00+00:00,0.3102884292602539,0.310692697763443,0.30780795216560364,0.30780795216560364
2024-10-30 08:00:00+00:00,0.30781352519989014,0.30866509675979614,0.3017295300960541,0.301734983921051
2024-10-30 12:00:00+00:00,0.3017597794532776,0.3073474168777466,0.3006496727466583,0.30470845103263855
2024-10-30 16:00:00+00:00,0.30471307039260864,0.3055335283279419,0.30321207642555237,0.3039414882659912
2024-10-30 20:00:00+00:00,0.303956001996994,0.30672797560691833,0.3032243549823761,0.30496934056282043
2024-10-31 00:00:00+00:00,0.3049360513687134,0.3049360513687134,0.30102217197418213,0.3021017909049988
2024-10-31 04:00:00+00:00,0.3020952641963959,0.3020952641963959,0.2977936565876007,0.2981117069721222
2024-10-31 08:00:00+00:00,0.29810893535614014,0.2991606295108795,0.29568007588386536,0.29763349890708923
2024-10-31 12:00:00+00:00,0.29763129353523254,0.29773256182670593,0.2905615568161011,0.2929019331932068
2024-10-31 16:00:00+00:00,0.2928706109523773,0.2928706109523773,0.28588804602622986,0.2867332696914673
2024-10-31 20:00:00+00:00,0.2866745889186859,0.289103627204895,0.2860696017742157,0.2882351577281952
2024-11-01 00:00:00+00:00,0.2878830134868622,0.2882751226425171,0.2824751138687134,0.2859087288379669
2024-11-01 04:00:00+00:00,0.28591713309288025,0.2876814603805542,0.2821565866470337,0.2832876145839691
2024-11-01 08:00:00+00:00,0.2832779586315155,0.2883283793926239,0.2830987274646759,0.28826627135276794
2024-11-01 12:00:00+00:00,0.2882656157016754,0.29424601793289185,0.2848350703716278,0.2868879437446594
2024-11-01 16:00:00+00:00,0.28668513894081116,0.2907598912715912,0.28601548075675964,0.2874385118484497
2024-11-01 20:00:00+00:00,0.2874295711517334,0.2900241017341614,0.28494545817375183,0.28786155581474304
2024-11-02 00:00:00+00:00,0.28785231709480286,0.29051488637924194,0.28785231709480286,0.28802281618118286
2024-11-02 04:00:00+00:00,0.28808435797691345,0.2883072793483734,0.2865113914012909,0.2876092493534088
2024-11-02 08:00:00+00:00,0.2876075208187103,0.2876892387866974,0.28398680686950684,0.285565048456192
2024-11-02 12:00:00+00:00,0.28558042645454407,0.2856948971748352,0.28014564514160156,0.2806735336780548
2024-11-02 16:00:00+00:00,0.2806820273399353,0.2818838655948639,0.27876341342926025,0.281002938747406
2024-11-02 20:00:00+00:00,0.28099334239959717,0.28215518593788147,0.28073590993881226,0.2818267345428467
2024-11-03 00:00:00+00:00,0.2818291187286377,0.2824994623661041,0.271792471408844,0.2740987241268158
2024-11-03 04:00:00+00:00,0.27410829067230225,0.2784653604030609,0.2739222049713135,0.27731993794441223
2024-11-03 08:00:00+00:00,0.2773141860961914,0.2774360179901123,0.2709786891937256,0.2709786891937256
2024-11-03 12:00:00+00:00,0.27098262310028076,0.2725070118904114,0.2619756758213043,0.2653549313545227
2024-11-03 16:00:00+00:00,0.26537075638771057,0.2683500349521637,0.26323673129081726,0.2683500349521637
2024-11-03 20:00:00+00:00,0.2683624029159546,0.27185922861099243,0.2678818702697754,0.27003592252731323
2024-11-04 00:00:00+00:00,0.26998090744018555,0.2730402648448944,0.26639479398727417,0.2712724208831787
2024-11-04 04:00:00+00:00,0.2711644470691681,0.27137503027915955,0.2678054869174957,0.26842761039733887
2024-11-04 08:00:00+00:00,0.2684282958507538,0.27155816555023193,0.266705185174942,0.27071908116340637
2024-11-04 12:00:00+00:00,0.27072522044181824,0.27254173159599304,0.26768261194229126,0.2687051296234131
2024-11-04 16:00:00+00:00,0.2687094509601593,0.2687113285064697,0.2643587589263916,0.26660630106925964
2024-11-04 20:00:00+00:00,0.26660147309303284,0.26660147309303284,0.25894248485565186,0.2638320326805115
2024-11-05 00:00:00+00:00,0.2639528512954712,0.26757073402404785,0.2639528512954712,0.26756584644317627
2024-11-05 04:00:00+00:00,0.2675617039203644,0.270397424697876,0.2675243616104126,0.269754558801651
2024-11-05 08:00:00+00:00,0.26974716782569885,0.2720049023628235,0.2675788104534149,0.26791074872016907
2024-11-05 12:00:00+00:00,0.2679089307785034,0.2756396234035492,0.2676277160644531,0.2722107768058777
2024-11-05 16:00:00+00:00,0.2722305953502655,0.27661648392677307,0.2705014944076538,0.2705014944076538
2024-11-05 20:00:00+00:00,0.2704288065433502,0.27458542585372925,0.2700147032737732,0.27320998907089233
2024-11-06 00:00:00+00:00,0.27321547269821167,0.29404258728027344,0.27311328053474426,0.2925180196762085
2024-11-06 04:00:00+00:00,0.2925370931625366,0.29855114221572876,0.29142045974731445,0.29500091075897217
2024-11-06 08:00:00+00:00,0.2949126362800598,0.2982720136642456,0.2898406386375427,0.2977214455604553
2024-11-06 12:00:00+00:00,0.2977193295955658,0.29875919222831726,0.29358670115470886,0.2952335476875305
2024-11-06 16:00:00+00:00,0.2951694130897522,0.2971647381782532,0.2942693531513214,0.2971276342868805
2024-11-06 20:00:00+00:00,0.29714900255203247,0.3019469082355499,0.2970121502876282,0.29998889565467834
2024-11-07 00:00:00+00:00,0.2999562919139862,0.3073294162750244,0.2999562919139862,0.3056308925151825
2024-11-07 04:00:00+00:00,0.3056323528289795,0.30583253502845764,0.2971225082874298,0.29955658316612244
2024-11-07 08:00:00+00:00,0.2995617687702179,0.30144864320755005,0.29775840044021606,0.2977611720561981
2024-11-07 12:00:00+00:00,0.2977443039417267,0.3017674684524536,0.2967754006385803,0.3017529547214508
2024-11-07 16:00:00+00:00,0.3018133342266083,0.30369943380355835,0.30090591311454773,0.30211395025253296
2024-11-07 20:00:00+00:00,0.30246710777282715,0.3049146831035614,0.2993912994861603,0.3015255630016327
2024-11-08 00:00:00+00:00,0.3015209436416626,0.30444851517677307,0.29777792096138,0.2994368076324463
2024-11-08 04:00:00+00:00,0.2994523346424103,0.3028551936149597,0.29919925332069397,0.30247268080711365
2024-11-08 08:00:00+00:00,0.3024691641330719,0.30659329891204834,0.29911550879478455,0.3060457110404968
2024-11-08 12:00:00+00:00,0.30598393082618713,0.31230083107948303,0.3059125542640686,0.309235155582428
2024-11-08 16:00:00+00:00,0.3092834949493408,0.3121803402900696,0.30461931228637695,0.3121001124382019
2024-11-08 20:00:00+00:00,0.3120511472225189,0.3131115436553955,0.30869126319885254,0.3121284246444702
2024-11-09 00:00:00+00:00,0.31262269616127014,0.31315794587135315,0.30732667446136475,0.30735939741134644
2024-11-09 04:00:00+00:00,0.3073541224002838,0.31464895606040955,0.3073353171348572,0.3120935261249542
2024-11-09 08:00:00+00:00,0.3120899200439453,0.31602945923805237,0.31154030561447144,0.3155292272567749
2024-11-09 12:00:00+00:00,0.31553736329078674,0.31835371255874634,0.3117395043373108,0.3146514594554901
2024-11-09 16:00:00+00:00,0.3146531581878662,0.3154793381690979,0.3097016215324402,0.3135957419872284
2024-11-09 20:00:00+00:00,0.31360626220703125,0.32281026244163513,0.3130827248096466,0.3226736783981323
2024-11-10 00:00:00+00:00,0.32260942459106445,0.32488396763801575,0.31831222772598267,0.32488396763801575
2024-11-10 04:00:00+00:00,0.3248961567878723,0.33654117584228516,0.3247644901275635,0.33615392446517944
2024-11-10 08:00:00+00:00,0.3362496793270111,0.3440535068511963,0.3362496793270111,0.3439444303512573
2024-11-10 12:00:00+00:00,0.34396716952323914,0.3521895706653595,0.33904823660850525,0.3494585454463959
2024-11-10 16:00:00+00:00,0.3494565188884735,0.3604331314563751,0.3470926582813263,0.3499225676059723
2024-11-10 20:00:00+00:00,0.35006004571914673,0.35132113099098206,0.3325517475605011,0.3491816520690918
2024-11-11 00:00:00+00:00,0.34915757179260254,0.36267369985580444,0.34915757179260254,0.36082419753074646
2024-11-11 04:00:00+00:00,0.36088138818740845,0.3612983822822571,0.3427113890647888,0.34748533368110657
2024-11-11 08:00:00+00:00,0.34748831391334534,0.3518790304660797,0.3470149636268616,0.3518790304660797
2024-11-11 12:00:00+00:00,0.35189393162727356,0.35279953479766846,0.3420877456665039,0.34674084186553955
2024-11-11 16:00:00+00:00,0.3467995822429657,0.3560093343257904,0.3467995822429657,0.35231268405914307
2024-11-11 20:00:00+00:00,0.35238373279571533,0.36329925060272217,0.3493604063987732,0.36328428983688354
2024-11-12 00:00:00+00:00,0.36331745982170105,0.3786858916282654,0.3542272448539734,0.3786858916282654
2024-11-12 04:00:00+00:00,0.37866032123565674,0.382626473903656,0.3639105260372162,0.3790028393268585
2024-11-12 08:00:00+00:00,0.37904173135757446,0.3958430588245392,0.35561278462409973,0.36762839555740356
2024-11-12 12:00:00+00:00,0.3675362169742584,0.3706032335758209,0.3511635661125183,0.3554314076900482
2024-11-12 16:00:00+00:00,0.35541096329689026,0.364978164434433,0.34656256437301636,0.3620881736278534
2024-11-12 20:00:00+00:00,0.36212384700775146,0.36780187487602234,0.35661107301712036,0.3627191483974457
2024-11-13 00:00:00+00:00,0.36252400279045105,0.3690027892589569,0.34686702489852905,0.3481951057910919
2024-11-13 04:00:00+00:00,0.3482697904109955,0.3497655689716339,0.33123162388801575,0.33932262659072876
2024-11-13 08:00:00+00:00,0.33929941058158875,0.33997225761413574,0.3294813632965088,0.33653023838996887
2024-11-13 12:00:00+00:00,0.33651289343833923,0.35593387484550476,0.3324510455131531,0.35593387484550476
2024-11-13 16:00:00+00:00,0.35584351420402527,0.358135461807251,0.33228862285614014,0.33235302567481995
2024-11-13 20:00:00+00:00,0.33229923248291016,0.33610454201698303,0.3213976323604584,0.33479973673820496
2024-11-14 00:00:00+00:00,0.33473488688468933,0.34008219838142395,0.3287578523159027,0.3342358469963074
2024-11-14 04:00:00+00:00,0.33424389362335205,0.34676849842071533,0.3340427875518799,0.3405980169773102
2024-11-14 08:00:00+00:00,0.3406383991241455,0.34164080023765564,0.327426016330719,0.33122697472572327
2024-11-14 12:00:00+00:00,0.3312855064868927,0.33415481448173523,0.3195949196815491,0.3219100832939148
2024-11-14 16:00:00+00:00,0.3218933641910553,0.33117878437042236,0.3198346197605133,0.33117878437042236
2024-11-14 20:00:00+00:00,0.33118903636932373,0.3351212441921234,0.3206256031990051,0.32632681727409363
2024-11-15 00:00:00+00:00,0.32638388872146606,0.33123916387557983,0.323273241519928,0.3309914767742157
2024-11-15 04:00:00+00:00,0.33101895451545715,0.3373986780643463,0.32144108414649963,0.33369314670562744
2024-11-15 08:00:00+00:00,0.33369576930999756,0.3407571613788605,0.3314416706562042,0.33874040842056274
2024-11-15 12:00:00+00:00,0.3387644290924072,0.3461918830871582,0.3318428695201874,0.3329920172691345
2024-11-15 16:00:00+00:00,0.33303534984588623,0.3442383408546448,0.33251407742500305,0.3399728834629059
2024-11-15 20:00:00+00:00,0.34006574749946594,0.34816479682922363,0.34006574749946594,0.34816479682922363
2024-11-16 00:00:00+00:00,0.34817296266555786,0.35461434721946716,0.34732702374458313,0.35425472259521484
2024-11-16 04:00:00+00:00,0.3542647659778595,0.36094236373901367,0.3521045744419098,0.36094236373901367
2024-11-16 08:00:00+00:00,0.3610348403453827,0.4360135495662689,0.3609010875225067,0.43490973114967346
2024-11-16 12:00:00+00:00,0.43561089038848877,0.45311352610588074,0.4018690884113312,0.4018690884113312
2024-11-16 16:00:00+00:00,0.40207186341285706,0.4246239960193634,0.39902207255363464,0.4245736002922058
2024-11-16 20:00:00+00:00,0.4244019687175751,0.44110268354415894,0.4178330600261688,0.4337668716907501
2024-11-17 00:00:00+00:00,0.43491870164871216,0.43491870164871216,0.3995530903339386,0.4085175395011902
2024-11-17 04:00:00+00:00,0.40850403904914856,0.40850403904914856,0.3972395062446594,0.40451163053512573
2024-11-17 08:00:00+00:00,0.40450891852378845,0.4096548557281494,0.39738190174102783,0.39738190174102783
2024-11-17 12:00:00+00:00,0.3973783254623413,0.40374675393104553,0.39650481939315796,0.3971410393714905
2024-11-17 16:00:00+00:00,0.39707741141319275,0.40134042501449585,0.3878228962421417,0.3915620744228363
2024-11-17 20:00:00+00:00,0.39147117733955383,0.3930608630180359,0.38369572162628174,0.39164748787879944
2024-11-18 00:00:00+00:00,0.3916778266429901,0.40737658739089966,0.388264924287796,0.4071178734302521
2024-11-18 04:00:00+00:00,0.40712451934814453,0.4182940721511841,0.4068049490451813,0.4182688593864441
2024-11-18 08:00:00+00:00,0.4182966649532318,0.41857320070266724,0.40449848771095276,0.4063725471496582
2024-11-18 12:00:00+00:00,0.40722042322158813,0.41875118017196655,0.3978852331638336,0.41815492510795593
2024-11-18 16:00:00+00:00,0.4180344343185425,0.42735588550567627,0.4077991247177124,0.41480305790901184
2024-11-18 20:00:00+00:00,0.4146929085254669,0.42247259616851807,0.4110478162765503,0.41535550355911255
2024-11-19 00:00:00+00:00,0.41536906361579895,0.42120790481567383,0.4114915132522583,0.4152740240097046
2024-11-19 04:00:00+00:00,0.41524362564086914,0.41524362564086914,0.4051916301250458,0.407057523727417
2024-11-19 08:00:00+00:00,0.4070398509502411,0.4070426821708679,0.3986721336841583,0.40474700927734375
2024-11-19 12:00:00+00:00,0.4047528803348541,0.4114847183227539,0.39978763461112976,0.40476879477500916
2024-11-19 16:00:00+00:00,0.40484902262687683,0.41039958596229553,0.40484902262687683,0.4085151255130768
2024-11-19 20:00:00+00:00,0.4085039496421814,0.4085039496421814,0.3948504626750946,0.40824094414711
2024-11-20 00:00:00+00:00,0.4083707332611084,0.4083707332611084,0.3873111307621002,0.3948386311531067
2024-11-20 04:00:00+00:00,0.39481163024902344,0.4016307592391968,0.39171135425567627,0.4014841318130493
2024-11-20 08:00:00+00:00,0.4014410376548767,0.4099726378917694,0.4012322425842285,0.4052964448928833
2024-11-20 12:00:00+00:00,0.40530937910079956,0.4160234332084656,0.39839980006217957,0.40831369161605835
2024-11-20 16:00:00+00:00,0.4087657630443573,0.4089556038379669,0.38455045223236084,0.38540729880332947
2024-11-20 20:00:00+00:00,0.3853987157344818,0.4000145494937897,0.38306373357772827,0.3950444459915161
2024-11-21 00:00:00+00:00,0.3950865864753723,0.4019947648048401,0.3855358064174652,0.3941139876842499
2024-11-21 04:00:00+00:00,0.3941037356853485,0.40768149495124817,0.39148977398872375,0.3980805277824402
2024-11-21 08:00:00+00:00,0.3980711102485657,0.3981737196445465,0.3880651593208313,0.3961705267429352
2024-11-21 12:00:00+00:00,0.39617571234703064,0.41374874114990234,0.39617571234703064,0.4014396071434021
2024-11-21 16:00:00+00:00,0.40141329169273376,0.4106524884700775,0.40141329169273376,0.40811312198638916
2024-11-21 20:00:00+00:00,0.4081032872200012,0.4139290452003479,0.4061310887336731,0.4139290452003479
2024-11-22 00:00:00+00:00,0.41416874527931213,0.42019692063331604,0.4053247570991516,0.42019692063331604
2024-11-22 04:00:00+00:00,0.42020732164382935,0.4309053122997284,0.4195261597633362,0.4243856966495514
2024-11-22 08:00:00+00:00,0.4242366850376129,0.4303211271762848,0.4157041609287262,0.427478164434433
2024-11-22 12:00:00+00:00,0.4275217354297638,0.4337729513645172,0.41164645552635193,0.4265446364879608
2024-11-22 16:00:00+00:00,0.42662152647972107,0.4384475350379944,0.42353472113609314,0.42642754316329956
2024-11-22 20:00:00+00:00,0.4264538884162903,0.4554077088832855,0.4264538884162903,0.454990953207016
2024-11-23 00:00:00+00:00,0.45495370030403137,0.47861480712890625,0.449901282787323,0.46959376335144043
2024-11-23 04:00:00+00:00,0.46962395310401917,0.49202728271484375,0.4566185176372528,0.49202728271484375
2024-11-23 08:00:00+00:00,0.4918381869792938,0.5040216445922852,0.4827450215816498,0.49471187591552734
2024-11-23 12:00:00+00:00,0.49462682008743286,0.5258403420448303,0.4909965991973877,0.5190388560295105
2024-11-23 16:00:00+00:00,0.5190712213516235,0.551931619644165,0.5024036765098572,0.531563937664032
2024-11-23 20:00:00+00:00,0.5316160917282104,0.5358620882034302,0.5110117197036743,0.5254625678062439
2024-11-24 00:00:00+00:00,0.525667130947113,0.6320119500160217,0.5187975168228149,0.630477786064148
2024-11-24 04:00:00+00:00,0.6300069689750671,0.7192866206169128,0.613756000995636,0.6645219922065735
2024-11-24 08:00:00+00:00,0.6644978523254395,0.7038994431495667,0.6380625367164612,0.6382900476455688
2024-11-24 12:00:00+00:00,0.6379371881484985,0.6479737758636475,0.5602738261222839,0.5607782006263733
2024-11-24 16:00:00+00:00,0.5606073141098022,0.6101859211921692,0.5594990849494934,0.5870475172996521
2024-11-24 20:00:00+00:00,0.5869406461715698,0.7551866769790649,0.5857085585594177,0.7255297899246216
2024-11-25 00:00:00+00:00,0.7255297899246216,0.7694385051727295,0.6517696380615234,0.7288937568664551
2024-11-25 04:00:00+00:00,0.7289237976074219,0.7341002821922302,0.6766026616096497,0.6859825253486633
2024-11-25 08:00:00+00:00,0.6855160593986511,0.7027761936187744,0.6702290177345276,0.6702290177345276
2024-11-25 12:00:00+00:00,0.6702001690864563,0.6937921643257141,0.6459245681762695,0.6657832860946655
2024-11-25 16:00:00+00:00,0.6654776930809021,0.6665452718734741,0.6375163793563843,0.6501049995422363
2024-11-25 20:00:00+00:00,0.6502944231033325,0.6557846069335938,0.617456316947937,0.6291325092315674
2024-11-26 00:00:00+00:00,0.6287616491317749,0.6369422078132629,0.6160598397254944,0.6244690418243408
2024-11-26 04:00:00+00:00,0.6245683431625366,0.6287153959274292,0.6062684655189514,0.6074816584587097
2024-11-26 08:00:00+00:00,0.6074640154838562,0.6082773804664612,0.5659187436103821,0.5760927200317383
2024-11-26 12:00:00+00:00,0.576151967048645,0.5911458134651184,0.5631824135780334,0.5793049335479736
2024-11-26 16:00:00+00:00,0.5791465640068054,0.5919550061225891,0.5677754878997803,0.5803560614585876
2024-11-26 20:00:00+00:00,0.580478310585022,0.5931770205497742,0.5782029628753662,0.5841711163520813
2024-11-27 00:00:00+00:00,0.584016740322113,0.5857465863227844,0.5647667050361633,0.5695916414260864
2024-11-27 04:00:00+00:00,0.5694695711135864,0.5954766273498535,0.5686184763908386,0.5952564477920532
2024-11-27 08:00:00+00:00,0.5952755808830261,0.602449357509613,0.5841711163520813,0.5907086730003357
2024-11-27 12:00:00+00:00,0.5907217860221863,0.6108605265617371,0.5766607522964478,0.6108605265617371
2024-11-27 16:00:00+00:00,0.6106643676757812,0.6185736656188965,0.6043761968612671,0.6097949147224426
2024-11-27 20:00:00+00:00,0.6097817420959473,0.6242281794548035,0.6061145067214966,0.6088636517524719
2024-11-28 00:00:00+00:00,0.6087742447853088,0.6089801788330078,0.582908034324646,0.5875517129898071
2024-11-28 04:00:00+00:00,0.5876274108886719,0.5968747138977051,0.5875219702720642,0.5897497534751892
2024-11-28 08:00:00+00:00,0.5898874998092651,0.5953750014305115,0.5863069295883179,0.5913146138191223
2024-11-28 12:00:00+00:00,0.591315507888794,0.5940704345703125,0.5797474384307861,0.5812228918075562
2024-11-28 16:00:00+00:00,0.5811161994934082,0.6085739731788635,0.5807070732116699,0.6060934662818909
2024-11-28 20:00:00+00:00,0.6074923872947693,0.6226417422294617,0.6012378931045532,0.6215516328811646
2024-11-29 00:00:00+00:00,0.6213003396987915,0.6508886218070984,0.6150392293930054,0.6307963728904724
2024-11-29 04:00:00+00:00,0.6307188272476196,0.6318103075027466,0.6110982894897461,0.6110982894897461
2024-11-29 08:00:00+00:00,0.6104632019996643,0.6271645426750183,0.6093579530715942,0.6230970621109009
2024-11-29 12:00:00+00:00,0.6230452656745911,0.6400717496871948,0.6209293603897095,0.6377173662185669
2024-11-29 16:00:00+00:00,0.6375000476837158,0.6384207606315613,0.6254497170448303,0.6358761191368103
2024-11-29 20:00:00+00:00,0.6358426213264465,0.646652340888977,0.6352085471153259,0.6442563533782959
2024-11-30 00:00:00+00:00,0.643435001373291,0.643435001373291,0.6215682625770569,0.6266757845878601
2024-11-30 04:00:00+00:00,0.6266828775405884,0.6446527242660522,0.6264672875404358,0.6446291208267212
2024-11-30 08:00:00+00:00,0.6444598436355591,0.6477323174476624,0.6238415837287903,0.6335086226463318
2024-11-30 12:00:00+00:00,0.6335107088088989,0.6621565818786621,0.6303830146789551,0.6516042351722717
2024-11-30 16:00:00+00:00,0.6512560844421387,0.6578011512756348,0.6394814848899841,0.6575635671615601
2024-11-30 20:00:00+00:00,0.6575337052345276,0.6657087802886963,0.6487894654273987,0.6509004831314087
2024-12-01 00:00:00+00:00,0.6510815024375916,0.653103232383728,0.6194297671318054,0.6278237700462341
2024-12-01 04:00:00+00:00,0.627845287322998,0.6351071000099182,0.6250734925270081,0.6343892216682434
2024-12-01 08:00:00+00:00,0.633962869644165,0.6484628915786743,0.6291661262512207,0.6458441615104675
2024-12-01 12:00:00+00:00,0.646352231502533,0.6552326679229736,0.6422222256660461,0.6470940113067627
2024-12-01 16:00:00+00:00,0.6473565101623535,0.6477763056755066,0.6368938684463501,0.6418250203132629
2024-12-01 20:00:00+00:00,0.641780436038971,0.6576204299926758,0.632172167301178,0.6526073217391968
2024-12-02 00:00:00+00:00,0.6524413824081421,0.6560544371604919,0.6296321153640747,0.6296321153640747
2024-12-02 04:00:00+00:00,0.6301172971725464,0.6460962891578674,0.6214720010757446,0.636948823928833
2024-12-02 08:00:00+00:00,0.6369339823722839,0.6388868093490601,0.5987717509269714,0.6043968796730042
2024-12-02 12:00:00+00:00,0.6042340993881226,0.6373152136802673,0.6032425761222839,0.636393129825592
2024-12-02 16:00:00+00:00,0.6366485953330994,0.6397234797477722,0.6142591238021851,0.6355100274085999
2024-12-02 20:00:00+00:00,0.6351936459541321,0.6799474954605103,0.6351936459541321,0.6741466522216797
2024-12-03 00:00:00+00:00,0.6738511323928833,0.7613706588745117,0.6731212139129639,0.7152708172798157
2024-12-03 04:00:00+00:00,0.7151721119880676,0.731751561164856,0.6943185329437256,0.6955592036247253
2024-12-03 08:00:00+00:00,0.6966624855995178,0.7190165519714355,0.6966624855995178,0.711527407169342
2024-12-03 12:00:00+00:00,0.711849570274353,0.7148948907852173,0.6395971775054932,0.6549806594848633
2024-12-03 16:00:00+00:00,0.655243992805481,0.6858159899711609,0.655243992805481,0.6848851442337036
2024-12-03 20:00:00+00:00,0.6847176551818848,0.7103195786476135,0.6847176551818848,0.7018534541130066
2024-12-04 00:00:00+00:00,0.7008156776428223,0.7044192552566528,0.6863672733306885,0.7021129131317139
2024-12-04 04:00:00+00:00,0.7023203372955322,0.7142030000686646,0.6992357969284058,0.7118004560470581
2024-12-04 08:00:00+00:00,0.7117558717727661,0.7658773064613342,0.7066086530685425,0.7537422776222229
2024-12-04 12:00:00+00:00,0.7537791132926941,0.8197361826896667,0.7537791132926941,0.785821795463562
2024-12-04 16:00:00+00:00,0.7857285141944885,0.8511351346969604,0.7566714286804199,0.8363625407218933
2024-12-04 20:00:00+00:00,0.8361575603485107,0.8361575603485107,0.7687897682189941,0.7815965414047241
2024-12-05 00:00:00+00:00,0.7753194570541382,0.7814451456069946,0.7283050417900085,0.7293182611465454
2024-12-05 04:00:00+00:00,0.7296749949455261,0.7836001515388489,0.7296749949455261,0.7776097655296326
2024-12-05 08:00:00+00:00,0.7775073051452637,0.7870954871177673,0.7590897083282471,0.7850458025932312
2024-12-05 12:00:00+00:00,0.7850149869918823,0.7853074073791504,0.7688542604446411,0.7793022394180298
2024-12-05 16:00:00+00:00,0.7791658639907837,0.7949827313423157,0.7726892828941345,0.7729496359825134
2024-12-05 20:00:00+00:00,0.7733328342437744,0.7892603874206543,0.739627480506897,0.7417316436767578
2024-12-06 00:00:00+00:00,0.7425574064254761,0.763096809387207,0.7425574064254761,0.7579752206802368
2024-12-06 04:00:00+00:00,0.758748471736908,0.7768912315368652,0.7584909200668335,0.7692768573760986
2024-12-06 08:00:00+00:00,0.7693204879760742,0.7735545635223389,0.7382693290710449,0.7439250946044922
2024-12-06 12:00:00+00:00,0.7437930703163147,0.7575323581695557,0.7245199680328369,0.7485084533691406
2024-12-06 16:00:00+00:00,0.7495598793029785,0.766832172870636,0.7494280338287354,0.7647439241409302
2024-12-06 20:00:00+00:00,0.7654114365577698,0.7802466750144958,0.7642472982406616,0.7749123573303223
2024-12-07 00:00:00+00:00,0.7747795581817627,0.7813031673431396,0.7601083517074585,0.7652439475059509
2024-12-07 04:00:00+00:00,0.7650802731513977,0.7722702026367188,0.7519651651382446,0.7550278902053833
2024-12-07 08:00:00+00:00,0.755364179611206,0.7610194683074951,0.7434126734733582,0.7545175552368164
2024-12-07 12:00:00+00:00,0.7543730139732361,0.7598983645439148,0.7499372959136963,0.7560428977012634
2024-12-07 16:00:00+00:00,0.7560409307479858,0.7604355812072754,0.7389679551124573,0.7510368227958679
2024-12-07 20:00:00+00:00,0.750434160232544,0.7617311477661133,0.7460761070251465,0.756159782409668
2024-12-08 00:00:00+00:00,0.755439817905426,0.7723271250724792,0.753115177154541,0.753115177154541
2024-12-08 04:00:00+00:00,0.7530966997146606,0.7537355422973633,0.7327316403388977,0.7517371773719788
2024-12-08 08:00:00+00:00,0.7518170475959778,0.7518170475959778,0.7258943915367126,0.7413104772567749
2024-12-08 12:00:00+00:00,0.7413175702095032,0.7477766275405884,0.734163761138916,0.7404026985168457
2024-12-08 16:00:00+00:00,0.7399974465370178,0.7407819628715515,0.7285745739936829,0.7345093488693237
2024-12-08 20:00:00+00:00,0.7355692386627197,0.744202196598053,0.7303864359855652,0.743410050868988
2024-12-09 00:00:00+00:00,0.7417154908180237,0.7417208552360535,0.7101826071739197,0.7136788964271545
2024-12-09 04:00:00+00:00,0.7138017416000366,0.7229152917861938,0.6942923069000244,0.7050234079360962
2024-12-09 08:00:00+00:00,0.7048531174659729,0.7048531174659729,0.6690553426742554,0.6748405694961548
2024-12-09 12:00:00+00:00,0.6749745011329651,0.7046767473220825,0.668721079826355,0.6824608445167542
2024-12-09 16:00:00+00:00,0.682321310043335,0.6916507482528687,0.6758866906166077,0.678813636302948
2024-12-09 20:00:00+00:00,0.6786991953849792,0.6786991953849792,0.5571660399436951,0.6058380007743835
2024-12-10 00:00:00+00:00,0.6058967709541321,0.611989438533783,0.556505024433136,0.5768177509307861
2024-12-10 04:00:00+00:00,0.5770350694656372,0.6038315892219543,0.565462052822113,0.6002548336982727
2024-12-10 08:00:00+00:00,0.600241482257843,0.6189266443252563,0.5941583514213562,0.6081141829490662
2024-12-10 12:00:00+00:00,0.6078376770019531,0.6078376770019531,0.556795060634613,0.556795060634613
2024-12-10 16:00:00+00:00,0.556441068649292,0.5709959864616394,0.5320051908493042,0.5708765387535095
2024-12-10 20:00:00+00:00,0.5710214376449585,0.5976266264915466,0.5665859580039978,0.5924972295761108
2024-12-11 00:00:00+00:00,0.5926008820533752,0.5985091924667358,0.5685240030288696,0.5900749564170837
2024-12-11 04:00:00+00:00,0.590186357498169,0.5940386056900024,0.5859461426734924,0.5870270729064941
2024-12-11 08:00:00+00:00,0.5869283080101013,0.6139822006225586,0.5861955285072327,0.6075237393379211
2024-12-11 12:00:00+00:00,0.6075100898742676,0.6533896327018738,0.6075100898742676,0.6463017463684082
2024-12-11 16:00:00+00:00,0.6465781927108765,0.6504115462303162,0.6341620087623596,0.6451303362846375
2024-12-11 20:00:00+00:00,0.6451634168624878,0.6653427481651306,0.6445490717887878,0.6551510095596313
2024-12-12 00:00:00+00:00,0.6549592614173889,0.6736628413200378,0.6459289193153381,0.6660536527633667
2024-12-12 04:00:00+00:00,0.6658263802528381,0.6858991980552673,0.6650070548057556,0.6669483184814453
2024-12-12 08:00:00+00:00,0.6669467687606812,0.6758483648300171,0.6450132727622986,0.6492490172386169
2024-12-12 12:00:00+00:00,0.6492913365364075,0.6673610210418701,0.6492913365364075,0.6554192900657654
2024-12-12 16:00:00+00:00,0.6555455327033997,0.6648790240287781,0.634769856929779,0.6348589062690735
2024-12-12 20:00:00+00:00,0.6349856853485107,0.6486482620239258,0.6306858658790588,0.6404013633728027
2024-12-13 00:00:00+00:00,0.6402998566627502,0.6456878781318665,0.6246474385261536,0.6408162713050842
2024-12-13 04:00:00+00:00,0.6408388018608093,0.6411415934562683,0.6226612329483032,0.6312031745910645
2024-12-13 08:00:00+00:00,0.6309726238250732,0.6454368233680725,0.6266307830810547,0.639304518699646
2024-12-13 12:00:00+00:00,0.6392927765846252,0.6506089568138123,0.6307178139686584,0.6307178139686584
2024-12-13 16:00:00+00:00,0.6305740475654602,0.6463979482650757,0.6302081942558289,0.6385142207145691
2024-12-13 20:00:00+00:00,0.6384474635124207,0.6489186882972717,0.6326695680618286,0.6432401537895203
2024-12-14 00:00:00+00:00,0.6432846188545227,0.6499408483505249,0.6344839334487915,0.6369514465332031
2024-12-14 04:00:00+00:00,0.6369404792785645,0.6414198279380798,0.6307075619697571,0.6335059404373169
2024-12-14 08:00:00+00:00,0.633393406867981,0.6369538903236389,0.6248806118965149,0.6272113919258118
2024-12-14 12:00:00+00:00,0.6270636320114136,0.6270636320114136,0.60539311170578,0.6106873154640198
2024-12-14 16:00:00+00:00,0.610608696937561,0.611705482006073,0.5960569381713867,0.6035388112068176
2024-12-14 20:00:00+00:00,0.6036776900291443,0.6119250655174255,0.5972036719322205,0.6072933673858643
2024-12-15 00:00:00+00:00,0.6068576574325562,0.6170772910118103,0.6003854870796204,0.6077519655227661
2024-12-15 04:00:00+00:00,0.6077325940132141,0.614724338054657,0.5955705642700195,0.5978787541389465
2024-12-15 08:00:00+00:00,0.5978877544403076,0.612858772277832,0.5978877544403076,0.6108686327934265
2024-12-15 12:00:00+00:00,0.6110758185386658,0.6385416388511658,0.6110758185386658,0.6301056146621704
2024-12-15 16:00:00+00:00,0.6300824880599976,0.6347280740737915,0.6268082857131958,0.6274152398109436
2024-12-15 20:00:00+00:00,0.6274140477180481,0.6336727738380432,0.6055105924606323,0.6307175755500793
2024-12-16 00:00:00+00:00,0.6314569711685181,0.6426364779472351,0.6142705082893372,0.6164211630821228
2024-12-16 04:00:00+00:00,0.6166409254074097,0.621238112449646,0.6105281710624695,0.6143016219139099
2024-12-16 08:00:00+00:00,0.6143485307693481,0.6144917011260986,0.5881562829017639,0.5883179306983948
2024-12-16 12:00:00+00:00,0.588524580001831,0.6053544282913208,0.588524580001831,0.6025110483169556
2024-12-16 16:00:00+00:00,0.6025391817092896,0.6208896636962891,0.6025391817092896,0.6125286817550659
2024-12-16 20:00:00+00:00,0.6126435995101929,0.6196069717407227,0.6017066240310669,0.6030675172805786
2024-12-17 00:00:00+00:00,0.603021502494812,0.603021502494812,0.5909863114356995,0.599564790725708
2024-12-17 04:00:00+00:00,0.5995718836784363,0.5995718836784363,0.5880817174911499,0.5918228030204773
2024-12-17 08:00:00+00:00,0.5918774008750916,0.6126055121421814,0.5916740894317627,0.6085859537124634
2024-12-17 12:00:00+00:00,0.6085948348045349,0.6118590831756592,0.5841646194458008,0.5843271613121033
2024-12-17 16:00:00+00:00,0.5844316482543945,0.6044241189956665,0.5821055769920349,0.5947378277778625
2024-12-17 20:00:00+00:00,0.5949079990386963,0.5969641804695129,0.5672593116760254,0.5730046629905701
2024-12-18 00:00:00+00:00,0.5730509757995605,0.5767813920974731,0.5641452670097351,0.5650806427001953
2024-12-18 04:00:00+00:00,0.5651188492774963,0.5652318000793457,0.5568098425865173,0.560376763343811
2024-12-18 08:00:00+00:00,0.5603470802307129,0.5739297866821289,0.5576375722885132,0.5732850432395935
2024-12-18 12:00:00+00:00,0.5732865929603577,0.5734914541244507,0.5580683946609497,0.5580683946609497
2024-12-18 16:00:00+00:00,0.5582316517829895,0.577501654624939,0.5538386106491089,0.5612714290618896
2024-12-18 20:00:00+00:00,0.5617699027061462,0.5617699027061462,0.5179518461227417,0.51935875415802
2024-12-19 00:00:00+00:00,0.5193605422973633,0.5261443257331848,0.49084481596946716,0.5261443257331848
2024-12-19 04:00:00+00:00,0.5261150002479553,0.5261166095733643,0.5183191895484924,0.5214077830314636
2024-12-19 08:00:00+00:00,0.521175742149353,0.5357755422592163,0.5143583416938782,0.53179532289505
2024-12-19 12:00:00+00:00,0.5318480730056763,0.5318480730056763,0.5074923634529114,0.5133711695671082
2024-12-19 16:00:00+00:00,0.5133711695671082,0.5198968648910522,0.47039610147476196,0.47039610147476196
2024-12-19 20:00:00+00:00,0.4710448086261749,0.49355846643447876,0.4648383855819702,0.4831288754940033
2024-12-20 00:00:00+00:00,0.48307421803474426,0.5054818391799927,0.4744737148284912,0.49611935019493103
2024-12-20 04:00:00+00:00,0.4960917532444,0.5002439022064209,0.47851118445396423,0.48800966143608093
2024-12-20 08:00:00+00:00,0.4880484938621521,0.4880484938621521,0.42145898938179016,0.42185288667678833
2024-12-20 12:00:00+00:00,0.4219914376735687,0.4782447814941406,0.4174257814884186,0.4778642952442169
2024-12-20 16:00:00+00:00,0.47792068123817444,0.4975835084915161,0.47450461983680725,0.4936273694038391
2024-12-20 20:00:00+00:00,0.49363648891448975,0.509608805179596,0.4826302230358124,0.5058580636978149
2024-12-21 00:00:00+00:00,0.5056891441345215,0.5153526067733765,0.4989393651485443,0.4994374215602875
2024-12-21 04:00:00+00:00,0.4996804893016815,0.5273808240890503,0.4996804893016815,0.5228362083435059
2024-12-21 08:00:00+00:00,0.5227030515670776,0.5227030515670776,0.5005438327789307,0.5047162771224976
2024-12-21 12:00:00+00:00,0.5047636032104492,0.5047636032104492,0.47232770919799805,0.48186004161834717
2024-12-21 16:00:00+00:00,0.4818219840526581,0.4818219840526581,0.4615442454814911,0.4659983813762665
2024-12-21 20:00:00+00:00,0.46609988808631897,0.4731239378452301,0.46339720487594604,0.4689106047153473
2024-12-22 00:00:00+00:00,0.46909043192863464,0.475385844707489,0.4635542929172516,0.4700702130794525
2024-12-22 04:00:00+00:00,0.47023001313209534,0.4723820090293884,0.45731502771377563,0.46801847219467163
2024-12-22 08:00:00+00:00,0.46800148487091064,0.483488529920578,0.46800148487091064,0.47877106070518494
2024-12-22 12:00:00+00:00,0.4787721633911133,0.48962777853012085,0.4699062407016754,0.4729761481285095
2024-12-22 16:00:00+00:00,0.47296515107154846,0.4816373884677887,0.4627801775932312,0.4627801775932312
2024-12-22 20:00:00+00:00,0.46243464946746826,0.4805760681629181,0.4575832188129425,0.4728393852710724
2024-12-23 00:00:00+00:00,0.472804993391037,0.49002519249916077,0.4611431956291199,0.49002519249916077
2024-12-23 04:00:00+00:00,0.49002766609191895,0.4908331632614136,0.47025424242019653,0.4752415120601654
2024-12-23 08:00:00+00:00,0.47527769207954407,0.48437371850013733,0.4744094908237457,0.4758276641368866
2024-12-23 12:00:00+00:00,0.4758147597312927,0.48380136489868164,0.46212056279182434,0.46357592940330505
2024-12-23 16:00:00+00:00,0.46361538767814636,0.48101404309272766,0.46253421902656555,0.48011699318885803
2024-12-23 20:00:00+00:00,0.4801151752471924,0.5150337219238281,0.4801151752471924,0.5029085278511047
2024-12-24 00:00:00+00:00,0.5031304955482483,0.5031304955482483,0.48881393671035767,0.49862486124038696
2024-12-24 04:00:00+00:00,0.4991556704044342,0.5037529468536377,0.49310213327407837,0.4988855719566345
2024-12-24 08:00:00+00:00,0.49881380796432495,0.5223164558410645,0.49765777587890625,0.5148975253105164
2024-12-24 12:00:00+00:00,0.514967679977417,0.5520136952400208,0.5088993906974792,0.5501226186752319
2024-12-24 16:00:00+00:00,0.5499120950698853,0.5532410144805908,0.5357867479324341,0.5358920693397522
2024-12-24 20:00:00+00:00,0.5358095765113831,0.542160153388977,0.5296767354011536,0.539829671382904
2024-12-25 00:00:00+00:00,0.5398327112197876,0.5427600145339966,0.5281645655632019,0.5318664312362671
2024-12-25 04:00:00+00:00,0.5319706201553345,0.5357612371444702,0.5266833901405334,0.526690661907196
2024-12-25 08:00:00+00:00,0.526689350605011,0.5419123768806458,0.5262102484703064,0.5294750332832336
2024-12-25 12:00:00+00:00,0.5295891165733337,0.5374496579170227,0.5248246788978577,0.5295792818069458
2024-12-25 16:00:00+00:00,0.529434859752655,0.5343024134635925,0.5237411856651306,0.5329546928405762
2024-12-25 20:00:00+00:00,0.5329574346542358,0.5340729355812073,0.5241344571113586,0.5282292366027832
2024-12-26 00:00:00+00:00,0.5282480120658875,0.5322318077087402,0.5140681266784668,0.5145466327667236
2024-12-26 04:00:00+00:00,0.5144729018211365,0.5144729018211365,0.502347469329834,0.503925621509552
2024-12-26 08:00:00+00:00,0.5038979649543762,0.5038979649543762,0.49038776755332947,0.49759992957115173
2024-12-26 12:00:00+00:00,0.49759790301322937,0.49836865067481995,0.49182406067848206,0.494314581155777
2024-12-26 16:00:00+00:00,0.4942912757396698,0.4966478645801544,0.4872592091560364,0.49137023091316223
2024-12-26 20:00:00+00:00,0.49143165349960327,0.4924897849559784,0.48481476306915283,0.4886445999145508
2024-12-27 00:00:00+00:00,0.488660603761673,0.49345237016677856,0.48500490188598633,0.49249905347824097
2024-12-27 04:00:00+00:00,0.4924626052379608,0.49897316098213196,0.4848843216896057,0.4887855052947998
2024-12-27 08:00:00+00:00,0.4887755215167999,0.5129340291023254,0.4887755215167999,0.5124150514602661
2024-12-27 12:00:00+00:00,0.5125021934509277,0.5178340077400208,0.49161526560783386,0.49417775869369507
2024-12-27 16:00:00+00:00,0.49416613578796387,0.504548192024231,0.49136584997177124,0.5005481243133545
2024-12-27 20:00:00+00:00,0.5005125999450684,0.5006232857704163,0.4881395697593689,0.49131032824516296
2024-12-28 00:00:00+00:00,0.4913230538368225,0.49255600571632385,0.48601651191711426,0.49087274074554443
2024-12-28 04:00:00+00:00,0.4907675087451935,0.4930223822593689,0.48571038246154785,0.48587849736213684
2024-12-28 08:00:00+00:00,0.4858124256134033,0.49050506949424744,0.4857962429523468,0.48982930183410645
2024-12-28 12:00:00+00:00,0.48983684182167053,0.5022324919700623,0.4851040244102478,0.4937877953052521
2024-12-28 16:00:00+00:00,0.4936128556728363,0.5040305256843567,0.49209627509117126,0.4973418712615967
2024-12-28 20:00:00+00:00,0.49735429883003235,0.5082129240036011,0.49617698788642883,0.5034281015396118
2024-12-29 00:00:00+00:00,0.5034321546554565,0.5161436200141907,0.5007615685462952,0.5159892439842224
2024-12-29 04:00:00+00:00,0.5159555673599243,0.5198399424552917,0.5106773376464844,0.5150589942932129
2024-12-29 08:00:00+00:00,0.5150665640830994,0.5153282880783081,0.5031992197036743,0.5051860213279724
2024-12-29 12:00:00+00:00,0.5050982236862183,0.5065420866012573,0.494968056678772,0.49886786937713623
2024-12-29 16:00:00+00:00,0.49846893548965454,0.49846893548965454,0.48727473616600037,0.4882458448410034
2024-12-29 20:00:00+00:00,0.4882211685180664,0.4882211685180664,0.47797513008117676,0.4826202392578125
2024-12-30 00:00:00+00:00,0.4825883209705353,0.49880802631378174,0.4810173213481903,0.48962315917015076
2024-12-30 04:00:00+00:00,0.4896779954433441,0.49783504009246826,0.4869171380996704,0.49023735523223877
2024-12-30 08:00:00+00:00,0.4903301000595093,0.49354127049446106,0.4804903566837311,0.48604369163513184
2024-12-30 12:00:00+00:00,0.48603036999702454,0.490511029958725,0.4607332944869995,0.46325787901878357
2024-12-30 16:00:00+00:00,0.463247686624527,0.4866285026073456,0.4595135748386383,0.48621034622192383
2024-12-30 20:00:00+00:00,0.4863099753856659,0.4953366816043854,0.47353771328926086,0.47800683975219727
2024-12-31 00:00:00+00:00,0.4779745638370514,0.4779745638370514,0.4661214053630829,0.46629786491394043
2024-12-31 04:00:00+00:00,0.4661959111690521,0.4682196080684662,0.46198737621307373,0.46403321623802185
2024-12-31 08:00:00+00:00,0.4640192985534668,0.48026132583618164,0.4640192985534668,0.47203636169433594
2024-12-31 12:00:00+00:00,0.4720286428928375,0.4889903962612152,0.4720286428928375,0.48485347628593445
2024-12-31 16:00:00+00:00,0.48471105098724365,0.484736829996109,0.46733376383781433,0.46933603286743164
2024-12-31 20:00:00+00:00,0.46933990716934204,0.4707196056842804,0.4641841948032379,0.4659607410430908
2025-01-01 00:00:00+00:00,0.46598580479621887,0.47479280829429626,0.46554434299468994,0.4658118486404419
2025-01-01 04:00:00+00:00,0.4658075273036957,0.4658075273036957,0.4621492326259613,0.46532294154167175
2025-01-01 08:00:00+00:00,0.46530118584632874,0.4685773253440857,0.45613470673561096,0.46702826023101807
2025-01-01 12:00:00+00:00,0.4670390188694,0.48451948165893555,0.466148316860199,0.4837060272693634
2025-01-01 16:00:00+00:00,0.48375260829925537,0.49885794520378113,0.4800488352775574,0.49742814898490906
2025-01-01 20:00:00+00:00,0.49747753143310547,0.5018094778060913,0.4951961934566498,0.4960031509399414
2025-01-02 00:00:00+00:00,0.49591562151908875,0.5098309516906738,0.49591562151908875,0.5012527704238892
2025-01-02 04:00:00+00:00,0.5012861490249634,0.5074789524078369,0.49726662039756775,0.5022384524345398
2025-01-02 08:00:00+00:00,0.502254843711853,0.511343777179718,0.5008371472358704,0.5093252062797546
2025-01-02 12:00:00+00:00,0.509337306022644,0.5110275149345398,0.5013527870178223,0.5032510757446289
2025-01-02 16:00:00+00:00,0.5033104419708252,0.5103204846382141,0.5021919012069702,0.5054973363876343
2025-01-02 20:00:00+00:00,0.5054839849472046,0.508898138999939,0.5011496543884277,0.5078563094139099
2025-01-03 00:00:00+00:00,0.5078554749488831,0.5127047300338745,0.5015291571617126,0.5099979639053345
2025-01-03 04:00:00+00:00,0.5100855231285095,0.5114355087280273,0.5031580924987793,0.5033920407295227
2025-01-03 08:00:00+00:00,0.5033652186393738,0.5407736301422119,0.5031850934028625,0.5396978259086609
2025-01-03 12:00:00+00:00,0.5394367575645447,0.5490175485610962,0.5337231755256653,0.5490175485610962
2025-01-03 16:00:00+00:00,0.5490317940711975,0.5599018931388855,0.5490317940711975,0.5536618828773499
2025-01-03 20:00:00+00:00,0.553669273853302,0.55958092212677,0.5495312809944153,0.5549755692481995
2025-01-04 00:00:00+00:00,0.554972231388092,0.5613859295845032,0.5494853258132935,0.5566422343254089
2025-01-04 04:00:00+00:00,0.5566829442977905,0.55904221534729,0.5505982637405396,0.5551038980484009
2025-01-04 08:00:00+00:00,0.5550952553749084,0.5550952553749084,0.5418770909309387,0.5430188179016113
2025-01-04 12:00:00+00:00,0.5430639386177063,0.5648362040519714,0.5430639386177063,0.5480857491493225
2025-01-04 16:00:00+00:00,0.5480533838272095,0.5526933670043945,0.5467734932899475,0.5506659746170044
2025-01-04 20:00:00+00:00,0.5506814122200012,0.5550472140312195,0.5491693019866943,0.550095796585083
2025-01-05 00:00:00+00:00,0.5501100420951843,0.5510837435722351,0.54232257604599,0.5441697239875793
2025-01-05 04:00:00+00:00,0.5441645383834839,0.5509653091430664,0.5441645383834839,0.5495488047599792
2025-01-05 08:00:00+00:00,0.5495383143424988,0.5520010590553284,0.5406711101531982,0.5420812964439392
2025-01-05 12:00:00+00:00,0.5419723391532898,0.5459737181663513,0.5349557399749756,0.5446767210960388
2025-01-05 16:00:00+00:00,0.5446934700012207,0.5475867390632629,0.5412806272506714,0.5459662675857544
2025-01-05 20:00:00+00:00,0.5478286147117615,0.551132082939148,0.5452348589897156,0.5474194288253784
2025-01-06 00:00:00+00:00,0.5477100014686584,0.5811567902565002,0.5435603857040405,0.5645188093185425
2025-01-06 04:00:00+00:00,0.566900372505188,0.5693274140357971,0.5576807260513306,0.5605049729347229
2025-01-06 08:00:00+00:00,0.5605779886245728,0.5703576803207397,0.556068480014801,0.5703576803207397
2025-01-06 12:00:00+00:00,0.5698249340057373,0.5887134075164795,0.5640612840652466,0.5887134075164795
2025-01-06 16:00:00+00:00,0.5883843898773193,0.5980144143104553,0.5803747773170471,0.586418092250824
2025-01-06 20:00:00+00:00,0.5864243507385254,0.5867959260940552,0.5703493356704712,0.5756542086601257
2025-01-07 00:00:00+00:00,0.5757066607475281,0.575997531414032,0.5644599795341492,0.5664049983024597
2025-01-07 04:00:00+00:00,0.5663738250732422,0.5691689252853394,0.561615526676178,0.5645783543586731
2025-01-07 08:00:00+00:00,0.5645591020584106,0.5695897340774536,0.5545881986618042,0.5577718615531921
2025-01-07 12:00:00+00:00,0.5583377480506897,0.5663567185401917,0.525138795375824,0.5306837558746338
2025-01-07 16:00:00+00:00,0.5293957591056824,0.5357841849327087,0.5174064636230469,0.5190939903259277
2025-01-07 20:00:00+00:00,0.5190156102180481,0.5233400464057922,0.5132826566696167,0.5133973956108093
2025-01-08 00:00:00+00:00,0.5132102966308594,0.5196256637573242,0.505653440952301,0.507387101650238
2025-01-08 04:00:00+00:00,0.5073757767677307,0.5073757767677307,0.4889141619205475,0.49614155292510986
2025-01-08 08:00:00+00:00,0.49615079164505005,0.503015398979187,0.49078190326690674,0.4929182827472687
2025-01-08 12:00:00+00:00,0.49280282855033875,0.5010747313499451,0.4878315031528473,0.4941079616546631
2025-01-08 16:00:00+00:00,0.49414873123168945,0.49590370059013367,0.46795403957366943,0.48066169023513794
2025-01-08 20:00:00+00:00,0.48024412989616394,0.49165061116218567,0.47903963923454285,0.48946747183799744
2025-01-09 00:00:00+00:00,0.48946720361709595,0.4993149936199188,0.48639604449272156,0.49415144324302673
2025-01-09 04:00:00+00:00,0.49481314420700073,0.497128427028656,0.4813375473022461,0.48219063878059387
2025-01-09 08:00:00+00:00,0.4820277690887451,0.49800002574920654,0.4817962348461151,0.4978386163711548
2025-01-09 12:00:00+00:00,0.4987085163593292,0.5036872625350952,0.48005709052085876,0.5033770799636841
2025-01-09 16:00:00+00:00,0.5028570294380188,0.5055086612701416,0.48491472005844116,0.4875320792198181
2025-01-09 20:00:00+00:00,0.48684051632881165,0.4953278601169586,0.4805266261100769,0.4935253858566284
2025-01-10 00:00:00+00:00,0.4935797452926636,0.49910175800323486,0.4887058138847351,0.4914563000202179
2025-01-10 04:00:00+00:00,0.49154332280158997,0.5033649802207947,0.48883432149887085,0.50065678358078
2025-01-10 08:00:00+00:00,0.5006223320960999,0.5043036341667175,0.4978415071964264,0.501043438911438
2025-01-10 12:00:00+00:00,0.5011410117149353,0.5069387555122375,0.4879758358001709,0.49692556262016296
2025-01-10 16:00:00+00:00,0.49696096777915955,0.5071213841438293,0.48834580183029175,0.5067541003227234
2025-01-10 20:00:00+00:00,0.5067333579063416,0.5073316693305969,0.49785172939300537,0.5038577318191528
2025-01-11 00:00:00+00:00,0.5037017464637756,0.5058366060256958,0.4957864284515381,0.4957864284515381
2025-01-11 04:00:00+00:00,0.49580472707748413,0.49981436133384705,0.49256715178489685,0.49286723136901855
2025-01-11 08:00:00+00:00,0.4928862154483795,0.4982042610645294,0.49037501215934753,0.4970594644546509
2025-01-11 12:00:00+00:00,0.4970874488353729,0.4973922371864319,0.48794451355934143,0.4888123571872711
2025-01-11 16:00:00+00:00,0.48880019783973694,0.49101120233535767,0.4858119785785675,0.487566202878952
2025-01-11 20:00:00+00:00,0.48761633038520813,0.5077768564224243,0.4872084856033325,0.49768057465553284
2025-01-12 00:00:00+00:00,0.4981308877468109,0.4998571574687958,0.4946120083332062,0.4955744743347168
2025-01-12 04:00:00+00:00,0.4955006539821625,0.5008565783500671,0.48995497822761536,0.49367520213127136
2025-01-12 08:00:00+00:00,0.4936729371547699,0.4937622845172882,0.48383352160453796,0.4887416660785675
2025-01-12 12:00:00+00:00,0.48855194449424744,0.49229860305786133,0.48634302616119385,0.4911079406738281
2025-01-12 16:00:00+00:00,0.49184614419937134,0.49184614419937134,0.4858554005622864,0.4867771565914154
2025-01-12 20:00:00+00:00,0.48626968264579773,0.4870910942554474,0.47370532155036926,0.4806594252586365
2025-01-13 00:00:00+00:00,0.48063579201698303,0.4951349198818207,0.46908795833587646,0.47033563256263733
2025-01-13 04:00:00+00:00,0.47032707929611206,0.47843441367149353,0.46529653668403625,0.46860381960868835
2025-01-13 08:00:00+00:00,0.4688747525215149,0.4688910245895386,0.44673097133636475,0.44673097133636475
2025-01-13 12:00:00+00:00,0.4467760920524597,0.47084566950798035,0.44403156638145447,0.4671500027179718
2025-01-13 16:00:00+00:00,0.46710845828056335,0.46710845828056335,0.45305314660072327,0.4624958336353302
2025-01-13 20:00:00+00:00,0.46243342757225037,0.48159950971603394,0.4594199061393738,0.4753291606903076
2025-01-14 00:00:00+00:00,0.475178599357605,0.47938811779022217,0.47321659326553345,0.4744186997413635
2025-01-14 04:00:00+00:00,0.47504886984825134,0.4820849597454071,0.47380638122558594,0.47380638122558594
2025-01-14 08:00:00+00:00,0.47358453273773193,0.48804357647895813,0.47358453273773193,0.4821828603744507
2025-01-14 12:00:00+00:00,0.482761025428772,0.4903131425380707,0.4786083698272705,0.4883817732334137
2025-01-14 16:00:00+00:00,0.4883814752101898,0.4936322271823883,0.4829510748386383,0.4894968569278717
2025-01-14 20:00:00+00:00,0.489301472902298,0.4989356994628906,0.4870934784412384,0.49670010805130005
2025-01-15 00:00:00+00:00,0.4972464442253113,0.5008164644241333,0.4935060441493988,0.499784916639328
2025-01-15 04:00:00+00:00,0.49986279010772705,0.5066940188407898,0.49669525027275085,0.5055487751960754
2025-01-15 08:00:00+00:00,0.5055254101753235,0.5115138292312622,0.48960646986961365,0.4924828112125397
2025-01-15 12:00:00+00:00,0.4929494261741638,0.5260640978813171,0.4897666573524475,0.5233807563781738
2025-01-15 16:00:00+00:00,0.5234318971633911,0.5266699194908142,0.5155587196350098,0.5233843922615051
2025-01-15 20:00:00+00:00,0.523353636264801,0.5351839661598206,0.5219507217407227,0.5340955257415771
2025-01-16 00:00:00+00:00,0.5345885157585144,0.5348154902458191,0.5191504955291748,0.5211995840072632
2025-01-16 04:00:00+00:00,0.5212848782539368,0.5260070562362671,0.5210608243942261,0.5214558839797974
2025-01-16 08:00:00+00:00,0.5214785933494568,0.5229623317718506,0.5116260051727295,0.519655168056488
2025-01-16 12:00:00+00:00,0.5196635723114014,0.5343025922775269,0.511245846748352,0.520986795425415
2025-01-16 16:00:00+00:00,0.5222598910331726,0.5336011648178101,0.5222598910331726,0.5294336080551147
2025-01-16 20:00:00+00:00,0.5293636918067932,0.5312644839286804,0.5158354043960571,0.5193637609481812
2025-01-17 00:00:00+00:00,0.519390344619751,0.546084463596344,0.519390344619751,0.5459451675415039
2025-01-17 04:00:00+00:00,0.5458643436431885,0.5707609057426453,0.54412841796875,0.5619411468505859
2025-01-17 08:00:00+00:00,0.5615056157112122,0.5674054026603699,0.5551126003265381,0.563399612903595
2025-01-17 12:00:00+00:00,0.5626437664031982,0.5626437664031982,0.5527620315551758,0.5555755496025085
2025-01-17 16:00:00+00:00,0.5570722222328186,0.561439573764801,0.5511794686317444,0.5573309063911438
2025-01-17 20:00:00+00:00,0.5573148727416992,0.5688640475273132,0.5572778582572937,0.5618074536323547
2025-01-18 00:00:00+00:00,0.5616553425788879,0.5675399899482727,0.5416730642318726,0.542938232421875
2025-01-18 04:00:00+00:00,0.5428449511528015,0.5434741973876953,0.5181372761726379,0.5196865200996399
2025-01-18 08:00:00+00:00,0.518955647945404,0.5236835479736328,0.5129430890083313,0.5232410430908203
2025-01-18 12:00:00+00:00,0.5232224464416504,0.5280546545982361,0.5185568928718567,0.5243802666664124
2025-01-18 16:00:00+00:00,0.523318350315094,0.5233518481254578,0.5131965279579163,0.5185622572898865
2025-01-18 20:00:00+00:00,0.5185852646827698,0.5209906697273254,0.5098127722740173,0.5209346413612366
2025-01-19 00:00:00+00:00,0.5209152698516846,0.5387382507324219,0.5192540287971497,0.5288745164871216
2025-01-19 04:00:00+00:00,0.5288715958595276,0.5288715958595276,0.5031888484954834,0.5058740377426147
2025-01-19 08:00:00+00:00,0.5058478116989136,0.5058478116989136,0.4751526415348053,0.4753543734550476
2025-01-19 12:00:00+00:00,0.4767192006111145,0.5206292867660522,0.4766389727592468,0.5088564157485962
2025-01-19 16:00:00+00:00,0.5087006688117981,0.5122135877609253,0.5025686621665955,0.506727933883667
2025-01-19 20:00:00+00:00,0.5068461894989014,0.5107429027557373,0.4571627378463745,0.4619297683238983
2025-01-20 00:00:00+00:00,0.4621049165725708,0.4714331328868866,0.44730550050735474,0.4674365520477295
2025-01-20 04:00:00+00:00,0.4675653874874115,0.5133417248725891,0.4636588394641876,0.5044994354248047
2025-01-20 08:00:00+00:00,0.504205048084259,0.5125386118888855,0.5002022385597229,0.5071091651916504
2025-01-20 12:00:00+00:00,0.5083802938461304,0.5084236264228821,0.4901160001754761,0.49363112449645996
2025-01-20 16:00:00+00:00,0.4938102066516876,0.5020763278007507,0.47323477268218994,0.490346223115921
2025-01-20 20:00:00+00:00,0.4902575612068176,0.4904349744319916,0.47664716839790344,0.4809951186180115
2025-01-21 00:00:00+00:00,0.4809826910495758,0.4810723662376404,0.4661336839199066,0.4693891406059265
2025-01-21 04:00:00+00:00,0.46924564242362976,0.4735489785671234,0.460293710231781,0.4696621894836426
2025-01-21 08:00:00+00:00,0.4697928726673126,0.48589813709259033,0.46732857823371887,0.4857870936393738
2025-01-21 12:00:00+00:00,0.48604050278663635,0.49359413981437683,0.4828152656555176,0.48852840065956116
2025-01-21 16:00:00+00:00,0.48852160573005676,0.5117154121398926,0.4884355962276459,0.5041221380233765
2025-01-21 20:00:00+00:00,0.5041758418083191,0.5042506456375122,0.4940232038497925,0.4960489571094513
2025-01-22 00:00:00+00:00,0.4961242377758026,0.49805837869644165,0.4887688457965851,0.4908581078052521
2025-01-22 04:00:00+00:00,0.49090448021888733,0.4919826090335846,0.4821580648422241,0.4823809564113617
2025-01-22 08:00:00+00:00,0.4830677807331085,0.4895757734775543,0.47759824991226196,0.48936334252357483
2025-01-22 12:00:00+00:00,0.4892919063568115,0.4908752143383026,0.4796520173549652,0.48140740394592285
2025-01-22 16:00:00+00:00,0.48144257068634033,0.48711487650871277,0.4792768955230713,0.4828049838542938
2025-01-22 20:00:00+00:00,0.48146358132362366,0.4847094714641571,0.47669893503189087,0.476943701505661
2025-01-23 00:00:00+00:00,0.4769885540008545,0.47794201970100403,0.4685371518135071,0.4712752401828766
2025-01-23 04:00:00+00:00,0.47139790654182434,0.4749855697154999,0.46668821573257446,0.4749855697154999
2025-01-23 08:00:00+00:00,0.47495803236961365,0.4761635661125183,0.4686110317707062,0.47203752398490906
2025-01-23 12:00:00+00:00,0.47203195095062256,0.4823530912399292,0.4636271893978119,0.47888046503067017
2025-01-23 16:00:00+00:00,0.4788791239261627,0.4888421297073364,0.46809011697769165,0.4688049554824829
2025-01-23 20:00:00+00:00,0.4688810408115387,0.4822608232498169,0.4669005274772644,0.47970104217529297
2025-01-24 00:00:00+00:00,0.4797634482383728,0.4814777970314026,0.46430855989456177,0.4705761671066284
2025-01-24 04:00:00+00:00,0.47063037753105164,0.48744839429855347,0.4693344533443451,0.4820548892021179
2025-01-24 08:00:00+00:00,0.48219993710517883,0.4893408715724945,0.481220006942749,0.4871908724308014
2025-01-24 12:00:00+00:00,0.487458735704422,0.49232351779937744,0.4845241606235504,0.48616379499435425
2025-01-24 16:00:00+00:00,0.4862453043460846,0.48957550525665283,0.482072114944458,0.4825112223625183
2025-01-24 20:00:00+00:00,0.4825013279914856,0.4844736158847809,0.4696717858314514,0.4712887704372406
2025-01-25 00:00:00+00:00,0.4713149666786194,0.4793863594532013,0.4651550054550171,0.47919678688049316
2025-01-25 04:00:00+00:00,0.47918930649757385,0.47918930649757385,0.47336798906326294,0.4736214876174927
2025-01-25 08:00:00+00:00,0.4736015796661377,0.47592830657958984,0.4667743146419525,0.47289490699768066
2025-01-25 12:00:00+00:00,0.4729496240615845,0.47678449749946594,0.469279944896698,0.4761015772819519
2025-01-25 16:00:00+00:00,0.4760896563529968,0.4767741858959198,0.47138839960098267,0.47428277134895325
2025-01-25 20:00:00+00:00,0.47428277134895325,0.4775570333003998,0.47382426261901855,0.47382426261901855
2025-01-26 00:00:00+00:00,0.47383782267570496,0.4787273108959198,0.4711992144584656,0.47807568311691284
2025-01-26 04:00:00+00:00,0.4776736795902252,0.48267847299575806,0.47700396180152893,0.4787001609802246
2025-01-26 08:00:00+00:00,0.47870802879333496,0.4800962209701538,0.4716097414493561,0.476078063249588
2025-01-26 12:00:00+00:00,0.47607389092445374,0.4761119782924652,0.4729238450527191,0.4734622538089752
2025-01-26 16:00:00+00:00,0.47344332933425903,0.47762414813041687,0.470307856798172,0.47689288854599
2025-01-26 20:00:00+00:00,0.47689175605773926,0.4771408140659332,0.4557204842567444,0.4559963047504425
2025-01-27 00:00:00+00:00,0.455090194940567,0.45636749267578125,0.43969300389289856,0.4418531060218811
2025-01-27 04:00:00+00:00,0.4418186545372009,0.4421679973602295,0.41514158248901367,0.42593488097190857
2025-01-27 08:00:00+00:00,0.4256702959537506,0.426699161529541,0.4169115424156189,0.4218677878379822
2025-01-27 12:00:00+00:00,0.4217833876609802,0.44849807024002075,0.4190759062767029,0.4465043842792511
2025-01-27 16:00:00+00:00,0.44626766443252563,0.44626766443252563,0.4321049153804779,0.43428096175193787
2025-01-27 20:00:00+00:00,0.43432071805000305,0.45540016889572144,0.43432071805000305,0.4488333463668823
2025-01-28 00:00:00+00:00,0.4489215612411499,0.45337507128715515,0.4426670968532562,0.4489377439022064
2025-01-28 04:00:00+00:00,0.44869983196258545,0.45254042744636536,0.44730842113494873,0.44730859994888306
2025-01-28 08:00:00+00:00,0.4473698139190674,0.44772976636886597,0.4406554400920868,0.44204238057136536
2025-01-28 12:00:00+00:00,0.4420579671859741,0.446107417345047,0.4367954134941101,0.4429612159729004
2025-01-28 16:00:00+00:00,0.4430408775806427,0.44325995445251465,0.43067267537117004,0.4335259199142456
2025-01-28 20:00:00+00:00,0.4339200556278229,0.43455225229263306,0.4137096703052521,0.4170980751514435
2025-01-29 00:00:00+00:00,0.4170352518558502,0.4280414581298828,0.41548582911491394,0.426356703042984
2025-01-29 04:00:00+00:00,0.42630165815353394,0.4405745565891266,0.425976425409317,0.44055360555648804
2025-01-29 08:00:00+00:00,0.4400789141654968,0.4402625262737274,0.4296743869781494,0.4327116310596466
2025-01-29 12:00:00+00:00,0.4327908158302307,0.4336314797401428,0.4230552017688751,0.42562389373779297
2025-01-29 16:00:00+00:00,0.4256225526332855,0.43668654561042786,0.4176025092601776,0.4341426193714142
2025-01-29 20:00:00+00:00,0.4333406686782837,0.44220808148384094,0.427971750497818,0.427971750497818
2025-01-30 00:00:00+00:00,0.428003191947937,0.4413933753967285,0.4258338510990143,0.4413933753967285
2025-01-30 04:00:00+00:00,0.44122514128685,0.44347554445266724,0.4391125738620758,0.4405205547809601
2025-01-30 08:00:00+00:00,0.44061172008514404,0.44714975357055664,0.43925783038139343,0.4471483528614044
2025-01-30 12:00:00+00:00,0.447162389755249,0.4539581537246704,0.4425370395183563,0.451631635427475
2025-01-30 16:00:00+00:00,0.45157864689826965,0.45381060242652893,0.448517769575119,0.45381060242652893
2025-01-30 20:00:00+00:00,0.45382750034332275,0.454227089881897,0.44836586713790894,0.44836586713790894
2025-01-31 00:00:00+00:00,0.44835779070854187,0.4488391578197479,0.4389519989490509,0.4415771961212158
2025-01-31 04:00:00+00:00,0.4415706396102905,0.452639102935791,0.44022902846336365,0.44762811064720154
2025-01-31 08:00:00+00:00,0.44748935103416443,0.45675522089004517,0.44400081038475037,0.4561692476272583
2025-01-31 12:00:00+00:00,0.45611071586608887,0.4648551940917969,0.45458081364631653,0.4647162854671478
2025-01-31 16:00:00+00:00,0.46479538083076477,0.4654309153556824,0.44712555408477783,0.4496053457260132
2025-01-31 20:00:00+00:00,0.44960108399391174,0.45037591457366943,0.44316065311431885,0.44768282771110535
2025-02-01 00:00:00+00:00,0.44771143794059753,0.4532932937145233,0.447554349899292,0.4481191337108612
2025-02-01 04:00:00+00:00,0.4481220841407776,0.45106855034828186,0.44400304555892944,0.44402384757995605
2025-02-01 08:00:00+00:00,0.44402527809143066,0.44478094577789307,0.4319900870323181,0.4360426366329193
2025-02-01 12:00:00+00:00,0.4360101521015167,0.4387173652648926,0.4289807677268982,0.4321586489677429
2025-02-01 16:00:00+00:00,0.43213948607444763,0.43297508358955383,0.42162570357322693,0.4224012792110443
2025-02-01 20:00:00+00:00,0.4221758246421814,0.4221775531768799,0.4099343717098236,0.4130276143550873
2025-02-02 00:00:00+00:00,0.4123571515083313,0.42158836126327515,0.4002681374549866,0.4008532762527466
2025-02-02 04:00:00+00:00,0.4008474349975586,0.40874186158180237,0.39804843068122864,0.40333735942840576
2025-02-02 08:00:00+00:00,0.40332987904548645,0.41021761298179626,0.3953400254249573,0.396508127450943
2025-02-02 12:00:00+00:00,0.39626890420913696,0.4046231210231781,0.3936140537261963,0.39753830432891846
2025-02-02 16:00:00+00:00,0.3974507451057434,0.3974507451057434,0.3544539511203766,0.36688974499702454
2025-02-02 20:00:00+00:00,0.3667355477809906,0.37062788009643555,0.3415989279747009,0.3555687367916107
2025-02-03 00:00:00+00:00,0.3556060492992401,0.35590237379074097,0.27936452627182007,0.3015478849411011
2025-02-03 04:00:00+00:00,0.30042555928230286,0.32357314229011536,0.2900557219982147,0.32357314229011536
2025-02-03 08:00:00+00:00,0.3236427903175354,0.32482442259788513,0.3110862970352173,0.3186306655406952
2025-02-03 12:00:00+00:00,0.3189156651496887,0.33597880601882935,0.30639758706092834,0.33060282468795776
2025-02-03 16:00:00+00:00,0.33063486218452454,0.3460480272769928,0.32937702536582947,0.3460480272769928
2025-02-03 20:00:00+00:00,0.34600451588630676,0.35578447580337524,0.3385808765888214,0.3516803979873657
2025-02-04 00:00:00+00:00,0.3517726957798004,0.35692232847213745,0.3400532603263855,0.34171348810195923
2025-02-04 04:00:00+00:00,0.34175753593444824,0.34476572275161743,0.31516730785369873,0.3154657185077667
2025-02-04 08:00:00+00:00,0.315372109413147,0.3299392759799957,0.3147745728492737,0.3275602459907532
2025-02-04 12:00:00+00:00,0.3275296688079834,0.33819711208343506,0.3268253207206726,0.3333064019680023
2025-02-04 16:00:00+00:00,0.33328425884246826,0.343207448720932,0.33183637261390686,0.33389511704444885
2025-02-04 20:00:00+00:00,0.3316705822944641,0.3324509263038635,0.3168955445289612,0.3292315900325775
2025-02-05 00:00:00+00:00,0.3291163444519043,0.3326728045940399,0.32598868012428284,0.33052486181259155
2025-02-05 04:00:00+00:00,0.3304946720600128,0.3356206715106964,0.32948049902915955,0.33399131894111633
2025-02-05 08:00:00+00:00,0.3339652419090271,0.34185439348220825,0.33111098408699036,0.34185439348220825
2025-02-05 12:00:00+00:00,0.3417956233024597,0.3424583673477173,0.3355506956577301,0.3389185667037964
2025-02-05 16:00:00+00:00,0.3388480246067047,0.33923134207725525,0.3262038230895996,0.33439871668815613
2025-02-05 20:00:00+00:00,0.33438631892204285,0.33506229519844055,0.32447680830955505,0.3269909918308258
2025-02-06 00:00:00+00:00,0.32700756192207336,0.3307168185710907,0.32462388277053833,0.3291787803173065
2025-02-06 04:00:00+00:00,0.32917654514312744,0.33346647024154663,0.3284168541431427,0.32974717020988464
2025-02-06 08:00:00+00:00,0.3297423720359802,0.3301704227924347,0.3237231373786926,0.3265695571899414
2025-02-06 12:00:00+00:00,0.3263421952724457,0.3263421952724457,0.30930349230766296,0.3095813989639282
2025-02-06 16:00:00+00:00,0.3097120523452759,0.316051185131073,0.30662107467651367,0.30662107467651367
2025-02-06 20:00:00+00:00,0.306612104177475,0.3118836581707001,0.3062715232372284,0.3092407286167145
2025-02-07 00:00:00+00:00,0.3093583285808563,0.31892141699790955,0.3092420697212219,0.31661146879196167
2025-02-07 04:00:00+00:00,0.31665635108947754,0.3175835609436035,0.3098130226135254,0.3144463896751404
2025-02-07 08:00:00+00:00,0.3144402801990509,0.32264938950538635,0.31377100944519043,0.32140007615089417
2025-02-07 12:00:00+00:00,0.32144877314567566,0.3341349959373474,0.319698691368103,0.3268442451953888
2025-02-07 16:00:00+00:00,0.3268486261367798,0.3279149830341339,0.3197612464427948,0.3209041953086853
2025-02-07 20:00:00+00:00,0.3208446502685547,0.3208446502685547,0.30512627959251404,0.3138614296913147
2025-02-08 00:00:00+00:00,0.31396758556365967,0.31746208667755127,0.3120867609977722,0.3136918246746063
2025-02-08 04:00:00+00:00,0.31369948387145996,0.31415966153144836,0.30869320034980774,0.31357190012931824
2025-02-08 08:00:00+00:00,0.31357723474502563,0.31357723474502563,0.3097463548183441,0.31166788935661316
2025-02-08 12:00:00+00:00,0.3116908371448517,0.3158721923828125,0.3087834119796753,0.3125026822090149
2025-02-08 16:00:00+00:00,0.31249213218688965,0.322933167219162,0.31156614422798157,0.3229069113731384
2025-02-08 20:00:00+00:00,0.32288408279418945,0.3253207504749298,0.3211432993412018,0.3239482641220093
2025-02-09 00:00:00+00:00,0.3239626884460449,0.33204492926597595,0.3226233422756195,0.33204492926597595
2025-02-09 04:00:00+00:00,0.3312380611896515,0.3312380611896515,0.3252277374267578,0.3291599750518799
2025-02-09 08:00:00+00:00,0.3291183412075043,0.33112624287605286,0.3274102210998535,0.3274102210998535
2025-02-09 12:00:00+00:00,0.32738807797431946,0.32775914669036865,0.31799402832984924,0.3222849667072296
2025-02-09 16:00:00+00:00,0.3223029673099518,0.32405886054039,0.3166855275630951,0.31689730286598206
2025-02-09 20:00:00+00:00,0.3168717920780182,0.32002726197242737,0.30322831869125366,0.31680557131767273
2025-02-10 00:00:00+00:00,0.316787987947464,0.3226339519023895,0.305464506149292,0.31568020582199097
2025-02-10 04:00:00+00:00,0.31567519903182983,0.3224189281463623,0.3152286410331726,0.3224189281463623
2025-02-10 08:00:00+00:00,0.32168108224868774,0.3245958685874939,0.3201175332069397,0.3241826593875885
2025-02-10 12:00:00+00:00,0.32411372661590576,0.3298676311969757,0.3212839663028717,0.32528993487358093
2025-02-10 16:00:00+00:00,0.3254586160182953,0.3319413959980011,0.3254586160182953,0.3300502598285675
2025-02-10 20:00:00+00:00,0.3300110995769501,0.33287858963012695,0.3298121690750122,0.3318360447883606
2025-02-11 00:00:00+00:00,0.33191728591918945,0.3389852046966553,0.33191728591918945,0.3389852046966553
2025-02-11 04:00:00+00:00,0.3389839828014374,0.35037896037101746,0.33843520283699036,0.34630703926086426
2025-02-11 08:00:00+00:00,0.3463217318058014,0.3468047082424164,0.3394825756549835,0.34163492918014526
2025-02-11 12:00:00+00:00,0.3416227102279663,0.3419399857521057,0.3295864760875702,0.3339191973209381
2025-02-11 16:00:00+00:00,0.3338506817817688,0.3339451849460602,0.3210538625717163,0.3223739266395569
2025-02-11 20:00:00+00:00,0.32236266136169434,0.3278560936450958,0.3221636116504669,0.3247033357620239
2025-02-12 00:00:00+00:00,0.3246939778327942,0.3267052173614502,0.3214348256587982,0.32200661301612854
2025-02-12 04:00:00+00:00,0.32179000973701477,0.3235240876674652,0.3195655047893524,0.3211198151111603
2025-02-12 08:00:00+00:00,0.321096271276474,0.32371631264686584,0.3196263313293457,0.32272961735725403
2025-02-12 12:00:00+00:00,0.3227352499961853,0.32837173342704773,0.3140638470649719,0.3237513601779938
2025-02-12 16:00:00+00:00,0.3237723410129547,0.33661168813705444,0.3214793801307678,0.336529016494751
2025-02-12 20:00:00+00:00,0.3359171748161316,0.3449694812297821,0.3348136246204376,0.33958640694618225
2025-02-13 00:00:00+00:00,0.3396023213863373,0.34153181314468384,0.3358015716075897,0.3390158414840698
2025-02-13 04:00:00+00:00,0.3390067219734192,0.33910948038101196,0.32866546511650085,0.3290148973464966
2025-02-13 08:00:00+00:00,0.3290136754512787,0.33111679553985596,0.3261333703994751,0.32717254757881165
2025-02-13 12:00:00+00:00,0.3272632360458374,0.3308414816856384,0.32525572180747986,0.327621191740036
2025-02-13 16:00:00+00:00,0.3275427222251892,0.33184292912483215,0.3235855996608734,0.3288017213344574
2025-02-13 20:00:00+00:00,0.3287164568901062,0.33193787932395935,0.32817625999450684,0.32932302355766296
2025-02-14 00:00:00+00:00,0.32934436202049255,0.33709821105003357,0.32911890745162964,0.3370647728443146
2025-02-14 04:00:00+00:00,0.33706963062286377,0.33706963062286377,0.3312651216983795,0.33373090624809265
2025-02-14 08:00:00+00:00,0.3337317705154419,0.34113067388534546,0.3334517776966095,0.3387737274169922
2025-02-14 12:00:00+00:00,0.3387748599052429,0.3435328006744385,0.33521702885627747,0.3403419554233551
2025-02-14 16:00:00+00:00,0.3402695953845978,0.347769170999527,0.33759036660194397,0.3446653485298157
2025-02-14 20:00:00+00:00,0.34466832876205444,0.34520894289016724,0.3362935781478882,0.33918291330337524
2025-02-15 00:00:00+00:00,0.33913543820381165,0.3423129916191101,0.3366908133029938,0.3412620723247528
2025-02-15 04:00:00+00:00,0.3409707248210907,0.341827929019928,0.334526002407074,0.33538228273391724
2025-02-15 08:00:00+00:00,0.3353838622570038,0.33723196387290955,0.33242136240005493,0.3335689604282379
2025-02-15 12:00:00+00:00,0.3335628807544708,0.3351490795612335,0.3280690014362335,0.3288143277168274
2025-02-15 16:00:00+00:00,0.3288111388683319,0.3301885724067688,0.3268652856349945,0.32781508564949036
2025-02-15 20:00:00+00:00,0.3278128504753113,0.32914483547210693,0.3249363601207733,0.3286571502685547
2025-02-16 00:00:00+00:00,0.3287491202354431,0.3309630751609802,0.32521525025367737,0.32647383213043213
2025-02-16 04:00:00+00:00,0.3264954388141632,0.3298872113227844,0.3264954388141632,0.3270461857318878
2025-02-16 08:00:00+00:00,0.32705309987068176,0.33905529975891113,0.32705309987068176,0.33905529975891113
2025-02-16 12:00:00+00:00,0.3390546441078186,0.33956819772720337,0.33025190234184265,0.3345172107219696
2025-02-16 16:00:00+00:00,0.3344869017601013,0.33613330125808716,0.3292928636074066,0.3311181664466858
2025-02-16 20:00:00+00:00,0.3311135470867157,0.3321002423763275,0.32688143849372864,0.3289850354194641
2025-02-17 00:00:00+00:00,0.32906004786491394,0.3357345163822174,0.32906004786491394,0.3323494791984558
2025-02-17 04:00:00+00:00,0.3323706090450287,0.33300307393074036,0.3245801329612732,0.3301088809967041
2025-02-17 08:00:00+00:00,0.33010026812553406,0.33830684423446655,0.32929763197898865,0.3373442590236664
2025-02-17 12:00:00+00:00,0.3373219072818756,0.34245994687080383,0.33278489112854004,0.33278489112854004
2025-02-17 16:00:00+00:00,0.33277925848960876,0.33396100997924805,0.3239635229110718,0.327816367149353
2025-02-17 20:00:00+00:00,0.32782554626464844,0.33417949080467224,0.32695844769477844,0.32921528816223145
2025-02-18 00:00:00+00:00,0.32919588685035706,0.33091387152671814,0.3268578350543976,0.3288511633872986
2025-02-18 04:00:00+00:00,0.3286624252796173,0.32994937896728516,0.3134777247905731,0.3152334988117218
2025-02-18 08:00:00+00:00,0.31521546840667725,0.3196464776992798,0.3113541007041931,0.31648123264312744
2025-02-18 12:00:00+00:00,0.31648948788642883,0.32216888666152954,0.3096967935562134,0.3103855550289154
2025-02-18 16:00:00+00:00,0.31058552861213684,0.31205540895462036,0.3050680458545685,0.3092785179615021
2025-02-18 20:00:00+00:00,0.3091869056224823,0.3141704797744751,0.30683964490890503,0.31350091099739075
2025-02-19 00:00:00+00:00,0.31351155042648315,0.31551772356033325,0.310238778591156,0.31301403045654297
2025-02-19 04:00:00+00:00,0.3130097985267639,0.3202601671218872,0.30886560678482056,0.31977662444114685
2025-02-19 08:00:00+00:00,0.3197610378265381,0.3222396671772003,0.31806111335754395,0.3212928771972656
2025-02-19 12:00:00+00:00,0.3213084042072296,0.32136625051498413,0.31452587246894836,0.31501805782318115
2025-02-19 16:00:00+00:00,0.3149382472038269,0.3188609182834625,0.3143349289894104,0.31664735078811646
2025-02-19 20:00:00+00:00,0.3165716826915741,0.3189011514186859,0.3141794204711914,0.31823936104774475
2025-02-20 00:00:00+00:00,0.31823962926864624,0.32298874855041504,0.3175964951515198,0.32197698950767517
2025-02-20 04:00:00+00:00,0.3219660818576813,0.32497847080230713,0.31841203570365906,0.318470299243927
2025-02-20 08:00:00+00:00,0.3179817795753479,0.321031779050827,0.31704384088516235,0.3205551505088806
2025-02-20 12:00:00+00:00,0.3205770254135132,0.32389509677886963,0.3165273368358612,0.3165515959262848
2025-02-20 16:00:00+00:00,0.31654706597328186,0.3252508342266083,0.31625404953956604,0.3249942660331726
2025-02-20 20:00:00+00:00,0.3250449001789093,0.3278730511665344,0.3228157162666321,0.3277221918106079
2025-02-21 00:00:00+00:00,0.32774192094802856,0.3282346725463867,0.325678288936615,0.326412558555603
2025-02-21 04:00:00+00:00,0.3263910114765167,0.3405025005340576,0.3263910114765167,0.33832722902297974
2025-02-21 08:00:00+00:00,0.33834341168403625,0.3453475832939148,0.3342922031879425,0.3408648669719696
2025-02-21 12:00:00+00:00,0.34033823013305664,0.3453059196472168,0.33085620403289795,0.3333452343940735
2025-02-21 16:00:00+00:00,0.33325910568237305,0.3369594216346741,0.31139570474624634,0.3119655251502991
2025-02-21 20:00:00+00:00,0.31189849972724915,0.31505832076072693,0.3091798722743988,0.3107496500015259
2025-02-22 00:00:00+00:00,0.31074258685112,0.31520605087280273,0.3083799481391907,0.3138872981071472
2025-02-22 04:00:00+00:00,0.31396549940109253,0.31803929805755615,0.31389710307121277,0.3144589960575104
2025-02-22 08:00:00+00:00,0.31444013118743896,0.31728190183639526,0.3133280873298645,0.3165695071220398
2025-02-22 12:00:00+00:00,0.3165777027606964,0.3188719153404236,0.3148306608200073,0.3182125389575958
2025-02-22 16:00:00+00:00,0.31815305352211,0.32316336035728455,0.31815305352211,0.3202299475669861
2025-02-22 20:00:00+00:00,0.32022473216056824,0.3206125497817993,0.31674593687057495,0.3187600076198578
2025-02-23 00:00:00+00:00,0.31874898076057434,0.3198663890361786,0.31390154361724854,0.31516411900520325
2025-02-23 04:00:00+00:00,0.3151768743991852,0.3211183249950409,0.3138078451156616,0.32085442543029785
2025-02-23 08:00:00+00:00,0.3208170533180237,0.3211885392665863,0.3152274489402771,0.3154017925262451
2025-02-23 12:00:00+00:00,0.31537914276123047,0.3162428140640259,0.311379075050354,0.3115961253643036
2025-02-23 16:00:00+00:00,0.31167054176330566,0.31464916467666626,0.31112417578697205,0.31123486161231995
2025-02-23 20:00:00+00:00,0.3112393319606781,0.3156961500644684,0.31027764081954956,0.3155912458896637
2025-02-24 00:00:00+00:00,0.3155616521835327,0.3166758716106415,0.3001136779785156,0.30035635828971863
2025-02-24 04:00:00+00:00,0.30039113759994507,0.30434173345565796,0.29534897208213806,0.3040792644023895
2025-02-24 08:00:00+00:00,0.30391839146614075,0.3043277859687805,0.29737013578414917,0.3029876947402954
2025-02-24 12:00:00+00:00,0.30297374725341797,0.3045888841152191,0.29551446437835693,0.2968288064002991
2025-02-24 16:00:00+00:00,0.2970731258392334,0.3020162582397461,0.29416412115097046,0.2959077060222626
2025-02-24 20:00:00+00:00,0.2959107756614685,0.3001560866832733,0.28127774596214294,0.2827366590499878
2025-02-25 00:00:00+00:00,0.28291934728622437,0.2874661684036255,0.27789726853370667,0.2855880856513977
2025-02-25 04:00:00+00:00,0.28562676906585693,0.28562676906585693,0.26703405380249023,0.27335548400878906
2025-02-25 08:00:00+00:00,0.27319568395614624,0.28057822585105896,0.2667720317840576,0.28057822585105896
2025-02-25 12:00:00+00:00,0.2804965376853943,0.28323614597320557,0.2750563621520996,0.2823629081249237
2025-02-25 16:00:00+00:00,0.28231438994407654,0.2873806655406952,0.27860796451568604,0.2873806655406952
2025-02-25 20:00:00+00:00,0.2874642610549927,0.2917773127555847,0.2866259515285492,0.28663370013237
2025-02-26 00:00:00+00:00,0.2866130471229553,0.28820136189460754,0.28352105617523193,0.2878027856349945
2025-02-26 04:00:00+00:00,0.2875002324581146,0.28894487023353577,0.28397801518440247,0.2859293818473816
2025-02-26 08:00:00+00:00,0.2859332263469696,0.2897025942802429,0.2844107151031494,0.2869125306606293
2025-02-26 12:00:00+00:00,0.286935031414032,0.2916422486305237,0.28008055686950684,0.2896832227706909
2025-02-26 16:00:00+00:00,0.28972724080085754,0.290209025144577,0.27434834837913513,0.27928367257118225
2025-02-26 20:00:00+00:00,0.27919310331344604,0.29162460565567017,0.2774631977081299,0.2872983515262604
2025-02-27 00:00:00+00:00,0.28727075457572937,0.29173457622528076,0.2853766679763794,0.2917221784591675
2025-02-27 04:00:00+00:00,0.29168573021888733,0.29668137431144714,0.2896808087825775,0.2962711751461029
2025-02-27 08:00:00+00:00,0.29628852009773254,0.30064478516578674,0.2946798503398895,0.2973385155200958
2025-02-27 12:00:00+00:00,0.2973331809043884,0.2989450991153717,0.2914108335971832,0.2950453758239746
2025-02-27 16:00:00+00:00,0.295040488243103,0.29612642526626587,0.2911795973777771,0.29184073209762573
2025-02-27 20:00:00+00:00,0.2918532192707062,0.2953539788722992,0.2877931594848633,0.29513493180274963
2025-02-28 00:00:00+00:00,0.2951572835445404,0.29647359251976013,0.27803072333335876,0.2781526744365692
2025-02-28 04:00:00+00:00,0.2779559791088104,0.2779559791088104,0.2701120376586914,0.27175772190093994
2025-02-28 08:00:00+00:00,0.2717880308628082,0.28137660026550293,0.268572598695755,0.2746753394603729
2025-02-28 12:00:00+00:00,0.2748578190803528,0.2901238203048706,0.27321240305900574,0.28944265842437744
2025-02-28 16:00:00+00:00,0.289496511220932,0.29779765009880066,0.28882747888565063,0.29540637135505676
2025-02-28 20:00:00+00:00,0.2954505383968353,0.2977851331233978,0.2937217950820923,0.29585495591163635
2025-03-01 00:00:00+00:00,0.2959491014480591,0.29741793870925903,0.29166528582572937,0.2969554662704468
2025-03-01 04:00:00+00:00,0.2966487407684326,0.2975826859474182,0.2899724543094635,0.29018890857696533
2025-03-01 08:00:00+00:00,0.290182501077652,0.2919853627681732,0.28456228971481323,0.2847619354724884
2025-03-01 12:00:00+00:00,0.28473737835884094,0.2861557602882385,0.2818485498428345,0.2844698429107666
2025-03-01 16:00:00+00:00,0.28448793292045593,0.2891475558280945,0.2841646075248718,0.28885382413864136
2025-03-01 20:00:00+00:00,0.28884226083755493,0.29560765624046326,0.2876032292842865,0.29416021704673767
2025-03-02 00:00:00+00:00,0.2941588759422302,0.29780086874961853,0.2921566665172577,0.29593124985694885
2025-03-02 04:00:00+00:00,0.2953145205974579,0.2953145205974579,0.2905435264110565,0.2905448377132416
2025-03-02 08:00:00+00:00,0.29055261611938477,0.294481098651886,0.2903318405151367,0.2940537929534912
2025-03-02 12:00:00+00:00,0.29406291246414185,0.3046378791332245,0.2873380482196808,0.2985289692878723
2025-03-02 16:00:00+00:00,0.29846638441085815,0.3229081630706787,0.2983393967151642,0.3185698688030243
2025-03-02 20:00:00+00:00,0.3187333345413208,0.32096391916275024,0.31705906987190247,0.31923165917396545
2025-03-03 00:00:00+00:00,0.3168483376502991,0.3225173056125641,0.3060759902000427,0.3072105050086975
2025-03-03 04:00:00+00:00,0.3073882460594177,0.30905258655548096,0.2970694601535797,0.30117830634117126
2025-03-03 08:00:00+00:00,0.30129992961883545,0.30129992961883545,0.29299673438072205,0.2976242005825043
2025-03-03 12:00:00+00:00,0.2976609766483307,0.3020678460597992,0.2919140160083771,0.2953755855560303
2025-03-03 16:00:00+00:00,0.29433000087738037,0.2960618734359741,0.2734305262565613,0.2734305262565613
2025-03-03 20:00:00+00:00,0.2731294333934784,0.2748261094093323,0.2690153121948242,0.27248480916023254
2025-03-04 00:00:00+00:00,0.2724802792072296,0.2736641764640808,0.25656524300575256,0.2640930116176605
2025-03-04 04:00:00+00:00,0.2633497714996338,0.26981550455093384,0.2631458640098572,0.267095148563385
2025-03-04 08:00:00+00:00,0.267088383436203,0.26949965953826904,0.2639610469341278,0.26815110445022583
2025-03-04 12:00:00+00:00,0.26816874742507935,0.27663418650627136,0.2633300721645355,0.27463826537132263
2025-03-04 16:00:00+00:00,0.2746599316596985,0.27935120463371277,0.26218488812446594,0.27906131744384766
2025-03-04 20:00:00+00:00,0.2790675759315491,0.28075698018074036,0.2740626037120819,0.2768080234527588
2025-03-05 00:00:00+00:00,0.2768037021160126,0.27843907475471497,0.27503713965415955,0.27557477355003357
2025-03-05 04:00:00+00:00,0.2755647897720337,0.2766611874103546,0.2727218568325043,0.2766096889972687
2025-03-05 08:00:00+00:00,0.2765931189060211,0.28814855217933655,0.2763722538948059,0.2852930724620819
2025-03-05 12:00:00+00:00,0.28511354327201843,0.2872318923473358,0.28365257382392883,0.2868551015853882
2025-03-05 16:00:00+00:00,0.28686031699180603,0.291557639837265,0.2821008563041687,0.2914257049560547
2025-03-05 20:00:00+00:00,0.2914328873157501,0.2960910499095917,0.29066339135169983,0.2909584045410156
2025-03-06 00:00:00+00:00,0.29083484411239624,0.2946721017360687,0.2885942757129669,0.2930687665939331
2025-03-06 04:00:00+00:00,0.2930885851383209,0.29820841550827026,0.29021695256233215,0.29021695256233215
2025-03-06 08:00:00+00:00,0.29019904136657715,0.29403889179229736,0.29019904136657715,0.292450487613678
2025-03-06 12:00:00+00:00,0.2924395799636841,0.2924395799636841,0.28468722105026245,0.28839075565338135
2025-03-06 16:00:00+00:00,0.28867536783218384,0.28904837369918823,0.27741101384162903,0.2802066206932068
2025-03-06 20:00:00+00:00,0.27935490012168884,0.28469061851501465,0.27935490012168884,0.2812097668647766
2025-03-07 00:00:00+00:00,0.2811943590641022,0.2818731963634491,0.2690848112106323,0.2785477042198181
2025-03-07 04:00:00+00:00,0.2785484194755554,0.2872248589992523,0.27825722098350525,0.28709253668785095
2025-03-07 08:00:00+00:00,0.28718751668930054,0.2981811761856079,0.28495314717292786,0.2966582775115967
2025-03-07 12:00:00+00:00,0.29693812131881714,0.29809221625328064,0.290986567735672,0.2944132089614868
2025-03-07 16:00:00+00:00,0.29439476132392883,0.29848042130470276,0.28894639015197754,0.29594895243644714
2025-03-07 20:00:00+00:00,0.29597538709640503,0.2971471846103668,0.28706252574920654,0.2884184718132019
2025-03-08 00:00:00+00:00,0.2882049083709717,0.29332610964775085,0.287252277135849,0.2920701801776886
2025-03-08 04:00:00+00:00,0.2921917736530304,0.29696691036224365,0.28699183464050293,0.28699183464050293
2025-03-08 08:00:00+00:00,0.28703808784484863,0.28765174746513367,0.27886196970939636,0.27908220887184143
2025-03-08 12:00:00+00:00,0.279345840215683,0.28250813484191895,0.27870047092437744,0.2801155149936676
2025-03-08 16:00:00+00:00,0.2798064947128296,0.2815312147140503,0.2758833169937134,0.27987051010131836
2025-03-08 20:00:00+00:00,0.27987226843833923,0.2802600562572479,0.27580082416534424,0.27630648016929626
2025-03-09 00:00:00+00:00,0.2765921652317047,0.27858322858810425,0.27382591366767883,0.2755225598812103
2025-03-09 04:00:00+00:00,0.2756688594818115,0.27705326676368713,0.27403146028518677,0.2757032811641693
2025-03-09 08:00:00+00:00,0.2758120894432068,0.2761082649230957,0.26844677329063416,0.26907870173454285
2025-03-09 12:00:00+00:00,0.26927587389945984,0.2716146409511566,0.26418086886405945,0.26418086886405945
2025-03-09 16:00:00+00:00,0.2642289996147156,0.265026330947876,0.25336095690727234,0.2597712278366089
2025-03-09 20:00:00+00:00,0.25974345207214355,0.2633291482925415,0.2565518617630005,0.2571502923965454
2025-03-10 00:00:00+00:00,0.2573881149291992,0.2657319903373718,0.25642359256744385,0.2638152241706848
2025-03-10 04:00:00+00:00,0.26382172107696533,0.26696446537971497,0.2634457051753998,0.2666734457015991
2025-03-10 08:00:00+00:00,0.2666838765144348,0.27381235361099243,0.2634100914001465,0.2723655700683594
2025-03-10 12:00:00+00:00,0.2724156677722931,0.27418556809425354,0.26014944911003113,0.26526105403900146
2025-03-10 16:00:00+00:00,0.2652544379234314,0.2652544379234314,0.2478114813566208,0.2545432150363922
2025-03-10 20:00:00+00:00,0.2547118663787842,0.25480130314826965,0.24791128933429718,0.24791128933429718
2025-03-11 00:00:00+00:00,0.2478787899017334,0.24891960620880127,0.23559777438640594,0.24807022511959076
2025-03-11 04:00:00+00:00,0.2480868101119995,0.2532215714454651,0.24723748862743378,0.2519283592700958
2025-03-11 08:00:00+00:00,0.25196772813796997,0.2554827332496643,0.2516692280769348,0.25467798113822937
2025-03-11 12:00:00+00:00,0.25462090969085693,0.2597610652446747,0.25065502524375916,0.2581624388694763
2025-03-11 16:00:00+00:00,0.25812122225761414,0.2663339376449585,0.2561154067516327,0.2658118009567261
2025-03-11 20:00:00+00:00,0.26582494378089905,0.26639223098754883,0.26099830865859985,0.2611214816570282
2025-03-12 00:00:00+00:00,0.26146772503852844,0.26517245173454285,0.2578442394733429,0.2578442394733429
2025-03-12 04:00:00+00:00,0.25697633624076843,0.2627216577529907,0.2569715678691864,0.26271679997444153
2025-03-12 08:00:00+00:00,0.26272711157798767,0.2682307958602905,0.26270532608032227,0.2667510211467743
2025-03-12 12:00:00+00:00,0.2667813301086426,0.27320006489753723,0.2605403959751129,0.2641482353210449
2025-03-12 16:00:00+00:00,0.2641782760620117,0.2799279987812042,0.2641782760620117,0.27924540638923645
2025-03-12 20:00:00+00:00,0.27875757217407227,0.2837398946285248,0.27053508162498474,0.27057668566703796
2025-03-13 00:00:00+00:00,0.2707699239253998,0.27286380529403687,0.26463782787323,0.26563769578933716
2025-03-13 04:00:00+00:00,0.2656392753124237,0.26673653721809387,0.26233971118927,0.26311957836151123
2025-03-13 08:00:00+00:00,0.2631259858608246,0.26791703701019287,0.26112499833106995,0.2671845853328705
2025-03-13 12:00:00+00:00,0.2677478790283203,0.2709546387195587,0.2633230686187744,0.2639811933040619
2025-03-13 16:00:00+00:00,0.2639959156513214,0.2649618983268738,0.2588519752025604,0.2649618983268738
2025-03-13 20:00:00+00:00,0.26496437191963196,0.27136433124542236,0.26145729422569275,0.27136433124542236
2025-03-14 00:00:00+00:00,0.2713770866394043,0.27635735273361206,0.27135929465293884,0.27394935488700867
2025-03-14 04:00:00+00:00,0.2740148603916168,0.2782858908176422,0.2738025188446045,0.27730733156204224
2025-03-14 08:00:00+00:00,0.2771284580230713,0.27900728583335876,0.274339497089386,0.274339497089386
2025-03-14 12:00:00+00:00,0.27432867884635925,0.2792440354824066,0.2736521363258362,0.2781422436237335
2025-03-14 16:00:00+00:00,0.2781989276409149,0.2790733873844147,0.2751968801021576,0.2757365107536316
2025-03-14 20:00:00+00:00,0.27578458189964294,0.27721473574638367,0.2731337547302246,0.2731337547302246
2025-03-15 00:00:00+00:00,0.2731534540653229,0.27348920702934265,0.27059873938560486,0.2733580470085144
2025-03-15 04:00:00+00:00,0.27336934208869934,0.2743057906627655,0.2709740996360779,0.2712646722793579
2025-03-15 08:00:00+00:00,0.271241694688797,0.27255508303642273,0.27023258805274963,0.2709348201751709
2025-03-15 12:00:00+00:00,0.27094152569770813,0.2722379267215729,0.2694188356399536,0.27105802297592163
2025-03-15 16:00:00+00:00,0.27116236090660095,0.2743440866470337,0.27044498920440674,0.27292492985725403
2025-03-15 20:00:00+00:00,0.2729248106479645,0.27754849195480347,0.2729248106479645,0.2764812707901001
2025-03-16 00:00:00+00:00,0.2766686677932739,0.2775880694389343,0.2714959979057312,0.27507129311561584
2025-03-16 04:00:00+00:00,0.2750456929206848,0.27679380774497986,0.2739049792289734,0.27523472905158997
2025-03-16 08:00:00+00:00,0.27521559596061707,0.2758885622024536,0.26676616072654724,0.2667798697948456
2025-03-16 12:00:00+00:00,0.2667834162712097,0.2683992087841034,0.26301518082618713,0.2641749083995819
2025-03-16 16:00:00+00:00,0.26409241557121277,0.26946163177490234,0.2605553865432739,0.2605553865432739
2025-03-16 20:00:00+00:00,0.26031917333602905,0.26031917333602905,0.2542051374912262,0.255847305059433
2025-03-17 00:00:00+00:00,0.2558707892894745,0.2652730643749237,0.2558707892894745,0.26509106159210205
2025-03-17 04:00:00+00:00,0.2651151120662689,0.26563575863838196,0.259631872177124,0.264763206243515
2025-03-17 08:00:00+00:00,0.2646203935146332,0.2685486078262329,0.2632870078086853,0.26688146591186523
2025-03-17 12:00:00+00:00,0.26678869128227234,0.272048681974411,0.2659239172935486,0.2710084319114685
2025-03-17 16:00:00+00:00,0.2710012197494507,0.2787640690803528,0.269746869802475,0.2772570252418518
2025-03-17 20:00:00+00:00,0.2772535979747772,0.28038549423217773,0.2768867611885071,0.2769166827201843
2025-03-18 00:00:00+00:00,0.2768148183822632,0.2768148183822632,0.2679852843284607,0.2681828737258911
2025-03-18 04:00:00+00:00,0.2681761682033539,0.27127552032470703,0.2665087580680847,0.2689317762851715
2025-03-18 08:00:00+00:00,0.2688661813735962,0.273042768239975,0.2657471299171448,0.26587337255477905
2025-03-18 12:00:00+00:00,0.26587754487991333,0.2678045630455017,0.2624523937702179,0.2624523937702179
2025-03-18 16:00:00+00:00,0.26244840025901794,0.264156311750412,0.2595865726470947,0.264156311750412
2025-03-18 20:00:00+00:00,0.2641313374042511,0.269003689289093,0.26141712069511414,0.26900267601013184
2025-03-19 00:00:00+00:00,0.269071489572525,0.27341702580451965,0.269071489572525,0.2727697193622589
2025-03-19 04:00:00+00:00,0.27293893694877625,0.2739604115486145,0.2684880793094635,0.2686762809753418
2025-03-19 08:00:00+00:00,0.2686384320259094,0.2750646471977234,0.26773035526275635,0.2737143933773041
2025-03-19 12:00:00+00:00,0.27370133996009827,0.2757629454135895,0.27064961194992065,0.27461913228034973
2025-03-19 16:00:00+00:00,0.27465763688087463,0.27627307176589966,0.2689836323261261,0.274177610874176
2025-03-19 20:00:00+00:00,0.2741721272468567,0.27863404154777527,0.2741721272468567,0.2777760326862335
2025-03-20 00:00:00+00:00,0.27788588404655457,0.27865201234817505,0.27275198698043823,0.2728123962879181
2025-03-20 04:00:00+00:00,0.272819459438324,0.27418553829193115,0.2712608873844147,0.2734772562980652
2025-03-20 08:00:00+00:00,0.27339646220207214,0.2750917971134186,0.2690156102180481,0.27020904421806335
2025-03-20 12:00:00+00:00,0.27016058564186096,0.27287933230400085,0.2695236802101135,0.27067363262176514
2025-03-20 16:00:00+00:00,0.270425021648407,0.271105021238327,0.26681026816368103,0.2705448567867279
2025-03-20 20:00:00+00:00,0.27054890990257263,0.2712700664997101,0.2686736583709717,0.2688838541507721
2025-03-21 00:00:00+00:00,0.26887205243110657,0.2733633518218994,0.2687569558620453,0.26934880018234253
2025-03-21 04:00:00+00:00,0.26939263939857483,0.27211254835128784,0.2680317163467407,0.2680317163467407
2025-03-21 08:00:00+00:00,0.26792004704475403,0.26792004704475403,0.26022520661354065,0.26195770502090454
2025-03-21 12:00:00+00:00,0.2619289457798004,0.262511670589447,0.2592007517814636,0.2595595717430115
2025-03-21 16:00:00+00:00,0.2595416009426117,0.2638120651245117,0.2588999271392822,0.2612699866294861
2025-03-21 20:00:00+00:00,0.2617602050304413,0.26452505588531494,0.26114967465400696,0.2611619830131531
2025-03-22 00:00:00+00:00,0.2613156735897064,0.2630792558193207,0.2606859803199768,0.2629002332687378
2025-03-22 04:00:00+00:00,0.2628788352012634,0.26639294624328613,0.2628689110279083,0.2659742832183838
2025-03-22 08:00:00+00:00,0.2659832537174225,0.2673187255859375,0.2647649347782135,0.2650772035121918
2025-03-22 12:00:00+00:00,0.2650768458843231,0.2653060257434845,0.261338472366333,0.263454407453537
2025-03-22 16:00:00+00:00,0.2634498178958893,0.26581668853759766,0.2627943158149719,0.26450783014297485
2025-03-22 20:00:00+00:00,0.26450154185295105,0.26475515961647034,0.2609423100948334,0.261825293302536
2025-03-23 00:00:00+00:00,0.2618052065372467,0.26694250106811523,0.26180219650268555,0.26694250106811523
2025-03-23 04:00:00+00:00,0.26696279644966125,0.2669728994369507,0.26339268684387207,0.2646312117576599
2025-03-23 08:00:00+00:00,0.26463326811790466,0.26582762598991394,0.2636471092700958,0.2652404010295868
2025-03-23 12:00:00+00:00,0.26519516110420227,0.2653898000717163,0.2626165747642517,0.2626534104347229
2025-03-23 16:00:00+00:00,0.2626650035381317,0.2626650035381317,0.25913068652153015,0.2616942524909973
2025-03-23 20:00:00+00:00,0.26207754015922546,0.2646183967590332,0.2612006366252899,0.2645948529243469
2025-03-24 00:00:00+00:00,0.2646935284137726,0.26695287227630615,0.2622840702533722,0.2667137086391449
2025-03-24 04:00:00+00:00,0.2667422294616699,0.28536099195480347,0.2667422294616699,0.2841208875179291
2025-03-24 08:00:00+00:00,0.28418731689453125,0.2907647490501404,0.28131845593452454,0.28131845593452454
2025-03-24 12:00:00+00:00,0.2813165485858917,0.284894734621048,0.2796390652656555,0.2817555367946625
2025-03-24 16:00:00+00:00,0.28177982568740845,0.28299468755722046,0.2790229320526123,0.2803284525871277
2025-03-24 20:00:00+00:00,0.2802850902080536,0.28139999508857727,0.27802950143814087,0.2786821126937866
2025-03-25 00:00:00+00:00,0.2794804275035858,0.281471312046051,0.2762403190135956,0.27632415294647217
2025-03-25 04:00:00+00:00,0.27634018659591675,0.27877479791641235,0.27587977051734924,0.2776200771331787
2025-03-25 08:00:00+00:00,0.27760499715805054,0.28136146068573,0.27760499715805054,0.28067150712013245
2025-03-25 12:00:00+00:00,0.2806068956851959,0.2820202112197876,0.27906662225723267,0.27994194626808167
2025-03-25 16:00:00+00:00,0.2799887955188751,0.2824246883392334,0.2781883776187897,0.28140994906425476
2025-03-25 20:00:00+00:00,0.28144845366477966,0.28308916091918945,0.2810884416103363,0.28278878331184387
2025-03-26 00:00:00+00:00,0.28278088569641113,0.2844584584236145,0.27935153245925903,0.27948901057243347
2025-03-26 04:00:00+00:00,0.2795311510562897,0.2882625162601471,0.27939069271087646,0.2882625162601471
2025-03-26 08:00:00+00:00,0.2883993089199066,0.2906554639339447,0.28684958815574646,0.28926053643226624
2025-03-26 12:00:00+00:00,0.28924253582954407,0.2892689108848572,0.2820114195346832,0.2835109829902649
2025-03-26 16:00:00+00:00,0.2834857106208801,0.28723078966140747,0.2791007161140442,0.28170645236968994
2025-03-26 20:00:00+00:00,0.2816718518733978,0.28492090106010437,0.2811603546142578,0.2813466489315033
2025-03-27 00:00:00+00:00,0.281331866979599,0.2878149449825287,0.28110602498054504,0.2877349555492401
2025-03-27 04:00:00+00:00,0.28795385360717773,0.2879539728164673,0.28456103801727295,0.285428524017334
2025-03-27 08:00:00+00:00,0.28543877601623535,0.2858230173587799,0.27788037061691284,0.2779559791088104
2025-03-27 12:00:00+00:00,0.27792587876319885,0.2827381491661072,0.2741004526615143,0.28049325942993164
2025-03-27 16:00:00+00:00,0.27991631627082825,0.28100138902664185,0.2776201665401459,0.280067503452301
2025-03-27 20:00:00+00:00,0.2800881564617157,0.28714725375175476,0.2799605131149292,0.2832224667072296
2025-03-28 00:00:00+00:00,0.28304797410964966,0.2851507067680359,0.27744364738464355,0.27838215231895447
2025-03-28 04:00:00+00:00,0.27839428186416626,0.27856236696243286,0.26785555481910706,0.26788130402565
2025-03-28 08:00:00+00:00,0.26761719584465027,0.2709271311759949,0.26615649461746216,0.2709271311759949
2025-03-28 12:00:00+00:00,0.27092352509498596,0.2709449827671051,0.26074278354644775,0.26074278354644775
2025-03-28 16:00:00+00:00,0.26073169708251953,0.26073169708251953,0.2565108835697174,0.25679388642311096
2025-03-28 20:00:00+00:00,0.25677064061164856,0.2585160434246063,0.2541404068470001,0.25734826922416687
2025-03-29 00:00:00+00:00,0.2573488652706146,0.25797176361083984,0.25095871090888977,0.25349050760269165
2025-03-29 04:00:00+00:00,0.25327080488204956,0.25372621417045593,0.2483772337436676,0.2488664835691452
2025-03-29 08:00:00+00:00,0.2488684505224228,0.2500101923942566,0.24480143189430237,0.24526749551296234
2025-03-29 12:00:00+00:00,0.24531051516532898,0.24784034490585327,0.2435915172100067,0.2439580112695694
2025-03-29 16:00:00+00:00,0.2439626008272171,0.24403898417949677,0.23921291530132294,0.24238221347332
2025-03-29 20:00:00+00:00,0.24240881204605103,0.24476467072963715,0.24030709266662598,0.24475014209747314
2025-03-30 00:00:00+00:00,0.24465127289295197,0.25046274065971375,0.24244150519371033,0.24668429791927338
2025-03-30 04:00:00+00:00,0.24643215537071228,0.25099417567253113,0.24643215537071228,0.2482323795557022
2025-03-30 08:00:00+00:00,0.2482829988002777,0.2503829300403595,0.24693040549755096,0.2481779307126999
2025-03-30 12:00:00+00:00,0.2480545938014984,0.24876901507377625,0.24396352469921112,0.24496319890022278
2025-03-30 16:00:00+00:00,0.2449556589126587,0.24785728752613068,0.2420767843723297,0.24696911871433258
2025-03-30 20:00:00+00:00,0.24695421755313873,0.24820248782634735,0.24209202826023102,0.2471378594636917
2025-03-31 00:00:00+00:00,0.247175931930542,0.24915657937526703,0.24455580115318298,0.24473515152931213
2025-03-31 04:00:00+00:00,0.2447083592414856,0.24867738783359528,0.24231694638729095,0.24238526821136475
2025-03-31 08:00:00+00:00,0.24253538250923157,0.24534662067890167,0.2390504777431488,0.24534016847610474
2025-03-31 12:00:00+00:00,0.2453458160161972,0.25165000557899475,0.24378089606761932,0.2508825361728668
2025-03-31 16:00:00+00:00,0.2509055435657501,0.2509055435657501,0.24469788372516632,0.24671213328838348
2025-03-31 20:00:00+00:00,0.24629159271717072,0.246908038854599,0.24370956420898438,0.24438948929309845
2025-04-01 00:00:00+00:00,0.24432776868343353,0.24678432941436768,0.24279648065567017,0.24496474862098694
2025-04-01 04:00:00+00:00,0.24517889320850372,0.24937765300273895,0.24517016112804413,0.2487349808216095
2025-04-01 08:00:00+00:00,0.2486591637134552,0.254344642162323,0.24850407242774963,0.24893122911453247
2025-04-01 12:00:00+00:00,0.2493809312582016,0.2583078145980835,0.24850192666053772,0.25813448429107666
2025-04-01 16:00:00+00:00,0.25812283158302307,0.2594636082649231,0.25495973229408264,0.2557215988636017
2025-04-01 20:00:00+00:00,0.2557322084903717,0.25806769728660583,0.2525949478149414,0.2562444508075714
2025-04-02 00:00:00+00:00,0.255995512008667,0.25601595640182495,0.24683333933353424,0.2502668797969818
2025-04-02 04:00:00+00:00,0.25023239850997925,0.2504635155200958,0.24494268000125885,0.24615107476711273
2025-04-02 08:00:00+00:00,0.24629126489162445,0.2490338683128357,0.2447919100522995,0.2461915761232376
2025-04-02 12:00:00+00:00,0.24598771333694458,0.25279051065444946,0.24486573040485382,0.25232821702957153
2025-04-02 16:00:00+00:00,0.2522848844528198,0.254077285528183,0.2490675002336502,0.2518279254436493
2025-04-02 20:00:00+00:00,0.2518346607685089,0.25666409730911255,0.2323591709136963,0.236394003033638
2025-04-03 00:00:00+00:00,0.23633317649364471,0.24263009428977966,0.2350580245256424,0.24180501699447632
2025-04-03 04:00:00+00:00,0.24179086089134216,0.24195611476898193,0.23695865273475647,0.23769207298755646
2025-04-03 08:00:00+00:00,0.2376604974269867,0.23805823922157288,0.23063187301158905,0.23248113691806793
2025-04-03 12:00:00+00:00,0.2324994057416916,0.23737911880016327,0.2281133532524109,0.23672358691692352
2025-04-03 16:00:00+00:00,0.23669075965881348,0.23994877934455872,0.23539955914020538,0.23946188390254974
2025-04-03 20:00:00+00:00,0.23942802846431732,0.2441100776195526,0.23837724328041077,0.24043308198451996
2025-04-04 00:00:00+00:00,0.2403710037469864,0.24477367103099823,0.24036584794521332,0.24136050045490265
2025-04-04 04:00:00+00:00,0.241347536444664,0.24314233660697937,0.2394341677427292,0.24284368753433228
2025-04-04 08:00:00+00:00,0.24285948276519775,0.24379321932792664,0.2328692078590393,0.2356012910604477
2025-04-04 12:00:00+00:00,0.23565450310707092,0.2423819899559021,0.23496122658252716,0.2407439798116684
2025-04-04 16:00:00+00:00,0.24065156280994415,0.24428802728652954,0.23924537003040314,0.2415613979101181
2025-04-04 20:00:00+00:00,0.24158793687820435,0.2443237453699112,0.24137325584888458,0.24234573543071747
2025-04-05 00:00:00+00:00,0.24234920740127563,0.24513153731822968,0.2421891987323761,0.24379977583885193
2025-04-05 04:00:00+00:00,0.24374806880950928,0.24439427256584167,0.24198874831199646,0.24379773437976837
2025-04-05 08:00:00+00:00,0.24379998445510864,0.24684105813503265,0.2437562644481659,0.24472364783287048
2025-04-05 12:00:00+00:00,0.24474385380744934,0.24561189115047455,0.2399359941482544,0.24054008722305298
2025-04-05 16:00:00+00:00,0.2405700981616974,0.24514330923557281,0.24013592302799225,0.24228273332118988
2025-04-05 20:00:00+00:00,0.24224942922592163,0.24532729387283325,0.24147270619869232,0.24532313644886017
2025-04-06 00:00:00+00:00,0.2452971637248993,0.2453354299068451,0.24318358302116394,0.24331869184970856
2025-04-06 04:00:00+00:00,0.2434307038784027,0.2442478984594345,0.2419852763414383,0.24211323261260986
2025-04-06 08:00:00+00:00,0.2420417070388794,0.24364475905895233,0.24073399603366852,0.24156154692173004
2025-04-06 12:00:00+00:00,0.24156276881694794,0.24164928495883942,0.23375242948532104,0.23653782904148102
2025-04-06 16:00:00+00:00,0.23641915619373322,0.23642900586128235,0.21825788915157318,0.22056062519550323
2025-04-06 20:00:00+00:00,0.22050254046916962,0.22050254046916962,0.20836664736270905,0.2108304351568222
2025-04-07 00:00:00+00:00,0.21105176210403442,0.2156454175710678,0.20149482786655426,0.20313601195812225
2025-04-07 04:00:00+00:00,0.2034691721200943,0.20750093460083008,0.1925898939371109,0.19535939395427704
2025-04-07 08:00:00+00:00,0.19529908895492554,0.20723694562911987,0.1939883828163147,0.20319849252700806
2025-04-07 12:00:00+00:00,0.20325326919555664,0.22114139795303345,0.20303930342197418,0.21454095840454102
2025-04-07 16:00:00+00:00,0.21446888148784637,0.21680185198783875,0.21172089874744415,0.21527718007564545
2025-04-07 20:00:00+00:00,0.21533769369125366,0.2179303914308548,0.21297013759613037,0.2130817323923111
2025-04-08 00:00:00+00:00,0.21305479109287262,0.21846185624599457,0.21143454313278198,0.2137119174003601
2025-04-08 04:00:00+00:00,0.2137938141822815,0.21432152390480042,0.20957563817501068,0.21085235476493835
2025-04-08 08:00:00+00:00,0.21083824336528778,0.21533793210983276,0.20920303463935852,0.2153322696685791
2025-04-08 12:00:00+00:00,0.2159215360879898,0.21742616593837738,0.21060800552368164,0.21232843399047852
2025-04-08 16:00:00+00:00,0.21233446896076202,0.21261437237262726,0.2036123275756836,0.20611463487148285
2025-04-08 20:00:00+00:00,0.20612747967243195,0.20780889689922333,0.2046363204717636,0.20595072209835052
2025-04-09 00:00:00+00:00,0.20597383379936218,0.21011370420455933,0.19936341047286987,0.20828203856945038
2025-04-09 04:00:00+00:00,0.20828580856323242,0.21572665870189667,0.20828580856323242,0.21424153447151184
2025-04-09 08:00:00+00:00,0.21472924947738647,0.21538721024990082,0.2108202874660492,0.21116903424263
2025-04-09 12:00:00+00:00,0.21116729080677032,0.21659475564956665,0.21027258038520813,0.2146039754152298
2025-04-09 16:00:00+00:00,0.214629128575325,0.23049673438072205,0.21461261808872223,0.22844144701957703
2025-04-09 20:00:00+00:00,0.22845076024532318,0.23126061260700226,0.22776289284229279,0.22787131369113922
2025-04-10 00:00:00+00:00,0.22787892818450928,0.22930289804935455,0.22402945160865784,0.22535845637321472
2025-04-10 04:00:00+00:00,0.22538094222545624,0.2288336455821991,0.22413352131843567,0.22680936753749847
2025-04-10 08:00:00+00:00,0.22680002450942993,0.2273900806903839,0.2238820344209671,0.22462411224842072
2025-04-10 12:00:00+00:00,0.22465556859970093,0.23593074083328247,0.22465556859970093,0.2305770367383957
2025-04-10 16:00:00+00:00,0.23065002262592316,0.23872995376586914,0.22973714768886566,0.23858682811260223
2025-04-10 20:00:00+00:00,0.23852525651454926,0.2421141266822815,0.2341039776802063,0.24100767076015472
2025-04-11 00:00:00+00:00,0.2406635582447052,0.2434471845626831,0.23682183027267456,0.2430085986852646
2025-04-11 04:00:00+00:00,0.24309368431568146,0.24323898553848267,0.2405461221933365,0.24254876375198364
2025-04-11 08:00:00+00:00,0.2425982803106308,0.24914194643497467,0.24082373082637787,0.24213330447673798
2025-04-11 12:00:00+00:00,0.24237509071826935,0.24592825770378113,0.24237509071826935,0.2456112951040268
2025-04-11 16:00:00+00:00,0.24563977122306824,0.2542129158973694,0.24511395394802094,0.24954324960708618
2025-04-11 20:00:00+00:00,0.24957767128944397,0.2525862455368042,0.24957767128944397,0.2506088614463806
2025-04-12 00:00:00+00:00,0.25062358379364014,0.25113141536712646,0.24628490209579468,0.24628490209579468
2025-04-12 04:00:00+00:00,0.2463289201259613,0.25080519914627075,0.24616730213165283,0.24812796711921692
2025-04-12 08:00:00+00:00,0.24811208248138428,0.2540573179721832,0.2479650378227234,0.2531397342681885
2025-04-12 12:00:00+00:00,0.2531348764896393,0.26773178577423096,0.25280097126960754,0.2641359567642212
2025-04-12 16:00:00+00:00,0.26412203907966614,0.26716870069503784,0.2635793685913086,0.26414138078689575
2025-04-12 20:00:00+00:00,0.2641471326351166,0.26829397678375244,0.26394176483154297,0.26829397678375244
2025-04-13 00:00:00+00:00,0.2692699730396271,0.2704885005950928,0.2645891010761261,0.2680171728134155
2025-04-13 04:00:00+00:00,0.2680200934410095,0.2682422399520874,0.26424795389175415,0.2650142014026642
2025-04-13 08:00:00+00:00,0.26500216126441956,0.2668479084968567,0.26263344287872314,0.2629553973674774
2025-04-13 12:00:00+00:00,0.26293665170669556,0.26374757289886475,0.25761115550994873,0.2596537172794342
2025-04-13 16:00:00+00:00,0.259665846824646,0.2704448997974396,0.25944507122039795,0.26431435346603394
2025-04-13 20:00:00+00:00,0.26430898904800415,0.2676790654659271,0.25960490107536316,0.2676728665828705
2025-04-14 00:00:00+00:00,0.26766934990882874,0.2886398136615753,0.2671019434928894,0.2866068482398987
2025-04-14 04:00:00+00:00,0.2866487503051758,0.29870226979255676,0.28247037529945374,0.28471967577934265
2025-04-14 08:00:00+00:00,0.28470924496650696,0.28723669052124023,0.2818392515182495,0.2823777198791504
2025-04-14 12:00:00+00:00,0.28241169452667236,0.2847941815853119,0.2764434814453125,0.2764454185962677
2025-04-14 16:00:00+00:00,0.27641910314559937,0.27718594670295715,0.2744743227958679,0.275693416595459
2025-04-14 20:00:00+00:00,0.27620628476142883,0.27708905935287476,0.2727275490760803,0.27561819553375244
2025-04-15 00:00:00+00:00,0.2756757438182831,0.27668997645378113,0.27071431279182434,0.27253085374832153
2025-04-15 04:00:00+00:00,0.27251651883125305,0.2736857831478119,0.2699715197086334,0.2734106183052063
2025-04-15 08:00:00+00:00,0.27338308095932007,0.2762486934661865,0.27130556106567383,0.27197733521461487
2025-04-15 12:00:00+00:00,0.27197346091270447,0.27553385496139526,0.27125295996665955,0.2745324969291687
2025-04-15 16:00:00+00:00,0.27477508783340454,0.27776291966438293,0.2708996534347534,0.27111485600471497
2025-04-15 20:00:00+00:00,0.27112114429473877,0.2737051248550415,0.2674667239189148,0.26760032773017883
2025-04-16 00:00:00+00:00,0.26834622025489807,0.2709602117538452,0.2668561339378357,0.2686976194381714
2025-04-16 04:00:00+00:00,0.26870349049568176,0.2687336206436157,0.262325644493103,0.26309341192245483
2025-04-16 08:00:00+00:00,0.26311421394348145,0.26681798696517944,0.2625609040260315,0.2629593312740326
2025-04-16 12:00:00+00:00,0.2629641890525818,0.26933959126472473,0.2611362040042877,0.26593807339668274
2025-04-16 16:00:00+00:00,0.26577576994895935,0.2739129066467285,0.26233750581741333,0.2739129066467285
2025-04-16 20:00:00+00:00,0.27398887276649475,0.27415475249290466,0.26569274067878723,0.266127347946167
2025-04-17 00:00:00+00:00,0.2661436200141907,0.26736965775489807,0.2630336880683899,0.26375263929367065
2025-04-17 04:00:00+00:00,0.263766884803772,0.27021345496177673,0.26336610317230225,0.268636554479599
2025-04-17 08:00:00+00:00,0.26864388585090637,0.26869460940361023,0.26543012261390686,0.26543012261390686
2025-04-17 12:00:00+00:00,0.26541867852211,0.2704710066318512,0.26394519209861755,0.2701580226421356
2025-04-17 16:00:00+00:00,0.2701463997364044,0.27523931860923767,0.2701335549354553,0.27165377140045166
2025-04-17 20:00:00+00:00,0.2716721296310425,0.274282842874527,0.26725026965141296,0.2673262357711792
2025-04-18 00:00:00+00:00,0.26733100414276123,0.27496734261512756,0.26552650332450867,0.27352651953697205
2025-04-18 04:00:00+00:00,0.27351516485214233,0.2847001552581787,0.27351516485214233,0.2838793694972992
2025-04-18 08:00:00+00:00,0.28392690420150757,0.28694844245910645,0.2788568139076233,0.27963659167289734
2025-04-18 12:00:00+00:00,0.2796218991279602,0.28226155042648315,0.2743276357650757,0.2756994068622589
2025-04-18 16:00:00+00:00,0.2757122814655304,0.27839231491088867,0.2742678225040436,0.2768538296222687
2025-04-18 20:00:00+00:00,0.2768631875514984,0.2768631875514984,0.27330508828163147,0.27357158064842224
2025-04-19 00:00:00+00:00,0.27357277274131775,0.2841202914714813,0.27357277274131775,0.2812495827674866
2025-04-19 04:00:00+00:00,0.28123968839645386,0.28123968839645386,0.2773962616920471,0.27953001856803894
2025-04-19 08:00:00+00:00,0.2795257568359375,0.2800647020339966,0.2773870825767517,0.278134286403656
2025-04-19 12:00:00+00:00,0.27814626693725586,0.2819024324417114,0.277891606092453,0.2798618972301483
2025-04-19 16:00:00+00:00,0.2798584997653961,0.28446704149246216,0.2795684039592743,0.2829475402832031
2025-04-19 20:00:00+00:00,0.28293901681900024,0.2847651243209839,0.28043293952941895,0.28185591101646423
2025-04-20 00:00:00+00:00,0.28186315298080444,0.28735578060150146,0.27989456057548523,0.28590524196624756
2025-04-20 04:00:00+00:00,0.2859358489513397,0.29488280415534973,0.2840856611728668,0.2849070131778717
2025-04-20 08:00:00+00:00,0.2848978340625763,0.284970223903656,0.27466315031051636,0.27509957551956177
2025-04-20 12:00:00+00:00,0.2751007080078125,0.2794909179210663,0.27475810050964355,0.2794909179210663
2025-04-20 16:00:00+00:00,0.2795618176460266,0.28531670570373535,0.2795618176460266,0.2846406102180481
2025-04-20 20:00:00+00:00,0.2846258580684662,0.2895395755767822,0.2846258580684662,0.28579437732696533
2025-04-21 00:00:00+00:00,0.2858037054538727,0.3023766875267029,0.2858037054538727,0.30236202478408813
2025-04-21 04:00:00+00:00,0.30243512988090515,0.3350302278995514,0.30091583728790283,0.3181137442588806
2025-04-21 08:00:00+00:00,0.31809696555137634,0.3203408420085907,0.30823758244514465,0.30904486775398254
2025-04-21 12:00:00+00:00,0.3093833029270172,0.3124353587627411,0.3090403079986572,0.31078243255615234
2025-04-21 16:00:00+00:00,0.31077632308006287,0.3119616210460663,0.30104291439056396,0.3050016462802887
2025-04-21 20:00:00+00:00,0.3049739897251129,0.3054591417312622,0.2999793291091919,0.30263546109199524
2025-04-22 00:00:00+00:00,0.30260252952575684,0.3113607168197632,0.2977302372455597,0.305635541677475
2025-04-22 04:00:00+00:00,0.3055122494697571,0.3055122494697571,0.29407817125320435,0.3035103678703308
2025-04-22 08:00:00+00:00,0.30352655053138733,0.30352655053138733,0.29762089252471924,0.30000948905944824
2025-04-22 12:00:00+00:00,0.2999381422996521,0.3065301477909088,0.2991749048233032,0.3033062815666199
2025-04-22 16:00:00+00:00,0.3032435178756714,0.30743536353111267,0.30251961946487427,0.3073750138282776
2025-04-22 20:00:00+00:00,0.307280957698822,0.3129187822341919,0.30492398142814636,0.31154441833496094
2025-04-23 00:00:00+00:00,0.3115195631980896,0.3132456839084625,0.3060981035232544,0.3130973279476166
2025-04-23 04:00:00+00:00,0.31316664814949036,0.3138883709907532,0.3090639114379883,0.31068748235702515
2025-04-23 08:00:00+00:00,0.3106784522533417,0.3149351179599762,0.31015217304229736,0.31231755018234253
2025-04-23 12:00:00+00:00,0.3124515414237976,0.3164333999156952,0.30373018980026245,0.3104593753814697
2025-04-23 16:00:00+00:00,0.3105577528476715,0.3207278251647949,0.31025445461273193,0.31554052233695984
2025-04-23 20:00:00+00:00,0.31556570529937744,0.318901389837265,0.3132112920284271,0.3149043619632721
2025-04-24 00:00:00+00:00,0.31490597128868103,0.31722044944763184,0.30622875690460205,0.30622875690460205
2025-04-24 04:00:00+00:00,0.30612415075302124,0.31200844049453735,0.3053688108921051,0.3098621368408203
2025-04-24 08:00:00+00:00,0.3098548650741577,0.31185147166252136,0.3008168339729309,0.3053489923477173
2025-04-24 12:00:00+00:00,0.3053554594516754,0.32676219940185547,0.30470696091651917,0.3202737867832184
2025-04-24 16:00:00+00:00,0.32024702429771423,0.3262121081352234,0.3183019459247589,0.32448333501815796
2025-04-24 20:00:00+00:00,0.32450369000434875,0.3264158070087433,0.322738915681839,0.3237403631210327
2025-04-25 00:00:00+00:00,0.32375064492225647,0.33019065856933594,0.3191836178302765,0.32132425904273987
2025-04-25 04:00:00+00:00,0.3213166296482086,0.32802486419677734,0.3189102113246918,0.3274453580379486
2025-04-25 08:00:00+00:00,0.32744693756103516,0.3276650011539459,0.321853369474411,0.3257475793361664
2025-04-25 12:00:00+00:00,0.3257898986339569,0.33506476879119873,0.3208416700363159,0.3327084481716156
2025-04-25 16:00:00+00:00,0.3326632082462311,0.3346034586429596,0.3285251557826996,0.329946368932724
2025-04-25 20:00:00+00:00,0.32999491691589355,0.33413732051849365,0.3285250663757324,0.3294508755207062
2025-04-26 00:00:00+00:00,0.32946786284446716,0.339272141456604,0.32946786284446716,0.33669623732566833
2025-04-26 04:00:00+00:00,0.336664080619812,0.33671072125434875,0.3304837644100189,0.3338492512702942
2025-04-26 08:00:00+00:00,0.3338859975337982,0.3344195485115051,0.3220979869365692,0.32217392325401306
2025-04-26 12:00:00+00:00,0.32216018438339233,0.3261149525642395,0.3209229111671448,0.3261149525642395
2025-04-26 16:00:00+00:00,0.32610905170440674,0.32723507285118103,0.32416054606437683,0.3259354829788208
2025-04-26 20:00:00+00:00,0.32595202326774597,0.327570378780365,0.32421764731407166,0.326973557472229
2025-04-27 00:00:00+00:00,0.32673534750938416,0.3323191702365875,0.3193604648113251,0.3230386972427368
2025-04-27 04:00:00+00:00,0.3231857717037201,0.3249741494655609,0.31525811553001404,0.31758832931518555
2025-04-27 08:00:00+00:00,0.31759113073349,0.3181206285953522,0.3132408559322357,0.31338071823120117
2025-04-27 12:00:00+00:00,0.3133651614189148,0.3133651614189148,0.3070458173751831,0.309119313955307
2025-04-27 16:00:00+00:00,0.3091231882572174,0.31130942702293396,0.30605822801589966,0.311305433511734
2025-04-27 20:00:00+00:00,0.3113081753253937,0.3123187720775604,0.30677127838134766,0.30720293521881104
2025-04-28 00:00:00+00:00,0.3071954548358917,0.31584107875823975,0.301248162984848,0.3146739900112152
2025-04-28 04:00:00+00:00,0.31469136476516724,0.3178715407848358,0.3107932209968567,0.3172818720340729
2025-04-28 08:00:00+00:00,0.3172994554042816,0.31998440623283386,0.31521743535995483,0.31813374161720276
2025-04-28 12:00:00+00:00,0.31816551089286804,0.31870874762535095,0.30868443846702576,0.30954867601394653
2025-04-28 16:00:00+00:00,0.30951622128486633,0.322611927986145,0.30892860889434814,0.32153555750846863
2025-04-28 20:00:00+00:00,0.321494996547699,0.321494996547699,0.3180925250053406,0.3196044862270355
2025-04-29 00:00:00+00:00,0.3196059763431549,0.33024361729621887,0.3186646103858948,0.3273741602897644
2025-04-29 04:00:00+00:00,0.3273664712905884,0.32905706763267517,0.32366928458213806,0.32840028405189514
2025-04-29 08:00:00+00:00,0.32840389013290405,0.32852593064308167,0.3179014325141907,0.31876304745674133
2025-04-29 12:00:00+00:00,0.31881457567214966,0.320408433675766,0.31411129236221313,0.31778600811958313
2025-04-29 16:00:00+00:00,0.3178057074546814,0.3187171220779419,0.31576773524284363,0.31616559624671936
2025-04-29 20:00:00+00:00,0.3161289691925049,0.3161889910697937,0.3056873381137848,0.30835095047950745
2025-04-30 00:00:00+00:00,0.30834540724754333,0.31311336159706116,0.30724477767944336,0.3130999803543091
2025-04-30 04:00:00+00:00,0.31313014030456543,0.3158046305179596,0.3085964620113373,0.3094414174556732
2025-04-30 08:00:00+00:00,0.3095380663871765,0.3191688656806946,0.3094390630722046,0.3167099356651306
2025-04-30 12:00:00+00:00,0.31660833954811096,0.3169514238834381,0.30369818210601807,0.3137466013431549
2025-04-30 16:00:00+00:00,0.31374502182006836,0.31957244873046875,0.309968501329422,0.31772398948669434
2025-04-30 20:00:00+00:00,0.31767937541007996,0.3203378915786743,0.31505286693573,0.3158336579799652
2025-05-01 00:00:00+00:00,0.31583213806152344,0.31879863142967224,0.31138110160827637,0.3113936483860016
2025-05-01 04:00:00+00:00,0.3113415241241455,0.3145027160644531,0.3108265995979309,0.3145027160644531
2025-05-01 08:00:00+00:00,0.3145205080509186,0.32304155826568604,0.31385576725006104,0.3203253448009491
2025-05-01 12:00:00+00:00,0.32033446431159973,0.3215124309062958,0.3165898025035858,0.31785330176353455
2025-05-01 16:00:00+00:00,0.31776177883148193,0.3201848864555359,0.31503352522850037,0.3177329897880554
2025-05-01 20:00:00+00:00,0.3177461624145508,0.32009339332580566,0.31534746289253235,0.31576085090637207
2025-05-02 00:00:00+00:00,0.3157854974269867,0.32244041562080383,0.31418776512145996,0.3197785019874573
2025-05-02 04:00:00+00:00,0.3199833929538727,0.320718914270401,0.3144633173942566,0.31586703658103943
2025-05-02 08:00:00+00:00,0.31582897901535034,0.31777891516685486,0.31451109051704407,0.3153861463069916
2025-05-02 12:00:00+00:00,0.315351277589798,0.3213269114494324,0.3140241503715515,0.31905123591423035
2025-05-02 16:00:00+00:00,0.3190465271472931,0.3216889798641205,0.3130981922149658,0.31325626373291016
2025-05-02 20:00:00+00:00,0.3132510185241699,0.3168475329875946,0.31295400857925415,0.3165959417819977
2025-05-03 00:00:00+00:00,0.31662312150001526,0.3182075023651123,0.31073468923568726,0.3126938045024872
2025-05-03 04:00:00+00:00,0.3126828670501709,0.3126828670501709,0.30870524048805237,0.3090692460536957
2025-05-03 08:00:00+00:00,0.3090943694114685,0.3090943694114685,0.30345678329467773,0.30349287390708923
2025-05-03 12:00:00+00:00,0.3035452961921692,0.30842551589012146,0.3035452961921692,0.30678921937942505
2025-05-03 16:00:00+00:00,0.3067532181739807,0.3067532181739807,0.2964334189891815,0.3016391694545746
2025-05-03 20:00:00+00:00,0.3016427457332611,0.3029675781726837,0.2988399863243103,0.30061566829681396
2025-05-04 00:00:00+00:00,0.3005905747413635,0.30274248123168945,0.2967381775379181,0.29920893907546997
2025-05-04 04:00:00+00:00,0.2992000877857208,0.30131128430366516,0.29739779233932495,0.2987273633480072
2025-05-04 08:00:00+00:00,0.2987637519836426,0.2989436984062195,0.29295361042022705,0.29436543583869934
2025-05-04 12:00:00+00:00,0.2944212257862091,0.2952568233013153,0.29025107622146606,0.2912331819534302
2025-05-04 16:00:00+00:00,0.29125043749809265,0.2913409173488617,0.28782033920288086,0.2896173596382141
2025-05-04 20:00:00+00:00,0.28963950276374817,0.2916252315044403,0.28825682401657104,0.2910260856151581
2025-05-05 00:00:00+00:00,0.29103752970695496,0.2985473871231079,0.2910294532775879,0.29676756262779236
2025-05-05 04:00:00+00:00,0.2967735230922699,0.3007449805736542,0.29649001359939575,0.29707974195480347
2025-05-05 08:00:00+00:00,0.29708150029182434,0.2981989085674286,0.29029160737991333,0.2908559739589691
2025-05-05 12:00:00+00:00,0.29081466794013977,0.29286158084869385,0.2892743945121765,0.2910114526748657
2025-05-05 16:00:00+00:00,0.29124128818511963,0.3019605875015259,0.29124128818511963,0.2983776926994324
2025-05-05 20:00:00+00:00,0.2983393669128418,0.3014490008354187,0.29560452699661255,0.29796016216278076
2025-05-06 00:00:00+00:00,0.29798194766044617,0.30085626244544983,0.2973672151565552,0.30074164271354675
2025-05-06 04:00:00+00:00,0.30097123980522156,0.3030545115470886,0.29744261503219604,0.2977486252784729
2025-05-06 08:00:00+00:00,0.2977423369884491,0.2978628873825073,0.2851971387863159,0.285330206155777
2025-05-06 12:00:00+00:00,0.2853562831878662,0.29109281301498413,0.28398236632347107,0.2863124907016754
2025-05-06 16:00:00+00:00,0.28628960251808167,0.28997665643692017,0.28402066230773926,0.2875160574913025
2025-05-06 20:00:00+00:00,0.28732427954673767,0.2930232882499695,0.2811361253261566,0.2919602692127228
2025-05-07 00:00:00+00:00,0.29186439514160156,0.2960827648639679,0.2907458245754242,0.29236122965812683
2025-05-07 04:00:00+00:00,0.2924807667732239,0.2962401509284973,0.2920789420604706,0.2958623766899109
2025-05-07 08:00:00+00:00,0.29590532183647156,0.29864823818206787,0.2950669825077057,0.2976783514022827
2025-05-07 12:00:00+00:00,0.2976795732975006,0.2982839345932007,0.2928949296474457,0.29292434453964233
2025-05-07 16:00:00+00:00,0.2929149866104126,0.2947201430797577,0.2889859676361084,0.29240682721138
2025-05-07 20:00:00+00:00,0.2925916612148285,0.2991107106208801,0.29209738969802856,0.29817673563957214
2025-05-08 00:00:00+00:00,0.29816609621047974,0.31207334995269775,0.29816609621047974,0.31206366419792175
2025-05-08 04:00:00+00:00,0.3120604157447815,0.3151971399784088,0.31038811802864075,0.3110567331314087
2025-05-08 08:00:00+00:00,0.31107863783836365,0.3158000111579895,0.31107863783836365,0.31441327929496765
2025-05-08 12:00:00+00:00,0.3144112229347229,0.32258352637290955,0.312081903219223,0.32098281383514404
2025-05-08 16:00:00+00:00,0.32121801376342773,0.3234625458717346,0.3211098909378052,0.3227870762348175
2025-05-08 20:00:00+00:00,0.3227905035018921,0.3351074755191803,0.3227905035018921,0.33121100068092346
2025-05-09 00:00:00+00:00,0.33150604367256165,0.33659735321998596,0.33133864402770996,0.33133864402770996
2025-05-09 04:00:00+00:00,0.33133071660995483,0.34366610646247864,0.33117377758026123,0.34134912490844727
2025-05-09 08:00:00+00:00,0.34134963154792786,0.3503149747848511,0.3379210829734802,0.34334611892700195
2025-05-09 12:00:00+00:00,0.34397420287132263,0.3477216064929962,0.3405700922012329,0.34603384137153625
2025-05-09 16:00:00+00:00,0.3460124433040619,0.3494923710823059,0.3432699143886566,0.3436965346336365
2025-05-09 20:00:00+00:00,0.3437633216381073,0.3530072569847107,0.3437633216381073,0.3529820740222931
2025-05-10 00:00:00+00:00,0.3527841567993164,0.3594878315925598,0.3501845896244049,0.35638418793678284
2025-05-10 04:00:00+00:00,0.3563888370990753,0.3639206886291504,0.35242709517478943,0.3639206886291504
2025-05-10 08:00:00+00:00,0.3633073568344116,0.3647751212120056,0.3538911044597626,0.3548049330711365
2025-05-10 12:00:00+00:00,0.3547665774822235,0.35995253920555115,0.3537207543849945,0.35504084825515747
2025-05-10 16:00:00+00:00,0.355090469121933,0.3683122992515564,0.35463252663612366,0.3651496171951294
2025-05-10 20:00:00+00:00,0.36514830589294434,0.3847835063934326,0.36427661776542664,0.3842393159866333
2025-05-11 00:00:00+00:00,0.3842400908470154,0.38752618432044983,0.3740891218185425,0.37721237540245056
2025-05-11 04:00:00+00:00,0.3771968483924866,0.37965208292007446,0.36080700159072876,0.36404484510421753
2025-05-11 08:00:00+00:00,0.3642670512199402,0.3698069751262665,0.3629620671272278,0.3689374029636383
2025-05-11 12:00:00+00:00,0.3689166009426117,0.3722223937511444,0.3624202609062195,0.36269962787628174
2025-05-11 16:00:00+00:00,0.3624114990234375,0.37012532353401184,0.3604394197463989,0.36793702840805054
2025-05-11 20:00:00+00:00,0.3679492175579071,0.3692539930343628,0.3645666241645813,0.36607906222343445
2025-05-12 00:00:00+00:00,0.3661186397075653,0.3714616298675537,0.3599203824996948,0.3687971234321594
2025-05-12 04:00:00+00:00,0.3687746226787567,0.3808238208293915,0.36442822217941284,0.37321358919143677
2025-05-12 08:00:00+00:00,0.3733634352684021,0.3753335475921631,0.36339983344078064,0.36339983344078064
2025-05-12 12:00:00+00:00,0.36322540044784546,0.37442171573638916,0.3570331335067749,0.3621029257774353
2025-05-12 16:00:00+00:00,0.3620033860206604,0.37063920497894287,0.35040825605392456,0.35988932847976685
2025-05-12 20:00:00+00:00,0.36059796810150146,0.3709922730922699,0.3591046631336212,0.3672676682472229
2025-05-13 00:00:00+00:00,0.3672364354133606,0.36946138739585876,0.3488805592060089,0.34964418411254883
2025-05-13 04:00:00+00:00,0.34889453649520874,0.3609682619571686,0.3485036790370941,0.35608845949172974
2025-05-13 08:00:00+00:00,0.3557273745536804,0.3636176288127899,0.35465332865715027,0.36141034960746765
2025-05-13 12:00:00+00:00,0.361331969499588,0.3654288649559021,0.3578663766384125,0.36426833271980286
2025-05-13 16:00:00+00:00,0.36433377861976624,0.378878653049469,0.36433377861976624,0.3769986629486084
2025-05-13 20:00:00+00:00,0.37779751420021057,0.3793112635612488,0.3750882148742676,0.3773765563964844
2025-05-14 00:00:00+00:00,0.37731555104255676,0.40367791056632996,0.37684744596481323,0.3888228237628937
2025-05-14 04:00:00+00:00,0.38843727111816406,0.38843727111816406,0.37924015522003174,0.3807424306869507
2025-05-14 08:00:00+00:00,0.3806842565536499,0.3806842565536499,0.3700975179672241,0.37356939911842346
2025-05-14 12:00:00+00:00,0.3735520541667938,0.37391358613967896,0.3635480999946594,0.3649880588054657
2025-05-14 16:00:00+00:00,0.3650215268135071,0.3664521872997284,0.3605526089668274,0.362815260887146
2025-05-14 20:00:00+00:00,0.36270537972450256,0.36368727684020996,0.35731276869773865,0.3595503270626068
2025-05-15 00:00:00+00:00,0.3595540225505829,0.362118124961853,0.35255444049835205,0.3537779748439789
2025-05-15 04:00:00+00:00,0.3536613881587982,0.35514384508132935,0.34171348810195923,0.34230560064315796
2025-05-15 08:00:00+00:00,0.34229934215545654,0.3477931618690491,0.33891811966896057,0.3436337113380432
2025-05-15 12:00:00+00:00,0.34367477893829346,0.34768572449684143,0.33584749698638916,0.34686464071273804
2025-05-15 16:00:00+00:00,0.34694743156433105,0.35229936242103577,0.3409337103366852,0.3427453935146332
2025-05-15 20:00:00+00:00,0.34274667501449585,0.34402427077293396,0.33458778262138367,0.3410777449607849
2025-05-16 00:00:00+00:00,0.34107261896133423,0.348755806684494,0.33991169929504395,0.34758591651916504
2025-05-16 04:00:00+00:00,0.34758269786834717,0.3480517268180847,0.34353312849998474,0.3469173014163971
2025-05-16 08:00:00+00:00,0.34706342220306396,0.3516083359718323,0.3419956862926483,0.34933820366859436
2025-05-16 12:00:00+00:00,0.349344938993454,0.35103487968444824,0.3453585207462311,0.3468312919139862
2025-05-16 16:00:00+00:00,0.3468475043773651,0.3483392000198364,0.3424309194087982,0.34356096386909485
2025-05-16 20:00:00+00:00,0.3435920178890228,0.34365764260292053,0.3346902132034302,0.3361179232597351
2025-05-17 00:00:00+00:00,0.33612361550331116,0.3363828659057617,0.3252716660499573,0.3313104510307312
2025-05-17 04:00:00+00:00,0.33131298422813416,0.33470144867897034,0.3280193507671356,0.32807162404060364
2025-05-17 08:00:00+00:00,0.32863274216651917,0.32999512553215027,0.3253629803657532,0.3290339410305023
2025-05-17 12:00:00+00:00,0.3289845883846283,0.33029264211654663,0.32392391562461853,0.3285166621208191
2025-05-17 16:00:00+00:00,0.3284395635128021,0.3284395635128021,0.322245329618454,0.324541300535202
2025-05-17 20:00:00+00:00,0.32454952597618103,0.3286433219909668,0.3224368393421173,0.3258291184902191
2025-05-18 00:00:00+00:00,0.3258163630962372,0.32780328392982483,0.32350367307662964,0.32570376992225647
2025-05-18 04:00:00+00:00,0.3257001042366028,0.33230289816856384,0.32540276646614075,0.3322943449020386
2025-05-18 08:00:00+00:00,0.3323439657688141,0.33788979053497314,0.3301488161087036,0.3301488161087036
2025-05-18 12:00:00+00:00,0.33012130856513977,0.3444346785545349,0.3285531997680664,0.34414005279541016
2025-05-18 16:00:00+00:00,0.34417861700057983,0.34534725546836853,0.3241168260574341,0.3241168260574341
2025-05-18 20:00:00+00:00,0.32352882623672485,0.3414393961429596,0.3199918568134308,0.3413904011249542
2025-05-19 00:00:00+00:00,0.3423871397972107,0.34300002455711365,0.3243386149406433,0.3252556324005127
2025-05-19 04:00:00+00:00,0.32522425055503845,0.3268963098526001,0.31503787636756897,0.32125481963157654
2025-05-19 08:00:00+00:00,0.321103572845459,0.32112202048301697,0.31617847084999084,0.31927916407585144
2025-05-19 12:00:00+00:00,0.31927672028541565,0.32402387261390686,0.31263676285743713,0.3232114911079407
2025-05-19 16:00:00+00:00,0.32324671745300293,0.3288012444972992,0.32043495774269104,0.32417675852775574
2025-05-19 20:00:00+00:00,0.32428282499313354,0.3254071772098541,0.32168978452682495,0.32484838366508484
2025-05-20 00:00:00+00:00,0.32482171058654785,0.3310227692127228,0.32168444991111755,0.32447922229766846
2025-05-20 04:00:00+00:00,0.3244738280773163,0.32594114542007446,0.3185996413230896,0.3190512955188751
2025-05-20 08:00:00+00:00,0.31901872158050537,0.31934666633605957,0.31295135617256165,0.3145858645439148
2025-05-20 12:00:00+00:00,0.3145531415939331,0.31675219535827637,0.31117910146713257,0.31675219535827637
2025-05-20 16:00:00+00:00,0.316726416349411,0.32007521390914917,0.3129137456417084,0.32007521390914917
2025-05-20 20:00:00+00:00,0.32000577449798584,0.32472163438796997,0.31972068548202515,0.3224887251853943
2025-05-21 00:00:00+00:00,0.32248929142951965,0.3241678774356842,0.31907445192337036,0.32337671518325806
2025-05-21 04:00:00+00:00,0.323220431804657,0.3291025161743164,0.32212430238723755,0.3234218955039978
2025-05-21 08:00:00+00:00,0.3234274387359619,0.3242935836315155,0.3182186782360077,0.32091841101646423
2025-05-21 12:00:00+00:00,0.32090646028518677,0.32349950075149536,0.3185252249240875,0.32271072268486023
2025-05-21 16:00:00+00:00,0.32274430990219116,0.3300822079181671,0.3077046275138855,0.3160474896430969
2025-05-21 20:00:00+00:00,0.31603148579597473,0.32554033398628235,0.31350812315940857,0.3218235671520233
2025-05-22 00:00:00+00:00,0.321778804063797,0.3319770395755768,0.32153812050819397,0.3315999507904053
2025-05-22 04:00:00+00:00,0.33151569962501526,0.3353953957557678,0.3290562331676483,0.3314582407474518
2025-05-22 08:00:00+00:00,0.3314540386199951,0.33925050497055054,0.331447571516037,0.33790168166160583
2025-05-22 12:00:00+00:00,0.33787792921066284,0.344845175743103,0.33485889434814453,0.3437328338623047
2025-05-22 16:00:00+00:00,0.3437335789203644,0.3461707830429077,0.34078818559646606,0.3409130275249481
2025-05-22 20:00:00+00:00,0.34126463532447815,0.34399229288101196,0.3390067219734192,0.34210440516471863
2025-05-23 00:00:00+00:00,0.3421114981174469,0.35066041350364685,0.34036603569984436,0.34933963418006897
2025-05-23 04:00:00+00:00,0.349311500787735,0.349311500787735,0.33579832315444946,0.3358457684516907
2025-05-23 08:00:00+00:00,0.33583879470825195,0.3430674374103546,0.32455360889434814,0.32456478476524353
2025-05-23 12:00:00+00:00,0.32409316301345825,0.3316957354545593,0.3186253309249878,0.328675240278244
2025-05-23 16:00:00+00:00,0.32798272371292114,0.33084553480148315,0.325802206993103,0.32593196630477905
2025-05-23 20:00:00+00:00,0.325629860162735,0.32563650608062744,0.31238141655921936,0.31307002902030945
2025-05-24 00:00:00+00:00,0.313012957572937,0.3169408440589905,0.31153765320777893,0.3161323070526123
2025-05-24 04:00:00+00:00,0.31614524126052856,0.3163199722766876,0.31239715218544006,0.3142909109592438
2025-05-24 08:00:00+00:00,0.3142869472503662,0.31749770045280457,0.3119673728942871,0.3161962926387787
2025-05-24 12:00:00+00:00,0.3162081241607666,0.3166825473308563,0.31362098455429077,0.31476476788520813
2025-05-24 16:00:00+00:00,0.3147978186607361,0.3161749839782715,0.31199246644973755,0.3126015365123749
2025-05-24 20:00:00+00:00,0.3126066327095032,0.313051700592041,0.30853360891342163,0.30979275703430176
2025-05-25 00:00:00+00:00,0.3098752200603485,0.31113672256469727,0.3028751611709595,0.3084344267845154
2025-05-25 04:00:00+00:00,0.3084324896335602,0.30992063879966736,0.3054402470588684,0.30642661452293396
2025-05-25 08:00:00+00:00,0.3062891364097595,0.3062891364097595,0.3012298345565796,0.3023442029953003
2025-05-25 12:00:00+00:00,0.3023602366447449,0.3061225116252899,0.2988828420639038,0.3033113479614258
2025-05-25 16:00:00+00:00,0.30331453680992126,0.3064384162425995,0.30116862058639526,0.3063720166683197
2025-05-25 20:00:00+00:00,0.30634838342666626,0.3148267865180969,0.3042547404766083,0.3148200213909149
2025-05-26 00:00:00+00:00,0.31482037901878357,0.3182649314403534,0.31397128105163574,0.31538891792297363
2025-05-26 04:00:00+00:00,0.3153664171695709,0.3192828595638275,0.3150986135005951,0.31808948516845703
2025-05-26 08:00:00+00:00,0.31810787320137024,0.31916046142578125,0.3146919012069702,0.31481483578681946
2025-05-26 12:00:00+00:00,0.31480100750923157,0.31601786613464355,0.3098302483558655,0.31431299448013306
2025-05-26 16:00:00+00:00,0.31430503726005554,0.3149654269218445,0.3069855570793152,0.3075654208660126
2025-05-26 20:00:00+00:00,0.3075791299343109,0.3110619783401489,0.3067725598812103,0.3076956570148468
2025-05-27 00:00:00+00:00,0.3077371418476105,0.3082510530948639,0.300439715385437,0.30660897493362427
2025-05-27 04:00:00+00:00,0.30660489201545715,0.31178784370422363,0.30368244647979736,0.31056928634643555
2025-05-27 08:00:00+00:00,0.31055134534835815,0.31377455592155457,0.31055134534835815,0.3133177161216736
2025-05-27 12:00:00+00:00,0.3133227527141571,0.3183309733867645,0.311339408159256,0.31434252858161926
2025-05-27 16:00:00+00:00,0.31434935331344604,0.3190278112888336,0.3141021728515625,0.3153911232948303
2025-05-27 20:00:00+00:00,0.31529179215431213,0.3168945908546448,0.3127515912055969,0.3134762942790985
2025-05-28 00:00:00+00:00,0.3134567141532898,0.31712427735328674,0.3121854364871979,0.3147418797016144
2025-05-28 04:00:00+00:00,0.31474363803863525,0.31489142775535583,0.3095569908618927,0.3109835386276245
2025-05-28 08:00:00+00:00,0.3109838366508484,0.3124423623085022,0.30683162808418274,0.3124423623085022
2025-05-28 12:00:00+00:00,0.31243136525154114,0.317047655582428,0.30482661724090576,0.3058851957321167
2025-05-28 16:00:00+00:00,0.3058830499649048,0.308461993932724,0.3001285791397095,0.30047428607940674
2025-05-28 20:00:00+00:00,0.30034303665161133,0.309104859828949,0.29966095089912415,0.3082742691040039
2025-05-29 00:00:00+00:00,0.30827242136001587,0.3158707618713379,0.30700287222862244,0.3136518895626068
2025-05-29 04:00:00+00:00,0.31375420093536377,0.31375420093536377,0.3077225089073181,0.31096741557121277
2025-05-29 08:00:00+00:00,0.31096839904785156,0.3121684789657593,0.30961933732032776,0.31211668252944946
2025-05-29 12:00:00+00:00,0.31212273240089417,0.312190443277359,0.3044888973236084,0.3065795302391052
2025-05-29 16:00:00+00:00,0.30657267570495605,0.30657267570495605,0.3005606532096863,0.30154719948768616
2025-05-29 20:00:00+00:00,0.30154743790626526,0.30292046070098877,0.29214873909950256,0.2926650941371918
2025-05-30 00:00:00+00:00,0.2927743196487427,0.29455822706222534,0.2799645662307739,0.28524306416511536
2025-05-30 04:00:00+00:00,0.28505977988243103,0.2853974997997284,0.2772357761859894,0.281008243560791
2025-05-30 08:00:00+00:00,0.2809641659259796,0.2816503643989563,0.2765657901763916,0.2799418866634369
2025-05-30 12:00:00+00:00,0.27988898754119873,0.28087010979652405,0.275066614151001,0.2789683938026428
2025-05-30 16:00:00+00:00,0.27897384762763977,0.2794512212276459,0.27210545539855957,0.2789039611816406
2025-05-30 20:00:00+00:00,0.27886518836021423,0.27886518836021423,0.27013248205184937,0.2709169089794159
2025-05-31 00:00:00+00:00,0.2709256112575531,0.2709256112575531,0.26481789350509644,0.2676382064819336
2025-05-31 04:00:00+00:00,0.2676382064819336,0.27193960547447205,0.26640748977661133,0.27177298069000244
2025-05-31 08:00:00+00:00,0.2717806100845337,0.27229180932044983,0.2685968577861786,0.2685968577861786
2025-05-31 12:00:00+00:00,0.26853713393211365,0.27505066990852356,0.26828864216804504,0.27340441942214966
2025-05-31 16:00:00+00:00,0.27340880036354065,0.2751888036727905,0.27280479669570923,0.27437421679496765
2025-05-31 20:00:00+00:00,0.2743743658065796,0.27639690041542053,0.2732871174812317,0.27367258071899414
2025-06-01 00:00:00+00:00,0.2736745774745941,0.27368828654289246,0.2694644033908844,0.27153050899505615
2025-06-01 04:00:00+00:00,0.27152523398399353,0.2736877202987671,0.2708597183227539,0.272185742855072
2025-06-01 08:00:00+00:00,0.27218663692474365,0.27232638001441956,0.2673490047454834,0.26909804344177246
2025-06-01 12:00:00+00:00,0.269105464220047,0.2731494605541229,0.26674574613571167,0.27277034521102905
2025-06-01 16:00:00+00:00,0.2727903127670288,0.2758274972438812,0.27044275403022766,0.2735159397125244
2025-06-01 20:00:00+00:00,0.2737172544002533,0.27844682335853577,0.2733752727508545,0.27673664689064026
2025-06-02 00:00:00+00:00,0.27675068378448486,0.2770516872406006,0.2717214822769165,0.2717214822769165
2025-06-02 04:00:00+00:00,0.2717042863368988,0.27443456649780273,0.27037814259529114,0.27335894107818604
2025-06-02 08:00:00+00:00,0.273349791765213,0.2743368446826935,0.2691897749900818,0.2708353102207184
2025-06-02 12:00:00+00:00,0.270840048789978,0.27633777260780334,0.27047160267829895,0.2754754424095154
2025-06-02 16:00:00+00:00,0.2754863500595093,0.27753257751464844,0.2733437418937683,0.2740970253944397
2025-06-02 20:00:00+00:00,0.27410489320755005,0.2848661243915558,0.27410489320755005,0.28439435362815857
2025-06-03 00:00:00+00:00,0.2843770682811737,0.28852373361587524,0.28370463848114014,0.2844930589199066
2025-06-03 04:00:00+00:00,0.2844884693622589,0.2873639166355133,0.28281813859939575,0.2863612771034241
2025-06-03 08:00:00+00:00,0.28633421659469604,0.29006341099739075,0.2845136821269989,0.28809478878974915
2025-06-03 12:00:00+00:00,0.28809115290641785,0.28986164927482605,0.2866189479827881,0.28754541277885437
2025-06-03 16:00:00+00:00,0.2875581979751587,0.2886085510253906,0.28627583384513855,0.2869960069656372
2025-06-03 20:00:00+00:00,0.2870100736618042,0.2873328924179077,0.2820892930030823,0.28282397985458374
2025-06-04 00:00:00+00:00,0.2828197777271271,0.28944435715675354,0.28151339292526245,0.289275199174881
2025-06-04 04:00:00+00:00,0.2892754375934601,0.2897530496120453,0.28452068567276,0.2849872410297394
2025-06-04 08:00:00+00:00,0.28498974442481995,0.2864365577697754,0.2810513377189636,0.2812097370624542
2025-06-04 12:00:00+00:00,0.2812049388885498,0.28510522842407227,0.2771894037723541,0.2846389412879944
2025-06-04 16:00:00+00:00,0.2846280038356781,0.2846280038356781,0.27890193462371826,0.278926283121109
2025-06-04 20:00:00+00:00,0.2789408266544342,0.2789408266544342,0.274146169424057,0.27627086639404297
2025-06-05 00:00:00+00:00,0.27627551555633545,0.2781408131122589,0.2747853398323059,0.276397168636322
2025-06-05 04:00:00+00:00,0.2763928771018982,0.2787211835384369,0.2725895345211029,0.2762264609336853
2025-06-05 08:00:00+00:00,0.2761591970920563,0.27674561738967896,0.2735583782196045,0.2753327488899231
2025-06-05 12:00:00+00:00,0.27537453174591064,0.27938520908355713,0.27267271280288696,0.2761741280555725
2025-06-05 16:00:00+00:00,0.27618780732154846,0.27618780732154846,0.26296699047088623,0.26442229747772217
2025-06-05 20:00:00+00:00,0.26440611481666565,0.26440611481666565,0.2564522325992584,0.2591843008995056
2025-06-06 00:00:00+00:00,0.2591840624809265,0.26479053497314453,0.2582075595855713,0.26474645733833313
2025-06-06 04:00:00+00:00,0.26474741101264954,0.26934728026390076,0.2646237015724182,0.26908284425735474
2025-06-06 08:00:00+00:00,0.2690950632095337,0.26955559849739075,0.2683480978012085,0.26878994703292847
2025-06-06 12:00:00+00:00,0.26880013942718506,0.2769600749015808,0.26880013942718506,0.2742214500904083
2025-06-06 16:00:00+00:00,0.2742571234703064,0.27507469058036804,0.2678285837173462,0.2685573697090149
2025-06-06 20:00:00+00:00,0.26856470108032227,0.2712513208389282,0.26856470108032227,0.2702411115169525
2025-06-07 00:00:00+00:00,0.27014246582984924,0.27584677934646606,0.26994431018829346,0.27574941515922546
2025-06-07 04:00:00+00:00,0.2757441997528076,0.28044986724853516,0.2754223644733429,0.27929726243019104
2025-06-07 08:00:00+00:00,0.2792903184890747,0.2817571461200714,0.2789594829082489,0.2808683514595032
2025-06-07 12:00:00+00:00,0.2808823883533478,0.283336877822876,0.2798527479171753,0.28073710203170776
2025-06-07 16:00:00+00:00,0.2807174026966095,0.280811607837677,0.27878862619400024,0.27996382117271423
2025-06-07 20:00:00+00:00,0.2799748480319977,0.28255021572113037,0.2792305052280426,0.2809705138206482
2025-06-08 00:00:00+00:00,0.28097668290138245,0.2810654938220978,0.2793717086315155,0.27948838472366333
2025-06-08 04:00:00+00:00,0.2794843912124634,0.2804105877876282,0.27878299355506897,0.2790309488773346
2025-06-08 08:00:00+00:00,0.27903997898101807,0.2821924388408661,0.2773585915565491,0.28208306431770325
2025-06-08 12:00:00+00:00,0.28208407759666443,0.28384989500045776,0.28041210770606995,0.28041210770606995
2025-06-08 16:00:00+00:00,0.28034085035324097,0.28323838114738464,0.28033092617988586,0.28219789266586304
2025-06-08 20:00:00+00:00,0.28221994638442993,0.283027321100235,0.27882903814315796,0.27911898493766785
2025-06-09 00:00:00+00:00,0.2791421413421631,0.2798635959625244,0.2771758735179901,0.2781382203102112
2025-06-09 04:00:00+00:00,0.2781403362751007,0.27829986810684204,0.2747986614704132,0.2771470546722412
2025-06-09 08:00:00+00:00,0.2771419584751129,0.2826039493083954,0.27605581283569336,0.2813369631767273
2025-06-09 12:00:00+00:00,0.2814091742038727,0.28340858221054077,0.27971893548965454,0.2829858064651489
2025-06-09 16:00:00+00:00,0.2829795181751251,0.2861056625843048,0.282757043838501,0.2847488522529602
2025-06-09 20:00:00+00:00,0.28475040197372437,0.29321810603141785,0.28475040197372437,0.29311877489089966
2025-06-10 00:00:00+00:00,0.29316648840904236,0.297298401594162,0.29107865691185,0.2918015718460083
2025-06-10 04:00:00+00:00,0.29179778695106506,0.29265111684799194,0.2874913513660431,0.29056134819984436
2025-06-10 08:00:00+00:00,0.2905595004558563,0.2973158657550812,0.2882564663887024,0.2972918152809143
2025-06-10 12:00:00+00:00,0.2973296344280243,0.30256447196006775,0.29324957728385925,0.2952759265899658
2025-06-10 16:00:00+00:00,0.29525333642959595,0.3014677166938782,0.29525333642959595,0.2985040843486786
2025-06-10 20:00:00+00:00,0.2985849678516388,0.3040671944618225,0.29788699746131897,0.3028988242149353
2025-06-11 00:00:00+00:00,0.3028917908668518,0.30371761322021484,0.29835519194602966,0.301301509141922
2025-06-11 04:00:00+00:00,0.3012998402118683,0.303873747587204,0.2993422746658325,0.30166155099868774
2025-06-11 08:00:00+00:00,0.3016607463359833,0.30211466550827026,0.2939794957637787,0.29511359333992004
2025-06-11 12:00:00+00:00,0.2951473295688629,0.3025064468383789,0.2947973608970642,0.3018687069416046
2025-06-11 16:00:00+00:00,0.30189433693885803,0.30208951234817505,0.2929648458957672,0.29296982288360596
2025-06-11 20:00:00+00:00,0.29296696186065674,0.2945777475833893,0.2879564166069031,0.29065948724746704
2025-06-12 00:00:00+00:00,0.2906528413295746,0.2906528413295746,0.28397729992866516,0.28543180227279663
2025-06-12 04:00:00+00:00,0.2854142487049103,0.2854142487049103,0.28135043382644653,0.2815585434436798
2025-06-12 08:00:00+00:00,0.2815553545951843,0.28265616297721863,0.27716395258903503,0.2777351438999176
2025-06-12 12:00:00+00:00,0.27773183584213257,0.2842898666858673,0.2773475646972656,0.2787000238895416
2025-06-12 16:00:00+00:00,0.27870145440101624,0.2845887541770935,0.27595868706703186,0.2760174572467804
2025-06-12 20:00:00+00:00,0.2760051190853119,0.27773332595825195,0.2727887034416199,0.27439141273498535
2025-06-13 00:00:00+00:00,0.27437838912010193,0.27437838912010193,0.25451961159706116,0.2611314058303833
2025-06-13 04:00:00+00:00,0.2611212730407715,0.26124000549316406,0.25825703144073486,0.2607837915420532
2025-06-13 08:00:00+00:00,0.2607756555080414,0.26218482851982117,0.2584841847419739,0.26174765825271606
2025-06-13 12:00:00+00:00,0.26175767183303833,0.2658669948577881,0.258695125579834,0.2648158669471741
2025-06-13 16:00:00+00:00,0.2647331953048706,0.26736685633659363,0.26162540912628174,0.2624090611934662
2025-06-13 20:00:00+00:00,0.2624436914920807,0.26673364639282227,0.2624436914920807,0.26642489433288574
2025-06-14 00:00:00+00:00,0.2664358913898468,0.26654720306396484,0.264428973197937,0.2653321325778961
2025-06-14 04:00:00+00:00,0.26533347368240356,0.26641178131103516,0.26403114199638367,0.26550641655921936
2025-06-14 08:00:00+00:00,0.265500545501709,0.2664593458175659,0.2642122507095337,0.266335129737854
2025-06-14 12:00:00+00:00,0.2663431465625763,0.26730385422706604,0.2629527449607849,0.2633531391620636
2025-06-14 16:00:00+00:00,0.26337748765945435,0.2636868357658386,0.2594907879829407,0.26181402802467346
2025-06-14 20:00:00+00:00,0.26180657744407654,0.26550471782684326,0.25972479581832886,0.2652001678943634
2025-06-15 00:00:00+00:00,0.2651325762271881,0.2662331759929657,0.26466959714889526,0.2656375765800476
2025-06-15 04:00:00+00:00,0.26564013957977295,0.26667118072509766,0.2634602189064026,0.2643851637840271
2025-06-15 08:00:00+00:00,0.2643851339817047,0.2643984854221344,0.2619331181049347,0.2632099688053131
2025-06-15 12:00:00+00:00,0.2632075548171997,0.2657560706138611,0.2622506022453308,0.2640833854675293
2025-06-15 16:00:00+00:00,0.2640933394432068,0.2644589841365814,0.2601633369922638,0.260166734457016
2025-06-15 20:00:00+00:00,0.260176420211792,0.2618895173072815,0.25697943568229675,0.2615598142147064
2025-06-16 00:00:00+00:00,0.2615911662578583,0.2659248411655426,0.2592866122722626,0.26393428444862366
2025-06-16 04:00:00+00:00,0.2639174461364746,0.27036023139953613,0.2638065218925476,0.2699623107910156
2025-06-16 08:00:00+00:00,0.269979327917099,0.2717515230178833,0.2688465416431427,0.2710571885108948
2025-06-16 12:00:00+00:00,0.27105575799942017,0.2741471230983734,0.26954326033592224,0.2723422944545746
2025-06-16 16:00:00+00:00,0.2723661959171295,0.27479663491249084,0.2720808684825897,0.27365466952323914
2025-06-16 20:00:00+00:00,0.2736731171607971,0.274579793214798,0.2646496295928955,0.2646496295928955
2025-06-17 00:00:00+00:00,0.2646271586418152,0.26950016617774963,0.2609999477863312,0.2689531147480011
2025-06-17 04:00:00+00:00,0.2689545750617981,0.26912379264831543,0.26314499974250793,0.2636716961860657
2025-06-17 08:00:00+00:00,0.2636728286743164,0.2636728286743164,0.2586584687232971,0.2589353919029236
2025-06-17 12:00:00+00:00,0.258940190076828,0.2621747553348541,0.25546973943710327,0.2568996250629425
2025-06-17 16:00:00+00:00,0.25691038370132446,0.2593679428100586,0.25210651755332947,0.2586936056613922
2025-06-17 20:00:00+00:00,0.2587072551250458,0.25894278287887573,0.25368988513946533,0.2549804449081421
2025-06-18 00:00:00+00:00,0.25497332215309143,0.25772058963775635,0.25461211800575256,0.2566453218460083
2025-06-18 04:00:00+00:00,0.25664421916007996,0.25866031646728516,0.25578001141548157,0.2563777565956116
2025-06-18 08:00:00+00:00,0.2563648521900177,0.25700539350509644,0.24961647391319275,0.2522544860839844
2025-06-18 12:00:00+00:00,0.2522450387477875,0.2549286186695099,0.24768278002738953,0.25410303473472595
2025-06-18 16:00:00+00:00,0.2541046440601349,0.2541046440601349,0.2507482171058655,0.25268682837486267
2025-06-18 20:00:00+00:00,0.25270965695381165,0.2583836317062378,0.2514374256134033,0.25644993782043457
2025-06-19 00:00:00+00:00,0.2564547061920166,0.2581492066383362,0.25403979420661926,0.25536781549453735
2025-06-19 04:00:00+00:00,0.25533825159072876,0.2565360963344574,0.2539556324481964,0.25414562225341797
2025-06-19 08:00:00+00:00,0.25414788722991943,0.255650132894516,0.2528492212295532,0.25308161973953247
2025-06-19 12:00:00+00:00,0.2530853748321533,0.25354915857315063,0.25042960047721863,0.2512083053588867
2025-06-19 16:00:00+00:00,0.2511865794658661,0.2546118497848511,0.24973079562187195,0.25342029333114624
2025-06-19 20:00:00+00:00,0.25341856479644775,0.2557796239852905,0.2532975673675537,0.25387775897979736
2025-06-20 00:00:00+00:00,0.25388506054878235,0.2550584375858307,0.2525879442691803,0.2530296742916107
2025-06-20 04:00:00+00:00,0.25302600860595703,0.256928026676178,0.2507122755050659,0.256928026676178
2025-06-20 08:00:00+00:00,0.25692522525787354,0.259411484003067,0.25652778148651123,0.2594050168991089
2025-06-20 12:00:00+00:00,0.25940001010894775,0.25994154810905457,0.25224530696868896,0.25224530696868896
2025-06-20 16:00:00+00:00,0.25230732560157776,0.25230732560157776,0.24271824955940247,0.24852965772151947
2025-06-20 20:00:00+00:00,0.24852895736694336,0.2510654926300049,0.24603991210460663,0.24805085361003876
2025-06-21 00:00:00+00:00,0.24805104732513428,0.2520410120487213,0.2478441596031189,0.2520177364349365
2025-06-21 04:00:00+00:00,0.2519838213920593,0.25267288088798523,0.25121796131134033,0.2524602711200714
2025-06-21 08:00:00+00:00,0.2524997293949127,0.2537507116794586,0.2515262961387634,0.251890629529953
2025-06-21 12:00:00+00:00,0.25189560651779175,0.25189560651779175,0.24509741365909576,0.24669981002807617
2025-06-21 16:00:00+00:00,0.24669943749904633,0.247001051902771,0.2409304827451706,0.2409304827451706
2025-06-21 20:00:00+00:00,0.24093620479106903,0.24190054833889008,0.2336145043373108,0.23743797838687897
2025-06-22 00:00:00+00:00,0.23871229588985443,0.24134671688079834,0.2348029762506485,0.2348889708518982
2025-06-22 04:00:00+00:00,0.2349025011062622,0.23861053586006165,0.2349025011062622,0.23732703924179077
2025-06-22 08:00:00+00:00,0.2373245507478714,0.23738548159599304,0.23216880857944489,0.2351549118757248
2025-06-22 12:00:00+00:00,0.23514142632484436,0.23596934974193573,0.22794006764888763,0.2314620316028595
2025-06-22 16:00:00+00:00,0.23144888877868652,0.23245586454868317,0.22853998839855194,0.22899220883846283
2025-06-22 20:00:00+00:00,0.22897857427597046,0.2370832860469818,0.22444374859333038,0.23685012757778168
2025-06-23 00:00:00+00:00,0.23685161769390106,0.23868697881698608,0.2358066737651825,0.2375277727842331
2025-06-23 04:00:00+00:00,0.23752811551094055,0.24280482530593872,0.23752811551094055,0.24143417179584503
2025-06-23 08:00:00+00:00,0.24144095182418823,0.24342527985572815,0.23992347717285156,0.2411184161901474
2025-06-23 12:00:00+00:00,0.2411137968301773,0.2479289174079895,0.2402549535036087,0.24402494728565216
2025-06-23 16:00:00+00:00,0.24400752782821655,0.25131136178970337,0.2384658008813858,0.2512667179107666
2025-06-23 20:00:00+00:00,0.2514559030532837,0.2628035843372345,0.2514559030532837,0.26213252544403076
2025-06-24 00:00:00+00:00,0.26203453540802,0.26348575949668884,0.26094791293144226,0.26187822222709656
2025-06-24 04:00:00+00:00,0.2618752419948578,0.26770874857902527,0.26049327850341797,0.26432210206985474
2025-06-24 08:00:00+00:00,0.2643016278743744,0.2647515535354614,0.25816038250923157,0.25816038250923157
2025-06-24 12:00:00+00:00,0.25814875960350037,0.2606627941131592,0.25703975558280945,0.2591899037361145
2025-06-24 16:00:00+00:00,0.2591981887817383,0.2639482319355011,0.2589409053325653,0.25923842191696167
2025-06-24 20:00:00+00:00,0.25930896401405334,0.26211491227149963,0.25930896401405334,0.2615596055984497
2025-06-25 00:00:00+00:00,0.26156607270240784,0.2631264626979828,0.26054537296295166,0.2620323598384857
2025-06-25 04:00:00+00:00,0.26200321316719055,0.26200321316719055,0.25890395045280457,0.26048704981803894
2025-06-25 08:00:00+00:00,0.26055073738098145,0.26141127943992615,0.25723400712013245,0.26141127943992615
2025-06-25 12:00:00+00:00,0.26142099499702454,0.2641047537326813,0.2577918767929077,0.25802987813949585
2025-06-25 16:00:00+00:00,0.25806286931037903,0.2607208490371704,0.2578361928462982,0.2587607800960541
2025-06-25 20:00:00+00:00,0.2587994933128357,0.2596302032470703,0.25560462474823,0.2562655508518219
2025-06-26 00:00:00+00:00,0.25626567006111145,0.26124003529548645,0.2558456361293793,0.25874873995780945
2025-06-26 04:00:00+00:00,0.2587554454803467,0.2598179876804352,0.2562263607978821,0.25959616899490356
2025-06-26 08:00:00+00:00,0.259589284658432,0.2600238621234894,0.2549237310886383,0.2552090585231781
2025-06-26 12:00:00+00:00,0.2552105784416199,0.2552105784416199,0.248641699552536,0.2503697872161865
2025-06-26 16:00:00+00:00,0.250355988740921,0.250355988740921,0.24642148613929749,0.24887055158615112
2025-06-26 20:00:00+00:00,0.24883992969989777,0.2516382038593292,0.24665069580078125,0.24665482342243195
2025-06-27 00:00:00+00:00,0.24671173095703125,0.24954341351985931,0.24475160241127014,0.24942989647388458
2025-06-27 04:00:00+00:00,0.24942174553871155,0.24942174553871155,0.24479639530181885,0.24532030522823334
2025-06-27 08:00:00+00:00,0.24531996250152588,0.2481783777475357,0.24531996250152588,0.2461053431034088
2025-06-27 12:00:00+00:00,0.24610456824302673,0.24904143810272217,0.24480922520160675,0.24904143810272217
2025-06-27 16:00:00+00:00,0.24891909956932068,0.25107520818710327,0.24285271763801575,0.24420036375522614
2025-06-27 20:00:00+00:00,0.2441999912261963,0.2485085129737854,0.2441999912261963,0.2482752650976181
2025-06-28 00:00:00+00:00,0.24827615916728973,0.24897561967372894,0.24784131348133087,0.24784131348133087
2025-06-28 04:00:00+00:00,0.2478409707546234,0.24910283088684082,0.2470221370458603,0.24910254776477814
2025-06-28 08:00:00+00:00,0.2492007464170456,0.24921157956123352,0.24718359112739563,0.24789680540561676
2025-06-28 12:00:00+00:00,0.24788884818553925,0.2485850304365158,0.24734291434288025,0.2484615445137024
2025-06-28 16:00:00+00:00,0.24849462509155273,0.2507012188434601,0.24849462509155273,0.2498481571674347
2025-06-28 20:00:00+00:00,0.24983979761600494,0.25247323513031006,0.24917219579219818,0.25178027153015137
2025-06-29 00:00:00+00:00,0.25178778171539307,0.2526527941226959,0.24982932209968567,0.24982932209968567
2025-06-29 04:00:00+00:00,0.24984081089496613,0.2516974210739136,0.24984081089496613,0.2516974210739136
2025-06-29 08:00:00+00:00,0.2516973614692688,0.25499579310417175,0.2516973614692688,0.25271913409233093
2025-06-29 12:00:00+00:00,0.2527178227901459,0.25288641452789307,0.24948634207248688,0.2498811036348343
2025-06-29 16:00:00+00:00,0.2498462051153183,0.2516728937625885,0.24919845163822174,0.25134411454200745
2025-06-29 20:00:00+00:00,0.251645565032959,0.2626838982105255,0.25053080916404724,0.2602488398551941
2025-06-30 00:00:00+00:00,0.2604719400405884,0.2628633975982666,0.25532209873199463,0.2556530833244324
2025-06-30 04:00:00+00:00,0.2556486129760742,0.2556486129760742,0.2528727948665619,0.25490155816078186
2025-06-30 08:00:00+00:00,0.2549329698085785,0.2549367845058441,0.2511094808578491,0.25169724225997925
2025-06-30 12:00:00+00:00,0.2515903115272522,0.2529004216194153,0.2493094652891159,0.2520182132720947
2025-06-30 16:00:00+00:00,0.25193771719932556,0.25386568903923035,0.2506667673587799,0.25386568903923035
2025-06-30 20:00:00+00:00,0.25435101985931396,0.2548971474170685,0.2526198923587799,0.253436416387558
2025-07-01 00:00:00+00:00,0.2534416913986206,0.2551468312740326,0.25280964374542236,0.25286421179771423
2025-07-01 04:00:00+00:00,0.25286754965782166,0.25286754965782166,0.24532660841941833,0.24834510684013367
2025-07-01 08:00:00+00:00,0.24811477959156036,0.24811477959156036,0.24574606120586395,0.2459620237350464
2025-07-01 12:00:00+00:00,0.2459527999162674,0.24736860394477844,0.24430440366268158,0.2446797788143158
2025-07-01 16:00:00+00:00,0.2446865290403366,0.24472016096115112,0.24096646904945374,0.24158240854740143
2025-07-01 20:00:00+00:00,0.24158962070941925,0.2427314817905426,0.23998261988162994,0.24165493249893188
2025-07-02 00:00:00+00:00,0.24164144694805145,0.2434123307466507,0.2396262139081955,0.24267517030239105
2025-07-02 04:00:00+00:00,0.24267837405204773,0.24701571464538574,0.24267837405204773,0.24620385468006134
2025-07-02 08:00:00+00:00,0.2461979240179062,0.24932637810707092,0.24572066962718964,0.24841710925102234
2025-07-02 12:00:00+00:00,0.2484215945005417,0.25588157773017883,0.24617919325828552,0.25586289167404175
2025-07-02 16:00:00+00:00,0.2558540999889374,0.284882128238678,0.2558540999889374,0.2772006690502167
2025-07-02 20:00:00+00:00,0.2772552967071533,0.2786312699317932,0.2671392858028412,0.2671392858028412
2025-07-03 00:00:00+00:00,0.2671385109424591,0.27086973190307617,0.2671385109424591,0.2677192986011505
2025-07-03 04:00:00+00:00,0.26771098375320435,0.27421313524246216,0.2671702802181244,0.27259284257888794
2025-07-03 08:00:00+00:00,0.27257582545280457,0.27397722005844116,0.2703005373477936,0.27397722005844116
2025-07-03 12:00:00+00:00,0.2739749252796173,0.27459296584129333,0.2670985758304596,0.2670990228652954
2025-07-03 16:00:00+00:00,0.26709869503974915,0.27402567863464355,0.26709869503974915,0.2707633674144745
2025-07-03 20:00:00+00:00,0.27076172828674316,0.2724445164203644,0.27012237906455994,0.2703026533126831
2025-07-04 00:00:00+00:00,0.2703135311603546,0.2711259424686432,0.26765739917755127,0.26765739917755127
2025-07-04 04:00:00+00:00,0.2676577568054199,0.26785048842430115,0.26026275753974915,0.26028069853782654
2025-07-04 08:00:00+00:00,0.2602948844432831,0.26275649666786194,0.25920945405960083,0.26103073358535767
2025-07-04 12:00:00+00:00,0.26103121042251587,0.26228663325309753,0.2584008574485779,0.25878337025642395
2025-07-04 16:00:00+00:00,0.25878220796585083,0.25878220796585083,0.25596320629119873,0.2567065358161926
2025-07-04 20:00:00+00:00,0.2567087709903717,0.25808191299438477,0.2559220790863037,0.25690630078315735
2025-07-05 00:00:00+00:00,0.25687703490257263,0.2603268623352051,0.25678083300590515,0.25880834460258484
2025-07-05 04:00:00+00:00,0.2587929666042328,0.2600453495979309,0.2554253339767456,0.25965097546577454
2025-07-05 08:00:00+00:00,0.2596724331378937,0.2603381276130676,0.2579343616962433,0.2588244676589966
2025-07-05 12:00:00+00:00,0.25880488753318787,0.25880488753318787,0.255277544260025,0.25593695044517517
2025-07-05 16:00:00+00:00,0.2559624910354614,0.2570817172527313,0.25160959362983704,0.25328314304351807
2025-07-05 20:00:00+00:00,0.25327837467193604,0.2584429085254669,0.25254663825035095,0.2579418420791626
2025-07-06 00:00:00+00:00,0.25796979665756226,0.25891268253326416,0.2573738098144531,0.25784456729888916
2025-07-06 04:00:00+00:00,0.25783708691596985,0.25953927636146545,0.25666722655296326,0.25877198576927185
2025-07-06 08:00:00+00:00,0.2587660551071167,0.26021701097488403,0.25808417797088623,0.25958865880966187
2025-07-06 12:00:00+00:00,0.25958988070487976,0.26653558015823364,0.25958988070487976,0.26575061678886414
2025-07-06 16:00:00+00:00,0.265779972076416,0.2668612003326416,0.26390931010246277,0.2642718255519867
2025-07-06 20:00:00+00:00,0.26428326964378357,0.26925691962242126,0.26428326964378357,0.26575562357902527
2025-07-07 00:00:00+00:00,0.2657700777053833,0.2694355249404907,0.2657700777053833,0.2680128514766693
2025-07-07 04:00:00+00:00,0.2680123448371887,0.2684297561645508,0.2653217315673828,0.2674858272075653
2025-07-07 08:00:00+00:00,0.26748883724212646,0.2687148451805115,0.26560893654823303,0.26686882972717285
2025-07-07 12:00:00+00:00,0.2668686807155609,0.2686903774738312,0.26482853293418884,0.2651295065879822
2025-07-07 16:00:00+00:00,0.2651333212852478,0.26577961444854736,0.2614065110683441,0.2648864984512329
2025-07-07 20:00:00+00:00,0.2648773491382599,0.2648773491382599,0.261095255613327,0.2638489007949829
2025-07-08 00:00:00+00:00,0.2638472020626068,0.2638661563396454,0.2578671872615814,0.2597538232803345
2025-07-08 04:00:00+00:00,0.2597532868385315,0.26319295167922974,0.259213924407959,0.2626034617424011
2025-07-08 08:00:00+00:00,0.26260867714881897,0.26628002524375916,0.2604159116744995,0.2656101882457733
2025-07-08 12:00:00+00:00,0.2656102180480957,0.26813778281211853,0.2623005509376526,0.2632697522640228
2025-07-08 16:00:00+00:00,0.2632359266281128,0.271385133266449,0.2632359266281128,0.2691907584667206
2025-07-08 20:00:00+00:00,0.26918596029281616,0.26947543025016785,0.26803556084632874,0.26832592487335205
2025-07-09 00:00:00+00:00,0.26831766963005066,0.26831766963005066,0.2650049328804016,0.26685798168182373
2025-07-09 04:00:00+00:00,0.2668587863445282,0.27753591537475586,0.26626452803611755,0.27753591537475586
2025-07-09 08:00:00+00:00,0.2775525152683258,0.2844620943069458,0.275438517332077,0.2774580121040344
2025-07-09 12:00:00+00:00,0.277397483587265,0.27791768312454224,0.2726198434829712,0.27482497692108154
2025-07-09 16:00:00+00:00,0.2748243510723114,0.2825699746608734,0.27410888671875,0.2820979952812195
2025-07-09 20:00:00+00:00,0.2820942997932434,0.28434234857559204,0.28088289499282837,0.28267911076545715
2025-07-10 00:00:00+00:00,0.28266218304634094,0.28743788599967957,0.28149542212486267,0.28627508878707886
2025-07-10 04:00:00+00:00,0.28630468249320984,0.28886857628822327,0.28383657336235046,0.2870790660381317
2025-07-10 08:00:00+00:00,0.2870709300041199,0.2887812554836273,0.2852360010147095,0.28720879554748535
2025-07-10 12:00:00+00:00,0.2872186303138733,0.2886282503604889,0.28398415446281433,0.2839924991130829
2025-07-10 16:00:00+00:00,0.28405672311782837,0.29176589846611023,0.28369832038879395,0.2898440957069397
2025-07-10 20:00:00+00:00,0.2898523509502411,0.3039894998073578,0.2898079752922058,0.30197206139564514
2025-07-11 00:00:00+00:00,0.3019743859767914,0.3064177334308624,0.2971733510494232,0.305923730134964
2025-07-11 04:00:00+00:00,0.30590978264808655,0.31236135959625244,0.3036439120769501,0.3075863718986511
2025-07-11 08:00:00+00:00,0.3075040578842163,0.3126871883869171,0.3069581389427185,0.31037890911102295
2025-07-11 12:00:00+00:00,0.3104056715965271,0.31750503182411194,0.30946919322013855,0.30946919322013855
2025-07-11 16:00:00+00:00,0.30948299169540405,0.3176046907901764,0.309238463640213,0.3159759044647217
2025-07-11 20:00:00+00:00,0.31597059965133667,0.3164724111557007,0.3013443052768707,0.30457931756973267
2025-07-12 00:00:00+00:00,0.30458864569664,0.3111583888530731,0.2994893193244934,0.30852147936820984
2025-07-12 04:00:00+00:00,0.3085007071495056,0.3130837678909302,0.3020332455635071,0.31052035093307495
2025-07-12 08:00:00+00:00,0.3105078637599945,0.3143702447414398,0.3084773123264313,0.3116324841976166
2025-07-12 12:00:00+00:00,0.3116242587566376,0.31253305077552795,0.29588985443115234,0.29669174551963806
2025-07-12 16:00:00+00:00,0.29674482345581055,0.3047895133495331,0.29674482345581055,0.30447623133659363
2025-07-12 20:00:00+00:00,0.3044779300689697,0.30580002069473267,0.30042532086372375,0.30571818351745605
2025-07-13 00:00:00+00:00,0.3058871626853943,0.3085896670818329,0.30403733253479004,0.30818867683410645
2025-07-13 04:00:00+00:00,0.3081587851047516,0.31671732664108276,0.3070499300956726,0.3145257830619812
2025-07-13 08:00:00+00:00,0.3145182132720947,0.31617918610572815,0.31209999322891235,0.3146977722644806
2025-07-13 12:00:00+00:00,0.3146887421607971,0.33479151129722595,0.3146887421607971,0.3275717794895172
2025-07-13 16:00:00+00:00,0.3282000422477722,0.3297414779663086,0.3223058879375458,0.32376399636268616
2025-07-13 20:00:00+00:00,0.3237612843513489,0.3254415988922119,0.31716930866241455,0.31965070962905884
2025-07-14 00:00:00+00:00,0.3196471035480499,0.3275144398212433,0.3190876841545105,0.3269781172275543
2025-07-14 04:00:00+00:00,0.32700061798095703,0.33420971035957336,0.32401299476623535,0.3300493657588959
2025-07-14 08:00:00+00:00,0.3299303650856018,0.3299303650856018,0.32294517755508423,0.324525386095047
2025-07-14 12:00:00+00:00,0.32446983456611633,0.3274554908275604,0.3147469758987427,0.31576773524284363
2025-07-14 16:00:00+00:00,0.3157688081264496,0.31714579463005066,0.3085832893848419,0.30882447957992554
2025-07-14 20:00:00+00:00,0.30895546078681946,0.3112974166870117,0.306671679019928,0.30963125824928284
2025-07-15 00:00:00+00:00,0.3096542954444885,0.3109862208366394,0.2975689172744751,0.3001510798931122
2025-07-15 04:00:00+00:00,0.30064719915390015,0.30673348903656006,0.29875990748405457,0.3045347332954407
2025-07-15 08:00:00+00:00,0.3045024275779724,0.3056616485118866,0.3015313744544983,0.3033342659473419
2025-07-15 12:00:00+00:00,0.3033173680305481,0.310777872800827,0.3010261058807373,0.31070971488952637
2025-07-15 16:00:00+00:00,0.310691237449646,0.31627196073532104,0.30722513794898987,0.3077928125858307
2025-07-15 20:00:00+00:00,0.30776718258857727,0.3169838488101959,0.3072318732738495,0.3168065845966339
2025-07-16 00:00:00+00:00,0.31678247451782227,0.3195246756076813,0.3120630085468292,0.314751535654068
2025-07-16 04:00:00+00:00,0.3147614896297455,0.318581223487854,0.3129279315471649,0.3183170258998871
2025-07-16 08:00:00+00:00,0.31828629970550537,0.31828629970550537,0.31430742144584656,0.3152567744255066
2025-07-16 12:00:00+00:00,0.31523990631103516,0.3206808567047119,0.3134680390357971,0.3162602484226227
2025-07-16 16:00:00+00:00,0.31625649333000183,0.3236391842365265,0.3159624934196472,0.31859320402145386
2025-07-16 20:00:00+00:00,0.31867319345474243,0.3265085816383362,0.3178565800189972,0.3178565800189972
2025-07-17 00:00:00+00:00,0.31787416338920593,0.3218517005443573,0.31098511815071106,0.31257200241088867
2025-07-17 04:00:00+00:00,0.31261682510375977,0.321366548538208,0.31216245889663696,0.31882286071777344
2025-07-17 08:00:00+00:00,0.3188304305076599,0.3247601091861725,0.31821656227111816,0.3207670748233795
2025-07-17 12:00:00+00:00,0.32072147727012634,0.3232405483722687,0.317232221364975,0.32003194093704224
2025-07-17 16:00:00+00:00,0.32004687190055847,0.32221683859825134,0.31201639771461487,0.31785082817077637
2025-07-17 20:00:00+00:00,0.31777849793434143,0.33089208602905273,0.3133818507194519,0.32864779233932495
2025-07-18 00:00:00+00:00,0.3285772502422333,0.3397420048713684,0.3280499577522278,0.33784711360931396
2025-07-18 04:00:00+00:00,0.3378635048866272,0.35299402475357056,0.33718016743659973,0.34494996070861816
2025-07-18 08:00:00+00:00,0.34484875202178955,0.34789368510246277,0.3393832743167877,0.3413395881652832
2025-07-18 12:00:00+00:00,0.3413536250591278,0.34805426001548767,0.3309825658798218,0.3322172164916992
2025-07-18 16:00:00+00:00,0.33216601610183716,0.3374708890914917,0.330495148897171,0.3327747583389282
2025-07-18 20:00:00+00:00,0.3327202796936035,0.3327202796936035,0.3235708177089691,0.3291471004486084
2025-07-19 00:00:00+00:00,0.32920923829078674,0.33224570751190186,0.3208910822868347,0.3321981132030487
2025-07-19 04:00:00+00:00,0.3321959674358368,0.3349812924861908,0.3300234079360962,0.33224865794181824
2025-07-19 08:00:00+00:00,0.33220139145851135,0.33220139145851135,0.324546217918396,0.324704647064209
2025-07-19 12:00:00+00:00,0.32470157742500305,0.3268698751926422,0.32134881615638733,0.325745552778244
2025-07-19 16:00:00+00:00,0.32568690180778503,0.3388849198818207,0.3243800103664398,0.33764639496803284
2025-07-19 20:00:00+00:00,0.3376489281654358,0.3399104177951813,0.33255454897880554,0.3399104177951813
2025-07-20 00:00:00+00:00,0.33968329429626465,0.3421107828617096,0.3364157974720001,0.3400159776210785
2025-07-20 04:00:00+00:00,0.34000781178474426,0.34684303402900696,0.33936238288879395,0.3449220359325409
2025-07-20 08:00:00+00:00,0.3447393774986267,0.35139885544776917,0.34444236755371094,0.3496878743171692
2025-07-20 12:00:00+00:00,0.3497134745121002,0.3556397259235382,0.34698808193206787,0.3556147813796997
2025-07-20 16:00:00+00:00,0.3555324375629425,0.3655058741569519,0.35359856486320496,0.35506588220596313
2025-07-20 20:00:00+00:00,0.35504502058029175,0.35620543360710144,0.3466418981552124,0.3519986569881439
2025-07-21 00:00:00+00:00,0.3520151972770691,0.36051273345947266,0.34517937898635864,0.3603653907775879
2025-07-21 04:00:00+00:00,0.3603324294090271,0.361630380153656,0.3558453619480133,0.35972243547439575
2025-07-21 08:00:00+00:00,0.35963544249534607,0.36206868290901184,0.3555029630661011,0.3593493700027466
2025-07-21 12:00:00+00:00,0.35933196544647217,0.36530256271362305,0.35552990436553955,0.3595001995563507
2025-07-21 16:00:00+00:00,0.35945338010787964,0.35945338010787964,0.3483145833015442,0.3493424952030182
2025-07-21 20:00:00+00:00,0.3493148386478424,0.3555926978588104,0.3490743041038513,0.3535786271095276
2025-07-22 00:00:00+00:00,0.3535948693752289,0.3564976155757904,0.3437991440296173,0.34606271982192993
2025-07-22 04:00:00+00:00,0.3460843563079834,0.34619998931884766,0.338575154542923,0.34334367513656616
2025-07-22 08:00:00+00:00,0.34337812662124634,0.3466021418571472,0.334927499294281,0.34548723697662354
2025-07-22 12:00:00+00:00,0.3454362750053406,0.3506785035133362,0.33957552909851074,0.3479768633842468
2025-07-22 16:00:00+00:00,0.3479178547859192,0.35258111357688904,0.3447316288948059,0.34619140625
2025-07-22 20:00:00+00:00,0.34636375308036804,0.3555620610713959,0.34628817439079285,0.3553297817707062
2025-07-23 00:00:00+00:00,0.3553292751312256,0.3554348051548004,0.34919339418411255,0.3496873676776886
2025-07-23 04:00:00+00:00,0.3496611714363098,0.35588541626930237,0.3485153019428253,0.34927770495414734
2025-07-23 08:00:00+00:00,0.3492436408996582,0.3512420058250427,0.3403233587741852,0.34096217155456543
2025-07-23 12:00:00+00:00,0.34095728397369385,0.34173572063446045,0.3234524428844452,0.3299039602279663
2025-07-23 16:00:00+00:00,0.329918771982193,0.329918771982193,0.31843724846839905,0.32058489322662354
2025-07-23 20:00:00+00:00,0.3206154704093933,0.3206154704093933,0.3070332705974579,0.3148668110370636
2025-07-24 00:00:00+00:00,0.3148285150527954,0.3201427161693573,0.31344425678253174,0.3176390528678894
2025-07-24 04:00:00+00:00,0.3176185190677643,0.31785526871681213,0.29674938321113586,0.3044068515300751
2025-07-24 08:00:00+00:00,0.3044036030769348,0.3136049211025238,0.30419987440109253,0.31360146403312683
2025-07-24 12:00:00+00:00,0.3135576546192169,0.32157403230667114,0.306911438703537,0.3164065182209015
2025-07-24 16:00:00+00:00,0.3164404630661011,0.31803619861602783,0.31073376536369324,0.3150443732738495
2025-07-24 20:00:00+00:00,0.3149420917034149,0.3169962465763092,0.30956074595451355,0.3101418614387512
2025-07-25 00:00:00+00:00,0.3101126551628113,0.3119451403617859,0.30316346883773804,0.30524972081184387
2025-07-25 04:00:00+00:00,0.3052294850349426,0.3089044690132141,0.302058607339859,0.30315205454826355
2025-07-25 08:00:00+00:00,0.3033459782600403,0.31457480788230896,0.3033459782600403,0.31364768743515015
2025-07-25 12:00:00+00:00,0.3136453330516815,0.31520572304725647,0.3034766614437103,0.3070967197418213
2025-07-25 16:00:00+00:00,0.3070761263370514,0.3107004761695862,0.30561399459838867,0.3080107569694519
2025-07-25 20:00:00+00:00,0.3079827129840851,0.31711024045944214,0.3079827129840851,0.31711024045944214
2025-07-26 00:00:00+00:00,0.3171016275882721,0.3187742531299591,0.3147096335887909,0.31738656759262085
2025-07-26 04:00:00+00:00,0.3173423409461975,0.3175676167011261,0.3154105544090271,0.3160232901573181
2025-07-26 08:00:00+00:00,0.3160087764263153,0.31916072964668274,0.3159458041191101,0.31708192825317383
2025-07-26 12:00:00+00:00,0.31708136200904846,0.3199480473995209,0.31583350896835327,0.31837067008018494
2025-07-26 16:00:00+00:00,0.3183780014514923,0.32249727845191956,0.31704792380332947,0.3223619759082794
2025-07-26 20:00:00+00:00,0.322353333234787,0.322353333234787,0.3163393437862396,0.3163393437862396
2025-07-27 00:00:00+00:00,0.31650879979133606,0.32243612408638,0.31643033027648926,0.31953173875808716
2025-07-27 04:00:00+00:00,0.3195256292819977,0.32257816195487976,0.3191807270050049,0.3203083872795105
2025-07-27 08:00:00+00:00,0.3203239142894745,0.3227952718734741,0.31729334592819214,0.3199034631252289
2025-07-27 12:00:00+00:00,0.3199223279953003,0.323494017124176,0.31876468658447266,0.3204232454299927
2025-07-27 16:00:00+00:00,0.320422887802124,0.3239780068397522,0.320422887802124,0.3217497766017914
2025-07-27 20:00:00+00:00,0.32165661454200745,0.32970210909843445,0.3214580714702606,0.327046662569046
2025-07-28 00:00:00+00:00,0.3270381987094879,0.3297507166862488,0.32281312346458435,0.32783401012420654
2025-07-28 04:00:00+00:00,0.32783937454223633,0.3317042291164398,0.3257404565811157,0.32725873589515686
2025-07-28 08:00:00+00:00,0.3273145854473114,0.32777395844459534,0.3229144811630249,0.32403743267059326
2025-07-28 12:00:00+00:00,0.32404300570487976,0.3244669735431671,0.3120068311691284,0.3130711615085602
2025-07-28 16:00:00+00:00,0.31298068165779114,0.31298068165779114,0.30378666520118713,0.30557313561439514
2025-07-28 20:00:00+00:00,0.30559241771698,0.3061181902885437,0.3015402853488922,0.30251267552375793
2025-07-29 00:00:00+00:00,0.3025827705860138,0.3050360381603241,0.29731619358062744,0.30267882347106934
2025-07-29 04:00:00+00:00,0.30268973112106323,0.31231212615966797,0.30247965455055237,0.3119718134403229
2025-07-29 08:00:00+00:00,0.311979204416275,0.3120822012424469,0.30431392788887024,0.3077394962310791
2025-07-29 12:00:00+00:00,0.30775296688079834,0.3108147382736206,0.30064740777015686,0.3033428490161896
2025-07-29 16:00:00+00:00,0.3033519387245178,0.30395519733428955,0.2986484169960022,0.2988189458847046
2025-07-29 20:00:00+00:00,0.29853782057762146,0.3023056387901306,0.29626408219337463,0.3023056387901306
2025-07-30 00:00:00+00:00,0.3023064434528351,0.3026108145713806,0.29763931035995483,0.3005220293998718
2025-07-30 04:00:00+00:00,0.3005291223526001,0.3005460202693939,0.2963099777698517,0.29662325978279114
2025-07-30 08:00:00+00:00,0.29666462540626526,0.29828423261642456,0.28761765360832214,0.28771722316741943
2025-07-30 12:00:00+00:00,0.2877291738986969,0.29661229252815247,0.28766322135925293,0.29417821764945984
2025-07-30 16:00:00+00:00,0.29419374465942383,0.2969474792480469,0.28161153197288513,0.29335322976112366
2025-07-30 20:00:00+00:00,0.2932770848274231,0.2948271930217743,0.29037025570869446,0.2944920063018799
2025-07-31 00:00:00+00:00,0.2944786846637726,0.30186906456947327,0.2944786846637726,0.3017193377017975
2025-07-31 04:00:00+00:00,0.30171942710876465,0.3024272918701172,0.30063655972480774,0.3015689253807068
2025-07-31 08:00:00+00:00,0.3015564978122711,0.30308103561401367,0.29946383833885193,0.29948005080223083
2025-07-31 12:00:00+00:00,0.29947972297668457,0.2996574640274048,0.2891497015953064,0.291578084230423
2025-07-31 16:00:00+00:00,0.29159826040267944,0.2964083254337311,0.2877642512321472,0.2877642512321472
2025-07-31 20:00:00+00:00,0.28781330585479736,0.2878408432006836,0.2789989113807678,0.2801506519317627
2025-08-01 00:00:00+00:00,0.28015458583831787,0.28294670581817627,0.27379271388053894,0.28128376603126526
2025-08-01 04:00:00+00:00,0.28131213784217834,0.2813839614391327,0.27544498443603516,0.27587804198265076
2025-08-01 08:00:00+00:00,0.2758465111255646,0.2773207426071167,0.27229225635528564,0.2771299183368683
2025-08-01 12:00:00+00:00,0.27712854743003845,0.28011438250541687,0.2714677155017853,0.2790818214416504
2025-08-01 16:00:00+00:00,0.27910664677619934,0.2807031273841858,0.2728993892669678,0.278324693441391
2025-08-01 20:00:00+00:00,0.2783474326133728,0.27874305844306946,0.26820021867752075,0.27457407116889954
2025-08-02 00:00:00+00:00,0.2745550870895386,0.27600619196891785,0.2736375033855438,0.27600619196891785
2025-08-02 04:00:00+00:00,0.2760557532310486,0.27720949053764343,0.26984086632728577,0.2749394476413727
2025-08-02 08:00:00+00:00,0.274951308965683,0.27524814009666443,0.26977357268333435,0.2722185254096985
2025-08-02 12:00:00+00:00,0.27220621705055237,0.27298176288604736,0.2670728862285614,0.2670728862285614
2025-08-02 16:00:00+00:00,0.267111599445343,0.26979467272758484,0.26339030265808105,0.2662312388420105
2025-08-02 20:00:00+00:00,0.2662200331687927,0.26811346411705017,0.2644781470298767,0.2668387293815613
2025-08-03 00:00:00+00:00,0.2668386697769165,0.2725491225719452,0.264263778924942,0.2714226245880127
2025-08-03 04:00:00+00:00,0.2714262008666992,0.27343064546585083,0.2705620527267456,0.2733795940876007
2025-08-03 08:00:00+00:00,0.2734048366546631,0.2769927382469177,0.2731201648712158,0.2765654921531677
2025-08-03 12:00:00+00:00,0.2763783633708954,0.27719154953956604,0.27476951479911804,0.2770981788635254
2025-08-03 16:00:00+00:00,0.27729466557502747,0.2779332995414734,0.2756545841693878,0.2769310176372528
2025-08-03 20:00:00+00:00,0.27693551778793335,0.2785218060016632,0.27632105350494385,0.27800893783569336
2025-08-04 00:00:00+00:00,0.2780032455921173,0.2832426130771637,0.27791041135787964,0.27993616461753845
2025-08-04 04:00:00+00:00,0.2799293100833893,0.2820863723754883,0.2783099412918091,0.2820218503475189
2025-08-04 08:00:00+00:00,0.2820456027984619,0.2829660475254059,0.2794141173362732,0.27966737747192383
2025-08-04 12:00:00+00:00,0.27967774868011475,0.2852085828781128,0.2788962721824646,0.2839217483997345
2025-08-04 16:00:00+00:00,0.2840879261493683,0.2885216176509857,0.2833758294582367,0.28374892473220825
2025-08-04 20:00:00+00:00,0.2837720811367035,0.28935322165489197,0.28359121084213257,0.28845858573913574
2025-08-05 00:00:00+00:00,0.2887152135372162,0.28959885239601135,0.2835387587547302,0.28354084491729736
2025-08-05 04:00:00+00:00,0.28342482447624207,0.2849769592285156,0.2785149812698364,0.27889686822891235
2025-08-05 08:00:00+00:00,0.27884507179260254,0.28802424669265747,0.27870067954063416,0.28760218620300293
2025-08-05 12:00:00+00:00,0.28757694363594055,0.2876286208629608,0.2761286795139313,0.2761286795139313
2025-08-05 16:00:00+00:00,0.27613893151283264,0.27861931920051575,0.27444884181022644,0.27480295300483704
2025-08-05 20:00:00+00:00,0.27478671073913574,0.27795538306236267,0.27246156334877014,0.27746668457984924
2025-08-06 00:00:00+00:00,0.277579128742218,0.2775821387767792,0.27146002650260925,0.2724222242832184
2025-08-06 04:00:00+00:00,0.2724265158176422,0.27973878383636475,0.2707267999649048,0.27973878383636475
2025-08-06 08:00:00+00:00,0.2797999382019043,0.27981507778167725,0.2768041491508484,0.27739766240119934
2025-08-06 12:00:00+00:00,0.277407705783844,0.28244680166244507,0.2751966714859009,0.28244680166244507
2025-08-06 16:00:00+00:00,0.28256163001060486,0.283761203289032,0.28007325530052185,0.2822001278400421
2025-08-06 20:00:00+00:00,0.2821880877017975,0.2829447090625763,0.2814016342163086,0.2817592918872833
2025-08-07 00:00:00+00:00,0.2817562520503998,0.284742146730423,0.2800874710083008,0.2804976999759674
2025-08-07 04:00:00+00:00,0.28049495816230774,0.283833384513855,0.2801617980003357,0.2833343744277954
2025-08-07 08:00:00+00:00,0.28333356976509094,0.29230669140815735,0.282768189907074,0.29205530881881714
2025-08-07 12:00:00+00:00,0.2920597791671753,0.29258257150650024,0.28830522298812866,0.2897547781467438
2025-08-07 16:00:00+00:00,0.2897670269012451,0.290053129196167,0.28483569622039795,0.28940117359161377
2025-08-07 20:00:00+00:00,0.28936487436294556,0.2960798144340515,0.28936487436294556,0.2960735559463501
2025-08-08 00:00:00+00:00,0.2960636019706726,0.299430787563324,0.293658047914505,0.29682525992393494
2025-08-08 04:00:00+00:00,0.29684415459632874,0.29843100905418396,0.29439061880111694,0.2982690930366516
2025-08-08 08:00:00+00:00,0.2982631027698517,0.299847275018692,0.29683125019073486,0.2997155785560608
2025-08-08 12:00:00+00:00,0.2997046113014221,0.30315855145454407,0.29512903094291687,0.2964276373386383
2025-08-08 16:00:00+00:00,0.2964547276496887,0.30510950088500977,0.2964547276496887,0.3035953640937805
2025-08-08 20:00:00+00:00,0.30358442664146423,0.3045625388622284,0.3027237057685852,0.30317744612693787
2025-08-09 00:00:00+00:00,0.3031761646270752,0.3056796193122864,0.3031761646270752,0.30489206314086914
2025-08-09 04:00:00+00:00,0.3048953115940094,0.31239911913871765,0.304504930973053,0.31238123774528503
2025-08-09 08:00:00+00:00,0.3126313090324402,0.3140181601047516,0.31180328130722046,0.31340447068214417
2025-08-09 12:00:00+00:00,0.3134434223175049,0.31574076414108276,0.31103387475013733,0.31213104724884033
2025-08-09 16:00:00+00:00,0.3121156394481659,0.3153907358646393,0.3121156394481659,0.3141392469406128
2025-08-09 20:00:00+00:00,0.3141556978225708,0.316462904214859,0.31246110796928406,0.3126834034919739
2025-08-10 00:00:00+00:00,0.312677264213562,0.31586754322052,0.31163984537124634,0.3150286376476288
2025-08-10 04:00:00+00:00,0.31508883833885193,0.3180418610572815,0.3049728274345398,0.30521079897880554
2025-08-10 08:00:00+00:00,0.30518674850463867,0.307687908411026,0.3025650084018707,0.303737610578537
2025-08-10 12:00:00+00:00,0.3037315905094147,0.3081428110599518,0.3025427758693695,0.30766549706459045
2025-08-10 16:00:00+00:00,0.30764147639274597,0.31100913882255554,0.30720677971839905,0.31008508801460266
2025-08-10 20:00:00+00:00,0.309635728597641,0.3096805512905121,0.3048399090766907,0.30860382318496704
2025-08-11 00:00:00+00:00,0.3084193468093872,0.31703615188598633,0.3063986003398895,0.31501707434654236
2025-08-11 04:00:00+00:00,0.31501707434654236,0.3165293335914612,0.3060606122016907,0.30607324838638306
2025-08-11 08:00:00+00:00,0.3060758709907532,0.3076738119125366,0.29630663990974426,0.2968181371688843
2025-08-11 12:00:00+00:00,0.296830415725708,0.29997020959854126,0.2938694357872009,0.2998161315917969
2025-08-11 16:00:00+00:00,0.29983827471733093,0.30487868189811707,0.296271413564682,0.2963257133960724
2025-08-11 20:00:00+00:00,0.29634541273117065,0.2970156967639923,0.28931382298469543,0.2927384078502655
2025-08-12 00:00:00+00:00,0.2927398681640625,0.2961633503437042,0.2916027009487152,0.293434202671051
2025-08-12 04:00:00+00:00,0.29342591762542725,0.2945747375488281,0.2905207574367523,0.2945161461830139
2025-08-12 08:00:00+00:00,0.29453137516975403,0.2945650517940521,0.2880498468875885,0.2903885245323181
2025-08-12 12:00:00+00:00,0.2904082238674164,0.3033628463745117,0.289730429649353,0.3033628463745117
2025-08-12 16:00:00+00:00,0.30339330434799194,0.31002673506736755,0.3031946122646332,0.30975794792175293
2025-08-12 20:00:00+00:00,0.3098554313182831,0.31283941864967346,0.30922767519950867,0.31001797318458557
2025-08-13 00:00:00+00:00,0.31002411246299744,0.3129456639289856,0.3056914210319519,0.3122432231903076
2025-08-13 04:00:00+00:00,0.31221461296081543,0.3131127655506134,0.3070649802684784,0.31037652492523193
2025-08-13 08:00:00+00:00,0.3103972375392914,0.3184397518634796,0.3103972375392914,0.3166620433330536
2025-08-13 12:00:00+00:00,0.3166617453098297,0.3212783932685852,0.3142072260379791,0.3164784014225006
2025-08-13 16:00:00+00:00,0.3165084719657898,0.3191046714782715,0.31584256887435913,0.318722128868103
2025-08-13 20:00:00+00:00,0.3188285231590271,0.3225261867046356,0.31699562072753906,0.32059237360954285
2025-08-14 00:00:00+00:00,0.32056960463523865,0.3261961340904236,0.3179399371147156,0.32488757371902466
2025-08-14 04:00:00+00:00,0.3248838484287262,0.32555529475212097,0.315387099981308,0.3171231746673584
2025-08-14 08:00:00+00:00,0.31713610887527466,0.3171623945236206,0.3105296790599823,0.31133320927619934
2025-08-14 12:00:00+00:00,0.31132566928863525,0.3127071261405945,0.29403069615364075,0.29685327410697937
2025-08-14 16:00:00+00:00,0.29684528708457947,0.29684528708457947,0.28933942317962646,0.2914595901966095
2025-08-14 20:00:00+00:00,0.29144003987312317,0.29144003987312317,0.28569579124450684,0.2905941903591156
2025-08-15 00:00:00+00:00,0.2906169593334198,0.2960438132286072,0.2897564172744751,0.2951270341873169
2025-08-15 04:00:00+00:00,0.2951072156429291,0.29821574687957764,0.29334309697151184,0.2960110306739807
2025-08-15 08:00:00+00:00,0.2960227429866791,0.29631665349006653,0.2921124994754791,0.29261964559555054
2025-08-15 12:00:00+00:00,0.2926021218299866,0.29374584555625916,0.2810390293598175,0.2823445200920105
2025-08-15 16:00:00+00:00,0.28231045603752136,0.2862430214881897,0.28017204999923706,0.2832185924053192
2025-08-15 20:00:00+00:00,0.28321391344070435,0.29058119654655457,0.28317320346832275,0.28865548968315125
2025-08-16 00:00:00+00:00,0.2886742651462555,0.2919551134109497,0.2886742651462555,0.29054489731788635
2025-08-16 04:00:00+00:00,0.29050731658935547,0.29333314299583435,0.2900814712047577,0.29326242208480835
2025-08-16 08:00:00+00:00,0.293235182762146,0.29494109749794006,0.29122135043144226,0.29239997267723083
2025-08-16 12:00:00+00:00,0.29239097237586975,0.3012576103210449,0.291708379983902,0.2997478246688843
2025-08-16 16:00:00+00:00,0.29974111914634705,0.3000016510486603,0.29520177841186523,0.29612812399864197
2025-08-16 20:00:00+00:00,0.29606571793556213,0.2986593544483185,0.2958371341228485,0.2967715263366699
2025-08-17 00:00:00+00:00,0.2968966066837311,0.2986411452293396,0.2955133318901062,0.2981659770011902
2025-08-17 04:00:00+00:00,0.2981720566749573,0.30005159974098206,0.29775336384773254,0.29890310764312744
2025-08-17 08:00:00+00:00,0.2989068031311035,0.3023233413696289,0.2989068031311035,0.3017522394657135
2025-08-17 12:00:00+00:00,0.30177536606788635,0.30450767278671265,0.30015674233436584,0.30450767278671265
2025-08-17 16:00:00+00:00,0.3044773042201996,0.30579888820648193,0.29736438393592834,0.29736438393592834
2025-08-17 20:00:00+00:00,0.2973775863647461,0.29955074191093445,0.29606935381889343,0.29606935381889343
2025-08-18 00:00:00+00:00,0.29603707790374756,0.29603707790374756,0.2834097146987915,0.28455469012260437
2025-08-18 04:00:00+00:00,0.28458619117736816,0.28859180212020874,0.2823970317840576,0.28368866443634033
2025-08-18 08:00:00+00:00,0.283690869808197,0.2859231233596802,0.2806740701198578,0.2854306399822235
2025-08-18 12:00:00+00:00,0.2854509651660919,0.2891840636730194,0.2840372323989868,0.28646793961524963
2025-08-18 16:00:00+00:00,0.28651687502861023,0.28936609625816345,0.2846551239490509,0.2873743772506714
2025-08-18 20:00:00+00:00,0.28736114501953125,0.2913460433483124,0.2860969603061676,0.28631091117858887
2025-08-19 00:00:00+00:00,0.2863808274269104,0.2897481918334961,0.2807798981666565,0.28095391392707825
2025-08-19 04:00:00+00:00,0.28094956278800964,0.28271883726119995,0.278712660074234,0.280315637588501
2025-08-19 08:00:00+00:00,0.28052762150764465,0.28558096289634705,0.2790566086769104,0.28552165627479553
2025-08-19 12:00:00+00:00,0.285519003868103,0.2856749892234802,0.27755337953567505,0.27859267592430115
2025-08-19 16:00:00+00:00,0.2785966098308563,0.2785966098308563,0.2723960876464844,0.27497169375419617
2025-08-19 20:00:00+00:00,0.27496108412742615,0.2764724791049957,0.27190566062927246,0.27190566062927246
2025-08-20 00:00:00+00:00,0.27191200852394104,0.2768835723400116,0.27191200852394104,0.27538004517555237
2025-08-20 04:00:00+00:00,0.27538302540779114,0.278219074010849,0.27538302540779114,0.2768692076206207
2025-08-20 08:00:00+00:00,0.2768673896789551,0.2798396944999695,0.2749469578266144,0.27753394842147827
2025-08-20 12:00:00+00:00,0.2779941260814667,0.283132404088974,0.2732824683189392,0.2803121507167816
2025-08-20 16:00:00+00:00,0.28028836846351624,0.28506091237068176,0.2796720862388611,0.28506091237068176
2025-08-20 20:00:00+00:00,0.2851058542728424,0.28589287400245667,0.28419044613838196,0.2849791646003723
2025-08-21 00:00:00+00:00,0.2852250635623932,0.28660908341407776,0.2833732068538666,0.28483033180236816
2025-08-21 04:00:00+00:00,0.2848258316516876,0.2854727506637573,0.2817816734313965,0.2834446430206299
2025-08-21 08:00:00+00:00,0.28343597054481506,0.28347447514533997,0.27874380350112915,0.2792259454727173
2025-08-21 12:00:00+00:00,0.2794075012207031,0.2818947732448578,0.27678006887435913,0.27678006887435913
2025-08-21 16:00:00+00:00,0.27676382660865784,0.2798863351345062,0.27593570947647095,0.2766534686088562
2025-08-21 20:00:00+00:00,0.2766588628292084,0.279906690120697,0.2760806679725647,0.27696946263313293
2025-08-22 00:00:00+00:00,0.27697381377220154,0.2798246741294861,0.275455117225647,0.2760736644268036
2025-08-22 04:00:00+00:00,0.2760900855064392,0.27888137102127075,0.2760900855064392,0.27883490920066833
2025-08-22 08:00:00+00:00,0.27882328629493713,0.27906569838523865,0.27316057682037354,0.2732935845851898
2025-08-22 12:00:00+00:00,0.27328112721443176,0.2929857671260834,0.26869696378707886,0.29213404655456543
2025-08-22 16:00:00+00:00,0.2921769917011261,0.3073124587535858,0.29159846901893616,0.3057715594768524
2025-08-22 20:00:00+00:00,0.30584731698036194,0.3093329071998596,0.30527275800704956,0.30687272548675537
2025-08-23 00:00:00+00:00,0.3068562150001526,0.3077976405620575,0.29704996943473816,0.30039316415786743
2025-08-23 04:00:00+00:00,0.30033233761787415,0.30663001537323,0.3000338673591614,0.3023828864097595
2025-08-23 08:00:00+00:00,0.30262359976768494,0.30446964502334595,0.3015033006668091,0.30157721042633057
2025-08-23 12:00:00+00:00,0.3015742301940918,0.30364903807640076,0.3007245659828186,0.30216044187545776
2025-08-23 16:00:00+00:00,0.30215686559677124,0.30637383460998535,0.3011462390422821,0.30637383460998535
2025-08-23 20:00:00+00:00,0.3063742220401764,0.30640795826911926,0.30335426330566406,0.3048052191734314
2025-08-24 00:00:00+00:00,0.30490627884864807,0.3056001663208008,0.29981207847595215,0.3010638952255249
2025-08-24 04:00:00+00:00,0.30106350779533386,0.3011814057826996,0.29442980885505676,0.2950533330440521
2025-08-24 08:00:00+00:00,0.2950863838195801,0.2959943413734436,0.2909812331199646,0.2923130989074707
2025-08-24 12:00:00+00:00,0.2923128306865692,0.29659757018089294,0.2921574115753174,0.2945152819156647
2025-08-24 16:00:00+00:00,0.2945161759853363,0.31194573640823364,0.29298532009124756,0.3004734218120575
2025-08-24 20:00:00+00:00,0.30061182379722595,0.30269813537597656,0.29483720660209656,0.29822802543640137
2025-08-25 00:00:00+00:00,0.2982414662837982,0.3022850453853607,0.29283618927001953,0.30138906836509705
2025-08-25 04:00:00+00:00,0.3013432025909424,0.3016437590122223,0.2861159145832062,0.2864508330821991
2025-08-25 08:00:00+00:00,0.28645387291908264,0.28699126839637756,0.2820393741130829,0.28556028008461
2025-08-25 12:00:00+00:00,0.2855716943740845,0.2874275743961334,0.28345924615859985,0.2851027846336365
2025-08-25 16:00:00+00:00,0.28510624170303345,0.2868766188621521,0.27884918451309204,0.27884986996650696
2025-08-25 20:00:00+00:00,0.27878502011299133,0.27878502011299133,0.270237535238266,0.27488136291503906
2025-08-26 00:00:00+00:00,0.27485424280166626,0.27970144152641296,0.272947758436203,0.27804848551750183
2025-08-26 04:00:00+00:00,0.2780401408672333,0.282546728849411,0.27784693241119385,0.28164705634117126
2025-08-26 08:00:00+00:00,0.28163230419158936,0.28163230419158936,0.27708935737609863,0.2777591943740845
2025-08-26 12:00:00+00:00,0.2777727544307709,0.28517088294029236,0.2769990563392639,0.28323206305503845
2025-08-26 16:00:00+00:00,0.28323760628700256,0.28865545988082886,0.28278031945228577,0.2886199355125427
2025-08-26 20:00:00+00:00,0.2885938882827759,0.2905406653881073,0.28755253553390503,0.28786036372184753
2025-08-27 00:00:00+00:00,0.2878917455673218,0.28907251358032227,0.2852018177509308,0.2890509366989136
2025-08-27 04:00:00+00:00,0.28907203674316406,0.2905620336532593,0.28548744320869446,0.2861441969871521
2025-08-27 08:00:00+00:00,0.2861562669277191,0.2874378263950348,0.2851809561252594,0.28711292147636414
2025-08-27 12:00:00+00:00,0.28708717226982117,0.2896064817905426,0.2852732539176941,0.28816017508506775
2025-08-27 16:00:00+00:00,0.2881568968296051,0.2906530201435089,0.2865951657295227,0.28742530941963196
2025-08-27 20:00:00+00:00,0.2874283790588379,0.29078230261802673,0.2852386236190796,0.2857123613357544
2025-08-28 00:00:00+00:00,0.2857280373573303,0.29115769267082214,0.28463035821914673,0.2911524176597595
2025-08-28 04:00:00+00:00,0.2911692261695862,0.29396679997444153,0.2902049124240875,0.2911946475505829
2025-08-28 08:00:00+00:00,0.29119232296943665,0.29378658533096313,0.2899147570133209,0.2908307611942291
2025-08-28 12:00:00+00:00,0.29083237051963806,0.2963227927684784,0.29080888628959656,0.291890412569046
2025-08-28 16:00:00+00:00,0.29189637303352356,0.2933729290962219,0.2880842387676239,0.2884155213832855
2025-08-28 20:00:00+00:00,0.28841733932495117,0.2960621416568756,0.2878361642360687,0.29599374532699585
2025-08-29 00:00:00+00:00,0.2960030138492584,0.2965541183948517,0.29161861538887024,0.2947353720664978
2025-08-29 04:00:00+00:00,0.2947251796722412,0.2948983311653137,0.28517016768455505,0.28517016768455505
2025-08-29 08:00:00+00:00,0.2851470410823822,0.28540727496147156,0.28034013509750366,0.28347060084342957
2025-08-29 12:00:00+00:00,0.2834738492965698,0.28783467411994934,0.2814241945743561,0.28276950120925903
2025-08-29 16:00:00+00:00,0.282768189907074,0.2831498980522156,0.2780751585960388,0.2815413773059845
2025-08-29 20:00:00+00:00,0.2815346121788025,0.2833476662635803,0.27957966923713684,0.283123254776001
2025-08-30 00:00:00+00:00,0.28310588002204895,0.28726664185523987,0.27878066897392273,0.2867523431777954
2025-08-30 04:00:00+00:00,0.2867601811885834,0.28770264983177185,0.28532642126083374,0.28759241104125977
2025-08-30 08:00:00+00:00,0.2875955402851105,0.2876296937465668,0.28389039635658264,0.28572073578834534
2025-08-30 12:00:00+00:00,0.2857145071029663,0.2857145071029663,0.2796986997127533,0.28484323620796204
2025-08-30 16:00:00+00:00,0.2848440408706665,0.2854224741458893,0.28207623958587646,0.28314775228500366
2025-08-30 20:00:00+00:00,0.2831483483314514,0.2853168845176697,0.28248733282089233,0.28514519333839417
2025-08-31 00:00:00+00:00,0.28514787554740906,0.30194219946861267,0.28514787554740906,0.29922330379486084
2025-08-31 04:00:00+00:00,0.2993045449256897,0.29953038692474365,0.29253971576690674,0.2932877540588379
2025-08-31 08:00:00+00:00,0.29328659176826477,0.2975523769855499,0.29177314043045044,0.2935076057910919
2025-08-31 12:00:00+00:00,0.29351189732551575,0.2959628999233246,0.28984373807907104,0.29283958673477173
2025-08-31 16:00:00+00:00,0.2928292155265808,0.2928292155265808,0.2912936508655548,0.2917589545249939
2025-08-31 20:00:00+00:00,0.29176491498947144,0.2944437265396118,0.2878395915031433,0.28784608840942383
2025-09-01 00:00:00+00:00,0.2878440320491791,0.28866150975227356,0.28339478373527527,0.2849336862564087
2025-09-01 04:00:00+00:00,0.2849157750606537,0.29001671075820923,0.2793245017528534,0.29001671075820923
2025-09-01 08:00:00+00:00,0.29008951783180237,0.2929353713989258,0.2883627414703369,0.2894091010093689
2025-09-01 12:00:00+00:00,0.289363294839859,0.2985289990901947,0.2885873317718506,0.2886141538619995
2025-09-01 16:00:00+00:00,0.28861385583877563,0.2889764904975891,0.28512006998062134,0.28854724764823914
2025-09-01 20:00:00+00:00,0.2885599732398987,0.2889457643032074,0.2806623876094818,0.2869820296764374
2025-09-02 00:00:00+00:00,0.2870221734046936,0.294327050447464,0.28627437353134155,0.294327050447464
2025-09-02 04:00:00+00:00,0.294340044260025,0.3021508753299713,0.294231116771698,0.2963503897190094
2025-09-02 08:00:00+00:00,0.2963651716709137,0.3040104806423187,0.29591819643974304,0.3003271520137787
2025-09-02 12:00:00+00:00,0.3003677725791931,0.30404242873191833,0.29368856549263,0.2966989576816559
2025-09-02 16:00:00+00:00,0.2967166602611542,0.30175459384918213,0.2956114709377289,0.2960081398487091
2025-09-02 20:00:00+00:00,0.2960459589958191,0.30165794491767883,0.2958340048789978,0.2999601662158966
2025-09-03 00:00:00+00:00,0.2999872863292694,0.3055412769317627,0.29950854182243347,0.30270493030548096
2025-09-03 04:00:00+00:00,0.3027021288871765,0.303568571805954,0.29821333289146423,0.29888370633125305
2025-09-03 08:00:00+00:00,0.29947352409362793,0.30520567297935486,0.29947352409362793,0.3051137626171112
2025-09-03 12:00:00+00:00,0.3051927089691162,0.3115905523300171,0.30244168639183044,0.3095031678676605
2025-09-03 16:00:00+00:00,0.30948787927627563,0.31127554178237915,0.30841484665870667,0.3097960352897644
2025-09-03 20:00:00+00:00,0.3098025321960449,0.312247633934021,0.3088090419769287,0.3115418553352356
2025-09-04 00:00:00+00:00,0.31156274676322937,0.3163696825504303,0.3048742413520813,0.3048742413520813
2025-09-04 04:00:00+00:00,0.30486857891082764,0.3056735098361969,0.29970166087150574,0.3006623387336731
2025-09-04 08:00:00+00:00,0.30071043968200684,0.3042052090167999,0.29965439438819885,0.30097758769989014
2025-09-04 12:00:00+00:00,0.30098751187324524,0.30248114466667175,0.2967339754104614,0.2987125515937805
2025-09-04 16:00:00+00:00,0.29869115352630615,0.2998685836791992,0.29486316442489624,0.29517966508865356
2025-09-04 20:00:00+00:00,0.29517677426338196,0.3002801537513733,0.29517677426338196,0.29800722002983093
2025-09-05 00:00:00+00:00,0.29785212874412537,0.30283674597740173,0.29785212874412537,0.3022316098213196
2025-09-05 04:00:00+00:00,0.3022885322570801,0.3146383464336395,0.30161258578300476,0.3146383464336395
2025-09-05 08:00:00+00:00,0.31468960642814636,0.32499247789382935,0.3131331503391266,0.3228295147418976
2025-09-05 12:00:00+00:00,0.322841614484787,0.32990849018096924,0.31794092059135437,0.3193402588367462
2025-09-05 16:00:00+00:00,0.3193463385105133,0.32118383049964905,0.3164558410644531,0.32040175795555115
2025-09-05 20:00:00+00:00,0.3204455077648163,0.32333657145500183,0.3182547986507416,0.31895798444747925
2025-09-06 00:00:00+00:00,0.31895044445991516,0.3195347189903259,0.3152455985546112,0.315259724855423
2025-09-06 04:00:00+00:00,0.3152630031108856,0.31714823842048645,0.31312841176986694,0.3158687949180603
2025-09-06 08:00:00+00:00,0.3160426616668701,0.3160979747772217,0.31206512451171875,0.31255093216896057
2025-09-06 12:00:00+00:00,0.31256580352783203,0.3146343529224396,0.31139644980430603,0.31265953183174133
2025-09-06 16:00:00+00:00,0.31264394521713257,0.3157249391078949,0.31260034441947937,0.31283116340637207
2025-09-06 20:00:00+00:00,0.31279245018959045,0.3152940273284912,0.3124631643295288,0.31443116068840027
2025-09-07 00:00:00+00:00,0.3144291043281555,0.33045074343681335,0.3144291043281555,0.32727953791618347
2025-09-07 04:00:00+00:00,0.32728734612464905,0.3315899968147278,0.326946496963501,0.32827556133270264
2025-09-07 08:00:00+00:00,0.3282783329486847,0.33017605543136597,0.3257814049720764,0.32639992237091064
2025-09-07 12:00:00+00:00,0.326401025056839,0.32645851373672485,0.32280537486076355,0.3230055272579193
2025-09-07 16:00:00+00:00,0.32300809025764465,0.32438185811042786,0.3215423822402954,0.3219556212425232
2025-09-07 20:00:00+00:00,0.3219583034515381,0.32502102851867676,0.3212085962295532,0.32270944118499756
2025-09-08 00:00:00+00:00,0.32249608635902405,0.3270072340965271,0.3213609755039215,0.3256380558013916
2025-09-08 04:00:00+00:00,0.325711190700531,0.3273530602455139,0.3243785798549652,0.3252964913845062
2025-09-08 08:00:00+00:00,0.32541799545288086,0.33092233538627625,0.3252866566181183,0.32915765047073364
2025-09-08 12:00:00+00:00,0.32915765047073364,0.3307666778564453,0.3266628384590149,0.32866522669792175
2025-09-08 16:00:00+00:00,0.32867950201034546,0.3289949297904968,0.32598480582237244,0.326468825340271
2025-09-08 20:00:00+00:00,0.3264806866645813,0.3278287947177887,0.32427141070365906,0.32631349563598633
2025-09-09 00:00:00+00:00,0.3262830376625061,0.3308437168598175,0.3204554319381714,0.32438355684280396
2025-09-09 04:00:00+00:00,0.3244093954563141,0.3315613269805908,0.32281652092933655,0.3302624821662903
2025-09-09 08:00:00+00:00,0.33027979731559753,0.3331036865711212,0.3277709186077118,0.3285062313079834
2025-09-09 12:00:00+00:00,0.32850754261016846,0.3289231061935425,0.3168013393878937,0.31803956627845764
2025-09-09 16:00:00+00:00,0.3180543780326843,0.32121285796165466,0.3169728219509125,0.3210257291793823
2025-09-09 20:00:00+00:00,0.32104387879371643,0.32201868295669556,0.3193144202232361,0.32052189111709595
2025-09-10 00:00:00+00:00,0.3205259144306183,0.32260817289352417,0.3168410658836365,0.322243869304657
2025-09-10 04:00:00+00:00,0.32226866483688354,0.322435200214386,0.31898263096809387,0.3190353810787201
2025-09-10 08:00:00+00:00,0.31902867555618286,0.3197786808013916,0.31697067618370056,0.3181498646736145
2025-09-10 12:00:00+00:00,0.318112313747406,0.32594674825668335,0.3179668188095093,0.3238203525543213
2025-09-10 16:00:00+00:00,0.32406681776046753,0.32408180832862854,0.3160015940666199,0.31713560223579407
2025-09-10 20:00:00+00:00,0.3171474039554596,0.32102200388908386,0.3171474039554596,0.32020819187164307
2025-09-11 00:00:00+00:00,0.3203788995742798,0.3247484266757965,0.3202713131904602,0.32473325729370117
2025-09-11 04:00:00+00:00,0.3248904049396515,0.329322874546051,0.32253149151802063,0.3256802260875702
2025-09-11 08:00:00+00:00,0.3256972134113312,0.3276600241661072,0.3219035863876343,0.32191163301467896
2025-09-11 12:00:00+00:00,0.32191038131713867,0.3247034251689911,0.31854918599128723,0.31947842240333557
2025-09-11 16:00:00+00:00,0.31926199793815613,0.3221501111984253,0.3185478448867798,0.32193470001220703
2025-09-11 20:00:00+00:00,0.3219316303730011,0.3261939287185669,0.3219316303730011,0.32494714856147766
2025-09-12 00:00:00+00:00,0.32494714856147766,0.3276169002056122,0.32189908623695374,0.32298070192337036
2025-09-12 04:00:00+00:00,0.32297298312187195,0.3261229395866394,0.32236966490745544,0.3242112994194031
2025-09-12 08:00:00+00:00,0.32419905066490173,0.32423850893974304,0.31973108649253845,0.31973108649253845
2025-09-12 12:00:00+00:00,0.31973668932914734,0.32314345240592957,0.3185165226459503,0.3216138482093811
2025-09-12 16:00:00+00:00,0.32168763875961304,0.33362749218940735,0.3216860294342041,0.3334175944328308
2025-09-12 20:00:00+00:00,0.33343490958213806,0.33473652601242065,0.33150720596313477,0.33364880084991455
2025-09-13 00:00:00+00:00,0.3336503803730011,0.3373393416404724,0.3326681852340698,0.3365600109100342
2025-09-13 04:00:00+00:00,0.33655357360839844,0.3389757573604584,0.33466866612434387,0.33789509534835815
2025-09-13 08:00:00+00:00,0.337886244058609,0.35273846983909607,0.3377831280231476,0.35272112488746643
2025-09-13 12:00:00+00:00,0.35283076763153076,0.3609088659286499,0.35008329153060913,0.35969847440719604
2025-09-13 16:00:00+00:00,0.3596968352794647,0.38910406827926636,0.357584148645401,0.37757712602615356
2025-09-13 20:00:00+00:00,0.3776233196258545,0.3784129321575165,0.36890271306037903,0.36890271306037903
2025-09-14 00:00:00+00:00,0.3688674867153168,0.3688674867153168,0.3590509593486786,0.36050716042518616
2025-09-14 04:00:00+00:00,0.360556960105896,0.36490216851234436,0.3544636070728302,0.3569587767124176
2025-09-14 08:00:00+00:00,0.3568497896194458,0.35998761653900146,0.3518142104148865,0.3518175482749939
2025-09-14 12:00:00+00:00,0.3518925607204437,0.35258111357688904,0.34443482756614685,0.34564143419265747
2025-09-14 16:00:00+00:00,0.34565311670303345,0.3506336510181427,0.34565311670303345,0.34885480999946594
2025-09-14 20:00:00+00:00,0.34884974360466003,0.3528244197368622,0.34766775369644165,0.3499676585197449
2025-09-15 00:00:00+00:00,0.34995517134666443,0.3637247681617737,0.349878191947937,0.35931912064552307
2025-09-15 04:00:00+00:00,0.3593052327632904,0.3600642681121826,0.34731125831604004,0.34731125831604004
2025-09-15 08:00:00+00:00,0.34701216220855713,0.34701216220855713,0.33802369236946106,0.339156836271286
2025-09-15 12:00:00+00:00,0.33920207619667053,0.34029531478881836,0.33057525753974915,0.3323724865913391
2025-09-15 16:00:00+00:00,0.33233121037483215,0.33345240354537964,0.3294752836227417,0.33237627148628235
2025-09-15 20:00:00+00:00,0.3326074182987213,0.3345097005367279,0.3326074182987213,0.3332327902317047
2025-09-16 00:00:00+00:00,0.33453118801116943,0.3367061913013458,0.3330002725124359,0.33336904644966125
2025-09-16 04:00:00+00:00,0.3330208659172058,0.3370819389820099,0.3307007849216461,0.3370700776576996
2025-09-16 08:00:00+00:00,0.33707043528556824,0.3417122960090637,0.33707043528556824,0.34062740206718445
2025-09-16 12:00:00+00:00,0.3406316041946411,0.34372851252555847,0.33643481135368347,0.34155693650245667
2025-09-16 16:00:00+00:00,0.3415849208831787,0.34680184721946716,0.3398680090904236,0.34680184721946716
2025-09-16 20:00:00+00:00,0.34680822491645813,0.3520248234272003,0.345159113407135,0.34594741463661194
2025-09-17 00:00:00+00:00,0.3456142246723175,0.34753066301345825,0.34190884232521057,0.3420267105102539
2025-09-17 04:00:00+00:00,0.3418220579624176,0.3431278467178345,0.3388107419013977,0.34278440475463867
2025-09-17 08:00:00+00:00,0.34279710054397583,0.3428535461425781,0.33403855562210083,0.3357401490211487
2025-09-17 12:00:00+00:00,0.33572593331336975,0.33686473965644836,0.33410897850990295,0.33412548899650574
2025-09-17 16:00:00+00:00,0.3341079652309418,0.34483373165130615,0.3321358859539032,0.34483373165130615
2025-09-17 20:00:00+00:00,0.34484127163887024,0.3542245328426361,0.3394647538661957,0.3499266505241394
2025-09-18 00:00:00+00:00,0.34992077946662903,0.3531665503978729,0.3475671410560608,0.35230955481529236
2025-09-18 04:00:00+00:00,0.3522791862487793,0.35237956047058105,0.3446289896965027,0.3469065725803375
2025-09-18 08:00:00+00:00,0.3468876779079437,0.34921136498451233,0.3414202928543091,0.34144535660743713
2025-09-18 12:00:00+00:00,0.34171727299690247,0.3472767770290375,0.3410428762435913,0.3461848497390747
2025-09-18 16:00:00+00:00,0.3461611270904541,0.34977030754089355,0.345218688249588,0.34814774990081787
2025-09-18 20:00:00+00:00,0.34815290570259094,0.34858590364456177,0.3424617648124695,0.3442421853542328
2025-09-19 00:00:00+00:00,0.3442581295967102,0.3492377996444702,0.33789873123168945,0.3384004831314087
2025-09-19 04:00:00+00:00,0.3383830189704895,0.34012162685394287,0.3347283899784088,0.3348708748817444
2025-09-19 08:00:00+00:00,0.33484598994255066,0.33565831184387207,0.3267560303211212,0.32792535424232483
2025-09-19 12:00:00+00:00,0.32791292667388916,0.3304198980331421,0.32405996322631836,0.3265760540962219
2025-09-19 16:00:00+00:00,0.32647430896759033,0.3282618820667267,0.3237682580947876,0.3249327838420868
2025-09-19 20:00:00+00:00,0.3249281644821167,0.3275241553783417,0.32232651114463806,0.32455042004585266
2025-09-20 00:00:00+00:00,0.32459092140197754,0.32741913199424744,0.32259294390678406,0.32661497592926025
2025-09-20 04:00:00+00:00,0.32660773396492004,0.32982462644577026,0.3258616328239441,0.32947930693626404
2025-09-20 08:00:00+00:00,0.3294675350189209,0.329493910074234,0.3242603838443756,0.32565581798553467
2025-09-20 12:00:00+00:00,0.32568034529685974,0.33032792806625366,0.32366204261779785,0.32733601331710815
2025-09-20 16:00:00+00:00,0.327368825674057,0.3281657099723816,0.32367613911628723,0.3238558769226074
2025-09-20 20:00:00+00:00,0.3238575756549835,0.3263055384159088,0.32265806198120117,0.32326290011405945
2025-09-21 00:00:00+00:00,0.3232678771018982,0.3248739540576935,0.3207900822162628,0.3237956464290619
2025-09-21 04:00:00+00:00,0.32380905747413635,0.3253791034221649,0.32246828079223633,0.324328750371933
2025-09-21 08:00:00+00:00,0.32433652877807617,0.324575275182724,0.31725093722343445,0.3180995285511017
2025-09-21 12:00:00+00:00,0.31809237599372864,0.3207991421222687,0.31417593359947205,0.31417593359947205
2025-09-21 16:00:00+00:00,0.31417298316955566,0.31704047322273254,0.3125317096710205,0.315142422914505
2025-09-21 20:00:00+00:00,0.3151424825191498,0.3162965476512909,0.3129294514656067,0.31316885352134705
2025-09-22 00:00:00+00:00,0.3131294548511505,0.31371352076530457,0.3007737696170807,0.30433031916618347
2025-09-22 04:00:00+00:00,0.30425119400024414,0.30425119400024414,0.2862437963485718,0.2891668975353241
2025-09-22 08:00:00+00:00,0.2891886830329895,0.2932567596435547,0.2880236506462097,0.2907480299472809
2025-09-22 12:00:00+00:00,0.2907455265522003,0.2945438623428345,0.29069411754608154,0.29104939103126526
2025-09-22 16:00:00+00:00,0.2910431921482086,0.29275116324424744,0.2893922030925751,0.2894001603126526
2025-09-22 20:00:00+00:00,0.28941261768341064,0.29533663392066956,0.28941261768341064,0.29498326778411865
2025-09-23 00:00:00+00:00,0.2949768900871277,0.2955957353115082,0.28740766644477844,0.29234039783477783
2025-09-23 04:00:00+00:00,0.29239770770072937,0.2963995039463043,0.2894262671470642,0.29555079340934753
2025-09-23 08:00:00+00:00,0.29550614953041077,0.297189861536026,0.2941640615463257,0.29446977376937866
2025-09-23 12:00:00+00:00,0.2944643795490265,0.29536548256874084,0.2911991477012634,0.2938189208507538
2025-09-23 16:00:00+00:00,0.2938242256641388,0.2964189946651459,0.2890305817127228,0.28903928399086
2025-09-23 20:00:00+00:00,0.2890550494194031,0.2916436791419983,0.28845223784446716,0.2895583510398865
2025-09-24 00:00:00+00:00,0.2895583510398865,0.2952621281147003,0.2892831861972809,0.29052743315696716
2025-09-24 04:00:00+00:00,0.2905285954475403,0.2952107787132263,0.28763291239738464,0.29520857334136963
2025-09-24 08:00:00+00:00,0.2952701449394226,0.29768508672714233,0.2944531738758087,0.2957113981246948
2025-09-24 12:00:00+00:00,0.29573675990104675,0.29841095209121704,0.2941421568393707,0.29604679346084595
2025-09-24 16:00:00+00:00,0.2955567240715027,0.29710155725479126,0.2933708727359772,0.294425904750824
2025-09-24 20:00:00+00:00,0.29438236355781555,0.29448413848876953,0.2918866276741028,0.29258033633232117
2025-09-25 00:00:00+00:00,0.2926197946071625,0.293011337518692,0.2876400947570801,0.2881065905094147
2025-09-25 04:00:00+00:00,0.2886761426925659,0.28930485248565674,0.2845666706562042,0.2860916554927826
2025-09-25 08:00:00+00:00,0.2860799729824066,0.2888999581336975,0.2845618724822998,0.28456762433052063
2025-09-25 12:00:00+00:00,0.2845809757709503,0.2898947596549988,0.282323956489563,0.28667840361595154
2025-09-25 16:00:00+00:00,0.2866658866405487,0.28715381026268005,0.27531254291534424,0.28122344613075256
2025-09-25 20:00:00+00:00,0.28123947978019714,0.28123947978019714,0.2751206159591675,0.27594617009162903
2025-09-26 00:00:00+00:00,0.27600032091140747,0.28138217329978943,0.27600032091140747,0.28053852915763855
2025-09-26 04:00:00+00:00,0.2805114686489105,0.2805226743221283,0.2771078050136566,0.2779744267463684
2025-09-26 08:00:00+00:00,0.27806997299194336,0.2798810303211212,0.27505403757095337,0.27801263332366943
2025-09-26 12:00:00+00:00,0.277991384267807,0.28220683336257935,0.2757348418235779,0.28094586730003357
2025-09-26 16:00:00+00:00,0.28093352913856506,0.28875479102134705,0.28093352913856506,0.2870968282222748
2025-09-26 20:00:00+00:00,0.28724315762519836,0.2879893481731415,0.2860994040966034,0.2879774272441864
2025-09-27 00:00:00+00:00,0.2879020869731903,0.2879020869731903,0.28572216629981995,0.2874913215637207
2025-09-27 04:00:00+00:00,0.28747668862342834,0.28855228424072266,0.2858714461326599,0.28627827763557434
2025-09-27 08:00:00+00:00,0.2862739562988281,0.28698116540908813,0.28330934047698975,0.28551235795021057
2025-09-27 12:00:00+00:00,0.2855042517185211,0.2868720293045044,0.283748060464859,0.2860957980155945
2025-09-27 16:00:00+00:00,0.2860831618309021,0.2861955463886261,0.2826971411705017,0.28352534770965576
2025-09-27 20:00:00+00:00,0.283516526222229,0.28628140687942505,0.2830010652542114,0.2836567461490631
2025-09-28 00:00:00+00:00,0.28362908959388733,0.2837109863758087,0.2801537811756134,0.28100988268852234
2025-09-28 04:00:00+00:00,0.2811374366283417,0.2811400592327118,0.2790064513683319,0.28008630871772766
2025-09-28 08:00:00+00:00,0.28007447719573975,0.2801549434661865,0.2775271534919739,0.2787021994590759
2025-09-28 12:00:00+00:00,0.27868685126304626,0.28433987498283386,0.2776370048522949,0.28321129083633423
2025-09-28 16:00:00+00:00,0.2832143306732178,0.2866014838218689,0.2832143306732178,0.28622907400131226
2025-09-28 20:00:00+00:00,0.2862304151058197,0.292609840631485,0.2862304151058197,0.2919907867908478
2025-09-29 00:00:00+00:00,0.29200026392936707,0.29233574867248535,0.28978586196899414,0.2903671860694885
2025-09-29 04:00:00+00:00,0.2905151844024658,0.2905151844024658,0.28790283203125,0.2889855206012726
2025-09-29 08:00:00+00:00,0.28890207409858704,0.2907978594303131,0.2868419885635376,0.2884380519390106
2025-09-29 12:00:00+00:00,0.28843891620635986,0.29610610008239746,0.2848392426967621,0.2915095090866089
2025-09-29 16:00:00+00:00,0.29148831963539124,0.29320046305656433,0.2886607348918915,0.2917664051055908
2025-09-29 20:00:00+00:00,0.29185208678245544,0.2957695722579956,0.2910988926887512,0.2910988926887512
2025-09-30 00:00:00+00:00,0.2911038100719452,0.2912701964378357,0.2869940400123596,0.2876491844654083
2025-09-30 04:00:00+00:00,0.2876489460468292,0.288854718208313,0.28510475158691406,0.2855376601219177
2025-09-30 08:00:00+00:00,0.2855437099933624,0.28610342741012573,0.28304505348205566,0.2849489450454712
2025-09-30 12:00:00+00:00,0.2849544286727905,0.28614190220832825,0.28054073452949524,0.2819516956806183
2025-09-30 16:00:00+00:00,0.2821477949619293,0.288432776927948,0.2810552716255188,0.2883511185646057
2025-09-30 20:00:00+00:00,0.28835877776145935,0.2904571294784546,0.28722667694091797,0.2886410653591156
2025-10-01 00:00:00+00:00,0.2886331379413605,0.2904539406299591,0.28626346588134766,0.2863002419471741
2025-10-01 04:00:00+00:00,0.28628453612327576,0.29005396366119385,0.2859964370727539,0.28873541951179504
2025-10-01 08:00:00+00:00,0.288725346326828,0.30365946888923645,0.288725346326828,0.30107444524765015
2025-10-01 12:00:00+00:00,0.3012635409832001,0.3030839264392853,0.29962146282196045,0.30234232544898987
2025-10-01 16:00:00+00:00,0.3024143874645233,0.30563560128211975,0.3014039397239685,0.3050174415111542
2025-10-01 20:00:00+00:00,0.30501726269721985,0.3077547252178192,0.3031427264213562,0.3077547252178192
2025-10-02 00:00:00+00:00,0.30776888132095337,0.3178024888038635,0.30776888132095337,0.3164801597595215
2025-10-02 04:00:00+00:00,0.31631335616111755,0.32086366415023804,0.3162248432636261,0.31784409284591675
2025-10-02 08:00:00+00:00,0.3178260326385498,0.3216531574726105,0.31746774911880493,0.31971025466918945
2025-10-02 12:00:00+00:00,0.3197021782398224,0.32466766238212585,0.31621411442756653,0.3241814076900482
2025-10-02 16:00:00+00:00,0.3252311050891876,0.33309465646743774,0.3252311050891876,0.3302631080150604
2025-10-02 20:00:00+00:00,0.33025577664375305,0.3385734260082245,0.3292810916900635,0.3385734260082245
2025-10-03 00:00:00+00:00,0.33860698342323303,0.3457949161529541,0.33491989970207214,0.34356459975242615
2025-10-03 04:00:00+00:00,0.34355923533439636,0.34935978055000305,0.3364284932613373,0.3368535339832306
2025-10-03 08:00:00+00:00,0.3368438482284546,0.3372095227241516,0.3318234384059906,0.33430084586143494
2025-10-03 12:00:00+00:00,0.33427903056144714,0.3433312475681305,0.3339896500110626,0.3433312475681305
2025-10-03 16:00:00+00:00,0.3433949947357178,0.35295549035072327,0.33856040239334106,0.34543535113334656
2025-10-03 20:00:00+00:00,0.34542104601860046,0.3489273488521576,0.34454837441444397,0.34522557258605957
2025-10-04 00:00:00+00:00,0.34520167112350464,0.35173195600509644,0.33992302417755127,0.34099116921424866
2025-10-04 04:00:00+00:00,0.3409886360168457,0.3418978750705719,0.3357224762439728,0.33577030897140503
2025-10-04 08:00:00+00:00,0.33587646484375,0.3382798731327057,0.33386799693107605,0.33675625920295715
2025-10-04 12:00:00+00:00,0.33676302433013916,0.3400298058986664,0.3300043046474457,0.3305063247680664
2025-10-04 16:00:00+00:00,0.33057382702827454,0.3346603214740753,0.3304170072078705,0.3344388008117676
2025-10-04 20:00:00+00:00,0.33445116877555847,0.33928510546684265,0.3342720568180084,0.3390873968601227
2025-10-05 00:00:00+00:00,0.3390904664993286,0.3575122058391571,0.3368445038795471,0.354348748922348
2025-10-05 04:00:00+00:00,0.35437971353530884,0.35529932379722595,0.3483322262763977,0.35110506415367126
2025-10-05 08:00:00+00:00,0.351092666387558,0.35239923000335693,0.3411729633808136,0.3434017300605774
2025-10-05 12:00:00+00:00,0.34334811568260193,0.34334811568260193,0.33974483609199524,0.3403601050376892
2025-10-05 16:00:00+00:00,0.3402854800224304,0.34099048376083374,0.33282148838043213,0.33282148838043213
2025-10-05 20:00:00+00:00,0.3322702944278717,0.33540189266204834,0.3322702944278717,0.33297961950302124
2025-10-06 00:00:00+00:00,0.3330060541629791,0.33823084831237793,0.3317001163959503,0.3370075821876526
2025-10-06 04:00:00+00:00,0.33701011538505554,0.3396773934364319,0.3333510160446167,0.336124449968338
2025-10-06 08:00:00+00:00,0.33615943789482117,0.33890649676322937,0.33615943789482117,0.3382977545261383
2025-10-06 12:00:00+00:00,0.33830884099006653,0.3485817313194275,0.33830884099006653,0.3464668095111847
2025-10-06 16:00:00+00:00,0.3464756906032562,0.3499706983566284,0.3446468710899353,0.34718769788742065
2025-10-06 20:00:00+00:00,0.34769439697265625,0.3490242063999176,0.3423895835876465,0.3423963189125061
2025-10-07 00:00:00+00:00,0.34231024980545044,0.3444344103336334,0.34051617980003357,0.340904176235199
2025-10-07 04:00:00+00:00,0.3407553732395172,0.34382882714271545,0.33440783619880676,0.3356683850288391
2025-10-07 08:00:00+00:00,0.33569395542144775,0.3387565314769745,0.33192574977874756,0.33875349164009094
2025-10-07 12:00:00+00:00,0.33870282769203186,0.34192338585853577,0.3240419924259186,0.32476478815078735
2025-10-07 16:00:00+00:00,0.3248014748096466,0.3276749551296234,0.3200511038303375,0.32120034098625183
2025-10-07 20:00:00+00:00,0.3207636773586273,0.32535311579704285,0.3207636773586273,0.3225053548812866
2025-10-08 00:00:00+00:00,0.3225216269493103,0.3267088234424591,0.32061710953712463,0.3221195936203003
2025-10-08 04:00:00+00:00,0.3221201002597809,0.32457712292671204,0.31933408975601196,0.32127994298934937
2025-10-08 08:00:00+00:00,0.3215102553367615,0.3241370916366577,0.3212468922138214,0.32149815559387207
2025-10-08 12:00:00+00:00,0.32150548696517944,0.32519546151161194,0.32000938057899475,0.3221164643764496
2025-10-08 16:00:00+00:00,0.3220473825931549,0.3319551944732666,0.32185035943984985,0.32933276891708374
2025-10-08 20:00:00+00:00,0.3295868933200836,0.3304780125617981,0.32455679774284363,0.32477983832359314
2025-10-09 00:00:00+00:00,0.32484671473503113,0.32485678791999817,0.312046617269516,0.31576746702194214
2025-10-09 04:00:00+00:00,0.3154950737953186,0.3170700669288635,0.3116007447242737,0.3129434585571289
2025-10-09 08:00:00+00:00,0.31290674209594727,0.31428104639053345,0.30770158767700195,0.31333625316619873
2025-10-09 12:00:00+00:00,0.31330323219299316,0.31602486968040466,0.30960607528686523,0.3116120398044586
2025-10-09 16:00:00+00:00,0.31162622570991516,0.31825390458106995,0.3112720549106598,0.3155025541782379
2025-10-09 20:00:00+00:00,0.31555142998695374,0.32215067744255066,0.315158873796463,0.32092931866645813
2025-10-10 00:00:00+00:00,0.32047736644744873,0.32370927929878235,0.3151324689388275,0.32168829441070557
2025-10-10 04:00:00+00:00,0.32163920998573303,0.32447126507759094,0.31759023666381836,0.3195714056491852
2025-10-10 08:00:00+00:00,0.31940534710884094,0.32885032892227173,0.31940534710884094,0.32885032892227173
2025-10-10 12:00:00+00:00,0.3289082944393158,0.3342950940132141,0.313105970621109,0.3137874901294708
2025-10-10 16:00:00+00:00,0.31388840079307556,0.31708404421806335,0.3035180866718292,0.3045683205127716
2025-10-10 20:00:00+00:00,0.30461087822914124,0.3056354522705078,0.14826816320419312,0.2338913530111313
2025-10-11 00:00:00+00:00,0.23401200771331787,0.24719496071338654,0.22857613861560822,0.23998364806175232
2025-10-11 04:00:00+00:00,0.24005012214183807,0.24284301698207855,0.23674564063549042,0.23888413608074188
2025-10-11 08:00:00+00:00,0.23884522914886475,0.25149136781692505,0.23817376792430878,0.24899011850357056
2025-10-11 12:00:00+00:00,0.2489476054906845,0.2489476054906845,0.24146589636802673,0.24709169566631317
2025-10-11 16:00:00+00:00,0.24710917472839355,0.2474071979522705,0.23494479060173035,0.23494479060173035
2025-10-11 20:00:00+00:00,0.2350199669599533,0.23754438757896423,0.22721999883651733,0.23633886873722076
2025-10-12 00:00:00+00:00,0.23621611297130585,0.2377181202173233,0.23109345138072968,0.23592402040958405
2025-10-12 04:00:00+00:00,0.23593588173389435,0.24233455955982208,0.23588867485523224,0.24218784272670746
2025-10-12 08:00:00+00:00,0.2421392947435379,0.24320189654827118,0.23732183873653412,0.2412017434835434
2025-10-12 12:00:00+00:00,0.24119333922863007,0.25491857528686523,0.23771126568317413,0.25491857528686523
2025-10-12 16:00:00+00:00,0.25490057468414307,0.26605314016342163,0.25490057468414307,0.2660522758960724
2025-10-12 20:00:00+00:00,0.26603400707244873,0.26842939853668213,0.26239830255508423,0.2647179365158081
2025-10-13 00:00:00+00:00,0.26464566588401794,0.26794755458831787,0.26148471236228943,0.2641802728176117
2025-10-13 04:00:00+00:00,0.26419079303741455,0.2734607458114624,0.263289213180542,0.269821435213089
2025-10-13 08:00:00+00:00,0.26983189582824707,0.276685893535614,0.26844120025634766,0.2698744833469391
2025-10-13 12:00:00+00:00,0.26983359456062317,0.277060329914093,0.26865464448928833,0.27616408467292786
2025-10-13 16:00:00+00:00,0.2762245237827301,0.2870909571647644,0.27447137236595154,0.2849605977535248
2025-10-13 20:00:00+00:00,0.2851070761680603,0.2881541848182678,0.28434285521507263,0.2845081686973572
2025-10-14 00:00:00+00:00,0.2845039665699005,0.2855202257633209,0.2757243812084198,0.27680134773254395
2025-10-14 04:00:00+00:00,0.27677831053733826,0.27703866362571716,0.2577924132347107,0.2590925097465515
2025-10-14 08:00:00+00:00,0.25911960005760193,0.26372984051704407,0.2557108700275421,0.26252415776252747
2025-10-14 12:00:00+00:00,0.2625216841697693,0.2694738209247589,0.25739479064941406,0.2693134844303131
2025-10-14 16:00:00+00:00,0.27014434337615967,0.2741525173187256,0.2686200439929962,0.27066031098365784
2025-10-14 20:00:00+00:00,0.2706364095211029,0.2731570303440094,0.2697858512401581,0.2710812985897064
2025-10-15 00:00:00+00:00,0.27108412981033325,0.27275529503822327,0.2676317095756531,0.2682103216648102
2025-10-15 04:00:00+00:00,0.2681671380996704,0.27053120732307434,0.2658936083316803,0.27053120732307434
2025-10-15 08:00:00+00:00,0.2705305516719818,0.2755584418773651,0.2654467821121216,0.26640868186950684
2025-10-15 12:00:00+00:00,0.2664073407649994,0.26685795187950134,0.25704246759414673,0.2575215697288513
2025-10-15 16:00:00+00:00,0.2575332522392273,0.25984179973602295,0.256040096282959,0.2566729187965393
2025-10-15 20:00:00+00:00,0.25697076320648193,0.2583576440811157,0.25384411215782166,0.258098840713501
2025-10-16 00:00:00+00:00,0.2581811547279358,0.26208192110061646,0.25752025842666626,0.25978896021842957
2025-10-16 04:00:00+00:00,0.25957560539245605,0.26209408044815063,0.2582680881023407,0.26039427518844604
2025-10-16 08:00:00+00:00,0.2603110373020172,0.26437586545944214,0.2521591782569885,0.2643754780292511
2025-10-16 12:00:00+00:00,0.26438334584236145,0.2666674256324768,0.2502071261405945,0.2502071261405945
2025-10-16 16:00:00+00:00,0.2505057454109192,0.25706249475479126,0.24799829721450806,0.24975714087486267
2025-10-16 20:00:00+00:00,0.24957168102264404,0.2501792907714844,0.24583999812602997,0.2480064034461975
2025-10-17 00:00:00+00:00,0.24801190197467804,0.2498018443584442,0.23312276601791382,0.23712055385112762
2025-10-17 04:00:00+00:00,0.2370956540107727,0.23719289898872375,0.2199822962284088,0.22002916038036346
2025-10-17 08:00:00+00:00,0.21832595765590668,0.2294178307056427,0.21650953590869904,0.22753594815731049
2025-10-17 12:00:00+00:00,0.22827471792697906,0.22885683178901672,0.2201698273420334,0.2264794558286667
2025-10-17 16:00:00+00:00,0.22745725512504578,0.22947272658348083,0.22483259439468384,0.22683203220367432
2025-10-17 20:00:00+00:00,0.2268262356519699,0.23118939995765686,0.22655832767486572,0.22781433165073395
2025-10-18 00:00:00+00:00,0.22780759632587433,0.23335570096969604,0.22662314772605896,0.23189660906791687
2025-10-18 04:00:00+00:00,0.23174434900283813,0.233230859041214,0.22799097001552582,0.229742631316185
2025-10-18 08:00:00+00:00,0.22969990968704224,0.23055407404899597,0.22813336551189423,0.22951453924179077
2025-10-18 12:00:00+00:00,0.2298683524131775,0.23034586012363434,0.22498957812786102,0.2265852689743042
2025-10-18 16:00:00+00:00,0.2265930026769638,0.2287808358669281,0.22407840192317963,0.22780638933181763
2025-10-18 20:00:00+00:00,0.22817692160606384,0.22901755571365356,0.2271164208650589,0.22817640006542206
2025-10-19 00:00:00+00:00,0.2282976657152176,0.22907455265522003,0.22605125606060028,0.22839714586734772
2025-10-19 04:00:00+00:00,0.22868840396404266,0.22868840396404266,0.22487837076187134,0.2265346497297287
2025-10-19 08:00:00+00:00,0.22654925286769867,0.23330743610858917,0.222727432847023,0.23032426834106445
2025-10-19 12:00:00+00:00,0.23018397390842438,0.23339983820915222,0.2279292494058609,0.23236878216266632
2025-10-19 16:00:00+00:00,0.2324085384607315,0.23937073349952698,0.23171664774417877,0.23858073353767395
2025-10-19 20:00:00+00:00,0.23858292400836945,0.23981942236423492,0.23591527342796326,0.23591764271259308
2025-10-20 00:00:00+00:00,0.23592834174633026,0.24139638245105743,0.23186257481575012,0.24132396280765533
2025-10-20 04:00:00+00:00,0.24133288860321045,0.2470344752073288,0.24086686968803406,0.24385765194892883
2025-10-20 08:00:00+00:00,0.24393893778324127,0.2457374930381775,0.24236705899238586,0.24441149830818176
2025-10-20 12:00:00+00:00,0.24444252252578735,0.24481512606143951,0.24272768199443817,0.24272768199443817
2025-10-20 16:00:00+00:00,0.24267685413360596,0.24267685413360596,0.23749086260795593,0.24152825772762299
2025-10-20 20:00:00+00:00,0.24150559306144714,0.2426505982875824,0.24006211757659912,0.2401677817106247
2025-10-21 00:00:00+00:00,0.24023744463920593,0.2405507117509842,0.23417410254478455,0.23417410254478455
2025-10-21 04:00:00+00:00,0.2341713160276413,0.2341713160276413,0.22939176857471466,0.2322319597005844
2025-10-21 08:00:00+00:00,0.2322138547897339,0.23415642976760864,0.22810624539852142,0.23356828093528748
2025-10-21 12:00:00+00:00,0.23356592655181885,0.25057172775268555,0.2329823076725006,0.24971117079257965
2025-10-21 16:00:00+00:00,0.24975153803825378,0.2520117461681366,0.24526506662368774,0.24617625772953033
2025-10-21 20:00:00+00:00,0.24587254226207733,0.24587851762771606,0.23139570653438568,0.2323731631040573
2025-10-22 00:00:00+00:00,0.23236694931983948,0.23495186865329742,0.2305135577917099,0.23495186865329742
2025-10-22 04:00:00+00:00,0.23494967818260193,0.23573675751686096,0.23053590953350067,0.23241277039051056
2025-10-22 08:00:00+00:00,0.23240356147289276,0.23350748419761658,0.2287178337574005,0.23131176829338074
2025-10-22 12:00:00+00:00,0.23131176829338074,0.2359589785337448,0.2307904213666916,0.2336301952600479
2025-10-22 16:00:00+00:00,0.23358221352100372,0.23390057682991028,0.22868438065052032,0.22971020638942719
2025-10-22 20:00:00+00:00,0.22954216599464417,0.22998887300491333,0.2229764461517334,0.22897757589817047
2025-10-23 00:00:00+00:00,0.22897297143936157,0.23064078390598297,0.22833757102489471,0.23015017807483673
2025-10-23 04:00:00+00:00,0.23015233874320984,0.2348782867193222,0.22927987575531006,0.23381660878658295
2025-10-23 08:00:00+00:00,0.23369285464286804,0.23494434356689453,0.23172658681869507,0.23188653588294983
2025-10-23 12:00:00+00:00,0.2318001538515091,0.2366248369216919,0.23026512563228607,0.23642884194850922
2025-10-23 16:00:00+00:00,0.23642629384994507,0.23882968723773956,0.23506984114646912,0.23577138781547546
2025-10-23 20:00:00+00:00,0.23578140139579773,0.23578140139579773,0.23282094299793243,0.2346305400133133
2025-10-24 00:00:00+00:00,0.2345653772354126,0.2355625480413437,0.23392808437347412,0.2341340333223343
2025-10-24 04:00:00+00:00,0.23417721688747406,0.23944662511348724,0.2337755262851715,0.23823124170303345
2025-10-24 08:00:00+00:00,0.23855696618556976,0.24137672781944275,0.23805488646030426,0.23993204534053802
2025-10-24 12:00:00+00:00,0.24041934311389923,0.2440069615840912,0.23676422238349915,0.2381509393453598
2025-10-24 16:00:00+00:00,0.2381938099861145,0.24175003170967102,0.23772554099559784,0.24114972352981567
2025-10-24 20:00:00+00:00,0.24116387963294983,0.24344360828399658,0.24104845523834229,0.24297797679901123
2025-10-25 00:00:00+00:00,0.24296873807907104,0.24307583272457123,0.2399223893880844,0.23992523550987244
2025-10-25 04:00:00+00:00,0.23994627594947815,0.24145948886871338,0.2396872639656067,0.2402198314666748
2025-10-25 08:00:00+00:00,0.24022161960601807,0.24166971445083618,0.23940353095531464,0.24041810631752014
2025-10-25 12:00:00+00:00,0.2404152899980545,0.24215134978294373,0.24034275114536285,0.24144528806209564
2025-10-25 16:00:00+00:00,0.24145060777664185,0.24248136579990387,0.24078169465065002,0.24203842878341675
2025-10-25 20:00:00+00:00,0.24203570187091827,0.24243105947971344,0.2410593032836914,0.24139907956123352
2025-10-26 00:00:00+00:00,0.241451233625412,0.2416662722826004,0.23811478912830353,0.2381870299577713
2025-10-26 04:00:00+00:00,0.23818670213222504,0.24170850217342377,0.23818670213222504,0.24156251549720764
2025-10-26 08:00:00+00:00,0.24162304401397705,0.2448817640542984,0.24134276807308197,0.2448817640542984
2025-10-26 12:00:00+00:00,0.24488744139671326,0.2471718192100525,0.2447376847267151,0.24569207429885864
2025-10-26 16:00:00+00:00,0.24574065208435059,0.24575448036193848,0.24370177090168,0.24385234713554382
2025-10-26 20:00:00+00:00,0.24386011064052582,0.24903398752212524,0.2428029179573059,0.2483047991991043
2025-10-27 00:00:00+00:00,0.24830986559391022,0.25160226225852966,0.24824552237987518,0.24897794425487518
2025-10-27 04:00:00+00:00,0.24903006851673126,0.2518303096294403,0.24752064049243927,0.2479792833328247
2025-10-27 08:00:00+00:00,0.24799744784832,0.24805985391139984,0.24245712161064148,0.24357540905475616
2025-10-27 12:00:00+00:00,0.24375256896018982,0.2438206523656845,0.2406742125749588,0.2426460236310959
2025-10-27 16:00:00+00:00,0.24266350269317627,0.248028963804245,0.24266350269317627,0.24477677047252655
2025-10-27 20:00:00+00:00,0.24471352994441986,0.24472679197788239,0.24020300805568695,0.2412646859884262
2025-10-28 00:00:00+00:00,0.2412765920162201,0.24326059222221375,0.2406376153230667,0.24179957807064056
2025-10-28 12:00:00+00:00,0.24433870613574982,0.24433870613574982,0.24111177027225494,0.24206876754760742
2025-10-28 16:00:00+00:00,0.24206021428108215,0.24424244463443756,0.23813782632350922,0.23813782632350922
2025-10-28 20:00:00+00:00,0.23810409009456635,0.23821967840194702,0.23305317759513855,0.23617656528949738
2025-10-29 00:00:00+00:00,0.2359147071838379,0.23642157018184662,0.2341347187757492,0.23429760336875916
2025-10-29 04:00:00+00:00,0.23423147201538086,0.23621314764022827,0.23412546515464783,0.2355559915304184
2025-10-29 08:00:00+00:00,0.23551350831985474,0.23850780725479126,0.23421630263328552,0.23850780725479126
2025-10-29 12:00:00+00:00,0.23855258524417877,0.2397942841053009,0.2342940717935562,0.23451460897922516
2025-10-29 16:00:00+00:00,0.23447979986667633,0.24225518107414246,0.23362930119037628,0.24192771315574646
2025-10-29 20:00:00+00:00,0.2419268786907196,0.24460002779960632,0.23594126105308533,0.2364429533481598
2025-10-30 00:00:00+00:00,0.2364063858985901,0.23834970593452454,0.23505550622940063,0.23598648607730865
2025-10-30 04:00:00+00:00,0.23613379895687103,0.2361382097005844,0.22844535112380981,0.23436717689037323
2025-10-30 08:00:00+00:00,0.23424212634563446,0.23433370888233185,0.2295992225408554,0.22961656749248505
2025-10-30 12:00:00+00:00,0.22913584113121033,0.22913584113121033,0.21896769106388092,0.219350665807724
2025-10-30 16:00:00+00:00,0.2192385196685791,0.22056244313716888,0.213891863822937,0.21452420949935913
2025-10-30 20:00:00+00:00,0.21429768204689026,0.22210708260536194,0.21429768204689026,0.22210708260536194
2025-10-31 00:00:00+00:00,0.22204604744911194,0.22730198502540588,0.22178256511688232,0.22632698714733124
2025-10-31 04:00:00+00:00,0.2265002727508545,0.22915863990783691,0.2265002727508545,0.22713690996170044
2025-10-31 08:00:00+00:00,0.2271767407655716,0.22831778228282928,0.22569040954113007,0.22831778228282928
2025-10-31 12:00:00+00:00,0.22834745049476624,0.23029249906539917,0.22679336369037628,0.22845593094825745
2025-10-31 16:00:00+00:00,0.22845996916294098,0.22956424951553345,0.22289225459098816,0.22930891811847687
2025-10-31 20:00:00+00:00,0.22926920652389526,0.2293558269739151,0.22601044178009033,0.22688138484954834
2025-11-01 00:00:00+00:00,0.22687792778015137,0.22961878776550293,0.226103737950325,0.22924159467220306
2025-11-01 04:00:00+00:00,0.2293429672718048,0.23081883788108826,0.2272217571735382,0.23071588575839996
2025-11-01 08:00:00+00:00,0.2306990623474121,0.2325398474931717,0.23026686906814575,0.2314758002758026
2025-11-01 12:00:00+00:00,0.23175305128097534,0.2334824800491333,0.23035144805908203,0.2324700951576233
2025-11-01 16:00:00+00:00,0.23275665938854218,0.23415230214595795,0.23223263025283813,0.23276591300964355
2025-11-01 20:00:00+00:00,0.23276560008525848,0.23431475460529327,0.23140837252140045,0.23291422426700592
2025-11-02 00:00:00+00:00,0.23297592997550964,0.23297592997550964,0.2306508868932724,0.23067200183868408
2025-11-02 04:00:00+00:00,0.23070372641086578,0.2355784922838211,0.23057794570922852,0.2354782074689865
2025-11-02 08:00:00+00:00,0.2355029284954071,0.2355029284954071,0.23041564226150513,0.23318393528461456
2025-11-02 12:00:00+00:00,0.23330451548099518,0.2335502952337265,0.2257693111896515,0.22696514427661896
2025-11-02 16:00:00+00:00,0.2268306314945221,0.22749675810337067,0.22521576285362244,0.22606942057609558
2025-11-02 20:00:00+00:00,0.22615793347358704,0.2332807332277298,0.22583675384521484,0.2332807332277298
2025-11-03 00:00:00+00:00,0.23306070268154144,0.23310282826423645,0.2175881415605545,0.2175881415605545
2025-11-03 04:00:00+00:00,0.2174224555492401,0.21966321766376495,0.21460267901420593,0.2173229604959488
2025-11-03 08:00:00+00:00,0.21661274135112762,0.2187262922525406,0.215199276804924,0.21710678935050964
2025-11-03 12:00:00+00:00,0.21699059009552002,0.21763582527637482,0.2043503075838089,0.2046961486339569
2025-11-03 16:00:00+00:00,0.2044890969991684,0.21149827539920807,0.20393006503582,0.2061961144208908
2025-11-03 20:00:00+00:00,0.20615093410015106,0.20919780433177948,0.20259156823158264,0.2088935822248459
2025-11-04 00:00:00+00:00,0.20904746651649475,0.2135748565196991,0.20801866054534912,0.21327030658721924
2025-11-04 04:00:00+00:00,0.21327455341815948,0.21404998004436493,0.20111992955207825,0.20175927877426147
2025-11-04 08:00:00+00:00,0.20175357162952423,0.20723126828670502,0.2015027552843094,0.205527663230896
2025-11-04 12:00:00+00:00,0.2056163251399994,0.2095613032579422,0.20303131639957428,0.20590178668498993
2025-11-04 16:00:00+00:00,0.20584996044635773,0.20684245228767395,0.19430755078792572,0.19671879708766937
2025-11-04 20:00:00+00:00,0.19672410190105438,0.20268160104751587,0.18994654715061188,0.20109319686889648
2025-11-05 00:00:00+00:00,0.20083676278591156,0.2035485804080963,0.19259275496006012,0.20341970026493073
2025-11-05 04:00:00+00:00,0.20326115190982819,0.20436052978038788,0.20178759098052979,0.20323358476161957
2025-11-05 08:00:00+00:00,0.2029457837343216,0.2045920491218567,0.20018506050109863,0.20455385744571686
2025-11-05 12:00:00+00:00,0.20440566539764404,0.20922447741031647,0.2036512941122055,0.20922447741031647
2025-11-05 16:00:00+00:00,0.20924730598926544,0.21425780653953552,0.20816214382648468,0.21372203528881073
2025-11-05 20:00:00+00:00,0.21350669860839844,0.21414703130722046,0.211276113986969,0.21228300034999847
2025-11-06 00:00:00+00:00,0.21228927373886108,0.21284747123718262,0.20864178240299225,0.21251937747001648
2025-11-06 04:00:00+00:00,0.2125282883644104,0.21281234920024872,0.20828689634799957,0.20850913226604462
2025-11-06 08:00:00+00:00,0.20849758386611938,0.21163877844810486,0.2081083357334137,0.20958267152309418
2025-11-06 12:00:00+00:00,0.2095709592103958,0.21235549449920654,0.20683936774730682,0.20701758563518524
2025-11-06 16:00:00+00:00,0.20719720423221588,0.21302255988121033,0.20550672709941864,0.2119179368019104
2025-11-06 20:00:00+00:00,0.21193420886993408,0.21326802670955658,0.21026423573493958,0.21173422038555145
2025-11-07 00:00:00+00:00,0.21191440522670746,0.21690431237220764,0.21191440522670746,0.21639496088027954
2025-11-07 04:00:00+00:00,0.21647858619689941,0.2215554416179657,0.21485517919063568,0.2215554416179657
2025-11-07 08:00:00+00:00,0.22170507907867432,0.2217874675989151,0.2122374325990677,0.21469250321388245
2025-11-07 12:00:00+00:00,0.21470850706100464,0.22448472678661346,0.209824338555336,0.22416912019252777
2025-11-07 16:00:00+00:00,0.22417756915092468,0.24420270323753357,0.22417756915092468,0.2407047301530838
2025-11-07 20:00:00+00:00,0.24070462584495544,0.24430763721466064,0.2368660867214203,0.2368660867214203
2025-11-08 00:00:00+00:00,0.23686303198337555,0.24357935786247253,0.23563659191131592,0.2372402846813202
2025-11-08 04:00:00+00:00,0.23687241971492767,0.23787766695022583,0.2286125123500824,0.23216016590595245
2025-11-08 08:00:00+00:00,0.23216032981872559,0.2356293946504593,0.23103906214237213,0.23398201167583466
2025-11-08 12:00:00+00:00,0.2342146337032318,0.23510700464248657,0.22809629142284393,0.23010148108005524
2025-11-08 16:00:00+00:00,0.23015762865543365,0.23401609063148499,0.2291407436132431,0.23269911110401154
2025-11-08 20:00:00+00:00,0.23296904563903809,0.23542959988117218,0.23233062028884888,0.23542959988117218
2025-11-09 00:00:00+00:00,0.2354397028684616,0.23544998466968536,0.22350871562957764,0.22417958080768585
2025-11-09 04:00:00+00:00,0.22420647740364075,0.23090282082557678,0.22394181787967682,0.23062337934970856
2025-11-09 08:00:00+00:00,0.23059801757335663,0.23138396441936493,0.2257061004638672,0.2311025857925415
2025-11-09 12:00:00+00:00,0.2311095893383026,0.23669405281543732,0.23045989871025085,0.23511390388011932
2025-11-09 16:00:00+00:00,0.23542797565460205,0.23770174384117126,0.23212547600269318,0.23770174384117126
2025-11-09 20:00:00+00:00,0.23771193623542786,0.2381141036748886,0.233053058385849,0.2338140606880188
2025-11-10 00:00:00+00:00,0.23380960524082184,0.23812253773212433,0.23297591507434845,0.23451904952526093
2025-11-10 04:00:00+00:00,0.23451711237430573,0.23568078875541687,0.23315368592739105,0.23440957069396973
2025-11-10 08:00:00+00:00,0.23441191017627716,0.23793496191501617,0.2324279546737671,0.23733504116535187
2025-11-10 12:00:00+00:00,0.23731565475463867,0.23734362423419952,0.23055635392665863,0.23294216394424438
2025-11-10 16:00:00+00:00,0.23295067250728607,0.23611478507518768,0.23029868304729462,0.23554648458957672
2025-11-10 20:00:00+00:00,0.2354772686958313,0.239702969789505,0.23311395943164825,0.23776918649673462
2025-11-11 00:00:00+00:00,0.23778487741947174,0.24118393659591675,0.23439760506153107,0.23735986649990082
2025-11-11 04:00:00+00:00,0.23737093806266785,0.2374032586812973,0.22724047303199768,0.22727063298225403
2025-11-11 08:00:00+00:00,0.2272711545228958,0.2321106493473053,0.22721166908740997,0.23085442185401917
2025-11-11 12:00:00+00:00,0.2309545874595642,0.23259785771369934,0.22862495481967926,0.22992444038391113
2025-11-11 16:00:00+00:00,0.22993887960910797,0.2336529940366745,0.22843429446220398,0.22856420278549194
2025-11-11 20:00:00+00:00,0.2285476177930832,0.2285476177930832,0.2241019457578659,0.2241019457578659
2025-11-12 00:00:00+00:00,0.22409436106681824,0.22834502160549164,0.2230081558227539,0.2280638962984085
2025-11-12 04:00:00+00:00,0.22805675864219666,0.2291087806224823,0.22697922587394714,0.22697922587394714
2025-11-12 08:00:00+00:00,0.22701388597488403,0.23351188004016876,0.22701388597488403,0.23164862394332886
2025-11-12 12:00:00+00:00,0.23163515329360962,0.23333020508289337,0.22549059987068176,0.22549059987068176
2025-11-12 16:00:00+00:00,0.22557924687862396,0.22566594183444977,0.21607458591461182,0.21820233762264252
2025-11-12 20:00:00+00:00,0.21800996363162994,0.22297339141368866,0.2179267555475235,0.21984615921974182
2025-11-13 00:00:00+00:00,0.2200971245765686,0.2255067229270935,0.22001929581165314,0.22488723695278168
2025-11-13 04:00:00+00:00,0.2248499095439911,0.2256009429693222,0.22239503264427185,0.22323225438594818
2025-11-13 08:00:00+00:00,0.22327280044555664,0.225155770778656,0.22254611551761627,0.2230706810951233
2025-11-13 12:00:00+00:00,0.2230767011642456,0.22453245520591736,0.2195364385843277,0.2195364385843277
2025-11-13 16:00:00+00:00,0.21955329179763794,0.2198564112186432,0.2059658318758011,0.2059876024723053
2025-11-13 20:00:00+00:00,0.20598776638507843,0.21317924559116364,0.20517097413539886,0.21230992674827576
2025-11-14 00:00:00+00:00,0.2123093158006668,0.21306049823760986,0.20893119275569916,0.2093357890844345
2025-11-14 04:00:00+00:00,0.20935897529125214,0.21211102604866028,0.2024690955877304,0.2109558880329132
2025-11-14 08:00:00+00:00,0.21094343066215515,0.21125996112823486,0.2069835364818573,0.20714034140110016
2025-11-14 12:00:00+00:00,0.2071683555841446,0.21156851947307587,0.20318910479545593,0.2104511559009552
2025-11-14 16:00:00+00:00,0.2104332447052002,0.2113453596830368,0.20793336629867554,0.2105044424533844
2025-11-14 20:00:00+00:00,0.21053792536258698,0.21079829335212708,0.2008771300315857,0.2031848281621933
2025-11-15 00:00:00+00:00,0.2032157927751541,0.21116681396961212,0.2032157927751541,0.21041937172412872
2025-11-15 04:00:00+00:00,0.2104276716709137,0.21096619963645935,0.2086043506860733,0.20876501500606537
2025-11-15 08:00:00+00:00,0.20876722037792206,0.20876722037792206,0.2049102634191513,0.2061525285243988
2025-11-15 12:00:00+00:00,0.20621159672737122,0.2095598578453064,0.20621159672737122,0.20756752789020538
2025-11-15 16:00:00+00:00,0.2075563222169876,0.20888125896453857,0.2060178965330124,0.2072196900844574
2025-11-15 20:00:00+00:00,0.2071835696697235,0.2071835696697235,0.204902783036232,0.20564937591552734
2025-11-16 00:00:00+00:00,0.2056494951248169,0.2067863643169403,0.20270974934101105,0.2060440182685852
2025-11-16 04:00:00+00:00,0.2060534954071045,0.20785562694072723,0.20493243634700775,0.20785562694072723
2025-11-16 08:00:00+00:00,0.2078501433134079,0.2097816914319992,0.20480576157569885,0.204933300614357
2025-11-16 12:00:00+00:00,0.2049252986907959,0.20613916218280792,0.19908839464187622,0.19908839464187622
2025-11-16 16:00:00+00:00,0.19905126094818115,0.1996517777442932,0.19406859576702118,0.1973515897989273
2025-11-16 20:00:00+00:00,0.1973513960838318,0.19999347627162933,0.1947910338640213,0.19895197451114655
2025-11-17 00:00:00+00:00,0.19895964860916138,0.2014673352241516,0.19751912355422974,0.20092114806175232
2025-11-17 04:00:00+00:00,0.2009122669696808,0.2012137472629547,0.19964659214019775,0.2008136361837387
2025-11-17 08:00:00+00:00,0.20085126161575317,0.2025693655014038,0.20061324536800385,0.20158900320529938
2025-11-17 12:00:00+00:00,0.20159749686717987,0.20287777483463287,0.19661904871463776,0.19826212525367737
2025-11-17 16:00:00+00:00,0.19825923442840576,0.2008490264415741,0.19054049253463745,0.19102804362773895
2025-11-17 20:00:00+00:00,0.19103071093559265,0.19210097193717957,0.18926630914211273,0.19210097193717957
2025-11-18 00:00:00+00:00,0.19204722344875336,0.19594696164131165,0.18962393701076508,0.19531287252902985
2025-11-18 04:00:00+00:00,0.1957208812236786,0.19658979773521423,0.19225427508354187,0.1940111666917801
2025-11-18 08:00:00+00:00,0.19399823248386383,0.19611820578575134,0.19399823248386383,0.19429096579551697
2025-11-18 12:00:00+00:00,0.19430825114250183,0.19731928408145905,0.19271475076675415,0.19666171073913574
2025-11-18 16:00:00+00:00,0.19666394591331482,0.19919884204864502,0.19610752165317535,0.19804522395133972
2025-11-18 20:00:00+00:00,0.19817152619361877,0.19893255829811096,0.19617131352424622,0.19775350391864777
2025-11-19 00:00:00+00:00,0.19775915145874023,0.19910547137260437,0.19563759863376617,0.19575288891792297
2025-11-19 04:00:00+00:00,0.19569671154022217,0.19569671154022217,0.19012920558452606,0.1947198212146759
2025-11-19 08:00:00+00:00,0.19472052156925201,0.19570696353912354,0.19400224089622498,0.194723442196846
2025-11-19 12:00:00+00:00,0.1947869062423706,0.19536083936691284,0.18884584307670593,0.18884584307670593
2025-11-19 16:00:00+00:00,0.18880805373191833,0.18933477997779846,0.1840270459651947,0.18506060540676117
2025-11-19 20:00:00+00:00,0.18485531210899353,0.1905246376991272,0.18435046076774597,0.18888923525810242
2025-11-20 00:00:00+00:00,0.18889129161834717,0.18889129161834717,0.18445870280265808,0.18457569181919098
2025-11-20 04:00:00+00:00,0.1845782995223999,0.1863764226436615,0.18380355834960938,0.1863764226436615
2025-11-20 08:00:00+00:00,0.1863696128129959,0.18769656121730804,0.18599379062652588,0.18769647181034088
2025-11-20 12:00:00+00:00,0.18777810037136078,0.1925005465745926,0.18773913383483887,0.18773913383483887
2025-11-20 16:00:00+00:00,0.18769487738609314,0.18769487738609314,0.1724073737859726,0.17565032839775085
2025-11-20 20:00:00+00:00,0.1756500005722046,0.18022097647190094,0.17503976821899414,0.17804555594921112
2025-11-21 00:00:00+00:00,0.17804285883903503,0.1813509315252304,0.17699450254440308,0.1781826764345169
2025-11-21 04:00:00+00:00,0.1781623512506485,0.1781623512506485,0.1663552224636078,0.16706711053848267
2025-11-21 08:00:00+00:00,0.1671064794063568,0.1687770038843155,0.16294313967227936,0.16297897696495056
2025-11-21 12:00:00+00:00,0.16287435591220856,0.16764391958713531,0.16075442731380463,0.16395799815654755
2025-11-21 16:00:00+00:00,0.1639491468667984,0.16873766481876373,0.1626829355955124,0.165873184800148
2025-11-21 20:00:00+00:00,0.16587857902050018,0.16589084267616272,0.1605059802532196,0.16548222303390503
2025-11-22 00:00:00+00:00,0.16549019515514374,0.16590602695941925,0.1633060872554779,0.1642388254404068
2025-11-22 04:00:00+00:00,0.1642792671918869,0.16469644010066986,0.1616317480802536,0.16469328105449677
2025-11-22 08:00:00+00:00,0.16462287306785583,0.16462287306785583,0.1612335741519928,0.16258801519870758
2025-11-22 12:00:00+00:00,0.16258858144283295,0.16261599957942963,0.15923285484313965,0.1615186184644699
2025-11-22 16:00:00+00:00,0.16155081987380981,0.16358810663223267,0.16154912114143372,0.1633603870868683
2025-11-22 20:00:00+00:00,0.16335870325565338,0.16505548357963562,0.16226159036159515,0.1638334095478058
2025-11-23 00:00:00+00:00,0.1638021618127823,0.16548395156860352,0.16329795122146606,0.1634613573551178
2025-11-23 04:00:00+00:00,0.1636698693037033,0.16584640741348267,0.1636698693037033,0.16542071104049683
2025-11-23 08:00:00+00:00,0.16542954742908478,0.1662674844264984,0.1648821085691452,0.1662674844264984
2025-11-23 12:00:00+00:00,0.16625556349754333,0.16796228289604187,0.16507753729820251,0.16648709774017334
2025-11-23 16:00:00+00:00,0.16648060083389282,0.16648060083389282,0.16453686356544495,0.16577266156673431
2025-11-23 20:00:00+00:00,0.1656564176082611,0.1661183387041092,0.16362427175045013,0.16364431381225586
2025-11-24 00:00:00+00:00,0.16365426778793335,0.1667770892381668,0.16256199777126312,0.16568323969841003
2025-11-24 04:00:00+00:00,0.16568323969841003,0.16944007575511932,0.16391290724277496,0.16593608260154724
2025-11-24 08:00:00+00:00,0.16580912470817566,0.16580912470817566,0.16249503195285797,0.16403120756149292
2025-11-24 12:00:00+00:00,0.16403484344482422,0.1651899814605713,0.16275562345981598,0.16469788551330566
2025-11-24 16:00:00+00:00,0.16469323635101318,0.1710936427116394,0.16469323635101318,0.17013777792453766
2025-11-24 20:00:00+00:00,0.17014186084270477,0.17220957577228546,0.17014186084270477,0.17119809985160828
2025-11-25 00:00:00+00:00,0.171205535531044,0.17160794138908386,0.168989360332489,0.16938604414463043
2025-11-25 04:00:00+00:00,0.16938582062721252,0.1701745241880417,0.16846638917922974,0.1685294806957245
2025-11-25 08:00:00+00:00,0.16850708425045013,0.16941013932228088,0.1679569035768509,0.168333038687706
2025-11-25 12:00:00+00:00,0.16833199560642242,0.16975417733192444,0.16628067195415497,0.16720320284366608
2025-11-25 16:00:00+00:00,0.16744820773601532,0.16950081288814545,0.16530869901180267,0.16712115705013275
2025-11-25 20:00:00+00:00,0.1671665757894516,0.1697583943605423,0.16653212904930115,0.16888722777366638
2025-11-26 00:00:00+00:00,0.1689426600933075,0.16894569993019104,0.16666263341903687,0.16666263341903687
2025-11-26 04:00:00+00:00,0.16651742160320282,0.1673208624124527,0.16615808010101318,0.1667596697807312
2025-11-26 08:00:00+00:00,0.1667572259902954,0.1667572259902954,0.16364310681819916,0.1637335866689682
2025-11-26 12:00:00+00:00,0.16373886168003082,0.1645180732011795,0.16253091394901276,0.16329190135002136
2025-11-26 16:00:00+00:00,0.16333666443824768,0.17011643946170807,0.16333666443824768,0.16951312124729156
2025-11-26 20:00:00+00:00,0.16961359977722168,0.1696191132068634,0.16863234341144562,0.168893501162529
2025-11-27 00:00:00+00:00,0.1688978523015976,0.1705414205789566,0.16860957443714142,0.16880826652050018
2025-11-27 04:00:00+00:00,0.16880105435848236,0.16948898136615753,0.16781073808670044,0.1686958223581314
2025-11-27 08:00:00+00:00,0.16868743300437927,0.16974490880966187,0.16806763410568237,0.16896206140518188
2025-11-27 12:00:00+00:00,0.16896460950374603,0.16931027173995972,0.16761188209056854,0.16928640007972717
2025-11-27 16:00:00+00:00,0.16942504048347473,0.171908438205719,0.16927538812160492,0.1718066930770874
2025-11-27 20:00:00+00:00,0.17180684208869934,0.17272885143756866,0.16997119784355164,0.1706683188676834
2025-11-28 00:00:00+00:00,0.1706659197807312,0.17141221463680267,0.16836148500442505,0.17037171125411987
2025-11-28 04:00:00+00:00,0.17037485539913177,0.17072585225105286,0.1691068410873413,0.1691068410873413
2025-11-28 08:00:00+00:00,0.16906647384166718,0.1722264587879181,0.16906647384166718,0.17013083398342133
2025-11-28 12:00:00+00:00,0.17011991143226624,0.17334964871406555,0.1694626659154892,0.17241159081459045
2025-11-28 16:00:00+00:00,0.17242233455181122,0.17250703275203705,0.16628530621528625,0.1681937575340271
2025-11-28 20:00:00+00:00,0.16820119321346283,0.16821551322937012,0.16668055951595306,0.16668055951595306
2025-11-29 16:00:00+00:00,0.16555212438106537,0.16555212438106537,0.16523167490959167,0.16523167490959167
2025-11-29 20:00:00+00:00,0.16520437598228455,0.16573935747146606,0.16458028554916382,0.1651700735092163
2025-11-30 00:00:00+00:00,0.1651614010334015,0.16608938574790955,0.16444814205169678,0.1652868241071701
2025-11-30 04:00:00+00:00,0.1652851551771164,0.16549067199230194,0.16378551721572876,0.16467703878879547
2025-11-30 08:00:00+00:00,0.16468602418899536,0.16479021310806274,0.1633678525686264,0.16342514753341675
2025-11-30 12:00:00+00:00,0.16342100501060486,0.16564781963825226,0.16299627721309662,0.1638888716697693
2025-11-30 16:00:00+00:00,0.16390126943588257,0.1647249460220337,0.1635020673274994,0.16366246342658997
2025-11-30 20:00:00+00:00,0.16365855932235718,0.1641804575920105,0.1612996757030487,0.1612996757030487
2025-12-01 00:00:00+00:00,0.16129262745380402,0.1613684445619583,0.15064972639083862,0.15064972639083862
2025-12-01 04:00:00+00:00,0.15064331889152527,0.15111054480075836,0.14970210194587708,0.1509924679994583
2025-12-01 08:00:00+00:00,0.15099363029003143,0.15241152048110962,0.15064162015914917,0.1509246826171875
2025-12-01 12:00:00+00:00,0.15091098845005035,0.1517605185508728,0.14742913842201233,0.14949850738048553
2025-12-01 16:00:00+00:00,0.1494782716035843,0.1494782716035843,0.14688248932361603,0.14788854122161865
2025-12-01 20:00:00+00:00,0.14788523316383362,0.15178845822811127,0.14788523316383362,0.15133365988731384
2025-12-02 00:00:00+00:00,0.151337668299675,0.15181776881217957,0.1495840847492218,0.15046124160289764
2025-12-02 04:00:00+00:00,0.15053629875183105,0.15101979672908783,0.15022139251232147,0.15044446289539337
2025-12-02 08:00:00+00:00,0.15044446289539337,0.15136294066905975,0.14914259314537048,0.15134067833423615
2025-12-02 12:00:00+00:00,0.15133552253246307,0.16133472323417664,0.15072335302829742,0.1610998958349228
2025-12-02 16:00:00+00:00,0.16112741827964783,0.16158579289913177,0.1602335125207901,0.16023766994476318
2025-12-02 20:00:00+00:00,0.1602243185043335,0.16071566939353943,0.15877871215343475,0.15937988460063934
2025-12-03 00:00:00+00:00,0.15937131643295288,0.16106562316417694,0.15896624326705933,0.16042202711105347
2025-12-03 04:00:00+00:00,0.16042163968086243,0.16209454834461212,0.16002368927001953,0.16039900481700897
2025-12-03 08:00:00+00:00,0.16039209067821503,0.1606069654226303,0.15910440683364868,0.15928928554058075
2025-12-03 12:00:00+00:00,0.15928733348846436,0.15958459675312042,0.15603412687778473,0.15824508666992188
2025-12-03 16:00:00+00:00,0.15827016532421112,0.1596558690071106,0.1576259434223175,0.15933899581432343
2025-12-03 20:00:00+00:00,0.15939265489578247,0.16398945450782776,0.15928901731967926,0.16278724372386932
2025-12-04 00:00:00+00:00,0.16279557347297668,0.16365361213684082,0.16216398775577545,0.162467822432518
2025-12-04 04:00:00+00:00,0.16247282922267914,0.16259080171585083,0.1614891141653061,0.1619696170091629
2025-12-04 08:00:00+00:00,0.16195854544639587,0.16213694214820862,0.16084299981594086,0.16129568219184875
2025-12-04 12:00:00+00:00,0.16128867864608765,0.16128867864608765,0.1584138423204422,0.16045647859573364
2025-12-04 16:00:00+00:00,0.16052643954753876,0.16076664626598358,0.15298843383789062,0.15559005737304688
2025-12-04 20:00:00+00:00,0.15558980405330658,0.15587520599365234,0.15467439591884613,0.15471014380455017
2025-12-05 00:00:00+00:00,0.1546890139579773,0.1555175483226776,0.15424293279647827,0.1542433500289917
2025-12-05 04:00:00+00:00,0.15431436896324158,0.1559288650751114,0.15377655625343323,0.15584687888622284
2025-12-05 08:00:00+00:00,0.15580730140209198,0.15580730140209198,0.15176711976528168,0.15250231325626373
2025-12-05 12:00:00+00:00,0.15235713124275208,0.1534142792224884,0.15089145302772522,0.15190909802913666
2025-12-05 16:00:00+00:00,0.15188266336917877,0.15188266336917877,0.14769063889980316,0.14955873787403107
2025-12-05 20:00:00+00:00,0.14951370656490326,0.15180249512195587,0.14880864322185516,0.15180040895938873
2025-12-06 00:00:00+00:00,0.1517777144908905,0.153667151927948,0.15153653919696808,0.15364880859851837
2025-12-06 04:00:00+00:00,0.15364733338356018,0.15407341718673706,0.1528400480747223,0.15319152176380157
2025-12-06 08:00:00+00:00,0.15320377051830292,0.15369881689548492,0.1524812877178192,0.1535181701183319
2025-12-06 12:00:00+00:00,0.15344741940498352,0.15503907203674316,0.15292255580425262,0.15359534323215485
2025-12-06 16:00:00+00:00,0.15343910455703735,0.15457534790039062,0.1530834138393402,0.1537114381790161
2025-12-06 20:00:00+00:00,0.15385910868644714,0.1550436019897461,0.15335778892040253,0.15430156886577606
2025-12-07 00:00:00+00:00,0.15439219772815704,0.1560957431793213,0.15438298881053925,0.15499387681484222
2025-12-07 04:00:00+00:00,0.1549910306930542,0.15525183081626892,0.15374517440795898,0.153771311044693
2025-12-07 08:00:00+00:00,0.15378768742084503,0.15390150249004364,0.15155921876430511,0.15155921876430511
2025-12-07 12:00:00+00:00,0.1515643447637558,0.15238921344280243,0.1471593677997589,0.15103507041931152
2025-12-07 16:00:00+00:00,0.15105368196964264,0.15316857397556305,0.14896896481513977,0.15293137729167938
2025-12-07 20:00:00+00:00,0.15299251675605774,0.15338678658008575,0.148147851228714,0.148775115609169
2025-12-08 00:00:00+00:00,0.14878784120082855,0.15114831924438477,0.14792366325855255,0.1509881317615509
2025-12-08 04:00:00+00:00,0.15098948776721954,0.1532192826271057,0.15098948776721954,0.1525157243013382
2025-12-08 08:00:00+00:00,0.15251043438911438,0.15559107065200806,0.15246504545211792,0.153750941157341
2025-12-08 12:00:00+00:00,0.15373294055461884,0.15397067368030548,0.15125341713428497,0.1516648530960083
2025-12-08 16:00:00+00:00,0.15153488516807556,0.1528339684009552,0.15061476826667786,0.15134669840335846
2025-12-08 20:00:00+00:00,0.15133245289325714,0.15196365118026733,0.15048538148403168,0.1507202535867691
2025-12-09 00:00:00+00:00,0.15067531168460846,0.15093307197093964,0.14916005730628967,0.1506386548280716
2025-12-09 04:00:00+00:00,0.15063554048538208,0.15116961300373077,0.14916014671325684,0.15115617215633392
2025-12-09 08:00:00+00:00,0.1511523425579071,0.15163099765777588,0.15054982900619507,0.15163099765777588
2025-12-09 12:00:00+00:00,0.15160620212554932,0.15761058032512665,0.15160620212554932,0.15753605961799622
2025-12-09 16:00:00+00:00,0.15753677487373352,0.16129031777381897,0.15753677487373352,0.15780876576900482
2025-12-09 20:00:00+00:00,0.1578150987625122,0.15788564085960388,0.15473705530166626,0.15617245435714722
2025-12-10 00:00:00+00:00,0.15613284707069397,0.15613284707069397,0.15331120789051056,0.1535947471857071
2025-12-10 04:00:00+00:00,0.15348170697689056,0.15366657078266144,0.1518278568983078,0.15213274955749512
2025-12-10 08:00:00+00:00,0.15214665234088898,0.15263409912586212,0.1511140614748001,0.1515761762857437
2025-12-10 12:00:00+00:00,0.15157507359981537,0.15336059033870697,0.15106937289237976,0.15302856266498566
2025-12-10 16:00:00+00:00,0.1530345380306244,0.15756423771381378,0.1530345380306244,0.15689817070960999
2025-12-10 20:00:00+00:00,0.15688921511173248,0.1596021205186844,0.1520787626504898,0.15284372866153717
2025-12-11 00:00:00+00:00,0.15278616547584534,0.15278616547584534,0.1455177217721939,0.146005317568779
2025-12-11 04:00:00+00:00,0.14598187804222107,0.14720658957958221,0.14546804130077362,0.14652027189731598
2025-12-11 08:00:00+00:00,0.14651398360729218,0.14722643792629242,0.1455412656068802,0.14692234992980957
2025-12-11 12:00:00+00:00,0.1468682736158371,0.1477220505475998,0.14588090777397156,0.14613676071166992
2025-12-11 16:00:00+00:00,0.1463174819946289,0.14908696711063385,0.14540241658687592,0.1484706848859787
2025-12-11 20:00:00+00:00,0.14848899841308594,0.15107017755508423,0.14814704656600952,0.14954790472984314
2025-12-12 00:00:00+00:00,0.14955610036849976,0.15044623613357544,0.14852240681648254,0.14995108544826508
2025-12-12 04:00:00+00:00,0.14985708892345428,0.1514386385679245,0.1492665410041809,0.15130206942558289
2025-12-12 08:00:00+00:00,0.1511722058057785,0.15132273733615875,0.1501924991607666,0.15057097375392914
2025-12-12 12:00:00+00:00,0.15049849450588226,0.15054811537265778,0.14463675022125244,0.14463675022125244
2025-12-12 16:00:00+00:00,0.1439192146062851,0.14465078711509705,0.14179736375808716,0.144172802567482
2025-12-12 20:00:00+00:00,0.14421336352825165,0.14589770138263702,0.14419220387935638,0.14547450840473175
2025-12-13 00:00:00+00:00,0.14547686278820038,0.14647261798381805,0.14547686278820038,0.1461462378501892
2025-12-13 04:00:00+00:00,0.1461455076932907,0.14621490240097046,0.14489562809467316,0.14556506276130676
2025-12-13 08:00:00+00:00,0.14545291662216187,0.1465960592031479,0.1453617960214615,0.14552049338817596
2025-12-13 12:00:00+00:00,0.1454896330833435,0.1465253084897995,0.1450766772031784,0.14579828083515167
2025-12-13 16:00:00+00:00,0.14575974643230438,0.146231546998024,0.14492148160934448,0.14564214646816254
2025-12-13 20:00:00+00:00,0.14564920961856842,0.1456526815891266,0.14463454484939575,0.14535832405090332
2025-12-14 00:00:00+00:00,0.14532580971717834,0.14564149081707,0.1450781673192978,0.14510689675807953
2025-12-14 04:00:00+00:00,0.14503109455108643,0.14503109455108643,0.14275187253952026,0.14300544559955597
2025-12-14 08:00:00+00:00,0.14301329851150513,0.1432245820760727,0.14137746393680573,0.14200051128864288
2025-12-14 12:00:00+00:00,0.14200574159622192,0.14210674166679382,0.14044395089149475,0.14067184925079346
2025-12-14 16:00:00+00:00,0.14066186547279358,0.141365647315979,0.13894635438919067,0.1390354484319687
2025-12-14 20:00:00+00:00,0.1390346884727478,0.13985715806484222,0.13799934089183807,0.1383560448884964
2025-12-15 00:00:00+00:00,0.13835948705673218,0.1424945443868637,0.13824425637722015,0.1414920836687088
2025-12-15 04:00:00+00:00,0.14145882427692413,0.14253003895282745,0.14120206236839294,0.14122237265110016
2025-12-15 08:00:00+00:00,0.14125388860702515,0.14180396497249603,0.1406022012233734,0.14084774255752563
2025-12-15 12:00:00+00:00,0.14084328711032867,0.14094603061676025,0.13456527888774872,0.1347467601299286
2025-12-15 16:00:00+00:00,0.13483849167823792,0.13485635817050934,0.13106845319271088,0.132569819688797
2025-12-15 20:00:00+00:00,0.13255675137043,0.13338342308998108,0.13139016926288605,0.13320502638816833
2025-12-16 00:00:00+00:00,0.13320499658584595,0.13326935470104218,0.13187262415885925,0.1323862224817276
2025-12-16 04:00:00+00:00,0.1323871910572052,0.13292506337165833,0.13123001158237457,0.1319170445203781
2025-12-16 08:00:00+00:00,0.13191282749176025,0.13467563688755035,0.13190871477127075,0.13464656472206116
2025-12-16 12:00:00+00:00,0.13465598225593567,0.13540144264698029,0.13270433247089386,0.13540144264698029
2025-12-16 16:00:00+00:00,0.1352488249540329,0.135321244597435,0.13343141973018646,0.13426943123340607
2025-12-16 20:00:00+00:00,0.13425908982753754,0.13460354506969452,0.13392303884029388,0.13396286964416504
2025-12-17 00:00:00+00:00,0.13396690785884857,0.1343090832233429,0.13299021124839783,0.13305194675922394
2025-12-17 04:00:00+00:00,0.1330454796552658,0.1336846798658371,0.13284866511821747,0.1335303783416748
2025-12-17 08:00:00+00:00,0.1335291713476181,0.1335291713476181,0.1324205994606018,0.1332755982875824
2025-12-17 12:00:00+00:00,0.13328400254249573,0.1370297074317932,0.13223807513713837,0.13223807513713837
2025-12-17 16:00:00+00:00,0.1319572925567627,0.13232815265655518,0.12613318860530853,0.12693539261817932
2025-12-17 20:00:00+00:00,0.12705977261066437,0.1281122863292694,0.12556765973567963,0.12616793811321259
2025-12-18 00:00:00+00:00,0.12625473737716675,0.12732142210006714,0.12594778835773468,0.1260511726140976
2025-12-18 04:00:00+00:00,0.12604738771915436,0.12651129066944122,0.12484808266162872,0.12524187564849854
2025-12-18 08:00:00+00:00,0.12524442374706268,0.12694060802459717,0.12524442374706268,0.12664695084095
2025-12-18 12:00:00+00:00,0.12664398550987244,0.13031932711601257,0.12645268440246582,0.1297743171453476
2025-12-18 16:00:00+00:00,0.12977951765060425,0.12977951765060425,0.12056070566177368,0.12056070566177368
2025-12-18 20:00:00+00:00,0.12053108215332031,0.12346097826957703,0.12050730735063553,0.12230994552373886
2025-12-19 00:00:00+00:00,0.12229722738265991,0.12448965013027191,0.12038449198007584,0.12358703464269638
2025-12-19 04:00:00+00:00,0.12358755618333817,0.12544268369674683,0.12333287298679352,0.1250874251127243
2025-12-19 08:00:00+00:00,0.1250922828912735,0.12578947842121124,0.12480705976486206,0.12548206746578217
2025-12-19 12:00:00+00:00,0.12548469007015228,0.12691859900951385,0.12414851784706116,0.12552908062934875
2025-12-19 16:00:00+00:00,0.12565390765666962,0.12841679155826569,0.12512511014938354,0.12834428250789642
2025-12-19 20:00:00+00:00,0.12834684550762177,0.12883959710597992,0.12790100276470184,0.12853461503982544
2025-12-20 00:00:00+00:00,0.12853462994098663,0.12853464484214783,0.12761572003364563,0.12834784388542175
2025-12-20 04:00:00+00:00,0.12830451130867004,0.13030961155891418,0.12767402827739716,0.13030961155891418
2025-12-20 08:00:00+00:00,0.13036400079727173,0.13131549954414368,0.12936356663703918,0.1303611397743225
2025-12-20 12:00:00+00:00,0.13049277663230896,0.130803182721138,0.12962771952152252,0.13017991185188293
2025-12-20 16:00:00+00:00,0.1301623433828354,0.13086551427841187,0.1297210305929184,0.130345419049263
2025-12-20 20:00:00+00:00,0.1303776651620865,0.13113047182559967,0.1300874799489975,0.1309559941291809
2025-12-21 00:00:00+00:00,0.1309957504272461,0.13116291165351868,0.12851057946681976,0.1294979304075241
2025-12-21 04:00:00+00:00,0.12949238717556,0.13000385463237762,0.12918125092983246,0.12992431223392487
2025-12-21 08:00:00+00:00,0.12992733716964722,0.13013768196105957,0.12823906540870667,0.12823906540870667
2025-12-21 12:00:00+00:00,0.12823398411273956,0.12858128547668457,0.1248403787612915,0.12571604549884796
2025-12-21 16:00:00+00:00,0.12568813562393188,0.12652188539505005,0.12513191998004913,0.12619450688362122
2025-12-21 20:00:00+00:00,0.12619395554065704,0.1270093470811844,0.1250263750553131,0.12645940482616425
2025-12-22 00:00:00+00:00,0.12646183371543884,0.12807276844978333,0.12556006014347076,0.12669192254543304
2025-12-22 04:00:00+00:00,0.12674953043460846,0.1267842948436737,0.1251295655965805,0.12597475945949554
2025-12-22 08:00:00+00:00,0.126022070646286,0.1267489492893219,0.12580789625644684,0.126196026802063
2025-12-22 12:00:00+00:00,0.12619511783123016,0.12692640721797943,0.12479584664106369,0.12555484473705292
2025-12-22 16:00:00+00:00,0.12553852796554565,0.12553852796554565,0.12171457707881927,0.12171584367752075
2025-12-22 20:00:00+00:00,0.12172655016183853,0.12310570478439331,0.12065821141004562,0.12293795496225357
2025-12-23 00:00:00+00:00,0.12292386591434479,0.12441364675760269,0.12211190909147263,0.12275135517120361
2025-12-23 04:00:00+00:00,0.12274999171495438,0.12278038263320923,0.12133628129959106,0.1218126192688942
2025-12-23 08:00:00+00:00,0.12181128561496735,0.12190581858158112,0.12069111317396164,0.12131083756685257
2025-12-23 12:00:00+00:00,0.1213139221072197,0.1213139221072197,0.11668233573436737,0.11736295372247696
2025-12-23 16:00:00+00:00,0.11737224459648132,0.1191379651427269,0.11724447458982468,0.1178264170885086
2025-12-23 20:00:00+00:00,0.11781655997037888,0.11894504725933075,0.11661207675933838,0.11721587926149368
2025-12-24 00:00:00+00:00,0.11721780896186829,0.11759773641824722,0.11464474350214005,0.11578938364982605
2025-12-24 04:00:00+00:00,0.11579199880361557,0.11636044085025787,0.1149059385061264,0.11554169654846191
2025-12-24 08:00:00+00:00,0.11553389579057693,0.11652752012014389,0.11526340246200562,0.11652752012014389
2025-12-24 12:00:00+00:00,0.11657854169607162,0.119072824716568,0.11657854169607162,0.11905449628829956
2025-12-24 16:00:00+00:00,0.11906524747610092,0.12012450397014618,0.11849961429834366,0.1189974769949913
2025-12-24 20:00:00+00:00,0.11899705976247787,0.11982119828462601,0.11876419931650162,0.11946447938680649
2025-12-25 00:00:00+00:00,0.11946170032024384,0.12063349783420563,0.11946170032024384,0.12052295356988907
2025-12-25 04:00:00+00:00,0.1205248162150383,0.12056630849838257,0.1195753663778305,0.12042464315891266
2025-12-25 08:00:00+00:00,0.1204119548201561,0.12076152116060257,0.11865188926458359,0.11893624812364578
2025-12-25 12:00:00+00:00,0.11890842020511627,0.11923979222774506,0.11774849146604538,0.11913252621889114
2025-12-25 16:00:00+00:00,0.11913327127695084,0.11975590139627457,0.1186608299612999,0.1194097250699997
2025-12-25 20:00:00+00:00,0.11941851675510406,0.11976360529661179,0.11646104604005814,0.11648121476173401
2025-12-26 00:00:00+00:00,0.11648094654083252,0.12087754905223846,0.1161498874425888,0.12001730501651764
2025-12-26 04:00:00+00:00,0.12001518160104752,0.12004344165325165,0.11827128380537033,0.11827128380537033
2025-12-26 08:00:00+00:00,0.11827833950519562,0.11859529465436935,0.1175430417060852,0.11775127053260803
2025-12-26 12:00:00+00:00,0.11775074899196625,0.11840064078569412,0.11575296521186829,0.11603104323148727
2025-12-26 16:00:00+00:00,0.11605388671159744,0.11724139004945755,0.11541764438152313,0.11718015372753143
2025-12-26 20:00:00+00:00,0.11718304455280304,0.1178060919046402,0.11713729798793793,0.11729159951210022
2025-12-27 00:00:00+00:00,0.11731323599815369,0.11774934828281403,0.11691318452358246,0.11749454587697983
2025-12-27 04:00:00+00:00,0.11749419569969177,0.11754600703716278,0.11644671857357025,0.11672740429639816
2025-12-27 08:00:00+00:00,0.11673339456319809,0.11810563504695892,0.11585045605897903,0.11810563504695892
2025-12-27 12:00:00+00:00,0.11830445379018784,0.1183447614312172,0.11743844300508499,0.11786924302577972
2025-12-27 16:00:00+00:00,0.11787717044353485,0.11898206174373627,0.11746224015951157,0.1187543049454689
2025-12-27 20:00:00+00:00,0.11875579506158829,0.12138208746910095,0.11864069104194641,0.12137234956026077
2025-12-28 00:00:00+00:00,0.1215563416481018,0.1228128969669342,0.1212083101272583,0.12253957241773605
2025-12-28 04:00:00+00:00,0.12255623191595078,0.12425002455711365,0.12253110855817795,0.12405557185411453
2025-12-28 08:00:00+00:00,0.12404549866914749,0.1256638616323471,0.12304356694221497,0.12459337711334229
2025-12-28 12:00:00+00:00,0.12458519637584686,0.12527307868003845,0.12366076558828354,0.12397461384534836
2025-12-28 16:00:00+00:00,0.12397928535938263,0.12420761585235596,0.12220475822687149,0.12220478802919388
2025-12-28 20:00:00+00:00,0.12221210449934006,0.12240809202194214,0.12145614624023438,0.12240809202194214
2025-12-29 00:00:00+00:00,0.12242180109024048,0.12497566640377045,0.12235661596059799,0.12496595084667206
2025-12-29 04:00:00+00:00,0.12496493756771088,0.12570442259311676,0.12432008981704712,0.12570442259311676
2025-12-29 08:00:00+00:00,0.1256917417049408,0.1262321025133133,0.12352348119020462,0.12459854036569595
2025-12-29 12:00:00+00:00,0.12459965795278549,0.12459965795278549,0.12198340892791748,0.12366248667240143
2025-12-29 16:00:00+00:00,0.12366335093975067,0.12377054989337921,0.12228796631097794,0.12233959138393402
2025-12-29 20:00:00+00:00,0.122332364320755,0.12236646562814713,0.12103354185819626,0.12106842547655106
2025-12-30 00:00:00+00:00,0.12107183784246445,0.12140896916389465,0.11968357115983963,0.1205204650759697
2025-12-30 04:00:00+00:00,0.12050849944353104,0.12097077071666718,0.11931352317333221,0.12042222917079926
2025-12-30 08:00:00+00:00,0.12041009217500687,0.12133829295635223,0.12039200216531754,0.1209791824221611
2025-12-30 12:00:00+00:00,0.12098106741905212,0.12252351641654968,0.12078569829463959,0.12247785925865173
2025-12-30 16:00:00+00:00,0.1225012019276619,0.12290770560503006,0.12171775102615356,0.12254448980093002
2025-12-30 20:00:00+00:00,0.12254633754491806,0.12301265448331833,0.12164191156625748,0.12301082164049149
2025-12-31 00:00:00+00:00,0.12298751622438431,0.12400218099355698,0.12275692820549011,0.12340086698532104
2025-12-31 04:00:00+00:00,0.12341992557048798,0.12361207604408264,0.12256582081317902,0.12328854948282242
2025-12-31 08:00:00+00:00,0.12330947816371918,0.1271256059408188,0.12304597347974777,0.1271256059408188
2025-12-31 12:00:00+00:00,0.12709537148475647,0.12822934985160828,0.1263475865125656,0.1265231817960739
2025-12-31 16:00:00+00:00,0.12651659548282623,0.12651659548282623,0.12082582712173462,0.1217302680015564
2025-12-31 20:00:00+00:00,0.12169918417930603,0.12248688191175461,0.12055973708629608,0.12137075513601303
2026-01-01 00:00:00+00:00,0.12131824344396591,0.12215790897607803,0.11957259476184845,0.11957259476184845
2026-01-01 04:00:00+00:00,0.11956499516963959,0.12163660675287247,0.11915601044893265,0.12139937281608582
2026-01-01 08:00:00+00:00,0.1213950663805008,0.12345108389854431,0.12085576355457306,0.12343411147594452
2026-01-01 12:00:00+00:00,0.1234421655535698,0.12635578215122223,0.12272515147924423,0.12635578215122223
2026-01-01 16:00:00+00:00,0.12648676335811615,0.12716767191886902,0.12499084323644638,0.12694965302944183
2026-01-01 20:00:00+00:00,0.12699629366397858,0.12889447808265686,0.12699629366397858,0.12831923365592957
2026-01-02 00:00:00+00:00,0.12831561267375946,0.12863297760486603,0.12728038430213928,0.12863297760486603
2026-01-02 04:00:00+00:00,0.12863166630268097,0.1289801150560379,0.12776833772659302,0.12785518169403076
2026-01-02 08:00:00+00:00,0.12786415219306946,0.13103598356246948,0.12785229086875916,0.12902337312698364
2026-01-02 12:00:00+00:00,0.12902459502220154,0.1310323029756546,0.12848380208015442,0.1302579790353775
2026-01-02 16:00:00+00:00,0.13022005558013916,0.13318532705307007,0.12999752163887024,0.132317915558815
2026-01-02 20:00:00+00:00,0.132296621799469,0.13338933885097504,0.13118766248226166,0.13306568562984467
2026-01-03 00:00:00+00:00,0.13306674361228943,0.13907547295093536,0.13305771350860596,0.13907547295093536
2026-01-03 04:00:00+00:00,0.1391400396823883,0.13922351598739624,0.132952019572258,0.132952019572258
2026-01-03 08:00:00+00:00,0.1329410821199417,0.1347585767507553,0.13271135091781616,0.13309837877750397
2026-01-03 12:00:00+00:00,0.13308821618556976,0.1350099742412567,0.13296973705291748,0.1339537352323532
2026-01-03 16:00:00+00:00,0.13395202159881592,0.1359102874994278,0.13377878069877625,0.13512857258319855
2026-01-03 20:00:00+00:00,0.13512872159481049,0.13618989288806915,0.13438759744167328,0.13594764471054077
2026-01-04 00:00:00+00:00,0.1359437257051468,0.13796114921569824,0.1359437257051468,0.13796114921569824
2026-01-04 04:00:00+00:00,0.13796265423297882,0.13819989562034607,0.13636058568954468,0.13707810640335083
2026-01-04 08:00:00+00:00,0.13702704012393951,0.13831056654453278,0.13637349009513855,0.13776741921901703
2026-01-04 12:00:00+00:00,0.1377771645784378,0.1390158087015152,0.1370646357536316,0.13848653435707092
2026-01-04 16:00:00+00:00,0.13850174844264984,0.14069899916648865,0.13782037794589996,0.1383289396762848
2026-01-04 20:00:00+00:00,0.1383286863565445,0.1401098072528839,0.13822026550769806,0.13961955904960632
2026-01-05 00:00:00+00:00,0.13963864743709564,0.14125949144363403,0.13912254571914673,0.13953480124473572
2026-01-05 04:00:00+00:00,0.13952448964118958,0.13958115875720978,0.13651596009731293,0.13841554522514343
2026-01-05 08:00:00+00:00,0.13841022551059723,0.13841022551059723,0.136057049036026,0.13681216537952423
2026-01-05 12:00:00+00:00,0.13679707050323486,0.14064732193946838,0.136104553937912,0.14062710106372833
2026-01-05 16:00:00+00:00,0.140872523188591,0.14289340376853943,0.13894450664520264,0.142130509018898
2026-01-05 20:00:00+00:00,0.14213907718658447,0.14463478326797485,0.14193837344646454,0.1436532884836197
2026-01-06 00:00:00+00:00,0.14364083111286163,0.14465932548046112,0.14180217683315277,0.1444265991449356
2026-01-06 04:00:00+00:00,0.14442205429077148,0.14496636390686035,0.14197704195976257,0.14218702912330627
2026-01-06 08:00:00+00:00,0.14218801259994507,0.14640817046165466,0.14193296432495117,0.14640505611896515
2026-01-06 12:00:00+00:00,0.14640004932880402,0.14860647916793823,0.14517588913440704,0.14520899951457977
2026-01-06 16:00:00+00:00,0.14581017196178436,0.14587083458900452,0.13958075642585754,0.14116474986076355
2026-01-06 20:00:00+00:00,0.14110751450061798,0.1472739279270172,0.14109882712364197,0.1472739279270172
2026-01-07 00:00:00+00:00,0.14727699756622314,0.14727699756622314,0.1431131511926651,0.14465703070163727
2026-01-07 04:00:00+00:00,0.14465630054473877,0.1456231027841568,0.1432197540998459,0.14552833139896393
2026-01-07 08:00:00+00:00,0.14565005898475647,0.14741796255111694,0.14413389563560486,0.1451251208782196
2026-01-07 12:00:00+00:00,0.14512841403484344,0.14512841403484344,0.1403810977935791,0.14089614152908325
2026-01-07 16:00:00+00:00,0.14080166816711426,0.14237281680107117,0.14034144580364227,0.14171861112117767
2026-01-07 20:00:00+00:00,0.14171220362186432,0.14171220362186432,0.13907021284103394,0.14024235308170319
2026-01-08 00:00:00+00:00,0.14027954638004303,0.14125481247901917,0.1385122835636139,0.1385122835636139
2026-01-08 04:00:00+00:00,0.13850657641887665,0.14101824164390564,0.13749776780605316,0.13902489840984344
2026-01-08 08:00:00+00:00,0.1389843076467514,0.13971950113773346,0.13633090257644653,0.1378149837255478
2026-01-08 12:00:00+00:00,0.13781903684139252,0.13906393945217133,0.13547523319721222,0.13899117708206177
2026-01-08 16:00:00+00:00,0.13900357484817505,0.13985130190849304,0.13846933841705322,0.1384826898574829
2026-01-08 20:00:00+00:00,0.13845473527908325,0.13987892866134644,0.13755926489830017,0.1395675241947174
2026-01-09 00:00:00+00:00,0.13956888020038605,0.13993385434150696,0.13818538188934326,0.13960814476013184
2026-01-09 04:00:00+00:00,0.1396186202764511,0.1414552479982376,0.1391834169626236,0.14094623923301697
2026-01-09 08:00:00+00:00,0.14089588820934296,0.14107519388198853,0.13828463852405548,0.14056149125099182
2026-01-09 12:00:00+00:00,0.14048638939857483,0.1456288993358612,0.13983163237571716,0.1436155140399933
2026-01-09 16:00:00+00:00,0.14437924325466156,0.1473681777715683,0.14099770784378052,0.14157025516033173
2026-01-09 20:00:00+00:00,0.14147277176380157,0.1444169282913208,0.14147277176380157,0.14418761432170868
2026-01-10 00:00:00+00:00,0.14431732892990112,0.1449158489704132,0.14265957474708557,0.14360411465168
2026-01-10 04:00:00+00:00,0.14360976219177246,0.14635686576366425,0.14126834273338318,0.14634616672992706
2026-01-10 08:00:00+00:00,0.146409273147583,0.14668048918247223,0.14465200901031494,0.14650386571884155
2026-01-10 12:00:00+00:00,0.14653117954730988,0.14843691885471344,0.14530572295188904,0.14609967172145844
2026-01-10 16:00:00+00:00,0.14595232903957367,0.14901626110076904,0.14469875395298004,0.1487657129764557
2026-01-10 20:00:00+00:00,0.14898496866226196,0.14898496866226196,0.14492511749267578,0.14584700763225555
2026-01-11 00:00:00+00:00,0.14584758877754211,0.14680223166942596,0.1449335664510727,0.14538496732711792
2026-01-11 04:00:00+00:00,0.14539113640785217,0.14688405394554138,0.14384330809116364,0.1443234533071518
2026-01-11 08:00:00+00:00,0.14437934756278992,0.14447112381458282,0.14352121949195862,0.143888920545578
2026-01-11 12:00:00+00:00,0.144105464220047,0.14449542760849,0.14131800830364227,0.1415410041809082
2026-01-11 16:00:00+00:00,0.1415402591228485,0.14384765923023224,0.1415402591228485,0.14230749011039734
2026-01-11 20:00:00+00:00,0.1423044502735138,0.1423044502735138,0.1387406885623932,0.13969115912914276
2026-01-12 00:00:00+00:00,0.13967832922935486,0.14429019391536713,0.13844765722751617,0.14245738089084625
2026-01-12 04:00:00+00:00,0.1422291100025177,0.1429709494113922,0.1394999772310257,0.13957247138023376
2026-01-12 08:00:00+00:00,0.1395643651485443,0.14001654088497162,0.13724468648433685,0.1380767971277237
2026-01-12 12:00:00+00:00,0.13807477056980133,0.1386711299419403,0.13497821986675262,0.1386711299419403
2026-01-12 16:00:00+00:00,0.13868124783039093,0.14012165367603302,0.13707312941551208,0.13760970532894135
2026-01-12 20:00:00+00:00,0.13753187656402588,0.13799172639846802,0.1338420808315277,0.13452166318893433
2026-01-13 00:00:00+00:00,0.13452930748462677,0.13673554360866547,0.13410861790180206,0.13667918741703033
2026-01-13 04:00:00+00:00,0.1367064267396927,0.13967593014240265,0.13670264184474945,0.13918806612491608
2026-01-13 08:00:00+00:00,0.13919594883918762,0.14423051476478577,0.13919594883918762,0.14381709694862366
2026-01-13 12:00:00+00:00,0.1438094526529312,0.14700357615947723,0.14306995272636414,0.1461845487356186
2026-01-13 16:00:00+00:00,0.1464003324508667,0.14797638356685638,0.146396204829216,0.14738358557224274
2026-01-13 20:00:00+00:00,0.14748907089233398,0.15081827342510223,0.14612361788749695,0.1487094759941101
2026-01-14 00:00:00+00:00,0.14871637523174286,0.1557980179786682,0.14871637523174286,0.15026895701885223
2026-01-14 04:00:00+00:00,0.15036730468273163,0.1527099460363388,0.14834284782409668,0.14997613430023193
2026-01-14 08:00:00+00:00,0.1499907672405243,0.1515536606311798,0.14992910623550415,0.15091975033283234
2026-01-14 12:00:00+00:00,0.15094253420829773,0.15706562995910645,0.14927347004413605,0.15496698021888733
2026-01-14 16:00:00+00:00,0.1549534797668457,0.15611615777015686,0.15012896060943604,0.15288446843624115
2026-01-14 20:00:00+00:00,0.15286272764205933,0.15335211157798767,0.14984747767448425,0.1506512612104416
2026-01-15 00:00:00+00:00,0.1507011353969574,0.15073256194591522,0.14536671340465546,0.14536671340465546
2026-01-15 04:00:00+00:00,0.1453525274991989,0.14915147423744202,0.1453525274991989,0.14899598062038422
2026-01-15 08:00:00+00:00,0.14899218082427979,0.14903524518013,0.14696064591407776,0.14696618914604187
2026-01-15 12:00:00+00:00,0.14696568250656128,0.1483040302991867,0.14333781599998474,0.14420045912265778
2026-01-15 16:00:00+00:00,0.1442042589187622,0.14847585558891296,0.14362767338752747,0.1441306173801422
2026-01-15 20:00:00+00:00,0.1442400962114334,0.14465934038162231,0.14275333285331726,0.1446244865655899
2026-01-16 00:00:00+00:00,0.1446276605129242,0.1478320062160492,0.14448042213916779,0.1462896317243576
2026-01-16 04:00:00+00:00,0.14632028341293335,0.1488780528306961,0.14519596099853516,0.14717885851860046
2026-01-16 08:00:00+00:00,0.14717969298362732,0.1474526822566986,0.1453033685684204,0.14609508216381073
2026-01-16 12:00:00+00:00,0.146269753575325,0.1464851051568985,0.1392802596092224,0.13981013000011444
2026-01-16 16:00:00+00:00,0.13980253040790558,0.14110976457595825,0.1392514705657959,0.14054878056049347
2026-01-16 20:00:00+00:00,0.14057019352912903,0.1457255631685257,0.1401289999485016,0.14558392763137817
2026-01-17 00:00:00+00:00,0.14558076858520508,0.15369033813476562,0.1453268975019455,0.1493866741657257
2026-01-17 04:00:00+00:00,0.14952652156352997,0.15431568026542664,0.14927110075950623,0.15431568026542664
2026-01-17 08:00:00+00:00,0.15437142550945282,0.15815363824367523,0.15400980412960052,0.15625926852226257
2026-01-17 12:00:00+00:00,0.15607509016990662,0.17162927985191345,0.15604832768440247,0.16956834495067596
2026-01-17 16:00:00+00:00,0.1695007085800171,0.1734936237335205,0.16371166706085205,0.16856472194194794
2026-01-17 20:00:00+00:00,0.16913150250911713,0.17307183146476746,0.16319367289543152,0.1641952097415924
2026-01-18 00:00:00+00:00,0.16421180963516235,0.1771114021539688,0.1599351316690445,0.16112041473388672
2026-01-18 04:00:00+00:00,0.16082967817783356,0.1637486219406128,0.1590823531150818,0.16311627626419067
2026-01-18 08:00:00+00:00,0.1630687564611435,0.16773854196071625,0.1574665755033493,0.15871037542819977
2026-01-18 12:00:00+00:00,0.15871065855026245,0.15913540124893188,0.1566438376903534,0.15826630592346191
2026-01-18 16:00:00+00:00,0.15796548128128052,0.16121116280555725,0.15788277983665466,0.15924032032489777
2026-01-18 20:00:00+00:00,0.15925461053848267,0.1614971160888672,0.1531989425420761,0.1531989425420761
2026-01-19 00:00:00+00:00,0.1531730592250824,0.1531730592250824,0.14295026659965515,0.14943887293338776
2026-01-19 04:00:00+00:00,0.14905129373073578,0.14977139234542847,0.14627040922641754,0.1470755785703659
2026-01-19 08:00:00+00:00,0.14691109955310822,0.1584545224905014,0.14691109955310822,0.1503947526216507
2026-01-19 12:00:00+00:00,0.15035168826580048,0.15300700068473816,0.14841149747371674,0.14947043359279633
2026-01-19 16:00:00+00:00,0.14946359395980835,0.15486952662467957,0.14941659569740295,0.1540134698152542
2026-01-19 20:00:00+00:00,0.15428850054740906,0.1636216789484024,0.15335485339164734,0.15964476764202118
2026-01-20 00:00:00+00:00,0.15965397655963898,0.1624896228313446,0.15416496992111206,0.16133740544319153
2026-01-20 04:00:00+00:00,0.16073335707187653,0.16259390115737915,0.15404367446899414,0.15432243049144745
2026-01-20 08:00:00+00:00,0.15432201325893402,0.16562536358833313,0.15339060127735138,0.1583164781332016
2026-01-20 12:00:00+00:00,0.15894044935703278,0.16606192290782928,0.1542542427778244,0.15644805133342743
2026-01-20 16:00:00+00:00,0.15646012127399445,0.1566125899553299,0.15107296407222748,0.1527538299560547
2026-01-20 20:00:00+00:00,0.1527644246816635,0.15437063574790955,0.14985857903957367,0.1515384167432785
2026-01-21 00:00:00+00:00,0.15151213109493256,0.16369134187698364,0.1499331146478653,0.16136027872562408
2026-01-21 04:00:00+00:00,0.16058249771595,0.16089338064193726,0.15345396101474762,0.15370358526706696
2026-01-21 08:00:00+00:00,0.1537076234817505,0.16035380959510803,0.15340912342071533,0.15443195402622223
2026-01-21 12:00:00+00:00,0.15431717038154602,0.15552617609500885,0.15152567625045776,0.15487726032733917
2026-01-21 16:00:00+00:00,0.1548706740140915,0.1572537124156952,0.14749082922935486,0.1572505384683609
2026-01-21 20:00:00+00:00,0.15758569538593292,0.16107779741287231,0.1559232771396637,0.1567256897687912
2026-01-22 00:00:00+00:00,0.15672723948955536,0.17428037524223328,0.15672723948955536,0.17202985286712646
2026-01-22 04:00:00+00:00,0.17124421894550323,0.17745837569236755,0.16559047996997833,0.170270636677742
2026-01-22 08:00:00+00:00,0.17027339339256287,0.17149485647678375,0.16319775581359863,0.16444151103496552
2026-01-22 12:00:00+00:00,0.1644808053970337,0.16471165418624878,0.15938915312290192,0.16121312975883484
2026-01-22 16:00:00+00:00,0.16123463213443756,0.16375115513801575,0.1608649492263794,0.16219186782836914
2026-01-22 20:00:00+00:00,0.16219262778759003,0.1682935506105423,0.1602609008550644,0.16827529668807983
2026-01-23 00:00:00+00:00,0.1682695746421814,0.1824687421321869,0.16626812517642975,0.17959387600421906
2026-01-23 04:00:00+00:00,0.1795811951160431,0.18720853328704834,0.1710394322872162,0.17255449295043945
2026-01-23 08:00:00+00:00,0.17261724174022675,0.17462614178657532,0.16889852285385132,0.17004217207431793
2026-01-23 12:00:00+00:00,0.1701284795999527,0.1739507019519806,0.1683293730020523,0.1692090630531311
2026-01-23 16:00:00+00:00,0.16923277080059052,0.17126987874507904,0.1668817698955536,0.16828013956546783
2026-01-23 20:00:00+00:00,0.16835400462150574,0.16835400462150574,0.16492405533790588,0.16505011916160583
2026-01-24 00:00:00+00:00,0.16513292491436005,0.16582193970680237,0.16036075353622437,0.1603928804397583
2026-01-24 04:00:00+00:00,0.16044168174266815,0.16276833415031433,0.16044168174266815,0.16116078197956085
2026-01-24 08:00:00+00:00,0.16116786003112793,0.1624004989862442,0.15943455696105957,0.1600419282913208
2026-01-24 12:00:00+00:00,0.1600412279367447,0.162213534116745,0.15718060731887817,0.15735593438148499
2026-01-24 16:00:00+00:00,0.15735779702663422,0.15735779702663422,0.15497137606143951,0.15497629344463348
2026-01-24 20:00:00+00:00,0.1549944132566452,0.15797746181488037,0.15498197078704834,0.15628236532211304
2026-01-25 00:00:00+00:00,0.1562654674053192,0.1562654674053192,0.15288574993610382,0.15348032116889954
2026-01-25 04:00:00+00:00,0.15347163379192352,0.1539306938648224,0.15187853574752808,0.15187853574752808
2026-01-25 08:00:00+00:00,0.1518646776676178,0.15237542986869812,0.15054555237293243,0.15071411430835724
2026-01-25 12:00:00+00:00,0.15071290731430054,0.15071290731430054,0.14637701213359833,0.14701084792613983
2026-01-25 16:00:00+00:00,0.14704053103923798,0.14761188626289368,0.13933461904525757,0.13935211300849915
2026-01-25 20:00:00+00:00,0.1393682062625885,0.14184407889842987,0.13845795392990112,0.1410539448261261
2026-01-26 00:00:00+00:00,0.14106039702892303,0.1451197862625122,0.13966959714889526,0.1419815570116043
2026-01-26 04:00:00+00:00,0.14198143780231476,0.14820407330989838,0.14190638065338135,0.14614884555339813
2026-01-26 08:00:00+00:00,0.14614546298980713,0.14809836447238922,0.14502586424350739,0.14724938571453094
2026-01-26 12:00:00+00:00,0.1472669392824173,0.14748390018939972,0.14470960199832916,0.1456596702337265
2026-01-26 16:00:00+00:00,0.1456587314605713,0.14577297866344452,0.14321231842041016,0.14473697543144226
2026-01-26 20:00:00+00:00,0.1447429656982422,0.14530937373638153,0.14327800273895264,0.14348873496055603
2026-01-27 00:00:00+00:00,0.14343617856502533,0.14654037356376648,0.14310546219348907,0.14454394578933716
2026-01-27 04:00:00+00:00,0.14453533291816711,0.14479684829711914,0.14211222529411316,0.1421978771686554
2026-01-27 08:00:00+00:00,0.1422443985939026,0.14242911338806152,0.14064256846904755,0.14126057922840118
2026-01-27 12:00:00+00:00,0.1412537693977356,0.14188137650489807,0.13721023499965668,0.1387300342321396
2026-01-27 16:00:00+00:00,0.13871587812900543,0.1403311938047409,0.13717086613178253,0.140315443277359
2026-01-27 20:00:00+00:00,0.14031073451042175,0.14143213629722595,0.14019019901752472,0.1407172679901123
2026-01-28 00:00:00+00:00,0.14072813093662262,0.1408713012933731,0.13834960758686066,0.13836166262626648
2026-01-28 04:00:00+00:00,0.13836166262626648,0.13921496272087097,0.13750892877578735,0.1378987580537796
2026-01-28 08:00:00+00:00,0.1378917545080185,0.13907745480537415,0.13632704317569733,0.13885283470153809
2026-01-28 12:00:00+00:00,0.13888125121593475,0.13888125121593475,0.13462921977043152,0.13490375876426697
2026-01-28 16:00:00+00:00,0.13481998443603516,0.1356935054063797,0.13439473509788513,0.13551072776317596
2026-01-28 20:00:00+00:00,0.13546761870384216,0.1362961083650589,0.13462093472480774,0.13542968034744263
2026-01-29 00:00:00+00:00,0.135488823056221,0.135488823056221,0.13148842751979828,0.13205911219120026
2026-01-29 04:00:00+00:00,0.13205669820308685,0.13295194506645203,0.13095097243785858,0.13224785029888153
2026-01-29 08:00:00+00:00,0.13223861157894135,0.13223861157894135,0.12925948202610016,0.1295563131570816
2026-01-29 12:00:00+00:00,0.1294635832309723,0.1301906853914261,0.12516774237155914,0.12665586173534393
2026-01-29 16:00:00+00:00,0.12662756443023682,0.12792731821537018,0.12309865653514862,0.12402303516864777
2026-01-29 20:00:00+00:00,0.12400057911872864,0.1259859800338745,0.12384352087974548,0.12553200125694275
2026-01-30 00:00:00+00:00,0.12553712725639343,0.12581339478492737,0.12178301811218262,0.12328828871250153
2026-01-30 04:00:00+00:00,0.12330343574285507,0.12514238059520721,0.12233399599790573,0.12439513951539993
2026-01-30 08:00:00+00:00,0.12440355867147446,0.1254313737154007,0.12354989349842072,0.1254313737154007
2026-01-30 12:00:00+00:00,0.12543578445911407,0.12558771669864655,0.12373501062393188,0.12478242814540863
2026-01-30 16:00:00+00:00,0.12477444857358932,0.1271621733903885,0.12283362448215485,0.12646272778511047
2026-01-30 20:00:00+00:00,0.1262466460466385,0.1262466460466385,0.12443828582763672,0.12511013448238373
2026-01-31 00:00:00+00:00,0.12511073052883148,0.1252703070640564,0.12388426065444946,0.12391167879104614
2026-01-31 04:00:00+00:00,0.12391161918640137,0.12435108423233032,0.12159295380115509,0.12226991355419159
2026-01-31 08:00:00+00:00,0.12229128181934357,0.12238901108503342,0.12017270177602768,0.12056712806224823
2026-01-31 12:00:00+00:00,0.1205550879240036,0.12086637318134308,0.11553362756967545,0.11710838973522186
2026-01-31 16:00:00+00:00,0.11708670109510422,0.11776527017354965,0.10891444236040115,0.1101858839392662
2026-01-31 20:00:00+00:00,0.11017124354839325,0.11425419896841049,0.10921788960695267,0.11425419896841049
2026-02-01 00:00:00+00:00,0.11432725936174393,0.11617043614387512,0.11432725936174393,0.11545082181692123
2026-02-01 04:00:00+00:00,0.11548493802547455,0.11620058119297028,0.11484906077384949,0.1161109134554863
2026-02-01 08:00:00+00:00,0.11610328406095505,0.1166665256023407,0.11424481868743896,0.11495834589004517
2026-02-01 12:00:00+00:00,0.11500494927167892,0.11642729490995407,0.11190208047628403,0.11303576827049255
2026-02-01 16:00:00+00:00,0.11302605271339417,0.11415515094995499,0.11171054095029831,0.11212025582790375
2026-02-01 20:00:00+00:00,0.11215727776288986,0.11319439113140106,0.11029499769210815,0.11195212602615356
2026-02-02 00:00:00+00:00,0.11207111179828644,0.11414877325296402,0.10879644006490707,0.11253293603658676
2026-02-02 04:00:00+00:00,0.11252323538064957,0.11315817385911942,0.10894026607275009,0.11243566870689392
2026-02-02 08:00:00+00:00,0.11241450160741806,0.11343302577733994,0.1119302436709404,0.11291263997554779
2026-02-02 12:00:00+00:00,0.11278882622718811,0.11613263934850693,0.11235789209604263,0.11582715064287186
2026-02-02 16:00:00+00:00,0.11590109020471573,0.11657798290252686,0.11449595540761948,0.11454401910305023
2026-02-02 20:00:00+00:00,0.11448405683040619,0.11464852094650269,0.11386850476264954,0.114063560962677
2026-02-03 00:00:00+00:00,0.11406688392162323,0.11406688392162323,0.11116722971200943,0.11315900832414627
2026-02-03 04:00:00+00:00,0.11315888911485672,0.11425849050283432,0.11248859763145447,0.11395429819822311
2026-02-03 08:00:00+00:00,0.11395108699798584,0.11432542651891708,0.11221669614315033,0.11348536610603333
2026-02-03 12:00:00+00:00,0.1134854257106781,0.11391032487154007,0.1112246960401535,0.11376878619194031
2026-02-03 16:00:00+00:00,0.11386514455080032,0.11386514455080032,0.10619544237852097,0.111432746052742
2026-02-03 20:00:00+00:00,0.11142458021640778,0.11585933715105057,0.11047443002462387,0.11069405823945999
2026-02-04 00:00:00+00:00,0.11076943576335907,0.11390984803438187,0.11076943576335907,0.11377863585948944
2026-02-04 04:00:00+00:00,0.11374454945325851,0.11374454945325851,0.11250768601894379,0.11357855051755905
2026-02-04 08:00:00+00:00,0.11358443647623062,0.1138417199254036,0.11118929833173752,0.112187460064888
2026-02-04 12:00:00+00:00,0.1121823713183403,0.11221110075712204,0.10875410586595535,0.10901659727096558
2026-02-04 16:00:00+00:00,0.10904622822999954,0.1106630340218544,0.10697488486766815,0.1106630340218544
2026-02-04 20:00:00+00:00,0.1106794998049736,0.11069861054420471,0.10752840340137482,0.1095435842871666
2026-02-05 00:00:00+00:00,0.10948667675256729,0.1100955381989479,0.10755417495965958,0.10759052634239197
2026-02-05 04:00:00+00:00,0.1075967475771904,0.1082463189959526,0.10666627436876297,0.10704785585403442
2026-02-05 08:00:00+00:00,0.10705158114433289,0.10853166878223419,0.10369628667831421,0.10450505465269089
2026-02-05 12:00:00+00:00,0.10455245524644852,0.10492163151502609,0.09790700674057007,0.09971783310174942
2026-02-05 16:00:00+00:00,0.09939808398485184,0.09964108467102051,0.09503462165594101,0.09506598114967346
2026-02-05 20:00:00+00:00,0.0950469970703125,0.09525033831596375,0.09092329442501068,0.09092329442501068
2026-02-06 00:00:00+00:00,0.09092623740434647,0.09410881251096725,0.08332546055316925,0.09169589728116989
2026-02-06 04:00:00+00:00,0.09170765429735184,0.09619326889514923,0.0914452075958252,0.09458787739276886
2026-02-06 08:00:00+00:00,0.09457586705684662,0.09793452173471451,0.09373131394386292,0.09792806208133698
2026-02-06 12:00:00+00:00,0.09792260825634003,0.10093662887811661,0.09741831570863724,0.10092474520206451
2026-02-06 16:00:00+00:00,0.10090412944555283,0.10534384846687317,0.10090412944555283,0.10196912288665771
2026-02-06 20:00:00+00:00,0.10197525471448898,0.10272397845983505,0.10048583149909973,0.1022646352648735
2026-02-07 00:00:00+00:00,0.10225928574800491,0.10269678384065628,0.10072003304958344,0.10258785635232925
2026-02-07 04:00:00+00:00,0.10259448736906052,0.10331682115793228,0.09900753200054169,0.09985587745904922
2026-02-07 08:00:00+00:00,0.09984035044908524,0.10113687068223953,0.09928525984287262,0.09976760298013687
2026-02-07 12:00:00+00:00,0.0997704491019249,0.10746386647224426,0.0997704491019249,0.10527507215738297
2026-02-07 16:00:00+00:00,0.10527723282575607,0.10836388170719147,0.10527723282575607,0.10684245824813843
2026-02-07 20:00:00+00:00,0.10684219002723694,0.10716822743415833,0.10528679192066193,0.1057048887014389
2026-02-08 00:00:00+00:00,0.10574948787689209,0.10575512051582336,0.10291968286037445,0.10291968286037445
2026-02-08 04:00:00+00:00,0.10292565077543259,0.10331186652183533,0.101749487221241,0.10183923691511154
2026-02-08 08:00:00+00:00,0.10184651613235474,0.10294434428215027,0.10102429240942001,0.10281547158956528
2026-02-08 12:00:00+00:00,0.10289765149354935,0.10360398143529892,0.10207732766866684,0.10217389464378357
2026-02-08 16:00:00+00:00,0.10217120498418808,0.10224063694477081,0.10000018775463104,0.1020999476313591
2026-02-08 20:00:00+00:00,0.102096788585186,0.10299462825059891,0.10055629163980484,0.1016741469502449
2026-02-09 00:00:00+00:00,0.10163760930299759,0.1042521744966507,0.10044074803590775,0.10364091396331787
2026-02-09 04:00:00+00:00,0.10362617671489716,0.10363007336854935,0.10212216526269913,0.10252203047275543
2026-02-09 08:00:00+00:00,0.10242027044296265,0.10272614657878876,0.09781364351511002,0.0982993021607399
2026-02-09 12:00:00+00:00,0.09830650687217712,0.10043863207101822,0.09816298633813858,0.09993444383144379
2026-02-09 16:00:00+00:00,0.10002806782722473,0.10230391472578049,0.09968939423561096,0.10182652622461319
2026-02-09 20:00:00+00:00,0.10182564705610275,0.10199929773807526,0.10089630633592606,0.10160285979509354
2026-02-10 00:00:00+00:00,0.10160320997238159,0.10227647423744202,0.1000872254371643,0.10024883598089218
2026-02-10 04:00:00+00:00,0.10025298595428467,0.10051967203617096,0.09823241829872131,0.09879907220602036
2026-02-10 08:00:00+00:00,0.09880289435386658,0.09940948337316513,0.09838719666004181,0.09879123419523239
2026-02-10 12:00:00+00:00,0.09879368543624878,0.10030524432659149,0.0985560342669487,0.0998336598277092
2026-02-10 16:00:00+00:00,0.09983272105455399,0.10042011737823486,0.0990007221698761,0.0998149961233139
2026-02-10 20:00:00+00:00,0.09981481730937958,0.09981750696897507,0.09894849359989166,0.09911061078310013
2026-02-11 00:00:00+00:00,0.09912901371717453,0.09991951286792755,0.09841985255479813,0.0990220382809639
2026-02-11 04:00:00+00:00,0.09894140809774399,0.099028579890728,0.09537036716938019,0.09537036716938019
2026-02-11 08:00:00+00:00,0.09535728394985199,0.0953775942325592,0.09422451257705688,0.09526703506708145
2026-02-11 12:00:00+00:00,0.09526678919792175,0.098895363509655,0.09451361745595932,0.09565937519073486
2026-02-11 16:00:00+00:00,0.09566811472177505,0.09755940735340118,0.09505040943622589,0.09669563174247742
2026-02-11 20:00:00+00:00,0.09669467061758041,0.0993424654006958,0.09615348279476166,0.09767874330282211
2026-02-12 00:00:00+00:00,0.09768136590719223,0.09932354837656021,0.09768136590719223,0.0988897755742073
2026-02-12 04:00:00+00:00,0.09888485074043274,0.10066971182823181,0.09881333261728287,0.10057978332042694
2026-02-12 08:00:00+00:00,0.10058359056711197,0.10217466950416565,0.09996314346790314,0.10145600140094757
2026-02-12 12:00:00+00:00,0.10144538432359695,0.10144538432359695,0.09923552721738815,0.09925030171871185
2026-02-12 16:00:00+00:00,0.09907799959182739,0.10041707754135132,0.09748198837041855,0.09995859861373901
2026-02-12 20:00:00+00:00,0.09996024519205093,0.100040502846241,0.09886062145233154,0.09927476942539215
2026-02-13 00:00:00+00:00,0.09927808493375778,0.09962466359138489,0.0976058766245842,0.09810801595449448
2026-02-13 04:00:00+00:00,0.09810948371887207,0.09815018624067307,0.0966784805059433,0.09742756932973862
2026-02-13 08:00:00+00:00,0.0974193811416626,0.0996515080332756,0.09735074639320374,0.09953673928976059
2026-02-13 12:00:00+00:00,0.09953677654266357,0.10117386281490326,0.0981406718492508,0.10022187232971191
2026-02-13 16:00:00+00:00,0.10021612793207169,0.10237213969230652,0.10021612793207169,0.10198235511779785
2026-02-13 20:00:00+00:00,0.10195711255073547,0.10255727916955948,0.10186318308115005,0.10248663276433945
2026-02-14 00:00:00+00:00,0.10246194154024124,0.1032782644033432,0.10211554169654846,0.10263953357934952
2026-02-14 04:00:00+00:00,0.10264618694782257,0.10272877663373947,0.10156775265932083,0.1025373786687851
2026-02-14 08:00:00+00:00,0.10253231972455978,0.10419364273548126,0.10249198228120804,0.10419364273548126
2026-02-14 12:00:00+00:00,0.10422836989164352,0.1067466288805008,0.10376591980457306,0.10661862045526505
2026-02-14 16:00:00+00:00,0.1067081093788147,0.10894661396741867,0.10655823349952698,0.10890916734933853
2026-02-14 20:00:00+00:00,0.10887639224529266,0.10887639224529266,0.1074458658695221,0.10805153846740723
2026-02-15 00:00:00+00:00,0.10804811865091324,0.10827679187059402,0.10622294992208481,0.1073671206831932
2026-02-15 04:00:00+00:00,0.10735461860895157,0.10875612497329712,0.10735461860895157,0.10848207771778107
2026-02-15 08:00:00+00:00,0.10847161710262299,0.10856059193611145,0.10589387267827988,0.10590481013059616
2026-02-15 12:00:00+00:00,0.10591093450784683,0.10591093450784683,0.10289692133665085,0.10329937189817429
2026-02-15 16:00:00+00:00,0.10329965502023697,0.10329965502023697,0.1014690175652504,0.10188788920640945
2026-02-15 20:00:00+00:00,0.10188757628202438,0.10278044641017914,0.10169737040996552,0.10273918509483337
2026-02-16 00:00:00+00:00,0.10271984338760376,0.1028706505894661,0.10194642841815948,0.10238038003444672
2026-02-16 04:00:00+00:00,0.10237987339496613,0.10300242900848389,0.10180400311946869,0.10203763097524643
2026-02-16 08:00:00+00:00,0.1020386591553688,0.1023608148097992,0.09998887032270432,0.10144771635532379
2026-02-16 12:00:00+00:00,0.1014498844742775,0.10358840227127075,0.10050331801176071,0.10075324028730392
2026-02-16 16:00:00+00:00,0.10075782984495163,0.10198826342821121,0.10072921216487885,0.10182160884141922
2026-02-16 20:00:00+00:00,0.10179078578948975,0.10306565463542938,0.10155466943979263,0.10270566493272781
2026-02-17 00:00:00+00:00,0.1027204617857933,0.10304313898086548,0.10223899781703949,0.10223899781703949
2026-02-17 04:00:00+00:00,0.10223927348852158,0.10232716798782349,0.10098638385534286,0.10179951786994934
2026-02-17 08:00:00+00:00,0.10179893672466278,0.10179893672466278,0.09993293136358261,0.10062791407108307
2026-02-17 12:00:00+00:00,0.1006278470158577,0.10137444734573364,0.09918466210365295,0.10094688832759857
2026-02-17 16:00:00+00:00,0.1011357232928276,0.1026817187666893,0.1003081426024437,0.10131386667490005
2026-02-17 20:00:00+00:00,0.10130853950977325,0.10161272436380386,0.100967638194561,0.10107659548521042
2026-02-18 00:00:00+00:00,0.10110469907522202,0.10191844403743744,0.10041482746601105,0.10182708501815796
2026-02-18 04:00:00+00:00,0.10182486474514008,0.10226215422153473,0.10137609392404556,0.10220739245414734
2026-02-18 08:00:00+00:00,0.1022334024310112,0.10233621299266815,0.10045089572668076,0.10119277983903885
2026-02-18 12:00:00+00:00,0.10119417309761047,0.1025451272726059,0.0999782383441925,0.10164447873830795
2026-02-18 16:00:00+00:00,0.10164263099431992,0.10164263099431992,0.09802494198083878,0.09824462234973907
2026-02-18 20:00:00+00:00,0.0982680469751358,0.09896523505449295,0.09782778471708298,0.09813159704208374
2026-02-19 00:00:00+00:00,0.09813285619020462,0.09871893376111984,0.09757822751998901,0.09811730682849884
2026-02-19 04:00:00+00:00,0.09817478060722351,0.09864168614149094,0.09766793251037598,0.09786286950111389
2026-02-19 08:00:00+00:00,0.09786031395196915,0.09786031395196915,0.09646125882863998,0.09646125882863998
2026-02-19 12:00:00+00:00,0.09646155685186386,0.09646519273519516,0.0942513644695282,0.09501086920499802
2026-02-19 16:00:00+00:00,0.09502433985471725,0.0959501564502716,0.09459544718265533,0.09594807028770447
2026-02-19 20:00:00+00:00,0.09595166146755219,0.09637167304754257,0.0952182412147522,0.09637167304754257
2026-02-20 00:00:00+00:00,0.0963771641254425,0.09758412837982178,0.09628712385892868,0.0973745808005333
2026-02-20 04:00:00+00:00,0.09734012931585312,0.0977151095867157,0.09650091826915741,0.09712006896734238
2026-02-20 08:00:00+00:00,0.09712569415569305,0.09767285734415054,0.09679354727268219,0.09684596210718155
2026-02-20 12:00:00+00:00,0.0968366265296936,0.09791377186775208,0.09467422962188721,0.09768538922071457
2026-02-20 16:00:00+00:00,0.09768672287464142,0.09892526268959045,0.09676492214202881,0.09796176850795746
2026-02-20 20:00:00+00:00,0.09796083718538284,0.09852588176727295,0.09729671478271484,0.09850971400737762
2026-02-21 00:00:00+00:00,0.09851550310850143,0.0998290404677391,0.09805408120155334,0.0990142971277237
2026-02-21 04:00:00+00:00,0.09902001172304153,0.09953644126653671,0.09839227795600891,0.09894539415836334
2026-02-21 08:00:00+00:00,0.0989513173699379,0.10044119507074356,0.0988365188241005,0.09965777397155762
2026-02-21 12:00:00+00:00,0.09965609014034271,0.1001029685139656,0.09906797111034393,0.09992169588804245
2026-02-21 16:00:00+00:00,0.0999157577753067,0.09993089735507965,0.09874161332845688,0.09900330007076263
2026-02-21 20:00:00+00:00,0.0990031287074089,0.09912274032831192,0.09732846915721893,0.09732846915721893
2026-02-22 00:00:00+00:00,0.09734712541103363,0.09734712541103363,0.09524594247341156,0.0958094596862793
2026-02-22 04:00:00+00:00,0.0958104059100151,0.09603333473205566,0.09514176845550537,0.0952368751168251
2026-02-22 08:00:00+00:00,0.09528131037950516,0.09608697891235352,0.09465848654508591,0.09543173015117645
2026-02-22 12:00:00+00:00,0.09542956948280334,0.09542956948280334,0.09417185932397842,0.094914510846138
2026-02-22 16:00:00+00:00,0.09491491317749023,0.09521374851465225,0.09410029649734497,0.09422549605369568
2026-02-22 20:00:00+00:00,0.09422484040260315,0.0946885347366333,0.09339642524719238,0.09468187391757965
2026-02-23 00:00:00+00:00,0.09469926357269287,0.094891756772995,0.08950836956501007,0.09061620384454727
2026-02-23 04:00:00+00:00,0.09059947729110718,0.09317365288734436,0.09000251442193985,0.09317365288734436
2026-02-23 08:00:00+00:00,0.0931735560297966,0.09432023018598557,0.09255322813987732,0.09411228448152542
2026-02-23 12:00:00+00:00,0.09411202371120453,0.09527689218521118,0.09293965995311737,0.09294293820858002
2026-02-23 16:00:00+00:00,0.09294264763593674,0.0930720716714859,0.09110911935567856,0.09119990468025208
2026-02-23 20:00:00+00:00,0.0912039652466774,0.09171543270349503,0.09055343270301819,0.09120677411556244
2026-02-24 00:00:00+00:00,0.09120674431324005,0.09257505089044571,0.09048652648925781,0.0906480923295021
2026-02-24 04:00:00+00:00,0.09064505994319916,0.09077195078134537,0.0890832468867302,0.08913922309875488
2026-02-24 08:00:00+00:00,0.08924245089292526,0.09006597101688385,0.08911320567131042,0.08991270512342453
2026-02-24 12:00:00+00:00,0.08991797268390656,0.0918646901845932,0.08916106075048447,0.09141664206981659
2026-02-24 16:00:00+00:00,0.09142212569713593,0.09191227704286575,0.09050010144710541,0.09064380824565887
2026-02-24 20:00:00+00:00,0.0906175822019577,0.0906175822019577,0.08873352408409119,0.08973382413387299
2026-02-25 00:00:00+00:00,0.08973301202058792,0.09297697991132736,0.08972302824258804,0.09071372449398041
2026-02-25 04:00:00+00:00,0.09069980680942535,0.09125398099422455,0.08931141346693039,0.09125398099422455
2026-02-25 08:00:00+00:00,0.0912463441491127,0.09447623789310455,0.09091813862323761,0.09418351203203201
2026-02-25 12:00:00+00:00,0.09417176246643066,0.09840010106563568,0.0935516208410263,0.09813062101602554
2026-02-25 16:00:00+00:00,0.09812086075544357,0.10158393532037735,0.0981115847826004,0.10156972706317902
2026-02-25 20:00:00+00:00,0.10158132761716843,0.10369057953357697,0.09915197640657425,0.09990354627370834
2026-02-26 00:00:00+00:00,0.09990549087524414,0.1005079597234726,0.09910527616739273,0.09960421919822693
2026-02-26 04:00:00+00:00,0.09953944385051727,0.10049615800380707,0.09828311949968338,0.09842390567064285
2026-02-26 08:00:00+00:00,0.0983644500374794,0.09901303797960281,0.09684951603412628,0.09685996174812317
2026-02-26 12:00:00+00:00,0.09690896421670914,0.09765741229057312,0.09618435800075531,0.09687346965074539
2026-02-26 16:00:00+00:00,0.09688622504472733,0.09703473001718521,0.09400560706853867,0.096567302942276
2026-02-26 20:00:00+00:00,0.09658720344305038,0.09720923006534576,0.09580492973327637,0.09703909605741501
2026-02-27 00:00:00+00:00,0.09700506180524826,0.09833469241857529,0.0966271236538887,0.09833117574453354
2026-02-27 04:00:00+00:00,0.09832557290792465,0.10063823312520981,0.0983026772737503,0.10039342939853668
2026-02-27 08:00:00+00:00,0.1003945842385292,0.10086046159267426,0.09730903059244156,0.09785545617341995
2026-02-27 12:00:00+00:00,0.09773164242506027,0.09784295409917831,0.09658900648355484,0.09690345078706741
2026-02-27 16:00:00+00:00,0.09690811485052109,0.09759601950645447,0.09556397795677185,0.09661109000444412
2026-02-27 20:00:00+00:00,0.09658276289701462,0.09696487337350845,0.09500257670879364,0.09627628326416016
2026-02-28 00:00:00+00:00,0.09627378731966019,0.09632068872451782,0.09524944424629211,0.09525207430124283
2026-02-28 04:00:00+00:00,0.0951964408159256,0.09549077600240707,0.09100770950317383,0.09258290380239487
2026-02-28 08:00:00+00:00,0.09258299320936203,0.09258299320936203,0.09001098573207855,0.09056732058525085
2026-02-28 12:00:00+00:00,0.0905689001083374,0.09306753426790237,0.09027750790119171,0.0920448899269104
2026-02-28 16:00:00+00:00,0.0919942632317543,0.09576407819986343,0.0910080075263977,0.09539079666137695
2026-02-28 20:00:00+00:00,0.09542134404182434,0.0973101332783699,0.09530603140592575,0.09703390300273895
2026-03-01 00:00:00+00:00,0.09713436663150787,0.10069890320301056,0.09562289714813232,0.09827040880918503
2026-03-01 04:00:00+00:00,0.09839360415935516,0.0993485152721405,0.09736710786819458,0.09808896481990814
2026-03-01 08:00:00+00:00,0.09808629006147385,0.09836249053478241,0.0961780697107315,0.09635505080223083
2026-03-01 12:00:00+00:00,0.09630464762449265,0.09789776057004929,0.09531371295452118,0.0967826172709465
2026-03-01 16:00:00+00:00,0.09677978605031967,0.09680426865816116,0.09455596655607224,0.09461686760187149
2026-03-01 20:00:00+00:00,0.09461630135774612,0.09586922824382782,0.09308665990829468,0.09537787735462189
2026-03-02 00:00:00+00:00,0.09538907557725906,0.09780770540237427,0.09538907557725906,0.0977848544716835
2026-03-02 04:00:00+00:00,0.09777796268463135,0.09794487804174423,0.0952472910284996,0.09608525782823563
2026-03-02 08:00:00+00:00,0.09610377252101898,0.0968688353896141,0.09505505859851837,0.0965493693947792
2026-03-02 12:00:00+00:00,0.09658124297857285,0.10100530833005905,0.09503288567066193,0.10025745630264282
2026-03-02 16:00:00+00:00,0.10026992857456207,0.10159645229578018,0.09877824783325195,0.09923817962408066
2026-03-02 20:00:00+00:00,0.0992342010140419,0.0996050164103508,0.09684024006128311,0.09744919091463089
2026-03-03 00:00:00+00:00,0.09747858345508575,0.09756048023700714,0.09638373553752899,0.09679251909255981
2026-03-03 04:00:00+00:00,0.09679140150547028,0.09720040112733841,0.0962260365486145,0.09680510312318802
2026-03-03 08:00:00+00:00,0.09680347889661789,0.09682148694992065,0.0940215140581131,0.09469424933195114
2026-03-03 12:00:00+00:00,0.09470167011022568,0.09567143023014069,0.09407009184360504,0.09564770758152008
2026-03-03 16:00:00+00:00,0.09573151171207428,0.0975973904132843,0.0955185666680336,0.09685372561216354
2026-03-03 20:00:00+00:00,0.09684450924396515,0.0971890315413475,0.09581409394741058,0.09674980491399765
2026-03-04 00:00:00+00:00,0.09674908220767975,0.0972658097743988,0.09579572081565857,0.09620531648397446
2026-03-04 04:00:00+00:00,0.0961991548538208,0.09673189371824265,0.0949796587228775,0.0962294191122055
2026-03-04 08:00:00+00:00,0.09621968120336533,0.09898507595062256,0.0958738774061203,0.09765233099460602
2026-03-04 12:00:00+00:00,0.09765207767486572,0.10047603398561478,0.09659428894519806,0.10047603398561478
2026-03-04 16:00:00+00:00,0.10077129304409027,0.10133698582649231,0.09879232943058014,0.10111208260059357
2026-03-04 20:00:00+00:00,0.1010984405875206,0.1010984405875206,0.09927492588758469,0.09969167411327362
2026-03-05 00:00:00+00:00,0.0996822863817215,0.0996822863817215,0.09808360785245895,0.09858652949333191
2026-03-05 04:00:00+00:00,0.09860210120677948,0.09933944791555405,0.0985199585556984,0.09879566729068756
2026-03-05 08:00:00+00:00,0.09897174686193466,0.10041509568691254,0.09863127768039703,0.09915454685688019
2026-03-05 12:00:00+00:00,0.0991535410284996,0.09988939762115479,0.09776877611875534,0.09821311384439468
2026-03-05 16:00:00+00:00,0.09802819788455963,0.09803172200918198,0.09583334624767303,0.0970248207449913
2026-03-05 20:00:00+00:00,0.09703832119703293,0.09838961809873581,0.09703832119703293,0.09755725413560867
2026-03-06 00:00:00+00:00,0.09756314754486084,0.09844297915697098,0.09741751849651337,0.09804079681634903
2026-03-06 04:00:00+00:00,0.09809014201164246,0.09830684214830399,0.09695986658334732,0.09826084971427917
2026-03-06 08:00:00+00:00,0.0982598140835762,0.0982598140835762,0.09602081775665283,0.09602247178554535
2026-03-06 12:00:00+00:00,0.09602544456720352,0.09614525735378265,0.09312969446182251,0.0933932214975357
2026-03-06 16:00:00+00:00,0.09330136328935623,0.0939505398273468,0.09253113716840744,0.09370652586221695
2026-03-06 20:00:00+00:00,0.0937008410692215,0.0942123681306839,0.09362892061471939,0.09410756081342697
2026-03-07 00:00:00+00:00,0.0941043347120285,0.09445344656705856,0.09322772175073624,0.09322772175073624
2026-03-07 04:00:00+00:00,0.0932215079665184,0.09379187226295471,0.09225784242153168,0.09267070144414902
2026-03-07 08:00:00+00:00,0.09266900271177292,0.09315430372953415,0.09264162927865982,0.09289547801017761
2026-03-07 12:00:00+00:00,0.09289517998695374,0.09289517998695374,0.09133896231651306,0.09156352281570435
2026-03-07 16:00:00+00:00,0.0915633961558342,0.09236474335193634,0.09109419584274292,0.09109419584274292
2026-03-07 20:00:00+00:00,0.09111900627613068,0.09157417714595795,0.09097808599472046,0.09126750379800797
2026-03-08 00:00:00+00:00,0.09138962626457214,0.09144546091556549,0.09010358899831772,0.09034603089094162
2026-03-08 04:00:00+00:00,0.09034588187932968,0.09140197932720184,0.08992159366607666,0.09124266356229782
2026-03-08 08:00:00+00:00,0.09124409407377243,0.09254248440265656,0.09075696766376495,0.09174173325300217
2026-03-08 12:00:00+00:00,0.091744065284729,0.09189808368682861,0.08941435813903809,0.08959603309631348
2026-03-08 16:00:00+00:00,0.08961322158575058,0.09094157814979553,0.08916442841291428,0.09073827415704727
2026-03-08 20:00:00+00:00,0.09073987603187561,0.09112074226140976,0.08865341544151306,0.08926042169332504
2026-03-09 00:00:00+00:00,0.0891895741224289,0.09061561524868011,0.08856712281703949,0.08980834484100342
2026-03-09 04:00:00+00:00,0.08988657593727112,0.09117250144481659,0.0890365019440651,0.08954951167106628
2026-03-09 08:00:00+00:00,0.08955097198486328,0.09082753211259842,0.08917288482189178,0.08969751745462418
2026-03-09 12:00:00+00:00,0.08967240154743195,0.09191172569990158,0.08965308964252472,0.09124788641929626
2026-03-09 16:00:00+00:00,0.09124722331762314,0.09209252148866653,0.09008219093084335,0.09066098183393478
2026-03-09 20:00:00+00:00,0.09077057242393494,0.09142269194126129,0.09018684923648834,0.09024623036384583
2026-03-10 00:00:00+00:00,0.09024974703788757,0.09245531260967255,0.09024974703788757,0.09167510271072388
2026-03-10 04:00:00+00:00,0.09167531877756119,0.09316954016685486,0.09078048914670944,0.09180356562137604
2026-03-10 08:00:00+00:00,0.09180447459220886,0.09288385510444641,0.091582290828228,0.09254854172468185
2026-03-10 12:00:00+00:00,0.09254962205886841,0.09406112879514694,0.09132840484380722,0.0930897518992424
2026-03-10 16:00:00+00:00,0.0930899977684021,0.0938941016793251,0.09095606952905655,0.09119680523872375
2026-03-10 20:00:00+00:00,0.09118229895830154,0.09139837324619293,0.09046106785535812,0.09084511548280716
2026-03-11 00:00:00+00:00,0.09089360386133194,0.09089387208223343,0.09002698212862015,0.090196892619133
2026-03-11 04:00:00+00:00,0.09021041542291641,0.09089722484350204,0.0898229330778122,0.09074612706899643
2026-03-11 08:00:00+00:00,0.09074611216783524,0.0921873226761818,0.09058806300163269,0.09181764721870422
2026-03-11 12:00:00+00:00,0.09184210002422333,0.09373147040605545,0.09179391711950302,0.09218418598175049
2026-03-11 16:00:00+00:00,0.0921831727027893,0.09321004897356033,0.09214834868907928,0.09281057119369507
2026-03-11 20:00:00+00:00,0.09280604124069214,0.09317746013402939,0.09227850288152695,0.09233671426773071
2026-03-12 00:00:00+00:00,0.09234119951725006,0.09248019009828568,0.09057632833719254,0.09057632833719254
2026-03-12 04:00:00+00:00,0.0905761867761612,0.0905761867761612,0.08982846885919571,0.09036961197853088
2026-03-12 08:00:00+00:00,0.09036947041749954,0.0914062112569809,0.0899791419506073,0.09031359851360321
2026-03-12 12:00:00+00:00,0.0903177261352539,0.09087283164262772,0.0894567146897316,0.09055273979902267
2026-03-12 16:00:00+00:00,0.09055773913860321,0.09193659573793411,0.090308278799057,0.09193212538957596
2026-03-12 20:00:00+00:00,0.09193439036607742,0.09267301112413406,0.09139899909496307,0.09212535619735718
2026-03-13 00:00:00+00:00,0.092125803232193,0.09365066885948181,0.09203747659921646,0.09334567934274673
2026-03-13 04:00:00+00:00,0.0933464989066124,0.09344431757926941,0.09279682487249374,0.0931626483798027
2026-03-13 08:00:00+00:00,0.0931674912571907,0.09353464096784592,0.09276553988456726,0.09302448481321335
2026-03-13 12:00:00+00:00,0.09302758425474167,0.09531715512275696,0.09296679496765137,0.09441547095775604
2026-03-13 16:00:00+00:00,0.09441886842250824,0.09445971995592117,0.09262414276599884,0.09277692437171936
2026-03-13 20:00:00+00:00,0.0927746444940567,0.09298583120107651,0.09146273136138916,0.09177057445049286
2026-03-14 00:00:00+00:00,0.09177611023187637,0.09242379665374756,0.09089703112840652,0.09242379665374756
2026-03-14 04:00:00+00:00,0.09242920577526093,0.09284858405590057,0.09018917381763458,0.09050983935594559
2026-03-14 08:00:00+00:00,0.09051120281219482,0.09123235195875168,0.09045404940843582,0.0908888578414917
2026-03-14 12:00:00+00:00,0.0908898264169693,0.09100518375635147,0.09025810658931732,0.09054547548294067
2026-03-14 16:00:00+00:00,0.09054062515497208,0.09068597108125687,0.09016476571559906,0.09017731994390488
2026-03-14 20:00:00+00:00,0.09017709642648697,0.09046287089586258,0.08986631035804749,0.09046287089586258
2026-03-15 00:00:00+00:00,0.09045925736427307,0.09119754284620285,0.09010832011699677,0.09040248394012451
2026-03-15 04:00:00+00:00,0.09040339291095734,0.09116897732019424,0.08984001725912094,0.0911676287651062
2026-03-15 08:00:00+00:00,0.09115377068519592,0.0924924910068512,0.09064167737960815,0.09206665307283401
2026-03-15 12:00:00+00:00,0.0920615866780281,0.09261266142129898,0.09102079272270203,0.09170246869325638
2026-03-15 16:00:00+00:00,0.09169995784759521,0.09229393303394318,0.09144162386655807,0.09219823777675629
2026-03-15 20:00:00+00:00,0.09220535308122635,0.09297239035367966,0.09185303747653961,0.0923449769616127
2026-03-16 00:00:00+00:00,0.09233609586954117,0.09469842910766602,0.09220478683710098,0.09432447701692581
2026-03-16 04:00:00+00:00,0.09431716799736023,0.09611698985099792,0.09431716799736023,0.09591980278491974
2026-03-16 08:00:00+00:00,0.09591753035783768,0.09637659043073654,0.0942915603518486,0.09452833235263824
2026-03-16 12:00:00+00:00,0.09452370554208755,0.09548914432525635,0.09431934356689453,0.09471125155687332
2026-03-16 16:00:00+00:00,0.09471647441387177,0.09658493101596832,0.09469842910766602,0.0964265838265419
2026-03-16 20:00:00+00:00,0.09643355756998062,0.09811177849769592,0.09639749675989151,0.0976259857416153
2026-03-17 00:00:00+00:00,0.0976315438747406,0.09823055565357208,0.09583310782909393,0.09591414779424667
2026-03-17 04:00:00+00:00,0.09591559320688248,0.09620848298072815,0.09498505294322968,0.09598345309495926
2026-03-17 08:00:00+00:00,0.09598948806524277,0.09716569632291794,0.0958382785320282,0.09667041152715683
2026-03-17 12:00:00+00:00,0.09667178243398666,0.09667178243398666,0.0950932726264,0.09633725136518478
2026-03-17 16:00:00+00:00,0.09634044766426086,0.09723781049251556,0.09619934111833572,0.09644448757171631
2026-03-17 20:00:00+00:00,0.09645310044288635,0.09763320535421371,0.09638804197311401,0.09638804197311401
2026-03-18 00:00:00+00:00,0.09639127552509308,0.09773057699203491,0.09604555368423462,0.09735086560249329
2026-03-18 04:00:00+00:00,0.09734895825386047,0.09789466112852097,0.0963851809501648,0.09789466112852097
2026-03-18 08:00:00+00:00,0.09791009873151779,0.09965454787015915,0.09568428993225098,0.09568428993225098
2026-03-18 12:00:00+00:00,0.09569819271564484,0.09569819271564484,0.09144238382577896,0.09190984815359116
2026-03-18 16:00:00+00:00,0.09187627583742142,0.09292943775653839,0.09123203903436661,0.09151233732700348
2026-03-18 20:00:00+00:00,0.09150490164756775,0.09257324039936066,0.09101755172014236,0.09207680076360703
2026-03-19 00:00:00+00:00,0.09208149462938309,0.09208149462938309,0.09112932533025742,0.09165418148040771
2026-03-19 04:00:00+00:00,0.0916530191898346,0.0916530191898346,0.09002713859081268,0.09060021489858627
2026-03-19 08:00:00+00:00,0.09057939052581787,0.09082421660423279,0.08996552973985672,0.08996693044900894
2026-03-19 12:00:00+00:00,0.0899667963385582,0.0899667963385582,0.0887216255068779,0.0894116684794426
2026-03-19 16:00:00+00:00,0.08942669630050659,0.08992641419172287,0.08845604211091995,0.08950312435626984
2026-03-19 20:00:00+00:00,0.0895027294754982,0.09005105495452881,0.08933550119400024,0.08971709758043289
2026-03-20 00:00:00+00:00,0.08971741050481796,0.09152628481388092,0.08964630961418152,0.09054786711931229
2026-03-20 04:00:00+00:00,0.09054761379957199,0.09099681675434113,0.08979658782482147,0.09032851457595825
2026-03-20 08:00:00+00:00,0.09033004194498062,0.09085316956043243,0.08963562548160553,0.09019693732261658
2026-03-20 12:00:00+00:00,0.09019346535205841,0.09047063440084457,0.08918435126543045,0.08970910310745239
2026-03-20 16:00:00+00:00,0.08971751481294632,0.08992026746273041,0.08832351118326187,0.08892978727817535
2026-03-20 20:00:00+00:00,0.08892283588647842,0.08948568999767303,0.08815274387598038,0.08905370533466339
2026-03-21 00:00:00+00:00,0.08905363827943802,0.08963033556938171,0.08880012482404709,0.08880863338708878
2026-03-21 04:00:00+00:00,0.08880839496850967,0.0890943855047226,0.08805125951766968,0.08805183321237564
2026-03-21 08:00:00+00:00,0.08805172890424728,0.08846044540405273,0.08691132813692093,0.08740905672311783
2026-03-21 12:00:00+00:00,0.08740898966789246,0.0885995477437973,0.0873279795050621,0.0885995477437973
2026-03-21 16:00:00+00:00,0.08860088139772415,0.08877295255661011,0.0875191017985344,0.08764421939849854
2026-03-21 20:00:00+00:00,0.08764433860778809,0.08820191770792007,0.08479489386081696,0.08480244874954224
2026-03-22 00:00:00+00:00,0.08473619073629379,0.08601965755224228,0.08411895483732224,0.0855121910572052
2026-03-22 04:00:00+00:00,0.08550451695919037,0.08604105561971664,0.08494862169027328,0.08494924008846283
2026-03-22 08:00:00+00:00,0.08494431525468826,0.08494431525468826,0.08382125198841095,0.08382125198841095
2026-03-22 12:00:00+00:00,0.08382115513086319,0.08474971354007721,0.08381307125091553,0.08436980098485947
2026-03-22 16:00:00+00:00,0.08437839895486832,0.0844554454088211,0.08319719135761261,0.08347164839506149
2026-03-22 20:00:00+00:00,0.08347193151712418,0.08386700600385666,0.08243817836046219,0.08357137441635132
2026-03-23 00:00:00+00:00,0.08357949554920197,0.08516522496938705,0.0834018886089325,0.08491715788841248
2026-03-23 04:00:00+00:00,0.08491725474596024,0.085606150329113,0.08317003399133682,0.08351826667785645
2026-03-23 08:00:00+00:00,0.08351287990808487,0.08744237571954727,0.08336152881383896,0.08680292218923569
2026-03-23 12:00:00+00:00,0.08680713921785355,0.08846587687730789,0.08659368008375168,0.08690174669027328
2026-03-23 16:00:00+00:00,0.08688551932573318,0.08760926872491837,0.08636654168367386,0.08679241687059402
2026-03-23 20:00:00+00:00,0.08679654449224472,0.08761611580848694,0.08666199445724487,0.08760962635278702
2026-03-24 00:00:00+00:00,0.08763279765844345,0.08772729337215424,0.08628419041633606,0.08730471879243851
2026-03-24 04:00:00+00:00,0.0872943103313446,0.08840465545654297,0.08699196577072144,0.08828499168157578
2026-03-24 08:00:00+00:00,0.08828358352184296,0.08851733803749084,0.08771488070487976,0.08787340670824051
2026-03-24 12:00:00+00:00,0.08787693083286285,0.0887521281838417,0.08725092560052872,0.08809876441955566
2026-03-24 16:00:00+00:00,0.08807972818613052,0.08812106400728226,0.08690333366394043,0.08811585605144501
2026-03-24 20:00:00+00:00,0.08812262117862701,0.0892249047756195,0.08812262117862701,0.08854807168245316
2026-03-25 00:00:00+00:00,0.0885496586561203,0.08876291662454605,0.08819650113582611,0.08852412551641464
2026-03-25 04:00:00+00:00,0.08852316439151764,0.08852316439151764,0.08787525445222855,0.08802326023578644
2026-03-25 08:00:00+00:00,0.08802218735218048,0.08890276402235031,0.08802218735218048,0.08879663795232773
2026-03-25 12:00:00+00:00,0.08880268037319183,0.08910670876502991,0.08804326504468918,0.08833008259534836
2026-03-25 16:00:00+00:00,0.08832235634326935,0.0888751745223999,0.08822757750749588,0.08845587074756622
2026-03-25 20:00:00+00:00,0.08846362680196762,0.08921881020069122,0.08807327598333359,0.08904062956571579
2026-03-26 00:00:00+00:00,0.0890544205904007,0.08958451449871063,0.08794785290956497,0.08803508430719376
2026-03-26 04:00:00+00:00,0.08803439140319824,0.08805787563323975,0.08660859614610672,0.08676585555076599
2026-03-26 08:00:00+00:00,0.08678760379552841,0.08678760379552841,0.08508098870515823,0.08544838428497314
2026-03-26 12:00:00+00:00,0.0854455754160881,0.08586571365594864,0.08482245355844498,0.08491546660661697
2026-03-26 16:00:00+00:00,0.08491627126932144,0.0849355086684227,0.08369500935077667,0.08384199440479279
2026-03-26 20:00:00+00:00,0.08383842557668686,0.0851689875125885,0.08281447738409042,0.08329229056835175
2026-03-27 00:00:00+00:00,0.08328896760940552,0.08417066186666489,0.08309391140937805,0.08406125009059906
2026-03-27 04:00:00+00:00,0.08406109362840652,0.08462997525930405,0.0833604633808136,0.08457896113395691
2026-03-27 08:00:00+00:00,0.08457792550325394,0.08468879014253616,0.08122297376394272,0.08137726038694382
2026-03-27 12:00:00+00:00,0.0813770741224289,0.0820344015955925,0.08093994855880737,0.08171903342008591
2026-03-27 16:00:00+00:00,0.08157095313072205,0.08178285509347916,0.08084072917699814,0.08133066445589066
2026-03-27 20:00:00+00:00,0.08133437484502792,0.0816105529665947,0.08097247779369354,0.08123593032360077
2026-03-28 00:00:00+00:00,0.08123636245727539,0.08131270855665207,0.08008080720901489,0.08057603985071182
2026-03-28 04:00:00+00:00,0.08058042079210281,0.08176883310079575,0.08054137974977493,0.08176874369382858
2026-03-28 08:00:00+00:00,0.08179952204227448,0.0824052169919014,0.08167281746864319,0.0824052169919014
2026-03-28 12:00:00+00:00,0.08240481466054916,0.08352343738079071,0.08175656199455261,0.08259972929954529
2026-03-28 16:00:00+00:00,0.08261509984731674,0.08337107300758362,0.08261509984731674,0.08269503712654114
2026-03-28 20:00:00+00:00,0.08269432932138443,0.08289191871881485,0.08120308816432953,0.08122359216213226
2026-03-29 00:00:00+00:00,0.08122283965349197,0.08175832033157349,0.08081109821796417,0.08171097189188004
2026-03-29 04:00:00+00:00,0.08170782029628754,0.08178145438432693,0.08121399581432343,0.08130960166454315
2026-03-29 08:00:00+00:00,0.08130546659231186,0.08147925138473511,0.08061479777097702,0.08092764019966125
2026-03-29 12:00:00+00:00,0.08087271451950073,0.08087284862995148,0.08007360249757767,0.0802365392446518
2026-03-29 16:00:00+00:00,0.08024492859840393,0.08041147887706757,0.0799223929643631,0.08034677058458328
2026-03-29 20:00:00+00:00,0.08034583926200867,0.08105529844760895,0.0785873606801033,0.07988844066858292
2026-03-30 00:00:00+00:00,0.07988901436328888,0.08229505270719528,0.07988901436328888,0.0821211114525795
2026-03-30 04:00:00+00:00,0.08212055265903473,0.0834614634513855,0.08207133412361145,0.08346031606197357
2026-03-30 08:00:00+00:00,0.08346294611692429,0.08396593481302261,0.08254735916852951,0.08341039717197418
2026-03-30 12:00:00+00:00,0.08340419828891754,0.08377635478973389,0.08241377770900726,0.08275916427373886
2026-03-30 16:00:00+00:00,0.08271922171115875,0.08308978378772736,0.08109594881534576,0.08164642006158829
2026-03-30 20:00:00+00:00,0.0816514641046524,0.08324645459651947,0.0816514641046524,0.08253977447748184
2026-03-31 00:00:00+00:00,0.08254938572645187,0.08335231244564056,0.08226509392261505,0.08237820863723755
2026-03-31 04:00:00+00:00,0.08237593621015549,0.0827270969748497,0.08192337304353714,0.08247477561235428
2026-03-31 08:00:00+00:00,0.0824706107378006,0.08252091705799103,0.08109743148088455,0.08189695328474045
2026-03-31 12:00:00+00:00,0.08189511299133301,0.08335226029157639,0.08189511299133301,0.0821753665804863
2026-03-31 16:00:00+00:00,0.08214892446994781,0.08391958475112915,0.08208426833152771,0.08376263827085495
2026-03-31 20:00:00+00:00,0.08374408632516861,0.084642194211483,0.08374408632516861,0.08447802066802979
2026-04-01 00:00:00+00:00,0.08448184281587601,0.08629102259874344,0.08448184281587601,0.08610337227582932
2026-04-01 04:00:00+00:00,0.08608392626047134,0.0871720239520073,0.08570587635040283,0.08714846521615982
2026-04-01 08:00:00+00:00,0.08715228736400604,0.08848042786121368,0.08708884567022324,0.08848042786121368
2026-04-01 12:00:00+00:00,0.08848940581083298,0.09009221941232681,0.08802896738052368,0.08910150080919266
2026-04-01 16:00:00+00:00,0.0891263335943222,0.08943438529968262,0.08744286745786667,0.0879788026213646
2026-04-01 20:00:00+00:00,0.08798275887966156,0.08842001855373383,0.0875268504023552,0.087808758020401
2026-04-02 00:00:00+00:00,0.0878104642033577,0.08855908364057541,0.08546192944049835,0.08566345274448395
2026-04-02 04:00:00+00:00,0.085662841796875,0.0864124670624733,0.08501904457807541,0.08641203492879868
2026-04-02 08:00:00+00:00,0.08641252666711807,0.08643902093172073,0.08522924035787582,0.08612566441297531
2026-04-02 12:00:00+00:00,0.0861462950706482,0.08649376779794693,0.08493580669164658,0.08595365285873413
2026-04-02 16:00:00+00:00,0.08596303313970566,0.08645239472389221,0.08503125607967377,0.08515525609254837
2026-04-02 20:00:00+00:00,0.08514973521232605,0.08517062664031982,0.08441255986690521,0.08495175093412399
2026-04-03 00:00:00+00:00,0.08494415879249573,0.08615323901176453,0.08459923416376114,0.08602072298526764
2026-04-03 04:00:00+00:00,0.0860261470079422,0.08787114918231964,0.0860261470079422,0.08717747777700424
2026-04-03 08:00:00+00:00,0.08717965334653854,0.08850371837615967,0.08717498183250427,0.08850071579217911
2026-04-03 12:00:00+00:00,0.08850577473640442,0.08850577473640442,0.08697821199893951,0.08709204941987991
2026-04-03 16:00:00+00:00,0.08708538860082626,0.08781599253416061,0.0869276225566864,0.08748383820056915
2026-04-03 20:00:00+00:00,0.08748184889554977,0.08761101216077805,0.08635509014129639,0.08651004731655121
2026-04-04 00:00:00+00:00,0.08651036024093628,0.0882965624332428,0.0863814726471901,0.08808329701423645
2026-04-04 04:00:00+00:00,0.08808362483978271,0.08918219804763794,0.08781803399324417,0.0887727215886116
2026-04-04 08:00:00+00:00,0.08876771479845047,0.08943700790405273,0.08795549720525742,0.0883450135588646
2026-04-04 12:00:00+00:00,0.08834430575370789,0.08834430575370789,0.08720548450946808,0.08763084560632706
2026-04-04 16:00:00+00:00,0.08763563632965088,0.08854106813669205,0.0875416025519371,0.08782564103603363
2026-04-04 20:00:00+00:00,0.08783014118671417,0.08783014118671417,0.08746004104614258,0.0875517874956131
2026-04-05 00:00:00+00:00,0.08757444471120834,0.08764608949422836,0.08562285453081131,0.08564220368862152
2026-04-05 04:00:00+00:00,0.08564241230487823,0.08580931276082993,0.08463135361671448,0.08474576473236084
2026-04-05 08:00:00+00:00,0.08474595844745636,0.08589041978120804,0.08455149084329605,0.08516547083854675
2026-04-05 12:00:00+00:00,0.08516523987054825,0.08572687208652496,0.08421573042869568,0.08563549816608429
2026-04-05 16:00:00+00:00,0.08555591106414795,0.08576381206512451,0.08485677093267441,0.08500074595212936
2026-04-05 20:00:00+00:00,0.08500029146671295,0.08636003732681274,0.08472733199596405,0.08618003129959106
2026-04-06 00:00:00+00:00,0.08618412166833878,0.08743705600500107,0.08618412166833878,0.0869755819439888
2026-04-06 04:00:00+00:00,0.08697956800460815,0.08746983110904694,0.08649872988462448,0.08679062873125076
2026-04-06 08:00:00+00:00,0.08679044991731644,0.08860957622528076,0.0866907611489296,0.08815962076187134
2026-04-06 12:00:00+00:00,0.08816948533058167,0.08872564882040024,0.08690666407346725,0.08731719106435776
2026-04-06 16:00:00+00:00,0.08731801807880402,0.08733286708593369,0.08616384863853455,0.0862487405538559
2026-04-06 20:00:00+00:00,0.08626740425825119,0.08646237850189209,0.08466362208127975,0.08519306033849716
2026-04-07 00:00:00+00:00,0.08519697189331055,0.08519697189331055,0.0838426873087883,0.08464628458023071
2026-04-07 04:00:00+00:00,0.08464532345533371,0.0849665030837059,0.08389352262020111,0.08486481755971909
2026-04-07 08:00:00+00:00,0.08485818654298782,0.08503450453281403,0.08385387063026428,0.08392399549484253
2026-04-07 12:00:00+00:00,0.08392402529716492,0.08396127820014954,0.08334068208932877,0.0836913138628006
2026-04-07 16:00:00+00:00,0.08367428928613663,0.08465500175952911,0.08332251012325287,0.08464375883340836
2026-04-07 20:00:00+00:00,0.0846429318189621,0.09025228768587112,0.0846429318189621,0.0898403450846672
2026-04-08 00:00:00+00:00,0.08992448449134827,0.09041085839271545,0.08867335319519043,0.08921914547681808
2026-04-08 04:00:00+00:00,0.08921929448843002,0.08963130414485931,0.08898843824863434,0.08920153975486755
2026-04-08 08:00:00+00:00,0.0892016813158989,0.0892016813158989,0.08804550766944885,0.08825448155403137
2026-04-08 12:00:00+00:00,0.088253453373909,0.08842246979475021,0.08681300282478333,0.08813373744487762
2026-04-08 16:00:00+00:00,0.08813558518886566,0.08918777108192444,0.08811653405427933,0.08865455538034439
2026-04-08 20:00:00+00:00,0.08867115527391434,0.0893363207578659,0.0878593698143959,0.08826413750648499
2026-04-09 00:00:00+00:00,0.08826377987861633,0.09065564721822739,0.08796145766973495,0.09036174416542053
2026-04-09 04:00:00+00:00,0.09038102626800537,0.0908292829990387,0.08907603472471237,0.09064144641160965
2026-04-09 08:00:00+00:00,0.0906485915184021,0.09396004676818848,0.08992768824100494,0.09209001064300537
2026-04-09 12:00:00+00:00,0.09208810329437256,0.09210266172885895,0.08960331976413727,0.09135343879461288
2026-04-09 16:00:00+00:00,0.09134523570537567,0.09322385489940643,0.09075266867876053,0.09231521934270859
2026-04-09 20:00:00+00:00,0.09231499582529068,0.09336067736148834,0.09170275926589966,0.09170809388160706
2026-04-10 00:00:00+00:00,0.09171385318040848,0.09179677814245224,0.09092780947685242,0.09106644243001938
2026-04-10 04:00:00+00:00,0.09106606990098953,0.09221749752759933,0.09044855087995529,0.09045519679784775
2026-04-10 08:00:00+00:00,0.09045317769050598,0.09080147743225098,0.08995494991540909,0.09012896567583084
2026-04-10 12:00:00+00:00,0.09012823551893234,0.09285924583673477,0.09012823551893234,0.09154783934354782
2026-04-10 16:00:00+00:00,0.09155292809009552,0.09206166118383408,0.09037265181541443,0.09146763384342194
2026-04-10 20:00:00+00:00,0.09146507829427719,0.09147091209888458,0.09029831737279892,0.09042296558618546
2026-04-11 00:00:00+00:00,0.09043152630329132,0.09044895321130753,0.08909761905670166,0.08916642516851425
2026-04-11 04:00:00+00:00,0.08916431665420532,0.08959909528493881,0.08879917860031128,0.08903495222330093
2026-04-11 08:00:00+00:00,0.08903343230485916,0.0895625650882721,0.08893978595733643,0.08895797282457352
2026-04-11 12:00:00+00:00,0.08895495533943176,0.0893002524971962,0.08821840584278107,0.0893002524971962
2026-04-11 16:00:00+00:00,0.08930045366287231,0.09129827469587326,0.08926660567522049,0.09122330695390701
2026-04-11 20:00:00+00:00,0.09122347831726074,0.09123118966817856,0.08976712077856064,0.08996538817882538
2026-04-12 00:00:00+00:00,0.0899653434753418,0.09008323401212692,0.08727264404296875,0.08777111023664474
2026-04-12 04:00:00+00:00,0.08776863664388657,0.08826380223035812,0.08683966845273972,0.08686301112174988
2026-04-12 08:00:00+00:00,0.08685179799795151,0.08716600388288498,0.08646847307682037,0.0869794636964798
2026-04-12 12:00:00+00:00,0.08697571605443954,0.08829915523529053,0.08633815497159958,0.08656769245862961
2026-04-12 16:00:00+00:00,0.08656670898199081,0.08768424391746521,0.0863545835018158,0.08692646026611328
2026-04-12 20:00:00+00:00,0.08692649006843567,0.08711478114128113,0.08560139685869217,0.08583568036556244
2026-04-13 00:00:00+00:00,0.08583109080791473,0.08627158403396606,0.08570677787065506,0.08576679229736328
2026-04-13 04:00:00+00:00,0.08576720207929611,0.08651555329561234,0.08545564115047455,0.08545564115047455
2026-04-13 08:00:00+00:00,0.08545071631669998,0.08633634448051453,0.0852154940366745,0.08630926162004471
2026-04-13 12:00:00+00:00,0.08630845695734024,0.08805697411298752,0.08611439913511276,0.08707025647163391
2026-04-13 16:00:00+00:00,0.08710060268640518,0.08743833750486374,0.08627785742282867,0.08741623908281326
2026-04-13 20:00:00+00:00,0.08743024617433548,0.08980000019073486,0.08659999817609787,0.08969999849796295
2026-04-14 00:00:00+00:00,0.08959999680519104,0.08980000019073486,0.08789999783039093,0.08810000121593475
2026-04-14 04:00:00+00:00,0.08810000121593475,0.08839999884366989,0.08739999681711197,0.0877000018954277
2026-04-14 08:00:00+00:00,0.08780000358819962,0.08829999715089798,0.08739999681711197,0.08739999681711197
2026-04-14 12:00:00+00:00,0.08739999681711197,0.08820000290870667,0.08619999885559082,0.08760000020265579
2026-04-14 16:00:00+00:00,0.08760000020265579,0.0877000018954277,0.08529999852180481,0.08619999885559082
2026-04-14 20:00:00+00:00,0.08630000054836273,0.08640000224113464,0.08569999784231186,0.08590000122785568
2026-04-15 00:00:00+00:00,0.0860000029206276,0.0869000032544136,0.0860000029206276,0.0869000032544136
2026-04-15 04:00:00+00:00,0.0869000032544136,0.0877000018954277,0.08640000224113464,0.08659999817609787
2026-04-15 08:00:00+00:00,0.08649999648332596,0.08739999681711197,0.08649999648332596,0.08720000088214874
2026-04-15 12:00:00+00:00,0.08709999918937683,0.0885000005364418,0.0869000032544136,0.08789999783039093
2026-04-15 16:00:00+00:00,0.08780000358819962,0.08959999680519104,0.08780000358819962,0.08950000256299973
2026-04-15 20:00:00+00:00,0.08940000087022781,0.09040000289678574,0.08910000324249268,0.09019999951124191
2026-04-16 00:00:00+00:00,0.09019999951124191,0.09260000288486481,0.08959999680519104,0.0917000025510788
2026-04-16 04:00:00+00:00,0.0917000025510788,0.09239999949932098,0.09139999747276306,0.0917000025510788
2026-04-16 08:00:00+00:00,0.09189999848604202,0.0934000015258789,0.09099999815225601,0.0934000015258789
2026-04-16 12:00:00+00:00,0.09350000321865082,0.09549999982118607,0.09179999679327011,0.09449999779462814
2026-04-16 16:00:00+00:00,0.09459999948740005,0.09619999676942825,0.0934000015258789,0.09589999914169312
2026-04-16 20:00:00+00:00,0.0957999974489212,0.09640000015497208,0.0940999984741211,0.09489999711513519
2026-04-17 00:00:00+00:00,0.09470000118017197,0.09489999711513519,0.09300000220537186,0.09350000321865082
2026-04-17 04:00:00+00:00,0.09350000321865082,0.09399999678134918,0.09200000017881393,0.09399999678134918
2026-04-17 08:00:00+00:00,0.09399999678134918,0.09539999812841415,0.09290000051259995,0.09539999812841415
2026-04-17 12:00:00+00:00,0.09489999711513519,0.09749999642372131,0.09430000185966492,0.09539999812841415
2026-04-17 16:00:00+00:00,0.09570000320672989,0.09640000015497208,0.09470000118017197,0.09520000219345093
2026-04-17 20:00:00+00:00,0.09520000219345093,0.09610000252723694,0.09480000287294388,0.09539999812841415
2026-04-18 00:00:00+00:00,0.09539999812841415,0.0957999974489212,0.094200000166893,0.09440000355243683
2026-04-18 04:00:00+00:00,0.09440000355243683,0.09790000319480896,0.09399999678134918,0.09749999642372131
2026-04-18 08:00:00+00:00,0.09759999811649323,0.09790000319480896,0.09300000220537186,0.0940999984741211
2026-04-18 12:00:00+00:00,0.09390000253915787,0.09430000185966492,0.09300000220537186,0.09350000321865082
2026-04-18 16:00:00+00:00,0.0934000015258789,0.09380000084638596,0.09210000187158585,0.09239999949932098
2026-04-18 20:00:00+00:00,0.09239999949932098,0.09290000051259995,0.09149999916553497,0.09149999916553497
2026-04-19 00:00:00+00:00,0.0917000025510788,0.0917000025510788,0.08990000188350677,0.09099999815225601
2026-04-19 04:00:00+00:00,0.09099999815225601,0.09269999712705612,0.09080000221729279,0.0917000025510788
2026-04-19 08:00:00+00:00,0.09160000085830688,0.09279999881982803,0.09120000153779984,0.09239999949932098
2026-04-19 12:00:00+00:00,0.09239999949932098,0.09440000355243683,0.09220000356435776,0.093299999833107
2026-04-19 16:00:00+00:00,0.09319999814033508,0.09319999814033508,0.09080000221729279,0.09189999848604202
2026-04-19 20:00:00+00:00,0.09189999848604202,0.09210000187158585,0.08919999748468399,0.08940000087022781
2026-04-20 00:00:00+00:00,0.08950000256299973,0.09019999951124191,0.08919999748468399,0.08980000019073486
2026-04-20 04:00:00+00:00,0.08990000188350677,0.09109999984502792,0.08940000087022781,0.09049999713897705
2026-04-20 08:00:00+00:00,0.09049999713897705,0.09130000323057175,0.09030000120401382,0.09049999713897705
2026-04-20 12:00:00+00:00,0.09040000289678574,0.09229999780654907,0.09040000289678574,0.09120000153779984
2026-04-20 16:00:00+00:00,0.09130000323057175,0.09279999881982803,0.09109999984502792,0.09220000356435776
2026-04-20 20:00:00+00:00,0.09220000356435776,0.09319999814033508,0.09149999916553497,0.0917000025510788
2026-04-21 00:00:00+00:00,0.0917000025510788,0.09269999712705612,0.09109999984502792,0.09139999747276306
2026-04-21 04:00:00+00:00,0.09139999747276306,0.09179999679327011,0.09099999815225601,0.09149999916553497
2026-04-21 08:00:00+00:00,0.09149999916553497,0.09220000356435776,0.09120000153779984,0.0917000025510788
2026-04-21 12:00:00+00:00,0.0917000025510788,0.09200000017881393,0.09070000052452087,0.09109999984502792
2026-04-21 16:00:00+00:00,0.09109999984502792,0.09149999916553497,0.08950000256299973,0.08950000256299973
2026-04-21 20:00:00+00:00,0.08950000256299973,0.0925000011920929,0.08950000256299973,0.09239999949932098
2026-04-22 00:00:00+00:00,0.09239999949932098,0.0934000015258789,0.09149999916553497,0.09279999881982803
2026-04-22 04:00:00+00:00,0.09279999881982803,0.09399999678134918,0.09269999712705612,0.09319999814033508
2026-04-22 08:00:00+00:00,0.09319999814033508,0.09319999814033508,0.09239999949932098,0.09269999712705612
2026-04-22 12:00:00+00:00,0.09269999712705612,0.09309999644756317,0.09179999679327011,0.09290000051259995
2026-04-22 16:00:00+00:00,0.09290000051259995,0.09369999915361404,0.09220000356435776,0.0925000011920929
2026-04-22 20:00:00+00:00,0.0925000011920929,0.0925000011920929,0.09130000323057175,0.09130000323057175
2026-04-23 00:00:00+00:00,0.09130000323057175,0.09149999916553497,0.08969999849796295,0.08980000019073486
2026-04-23 04:00:00+00:00,0.08980000019073486,0.09070000052452087,0.08959999680519104,0.09019999951124191
2026-04-23 08:00:00+00:00,0.09019999951124191,0.0908999964594841,0.08980000019073486,0.0908999964594841
2026-04-23 12:00:00+00:00,0.0908999964594841,0.09200000017881393,0.09049999713897705,0.09200000017881393
2026-04-23 16:00:00+00:00,0.09200000017881393,0.09229999780654907,0.09009999781847,0.09109999984502792
2026-04-23 20:00:00+00:00,0.09109999984502792,0.09220000356435776,0.09109999984502792,0.09220000356435776
2026-04-24 00:00:00+00:00,0.09220000356435776,0.09269999712705612,0.09130000323057175,0.09189999848604202
2026-04-24 04:00:00+00:00,0.09200000017881393,0.09239999949932098,0.09130000323057175,0.09200000017881393
2026-04-24 08:00:00+00:00,0.09200000017881393,0.09279999881982803,0.09149999916553497,0.09279999881982803
2026-04-24 12:00:00+00:00,0.09279999881982803,0.09309999644756317,0.09149999916553497,0.09309999644756317
2026-04-24 16:00:00+00:00,0.093299999833107,0.09589999914169312,0.09290000051259995,0.09589999914169312
2026-04-24 20:00:00+00:00,0.09589999914169312,0.09679999947547913,0.0940999984741211,0.09560000151395798
2026-04-25 00:00:00+00:00,0.09560000151395798,0.0982000008225441,0.09440000355243683,0.09749999642372131
2026-04-25 04:00:00+00:00,0.09749999642372131,0.10029999911785126,0.0957999974489212,0.09889999777078629
2026-04-25 08:00:00+00:00,0.09849999845027924,0.10159999877214432,0.09749999642372131,0.09780000150203705
2026-04-25 12:00:00+00:00,0.09780000150203705,0.09780000150203705,0.09600000083446503,0.09600000083446503
2026-04-25 16:00:00+00:00,0.09600000083446503,0.09669999778270721,0.09489999711513519,0.0957999974489212
2026-04-25 20:00:00+00:00,0.0957999974489212,0.09759999811649323,0.09529999643564224,0.09719999879598618
2026-04-26 00:00:00+00:00,0.09719999879598618,0.09719999879598618,0.09369999915361404,0.094200000166893
2026-04-26 04:00:00+00:00,0.094200000166893,0.09560000151395798,0.094200000166893,0.09510000050067902
2026-04-26 08:00:00+00:00,0.09510000050067902,0.09570000320672989,0.09480000287294388,0.09549999982118607
2026-04-26 12:00:00+00:00,0.09549999982118607,0.09589999914169312,0.09399999678134918,0.09589999914169312
2026-04-26 16:00:00+00:00,0.09589999914169312,0.09589999914169312,0.09440000355243683,0.09480000287294388
2026-04-26 20:00:00+00:00,0.09480000287294388,0.09529999643564224,0.09430000185966492,0.0949999988079071
2026-04-27 00:00:00+00:00,0.09480000287294388,0.09589999914169312,0.09440000355243683,0.09560000151395798
2026-04-27 04:00:00+00:00,0.09560000151395798,0.09560000151395798,0.09220000356435776,0.0925000011920929
2026-04-27 08:00:00+00:00,0.09239999949932098,0.0934000015258789,0.09239999949932098,0.09269999712705612
2026-04-27 12:00:00+00:00,0.09269999712705612,0.09350000321865082,0.0917000025510788,0.0917000025510788
2026-04-27 16:00:00+00:00,0.0917000025510788,0.0925000011920929,0.09160000085830688,0.09189999848604202
2026-04-27 20:00:00+00:00,0.09189999848604202,0.09309999644756317,0.09189999848604202,0.09309999644756317
2026-04-28 00:00:00+00:00,0.09309999644756317,0.09350000321865082,0.09210000187158585,0.09350000321865082
2026-04-28 04:00:00+00:00,0.09350000321865082,0.09359999746084213,0.09269999712705612,0.09309999644756317
2026-04-28 08:00:00+00:00,0.09300000220537186,0.09350000321865082,0.09210000187158585,0.0925000011920929
2026-04-28 12:00:00+00:00,0.0925000011920929,0.09269999712705612,0.09160000085830688,0.09200000017881393
2026-04-28 16:00:00+00:00,0.09200000017881393,0.0925000011920929,0.09149999916553497,0.0925000011920929
2026-04-28 20:00:00+00:00,0.0925000011920929,0.0925000011920929,0.09120000153779984,0.09160000085830688
2026-04-29 00:00:00+00:00,0.09160000085830688,0.09229999780654907,0.09099999815225601,0.09229999780654907
2026-04-29 04:00:00+00:00,0.09229999780654907,0.09300000220537186,0.09220000356435776,0.09220000356435776
2026-04-29 08:00:00+00:00,0.09220000356435776,0.09290000051259995,0.09149999916553497,0.09229999780654907
2026-04-29 12:00:00+00:00,0.09229999780654907,0.09229999780654907,0.08940000087022781,0.08950000256299973
2026-04-29 16:00:00+00:00,0.08950000256299973,0.09049999713897705,0.0877000018954277,0.08900000154972076
2026-04-29 20:00:00+00:00,0.08919999748468399,0.09040000289678574,0.08910000324249268,0.09009999781847
2026-04-30 00:00:00+00:00,0.09009999781847,0.09130000323057175,0.08969999849796295,0.09009999781847
2026-04-30 04:00:00+00:00,0.09009999781847,0.09019999951124191,0.08900000154972076,0.09009999781847
2026-04-30 08:00:00+00:00,0.09009999781847,0.09049999713897705,0.08969999849796295,0.09019999951124191
2026-04-30 12:00:00+00:00,0.09019999951124191,0.09049999713897705,0.08950000256299973,0.09009999781847
2026-04-30 16:00:00+00:00,0.09009999781847,0.09019999951124191,0.08950000256299973,0.08950000256299973
2026-04-30 20:00:00+00:00,0.08950000256299973,0.08950000256299973,0.08910000324249268,0.08940000087022781
2026-05-01 00:00:00+00:00,0.08940000087022781,0.0908999964594841,0.0892999991774559,0.09040000289678574
2026-05-01 04:00:00+00:00,0.09040000289678574,0.09059999883174896,0.08950000256299973,0.08980000019073486
2026-05-01 08:00:00+00:00,0.08980000019073486,0.09030000120401382,0.08940000087022781,0.09000000357627869
2026-05-01 12:00:00+00:00,0.09000000357627869,0.09099999815225601,0.08990000188350677,0.09070000052452087
2026-05-01 16:00:00+00:00,0.09070000052452087,0.09080000221729279,0.09000000357627869,0.09009999781847
2026-05-01 20:00:00+00:00,0.09009999781847,0.09009999781847,0.08940000087022781,0.08980000019073486
2026-05-02 00:00:00+00:00,0.08980000019073486,0.09030000120401382,0.08950000256299973,0.08950000256299973
2026-05-02 04:00:00+00:00,0.08950000256299973,0.08959999680519104,0.08919999748468399,0.08950000256299973
2026-05-02 08:00:00+00:00,0.08950000256299973,0.09019999951124191,0.08950000256299973,0.08980000019073486
2026-05-02 12:00:00+00:00,0.08980000019073486,0.09059999883174896,0.08969999849796295,0.09049999713897705
2026-05-02 16:00:00+00:00,0.09049999713897705,0.09080000221729279,0.08980000019073486,0.09080000221729279
2026-05-02 20:00:00+00:00,0.09080000221729279,0.09109999984502792,0.09059999883174896,0.09070000052452087
2026-05-03 00:00:00+00:00,0.09070000052452087,0.0908999964594841,0.08990000188350677,0.09049999713897705
2026-05-03 04:00:00+00:00,0.09049999713897705,0.09049999713897705,0.08980000019073486,0.09030000120401382
2026-05-03 08:00:00+00:00,0.09030000120401382,0.09099999815225601,0.08990000188350677,0.09019999951124191
2026-05-03 12:00:00+00:00,0.09019999951124191,0.09049999713897705,0.08900000154972076,0.08910000324249268
2026-05-03 16:00:00+00:00,0.08910000324249268,0.08950000256299973,0.08869999647140503,0.08889999985694885
2026-05-03 20:00:00+00:00,0.08889999985694885,0.08900000154972076,0.08789999783039093,0.08810000121593475
2026-05-04 00:00:00+00:00,0.08810000121593475,0.09000000357627869,0.08709999918937683,0.08950000256299973
2026-05-04 04:00:00+00:00,0.08950000256299973,0.09000000357627869,0.08919999748468399,0.08950000256299973
2026-05-04 08:00:00+00:00,0.08950000256299973,0.08980000019073486,0.08730000257492065,0.08780000358819962
2026-05-04 12:00:00+00:00,0.08780000358819962,0.0885000005364418,0.08709999918937683,0.08789999783039093
2026-05-04 16:00:00+00:00,0.08789999783039093,0.08869999647140503,0.08730000257492065,0.08749999850988388
2026-05-04 20:00:00+00:00,0.08760000020265579,0.08789999783039093,0.08699999749660492,0.08720000088214874
2026-05-05 00:00:00+00:00,0.08720000088214874,0.08869999647140503,0.08720000088214874,0.08829999715089798
2026-05-05 04:00:00+00:00,0.08829999715089798,0.0892999991774559,0.08780000358819962,0.08919999748468399
2026-05-05 08:00:00+00:00,0.08919999748468399,0.09009999781847,0.08889999985694885,0.08959999680519104
2026-05-05 12:00:00+00:00,0.08959999680519104,0.09000000357627869,0.08889999985694885,0.08919999748468399
2026-05-05 16:00:00+00:00,0.08919999748468399,0.08990000188350677,0.08879999816417694,0.08990000188350677
2026-05-05 20:00:00+00:00,0.09000000357627869,0.09099999815225601,0.08990000188350677,0.09030000120401382
2026-05-06 00:00:00+00:00,0.09030000120401382,0.09229999780654907,0.09009999781847,0.09229999780654907
2026-05-06 04:00:00+00:00,0.09229999780654907,0.09279999881982803,0.09139999747276306,0.0925000011920929
2026-05-06 08:00:00+00:00,0.0925000011920929,0.094200000166893,0.0925000011920929,0.09309999644756317
2026-05-06 12:00:00+00:00,0.09309999644756317,0.093299999833107,0.09120000153779984,0.0925000011920929
2026-05-06 16:00:00+00:00,0.0925000011920929,0.09279999881982803,0.0917000025510788,0.09179999679327011
2026-05-06 20:00:00+00:00,0.09179999679327011,0.09309999644756317,0.0917000025510788,0.09279999881982803
2026-05-07 00:00:00+00:00,0.09279999881982803,0.09300000220537186,0.09120000153779984,0.09130000323057175
2026-05-07 04:00:00+00:00,0.09109999984502792,0.09369999915361404,0.09099999815225601,0.0934000015258789
2026-05-07 08:00:00+00:00,0.0934000015258789,0.09359999746084213,0.0917000025510788,0.09239999949932098
2026-05-07 12:00:00+00:00,0.09239999949932098,0.09319999814033508,0.09070000052452087,0.09120000153779984
2026-05-07 16:00:00+00:00,0.09120000153779984,0.09239999949932098,0.09099999815225601,0.09189999848604202
2026-05-07 20:00:00+00:00,0.09189999848604202,0.0925000011920929,0.09120000153779984,0.09189999848604202
2026-05-08 00:00:00+00:00,0.09189999848604202,0.09247912466526031,0.0917000025510788,0.09227639436721802
2026-05-08 04:00:00+00:00,0.09227756410837173,0.09264257550239563,0.0917903482913971,0.09218082576990128
2026-05-08 08:00:00+00:00,0.09218036383390427,0.09414037317037582,0.09217558801174164,0.09387912601232529
2026-05-08 12:00:00+00:00,0.0938883125782013,0.09610000252723694,0.09309999644756317,0.09589999914169312
2026-05-08 16:00:00+00:00,0.09589999914169312,0.09700000286102295,0.09520000219345093,0.09640000015497208
2026-05-08 20:00:00+00:00,0.09629999846220016,0.09830000251531601,0.09610000252723694,0.09700000286102295
2026-05-09 00:00:00+00:00,0.09700000286102295,0.09929999709129333,0.09679999947547913,0.0982000008225441
2026-05-09 04:00:00+00:00,0.0982000008225441,0.0989999994635582,0.09749999642372131,0.09790000319480896
2026-05-09 08:00:00+00:00,0.09790000319480896,0.0989999994635582,0.09700000286102295,0.09769999980926514
2026-05-09 12:00:00+00:00,0.09769999980926514,0.09769999980926514,0.09529999643564224,0.09549999982118607
2026-05-09 16:00:00+00:00,0.09549999982118607,0.09740000218153,0.09529999643564224,0.09690000116825104
2026-05-09 20:00:00+00:00,0.09690000116825104,0.09740000218153,0.09629999846220016,0.09650000184774399
2026-05-10 00:00:00+00:00,0.09650000184774399,0.09650000184774399,0.09520000219345093,0.09600000083446503
2026-05-10 04:00:00+00:00,0.09600000083446503,0.09809999912977219,0.09589999914169312,0.09769999980926514
2026-05-10 08:00:00+00:00,0.09759999811649323,0.09880000352859497,0.09759999811649323,0.09830000251531601
2026-05-10 12:00:00+00:00,0.09830000251531601,0.09950000047683716,0.09790000319480896,0.09950000047683716
2026-05-10 16:00:00+00:00,0.09939999878406525,0.10239999741315842,0.09939999878406525,0.10050000250339508
2026-05-10 20:00:00+00:00,0.10050000250339508,0.1005999967455864,0.09700000286102295,0.09929999709129333
2026-05-11 00:00:00+00:00,0.09929999709129333,0.09969999641180038,0.09719999879598618,0.09830000251531601
2026-05-11 04:00:00+00:00,0.09830000251531601,0.1006999984383583,0.09799999743700027,0.09960000216960907
2026-05-11 08:00:00+00:00,0.09960000216960907,0.1006999984383583,0.09910000115633011,0.09950000047683716
2026-05-11 12:00:00+00:00,0.09950000047683716,0.09969999641180038,0.09849999845027924,0.09960000216960907
2026-05-11 16:00:00+00:00,0.09960000216960907,0.10029999911785126,0.09889999777078629,0.10019999742507935
2026-05-11 20:00:00+00:00,0.10019999742507935,0.10050000250339508,0.09969999641180038,0.10019999742507935
2026-05-12 00:00:00+00:00,0.10019999742507935,0.10040000081062317,0.09849999845027924,0.09880000352859497
2026-05-12 04:00:00+00:00,0.09880000352859497,0.10159999877214432,0.09860000014305115,0.10119999945163727
2026-05-12 08:00:00+00:00,0.10119999945163727,0.10119999945163727,0.09870000183582306,0.09880000352859497
2026-05-12 12:00:00+00:00,0.09880000352859497,0.09920000284910202,0.09600000083446503,0.0966000035405159
2026-05-12 16:00:00+00:00,0.0966000035405159,0.09870000183582306,0.09600000083446503,0.09860000014305115
2026-05-12 20:00:00+00:00,0.09839999675750732,0.09910000115633011,0.09759999811649323,0.09769999980926514
2026-05-13 00:00:00+00:00,0.09769999980926514,0.09929999709129333,0.09769999980926514,0.0989999994635582
2026-05-13 04:00:00+00:00,0.0989999994635582,0.10029999911785126,0.09849999845027924,0.10010000318288803
2026-05-13 08:00:00+00:00,0.10010000318288803,0.10100000351667404,0.09889999777078629,0.09889999777078629
2026-05-13 12:00:00+00:00,0.09889999777078629,0.09910000115633011,0.09440000355243683,0.09459999948740005
2026-05-13 16:00:00+00:00,0.09459999948740005,0.09669999778270721,0.09459999948740005,0.09539999812841415
2026-05-13 20:00:00+00:00,0.09539999812841415,0.09600000083446503,0.09459999948740005,0.09529999643564224
2026-05-14 00:00:00+00:00,0.09529999643564224,0.09589999914169312,0.09359999746084213,0.09369999915361404
2026-05-14 04:00:00+00:00,0.09359999746084213,0.09549999982118607,0.09359999746084213,0.09529999643564224
2026-05-14 08:00:00+00:00,0.09529999643564224,0.09549999982118607,0.09459999948740005,0.09489999711513519
2026-05-14 12:00:00+00:00,0.09470000118017197,0.09780000150203705,0.09470000118017197,0.09780000150203705
2026-05-14 16:00:00+00:00,0.09780000150203705,0.09809999912977219,0.09679999947547913,0.09719999879598618
2026-05-14 20:00:00+00:00,0.09719999879598618,0.09730000048875809,0.09570000320672989,0.09570000320672989
2026-05-15 00:00:00+00:00,0.09600000083446503,0.09669999778270721,0.09539999812841415,0.0957999974489212
2026-05-15 04:00:00+00:00,0.0957999974489212,0.0957999974489212,0.09359999746084213,0.09470000118017197
2026-05-15 08:00:00+00:00,0.09470000118017197,0.0949999988079071,0.09399999678134918,0.09470000118017197
2026-05-15 12:00:00+00:00,0.09470000118017197,0.09470000118017197,0.09099999815225601,0.0917000025510788
2026-05-15 16:00:00+00:00,0.0917000025510788,0.09260000288486481,0.09139999747276306,0.09210000187158585
2026-05-15 20:00:00+00:00,0.09210000187158585,0.09210000187158585,0.0917000025510788,0.09189999848604202
2026-05-16 00:00:00+00:00,0.09189999848604202,0.09200000017881393,0.09120000153779984,0.09139999747276306
2026-05-16 04:00:00+00:00,0.09139999747276306,0.09139999747276306,0.08799999952316284,0.08879999816417694
2026-05-16 08:00:00+00:00,0.08879999816417694,0.08900000154972076,0.08749999850988388,0.08860000222921371
2026-05-16 12:00:00+00:00,0.08860000222921371,0.09009999781847,0.08839999884366989,0.08990000188350677
2026-05-16 16:00:00+00:00,0.08990000188350677,0.09009999781847,0.08959999680519104,0.09009999781847
2026-05-16 20:00:00+00:00,0.09009999781847,0.09009999781847,0.08959999680519104,0.08959999680519104
2026-05-17 00:00:00+00:00,0.08959999680519104,0.08969999849796295,0.08869999647140503,0.08969999849796295
2026-05-17 04:00:00+00:00,0.08969999849796295,0.09030000120401382,0.08940000087022781,0.08959999680519104
2026-05-17 08:00:00+00:00,0.08959999680519104,0.09000000357627869,0.08940000087022781,0.08950000256299973
2026-05-17 12:00:00+00:00,0.08950000256299973,0.08950000256299973,0.08860000222921371,0.08900000154972076
2026-05-17 16:00:00+00:00,0.08900000154972076,0.08940000087022781,0.08820000290870667,0.08940000087022781
2026-05-17 20:00:00+00:00,0.08940000087022781,0.08950000256299973,0.08460000157356262,0.0869000032544136
2026-05-18 00:00:00+00:00,0.0869000032544136,0.08730000257492065,0.08590000122785568,0.08699999749660492
2026-05-18 04:00:00+00:00,0.08699999749660492,0.0877000018954277,0.08649999648332596,0.08669999986886978
2026-05-18 08:00:00+00:00,0.08669999986886978,0.08739999681711197,0.08609999716281891,0.08720000088214874
2026-05-18 12:00:00+00:00,0.08720000088214874,0.08780000358819962,0.08569999784231186,0.08649999648332596
2026-05-18 16:00:00+00:00,0.08640000224113464,0.08799999952316284,0.08630000054836273,0.08799999952316284
2026-05-18 20:00:00+00:00,0.08799999952316284,0.08900000154972076,0.08760000020265579,0.08879999816417694
2026-05-19 00:00:00+00:00,0.08879999816417694,0.08919999748468399,0.0877000018954277,0.08829999715089798
2026-05-19 04:00:00+00:00,0.08810000121593475,0.08860000222921371,0.08749999850988388,0.0885000005364418
2026-05-19 08:00:00+00:00,0.0885000005364418,0.0885000005364418,0.08780000358819962,0.08789999783039093
2026-05-19 12:00:00+00:00,0.08789999783039093,0.08919999748468399,0.0877000018954277,0.08810000121593475
2026-05-19 16:00:00+00:00,0.08810000121593475,0.08879999816417694,0.0877000018954277,0.08799999952316284
2026-05-19 20:00:00+00:00,0.08799999952316284,0.08889999985694885,0.0877000018954277,0.08799999952316284
2026-05-20 00:00:00+00:00,0.08799999952316284,0.08900000154972076,0.08749999850988388,0.08889999985694885
2026-05-20 04:00:00+00:00,0.08889999985694885,0.09040000289678574,0.08879999816417694,0.08959999680519104
2026-05-20 08:00:00+00:00,0.08959999680519104,0.08980000019073486,0.0885000005364418,0.0885000005364418
2026-05-20 12:00:00+00:00,0.0885000005364418,0.08940000087022781,0.08799999952316284,0.08910000324249268
2026-05-20 16:00:00+00:00,0.08910000324249268,0.08950000256299973,0.08879999816417694,0.08910000324249268
2026-05-20 20:00:00+00:00,0.08910000324249268,0.0892999991774559,0.08829999715089798,0.08889999985694885
2026-05-21 00:00:00+00:00,0.08889999985694885,0.08980000019073486,0.08879999816417694,0.08950000256299973
2026-05-21 04:00:00+00:00,0.08950000256299973,0.08980000019073486,0.0885000005364418,0.08900000154972076
2026-05-21 08:00:00+00:00,0.08900000154972076,0.08950000256299973,0.08799999952316284,0.08799999952316284
2026-05-21 12:00:00+00:00,0.08799999952316284,0.08889999985694885,0.08789999783039093,0.0885000005364418
2026-05-21 16:00:00+00:00,0.0885000005364418,0.08990000188350677,0.08799999952316284,0.08990000188350677
2026-05-21 20:00:00+00:00,0.08990000188350677,0.09030000120401382,0.0892999991774559,0.08959999680519104
2026-05-22 00:00:00+00:00,0.08959999680519104,0.09019999951124191,0.08910000324249268,0.09009999781847
2026-05-22 04:00:00+00:00,0.09009999781847,0.09019999951124191,0.08940000087022781,0.08980000019073486
2026-05-22 08:00:00+00:00,0.08980000019073486,0.09009999781847,0.08889999985694885,0.0892999991774559
2026-05-22 12:00:00+00:00,0.0892999991774559,0.09009999781847,0.08820000290870667,0.08879999816417694
2026-05-22 16:00:00+00:00,0.08869999647140503,0.08910000324249268,0.08540000021457672,0.08619999885559082
2026-05-22 20:00:00+00:00,0.08619999885559082,0.08669999986886978,0.08479999750852585,0.08529999852180481
2026-05-23 00:00:00+00:00,0.08529999852180481,0.0868000015616417,0.08500000089406967,0.08590000122785568
2026-05-23 04:00:00+00:00,0.08590000122785568,0.08590000122785568,0.08309999853372574,0.08389999717473984
2026-05-23 08:00:00+00:00,0.08389999717473984,0.08399999886751175,0.08320000022649765,0.08349999785423279
2026-05-23 12:00:00+00:00,0.08349999785423279,0.08630000054836273,0.08340000361204147,0.0860000029206276
2026-05-23 16:00:00+00:00,0.0860000029206276,0.08720000088214874,0.08590000122785568,0.08699999749660492
2026-05-23 20:00:00+00:00,0.08699999749660492,0.08950000256299973,0.08699999749660492,0.08789999783039093
2026-05-24 00:00:00+00:00,0.08789999783039093,0.08810000121593475,0.0869000032544136,0.08699999749660492
2026-05-24 04:00:00+00:00,0.08699999749660492,0.08739999681711197,0.08649999648332596,0.0869000032544136
2026-05-24 08:00:00+00:00,0.0869000032544136,0.08720000088214874,0.08669999986886978,0.08669999986886978
2026-05-24 12:00:00+00:00,0.08669999986886978,0.08669999986886978,0.0851999968290329,0.08609999716281891
2026-05-24 16:00:00+00:00,0.08609999716281891,0.0868000015616417,0.0860000029206276,0.08630000054836273
2026-05-24 20:00:00+00:00,0.08619999885559082,0.08619999885559082,0.08449999988079071,0.0860000029206276
2026-05-25 00:00:00+00:00,0.0860000029206276,0.08640000224113464,0.08590000122785568,0.08609999716281891
2026-05-25 04:00:00+00:00,0.08609999716281891,0.0877000018954277,0.08609999716281891,0.08749999850988388
2026-05-25 08:00:00+00:00,0.08749999850988388,0.08780000358819962,0.08709999918937683,0.08709999918937683
2026-05-25 12:00:00+00:00,0.08709999918937683,0.08789999783039093,0.0869000032544136,0.08760000020265579
2026-05-25 16:00:00+00:00,0.08760000020265579,0.08799999952316284,0.08699999749660492,0.08709999918937683
2026-05-25 20:00:00+00:00,0.08709999918937683,0.08730000257492065,0.08619999885559082,0.08669999986886978
2026-05-26 00:00:00+00:00,0.0868000015616417,0.0868000015616417,0.08560000360012054,0.08590000122785568
2026-05-26 04:00:00+00:00,0.08590000122785568,0.08699999749660492,0.08590000122785568,0.08640000224113464
2026-05-26 08:00:00+00:00,0.08640000224113464,0.08789999783039093,0.08640000224113464,0.08739999681711197
2026-05-26 12:00:00+00:00,0.08739999681711197,0.08829999715089798,0.08630000054836273,0.0869000032544136
2026-05-26 16:00:00+00:00,0.0869000032544136,0.0869000032544136,0.08510000258684158,0.08579999953508377
2026-05-26 20:00:00+00:00,0.08579999953508377,0.08579999953508377,0.0851999968290329,0.08529999852180481
2026-05-27 00:00:00+00:00,0.08529999852180481,0.0860000029206276,0.08479999750852585,0.08489999920129776
2026-05-27 04:00:00+00:00,0.08489999920129776,0.08590000122785568,0.08420000225305557,0.08579999953508377
2026-05-27 08:00:00+00:00,0.08579999953508377,0.0860000029206276,0.08529999852180481,0.08560000360012054
2026-05-27 12:00:00+00:00,0.08560000360012054,0.08649999648332596,0.08479999750852585,0.0860000029206276
2026-05-27 16:00:00+00:00,0.0860000029206276,0.08619999885559082,0.08460000157356262,0.0851999968290329
2026-05-27 20:00:00+00:00,0.0851999968290329,0.08540000021457672,0.08320000022649765,0.08380000293254852
2026-05-28 00:00:00+00:00,0.08380000293254852,0.08420000225305557,0.08190000057220459,0.08219999819993973
2026-05-28 04:00:00+00:00,0.08219999819993973,0.08250000327825546,0.08110000193119049,0.08229999989271164
2026-05-28 08:00:00+00:00,0.08229999989271164,0.08259999752044678,0.08169999718666077,0.0820000022649765
2026-05-28 12:00:00+00:00,0.0820000022649765,0.08309999853372574,0.08169999718666077,0.08269999921321869
2026-05-28 16:00:00+00:00,0.0828000009059906,0.08460000157356262,0.08259999752044678,0.08370000123977661
2026-05-28 20:00:00+00:00,0.08370000123977661,0.0843999981880188,0.08340000361204147,0.08380000293254852
2026-05-29 00:00:00+00:00,0.08380000293254852,0.08420000225305557,0.08309999853372574,0.08330000191926956
2026-05-29 04:00:00+00:00,0.08330000191926956,0.08420000225305557,0.0828000009059906,0.08349999785423279
2026-05-29 08:00:00+00:00,0.08349999785423279,0.08410000056028366,0.08290000259876251,0.08309999853372574
2026-05-29 12:00:00+00:00,0.08309999853372574,0.08540000021457672,0.08219999819993973,0.08479999750852585
2026-05-29 16:00:00+00:00,0.08479999750852585,0.08500000089406967,0.08320000022649765,0.08349999785423279
2026-05-29 20:00:00+00:00,0.08349999785423279,0.08470000326633453,0.08340000361204147,0.08470000326633453
2026-05-30 00:00:00+00:00,0.08470000326633453,0.08739999681711197,0.0843999981880188,0.08640000224113464
2026-05-30 04:00:00+00:00,0.08640000224113464,0.08649999648332596,0.08489999920129776,0.08579999953508377
2026-05-30 08:00:00+00:00,0.08579999953508377,0.08649999648332596,0.08569999784231186,0.08569999784231186
2026-05-30 12:00:00+00:00,0.08569999784231186,0.08609999716281891,0.08510000258684158,0.0851999968290329
2026-05-30 16:00:00+00:00,0.0851999968290329,0.08540000021457672,0.08479999750852585,0.08500000089406967
2026-05-30 20:00:00+00:00,0.08500000089406967,0.0851999968290329,0.08429999649524689,0.08470000326633453
2026-05-31 00:00:00+00:00,0.08470000326633453,0.08529999852180481,0.0843999981880188,0.08449999988079071
2026-05-31 04:00:00+00:00,0.08449999988079071,0.08449999988079071,0.08370000123977661,0.08399999886751175
2026-05-31 08:00:00+00:00,0.08399999886751175,0.08449999988079071,0.08389999717473984,0.08410000056028366
2026-05-31 12:00:00+00:00,0.08410000056028366,0.0843999981880188,0.08250000327825546,0.08290000259876251
2026-05-31 16:00:00+00:00,0.08290000259876251,0.08330000191926956,0.08229999989271164,0.08309999853372574
2026-05-31 20:00:00+00:00,0.08309999853372574,0.08500000089406967,0.08309999853372574,0.08460000157356262
2026-06-01 00:00:00+00:00,0.08460000157356262,0.0860000029206276,0.0843999981880188,0.08550000190734863
2026-06-01 04:00:00+00:00,0.08550000190734863,0.08579999953508377,0.08370000123977661,0.08380000293254852
2026-06-01 08:00:00+00:00,0.08380000293254852,0.08420000225305557,0.08330000191926956,0.08380000293254852
2026-06-01 12:00:00+00:00,0.08399999886751175,0.08399999886751175,0.08259999752044678,0.08320000022649765
2026-06-01 16:00:00+00:00,0.08320000022649765,0.08529999852180481,0.08309999853372574,0.08479999750852585
2026-06-01 20:00:00+00:00,0.08479999750852585,0.08479999750852585,0.08330000191926956,0.08389999717473984
2026-06-02 00:00:00+00:00,0.08389999717473984,0.08389999717473984,0.08190000057220459,0.08320000022649765
2026-06-02 04:00:00+00:00,0.08320000022649765,0.08320000022649765,0.08150000125169754,0.08209999650716782
2026-06-02 08:00:00+00:00,0.08209999650716782,0.08219999819993973,0.08100000023841858,0.0820000022649765
2026-06-02 12:00:00+00:00,0.0820000022649765,0.08209999650716782,0.07779999822378159,0.07840000092983246
2026-06-02 16:00:00+00:00,0.07840000092983246,0.07989999651908875,0.07750000059604645,0.07859999686479568
2026-06-02 20:00:00+00:00,0.07859999686479568,0.08020000159740448,0.07670000195503235,0.0778999999165535
2026-06-03 00:00:00+00:00,0.07810000330209732,0.07919999957084656,0.0771000012755394,0.07739999890327454
2026-06-03 04:00:00+00:00,0.07739999890327454,0.0812000036239624,0.07739999890327454,0.08089999854564667
2026-06-03 08:00:00+00:00,0.08089999854564667,0.08089999854564667,0.07959999889135361,0.0803999975323677
2026-06-03 12:00:00+00:00,0.0803999975323677,0.08070000261068344,0.07980000227689743,0.07980000227689743
2026-06-03 16:00:00+00:00,0.07980000227689743,0.08009999990463257,0.07829999923706055,0.07850000262260437
2026-06-03 20:00:00+00:00,0.07850000262260437,0.07940000295639038,0.07729999721050262,0.07750000059604645
2026-06-04 00:00:00+00:00,0.07750000059604645,0.07810000330209732,0.07129999995231628,0.0754999965429306
2026-06-04 04:00:00+00:00,0.0754999965429306,0.07580000162124634,0.07270000129938126,0.07280000299215317
2026-06-04 08:00:00+00:00,0.07270000129938126,0.07289999723434448,0.07069999724626541,0.07199999690055847
2026-06-04 12:00:00+00:00,0.07209999859333038,0.07530000060796738,0.07169999927282333,0.07460000365972519
2026-06-04 16:00:00+00:00,0.07460000365972519,0.0746999979019165,0.07339999824762344,0.07429999858140945
2026-06-04 20:00:00+00:00,0.07429999858140945,0.07429999858140945,0.07199999690055847,0.07289999723434448
2026-06-05 00:00:00+00:00,0.07289999723434448,0.07329999655485153,0.07039999961853027,0.07039999961853027
2026-06-05 04:00:00+00:00,0.07050000131130219,0.0722000002861023,0.06679999828338623,0.06949999928474426
2026-06-05 08:00:00+00:00,0.06949999928474426,0.07039999961853027,0.06830000132322311,0.06930000334978104
2026-06-05 12:00:00+00:00,0.06930000334978104,0.06989999860525131,0.06669999659061432,0.0674000009894371
2026-06-05 16:00:00+00:00,0.0674000009894371,0.06949999928474426,0.06560000032186508,0.0674000009894371
2026-06-05 20:00:00+00:00,0.0674000009894371,0.06949999928474426,0.06679999828338623,0.06800000369548798
2026-06-06 00:00:00+00:00,0.06800000369548798,0.06880000233650208,0.06669999659061432,0.06700000166893005
2026-06-06 04:00:00+00:00,0.06700000166893005,0.06719999760389328,0.06369999796152115,0.06669999659061432
2026-06-06 08:00:00+00:00,0.066600002348423,0.06750000268220901,0.06560000032186508,0.066600002348423
2026-06-06 12:00:00+00:00,0.066600002348423,0.0674000009894371,0.06599999964237213,0.066600002348423
2026-06-06 16:00:00+00:00,0.066600002348423,0.06689999997615814,0.06589999794960022,0.06599999964237213
2026-06-06 20:00:00+00:00,0.06599999964237213,0.06679999828338623,0.0658000037074089,0.06620000302791595
2026-06-07 00:00:00+00:00,0.06620000302791595,0.06769999861717224,0.0658000037074089,0.06719999760389328
2026-06-07 04:00:00+00:00,0.06719999760389328,0.06809999793767929,0.06679999828338623,0.06780000030994415
2026-06-07 08:00:00+00:00,0.06780000030994415,0.0689999982714653,0.06700000166893005,0.06759999692440033
2026-06-07 12:00:00+00:00,0.06759999692440033,0.06790000200271606,0.06629999727010727,0.06689999997615814
2026-06-07 16:00:00+00:00,0.06689999997615814,0.06750000268220901,0.0649000033736229,0.06509999930858612
2026-06-07 20:00:00+00:00,0.06509999930858612,0.0689999982714653,0.06509999930858612,0.06710000336170197
2026-06-08 00:00:00+00:00,0.06710000336170197,0.06809999793767929,0.06669999659061432,0.06679999828338623
2026-06-08 04:00:00+00:00,0.06679999828338623,0.06679999828338623,0.06509999930858612,0.06589999794960022
2026-06-08 08:00:00+00:00,0.06589999794960022,0.06780000030994415,0.06549999862909317,0.0674000009894371
2026-06-08 12:00:00+00:00,0.0674000009894371,0.06809999793767929,0.06689999997615814,0.06700000166893005
2026-06-08 16:00:00+00:00,0.06700000166893005,0.06759999692440033,0.06669999659061432,0.06700000166893005
2026-06-08 20:00:00+00:00,0.06700000166893005,0.06780000030994415,0.06639999896287918,0.066600002348423
2026-06-09 00:00:00+00:00,0.06669999659061432,0.06669999659061432,0.06480000168085098,0.065700002014637
2026-06-09 04:00:00+00:00,0.065700002014637,0.066600002348423,0.06549999862909317,0.06620000302791595
2026-06-09 08:00:00+00:00,0.06620000302791595,0.06620000302791595,0.06520000100135803,0.065700002014637
2026-06-09 12:00:00+00:00,0.065700002014637,0.06639999896287918,0.06430000066757202,0.06440000236034393
2026-06-09 16:00:00+00:00,0.06440000236034393,0.06610000133514404,0.06390000134706497,0.06599999964237213
2026-06-09 20:00:00+00:00,0.06599999964237213,0.06629999727010727,0.06530000269412994,0.06560000032186508
2026-06-10 00:00:00+00:00,0.06560000032186508,0.0658000037074089,0.06499999761581421,0.06520000100135803
2026-06-10 04:00:00+00:00,0.06520000100135803,0.06560000032186508,0.06449999660253525,0.06480000168085098
2026-06-10 08:00:00+00:00,0.06480000168085098,0.06509999930858612,0.06419999897480011,0.06459999829530716
2026-06-10 12:00:00+00:00,0.06459999829530716,0.06679999828338623,0.06419999897480011,0.06639999896287918
2026-06-10 16:00:00+00:00,0.06639999896287918,0.06650000065565109,0.06449999660253525,0.06449999660253525
2026-06-10 20:00:00+00:00,0.06449999660253525,0.06449999660253525,0.06270000338554382,0.06400000303983688
2026-06-11 00:00:00+00:00,0.06400000303983688,0.06589999794960022,0.06400000303983688,0.0658000037074089
2026-06-11 04:00:00+00:00,0.0658000037074089,0.06629999727010727,0.06549999862909317,0.06610000133514404
2026-06-11 08:00:00+00:00,0.06610000133514404,0.06700000166893005,0.06589999794960022,0.06689999997615814
2026-06-11 12:00:00+00:00,0.06689999997615814,0.06780000030994415,0.06589999794960022,0.06759999692440033
2026-06-11 16:00:00+00:00,0.06780000030994415,0.06909999996423721,0.06700000166893005,0.06800000369548798
2026-06-11 20:00:00+00:00,0.06800000369548798,0.06800000369548798,0.06700000166893005,0.06729999929666519
2026-06-12 00:00:00+00:00,0.06729999929666519,0.06800000369548798,0.06700000166893005,0.06790000200271606
2026-06-12 04:00:00+00:00,0.06790000200271606,0.06809999793767929,0.06679999828338623,0.06710000336170197
2026-06-12 08:00:00+00:00,0.06710000336170197,0.06769999861717224,0.06710000336170197,0.06719999760389328
2026-06-12 12:00:00+00:00,0.06719999760389328,0.0681999996304512,0.06639999896287918,0.06689999997615814
2026-06-12 16:00:00+00:00,0.06689999997615814,0.06750000268220901,0.06669999659061432,0.06729999929666519
2026-06-12 20:00:00+00:00,0.06729999929666519,0.06729999929666519,0.06650000065565109,0.06689999997615814
2026-06-13 00:00:00+00:00,0.06689999997615814,0.06750000268220901,0.06629999727010727,0.06629999727010727
2026-06-13 04:00:00+00:00,0.06629999727010727,0.06719999760389328,0.06620000302791595,0.06700000166893005
2026-06-13 08:00:00+00:00,0.06700000166893005,0.06729999929666519,0.066600002348423,0.06710000336170197
2026-06-13 12:00:00+00:00,0.06710000336170197,0.06759999692440033,0.066600002348423,0.06750000268220901
2026-06-13 16:00:00+00:00,0.06750000268220901,0.06769999861717224,0.06679999828338623,0.06719999760389328
2026-06-13 20:00:00+00:00,0.06719999760389328,0.06769999861717224,0.06700000166893005,0.06710000336170197
2026-06-14 00:00:00+00:00,0.06710000336170197,0.06759999692440033,0.06700000166893005,0.06710000336170197
2026-06-14 04:00:00+00:00,0.06710000336170197,0.06719999760389328,0.06620000302791595,0.06639999896287918
2026-06-14 08:00:00+00:00,0.06639999896287918,0.066600002348423,0.06589999794960022,0.06610000133514404
2026-06-14 12:00:00+00:00,0.06610000133514404,0.06639999896287918,0.06520000100135803,0.06520000100135803
2026-06-14 16:00:00+00:00,0.06520000100135803,0.06549999862909317,0.06499999761581421,0.06539999693632126
2026-06-14 20:00:00+00:00,0.06539999693632126,0.06840000301599503,0.06530000269412994,0.06790000200271606
2026-06-15 00:00:00+00:00,0.06790000200271606,0.06830000132322311,0.06729999929666519,0.06809999793767929
2026-06-15 04:00:00+00:00,0.06809999793767929,0.06880000233650208,0.06800000369548798,0.06809999793767929
2026-06-15 08:00:00+00:00,0.06809999793767929,0.0697999969124794,0.06790000200271606,0.06960000097751617
2026-06-15 12:00:00+00:00,0.06960000097751617,0.07119999825954437,0.06939999759197235,0.07090000063180923
2026-06-15 16:00:00+00:00,0.07090000063180923,0.07090000063180923,0.06889999657869339,0.0689999982714653
2026-06-15 20:00:00+00:00,0.0689999982714653,0.06939999759197235,0.06830000132322311,0.06880000233650208
2026-06-16 00:00:00+00:00,0.06880000233650208,0.06949999928474426,0.06830000132322311,0.06920000165700912
2026-06-16 04:00:00+00:00,0.06920000165700912,0.06949999928474426,0.06870000064373016,0.06920000165700912
2026-06-16 08:00:00+00:00,0.06920000165700912,0.0706000030040741,0.06920000165700912,0.0697999969124794
2026-06-16 12:00:00+00:00,0.0697999969124794,0.0706000030040741,0.06780000030994415,0.06859999895095825
2026-06-16 16:00:00+00:00,0.06859999895095825,0.07020000368356705,0.06849999725818634,0.0689999982714653
2026-06-16 20:00:00+00:00,0.0689999982714653,0.06970000267028809,0.0689999982714653,0.06930000334978104
2026-06-17 00:00:00+00:00,0.06930000334978104,0.07039999961853027,0.06909999996423721,0.0697999969124794
2026-06-17 04:00:00+00:00,0.0697999969124794,0.07029999792575836,0.06930000334978104,0.06949999928474426
2026-06-17 08:00:00+00:00,0.06949999928474426,0.06949999928474426,0.06849999725818634,0.06859999895095825
2026-06-17 12:00:00+00:00,0.06859999895095825,0.07069999724626541,0.06859999895095825,0.07069999724626541
2026-06-17 16:00:00+00:00,0.07069999724626541,0.07100000232458115,0.06840000301599503,0.06880000233650208
2026-06-17 20:00:00+00:00,0.06880000233650208,0.06949999928474426,0.06800000369548798,0.06930000334978104
2026-06-18 00:00:00+00:00,0.06930000334978104,0.06960000097751617,0.06849999725818634,0.06880000233650208
2026-06-18 04:00:00+00:00,0.06880000233650208,0.06880000233650208,0.06790000200271606,0.06859999895095825
2026-06-18 08:00:00+00:00,0.06859999895095825,0.06859999895095825,0.06750000268220901,0.06769999861717224
2026-06-18 12:00:00+00:00,0.06769999861717224,0.06800000369548798,0.06539999693632126,0.06549999862909317
2026-06-18 16:00:00+00:00,0.06549999862909317,0.066600002348423,0.06530000269412994,0.06639999896287918
2026-06-18 20:00:00+00:00,0.06639999896287918,0.06710000336170197,0.06639999896287918,0.06710000336170197
2026-06-19 00:00:00+00:00,0.06710000336170197,0.06750000268220901,0.06610000133514404,0.06620000302791595
2026-06-19 04:00:00+00:00,0.06620000302791595,0.06629999727010727,0.06549999862909317,0.0658000037074089
2026-06-19 08:00:00+00:00,0.0658000037074089,0.06620000302791595,0.065700002014637,0.06610000133514404
2026-06-19 12:00:00+00:00,0.06610000133514404,0.06729999929666519,0.065700002014637,0.06689999997615814
2026-06-19 16:00:00+00:00,0.06689999997615814,0.0674000009894371,0.06639999896287918,0.06650000065565109
2026-06-19 20:00:00+00:00,0.06650000065565109,0.06689999997615814,0.06620000302791595,0.06689999997615814
2026-06-20 00:00:00+00:00,0.06689999997615814,0.06970000267028809,0.06679999828338623,0.06949999928474426
2026-06-20 04:00:00+00:00,0.06949999928474426,0.07159999758005142,0.06949999928474426,0.07050000131130219
2026-06-20 08:00:00+00:00,0.07050000131130219,0.0746999979019165,0.07000000029802322,0.0738999992609024
2026-06-20 12:00:00+00:00,0.0738999992609024,0.07829999923706055,0.07329999655485153,0.07769999653100967
2026-06-20 16:00:00+00:00,0.07769999653100967,0.08139999955892563,0.07670000195503235,0.07890000194311142
2026-06-20 20:00:00+00:00,0.07919999957084656,0.07999999821186066,0.07729999721050262,0.07779999822378159
2026-06-21 00:00:00+00:00,0.07779999822378159,0.08179999887943268,0.07660000026226044,0.07739999890327454
2026-06-21 04:00:00+00:00,0.07739999890327454,0.07739999890327454,0.07519999891519547,0.07569999992847443
2026-06-21 08:00:00+00:00,0.07569999992847443,0.0763000026345253,0.07530000060796738,0.07559999823570251
2026-06-21 12:00:00+00:00,0.07559999823570251,0.07559999823570251,0.07440000027418137,0.0754999965429306
2026-06-21 16:00:00+00:00,0.0754999965429306,0.07559999823570251,0.0746999979019165,0.07509999722242355
2026-06-21 20:00:00+00:00,0.07509999722242355,0.07530000060796738,0.07349999994039536,0.0737999975681305
2026-06-22 00:00:00+00:00,0.0737999975681305,0.07500000298023224,0.0723000019788742,0.0723000019788742
2026-06-22 04:00:00+00:00,0.0723000019788742,0.0731000006198883,0.07199999690055847,0.0729999989271164
2026-06-22 08:00:00+00:00,0.0729999989271164,0.07400000095367432,0.07280000299215317,0.07339999824762344
2026-06-22 12:00:00+00:00,0.07339999824762344,0.07429999858140945,0.0729999989271164,0.0729999989271164
2026-06-22 16:00:00+00:00,0.0729999989271164,0.0738999992609024,0.07270000129938126,0.07320000231266022
2026-06-22 20:00:00+00:00,0.07320000231266022,0.07320000231266022,0.07169999927282333,0.0722000002861023
2026-06-23 00:00:00+00:00,0.0722000002861023,0.07400000095367432,0.07190000265836716,0.07209999859333038
2026-06-23 04:00:00+00:00,0.07209999859333038,0.07259999960660934,0.07000000029802322,0.07079999893903732
2026-06-23 08:00:00+00:00,0.07079999893903732,0.07169999927282333,0.06930000334978104,0.07090000063180923
2026-06-23 12:00:00+00:00,0.07090000063180923,0.07209999859333038,0.07020000368356705,0.07109999656677246
2026-06-23 16:00:00+00:00,0.07109999656677246,0.0714000016450882,0.07039999961853027,0.07090000063180923
2026-06-23 20:00:00+00:00,0.07090000063180923,0.07180000096559525,0.07090000063180923,0.07129999995231628
2026-06-24 00:00:00+00:00,0.07129999995231628,0.07159999758005142,0.07020000368356705,0.07039999961853027
2026-06-24 04:00:00+00:00,0.07039999961853027,0.07069999724626541,0.06939999759197235,0.0697999969124794
2026-06-24 08:00:00+00:00,0.0697999969124794,0.0697999969124794,0.06889999657869339,0.0697999969124794
2026-06-24 12:00:00+00:00,0.06960000097751617,0.0697999969124794,0.06719999760389328,0.0674000009894371
2026-06-24 16:00:00+00:00,0.0674000009894371,0.06769999861717224,0.06449999660253525,0.06549999862909317
2026-06-24 20:00:00+00:00,0.06549999862909317,0.0674000009894371,0.06549999862909317,0.06710000336170197
2026-06-25 00:00:00+00:00,0.06710000336170197,0.06710000336170197,0.06589999794960022,0.06589999794960022
2026-06-25 04:00:00+00:00,0.06589999794960022,0.06689999997615814,0.06560000032186508,0.06650000065565109
2026-06-25 08:00:00+00:00,0.06650000065565109,0.06679999828338623,0.06589999794960022,0.06599999964237213
2026-06-25 12:00:00+00:00,0.06599999964237213,0.06629999727010727,0.06129999831318855,0.06369999796152115
2026-06-25 16:00:00+00:00,0.06369999796152115,0.06419999897480011,0.06300000101327896,0.06340000033378601
2026-06-25 20:00:00+00:00,0.06340000033378601,0.06430000066757202,0.0632999986410141,0.06390000134706497
2026-06-26 00:00:00+00:00,0.06390000134706497,0.06419999897480011,0.061799999326467514,0.06360000371932983
2026-06-26 04:00:00+00:00,0.06369999796152115,0.06509999930858612,0.0632999986410141,0.0649000033736229
2026-06-26 08:00:00+00:00,0.0649000033736229,0.0649000033736229,0.06300000101327896,0.06310000270605087
2026-06-26 12:00:00+00:00,0.06310000270605087,0.06499999761581421,0.06270000338554382,0.06469999998807907
2026-06-26 16:00:00+00:00,0.06469999998807907,0.06629999727010727,0.06469999998807907,0.06549999862909317
2026-06-26 20:00:00+00:00,0.0658000037074089,0.06620000302791595,0.06499999761581421,0.065700002014637
2026-06-27 00:00:00+00:00,0.065700002014637,0.06610000133514404,0.06520000100135803,0.06560000032186508
2026-06-27 04:00:00+00:00,0.06560000032186508,0.06599999964237213,0.06549999862909317,0.065700002014637
2026-06-27 08:00:00+00:00,0.065700002014637,0.065700002014637,0.06499999761581421,0.06520000100135803
2026-06-27 12:00:00+00:00,0.06520000100135803,0.06539999693632126,0.06480000168085098,0.06539999693632126
2026-06-27 16:00:00+00:00,0.06539999693632126,0.06539999693632126,0.06390000134706497,0.06400000303983688
2026-06-27 20:00:00+00:00,0.06400000303983688,0.06430000066757202,0.06340000033378601,0.06379999965429306
2026-06-28 00:00:00+00:00,0.06379999965429306,0.0640999972820282,0.06379999965429306,0.0640999972820282
2026-06-28 04:00:00+00:00,0.0640999972820282,0.06459999829530716,0.06369999796152115,0.06400000303983688
2026-06-28 08:00:00+00:00,0.06400000303983688,0.0640999972820282,0.06350000202655792,0.06369999796152115
2026-06-28 12:00:00+00:00,0.06369999796152115,0.06449999660253525,0.06350000202655792,0.06400000303983688
2026-06-28 16:00:00+00:00,0.06400000303983688,0.06459999829530716,0.06379999965429306,0.06379999965429306
2026-06-28 20:00:00+00:00,0.06379999965429306,0.06430000066757202,0.06310000270605087,0.06390000134706497
2026-06-29 00:00:00+00:00,0.06390000134706497,0.06499999761581421,0.0632999986410141,0.06449999660253525
2026-06-29 04:00:00+00:00,0.06449999660253525,0.06449999660253525,0.06350000202655792,0.06379999965429306
2026-06-29 08:00:00+00:00,0.06379999965429306,0.06400000303983688,0.06340000033378601,0.06350000202655792
2026-06-29 12:00:00+00:00,0.06350000202655792,0.06449999660253525,0.06270000338554382,0.06360000371932983
2026-06-29 16:00:00+00:00,0.06360000371932983,0.06480000168085098,0.06350000202655792,0.06419999897480011
2026-06-29 20:00:00+00:00,0.06419999897480011,0.06419999897480011,0.06350000202655792,0.06369999796152115
2026-06-30 00:00:00+00:00,0.06369999796152115,0.06400000303983688,0.0632999986410141,0.06360000371932983
2026-06-30 04:00:00+00:00,0.06360000371932983,0.06360000371932983,0.0625,0.06260000169277191
2026-06-30 08:00:00+00:00,0.06260000169277191,0.06260000169277191,0.061900001019239426,0.06199999898672104
2026-06-30 12:00:00+00:00,0.061799999326467514,0.061799999326467514,0.06080000102519989,0.06120000034570694
2026-06-30 16:00:00+00:00,0.06120000034570694,0.06360000371932983,0.06120000034570694,0.06270000338554382
2026-06-30 20:00:00+00:00,0.06270000338554382,0.06289999932050705,0.06199999898672104,0.06210000067949295
2026-07-01 00:00:00+00:00,0.06210000067949295,0.06279999762773514,0.06109999865293503,0.06279999762773514
2026-07-01 04:00:00+00:00,0.06279999762773514,0.06279999762773514,0.061400000005960464,0.0617000013589859
2026-07-01 08:00:00+00:00,0.061500001698732376,0.06199999898672104,0.06120000034570694,0.061900001019239426
2026-07-01 12:00:00+00:00,0.061900001019239426,0.0640999972820282,0.061400000005960464,0.06379999965429306
2026-07-01 16:00:00+00:00,0.06379999965429306,0.06379999965429306,0.06270000338554382,0.06289999932050705
2026-07-01 20:00:00+00:00,0.06289999932050705,0.06430000066757202,0.06289999932050705,0.06310000270605087
2026-07-02 00:00:00+00:00,0.06310000270605087,0.06419999897480011,0.06289999932050705,0.06419999897480011
2026-07-02 04:00:00+00:00,0.06419999897480011,0.06430000066757202,0.06319999694824219,0.06360000371932983
2026-07-02 08:00:00+00:00,0.06360000371932983,0.06440000236034393,0.06340000033378601,0.06400000303983688
2026-07-02 12:00:00+00:00,0.06400000303983688,0.06509999930858612,0.06390000134706497,0.06419999897480011
2026-07-02 16:00:00+00:00,0.06419999897480011,0.06449999660253525,0.06340000033378601,0.06369999796152115
2026-07-02 20:00:00+00:00,0.06369999796152115,0.06400000303983688,0.06319999694824219,0.06379999965429306
2026-07-03 00:00:00+00:00,0.06379999965429306,0.06459999829530716,0.06369999796152115,0.06459999829530716
2026-07-03 04:00:00+00:00,0.06459999829530716,0.07270000129938126,0.06459999829530716,0.06840000301599503
2026-07-03 08:00:00+00:00,0.06889999657869339,0.07190000265836716,0.06849999725818634,0.07190000265836716
2026-07-03 12:00:00+00:00,0.07199999690055847,0.0794999971985817,0.07090000063180923,0.07349999994039536
2026-07-03 16:00:00+00:00,0.07349999994039536,0.0746999979019165,0.07180000096559525,0.07270000129938126
2026-07-03 20:00:00+00:00,0.07270000129938126,0.07320000231266022,0.0714000016450882,0.07199999690055847
2026-07-04 00:00:00+00:00,0.07190000265836716,0.07190000265836716,0.07010000199079514,0.07129999995231628
2026-07-04 04:00:00+00:00,0.07129999995231628,0.0714000016450882,0.06920000165700912,0.06960000097751617
2026-07-04 08:00:00+00:00,0.06960000097751617,0.07020000368356705,0.0689999982714653,0.07020000368356705
2026-07-04 12:00:00+00:00,0.07020000368356705,0.07169999927282333,0.0697999969124794,0.07129999995231628
2026-07-04 16:00:00+00:00,0.07129999995231628,0.07240000367164612,0.07109999656677246,0.07150000333786011
2026-07-04 20:00:00+00:00,0.07150000333786011,0.07150000333786011,0.0697999969124794,0.07029999792575836
2026-07-05 00:00:00+00:00,0.07029999792575836,0.0737999975681305,0.06960000097751617,0.07020000368356705
2026-07-05 04:00:00+00:00,0.07020000368356705,0.07100000232458115,0.06970000267028809,0.07090000063180923
2026-07-05 08:00:00+00:00,0.07090000063180923,0.07209999859333038,0.07010000199079514,0.07010000199079514
2026-07-05 12:00:00+00:00,0.07010000199079514,0.07100000232458115,0.07010000199079514,0.0706000030040741
2026-07-05 16:00:00+00:00,0.07029999792575836,0.07259999960660934,0.07020000368356705,0.0714000016450882
2026-07-05 20:00:00+00:00,0.0714000016450882,0.07270000129938126,0.07109999656677246,0.07109999656677246
2026-07-06 00:00:00+00:00,0.07109999656677246,0.07109999656677246,0.06960000097751617,0.06960000097751617
2026-07-06 04:00:00+00:00,0.06960000097751617,0.0697999969124794,0.06840000301599503,0.06849999725818634
2026-07-06 08:00:00+00:00,0.06849999725818634,0.0689999982714653,0.06809999793767929,0.06809999793767929
2026-07-06 12:00:00+00:00,0.06809999793767929,0.07050000131130219,0.06700000166893005,0.07029999792575836
2026-07-06 16:00:00+00:00,0.07029999792575836,0.07090000063180923,0.06939999759197235,0.06989999860525131
2026-07-06 20:00:00+00:00,0.06989999860525131,0.07069999724626541,0.06949999928474426,0.06960000097751617
2026-07-07 00:00:00+00:00,0.06960000097751617,0.07029999792575836,0.06930000334978104,0.06989999860525131
2026-07-07 04:00:00+00:00,0.06989999860525131,0.07039999961853027,0.06889999657869339,0.06909999996423721
2026-07-07 08:00:00+00:00,0.06909999996423721,0.07119999825954437,0.0689999982714653,0.0697999969124794
2026-07-07 12:00:00+00:00,0.0697999969124794,0.07010000199079514,0.06849999725818634,0.07010000199079514
2026-07-07 16:00:00+00:00,0.07010000199079514,0.07010000199079514,0.06880000233650208,0.06949999928474426
2026-07-07 20:00:00+00:00,0.06949999928474426,0.0697999969124794,0.06849999725818634,0.0689999982714653
2026-07-08 00:00:00+00:00,0.0689999982714653,0.06930000334978104,0.06729999929666519,0.06750000268220901
2026-07-08 04:00:00+00:00,0.06750000268220901,0.0681999996304512,0.06719999760389328,0.06790000200271606
2026-07-08 08:00:00+00:00,0.06790000200271606,0.06970000267028809,0.06700000166893005,0.06970000267028809
2026-07-08 12:00:00+00:00,0.06970000267028809,0.07079999893903732,0.06870000064373016,0.06920000165700912
2026-07-08 16:00:00+00:00,0.06920000165700912,0.07419999688863754,0.06920000165700912,0.07400000095367432
2026-07-08 20:00:00+00:00,0.07410000264644623,0.07490000128746033,0.0731000006198883,0.07400000095367432
2026-07-09 00:00:00+00:00,0.07410000264644623,0.07559999823570251,0.0737999975681305,0.0754999965429306
2026-07-09 04:00:00+00:00,0.07530000060796738,0.07530000060796738,0.07349999994039536,0.07370000332593918
2026-07-09 08:00:00+00:00,0.07370000332593918,0.07509999722242355,0.07259999960660934,0.0731000006198883
2026-07-09 12:00:00+00:00,0.0731000006198883,0.0754999965429306,0.07289999723434448,0.07349999994039536
2026-07-09 16:00:00+00:00,0.07349999994039536,0.07349999994039536,0.07240000367164612,0.07259999960660934
2026-07-09 20:00:00+00:00,0.07259999960660934,0.0731000006198883,0.07109999656677246,0.07169999927282333
2026-07-10 00:00:00+00:00,0.07169999927282333,0.0746999979019165,0.07100000232458115,0.07400000095367432
2026-07-10 04:00:00+00:00,0.07400000095367432,0.07410000264644623,0.07249999791383743,0.07270000129938126
2026-07-10 08:00:00+00:00,0.07270000129938126,0.07329999655485153,0.0722000002861023,0.07289999723434448
2026-07-10 12:00:00+00:00,0.07289999723434448,0.07289999723434448,0.07069999724626541,0.07109999656677246
2026-07-10 16:00:00+00:00,0.07109999656677246,0.07119999825954437,0.07010000199079514,0.07100000232458115
2026-07-10 20:00:00+00:00,0.07100000232458115,0.07129999995231628,0.0706000030040741,0.07079999893903732
2026-07-11 00:00:00+00:00,0.07079999893903732,0.07419999688863754,0.07069999724626541,0.07349999994039536
2026-07-11 04:00:00+00:00,0.07349999994039536,0.07519999891519547,0.07280000299215317,0.0738999992609024
2026-07-11 08:00:00+00:00,0.07370000332593918,0.07410000264644623,0.07270000129938126,0.07289999723434448
2026-07-11 12:00:00+00:00,0.07289999723434448,0.07320000231266022,0.07190000265836716,0.07240000367164612
2026-07-11 16:00:00+00:00,0.07240000367164612,0.07259999960660934,0.07199999690055847,0.07199999690055847
2026-07-11 20:00:00+00:00,0.07199999690055847,0.07240000367164612,0.0706000030040741,0.0706000030040741
2026-07-12 00:00:00+00:00,0.0706000030040741,0.07259999960660934,0.0697999969124794,0.07199999690055847
2026-07-12 04:00:00+00:00,0.07199999690055847,0.0729999989271164,0.0714000016450882,0.0714000016450882
2026-07-12 08:00:00+00:00,0.0714000016450882,0.07150000333786011,0.07029999792575836,0.07039999961853027
2026-07-12 12:00:00+00:00,0.07039999961853027,0.07119999825954437,0.07000000029802322,0.07010000199079514
2026-07-12 16:00:00+00:00,0.07010000199079514,0.07020000368356705,0.06960000097751617,0.0697999969124794
2026-07-12 20:00:00+00:00,0.0697999969124794,0.07000000029802322,0.06920000165700912,0.06970000267028809
2026-07-13 00:00:00+00:00,0.06970000267028809,0.07029999792575836,0.06809999793767929,0.06849999725818634
2026-07-13 04:00:00+00:00,0.06849999725818634,0.07090000063180923,0.06849999725818634,0.07039999961853027
2026-07-13 08:00:00+00:00,0.07039999961853027,0.07129999995231628,0.06939999759197235,0.06949999928474426
2026-07-13 12:00:00+00:00,0.06949999928474426,0.07050000131130219,0.0689999982714653,0.06989999860525131
2026-07-13 16:00:00+00:00,0.06989999860525131,0.07010000199079514,0.06889999657869339,0.06939999759197235
2026-07-13 20:00:00+00:00,0.06939999759197235,0.06939999759197235,0.06849999725818634,0.06930000334978104
2026-07-14 00:00:00+00:00,0.06930000334978104,0.06930000334978104,0.06880000233650208,0.06909999996423721
2026-07-14 04:00:00+00:00,0.06909999996423721,0.07090000063180923,0.06909999996423721,0.0697999969124794
2026-07-14 08:00:00+00:00,0.0697999969124794,0.07039999961853027,0.0689999982714653,0.06920000165700912
2026-07-14 12:00:00+00:00,0.06920000165700912,0.07079999893903732,0.06920000165700912,0.07050000131130219
2026-07-14 16:00:00+00:00,0.07050000131130219,0.07090000063180923,0.06960000097751617,0.07010000199079514
2026-07-14 20:00:00+00:00,0.07010000199079514,0.07020000368356705,0.06970000267028809,0.06989999860525131
2026-07-15 00:00:00+00:00,0.06989999860525131,0.07020000368356705,0.06909999996423721,0.06960000097751617
2026-07-15 04:00:00+00:00,0.06960000097751617,0.07050000131130219,0.06909999996423721,0.06989999860525131
2026-07-15 08:00:00+00:00,0.06989999860525131,0.07100000232458115,0.06970000267028809,0.06970000267028809
2026-07-15 12:00:00+00:00,0.06970000267028809,0.07109999656677246,0.06970000267028809,0.06989999860525131
2026-07-15 16:00:00+00:00,0.06989999860525131,0.07010000199079514,0.06930000334978104,0.06930000334978104
2026-07-15 20:00:00+00:00,0.06930000334978104,0.07000000029802322,0.06930000334978104,0.06960000097751617
2026-07-16 00:00:00+00:00,0.06960000097751617,0.07079999893903732,0.06960000097751617,0.07029999792575836
2026-07-16 04:00:00+00:00,0.07029999792575836,0.07129999995231628,0.06989999860525131,0.07000000029802322
2026-07-16 08:00:00+00:00,0.07000000029802322,0.0706000030040741,0.06889999657869339,0.07039999961853027
2026-07-16 12:00:00+00:00,0.07039999961853027,0.0723000019788742,0.06989999860525131,0.07199999690055847
2026-07-16 16:00:00+00:00,0.07240000367164612,0.07280000299215317,0.07079999893903732,0.07129999995231628
2026-07-16 20:00:00+00:00,0.07129999995231628,0.0722000002861023,0.07100000232458115,0.07159999758005142
2026-07-17 00:00:00+00:00,0.07159999758005142,0.0731000006198883,0.0714000016450882,0.07209999859333038
2026-07-17 04:00:00+00:00,0.07209999859333038,0.07240000367164612,0.0706000030040741,0.07069999724626541
2026-07-17 08:00:00+00:00,0.07069999724626541,0.0714000016450882,0.07029999792575836,0.07069999724626541
2026-07-17 12:00:00+00:00,0.07069999724626541,0.07100000232458115,0.06949999928474426,0.0706000030040741
2026-07-17 16:00:00+00:00,0.0706000030040741,0.07280000299215317,0.07050000131130219,0.07259999960660934
2026-07-17 20:00:00+00:00,0.07259999960660934,0.07450000196695328,0.0722000002861023,0.07349999994039536
2026-07-18 00:00:00+00:00,0.07349999994039536,0.0746999979019165,0.07240000367164612,0.0729999989271164
2026-07-18 04:00:00+00:00,0.0729999989271164,0.0729999989271164,0.07150000333786011,0.07150000333786011
2026-07-18 08:00:00+00:00,0.07150000333786011,0.07150000333786011,0.07000000029802322,0.07010000199079514
2026-07-18 12:00:00+00:00,0.06989999860525131,0.07029999792575836,0.06970000267028809,0.06989999860525131
2026-07-18 16:00:00+00:00,0.06989999860525131,0.07000000029802322,0.06970000267028809,0.0697999969124794
2026-07-18 20:00:00+00:00,0.0697999969124794,0.07039999961853027,0.06960000097751617,0.06989999860525131
2026-07-19 00:00:00+00:00,0.06989999860525131,0.07039999961853027,0.06939999759197235,0.06989999860525131
2026-07-19 04:00:00+00:00,0.06989999860525131,0.06989999860525131,0.06930000334978104,0.06939999759197235
2026-07-19 08:00:00+00:00,0.06930000334978104,0.06939999759197235,0.06889999657869339,0.06909999996423721
2026-07-19 12:00:00+00:00,0.06909999996423721,0.06989999860525131,0.06870000064373016,0.06949999928474426
2026-07-19 16:00:00+00:00,0.06949999928474426,0.06989999860525131,0.06849999725818634,0.06870000064373016
2026-07-19 20:00:00+00:00,0.06870000064373016,0.06920000165700912,0.06849999725818634,0.06889999657869339
2026-07-20 00:00:00+00:00,0.06889999657869339,0.06960000097751617,0.06840000301599503,0.06870000064373016
2026-07-20 04:00:00+00:00,0.06870000064373016,0.0689999982714653,0.06759999692440033,0.0689999982714653
2026-07-20 08:00:00+00:00,0.0689999982714653,0.07000000029802322,0.06889999657869339,0.06970000267028809
2026-07-20 12:00:00+00:00,0.06970000267028809,0.07000000029802322,0.0689999982714653,0.06970000267028809
2026-07-20 16:00:00+00:00,0.06970000267028809,0.07000000029802322,0.0689999982714653,0.06930000334978104
2026-07-20 20:00:00+00:00,0.06930000334978104,0.06949999928474426,0.06889999657869339,0.06920000165700912
2026-07-21 00:00:00+00:00,0.06920000165700912,0.07050000131130219,0.06920000165700912,0.07050000131130219
2026-07-21 04:00:00+00:00,0.07050000131130219,0.07090000063180923,0.07000000029802322,0.07039999961853027
2026-07-21 08:00:00+00:00,0.07039999961853027,0.07050000131130219,0.0697999969124794,0.06989999860525131
2026-07-21 12:00:00+00:00,0.06989999860525131,0.07050000131130219,0.0697999969124794,0.07050000131130219
2026-07-21 16:00:00+00:00,0.07050000131130219,0.07050000131130219,0.0697999969124794,0.07000000029802322
2026-07-21 20:00:00+00:00,0.07000000029802322,0.07029999792575836,0.0697999969124794,0.06989999860525131
2026-07-22 00:00:00+00:00,0.06989999860525131,0.07010000199079514,0.06960000097751617,0.07000000029802322
2026-07-22 04:00:00+00:00,0.07000000029802322,0.0706000030040741,0.06960000097751617,0.07020000368356705
2026-07-22 08:00:00+00:00,0.07020000368356705,0.07020000368356705,0.06970000267028809,0.06970000267028809
2026-07-22 12:00:00+00:00,0.06970000267028809,0.07010000199079514,0.06930000334978104,0.07010000199079514
2026-07-22 16:00:00+00:00,0.07010000199079514,0.07029999792575836,0.0697999969124794,0.0697999969124794
2026-07-22 20:00:00+00:00,0.0697999969124794,0.07000000029802322,0.0697999969124794,0.06989999860525131
2026-07-23 00:00:00+00:00,0.06970000267028809,0.07010000199079514,0.06970000267028809,0.0697999969124794
