Datetime,Open,High,Low,Close
2024-07-22 20:00:00-04:00,2.4630000591278076,2.4728000164031982,2.4630000591278076,2.4702000617980957
2024-07-23 00:00:00-04:00,2.4665000438690186,2.469099998474121,2.4607999324798584,2.4619998931884766
2024-07-23 04:00:00-04:00,2.462100028991699,2.471299886703491,2.4591000080108643,2.463399887084961
2024-07-23 08:00:00-04:00,2.462599992752075,2.4665000438690186,2.4193999767303467,2.4214999675750732
2024-07-23 12:00:00-04:00,2.422300100326538,2.4342000484466553,2.412600040435791,2.424299955368042
2024-07-23 16:00:00-04:00,2.4244000911712646,2.440000057220459,2.4230000972747803,2.4326999187469482
2024-07-23 20:00:00-04:00,2.431999921798706,2.434299945831299,2.4300999641418457,2.4305999279022217
2024-07-24 00:00:00-04:00,2.4270999431610107,2.4335999488830566,2.4260001182556152,2.431999921798706
2024-07-24 04:00:00-04:00,2.4342000484466553,2.450000047683716,2.428800106048584,2.4458000659942627
2024-07-24 08:00:00-04:00,2.448699951171875,2.4677000045776367,2.428299903869629,2.4530999660491943
2024-07-24 12:00:00-04:00,2.453900098800659,2.460900068283081,2.442699909210205,2.4470999240875244
2024-07-24 16:00:00-04:00,2.4458999633789062,2.446000099182129,2.4430999755859375,2.4444000720977783
2024-07-24 20:00:00-04:00,2.4514999389648438,2.4514999389648438,2.430000066757202,2.430000066757202
2024-07-25 00:00:00-04:00,2.4310998916625977,2.434499979019165,2.4274001121520996,2.434499979019165
2024-07-25 04:00:00-04:00,2.435499906539917,2.4381000995635986,2.406100034713745,2.406599998474121
2024-07-25 08:00:00-04:00,2.4065001010894775,2.44950008392334,2.4065001010894775,2.449199914932251
2024-07-25 12:00:00-04:00,2.448199987411499,2.4711999893188477,2.4472999572753906,2.4649999141693115
2024-07-25 16:00:00-04:00,2.4642999172210693,2.473099946975708,2.4642999172210693,2.4697000980377197
2024-07-25 20:00:00-04:00,2.47189998626709,2.482100009918213,2.4714999198913574,2.47760009765625
2024-07-26 00:00:00-04:00,2.4783999919891357,2.4802000522613525,2.474100112915039,2.474100112915039
2024-07-26 04:00:00-04:00,2.475100040435791,2.4783999919891357,2.4626998901367188,2.463599920272827
2024-07-26 08:00:00-04:00,2.462399959564209,2.465399980545044,2.4302000999450684,2.449899911880493
2024-07-26 12:00:00-04:00,2.450700044631958,2.4695000648498535,2.447999954223633,2.452500104904175
2024-07-26 16:00:00-04:00,2.454699993133545,2.4563000202178955,2.4484000205993652,2.4484000205993652
2024-07-28 16:00:00-04:00,2.4565000534057617,2.4700000286102295,2.4565000534057617,2.464200019836426
2024-07-28 20:00:00-04:00,2.460599899291992,2.466200113296509,2.4547998905181885,2.462399959564209
2024-07-29 00:00:00-04:00,2.4647998809814453,2.4707999229431152,2.4609999656677246,2.464600086212158
2024-07-29 04:00:00-04:00,2.4670000076293945,2.4670000076293945,2.444200038909912,2.4447999000549316
2024-07-29 08:00:00-04:00,2.444700002670288,2.4702000617980957,2.416599988937378,2.422600030899048
2024-07-29 12:00:00-04:00,2.424099922180176,2.4291000366210938,2.413599967956543,2.414900064468384
2024-07-29 16:00:00-04:00,2.41510009765625,2.4168999195098877,2.40939998626709,2.409899950027466
2024-07-29 20:00:00-04:00,2.411099910736084,2.414099931716919,2.4035000801086426,2.405600070953369
2024-07-30 00:00:00-04:00,2.408600091934204,2.41729998588562,2.405600070953369,2.41729998588562
2024-07-30 04:00:00-04:00,2.4177000522613525,2.4202001094818115,2.3926000595092773,2.3949999809265137
2024-07-30 08:00:00-04:00,2.3952999114990234,2.4035000801086426,2.371799945831299,2.3759000301361084
2024-07-30 12:00:00-04:00,2.3742001056671143,2.3947999477386475,2.3696999549865723,2.393899917602539
2024-07-30 16:00:00-04:00,2.3973000049591064,2.400099992752075,2.3973000049591064,2.397700071334839
2024-07-30 20:00:00-04:00,2.3945000171661377,2.3945000171661377,2.3945000171661377,2.3945000171661377
2024-07-31 04:00:00-04:00,2.4179999828338623,2.4426000118255615,2.4179999828338623,2.4426000118255615
2024-07-31 08:00:00-04:00,2.4456000328063965,2.4707000255584717,2.4419000148773193,2.470599889755249
2024-07-31 12:00:00-04:00,2.4665000438690186,2.489799976348877,2.4658000469207764,2.4867000579833984
2024-08-01 00:00:00-04:00,2.4547998905181885,2.462599992752075,2.4472999572753906,2.448699951171875
2024-08-01 04:00:00-04:00,2.449700117111206,2.455399990081787,2.443000078201294,2.4488000869750977
2024-08-01 08:00:00-04:00,2.4475998878479004,2.469099998474121,2.410099983215332,2.4124999046325684
2024-08-01 12:00:00-04:00,2.412400007247925,2.41510009765625,2.3940999507904053,2.4114999771118164
2024-08-01 16:00:00-04:00,2.4114999771118164,2.4124999046325684,2.4049999713897705,2.4068000316619873
2024-08-01 20:00:00-04:00,2.4066998958587646,2.4166998863220215,2.4014999866485596,2.4124999046325684
2024-08-02 00:00:00-04:00,2.412899971008301,2.423099994659424,2.4063000679016113,2.420599937438965
2024-08-02 04:00:00-04:00,2.420300006866455,2.4219000339508057,2.3785998821258545,2.384999990463257
2024-08-02 08:00:00-04:00,2.3845999240875244,2.3845999240875244,2.3089001178741455,2.319000005722046
2024-08-02 12:00:00-04:00,2.321199893951416,2.326900005340576,2.304500102996826,2.325200080871582
2024-08-02 16:00:00-04:00,2.3252999782562256,2.3333001136779785,2.324700117111206,2.330699920654297
2024-08-04 16:00:00-04:00,2.329699993133545,2.3385000228881836,2.3215999603271484,2.325900077819824
2024-08-04 20:00:00-04:00,2.3259999752044678,2.3266000747680664,2.299799919128418,2.3196001052856445
2024-08-05 00:00:00-04:00,2.3173999786376953,2.318700075149536,2.282399892807007,2.2899999618530273
2024-08-05 04:00:00-04:00,2.2897000312805176,2.296299934387207,2.2581000328063965,2.262399911880493
2024-08-05 08:00:00-04:00,2.261899948120117,2.323499917984009,2.261199951171875,2.321899890899658
2024-08-05 12:00:00-04:00,2.321700096130371,2.3533999919891357,2.317500114440918,2.3529999256134033
2024-08-05 16:00:00-04:00,2.352299928665161,2.366499900817871,2.351099967956543,2.3638999462127686
2024-08-05 20:00:00-04:00,2.3635001182556152,2.373300075531006,2.3564000129699707,2.3626999855041504
2024-08-06 00:00:00-04:00,2.3629000186920166,2.3673999309539795,2.3336000442504883,2.3352999687194824
2024-08-06 04:00:00-04:00,2.3359999656677246,2.345099925994873,2.324899911880493,2.324899911880493
2024-08-06 08:00:00-04:00,2.3254001140594482,2.346400022506714,2.307300090789795,2.3369998931884766
2024-08-06 12:00:00-04:00,2.3371999263763428,2.341599941253662,2.31820011138916,2.31820011138916
2024-08-06 16:00:00-04:00,2.3180999755859375,2.323699951171875,2.301100015640259,2.302299976348877
2024-08-06 20:00:00-04:00,2.3032000064849854,2.315000057220459,2.2962000370025635,2.315000057220459
2024-08-07 00:00:00-04:00,2.3164000511169434,2.321500062942505,2.3052000999450684,2.309499979019165
2024-08-07 04:00:00-04:00,2.311300039291382,2.3480000495910645,2.3073999881744385,2.3480000495910645
2024-08-07 08:00:00-04:00,2.348099946975708,2.3784000873565674,2.33870005607605,2.375200033187866
2024-08-07 12:00:00-04:00,2.375200033187866,2.3761000633239746,2.3496999740600586,2.365299940109253
2024-08-07 16:00:00-04:00,2.3642001152038574,2.3694000244140625,2.359499931335449,2.364500045776367
2024-08-07 20:00:00-04:00,2.3654000759124756,2.369800090789795,2.361299991607666,2.3671998977661133
2024-08-08 00:00:00-04:00,2.3649001121520996,2.367000102996826,2.349900007247925,2.357300043106079
2024-08-08 04:00:00-04:00,2.358099937438965,2.3745999336242676,2.3457999229431152,2.371299982070923
2024-08-08 08:00:00-04:00,2.3703999519348145,2.393899917602539,2.362600088119507,2.382999897003174
2024-08-08 12:00:00-04:00,2.3831000328063965,2.4103000164031982,2.3812999725341797,2.3949999809265137
2024-08-08 16:00:00-04:00,2.3951001167297363,2.396899938583374,2.3921000957489014,2.395900011062622
2024-08-08 20:00:00-04:00,2.3970000743865967,2.404599905014038,2.3921000957489014,2.40310001373291
2024-08-09 00:00:00-04:00,2.403700113296509,2.4056999683380127,2.3982999324798584,2.400399923324585
2024-08-09 04:00:00-04:00,2.4005000591278076,2.4047999382019043,2.390399932861328,2.4012999534606934
2024-08-09 08:00:00-04:00,2.4014999866485596,2.4084999561309814,2.36929988861084,2.3919999599456787
2024-08-09 12:00:00-04:00,2.3935999870300293,2.4017999172210693,2.3822999000549316,2.3947999477386475
2024-08-09 16:00:00-04:00,2.3945999145507812,2.3987998962402344,2.3917999267578125,2.3970000743865967
2024-08-11 16:00:00-04:00,2.397200107574463,2.3984999656677246,2.3877999782562256,2.3924999237060547
2024-08-11 20:00:00-04:00,2.391700029373169,2.3998000621795654,2.389699935913086,2.396199941635132
2024-08-12 00:00:00-04:00,2.3965001106262207,2.408900022506714,2.3965001106262207,2.408400058746338
2024-08-12 04:00:00-04:00,2.408600091934204,2.4200000762939453,2.4058001041412354,2.418600082397461
2024-08-12 08:00:00-04:00,2.4189000129699707,2.4367001056671143,2.4084999561309814,2.4168999195098877
2024-08-12 12:00:00-04:00,2.4165000915527344,2.444200038909912,2.413300037384033,2.4363999366760254
2024-08-12 16:00:00-04:00,2.436500072479248,2.440999984741211,2.4358999729156494,2.4375
2024-08-12 20:00:00-04:00,2.436000108718872,2.4395999908447266,2.428999900817871,2.430999994277954
2024-08-13 00:00:00-04:00,2.432499885559082,2.4381000995635986,2.42930006980896,2.4340999126434326
2024-08-13 04:00:00-04:00,2.434299945831299,2.4356000423431396,2.421299934387207,2.4230000972747803
2024-08-13 08:00:00-04:00,2.4230000972747803,2.427500009536743,2.3812999725341797,2.384000062942505
2024-08-13 12:00:00-04:00,2.3842999935150146,2.389899969100952,2.367500066757202,2.376199960708618
2024-08-13 16:00:00-04:00,2.3766000270843506,2.3864998817443848,2.3714001178741455,2.383699893951416
2024-08-13 20:00:00-04:00,2.38319993019104,2.3945000171661377,2.380000114440918,2.385699987411499
2024-08-14 00:00:00-04:00,2.38700008392334,2.3926000595092773,2.381999969482422,2.385200023651123
2024-08-14 04:00:00-04:00,2.3859000205993652,2.3870999813079834,2.350100040435791,2.361599922180176
2024-08-14 08:00:00-04:00,2.3613998889923096,2.380500078201294,2.3406999111175537,2.346299886703491
2024-08-14 12:00:00-04:00,2.3457999229431152,2.349299907684326,2.3157999515533447,2.3271000385284424
2024-08-14 16:00:00-04:00,2.3264999389648438,2.3445000648498535,2.324399948120117,2.328399896621704
2024-08-14 20:00:00-04:00,2.3257999420166016,2.3257999420166016,2.3132998943328857,2.322499990463257
2024-08-15 00:00:00-04:00,2.3234000205993652,2.3255999088287354,2.317500114440918,2.3225998878479004
2024-08-15 04:00:00-04:00,2.3239998817443848,2.346100091934204,2.316800117492676,2.3445000648498535
2024-08-15 08:00:00-04:00,2.344599962234497,2.372299909591675,2.3333001136779785,2.369499921798706
2024-08-15 12:00:00-04:00,2.3691999912261963,2.3703999519348145,2.348400115966797,2.3554999828338623
2024-08-15 16:00:00-04:00,2.3559999465942383,2.357300043106079,2.3517000675201416,2.3517000675201416
2024-08-15 20:00:00-04:00,2.3512001037597656,2.3561999797821045,2.351099967956543,2.351300001144409
2024-08-16 00:00:00-04:00,2.3506999015808105,2.362799882888794,2.3480000495910645,2.3622000217437744
2024-08-16 04:00:00-04:00,2.362799882888794,2.365600109100342,2.3071000576019287,2.3171000480651855
2024-08-16 08:00:00-04:00,2.315000057220459,2.3364999294281006,2.3106000423431396,2.319000005722046
2024-08-16 12:00:00-04:00,2.3196001052856445,2.327500104904175,2.3078999519348145,2.315200090408325
2024-08-16 16:00:00-04:00,2.31469988822937,2.3162999153137207,2.3111000061035156,2.3113999366760254
2024-08-18 16:00:00-04:00,2.3162999153137207,2.3183999061584473,2.3025999069213867,2.305299997329712
2024-08-18 20:00:00-04:00,2.308000087738037,2.316499948501587,2.302999973297119,2.3080999851226807
2024-08-19 00:00:00-04:00,2.3120999336242676,2.3120999336242676,2.29830002784729,2.299799919128418
2024-08-19 04:00:00-04:00,2.2985000610351562,2.3089001178741455,2.291800022125244,2.299999952316284
2024-08-19 08:00:00-04:00,2.300100088119507,2.313499927520752,2.284600019454956,2.2862000465393066
2024-08-19 12:00:00-04:00,2.286600112915039,2.2881999015808105,2.25570011138916,2.265700101852417
2024-08-19 16:00:00-04:00,2.2667999267578125,2.2760000228881836,2.2625999450683594,2.2665998935699463
2024-08-19 20:00:00-04:00,2.2643001079559326,2.264400005340576,2.2448999881744385,2.2448999881744385
2024-08-20 00:00:00-04:00,2.24429988861084,2.2564001083374023,2.241499900817871,2.246299982070923
2024-08-20 04:00:00-04:00,2.246999979019165,2.2648000717163086,2.2328999042510986,2.2634999752044678
2024-08-20 08:00:00-04:00,2.2639999389648438,2.282099962234497,2.2439000606536865,2.2528998851776123
2024-08-20 12:00:00-04:00,2.253499984741211,2.2611000537872314,2.245500087738037,2.2546000480651855
2024-08-20 16:00:00-04:00,2.254699945449829,2.2558000087738037,2.2462000846862793,2.2462000846862793
2024-08-20 20:00:00-04:00,2.246299982070923,2.250200033187866,2.242300033569336,2.24780011177063
2024-08-21 00:00:00-04:00,2.2471001148223877,2.253700017929077,2.242799997329712,2.2465999126434326
2024-08-21 04:00:00-04:00,2.246000051498413,2.2614998817443848,2.2458999156951904,2.252500057220459
2024-08-21 08:00:00-04:00,2.251499891281128,2.2555999755859375,2.1946001052856445,2.1946001052856445
2024-08-21 12:00:00-04:00,2.1944000720977783,2.2079999446868896,2.180999994277954,2.203200101852417
2024-08-21 16:00:00-04:00,2.203000068664551,2.2047998905181885,2.1958999633789062,2.2002999782562256
2024-08-21 20:00:00-04:00,2.1991000175476074,2.203399896621704,2.1907999515533447,2.2011001110076904
2024-08-22 00:00:00-04:00,2.2016000747680664,2.201900005340576,2.192500114440918,2.19950008392334
2024-08-22 04:00:00-04:00,2.1993000507354736,2.222899913787842,2.1963999271392822,2.215399980545044
2024-08-22 08:00:00-04:00,2.214900016784668,2.2330000400543213,2.2023000717163086,2.2320001125335693
2024-08-22 12:00:00-04:00,2.2307000160217285,2.2492001056671143,2.2286999225616455,2.2381999492645264
2024-08-22 16:00:00-04:00,2.239000082015991,2.243000030517578,2.2358999252319336,2.243000030517578
2024-08-22 20:00:00-04:00,2.24180006980896,2.2462000846862793,2.237799882888794,2.2432000637054443
2024-08-23 00:00:00-04:00,2.2467000484466553,2.2588000297546387,2.2451999187469482,2.2576000690460205
2024-08-23 04:00:00-04:00,2.2578999996185303,2.2737998962402344,2.2460999488830566,2.270900011062622
2024-08-23 08:00:00-04:00,2.2706000804901123,2.275599956512451,2.2565999031066895,2.272700071334839
2024-08-23 12:00:00-04:00,2.272900104522705,2.2890000343322754,2.2692999839782715,2.2850000858306885
2024-08-23 16:00:00-04:00,2.28410005569458,2.286900043487549,2.28410005569458,2.286799907684326
2024-08-25 16:00:00-04:00,2.2983999252319336,2.2988998889923096,2.2887001037597656,2.2887001037597656
2024-08-25 20:00:00-04:00,2.2934000492095947,2.2939000129699707,2.288100004196167,2.2925000190734863
2024-08-26 00:00:00-04:00,2.2869999408721924,2.293800115585327,2.28439998626709,2.293800115585327
2024-08-26 04:00:00-04:00,2.2946999073028564,2.325900077819824,2.2855000495910645,2.322499990463257
2024-08-26 08:00:00-04:00,2.3239998817443848,2.3322999477386475,2.2973999977111816,2.2983999252319336
2024-08-26 12:00:00-04:00,2.2978999614715576,2.3001999855041504,2.2783000469207764,2.2806999683380127
2024-08-26 16:00:00-04:00,2.2799999713897705,2.2874999046325684,2.2792999744415283,2.286400079727173
2024-08-26 20:00:00-04:00,2.287899971008301,2.290299892425537,2.283400058746338,2.2887001037597656
2024-08-27 00:00:00-04:00,2.2920000553131104,2.2967000007629395,2.2894999980926514,2.2894999980926514
2024-08-27 04:00:00-04:00,2.29010009765625,2.292099952697754,2.273099899291992,2.2816998958587646
2024-08-27 08:00:00-04:00,2.2804999351501465,2.28629994392395,2.2274999618530273,2.245500087738037
2024-08-27 12:00:00-04:00,2.2446000576019287,2.252000093460083,2.2346999645233154,2.246000051498413
2024-08-27 16:00:00-04:00,2.2441999912261963,2.2493999004364014,2.2390999794006348,2.2390999794006348
2024-08-27 20:00:00-04:00,2.242300033569336,2.243000030517578,2.2302000522613525,2.2337000370025635
2024-08-28 00:00:00-04:00,2.2330000400543213,2.2469000816345215,2.2195000648498535,2.2195000648498535
2024-08-28 04:00:00-04:00,2.2181999683380127,2.2197000980377197,2.1944000720977783,2.2135000228881836
2024-08-28 08:00:00-04:00,2.2132999897003174,2.2441000938415527,2.203700065612793,2.2197000980377197
2024-08-28 12:00:00-04:00,2.2197999954223633,2.2325000762939453,2.2095999717712402,2.2151999473571777
2024-08-28 16:00:00-04:00,2.2147998809814453,2.2165000438690186,2.205199956893921,2.2155001163482666
2024-08-28 20:00:00-04:00,2.2151999473571777,2.2230000495910645,2.214600086212158,2.217600107192993
2024-08-29 00:00:00-04:00,2.2174999713897705,2.2207000255584717,2.2123000621795654,2.2151999473571777
2024-08-29 04:00:00-04:00,2.216099977493286,2.229300022125244,2.1982998847961426,2.2225000858306885
2024-08-29 08:00:00-04:00,2.223400115966797,2.2639999389648438,2.223400115966797,2.232100009918213
2024-08-29 12:00:00-04:00,2.228600025177002,2.255000114440918,2.228600025177002,2.25219988822937
2024-08-29 16:00:00-04:00,2.250499963760376,2.2509000301361084,2.243799924850464,2.243799924850464
2024-08-29 20:00:00-04:00,2.2441999912261963,2.2576000690460205,2.2441999912261963,2.2576000690460205
2024-08-30 00:00:00-04:00,2.25819993019104,2.2672998905181885,2.25819993019104,2.265199899673462
2024-08-30 04:00:00-04:00,2.2641000747680664,2.265000104904175,2.253200054168701,2.262200117111206
2024-08-30 08:00:00-04:00,2.265000104904175,2.266900062561035,2.2135000228881836,2.2155001163482666
2024-08-30 12:00:00-04:00,2.2207999229431152,2.2248001098632812,2.2028000354766846,2.205199956893921
2024-08-30 16:00:00-04:00,2.0968000888824463,2.0968000888824463,2.0968000888824463,2.0968000888824463
2024-09-01 16:00:00-04:00,2.093600034713745,2.093600034713745,2.0722999572753906,2.0722999572753906
2024-09-01 20:00:00-04:00,2.073499917984009,2.0771000385284424,2.0550999641418457,2.0566000938415527
2024-09-03 00:00:00-04:00,2.0617001056671143,2.0731000900268555,2.0613999366760254,2.06820011138916
2024-09-03 04:00:00-04:00,2.067199945449829,2.0808000564575195,2.0357000827789307,2.044800043106079
2024-09-03 08:00:00-04:00,2.0453999042510986,2.056299924850464,1.9865000247955322,1.9867000579833984
2024-09-03 12:00:00-04:00,1.9873000383377075,1.9926999807357788,1.9648000001907349,1.9818999767303467
2024-09-03 16:00:00-04:00,1.9819999933242798,1.9847999811172485,1.9774999618530273,1.9810999631881714
2024-09-03 20:00:00-04:00,1.979599952697754,1.9810999631881714,1.9670000076293945,1.9686000347137451
2024-09-04 00:00:00-04:00,1.969599962234497,1.9757000207901,1.9570000171661377,1.9570000171661377
2024-09-04 04:00:00-04:00,1.9573999643325806,2.001300096511841,1.957200050354004,1.9757000207901
2024-09-04 08:00:00-04:00,1.9757000207901,1.9816999435424805,1.9474999904632568,1.972000002861023
2024-09-04 12:00:00-04:00,1.9710999727249146,1.9726999998092651,1.9460999965667725,1.9544999599456787
2024-09-04 16:00:00-04:00,1.9541000127792358,1.9596999883651733,1.9455000162124634,1.948699951171875
2024-09-04 20:00:00-04:00,1.9485000371932983,1.9586000442504883,1.9479999542236328,1.9509999752044678
2024-09-05 00:00:00-04:00,1.9515999555587769,1.9643000364303589,1.951200008392334,1.9622999429702759
2024-09-05 04:00:00-04:00,1.961899995803833,1.9733999967575073,1.9536999464035034,1.954699993133545
2024-09-05 08:00:00-04:00,1.9545999765396118,1.9686000347137451,1.9215999841690063,1.9218000173568726
2024-09-05 12:00:00-04:00,1.9214999675750732,1.9348000288009644,1.9141000509262085,1.9289000034332275
2024-09-05 16:00:00-04:00,1.9291000366210938,1.9384000301361084,1.9278000593185425,1.934999942779541
2024-09-05 20:00:00-04:00,1.9349000453948975,1.9412000179290771,1.9311000108718872,1.9320000410079956
2024-09-06 00:00:00-04:00,1.9318000078201294,1.944700002670288,1.9306000471115112,1.9424999952316284
2024-09-06 04:00:00-04:00,1.9422999620437622,1.9485000371932983,1.92739999294281,1.9464000463485718
2024-09-06 08:00:00-04:00,1.9457999467849731,1.9593000411987305,1.8803000450134277,1.8835999965667725
2024-09-06 12:00:00-04:00,1.8833999633789062,1.9077999591827393,1.8756999969482422,1.90339994430542
2024-09-06 16:00:00-04:00,1.9035999774932861,1.9049999713897705,1.8984999656677246,1.9002000093460083
2024-09-08 16:00:00-04:00,1.90339994430542,1.934399962425232,1.8995000123977661,1.933500051498413
2024-09-08 20:00:00-04:00,1.9335999488830566,1.9465999603271484,1.9306999444961548,1.9404000043869019
2024-09-09 00:00:00-04:00,1.9398000240325928,1.9478000402450562,1.9342999458312988,1.9426000118255615
2024-09-09 04:00:00-04:00,1.941100001335144,1.9503999948501587,1.9235999584197998,1.9366999864578247
2024-09-09 08:00:00-04:00,1.9365999698638916,1.936900019645691,1.896399974822998,1.9189000129699707
2024-09-09 12:00:00-04:00,1.9198999404907227,1.9329999685287476,1.9139000177383423,1.9227999448776245
2024-09-09 16:00:00-04:00,1.9230999946594238,1.9422999620437622,1.9230999946594238,1.9413000345230103
2024-09-09 20:00:00-04:00,1.9407000541687012,1.9465999603271484,1.9321000576019287,1.9335999488830566
2024-09-10 00:00:00-04:00,1.9349000453948975,1.9352999925613403,1.9199999570846558,1.926900029182434
2024-09-10 04:00:00-04:00,1.9271999597549438,1.9285000562667847,1.9039000272750854,1.908400058746338
2024-09-10 08:00:00-04:00,1.908400058746338,1.9253000020980835,1.8583999872207642,1.868899941444397
2024-09-10 12:00:00-04:00,1.8694000244140625,1.8868000507354736,1.8634999990463257,1.8849999904632568
2024-09-10 16:00:00-04:00,1.8854999542236328,1.8885999917984009,1.8819999694824219,1.8848999738693237
2024-09-10 20:00:00-04:00,1.885200023651123,1.8874000310897827,1.8716000318527222,1.8762999773025513
2024-09-11 00:00:00-04:00,1.878100037574768,1.9048000574111938,1.875499963760376,1.8961000442504883
2024-09-11 04:00:00-04:00,1.8978999853134155,1.9199999570846558,1.8954999446868896,1.9133000373840332
2024-09-11 08:00:00-04:00,1.913100004196167,1.9179999828338623,1.8545000553131104,1.88510000705719
2024-09-11 12:00:00-04:00,1.8849999904632568,1.9035999774932861,1.878100037574768,1.8961999416351318
2024-09-11 16:00:00-04:00,1.895900011062622,1.9026999473571777,1.8913999795913696,1.8997000455856323
2024-09-11 20:00:00-04:00,1.9010000228881836,1.90910005569458,1.899399995803833,1.90910005569458
2024-09-12 00:00:00-04:00,1.9088000059127808,1.9248000383377075,1.907099962234497,1.9217000007629395
2024-09-12 04:00:00-04:00,1.9199999570846558,1.9294999837875366,1.9083000421524048,1.9106999635696411
2024-09-12 08:00:00-04:00,1.9103000164031982,1.948699951171875,1.8970999717712402,1.9319000244140625
2024-09-12 12:00:00-04:00,1.9321999549865723,1.9402999877929688,1.923200011253357,1.9399000406265259
2024-09-12 16:00:00-04:00,1.9400999546051025,1.9420000314712524,1.9351999759674072,1.9375
2024-09-12 20:00:00-04:00,1.9375,1.9427000284194946,1.9333000183105469,1.9357000589370728
2024-09-13 00:00:00-04:00,1.9377000331878662,1.9457000494003296,1.9342999458312988,1.9342999458312988
2024-09-13 04:00:00-04:00,1.9371999502182007,1.9607000350952148,1.9345999956130981,1.9577000141143799
2024-09-13 08:00:00-04:00,1.9565000534057617,1.9716999530792236,1.9443999528884888,1.948699951171875
2024-09-13 12:00:00-04:00,1.948099970817566,1.9537999629974365,1.927899956703186,1.9416999816894531
2024-09-13 16:00:00-04:00,1.941499948501587,1.941499948501587,1.937999963760376,1.9392999410629272
2024-09-15 16:00:00-04:00,1.9395999908447266,1.944000005722046,1.9315999746322632,1.9315999746322632
2024-09-15 20:00:00-04:00,1.9300999641418457,1.9321999549865723,1.9239000082015991,1.9239000082015991
2024-09-16 00:00:00-04:00,1.9244999885559082,1.9473999738693237,1.9214999675750732,1.944100022315979
2024-09-16 04:00:00-04:00,1.9444999694824219,1.9534000158309937,1.9362000226974487,1.9528000354766846
2024-09-16 08:00:00-04:00,1.9527000188827515,1.985200047492981,1.945099949836731,1.972000002861023
2024-09-16 12:00:00-04:00,1.972100019454956,1.9785000085830688,1.9621000289916992,1.9767999649047852
2024-09-16 16:00:00-04:00,1.976699948310852,1.9788999557495117,1.9744000434875488,1.9771000146865845
2024-09-16 20:00:00-04:00,1.9772000312805176,1.9865000247955322,1.9754999876022339,1.98580002784729
2024-09-17 00:00:00-04:00,1.9847999811172485,1.9869999885559082,1.9722000360488892,1.9723000526428223
2024-09-17 04:00:00-04:00,1.9711999893188477,1.9836000204086304,1.9663000106811523,1.976699948310852
2024-09-17 08:00:00-04:00,1.9766000509262085,1.997499942779541,1.958899974822998,1.9954999685287476
2024-09-17 12:00:00-04:00,1.9943000078201294,2.005500078201294,1.9910000562667847,2.001300096511841
2024-09-17 16:00:00-04:00,2.001499891281128,2.00219988822937,1.989300012588501,1.989300012588501
2024-09-17 20:00:00-04:00,1.9921000003814697,1.99590003490448,1.9812999963760376,1.9840999841690063
2024-09-18 00:00:00-04:00,1.986199975013733,1.9869999885559082,1.9789999723434448,1.9837000370025635
2024-09-18 04:00:00-04:00,1.9836000204086304,1.9844000339508057,1.9642000198364258,1.982800006866455
2024-09-18 08:00:00-04:00,1.9838000535964966,2.0132999420166016,1.9815000295639038,1.992799997329712
2024-09-18 12:00:00-04:00,1.9915000200271606,2.0209999084472656,1.9907000064849854,1.9908000230789185
2024-09-18 16:00:00-04:00,1.9915000200271606,2.0023000240325928,1.9900000095367432,2.0023000240325928
2024-09-18 20:00:00-04:00,2.003200054168701,2.0199999809265137,2.0011000633239746,2.0199999809265137
2024-09-19 00:00:00-04:00,2.0197999477386475,2.040600061416626,2.0197999477386475,2.040600061416626
2024-09-19 04:00:00-04:00,2.039599895477295,2.0452001094818115,2.028700113296509,2.035799980163574
2024-09-19 08:00:00-04:00,2.0360000133514404,2.064300060272217,2.029900074005127,2.0589001178741455
2024-09-19 12:00:00-04:00,2.0590999126434326,2.0673999786376953,2.0534000396728516,2.0576999187469482
2024-09-19 16:00:00-04:00,2.058199882507324,2.062700033187866,2.055299997329712,2.055299997329712
2024-09-19 20:00:00-04:00,2.0550999641418457,2.0573999881744385,2.0464999675750732,2.052000045776367
2024-09-20 00:00:00-04:00,2.0511999130249023,2.0511999130249023,2.04010009765625,2.041100025177002
2024-09-20 04:00:00-04:00,2.041599988937378,2.0543999671936035,2.038300037384033,2.050800085067749
2024-09-20 08:00:00-04:00,2.0497000217437744,2.053299903869629,2.0327000617980957,2.0364999771118164
2024-09-20 12:00:00-04:00,2.036799907684326,2.0488998889923096,2.0316998958587646,2.045099973678589
2024-09-20 16:00:00-04:00,2.0448999404907227,2.0467000007629395,2.04259991645813,2.0464999675750732
2024-09-22 16:00:00-04:00,2.0464999675750732,2.0464999675750732,2.0355000495910645,2.040299892425537
2024-09-22 20:00:00-04:00,2.0406999588012695,2.0534000396728516,2.04010009765625,2.052299976348877
2024-09-23 00:00:00-04:00,2.0541999340057373,2.0548999309539795,2.0304999351501465,2.037600040435791
2024-09-23 04:00:00-04:00,2.0362000465393066,2.039299964904785,2.029099941253662,2.035599946975708
2024-09-23 08:00:00-04:00,2.0362000465393066,2.04010009765625,1.9799000024795532,1.9811999797821045
2024-09-23 12:00:00-04:00,1.9801000356674194,1.9982999563217163,1.9709999561309814,1.9982000589370728
2024-09-23 16:00:00-04:00,1.9976999759674072,2.0037999153137207,1.9953999519348145,2.0
2024-09-23 20:00:00-04:00,1.999500036239624,2.0199999809265137,1.996899962425232,2.0195000171661377
2024-09-24 00:00:00-04:00,2.018699884414673,2.0251998901367188,2.0181000232696533,2.02020001411438
2024-09-24 04:00:00-04:00,2.02020001411438,2.0388998985290527,2.017699956893921,2.030400037765503
2024-09-24 08:00:00-04:00,2.031399965286255,2.0478999614715576,2.019399881362915,2.0348000526428223
2024-09-24 12:00:00-04:00,2.034899950027466,2.0371999740600586,2.024199962615967,2.026400089263916
2024-09-24 16:00:00-04:00,2.0244998931884766,2.033600091934204,2.0241000652313232,2.032399892807007
2024-09-24 20:00:00-04:00,2.032399892807007,2.033900022506714,2.019700050354004,2.0236001014709473
2024-09-25 00:00:00-04:00,2.0243000984191895,2.0250000953674316,2.0144999027252197,2.0144999027252197
2024-09-25 04:00:00-04:00,2.0136001110076904,2.0244998931884766,2.0009000301361084,2.0009000301361084
2024-09-25 08:00:00-04:00,2.0000998973846436,2.0280001163482666,1.9918999671936035,1.9988000392913818
2024-09-25 12:00:00-04:00,1.9991999864578247,2.0025999546051025,1.9767999649047852,2.0023000240325928
2024-09-25 16:00:00-04:00,2.002700090408325,2.00600004196167,2.001300096511841,2.0058999061584473
2024-09-25 20:00:00-04:00,2.0053000450134277,2.0104000568389893,2.0016000270843506,2.0058000087738037
2024-09-26 00:00:00-04:00,2.003999948501587,2.003999948501587,1.9470000267028809,1.9688999652862549
2024-09-26 04:00:00-04:00,1.9731999635696411,1.986199975013733,1.9586999416351318,1.9620000123977661
2024-09-26 08:00:00-04:00,1.9627000093460083,1.9883999824523926,1.948799967765808,1.982300043106079
2024-09-26 12:00:00-04:00,1.9805999994277954,1.9816999435424805,1.945099949836731,1.9470000267028809
2024-09-26 16:00:00-04:00,1.9483000040054321,1.9503999948501587,1.934499979019165,1.9361000061035156
2024-09-26 20:00:00-04:00,1.9392000436782837,1.948099970817566,1.929900050163269,1.9478000402450562
2024-09-27 00:00:00-04:00,1.9479999542236328,1.9593000411987305,1.9453999996185303,1.9453999996185303
2024-09-27 04:00:00-04:00,1.961300015449524,1.9686000347137451,1.952299952507019,1.9592000246047974
2024-09-27 08:00:00-04:00,1.958799958229065,1.975000023841858,1.9359999895095825,1.9677000045776367
2024-09-27 12:00:00-04:00,1.9670000076293945,1.9747999906539917,1.9311000108718872,1.9529999494552612
2024-09-27 16:00:00-04:00,1.9564000368118286,1.9564000368118286,1.9564000368118286,1.9564000368118286
2024-09-29 20:00:00-04:00,1.9529999494552612,1.9529999494552612,1.9529999494552612,1.9529999494552612
2024-09-30 00:00:00-04:00,1.9746999740600586,1.9746999740600586,1.9723000526428223,1.9723000526428223
2024-09-30 04:00:00-04:00,1.9555000066757202,1.9555000066757202,1.9539999961853027,1.9539999961853027
2024-09-30 08:00:00-04:00,1.955299973487854,1.985700011253357,1.955299973487854,1.985700011253357
2024-09-30 12:00:00-04:00,1.9836000204086304,1.9854999780654907,1.9550000429153442,1.9701000452041626
2024-10-01 00:00:00-04:00,1.9103000164031982,1.9151999950408936,1.9048999547958374,1.906000018119812
2024-10-01 04:00:00-04:00,1.9055999517440796,1.919700026512146,1.8811999559402466,1.9103000164031982
2024-10-01 08:00:00-04:00,1.9097000360488892,1.996500015258789,1.8880000114440918,1.9830000400543213
2024-10-01 12:00:00-04:00,1.9831000566482544,2.007699966430664,1.9581999778747559,1.9780000448226929
2024-10-01 16:00:00-04:00,1.9782999753952026,1.9937000274658203,1.9766000509262085,1.9853999614715576
2024-10-01 20:00:00-04:00,1.9852999448776245,1.9945000410079956,1.9809999465942383,1.9880000352859497
2024-10-02 00:00:00-04:00,1.9891999959945679,2.009000062942505,1.9869999885559082,2.001499891281128
2024-10-02 04:00:00-04:00,2.001499891281128,2.017199993133545,1.989300012588501,2.003200054168701
2024-10-02 08:00:00-04:00,2.0046000480651855,2.0290000438690186,1.9634000062942505,1.9637999534606934
2024-10-02 12:00:00-04:00,1.9635000228881836,2.004699945449829,1.9611999988555908,2.0046000480651855
2024-10-02 16:00:00-04:00,2.004199981689453,2.0248000621795654,2.000999927520752,2.0157999992370605
2024-10-02 20:00:00-04:00,2.0136001110076904,2.018899917602539,2.005199909210205,2.018699884414673
2024-10-03 00:00:00-04:00,2.0179998874664307,2.0237998962402344,2.00600004196167,2.007499933242798
2024-10-03 04:00:00-04:00,2.007699966430664,2.03410005569458,1.9980000257492065,2.0192999839782715
2024-10-03 08:00:00-04:00,2.019200086593628,2.0792999267578125,2.0157999992370605,2.0645999908447266
2024-10-03 12:00:00-04:00,2.0648999214172363,2.104099988937378,2.0638999938964844,2.099400043487549
2024-10-03 16:00:00-04:00,2.0996999740600586,2.10260009765625,2.0894999504089355,2.100600004196167
2024-10-03 20:00:00-04:00,2.099600076675415,2.100800037384033,2.091900110244751,2.091900110244751
2024-10-04 00:00:00-04:00,2.0927000045776367,2.1106998920440674,2.0873000621795654,2.1066999435424805
2024-10-04 04:00:00-04:00,2.109999895095825,2.1257998943328857,2.1059000492095947,2.117799997329712
2024-10-04 08:00:00-04:00,2.1178998947143555,2.1178998947143555,2.082200050354004,2.1013998985290527
2024-10-04 12:00:00-04:00,2.1013998985290527,2.120300054550171,2.0871999263763428,2.09089994430542
2024-10-04 16:00:00-04:00,2.09089994430542,2.0973000526428223,2.0901999473571777,2.0938000679016113
2024-10-06 16:00:00-04:00,2.0959999561309814,2.096400022506714,2.0782999992370605,2.0782999992370605
2024-10-06 20:00:00-04:00,2.0782999992370605,2.0855000019073486,2.0741000175476074,2.0827999114990234
2024-10-07 00:00:00-04:00,2.0820999145507812,2.101599931716919,2.0782999992370605,2.0952999591827393
2024-10-07 04:00:00-04:00,2.097599983215332,2.1273000240325928,2.097599983215332,2.1196999549865723
2024-10-07 08:00:00-04:00,2.11929988861084,2.1668999195098877,2.10260009765625,2.164799928665161
2024-10-07 12:00:00-04:00,2.1649999618530273,2.16729998588562,2.1454999446868896,2.1584999561309814
2024-10-07 16:00:00-04:00,2.1584999561309814,2.175299882888794,2.150899887084961,2.152899980545044
2024-10-07 20:00:00-04:00,2.1531999111175537,2.155900001525879,2.1073999404907227,2.114300012588501
2024-10-08 00:00:00-04:00,2.115799903869629,2.122499942779541,2.1106998920440674,2.116499900817871
2024-10-08 04:00:00-04:00,2.1187000274658203,2.125,2.1033999919891357,2.114000082015991
2024-10-08 08:00:00-04:00,2.114000082015991,2.121799945831299,2.0473999977111816,2.063699960708618
2024-10-08 12:00:00-04:00,2.0638999938964844,2.086199998855591,2.0448999404907227,2.078000068664551
2024-10-08 16:00:00-04:00,2.0780999660491943,2.078399896621704,2.065999984741211,2.07450008392334
2024-10-08 20:00:00-04:00,2.0759999752044678,2.0815000534057617,2.0662999153137207,2.0725998878479004
2024-10-09 00:00:00-04:00,2.0734000205993652,2.0862998962402344,2.072000026702881,2.0796000957489014
2024-10-09 04:00:00-04:00,2.0799999237060547,2.0866000652313232,2.048099994659424,2.059499979019165
2024-10-09 08:00:00-04:00,2.058199882507324,2.0708000659942627,2.0199999809265137,2.0683000087738037
2024-10-09 12:00:00-04:00,2.068000078201294,2.0752999782562256,2.047600030899048,2.0731000900268555
2024-10-09 16:00:00-04:00,2.0729000568389893,2.0732998847961426,2.0643999576568604,2.0669000148773193
2024-10-09 20:00:00-04:00,2.065700054168701,2.0820999145507812,2.0652999877929688,2.078700065612793
2024-10-10 00:00:00-04:00,2.0799999237060547,2.0850000381469727,2.0754001140594482,2.084700107574463
2024-10-10 04:00:00-04:00,2.083400011062622,2.098900079727173,2.0806000232696533,2.0820000171661377
2024-10-10 08:00:00-04:00,2.0820999145507812,2.140000104904175,2.081199884414673,2.136899948120117
2024-10-10 12:00:00-04:00,2.136899948120117,2.158099889755249,2.134500026702881,2.153899908065796
2024-10-10 16:00:00-04:00,2.1538000106811523,2.1549999713897705,2.142899990081787,2.1454999446868896
2024-10-10 20:00:00-04:00,2.1470000743865967,2.153700113296509,2.1386001110076904,2.147900104522705
2024-10-11 00:00:00-04:00,2.1466000080108643,2.148400068283081,2.117500066757202,2.1303000450134277
2024-10-11 04:00:00-04:00,2.130500078201294,2.144399881362915,2.1275999546051025,2.139899969100952
2024-10-11 08:00:00-04:00,2.1403000354766846,2.164599895477295,2.1268999576568604,2.1566998958587646
2024-10-11 12:00:00-04:00,2.1570000648498535,2.1640000343322754,2.143899917602539,2.1500000953674316
2024-10-11 16:00:00-04:00,2.1496999263763428,2.1542000770568848,2.145699977874756,2.149600028991699
2024-10-13 16:00:00-04:00,2.1461000442504883,2.1461000442504883,2.115999937057495,2.1180999279022217
2024-10-13 20:00:00-04:00,2.115600109100342,2.13100004196167,2.1131999492645264,2.128700017929077
2024-10-14 00:00:00-04:00,2.127000093460083,2.133500099182129,2.1159000396728516,2.11680006980896
2024-10-14 04:00:00-04:00,2.11899995803833,2.1261000633239746,2.0899999141693115,2.101300001144409
2024-10-14 08:00:00-04:00,2.1012001037597656,2.119499921798706,2.0969998836517334,2.106800079345703
2024-10-14 12:00:00-04:00,2.1064999103546143,2.1208999156951904,2.1041998863220215,2.11299991607666
2024-10-14 16:00:00-04:00,2.11299991607666,2.115000009536743,2.0541000366210938,2.0615999698638916
2024-10-14 20:00:00-04:00,2.0601999759674072,2.063800096511841,2.0494000911712646,2.052799940109253
2024-10-15 00:00:00-04:00,2.051300048828125,2.0529000759124756,2.0278000831604004,2.030900001525879
2024-10-15 04:00:00-04:00,2.030900001525879,2.0373001098632812,2.009999990463257,2.032599925994873
2024-10-15 08:00:00-04:00,2.033400058746338,2.0413999557495117,2.008500099182129,2.0125999450683594
2024-10-15 12:00:00-04:00,2.0123000144958496,2.0490000247955322,2.0118000507354736,2.04259991645813
2024-10-15 16:00:00-04:00,2.043100118637085,2.046799898147583,2.039599895477295,2.0441999435424805
2024-10-15 20:00:00-04:00,2.04259991645813,2.0452001094818115,2.0350000858306885,2.0392000675201416
2024-10-16 00:00:00-04:00,2.037400007247925,2.050800085067749,2.0348000526428223,2.0390000343322754
2024-10-16 04:00:00-04:00,2.0392000675201416,2.047100067138672,2.0264999866485596,2.038599967956543
2024-10-16 08:00:00-04:00,2.038800001144409,2.047300100326538,2.0157999992370605,2.040299892425537
2024-10-16 12:00:00-04:00,2.040800094604492,2.0517001152038574,2.033900022506714,2.043800115585327
2024-10-16 16:00:00-04:00,2.043600082397461,2.0536000728607178,2.0429999828338623,2.050800085067749
2024-10-16 20:00:00-04:00,2.051800012588501,2.060800075531006,2.047300100326538,2.0485000610351562
2024-10-17 00:00:00-04:00,2.0485000610351562,2.056299924850464,2.036400079727173,2.039099931716919
2024-10-17 04:00:00-04:00,2.039299964904785,2.050100088119507,2.0343000888824463,2.036600112915039
2024-10-17 08:00:00-04:00,2.037100076675415,2.0497000217437744,2.028899908065796,2.0378000736236572
2024-10-17 12:00:00-04:00,2.0374999046325684,2.0488998889923096,2.0072999000549316,2.0448999404907227
2024-10-17 16:00:00-04:00,2.045300006866455,2.0464000701904297,2.0350000858306885,2.04259991645813
2024-10-17 20:00:00-04:00,2.044300079345703,2.0529000759124756,2.0439000129699707,2.0441999435424805
2024-10-18 00:00:00-04:00,2.0476999282836914,2.054800033569336,2.041599988937378,2.043100118637085
2024-10-18 04:00:00-04:00,2.0423998832702637,2.0501999855041504,2.03410005569458,2.0450000762939453
2024-10-18 08:00:00-04:00,2.0446999073028564,2.0492000579833984,1.986299991607666,2.0007998943328857
2024-10-18 12:00:00-04:00,2.0007998943328857,2.0283000469207764,1.9996000528335571,2.0058000087738037
2024-10-18 16:00:00-04:00,2.0046000480651855,2.0046000480651855,2.0011000633239746,2.0037999153137207
2024-10-20 16:00:00-04:00,2.005500078201294,2.008500099182129,2.0,2.00570011138916
2024-10-20 20:00:00-04:00,2.00570011138916,2.0099000930786133,1.9979000091552734,2.0099000930786133
2024-10-21 00:00:00-04:00,2.010999917984009,2.0172998905181885,2.0071001052856445,2.017199993133545
2024-10-21 04:00:00-04:00,2.0174999237060547,2.0450000762939453,2.0165998935699463,2.0399999618530273
2024-10-21 08:00:00-04:00,2.039900064468384,2.0409998893737793,1.996399998664856,2.009999990463257
2024-10-21 12:00:00-04:00,2.009700059890747,2.02020001411438,2.0069000720977783,2.0102999210357666
2024-10-21 16:00:00-04:00,2.0102999210357666,2.0178000926971436,2.0023000240325928,2.0178000926971436
2024-10-21 20:00:00-04:00,2.0139000415802,2.0148000717163086,2.004699945449829,2.012399911880493
2024-10-22 00:00:00-04:00,2.011199951171875,2.0125999450683594,1.9946000576019287,2.0027999877929688
2024-10-22 04:00:00-04:00,2.0016000270843506,2.0409998893737793,2.0002999305725098,2.035399913787842
2024-10-22 08:00:00-04:00,2.0367000102996826,2.067699909210205,2.0313000679016113,2.06469988822937
2024-10-22 12:00:00-04:00,2.0643999576568604,2.075000047683716,2.062299966812134,2.0678000450134277
2024-10-22 16:00:00-04:00,2.067500114440918,2.06850004196167,2.063499927520752,2.06850004196167
2024-10-22 20:00:00-04:00,2.068000078201294,2.073199987411499,2.0653998851776123,2.071899890899658
2024-10-23 00:00:00-04:00,2.0724000930786133,2.0757999420166016,2.0583999156951904,2.0589001178741455
2024-10-23 04:00:00-04:00,2.0596001148223877,2.061199903488159,2.032599925994873,2.037400007247925
2024-10-23 08:00:00-04:00,2.0388998985290527,2.06469988822937,2.0269999504089355,2.0346999168395996
2024-10-23 12:00:00-04:00,2.03439998626709,2.0445001125335693,2.0269999504089355,2.0443999767303467
2024-10-23 16:00:00-04:00,2.0443999767303467,2.051500082015991,2.043800115585327,2.0495998859405518
2024-10-23 20:00:00-04:00,2.0511999130249023,2.0683000087738037,2.0508999824523926,2.0664000511169434
2024-10-24 00:00:00-04:00,2.068000078201294,2.072999954223633,2.0608999729156494,2.0708000659942627
2024-10-24 04:00:00-04:00,2.0717999935150146,2.0757999420166016,2.044800043106079,2.0450000762939453
2024-10-24 08:00:00-04:00,2.0441999435424805,2.058799982070923,2.018399953842163,2.019200086593628
2024-10-24 12:00:00-04:00,2.0190999507904053,2.0367000102996826,2.0139999389648438,2.035900115966797
2024-10-24 16:00:00-04:00,2.033400058746338,2.0355000495910645,2.030900001525879,2.030900001525879
2024-10-24 20:00:00-04:00,2.0322000980377197,2.0381999015808105,2.0315001010894775,2.033099889755249
2024-10-25 00:00:00-04:00,2.031399965286255,2.037100076675415,2.025899887084961,2.0274999141693115
2024-10-25 04:00:00-04:00,2.0267999172210693,2.04229998588562,2.0225000381469727,2.039900064468384
2024-10-25 08:00:00-04:00,2.0416998863220215,2.077699899673462,2.039099931716919,2.070499897003174
2024-10-25 12:00:00-04:00,2.0708000659942627,2.0841000080108643,2.061000108718872,2.078900098800659
2024-10-25 16:00:00-04:00,2.079400062561035,2.0813000202178955,2.077899932861328,2.0808000564575195
2024-10-27 16:00:00-04:00,2.052000045776367,2.052000045776367,1.989400029182434,2.0146000385284424
2024-10-27 20:00:00-04:00,2.015399932861328,2.0162999629974365,2.004499912261963,2.0074000358581543
2024-10-28 00:00:00-04:00,2.0048999786376953,2.013700008392334,2.0027999877929688,2.0055999755859375
2024-10-28 04:00:00-04:00,2.003499984741211,2.003499984741211,1.962499976158142,1.9709999561309814
2024-10-28 08:00:00-04:00,1.9714000225067139,1.9911999702453613,1.9617999792099,1.9804999828338623
2024-10-28 12:00:00-04:00,1.9810999631881714,1.9848999977111816,1.9651000499725342,1.9774999618530273
2024-10-28 16:00:00-04:00,1.9775999784469604,1.9789999723434448,1.9737000465393066,1.9737000465393066
2024-10-28 20:00:00-04:00,1.9759999513626099,1.976699948310852,1.965000033378601,1.9658000469207764
2024-10-29 00:00:00-04:00,1.9628000259399414,1.9731999635696411,1.9575999975204468,1.9731999635696411
2024-10-29 04:00:00-04:00,1.9744999408721924,1.992300033569336,1.970900058746338,1.9855999946594238
2024-10-29 08:00:00-04:00,1.985700011253357,1.9888999462127686,1.933899998664856,1.9455000162124634
2024-10-29 12:00:00-04:00,1.9417999982833862,1.9543999433517456,1.9394999742507935,1.951799988746643
2024-10-29 16:00:00-04:00,1.951799988746643,1.962499976158142,1.951799988746643,1.9589999914169312
2024-10-29 20:00:00-04:00,1.9581999778747559,1.9628000259399414,1.9563000202178955,1.9625999927520752
2024-10-30 00:00:00-04:00,1.9634000062942505,1.969499945640564,1.9586999416351318,1.9611999988555908
2024-10-30 04:00:00-04:00,1.962499976158142,1.9723999500274658,1.9580999612808228,1.9661999940872192
2024-10-30 08:00:00-04:00,1.9663000106811523,2.0051000118255615,1.9600000381469727,1.996000051498413
2024-10-30 12:00:00-04:00,1.9988000392913818,2.005000114440918,1.9795000553131104,2.005000114440918
2024-10-30 16:00:00-04:00,2.0062999725341797,2.0062999725341797,2.0055999755859375,2.0055999755859375
2024-10-31 04:00:00-04:00,1.9940999746322632,1.9940999746322632,1.9940999746322632,1.9940999746322632
2024-10-31 08:00:00-04:00,2.0058999061584473,2.0172998905181885,1.998900055885315,2.013200044631958
2024-10-31 12:00:00-04:00,2.011699914932251,2.0120999813079834,1.9961999654769897,2.002700090408325
2024-11-01 00:00:00-04:00,2.0025999546051025,2.005500078201294,2.0007998943328857,2.0048000812530518
2024-11-01 04:00:00-04:00,2.0046000480651855,2.0204999446868896,1.999500036239624,2.007499933242798
2024-11-01 08:00:00-04:00,2.0074000358581543,2.024399995803833,1.9808000326156616,1.993299961090088
2024-11-01 12:00:00-04:00,1.993299961090088,1.9970999956130981,1.9638999700546265,1.9664000272750854
2024-11-01 16:00:00-04:00,1.9663000106811523,1.9703999757766724,1.9632999897003174,1.9634000062942505
2024-11-03 15:00:00-05:00,1.9815000295639038,2.002000093460083,1.9812999963760376,1.9945000410079956
2024-11-03 19:00:00-05:00,1.9938000440597534,2.0083999633789062,1.992400050163269,2.0083999633789062
2024-11-03 23:00:00-05:00,2.007999897003174,2.0090999603271484,2.003999948501587,2.005199909210205
2024-11-04 00:00:00-05:00,2.0046000480651855,2.0213000774383545,2.0046000480651855,2.019700050354004
2024-11-04 04:00:00-05:00,2.0190000534057617,2.032900094985962,2.0129001140594482,2.0251998901367188
2024-11-04 08:00:00-05:00,2.0255000591278076,2.0313000679016113,2.007699966430664,2.0169999599456787
2024-11-04 12:00:00-05:00,2.0174999237060547,2.0299999713897705,2.0130999088287354,2.022700071334839
2024-11-04 16:00:00-05:00,2.022700071334839,2.029099941253662,2.0206000804901123,2.021399974822998
2024-11-04 20:00:00-05:00,2.021899938583374,2.026599884033203,2.017400026321411,2.022599935531616
2024-11-05 00:00:00-05:00,2.0234999656677246,2.0322999954223633,2.018899917602539,2.0297999382019043
2024-11-05 04:00:00-05:00,2.0311999320983887,2.0446999073028564,2.027400016784668,2.040600061416626
2024-11-05 08:00:00-05:00,2.0404000282287598,2.0606000423431396,2.0343000888824463,2.0571999549865723
2024-11-05 12:00:00-05:00,2.0573999881744385,2.0597000122070312,2.028899908065796,2.0450000762939453
2024-11-05 16:00:00-05:00,2.0453999042510986,2.046999931335449,2.0336999893188477,2.0336999893188477
2024-11-05 20:00:00-05:00,2.0339999198913574,2.037100076675415,2.015199899673462,2.0162999629974365
2024-11-06 00:00:00-05:00,2.0151000022888184,2.0218000411987305,1.9961999654769897,2.0092999935150146
2024-11-06 04:00:00-05:00,2.009700059890747,2.0165998935699463,1.996399998664856,2.001699924468994
2024-11-06 08:00:00-05:00,2.001199960708618,2.0576999187469482,1.9809999465942383,2.04229998588562
2024-11-06 12:00:00-05:00,2.0423998832702637,2.0464999675750732,2.0304999351501465,2.041100025177002
2024-11-06 16:00:00-05:00,2.039799928665161,2.0416998863220215,2.0348000526428223,2.0362000465393066
2024-11-06 20:00:00-05:00,2.035399913787842,2.0490000247955322,2.035399913787842,2.0409998893737793
2024-11-07 00:00:00-05:00,2.0408999919891357,2.042799949645996,2.0227999687194824,2.025599956512451
2024-11-07 04:00:00-05:00,2.0264999866485596,2.0334999561309814,2.012399911880493,2.0201001167297363
2024-11-07 08:00:00-05:00,2.0208001136779785,2.043100118637085,2.011699914932251,2.0364999771118164
2024-11-07 12:00:00-05:00,2.0371999740600586,2.061800003051758,2.035900115966797,2.0476999282836914
2024-11-07 16:00:00-05:00,2.047499895095825,2.051300048828125,2.0469000339508057,2.0478999614715576
2024-11-07 20:00:00-05:00,2.0492000579833984,2.050100088119507,2.037100076675415,2.0397000312805176
2024-11-08 00:00:00-05:00,2.0401999950408936,2.045799970626831,2.0255000591278076,2.0297000408172607
2024-11-08 04:00:00-05:00,2.029400110244751,2.04259991645813,2.022599935531616,2.029599905014038
2024-11-08 08:00:00-05:00,2.0285000801086426,2.0415000915527344,1.9984999895095825,2.0048999786376953
2024-11-08 12:00:00-05:00,2.005000114440918,2.024399995803833,2.0048000812530518,2.0148000717163086
2024-11-08 16:00:00-05:00,2.0148000717163086,2.0162999629974365,2.012700080871582,2.013000011444092
2024-11-10 16:00:00-05:00,2.012700080871582,2.014899969100952,2.004499912261963,2.0114998817443848
2024-11-10 20:00:00-05:00,2.0107998847961426,2.0143001079559326,2.003000020980835,2.0071001052856445
2024-11-11 00:00:00-05:00,2.010499954223633,2.0216000080108643,2.0095999240875244,2.0192999839782715
2024-11-11 04:00:00-05:00,2.01990008354187,2.021899938583374,1.975600004196167,1.9764000177383423
2024-11-11 08:00:00-05:00,1.976099967956543,1.980299949645996,1.9603999853134155,1.9634000062942505
2024-11-11 12:00:00-05:00,1.9630000591278076,1.970900058746338,1.955399990081787,1.961400032043457
2024-11-11 16:00:00-05:00,1.961899995803833,1.9625999927520752,1.9543999433517456,1.9596999883651733
2024-11-11 20:00:00-05:00,1.9603999853134155,1.9630000591278076,1.951799988746643,1.9558000564575195
2024-11-12 00:00:00-05:00,1.955199956893921,1.9638999700546265,1.9491000175476074,1.960800051689148
2024-11-12 04:00:00-05:00,1.9611999988555908,1.978700041770935,1.9594999551773071,1.9730000495910645
2024-11-12 08:00:00-05:00,1.972100019454956,1.993399977684021,1.9565999507904053,1.9742000102996826
2024-11-12 12:00:00-05:00,1.9743000268936157,1.978700041770935,1.9605000019073486,1.961899995803833
2024-11-12 16:00:00-05:00,1.9617999792099,1.9680999517440796,1.9596999883651733,1.9625999927520752
2024-11-12 20:00:00-05:00,1.9629000425338745,1.972599983215332,1.9600000381469727,1.969099998474121
2024-11-13 00:00:00-05:00,1.967900037765503,1.9692000150680542,1.958299994468689,1.9673000574111938
2024-11-13 04:00:00-05:00,1.967900037765503,1.9850000143051147,1.9671000242233276,1.9746999740600586
2024-11-13 08:00:00-05:00,1.9743000268936157,1.9769999980926514,1.9299999475479126,1.9591000080108643
2024-11-13 12:00:00-05:00,1.9603999853134155,1.976699948310852,1.9526000022888184,1.955899953842163
2024-11-13 16:00:00-05:00,1.9559999704360962,1.9571000337600708,1.9524999856948853,1.9566999673843384
2024-11-13 20:00:00-05:00,1.9575999975204468,1.9610999822616577,1.9509999752044678,1.9544999599456787
2024-11-14 00:00:00-05:00,1.954699993133545,1.9638999700546265,1.948199987411499,1.9621000289916992
2024-11-14 04:00:00-05:00,1.9622000455856323,1.9701999425888062,1.9510999917984009,1.966599941253662
2024-11-14 08:00:00-05:00,1.9671000242233276,1.9950000047683716,1.9661999940872192,1.9845999479293823
2024-11-14 12:00:00-05:00,1.9852999448776245,1.9867000579833984,1.964900016784668,1.9759999513626099
2024-11-14 16:00:00-05:00,1.9759999513626099,1.9788999557495117,1.969499945640564,1.972599983215332
2024-11-14 20:00:00-05:00,1.9732999801635742,1.9769999980926514,1.961899995803833,1.964900016784668
2024-11-15 00:00:00-05:00,1.9638999700546265,1.9651999473571777,1.9500000476837158,1.9589999914169312
2024-11-15 04:00:00-05:00,1.9592000246047974,1.993499994277954,1.9524999856948853,1.9917999505996704
2024-11-15 08:00:00-05:00,1.9917999505996704,1.9918999671936035,1.9602999687194824,1.9639999866485596
2024-11-15 12:00:00-05:00,1.9638999700546265,1.9652999639511108,1.9459999799728394,1.9491000175476074
2024-11-15 16:00:00-05:00,1.9498000144958496,1.9509999752044678,1.9471999406814575,1.9474999904632568
2024-11-17 16:00:00-05:00,1.9452999830245972,1.9541000127792358,1.940000057220459,1.9541000127792358
2024-11-17 20:00:00-05:00,1.951300024986267,1.9593000411987305,1.948199987411499,1.958400011062622
2024-11-18 00:00:00-05:00,1.957200050354004,1.9664000272750854,1.948699951171875,1.955199956893921
2024-11-18 04:00:00-05:00,1.9538999795913696,1.972000002861023,1.9536999464035034,1.961300015449524
2024-11-18 08:00:00-05:00,1.9607000350952148,2.0148000717163086,1.9532999992370605,2.00600004196167
2024-11-18 12:00:00-05:00,2.0058999061584473,2.0255000591278076,2.0002999305725098,2.016200065612793
2024-11-18 16:00:00-05:00,2.016700029373169,2.0225000381469727,2.0139999389648438,2.0179998874664307
2024-11-18 20:00:00-05:00,2.018899917602539,2.025700092315674,2.0172998905181885,2.0250000953674316
2024-11-19 00:00:00-05:00,2.023400068283081,2.0239999294281006,2.0000998973846436,2.002000093460083
2024-11-19 04:00:00-05:00,2.004499912261963,2.021199941635132,2.0,2.0172998905181885
2024-11-19 08:00:00-05:00,2.017899990081787,2.047300100326538,2.014899969100952,2.0367000102996826
2024-11-19 12:00:00-05:00,2.03629994392395,2.0429000854492188,2.0243000984191895,2.0388998985290527
2024-11-19 16:00:00-05:00,2.0390000343322754,2.0401999950408936,2.033600091934204,2.0380001068115234
2024-11-19 20:00:00-05:00,2.0373001098632812,2.0399999618530273,2.0344998836517334,2.0344998836517334
2024-11-20 00:00:00-05:00,2.03410005569458,2.058500051498413,2.03410005569458,2.058500051498413
2024-11-20 04:00:00-05:00,2.059999942779541,2.0643999576568604,2.053299903869629,2.0583999156951904
2024-11-20 08:00:00-05:00,2.059499979019165,2.071899890899658,2.0411999225616455,2.0520999431610107
2024-11-20 12:00:00-05:00,2.050800085067749,2.06030011177063,2.041100025177002,2.04830002784729
2024-11-20 16:00:00-05:00,2.047600030899048,2.0485000610351562,2.0416998863220215,2.042799949645996
2024-11-20 20:00:00-05:00,2.0388998985290527,2.0415000915527344,2.031899929046631,2.0329999923706055
2024-11-21 00:00:00-05:00,2.031599998474121,2.0524001121520996,2.0299999713897705,2.049299955368042
2024-11-21 04:00:00-05:00,2.0501999855041504,2.092600107192993,2.0446999073028564,2.085599899291992
2024-11-21 08:00:00-05:00,2.085400104522705,2.088399887084961,2.036600112915039,2.0371999740600586
2024-11-21 12:00:00-05:00,2.0369999408721924,2.060699939727783,2.0283000469207764,2.056299924850464
2024-11-21 16:00:00-05:00,2.0569000244140625,2.0569000244140625,2.046600103378296,2.0495998859405518
2024-11-21 20:00:00-05:00,2.0508999824523926,2.0666000843048096,2.0508999824523926,2.0583999156951904
2024-11-22 00:00:00-05:00,2.055299997329712,2.072499990463257,2.0532000064849854,2.0655999183654785
2024-11-22 04:00:00-05:00,2.0643999576568604,2.0669000148773193,2.033600091934204,2.0423998832702637
2024-11-22 08:00:00-05:00,2.0432000160217285,2.0683999061584473,2.035900115966797,2.059999942779541
2024-11-22 12:00:00-05:00,2.0620999336242676,2.080199956893921,2.055000066757202,2.0562000274658203
2024-11-22 16:00:00-05:00,2.0562000274658203,2.0592000484466553,2.0559000968933105,2.057800054550171
2024-11-24 16:00:00-05:00,2.0631000995635986,2.0636000633239746,2.0615999698638916,2.062000036239624
2024-11-24 20:00:00-05:00,2.0599000453948975,2.0608999729156494,2.048799991607666,2.049299955368042
2024-11-25 00:00:00-05:00,2.0471999645233154,2.0471999645233154,2.0376999378204346,2.045099973678589
2024-11-25 04:00:00-05:00,2.0497000217437744,2.055500030517578,2.0413999557495117,2.053299903869629
2024-11-25 08:00:00-05:00,2.0536999702453613,2.0536999702453613,1.9902000427246094,1.997499942779541
2024-11-25 12:00:00-05:00,1.9986000061035156,2.0078999996185303,1.993299961090088,2.0037999153137207
2024-11-25 16:00:00-05:00,2.0025999546051025,2.004499912261963,1.9903000593185425,1.992900013923645
2024-11-25 20:00:00-05:00,1.9924999475479126,2.002700090408325,1.9921000003814697,2.001199960708618
2024-11-26 00:00:00-05:00,2.00219988822937,2.009000062942505,1.996899962425232,2.007200002670288
2024-11-26 04:00:00-05:00,2.0060999393463135,2.017699956893921,2.000999927520752,2.0032999515533447
2024-11-26 08:00:00-05:00,2.006700038909912,2.0369999408721924,2.005500078201294,2.0062999725341797
2024-11-26 12:00:00-05:00,2.0067999362945557,2.0067999362945557,1.9759000539779663,1.9890999794006348
2024-11-26 16:00:00-05:00,1.9881000518798828,1.9952000379562378,1.9878000020980835,1.988700032234192
2024-11-26 20:00:00-05:00,1.988800048828125,1.9901000261306763,1.9833999872207642,1.9876999855041504
2024-11-27 00:00:00-05:00,1.9864000082015991,1.9967000484466553,1.985700011253357,1.9951000213623047
2024-11-27 04:00:00-05:00,1.9966000318527222,2.0023999214172363,1.986799955368042,2.00219988822937
2024-11-27 08:00:00-05:00,2.0032999515533447,2.0055999755859375,1.9632999897003174,1.9632999897003174
2024-11-27 12:00:00-05:00,1.9631999731063843,1.9824999570846558,1.955399990081787,1.9731999635696411
2024-11-27 16:00:00-05:00,1.9737000465393066,1.9743000268936157,1.9737000465393066,1.9743000268936157
2024-11-29 09:30:00-05:00,1.9845999479293823,1.992900013923645,1.9609999656677246,1.9609999656677246
2024-12-01 16:00:00-05:00,1.9049999713897705,1.9098999500274658,1.8974000215530396,1.9019999504089355
2024-12-01 20:00:00-05:00,1.9009000062942505,1.9097000360488892,1.8968000411987305,1.9042999744415283
2024-12-02 00:00:00-05:00,1.9038000106811523,1.9175000190734863,1.9038000106811523,1.9149999618530273
2024-12-02 04:00:00-05:00,1.9153000116348267,1.9293999671936035,1.9120999574661255,1.9246000051498413
2024-12-02 08:00:00-05:00,1.9240000247955322,1.9323999881744385,1.9049999713897705,1.9055999517440796
2024-12-02 12:00:00-05:00,1.905400037765503,1.9191999435424805,1.9040000438690186,1.917199969291687
2024-12-02 16:00:00-05:00,1.917199969291687,1.9210000038146973,1.9169000387191772,1.9210000038146973
2024-12-02 20:00:00-05:00,1.9199999570846558,1.9235999584197998,1.9124000072479248,1.9228999614715576
2024-12-03 00:00:00-05:00,1.9221999645233154,1.933899998664856,1.9208999872207642,1.933899998664856
2024-12-03 04:00:00-05:00,1.934000015258789,1.944000005722046,1.9276000261306763,1.9423999786376953
2024-12-03 08:00:00-05:00,1.9423999786376953,1.9682999849319458,1.9371999502182007,1.9632999897003174
2024-12-03 12:00:00-05:00,1.9634000062942505,1.9708000421524048,1.9565000534057617,1.9641000032424927
2024-12-03 16:00:00-05:00,1.9638999700546265,1.9648000001907349,1.957900047302246,1.9620000123977661
2024-12-03 20:00:00-05:00,1.961899995803833,1.9642000198364258,1.955899953842163,1.9642000198364258
2024-12-04 00:00:00-05:00,1.964400053024292,1.9673999547958374,1.9596999883651733,1.9620000123977661
2024-12-04 04:00:00-05:00,1.9622999429702759,1.9764000177383423,1.9598000049591064,1.9660999774932861
2024-12-04 08:00:00-05:00,1.9651999473571777,1.9793000221252441,1.950700044631958,1.9648000001907349
2024-12-04 12:00:00-05:00,1.9644999504089355,1.964900016784668,1.9355000257492065,1.9431999921798706
2024-12-04 16:00:00-05:00,1.94350004196167,1.9436999559402466,1.9371999502182007,1.938599944114685
2024-12-04 20:00:00-05:00,1.9390000104904175,1.941100001335144,1.9319000244140625,1.9354000091552734
2024-12-05 00:00:00-05:00,1.934399962425232,1.9404000043869019,1.9319000244140625,1.9378000497817993
2024-12-05 04:00:00-05:00,1.937399983406067,1.9470000267028809,1.9208999872207642,1.9333000183105469
2024-12-05 08:00:00-05:00,1.9333000183105469,1.9515000581741333,1.9290000200271606,1.9357999563217163
2024-12-05 12:00:00-05:00,1.9356000423431396,1.94159996509552,1.924299955368042,1.9377000331878662
2024-12-05 16:00:00-05:00,1.937399983406067,1.9390000104904175,1.9328999519348145,1.9358999729156494
2024-12-05 20:00:00-05:00,1.933500051498413,1.936900019645691,1.9255000352859497,1.9355000257492065
2024-12-06 00:00:00-05:00,1.9351999759674072,1.937600016593933,1.926200032234192,1.9271999597549438
2024-12-06 04:00:00-05:00,1.9266999959945679,1.9323999881744385,1.9122999906539917,1.9124000072479248
2024-12-06 08:00:00-05:00,1.9122999906539917,1.9186999797821045,1.8948999643325806,1.909500002861023
2024-12-06 12:00:00-05:00,1.9104000329971313,1.9200999736785889,1.9026000499725342,1.904099941253662
2024-12-06 16:00:00-05:00,1.9039000272750854,1.9045000076293945,1.9019999504089355,1.9042999744415283
2024-12-08 16:00:00-05:00,1.9049999713897705,1.9101999998092651,1.901900053024292,1.9074000120162964
2024-12-08 20:00:00-05:00,1.9067000150680542,1.9189000129699707,1.9067000150680542,1.9153000116348267
2024-12-09 00:00:00-05:00,1.9154000282287598,1.9384000301361084,1.9134000539779663,1.9352999925613403
2024-12-09 04:00:00-05:00,1.934399962425232,1.9375,1.9265999794006348,1.9323999881744385
2024-12-09 08:00:00-05:00,1.9325000047683716,1.9634000062942505,1.9322999715805054,1.9551000595092773
2024-12-09 12:00:00-05:00,1.9544999599456787,1.9579999446868896,1.944100022315979,1.9444999694824219
2024-12-09 16:00:00-05:00,1.9448000192642212,1.9464999437332153,1.9420000314712524,1.9433000087738037
2024-12-09 20:00:00-05:00,1.9430999755859375,1.9494999647140503,1.9385000467300415,1.9401999711990356
2024-12-10 00:00:00-05:00,1.9386999607086182,1.951799988746643,1.9358999729156494,1.950700044631958
2024-12-10 04:00:00-05:00,1.951200008392334,1.9569000005722046,1.9428000450134277,1.955199956893921
2024-12-10 08:00:00-05:00,1.9550000429153442,1.9726999998092651,1.9469000101089478,1.97160005569458
2024-12-10 12:00:00-05:00,1.971500039100647,1.971500039100647,1.9469000101089478,1.948699951171875
2024-12-10 16:00:00-05:00,1.9486000537872314,1.9536999464035034,1.9448000192642212,1.9529999494552612
2024-12-10 20:00:00-05:00,1.9535000324249268,1.9666999578475952,1.9535000324249268,1.9658000469207764
2024-12-11 00:00:00-05:00,1.9656000137329102,1.9699000120162964,1.9577000141143799,1.9652999639511108
2024-12-11 04:00:00-05:00,1.9657000303268433,1.9838999509811401,1.9642000198364258,1.9794000387191772
2024-12-11 08:00:00-05:00,1.9794000387191772,1.9823999404907227,1.958400011062622,1.979099988937378
2024-12-11 12:00:00-05:00,1.9795000553131104,1.993499994277954,1.9759999513626099,1.989400029182434
2024-12-11 16:00:00-05:00,1.9895000457763672,1.9947999715805054,1.9880000352859497,1.9946999549865723
2024-12-11 20:00:00-05:00,1.99399995803833,1.9952000379562378,1.9896999597549438,1.9951000213623047
2024-12-12 00:00:00-05:00,1.9958000183105469,1.9989999532699585,1.9924999475479126,1.9948999881744385
2024-12-12 04:00:00-05:00,1.9945000410079956,1.9958000183105469,1.9838000535964966,1.9884999990463257
2024-12-12 08:00:00-05:00,1.9879000186920166,1.9908000230789185,1.955899953842163,1.9658000469207764
2024-12-12 12:00:00-05:00,1.9661999940872192,1.9976999759674072,1.9661999940872192,1.9947999715805054
2024-12-12 16:00:00-05:00,1.9945000410079956,1.9948999881744385,1.988800048828125,1.9936000108718872
2024-12-12 20:00:00-05:00,1.992300033569336,1.9937000274658203,1.9884999990463257,1.9925999641418457
2024-12-13 00:00:00-05:00,1.992300033569336,1.9972000122070312,1.9866000413894653,1.9874000549316406
2024-12-13 04:00:00-05:00,1.9874999523162842,2.013000011444092,1.9838000535964966,2.000499963760376
2024-12-13 08:00:00-05:00,1.9996000528335571,2.0067999362945557,1.988800048828125,2.004499912261963
2024-12-13 12:00:00-05:00,2.0051000118255615,2.0092999935150146,1.9973000288009644,1.9981000423431396
2024-12-13 16:00:00-05:00,1.9976999759674072,1.9996999502182007,1.9954999685287476,1.9960999488830566
2024-12-15 16:00:00-05:00,1.9974000453948975,2.0020999908447266,1.9958000183105469,1.9982000589370728
2024-12-15 20:00:00-05:00,1.9976999759674072,2.0006000995635986,1.9930000305175781,1.996999979019165
2024-12-16 00:00:00-05:00,1.9973000288009644,1.998900055885315,1.9891999959945679,1.9896999597549438
2024-12-16 04:00:00-05:00,1.9901000261306763,1.9931000471115112,1.982200026512146,1.9889999628067017
2024-12-16 08:00:00-05:00,1.988700032234192,1.9940999746322632,1.9737000465393066,1.9757000207901
2024-12-16 12:00:00-05:00,1.9759999513626099,1.9869999885559082,1.9706000089645386,1.9740999937057495
2024-12-16 16:00:00-05:00,1.9737000465393066,1.9774999618530273,1.972599983215332,1.9759000539779663
2024-12-16 20:00:00-05:00,1.9757000207901,1.9767999649047852,1.9723000526428223,1.9736000299453735
2024-12-17 00:00:00-05:00,1.9733999967575073,1.9815000295639038,1.9607000350952148,1.9636000394821167
2024-12-17 04:00:00-05:00,1.9635000228881836,1.9709999561309814,1.95169997215271,1.9551000595092773
2024-12-17 08:00:00-05:00,1.954800009727478,1.9592000246047974,1.9291000366210938,1.941100001335144
2024-12-17 12:00:00-05:00,1.9416999816894531,1.948099970817566,1.9388999938964844,1.9464000463485718
2024-12-17 16:00:00-05:00,1.9458999633789062,1.9521000385284424,1.9450000524520874,1.9471999406814575
2024-12-17 20:00:00-05:00,1.9466999769210815,1.9500999450683594,1.9436999559402466,1.9463000297546387
2024-12-18 00:00:00-05:00,1.9464000463485718,1.958400011062622,1.9452999830245972,1.9572999477386475
2024-12-18 04:00:00-05:00,1.9577000141143799,1.9693000316619873,1.9565000534057617,1.9678000211715698
2024-12-18 08:00:00-05:00,1.968400001525879,1.976099967956543,1.9586999416351318,1.9687000513076782
2024-12-18 12:00:00-05:00,1.9682999849319458,1.9682999849319458,1.9292000532150269,1.93149995803833
2024-12-18 16:00:00-05:00,1.9321999549865723,1.933899998664856,1.929900050163269,1.9332000017166138
2024-12-18 20:00:00-05:00,1.933500051498413,1.9364999532699585,1.9292999505996704,1.929900050163269
2024-12-19 00:00:00-05:00,1.9296000003814697,1.934999942779541,1.9234999418258667,1.9313000440597534
2024-12-19 04:00:00-05:00,1.9328999519348145,1.947700023651123,1.9328999519348145,1.937600016593933
2024-12-19 08:00:00-05:00,1.9385000467300415,1.9535000324249268,1.9140000343322754,1.9190000295639038
2024-12-19 12:00:00-05:00,1.9185999631881714,1.9253000020980835,1.9115999937057495,1.912500023841858
2024-12-19 16:00:00-05:00,1.9138000011444092,1.917099952697754,1.909999966621399,1.9117000102996826
2024-12-19 20:00:00-05:00,1.9111000299453735,1.9134999513626099,1.9081000089645386,1.9108999967575073
2024-12-20 00:00:00-05:00,1.910599946975708,1.9164999723434448,1.9074000120162964,1.9083000421524048
2024-12-20 04:00:00-05:00,1.9069000482559204,1.9253000020980835,1.903499960899353,1.9242000579833984
2024-12-20 08:00:00-05:00,1.9240000247955322,1.9434000253677368,1.909600019454956,1.937399983406067
2024-12-20 12:00:00-05:00,1.938099980354309,1.9507999420166016,1.9371000528335571,1.9417999982833862
2024-12-20 16:00:00-05:00,1.941100001335144,1.942199945449829,1.9399000406265259,1.942199945449829
2024-12-22 16:00:00-05:00,1.94159996509552,1.948099970817566,1.940600037574768,1.9479999542236328
2024-12-22 20:00:00-05:00,1.9473999738693237,1.9528000354766846,1.9473999738693237,1.9524999856948853
2024-12-23 00:00:00-05:00,1.9536999464035034,1.9569000005722046,1.9490000009536743,1.9560999870300293
2024-12-23 04:00:00-05:00,1.9529000520706177,1.9596999883651733,1.9383000135421753,1.9383000135421753
2024-12-23 08:00:00-05:00,1.9399000406265259,1.945099949836731,1.9191999435424805,1.9214999675750732
2024-12-23 12:00:00-05:00,1.9213000535964966,1.947700023651123,1.9208999872207642,1.947700023651123
2024-12-23 16:00:00-05:00,1.947700023651123,1.9500000476837158,1.944200038909912,1.9459999799728394
2024-12-23 20:00:00-05:00,1.94760000705719,1.952299952507019,1.9463000297546387,1.9484000205993652
2024-12-24 09:30:00-05:00,1.954300045967102,1.9809999465942383,1.9520000219345093,1.96589994430542
2024-12-26 00:00:00-05:00,1.9634000062942505,1.9670000076293945,1.9598000049591064,1.9651000499725342
2024-12-26 04:00:00-05:00,1.9660999774932861,1.968400001525879,1.9630000591278076,1.967900037765503
2024-12-26 08:00:00-05:00,1.968999981880188,1.9736000299453735,1.9450000524520874,1.9502999782562256
2024-12-26 12:00:00-05:00,1.9494999647140503,1.9536000490188599,1.9362000226974487,1.94350004196167
2024-12-26 16:00:00-05:00,1.943600058555603,1.94760000705719,1.9429999589920044,1.9434000253677368
2024-12-26 20:00:00-05:00,1.9428000450134277,1.9467999935150146,1.9413000345230103,1.9458999633789062
2024-12-27 00:00:00-05:00,1.9464000463485718,1.9545999765396118,1.9452999830245972,1.9528000354766846
2024-12-27 04:00:00-05:00,1.950600028038025,1.9615000486373901,1.947700023651123,1.958799958229065
2024-12-27 08:00:00-05:00,1.9571000337600708,1.9666999578475952,1.9478000402450562,1.9530999660491943
2024-12-27 12:00:00-05:00,1.9520000219345093,1.9658000469207764,1.9458999633789062,1.9470000267028809
2024-12-27 16:00:00-05:00,1.9464000463485718,1.9498000144958496,1.9464000463485718,1.948099970817566
2024-12-29 16:00:00-05:00,1.9503999948501587,1.958400011062622,1.9449000358581543,1.9566999673843384
2024-12-29 20:00:00-05:00,1.9615999460220337,1.9675999879837036,1.9615000486373901,1.9645999670028687
2024-12-30 00:00:00-05:00,1.9672000408172607,1.9672000408172607,1.948799967765808,1.948799967765808
2024-12-30 04:00:00-05:00,1.9491000175476074,1.9707000255584717,1.9491000175476074,1.9668999910354614
2024-12-30 08:00:00-05:00,1.9668999910354614,1.990399956703186,1.9666999578475952,1.9847999811172485
2024-12-30 12:00:00-05:00,1.985700011253357,1.9917000532150269,1.9694000482559204,1.9780000448226929
2024-12-31 04:00:00-05:00,1.9835000038146973,1.9880000352859497,1.9779000282287598,1.9779000282287598
2024-12-31 08:00:00-05:00,1.9687000513076782,1.9874999523162842,1.9687000513076782,1.986199975013733
2024-12-31 12:00:00-05:00,1.9896999597549438,2.004699945449829,1.9895999431610107,1.999899983406067
2024-12-31 16:00:00-05:00,2.0139000415802,2.0139000415802,2.0139000415802,2.0139000415802
2025-01-02 00:00:00-05:00,2.0192999839782715,2.023200035095215,2.0129001140594482,2.0172998905181885
2025-01-02 04:00:00-05:00,2.0179998874664307,2.046299934387207,2.0178000926971436,2.0439000129699707
2025-01-02 08:00:00-05:00,2.0439000129699707,2.0696001052856445,2.037100076675415,2.069499969482422
2025-01-02 12:00:00-05:00,2.0699000358581543,2.0729000568389893,2.0494000911712646,2.05049991607666
2025-01-02 16:00:00-05:00,2.0510001182556152,2.0566999912261963,2.05049991607666,2.0564000606536865
2025-01-02 20:00:00-05:00,2.0562000274658203,2.0624001026153564,2.054800033569336,2.058799982070923
2025-01-03 00:00:00-05:00,2.0576999187469482,2.057800054550171,2.0499000549316406,2.0499000549316406
2025-01-03 04:00:00-05:00,2.050299882888794,2.057800054550171,2.0423998832702637,2.05430006980896
2025-01-03 08:00:00-05:00,2.0541999340057373,2.0648000240325928,2.0515999794006348,2.0596001148223877
2025-01-03 12:00:00-05:00,2.0599000453948975,2.0657999515533447,2.0522000789642334,2.0559000968933105
2025-01-03 16:00:00-05:00,2.0548999309539795,2.0576999187469482,2.0543999671936035,2.0569000244140625
2025-01-05 16:00:00-05:00,2.0543999671936035,2.061500072479248,2.046099901199341,2.0497000217437744
2025-01-05 20:00:00-05:00,2.0490000247955322,2.0613999366760254,2.043299913406372,2.0434999465942383
2025-01-06 00:00:00-05:00,2.043299913406372,2.048799991607666,2.040600061416626,2.0446999073028564
2025-01-06 04:00:00-05:00,2.044100046157837,2.069999933242798,2.042099952697754,2.065500020980835
2025-01-06 08:00:00-05:00,2.065000057220459,2.0804998874664307,2.0497000217437744,2.055799961090088
2025-01-06 12:00:00-05:00,2.055299997329712,2.0559000968933105,2.0269999504089355,2.0315001010894775
2025-01-06 16:00:00-05:00,2.0322000980377197,2.0344998836517334,2.02839994430542,2.029900074005127
2025-01-06 20:00:00-05:00,2.0304999351501465,2.0322999954223633,2.0253000259399414,2.031100034713745
2025-01-07 00:00:00-05:00,2.0315001010894775,2.034600019454956,2.024399995803833,2.024399995803833
2025-01-07 04:00:00-05:00,2.025099992752075,2.0492000579833984,2.0234999656677246,2.039400100708008
2025-01-07 08:00:00-05:00,2.039099931716919,2.0429999828338623,2.0220999717712402,2.0292000770568848
2025-01-07 12:00:00-05:00,2.028899908065796,2.0344998836517334,2.0246999263763428,2.0297999382019043
2025-01-07 16:00:00-05:00,2.029599905014038,2.0383999347686768,2.026400089263916,2.0352001190185547
2025-01-07 20:00:00-05:00,2.035799980163574,2.0381999015808105,2.031599998474121,2.032599925994873
2025-01-08 00:00:00-05:00,2.033600091934204,2.0399999618530273,2.0199999809265137,2.0348000526428223
2025-01-08 04:00:00-05:00,2.035399913787842,2.035599946975708,2.0132999420166016,2.0281999111175537
2025-01-08 08:00:00-05:00,2.0281999111175537,2.044600009918213,2.0023999214172363,2.008500099182129
2025-01-08 12:00:00-05:00,2.0085999965667725,2.016700029373169,2.005500078201294,2.0132999420166016
2025-01-08 16:00:00-05:00,2.013400077819824,2.0157999992370605,2.009700059890747,2.0113000869750977
2025-01-08 20:00:00-05:00,2.01200008392334,2.013000011444092,2.0,2.0106000900268555
2025-01-09 00:00:00-05:00,2.0114998817443848,2.0215001106262207,2.007999897003174,2.0099000930786133
2025-01-09 04:00:00-05:00,2.009999990463257,2.0185999870300293,2.005000114440918,2.0167999267578125
2025-01-09 08:00:00-05:00,2.016400098800659,2.037100076675415,2.0092999935150146,2.0329999923706055
2025-01-09 12:00:00-05:00,2.0332000255584717,2.0380001068115234,2.025899887084961,2.035900115966797
2025-01-09 16:00:00-05:00,2.0352001190185547,2.04010009765625,2.0327999591827393,2.0387001037597656
2025-01-09 20:00:00-05:00,2.038800001144409,2.0423998832702637,2.0336999893188477,2.0401999950408936
2025-01-10 00:00:00-05:00,2.040299892425537,2.0546000003814697,2.0392000675201416,2.0522000789642334
2025-01-10 04:00:00-05:00,2.0520999431610107,2.092099905014038,2.050299882888794,2.0913000106811523
2025-01-10 08:00:00-05:00,2.0915000438690186,2.102799892425537,2.05049991607666,2.0713000297546387
2025-01-10 12:00:00-05:00,2.071500062942505,2.079900026321411,2.067699909210205,2.073699951171875
2025-01-10 16:00:00-05:00,2.0738000869750977,2.075900077819824,2.071700096130371,2.0738000869750977
2025-01-12 16:00:00-05:00,2.0736000537872314,2.1085000038146973,2.072700023651123,2.106100082397461
2025-01-12 20:00:00-05:00,2.1050000190734863,2.1084001064300537,2.0943000316619873,2.10260009765625
2025-01-13 00:00:00-05:00,2.102299928665161,2.111999988555908,2.0971999168395996,2.1084001064300537
2025-01-13 04:00:00-05:00,2.109600067138672,2.109800100326538,2.0827999114990234,2.1017000675201416
2025-01-13 08:00:00-05:00,2.101799964904785,2.121299982070923,2.091200113296509,2.1178998947143555
2025-01-13 12:00:00-05:00,2.117799997329712,2.1201000213623047,2.093600034713745,2.09879994392395
2025-01-13 16:00:00-05:00,2.0987000465393066,2.103800058364868,2.0978000164031982,2.100800037384033
2025-01-13 20:00:00-05:00,2.101799964904785,2.1036999225616455,2.0927000045776367,2.0952000617980957
2025-01-14 00:00:00-05:00,2.0947999954223633,2.1045000553131104,2.086199998855591,2.101099967956543
2025-01-14 04:00:00-05:00,2.1012001037597656,2.1105000972747803,2.092900037765503,2.0950000286102295
2025-01-14 08:00:00-05:00,2.094099998474121,2.1185998916625977,2.0869998931884766,2.1171000003814697
2025-01-14 12:00:00-05:00,2.117000102996826,2.1233999729156494,2.103100061416626,2.113300085067749
2025-01-14 16:00:00-05:00,2.113100051879883,2.1254000663757324,2.1106998920440674,2.118799924850464
2025-01-14 20:00:00-05:00,2.118499994277954,2.1252999305725098,2.1120998859405518,2.1233999729156494
2025-01-15 00:00:00-05:00,2.123699903488159,2.134999990463257,2.1171000003814697,2.1175999641418457
2025-01-15 04:00:00-05:00,2.117500066757202,2.128200054168701,2.1119000911712646,2.1263999938964844
2025-01-15 08:00:00-05:00,2.1252999305725098,2.1735999584198,2.123800039291382,2.155600070953369
2025-01-15 12:00:00-05:00,2.1552999019622803,2.1737000942230225,2.1449999809265137,2.172300100326538
2025-01-15 16:00:00-05:00,2.1719000339508057,2.17549991607666,2.168800115585327,2.1705000400543213
2025-01-15 20:00:00-05:00,2.1695001125335693,2.1723999977111816,2.161799907684326,2.164299964904785
2025-01-16 00:00:00-05:00,2.1633999347686768,2.1666998863220215,2.1533000469207764,2.1561999320983887
2025-01-16 04:00:00-05:00,2.156599998474121,2.1607000827789307,2.134999990463257,2.138000011444092
2025-01-16 08:00:00-05:00,2.137700080871582,2.1454999446868896,2.0966999530792236,2.119800090789795
2025-01-16 12:00:00-05:00,2.120300054550171,2.1321001052856445,2.1112000942230225,2.1198999881744385
2025-01-16 16:00:00-05:00,2.1198999881744385,2.1210999488830566,2.111799955368042,2.118299961090088
2025-01-16 20:00:00-05:00,2.118799924850464,2.1308000087738037,2.118499994277954,2.1298000812530518
2025-01-17 00:00:00-05:00,2.130500078201294,2.132699966430664,2.1201999187469482,2.121000051498413
2025-01-17 04:00:00-05:00,2.120300054550171,2.131500005722046,2.1166999340057373,2.1221001148223877
2025-01-17 08:00:00-05:00,2.1226000785827637,2.1266000270843506,2.1089000701904297,2.126300096511841
2025-01-17 12:00:00-05:00,2.1266000270843506,2.1273999214172363,2.1064000129699707,2.11080002784729
2025-01-17 16:00:00-05:00,2.110300064086914,2.1140999794006348,2.109299898147583,2.110300064086914
2025-01-19 16:00:00-05:00,2.1152000427246094,2.125999927520752,2.109100103378296,2.123500108718872
2025-01-19 20:00:00-05:00,2.1254000663757324,2.1254000663757324,2.115299940109253,2.1168999671936035
2025-01-21 00:00:00-05:00,2.108799934387207,2.109999895095825,2.0936999320983887,2.094399929046631
2025-01-21 04:00:00-05:00,2.0945000648498535,2.1005001068115234,2.0785000324249268,2.0901999473571777
2025-01-21 08:00:00-05:00,2.0903000831604004,2.1084001064300537,2.0820999145507812,2.0978000164031982
2025-01-21 12:00:00-05:00,2.097599983215332,2.104300022125244,2.0752999782562256,2.08870005607605
2025-01-21 16:00:00-05:00,2.0887999534606934,2.0899999141693115,2.0834999084472656,2.0873000621795654
2025-01-21 20:00:00-05:00,2.0864999294281006,2.0875000953674316,2.0801000595092773,2.0859999656677246
2025-01-22 00:00:00-05:00,2.0834999084472656,2.0845999717712402,2.065999984741211,2.0773000717163086
2025-01-22 04:00:00-05:00,2.0764000415802,2.097899913787842,2.0764000415802,2.085700035095215
2025-01-22 08:00:00-05:00,2.084700107574463,2.0889999866485596,2.0534000396728516,2.066200017929077
2025-01-22 12:00:00-05:00,2.066200017929077,2.073899984359741,2.056299924850464,2.056299924850464
2025-01-22 16:00:00-05:00,2.056299924850464,2.0573999881744385,2.05430006980896,2.05679988861084
2025-01-22 20:00:00-05:00,2.057800054550171,2.058199882507324,2.052000045776367,2.0541999340057373
2025-01-23 00:00:00-05:00,2.0543999671936035,2.0769999027252197,2.0525999069213867,2.069499969482422
2025-01-23 04:00:00-05:00,2.071199893951416,2.079400062561035,2.0613999366760254,2.0773000717163086
2025-01-23 08:00:00-05:00,2.0776000022888184,2.0836000442504883,2.0483999252319336,2.058199882507324
2025-01-23 12:00:00-05:00,2.0617001056671143,2.072000026702881,2.0550999641418457,2.0562000274658203
2025-01-23 16:00:00-05:00,2.055500030517578,2.0571999549865723,2.0546000003814697,2.055000066757202
2025-01-23 20:00:00-05:00,2.0546000003814697,2.0638999938964844,2.049999952316284,2.063800096511841
2025-01-24 00:00:00-05:00,2.0632998943328857,2.065999984741211,2.055000066757202,2.057499885559082
2025-01-24 04:00:00-05:00,2.0601000785827637,2.066999912261963,2.0571000576019287,2.0664000511169434
2025-01-24 08:00:00-05:00,2.066999912261963,2.066999912261963,2.031399965286255,2.0325000286102295
2025-01-24 12:00:00-05:00,2.0320000648498535,2.057499885559082,2.0316998958587646,2.051500082015991
2025-01-24 16:00:00-05:00,2.0495998859405518,2.051800012588501,2.0481998920440674,2.0481998920440674
2025-01-26 16:00:00-05:00,2.047499895095825,2.04830002784729,2.0255000591278076,2.0302000045776367
2025-01-26 20:00:00-05:00,2.0280001163482666,2.035399913787842,2.022599935531616,2.031899929046631
2025-01-27 00:00:00-05:00,2.031100034713745,2.049799919128418,2.0283000469207764,2.047800064086914
2025-01-27 04:00:00-05:00,2.0485000610351562,2.060499906539917,2.037899971008301,2.0388998985290527
2025-01-27 08:00:00-05:00,2.0399999618530273,2.056299924850464,2.0155999660491943,2.0157999992370605
2025-01-27 12:00:00-05:00,2.016400098800659,2.0316998958587646,2.009999990463257,2.026900053024292
2025-01-27 16:00:00-05:00,2.0269999504089355,2.0297999382019043,2.0250000953674316,2.0280001163482666
2025-01-27 20:00:00-05:00,2.02810001373291,2.0434999465942383,2.0272998809814453,2.039599895477295
2025-01-28 00:00:00-05:00,2.0416998863220215,2.047499895095825,2.038599967956543,2.0409998893737793
2025-01-28 04:00:00-05:00,2.0415000915527344,2.049299955368042,2.0355000495910645,2.043299913406372
2025-01-28 08:00:00-05:00,2.0429000854492188,2.0604000091552734,2.0290000438690186,2.0327000617980957
2025-01-28 12:00:00-05:00,2.032599925994873,2.054500102996826,2.0281999111175537,2.0536000728607178
2025-01-28 16:00:00-05:00,2.053499937057495,2.0564000606536865,2.0520999431610107,2.0546998977661133
2025-01-28 20:00:00-05:00,2.055999994277954,2.055999994277954,2.0480000972747803,2.0480000972747803
2025-01-29 00:00:00-05:00,2.047499895095825,2.0611000061035156,2.047499895095825,2.049499988555908
2025-01-29 04:00:00-05:00,2.0452001094818115,2.049999952316284,2.0290000438690186,2.049999952316284
2025-01-29 08:00:00-05:00,2.048799991607666,2.0604000091552734,2.0362000465393066,2.0571000576019287
2025-01-29 12:00:00-05:00,2.058000087738037,2.0580999851226807,2.0290000438690186,2.040600061416626
2025-01-29 16:00:00-05:00,2.0394999980926514,2.0404999256134033,2.0364999771118164,2.0380001068115234
2025-01-29 20:00:00-05:00,2.0369999408721924,2.0369999408721924,2.02239990234375,2.02239990234375
2025-01-30 00:00:00-05:00,2.0234999656677246,2.027899980545044,2.021399974822998,2.021399974822998
2025-01-30 04:00:00-05:00,2.0172998905181885,2.033400058746338,2.0113000869750977,2.033400058746338
2025-01-30 08:00:00-05:00,2.033600091934204,2.0625,2.0248000621795654,2.044600009918213
2025-01-30 12:00:00-05:00,2.044300079345703,2.0536000728607178,2.035599946975708,2.044600009918213
2025-01-30 16:00:00-05:00,2.0462000370025635,2.0467000007629395,2.0462000370025635,2.0467000007629395
2025-01-31 00:00:00-05:00,2.056999921798706,2.056999921798706,2.0464999675750732,2.0464999675750732
2025-01-31 04:00:00-05:00,2.0432000160217285,2.0432000160217285,2.0380001068115234,2.0380001068115234
2025-01-31 08:00:00-05:00,2.0457000732421875,2.049299955368042,2.0097999572753906,2.0218000411987305
2025-01-31 12:00:00-05:00,2.0134999752044678,2.047499895095825,2.0134999752044678,2.0269999504089355
2025-02-02 16:00:00-05:00,2.118799924850464,2.1619999408721924,2.108099937438965,2.1096999645233154
2025-02-02 20:00:00-05:00,2.110100030899048,2.1185998916625977,2.1050000190734863,2.1185998916625977
2025-02-03 00:00:00-05:00,2.118499994277954,2.1278998851776123,2.1103999614715576,2.1120998859405518
2025-02-03 04:00:00-05:00,2.111599922180176,2.1458001136779785,2.105799913406372,2.1435999870300293
2025-02-03 08:00:00-05:00,2.144200086593628,2.168100118637085,2.071700096130371,2.0989999771118164
2025-02-03 12:00:00-05:00,2.098400115966797,2.119800090789795,2.0969998836517334,2.112299919128418
2025-02-03 16:00:00-05:00,2.1124000549316406,2.112499952316284,2.0687999725341797,2.0699000358581543
2025-02-03 20:00:00-05:00,2.0699000358581543,2.0745999813079834,2.067699909210205,2.07069993019104
2025-02-04 00:00:00-05:00,2.070499897003174,2.070499897003174,2.054800033569336,2.058500051498413
2025-02-04 04:00:00-05:00,2.058799982070923,2.0748000144958496,2.0566999912261963,2.0613999366760254
2025-02-04 08:00:00-05:00,2.0611000061035156,2.1115000247955322,2.0429000854492188,2.1029999256134033
2025-02-04 12:00:00-05:00,2.1031999588012695,2.108299970626831,2.086199998855591,2.0945000648498535
2025-02-04 16:00:00-05:00,2.095099925994873,2.101300001144409,2.0889999866485596,2.0989999771118164
2025-02-04 20:00:00-05:00,2.0989999771118164,2.10509991645813,2.087599992752075,2.08870005607605
2025-02-05 00:00:00-05:00,2.088900089263916,2.098599910736084,2.082900047302246,2.0831000804901123
2025-02-05 04:00:00-05:00,2.0827999114990234,2.0859999656677246,2.065999984741211,2.0669000148773193
2025-02-05 08:00:00-05:00,2.067199945449829,2.075200080871582,2.0397000312805176,2.0425000190734863
2025-02-05 12:00:00-05:00,2.04259991645813,2.055500030517578,2.0392000675201416,2.052500009536743
2025-02-05 16:00:00-05:00,2.0527000427246094,2.0529000759124756,2.044800043106079,2.049799919128418
2025-02-05 20:00:00-05:00,2.0510001182556152,2.054800033569336,2.0490000247955322,2.0504000186920166
2025-02-06 00:00:00-05:00,2.0510001182556152,2.059999942779541,2.05049991607666,2.056999921798706
2025-02-06 04:00:00-05:00,2.056999921798706,2.0725998878479004,2.0553998947143555,2.0648000240325928
2025-02-06 08:00:00-05:00,2.064199924468994,2.080199956893921,2.042799949645996,2.075200080871582
2025-02-06 12:00:00-05:00,2.075200080871582,2.0773000717163086,2.0645999908447266,2.074899911880493
2025-02-06 16:00:00-05:00,2.0745999813079834,2.0778000354766846,2.071500062942505,2.0778000354766846
2025-02-06 20:00:00-05:00,2.077500104904175,2.093100070953369,2.0762999057769775,2.0892999172210693
2025-02-07 00:00:00-05:00,2.089600086212158,2.0969998836517334,2.0866000652313232,2.0966999530792236
2025-02-07 04:00:00-05:00,2.0969998836517334,2.0969998836517334,2.079200029373169,2.08270001411438
2025-02-07 08:00:00-05:00,2.0826001167297363,2.104599952697754,2.0727999210357666,2.0959999561309814
2025-02-07 12:00:00-05:00,2.095400094985962,2.1105000972747803,2.092900037765503,2.1052000522613525
2025-02-07 16:00:00-05:00,2.1048998832702637,2.1082000732421875,2.103300094604492,2.107599973678589
2025-02-09 16:00:00-05:00,2.1005001068115234,2.116499900817871,2.099299907684326,2.1164000034332275
2025-02-09 20:00:00-05:00,2.1157000064849854,2.121999979019165,2.1149001121520996,2.118499994277954
2025-02-10 00:00:00-05:00,2.1187000274658203,2.120699882507324,2.1117000579833984,2.117799997329712
2025-02-10 04:00:00-05:00,2.117799997329712,2.1280999183654785,2.110300064086914,2.123800039291382
2025-02-10 08:00:00-05:00,2.124300003051758,2.1308000087738037,2.0994999408721924,2.1115000247955322
2025-02-10 12:00:00-05:00,2.111599922180176,2.116499900817871,2.0994999408721924,2.10479998588562
2025-02-10 16:00:00-05:00,2.1054999828338623,2.1071999073028564,2.1010000705718994,2.101599931716919
2025-02-10 20:00:00-05:00,2.1017000675201416,2.1106998920440674,2.1003000736236572,2.1054000854492188
2025-02-11 00:00:00-05:00,2.1064000129699707,2.128000020980835,2.1059999465942383,2.1268999576568604
2025-02-11 04:00:00-05:00,2.1270999908447266,2.136199951171875,2.1240999698638916,2.1357998847961426
2025-02-11 08:00:00-05:00,2.135999917984009,2.1486001014709473,2.132499933242798,2.1484999656677246
2025-02-11 12:00:00-05:00,2.1486001014709473,2.1579999923706055,2.145900011062622,2.146199941635132
2025-02-11 16:00:00-05:00,2.1463000774383545,2.153899908065796,2.1435999870300293,2.1498000621795654
2025-02-11 20:00:00-05:00,2.1500000953674316,2.1503000259399414,2.1447999477386475,2.148699998855591
2025-02-12 00:00:00-05:00,2.146399974822998,2.150899887084961,2.13070011138916,2.1324000358581543
2025-02-12 04:00:00-05:00,2.1326000690460205,2.142899990081787,2.123800039291382,2.1428000926971436
2025-02-12 08:00:00-05:00,2.142699956893921,2.143399953842163,2.104099988937378,2.109299898147583
2025-02-12 12:00:00-05:00,2.109999895095825,2.109999895095825,2.0810999870300293,2.081399917602539
2025-02-12 16:00:00-05:00,2.081399917602539,2.0869998931884766,2.07069993019104,2.073199987411499
2025-02-12 20:00:00-05:00,2.074700117111206,2.0778000354766846,2.060499906539917,2.0618999004364014
2025-02-13 00:00:00-05:00,2.0638999938964844,2.0736000537872314,2.0618999004364014,2.069200038909912
2025-02-13 04:00:00-05:00,2.0703001022338867,2.073499917984009,2.0546998977661133,2.068700075149536
2025-02-13 08:00:00-05:00,2.0680999755859375,2.1040000915527344,2.064199924468994,2.1013998985290527
2025-02-13 12:00:00-05:00,2.1013998985290527,2.1149001121520996,2.0992000102996826,2.111999988555908
2025-02-13 16:00:00-05:00,2.111799955368042,2.115999937057495,2.107100009918213,2.107100009918213
2025-02-13 20:00:00-05:00,2.108099937438965,2.113600015640259,2.106800079345703,2.112499952316284
2025-02-14 00:00:00-05:00,2.112499952316284,2.1198999881744385,2.1084001064300537,2.1129000186920166
2025-02-14 04:00:00-05:00,2.112499952316284,2.1242001056671143,2.1006999015808105,2.1221001148223877
2025-02-14 08:00:00-05:00,2.1214001178741455,2.129499912261963,2.0850000381469727,2.092900037765503
2025-02-14 12:00:00-05:00,2.093899965286255,2.100100040435791,2.0833001136779785,2.0869998931884766
2025-02-14 16:00:00-05:00,2.087399959564209,2.087399959564209,2.0808000564575195,2.0826001167297363
2025-02-16 16:00:00-05:00,2.0833001136779785,2.0882999897003174,2.072200059890747,2.0785999298095703
2025-02-16 20:00:00-05:00,2.0778000354766846,2.0882999897003174,2.0778000354766846,2.085400104522705
2025-02-18 00:00:00-05:00,2.101099967956543,2.1077001094818115,2.0994999408721924,2.107599973678589
2025-02-18 04:00:00-05:00,2.109499931335449,2.115000009536743,2.089900016784668,2.091200113296509
2025-02-18 08:00:00-05:00,2.091399908065796,2.0971999168395996,2.08270001411438,2.0894999504089355
2025-02-18 12:00:00-05:00,2.090399980545044,2.0941998958587646,2.0794999599456787,2.08870005607605
2025-02-18 16:00:00-05:00,2.088599920272827,2.092600107192993,2.088399887084961,2.09089994430542
2025-02-18 20:00:00-05:00,2.0915000438690186,2.09660005569458,2.087599992752075,2.0927000045776367
2025-02-19 00:00:00-05:00,2.0922999382019043,2.1092000007629395,2.0922999382019043,2.1089999675750732
2025-02-19 04:00:00-05:00,2.1089999675750732,2.1089999675750732,2.094599962234497,2.0992000102996826
2025-02-19 08:00:00-05:00,2.0992000102996826,2.11299991607666,2.0813000202178955,2.0822999477386475
2025-02-19 12:00:00-05:00,2.0813000202178955,2.0876998901367188,2.066499948501587,2.0876998901367188
2025-02-19 16:00:00-05:00,2.087599992752075,2.088599920272827,2.0782999992370605,2.0838000774383545
2025-02-19 20:00:00-05:00,2.0843000411987305,2.085400104522705,2.073499917984009,2.07450008392334
2025-02-20 00:00:00-05:00,2.0741000175476074,2.089600086212158,2.0741000175476074,2.0768001079559326
2025-02-20 04:00:00-05:00,2.0794999599456787,2.0947999954223633,2.0732998847961426,2.0947000980377197
2025-02-20 08:00:00-05:00,2.094099998474121,2.095599889755249,2.075500011444092,2.0864999294281006
2025-02-20 12:00:00-05:00,2.0871999263763428,2.1043999195098877,2.0815000534057617,2.0841000080108643
2025-02-20 16:00:00-05:00,2.0845999717712402,2.089900016784668,2.0824999809265137,2.0880000591278076
2025-02-20 20:00:00-05:00,2.086899995803833,2.0906999111175537,2.0782999992370605,2.079400062561035
2025-02-21 00:00:00-05:00,2.0799999237060547,2.0799999237060547,2.062999963760376,2.062999963760376
2025-02-21 04:00:00-05:00,2.063699960708618,2.0780999660491943,2.061500072479248,2.067500114440918
2025-02-21 08:00:00-05:00,2.066999912261963,2.0845999717712402,2.0443999767303467,2.0525999069213867
2025-02-21 12:00:00-05:00,2.053100109100342,2.057499885559082,2.0239999294281006,2.02839994430542
2025-02-21 16:00:00-05:00,2.027600049972534,2.0329999923706055,2.0269999504089355,2.0329999923706055
2025-02-23 16:00:00-05:00,2.0257999897003174,2.0394999980926514,2.0257999897003174,2.0327000617980957
2025-02-23 20:00:00-05:00,2.0299999713897705,2.0315001010894775,2.025599956512451,2.0269999504089355
2025-02-24 00:00:00-05:00,2.0316998958587646,2.0346999168395996,2.026099920272827,2.0299999713897705
2025-02-24 04:00:00-05:00,2.0290000438690186,2.0404000282287598,2.0246999263763428,2.028599977493286
2025-02-24 08:00:00-05:00,2.0288000106811523,2.033900022506714,2.014699935913086,2.0209999084472656
2025-02-24 12:00:00-05:00,2.019399881362915,2.0271999835968018,2.003999948501587,2.0195000171661377
2025-02-24 16:00:00-05:00,2.0223000049591064,2.026700019836426,2.0134999752044678,2.0146000385284424
2025-02-24 20:00:00-05:00,2.024600028991699,2.034600019454956,2.024600028991699,2.0343000888824463
2025-02-25 00:00:00-05:00,2.0344998836517334,2.0350000858306885,2.017199993133545,2.0172998905181885
2025-02-25 04:00:00-05:00,2.018199920654297,2.027899980545044,2.0044000148773193,2.0044000148773193
2025-02-25 08:00:00-05:00,2.007499933242798,2.024199962615967,1.965000033378601,1.9757000207901
2025-02-25 12:00:00-05:00,1.9742000102996826,1.9745999574661255,1.9636000394821167,1.970900058746338
2025-02-25 16:00:00-05:00,1.972499966621399,1.9736000299453735,1.965000033378601,1.966599941253662
2025-02-25 20:00:00-05:00,1.9666999578475952,1.9696999788284302,1.9666999578475952,1.9668999910354614
2025-02-26 00:00:00-05:00,1.9700000286102295,1.9700000286102295,1.9622000455856323,1.9622000455856323
2025-02-26 04:00:00-05:00,1.9634000062942505,1.972599983215332,1.9515999555587769,1.9538999795913696
2025-02-26 08:00:00-05:00,1.9557000398635864,1.961899995803833,1.9297000169754028,1.9364999532699585
2025-02-26 12:00:00-05:00,1.9371999502182007,1.955899953842163,1.9349000453948975,1.9493999481201172
2025-02-26 16:00:00-05:00,1.9485000371932983,1.9500000476837158,1.9433000087738037,1.944599986076355
2025-02-26 20:00:00-05:00,1.9423999786376953,1.945199966430664,1.940600037574768,1.9408999681472778
2025-02-27 00:00:00-05:00,1.9417999982833862,1.9483000040054321,1.9393999576568604,1.9471999406814575
2025-02-27 04:00:00-05:00,1.9438999891281128,1.9579999446868896,1.9427000284194946,1.954300045967102
2025-02-27 08:00:00-05:00,1.9521000385284424,1.9859999418258667,1.9500000476837158,1.9807000160217285
2025-02-27 12:00:00-05:00,1.9824999570846558,2.002000093460083,1.9805999994277954,1.993499994277954
2025-02-27 16:00:00-05:00,1.993499994277954,1.993499994277954,1.993499994277954,1.993499994277954
2025-02-28 04:00:00-05:00,1.985700011253357,1.985700011253357,1.9836000204086304,1.9838999509811401
2025-02-28 08:00:00-05:00,1.979699969291687,1.9836000204086304,1.972599983215332,1.9744000434875488
2025-02-28 12:00:00-05:00,1.9733999967575073,1.9839999675750732,1.9635000228881836,1.969499945640564
2025-03-02 16:00:00-05:00,2.229099988937378,2.2411000728607178,2.2290000915527344,2.2400999069213867
2025-03-02 20:00:00-05:00,2.2390999794006348,2.2488999366760254,2.2302000522613525,2.2323999404907227
2025-03-03 00:00:00-05:00,2.231800079345703,2.2327001094818115,2.21589994430542,2.21589994430542
2025-03-03 04:00:00-05:00,2.2167999744415283,2.233599901199341,2.2142999172210693,2.2309000492095947
2025-03-03 08:00:00-05:00,2.231600046157837,2.240799903869629,2.210400104522705,2.214200019836426
2025-03-03 12:00:00-05:00,2.213900089263916,2.222100019454956,2.1763999462127686,2.1935999393463135
2025-03-03 16:00:00-05:00,2.19320011138916,2.2046000957489014,2.1914000511169434,2.1981000900268555
2025-03-03 20:00:00-05:00,2.1981000900268555,2.1981000900268555,2.1870999336242676,2.190999984741211
2025-03-04 00:00:00-05:00,2.190999984741211,2.1933999061584473,2.1763999462127686,2.1774001121520996
2025-03-04 04:00:00-05:00,2.1775999069213867,2.188800096511841,2.169600009918213,2.1735000610351562
2025-03-04 08:00:00-05:00,2.1738998889923096,2.1893999576568604,2.1501998901367188,2.1802000999450684
2025-03-04 12:00:00-05:00,2.1805999279022217,2.199700117111206,2.1735999584198,2.1916000843048096
2025-03-04 16:00:00-05:00,2.1916000843048096,2.194499969482422,2.1702001094818115,2.1756999492645264
2025-03-04 20:00:00-05:00,2.175299882888794,2.177000045776367,2.16510009765625,2.171299934387207
2025-03-05 00:00:00-05:00,2.1723999977111816,2.18530011177063,2.1700000762939453,2.1712000370025635
2025-03-05 04:00:00-05:00,2.170799970626831,2.17930006980896,2.147200107574463,2.148699998855591
2025-03-05 08:00:00-05:00,2.1484999656677246,2.15120005607605,2.096100091934204,2.1048998832702637
2025-03-05 12:00:00-05:00,2.104599952697754,2.140899896621704,2.0998001098632812,2.13700008392334
2025-03-05 16:00:00-05:00,2.137500047683716,2.1377999782562256,2.1305999755859375,2.132999897003174
2025-03-05 20:00:00-05:00,2.1333999633789062,2.14520001411438,2.1333000659942627,2.1422998905181885
2025-03-06 00:00:00-05:00,2.141700029373169,2.1451001167297363,2.126199960708618,2.13070011138916
2025-03-06 04:00:00-05:00,2.1308000087738037,2.1445999145507812,2.1256000995635986,2.1407999992370605
2025-03-06 08:00:00-05:00,2.1396000385284424,2.142400026321411,2.090399980545044,2.0906999111175537
2025-03-06 12:00:00-05:00,2.090399980545044,2.11080002784729,2.089200019836426,2.095099925994873
2025-03-06 16:00:00-05:00,2.096100091934204,2.102099895477295,2.094399929046631,2.099900007247925
2025-03-06 20:00:00-05:00,2.099600076675415,2.1054999828338623,2.0959999561309814,2.0959999561309814
2025-03-07 00:00:00-05:00,2.095900058746338,2.125999927520752,2.094599962234497,2.1224000453948975
2025-03-07 04:00:00-05:00,2.121999979019165,2.137500047683716,2.11899995803833,2.1294000148773193
2025-03-07 08:00:00-05:00,2.128700017929077,2.1505000591278076,2.0989999771118164,2.101300001144409
2025-03-07 12:00:00-05:00,2.1019999980926514,2.1143999099731445,2.094399929046631,2.1047000885009766
2025-03-07 16:00:00-05:00,2.1050000190734863,2.108799934387207,2.104099988937378,2.108099937438965
2025-03-09 17:00:00-04:00,2.1075000762939453,2.1075000762939453,2.097100019454956,2.103600025177002
2025-03-09 21:00:00-04:00,2.1038999557495117,2.104300022125244,2.0947000980377197,2.0969998836517334
2025-03-10 00:00:00-04:00,2.098099946975708,2.109999895095825,2.0933001041412354,2.1089000701904297
2025-03-10 04:00:00-04:00,2.108599901199341,2.13070011138916,2.104300022125244,2.1289000511169434
2025-03-10 08:00:00-04:00,2.1294000148773193,2.1338999271392822,2.0950000286102295,2.1064000129699707
2025-03-10 12:00:00-04:00,2.1064000129699707,2.1112000942230225,2.0852999687194824,2.089600086212158
2025-03-10 16:00:00-04:00,2.0899999141693115,2.0901999473571777,2.0801000595092773,2.0831000804901123
2025-03-10 20:00:00-04:00,2.0833001136779785,2.0931999683380127,2.070199966430664,2.0871999263763428
2025-03-11 00:00:00-04:00,2.086899995803833,2.099299907684326,2.0834999084472656,2.0989999771118164
2025-03-11 04:00:00-04:00,2.0987000465393066,2.1161000728607178,2.09689998626709,2.115799903869629
2025-03-11 08:00:00-04:00,2.115499973297119,2.1305999755859375,2.1106998920440674,2.1215999126434326
2025-03-11 12:00:00-04:00,2.1215999126434326,2.1238999366760254,2.0994999408721924,2.109299898147583
2025-03-11 16:00:00-04:00,2.109800100326538,2.1226999759674072,2.1096999645233154,2.118799924850464
2025-03-11 20:00:00-04:00,2.118499994277954,2.12280011177063,2.113600015640259,2.1208999156951904
2025-03-12 00:00:00-04:00,2.120699882507324,2.1231000423431396,2.1087000370025635,2.1191000938415527
2025-03-12 04:00:00-04:00,2.1196000576019287,2.1314001083374023,2.115499973297119,2.129199981689453
2025-03-12 08:00:00-04:00,2.129199981689453,2.1512999534606934,2.1240999698638916,2.1473000049591064
2025-03-12 12:00:00-04:00,2.1473000049591064,2.1572999954223633,2.1458001136779785,2.150599956512451
2025-03-12 16:00:00-04:00,2.150099992752075,2.1524999141693115,2.148900032043457,2.1494998931884766
2025-03-12 20:00:00-04:00,2.149399995803833,2.155600070953369,2.1459999084472656,2.1528000831604004
2025-03-13 00:00:00-04:00,2.1538000106811523,2.156100034713745,2.146899938583374,2.15310001373291
2025-03-13 04:00:00-04:00,2.15339994430542,2.1610000133514404,2.1435000896453857,2.1470000743865967
2025-03-13 08:00:00-04:00,2.1465001106262207,2.155900001525879,2.1324000358581543,2.140899896621704
2025-03-13 12:00:00-04:00,2.141900062561035,2.1475000381469727,2.125699996948242,2.130199909210205
2025-03-13 16:00:00-04:00,2.1303000450134277,2.1386001110076904,2.129699945449829,2.136199951171875
2025-03-13 20:00:00-04:00,2.135499954223633,2.1449999809265137,2.1328001022338867,2.1407999992370605
2025-03-14 00:00:00-04:00,2.141700029373169,2.151099920272827,2.139400005340576,2.1458001136779785
2025-03-14 04:00:00-04:00,2.1452999114990234,2.1526999473571777,2.137500047683716,2.1389000415802
2025-03-14 08:00:00-04:00,2.1398000717163086,2.143699884414673,2.1268999576568604,2.1361000537872314
2025-03-14 12:00:00-04:00,2.1366000175476074,2.1503000259399414,2.134000062942505,2.147700071334839
2025-03-14 16:00:00-04:00,2.1470999717712402,2.1498000621795654,2.1458001136779785,2.1487998962402344
2025-03-16 16:00:00-04:00,2.1600000858306885,2.1679999828338623,2.1522998809814453,2.164599895477295
2025-03-16 20:00:00-04:00,2.164599895477295,2.1812000274658203,2.161900043487549,2.1637001037597656
2025-03-17 00:00:00-04:00,2.16510009765625,2.171600103378296,2.162400007247925,2.169800043106079
2025-03-17 04:00:00-04:00,2.1693999767303467,2.1812000274658203,2.1647000312805176,2.178499937057495
2025-03-17 08:00:00-04:00,2.1782000064849854,2.1821999549865723,2.167799949645996,2.1763999462127686
2025-03-17 12:00:00-04:00,2.176300048828125,2.186500072479248,2.172100067138672,2.180000066757202
2025-03-17 16:00:00-04:00,2.1796000003814697,2.1812000274658203,2.174999952316284,2.177500009536743
2025-03-17 20:00:00-04:00,2.1772000789642334,2.188699960708618,2.1772000789642334,2.1847000122070312
2025-03-18 00:00:00-04:00,2.185800075531006,2.196700096130371,2.184299945831299,2.1928000450134277
2025-03-18 04:00:00-04:00,2.1930999755859375,2.2067999839782715,2.1930999755859375,2.2044999599456787
2025-03-18 08:00:00-04:00,2.2039999961853027,2.2047998905181885,2.1684999465942383,2.1689000129699707
2025-03-18 12:00:00-04:00,2.1686999797821045,2.177799940109253,2.1568000316619873,2.1677000522613525
2025-03-18 16:00:00-04:00,2.16759991645813,2.16759991645813,2.1598000526428223,2.16510009765625
2025-03-18 20:00:00-04:00,2.16510009765625,2.166300058364868,2.1579999923706055,2.162100076675415
2025-03-19 00:00:00-04:00,2.1612000465393066,2.1612000465393066,2.150399923324585,2.1579999923706055
2025-03-19 04:00:00-04:00,2.1602001190185547,2.1705000400543213,2.1487998962402344,2.1705000400543213
2025-03-19 08:00:00-04:00,2.170099973678589,2.1826000213623047,2.1619999408721924,2.176300048828125
2025-03-19 12:00:00-04:00,2.1767001152038574,2.186300039291382,2.1666998863220215,2.16759991645813
2025-03-19 16:00:00-04:00,2.168600082397461,2.1710000038146973,2.1675000190734863,2.170599937438965
2025-03-19 20:00:00-04:00,2.1703999042510986,2.176100015640259,2.1696999073028564,2.175299882888794
2025-03-20 00:00:00-04:00,2.1742000579833984,2.1763999462127686,2.168299913406372,2.1709001064300537
2025-03-20 04:00:00-04:00,2.1740000247955322,2.179500102996826,2.1591999530792236,2.1686999797821045
2025-03-20 08:00:00-04:00,2.1684999465942383,2.188800096511841,2.1465001106262207,2.1809000968933105
2025-03-20 12:00:00-04:00,2.1807000637054443,2.19350004196167,2.1786999702453613,2.191999912261963
2025-03-20 16:00:00-04:00,2.1926000118255615,2.2049999237060547,2.184999942779541,2.1993000507354736
2025-03-20 20:00:00-04:00,2.2004001140594482,2.2021000385284424,2.1933999061584473,2.1963999271392822
2025-03-21 00:00:00-04:00,2.19569993019104,2.197200059890747,2.1875,2.189300060272217
2025-03-21 04:00:00-04:00,2.1895999908447266,2.1953001022338867,2.1735000610351562,2.1735999584198
2025-03-21 08:00:00-04:00,2.1735999584198,2.1912999153137207,2.172600030899048,2.1802000999450684
2025-03-21 12:00:00-04:00,2.180000066757202,2.1988000869750977,2.1791000366210938,2.191699981689453
2025-03-21 16:00:00-04:00,2.191699981689453,2.1933999061584473,2.191699981689453,2.192500114440918
2025-03-23 16:00:00-04:00,2.192699909210205,2.196700096130371,2.1921000480651855,2.1942999362945557
2025-03-23 20:00:00-04:00,2.1967999935150146,2.1967999935150146,2.1809000968933105,2.1819000244140625
2025-03-24 00:00:00-04:00,2.1826999187469482,2.1958999633789062,2.1821000576019287,2.194700002670288
2025-03-24 04:00:00-04:00,2.1933999061584473,2.2040998935699463,2.184000015258789,2.19950008392334
2025-03-24 08:00:00-04:00,2.1970999240875244,2.2098000049591064,2.1837000846862793,2.208199977874756
2025-03-24 12:00:00-04:00,2.2079999446868896,2.2130000591278076,2.1926000118255615,2.20770001411438
2025-03-24 16:00:00-04:00,2.2084999084472656,2.2084999084472656,2.206199884414673,2.2070999145507812
2025-03-24 20:00:00-04:00,2.206700086593628,2.2067999839782715,2.204699993133545,2.2063000202178955
2025-03-25 00:00:00-04:00,2.204900026321411,2.211899995803833,2.2002999782562256,2.2118000984191895
2025-03-25 04:00:00-04:00,2.213099956512451,2.2195000648498535,2.2074999809265137,2.217900037765503
2025-03-25 08:00:00-04:00,2.2183001041412354,2.224100112915039,2.2049999237060547,2.2076001167297363
2025-03-25 12:00:00-04:00,2.207900047302246,2.211400032043457,2.194999933242798,2.210200071334839
2025-03-25 16:00:00-04:00,2.2112998962402344,2.2174999713897705,2.210700035095215,2.2146999835968018
2025-03-25 20:00:00-04:00,2.2179999351501465,2.2186999320983887,2.2151999473571777,2.2153000831604004
2025-03-26 00:00:00-04:00,2.214200019836426,2.2195000648498535,2.2123000621795654,2.2123000621795654
2025-03-26 04:00:00-04:00,2.212399959564209,2.2249999046325684,2.212399959564209,2.2214999198913574
2025-03-26 08:00:00-04:00,2.220599889755249,2.246000051498413,2.2197000980377197,2.239000082015991
2025-03-26 12:00:00-04:00,2.238100051879883,2.240000009536743,2.226099967956543,2.2323999404907227
2025-03-26 16:00:00-04:00,2.2344000339508057,2.2385001182556152,2.231600046157837,2.2323999404907227
2025-03-26 20:00:00-04:00,2.2344000339508057,2.2344000339508057,2.232300043106079,2.232300043106079
2025-03-27 00:00:00-04:00,2.234999895095825,2.234999895095825,2.225399971008301,2.227299928665161
2025-03-27 04:00:00-04:00,2.22760009765625,2.2309999465942383,2.222599983215332,2.2304000854492188
2025-03-27 08:00:00-04:00,2.2304999828338623,2.2383999824523926,2.218400001525879,2.23009991645813
2025-03-27 12:00:00-04:00,2.2290000915527344,2.247999906539917,2.2290000915527344,2.2409000396728516
2025-03-27 16:00:00-04:00,2.2407000064849854,2.248199939727783,2.2407000064849854,2.241499900817871
2025-03-27 20:00:00-04:00,2.2416000366210938,2.2528998851776123,2.2395999431610107,2.2471001148223877
2025-03-28 00:00:00-04:00,2.2467000484466553,2.2467000484466553,2.2381999492645264,2.2385001182556152
2025-03-28 04:00:00-04:00,2.2393999099731445,2.2520999908447266,2.238600015640259,2.2520999908447266
2025-03-28 08:00:00-04:00,2.2520999908447266,2.2578001022338867,2.22979998588562,2.2302000522613525
2025-03-28 12:00:00-04:00,2.22979998588562,2.2390999794006348,2.224400043487549,2.2304999828338623
2025-03-28 16:00:00-04:00,2.2300000190734863,2.2300000190734863,2.2281999588012695,2.2281999588012695
2025-03-30 16:00:00-04:00,2.2346999645233154,2.2346999645233154,2.2346999645233154,2.2346999645233154
2025-03-31 00:00:00-04:00,2.2397000789642334,2.2397000789642334,2.2397000789642334,2.2397000789642334
2025-03-31 04:00:00-04:00,2.2516000270843506,2.253999948501587,2.2393999099731445,2.244800090789795
2025-03-31 08:00:00-04:00,2.240799903869629,2.2718000411987305,2.232800006866455,2.271399974822998
2025-03-31 12:00:00-04:00,2.2827000617980957,2.286099910736084,2.2767999172210693,2.285900115966797
2025-04-01 00:00:00-04:00,2.2918999195098877,2.2929000854492188,2.28410005569458,2.2852001190185547
2025-04-01 04:00:00-04:00,2.285399913787842,2.3029000759124756,2.281100034713745,2.286600112915039
2025-04-01 08:00:00-04:00,2.2869999408721924,2.311199903488159,2.286099910736084,2.3015999794006348
2025-04-01 12:00:00-04:00,2.301500082015991,2.3053998947143555,2.2946999073028564,2.3029000759124756
2025-04-01 16:00:00-04:00,2.302999973297119,2.3096001148223877,2.301100015640259,2.308199882507324
2025-04-01 20:00:00-04:00,2.308500051498413,2.308500051498413,2.302999973297119,2.306299924850464
2025-04-02 00:00:00-04:00,2.3060998916625977,2.306999921798706,2.294600009918213,2.295300006866455
2025-04-02 04:00:00-04:00,2.295599937438965,2.3104000091552734,2.2941999435424805,2.297800064086914
2025-04-02 08:00:00-04:00,2.297499895095825,2.3208000659942627,2.2934999465942383,2.3180999755859375
2025-04-02 12:00:00-04:00,2.31820011138916,2.3343000411987305,2.3160998821258545,2.3334999084472656
2025-04-02 16:00:00-04:00,2.333199977874756,2.3447000980377197,2.2370998859405518,2.239300012588501
2025-04-02 20:00:00-04:00,2.2395999431610107,2.257200002670288,2.239000082015991,2.256200075149536
2025-04-03 00:00:00-04:00,2.2558999061584473,2.2558999061584473,2.2221999168395996,2.2320001125335693
2025-04-03 04:00:00-04:00,2.2325000762939453,2.2360000610351562,2.170599937438965,2.1768999099731445
2025-04-03 08:00:00-04:00,2.1767001152038574,2.1821999549865723,2.139699935913086,2.1586999893188477
2025-04-03 12:00:00-04:00,2.158600091934204,2.1700000762939453,2.1528000831604004,2.1566998958587646
2025-04-03 16:00:00-04:00,2.156599998474121,2.1577999591827393,2.1494998931884766,2.1559998989105225
2025-04-03 20:00:00-04:00,2.155900001525879,2.159899950027466,2.141200065612793,2.143399953842163
2025-04-04 00:00:00-04:00,2.1433000564575195,2.1452999114990234,2.116499900817871,2.1166999340057373
2025-04-04 04:00:00-04:00,2.116499900817871,2.120800018310547,2.025899887084961,2.042099952697754
2025-04-04 08:00:00-04:00,2.0413999557495117,2.0738000869750977,2.006500005722046,2.046999931335449
2025-04-04 12:00:00-04:00,2.0473999977111816,2.077699899673462,2.0415000915527344,2.0729000568389893
2025-04-04 16:00:00-04:00,2.0727999210357666,2.0727999210357666,2.0618999004364014,2.0653998851776123
2025-04-06 16:00:00-04:00,2.0399999618530273,2.041100025177002,1.9982000589370728,2.005000114440918
2025-04-06 20:00:00-04:00,2.0062999725341797,2.0267999172210693,1.9944000244140625,2.013400077819824
2025-04-07 00:00:00-04:00,2.018899917602539,2.031899929046631,1.9809000492095947,1.9925999641418457
2025-04-07 04:00:00-04:00,1.9922000169754028,2.0329999923706055,1.988800048828125,2.020400047302246
2025-04-07 08:00:00-04:00,2.0206000804901123,2.1061999797821045,2.0078001022338867,2.0302999019622803
2025-04-07 12:00:00-04:00,2.02839994430542,2.045599937438965,2.0160000324249268,2.0234999656677246
2025-04-07 16:00:00-04:00,2.0255000591278076,2.0371999740600586,2.015700101852417,2.0309998989105225
2025-04-07 20:00:00-04:00,2.0297999382019043,2.052799940109253,2.0272998809814453,2.0494000911712646
2025-04-08 00:00:00-04:00,2.0511999130249023,2.0548999309539795,2.0185000896453857,2.0241000652313232
2025-04-08 04:00:00-04:00,2.023699998855591,2.0413999557495117,2.020699977874756,2.0408999919891357
2025-04-08 08:00:00-04:00,2.041300058364868,2.049499988555908,2.018399953842163,2.0364999771118164
2025-04-08 12:00:00-04:00,2.036600112915039,2.0392000675201416,1.9556000232696533,1.9693000316619873
2025-04-08 16:00:00-04:00,1.9697999954223633,1.9735000133514404,1.9420000314712524,1.9508999586105347
2025-04-08 20:00:00-04:00,1.9529999494552612,1.9596999883651733,1.9219000339508057,1.934999942779541
2025-04-09 00:00:00-04:00,1.930899977684021,1.9636000394821167,1.9255000352859497,1.9537999629974365
2025-04-09 04:00:00-04:00,1.9557000398635864,1.9600000381469727,1.8849999904632568,1.8913999795913696
2025-04-09 08:00:00-04:00,1.889299988746643,1.9392000436782837,1.8806999921798706,1.8967000246047974
2025-04-09 12:00:00-04:00,1.896299958229065,2.05649995803833,1.8788000345230103,2.0369999408721924
2025-04-09 16:00:00-04:00,2.038599967956543,2.0487000942230225,2.0327000617980957,2.0425000190734863
2025-04-09 20:00:00-04:00,2.0423998832702637,2.054500102996826,2.017899990081787,2.023099899291992
2025-04-10 00:00:00-04:00,2.0213000774383545,2.035799980163574,1.9926999807357788,1.9941999912261963
2025-04-10 04:00:00-04:00,1.9950000047683716,1.9996000528335571,1.9780000448226929,1.9895999431610107
2025-04-10 08:00:00-04:00,1.9891999959945679,1.99399995803833,1.940999984741211,1.9536000490188599
2025-04-10 12:00:00-04:00,1.9537999629974365,1.9731999635696411,1.9361000061035156,1.9704999923706055
2025-04-10 16:00:00-04:00,1.9700000286102295,1.9702999591827393,1.9565000534057617,1.9575999975204468
2025-04-10 20:00:00-04:00,1.955899953842163,1.9620000123977661,1.9437999725341797,1.9519000053405762
2025-04-11 00:00:00-04:00,1.9503999948501587,1.9867000579833984,1.9486000537872314,1.985200047492981
2025-04-11 04:00:00-04:00,1.9848999977111816,1.9910000562667847,1.9596999883651733,1.9736000299453735
2025-04-11 08:00:00-04:00,1.9740999937057495,1.9839999675750732,1.954200029373169,1.9716999530792236
2025-04-11 12:00:00-04:00,1.9717999696731567,2.0097999572753906,1.967900037765503,2.0058000087738037
2025-04-11 16:00:00-04:00,2.006500005722046,2.0083000659942627,2.00570011138916,2.007200002670288
2025-04-13 16:00:00-04:00,2.005199909210205,2.0253000259399414,2.005199909210205,2.0137999057769775
2025-04-13 20:00:00-04:00,2.0141000747680664,2.022700071334839,2.0100998878479004,2.0134999752044678
2025-04-14 00:00:00-04:00,2.0136001110076904,2.0255000591278076,2.012399911880493,2.0190999507904053
2025-04-14 04:00:00-04:00,2.0204999446868896,2.0488998889923096,2.015899896621704,2.033600091934204
2025-04-14 08:00:00-04:00,2.033600091934204,2.0432000160217285,2.006700038909912,2.0104000568389893
2025-04-14 12:00:00-04:00,2.010699987411499,2.0271999835968018,2.0004000663757324,2.0244998931884766
2025-04-14 16:00:00-04:00,2.024399995803833,2.0260000228881836,2.022200107574463,2.024399995803833
2025-04-14 20:00:00-04:00,2.025099992752075,2.030400037765503,2.022200107574463,2.027100086212158
2025-04-15 00:00:00-04:00,2.0260000228881836,2.0369999408721924,2.0255000591278076,2.0306999683380127
2025-04-15 04:00:00-04:00,2.0304999351501465,2.0308001041412354,2.01200008392334,2.0153000354766846
2025-04-15 08:00:00-04:00,2.0155999660491943,2.039900064468384,2.0136001110076904,2.0206000804901123
2025-04-15 12:00:00-04:00,2.0204999446868896,2.0327999591827393,2.020400047302246,2.030100107192993
2025-04-15 16:00:00-04:00,2.031100034713745,2.0355000495910645,2.028599977493286,2.0320000648498535
2025-04-15 20:00:00-04:00,2.0313000679016113,2.0332999229431152,2.0243000984191895,2.025599956512451
2025-04-16 00:00:00-04:00,2.025899887084961,2.027100086212158,2.004499912261963,2.0215001106262207
2025-04-16 04:00:00-04:00,2.0239999294281006,2.052799940109253,2.01990008354187,2.0452001094818115
2025-04-16 08:00:00-04:00,2.044600009918213,2.054500102996826,2.0299999713897705,2.037899971008301
2025-04-16 12:00:00-04:00,2.037899971008301,2.053100109100342,2.0306999683380127,2.0485000610351562
2025-04-16 16:00:00-04:00,2.0483999252319336,2.05430006980896,2.0453999042510986,2.051300048828125
2025-04-16 20:00:00-04:00,2.052999973297119,2.060800075531006,2.047300100326538,2.06030011177063
2025-04-17 00:00:00-04:00,2.060699939727783,2.068700075149536,2.052299976348877,2.055000066757202
2025-04-17 04:00:00-04:00,2.0541000366210938,2.063800096511841,2.0487000942230225,2.0636000633239746
2025-04-17 08:00:00-04:00,2.0629000663757324,2.0924999713897705,2.059499979019165,2.0910000801086426
2025-04-17 12:00:00-04:00,2.0910000801086426,2.1050000190734863,2.088599920272827,2.09089994430542
2025-04-17 16:00:00-04:00,2.0915000438690186,2.0941998958587646,2.0915000438690186,2.092099905014038
2025-04-20 16:00:00-04:00,2.094099998474121,2.09660005569458,2.0776000022888184,2.0804998874664307
2025-04-20 20:00:00-04:00,2.0836000442504883,2.0869998931884766,2.071899890899658,2.0762999057769775
2025-04-21 00:00:00-04:00,2.075700044631958,2.0806000232696533,2.071199893951416,2.072200059890747
2025-04-21 04:00:00-04:00,2.0739998817443848,2.0739998817443848,2.0524001121520996,2.0611000061035156
2025-04-21 08:00:00-04:00,2.061300039291382,2.0643999576568604,2.0423998832702637,2.0534000396728516
2025-04-21 12:00:00-04:00,2.0539000034332275,2.0771000385284424,2.052999973297119,2.0759999752044678
2025-04-21 16:00:00-04:00,2.0757999420166016,2.081399917602539,2.0720999240875244,2.081399917602539
2025-04-21 20:00:00-04:00,2.080699920654297,2.086899995803833,2.07450008392334,2.074899911880493
2025-04-22 00:00:00-04:00,2.076200008392334,2.0927999019622803,2.075900077819824,2.0924999713897705
2025-04-22 04:00:00-04:00,2.094099998474121,2.09879994392395,2.086899995803833,2.09660005569458
2025-04-22 08:00:00-04:00,2.095900058746338,2.1157000064849854,2.086699962615967,2.1152000427246094
2025-04-22 12:00:00-04:00,2.115799903869629,2.1189000606536865,2.094599962234497,2.09689998626709
2025-04-22 16:00:00-04:00,2.096400022506714,2.1212000846862793,2.0947000980377197,2.1166000366210938
2025-04-22 20:00:00-04:00,2.118799924850464,2.1196000576019287,2.1096999645233154,2.1147000789642334
2025-04-23 00:00:00-04:00,2.1150999069213867,2.1322999000549316,2.1150999069213867,2.126300096511841
2025-04-23 04:00:00-04:00,2.1275999546051025,2.132699966430664,2.105299949645996,2.105299949645996
2025-04-23 08:00:00-04:00,2.1029000282287598,2.1110000610351562,2.0541000366210938,2.0731000900268555
2025-04-23 12:00:00-04:00,2.0739998817443848,2.091900110244751,2.065999984741211,2.0803000926971436
2025-04-23 16:00:00-04:00,2.0804998874664307,2.082900047302246,2.0799999237060547,2.080899953842163
2025-04-23 20:00:00-04:00,2.081399917602539,2.086400032043457,2.081399917602539,2.0820999145507812
2025-04-24 00:00:00-04:00,2.082200050354004,2.095400094985962,2.0778000354766846,2.0945000648498535
2025-04-24 04:00:00-04:00,2.0940001010894775,2.1024999618530273,2.0848000049591064,2.09879994392395
2025-04-24 08:00:00-04:00,2.099400043487549,2.1034998893737793,2.077500104904175,2.087399959564209
2025-04-24 12:00:00-04:00,2.0873000621795654,2.1075000762939453,2.0831000804901123,2.1047000885009766
2025-04-24 16:00:00-04:00,2.1059000492095947,2.113600015640259,2.1059000492095947,2.1126999855041504
2025-04-24 20:00:00-04:00,2.112499952316284,2.120800018310547,2.1110000610351562,2.1203999519348145
2025-04-25 00:00:00-04:00,2.1201999187469482,2.120699882507324,2.1061999797821045,2.1098999977111816
2025-04-25 04:00:00-04:00,2.1098999977111816,2.1133999824523926,2.0869998931884766,2.0906999111175537
2025-04-25 08:00:00-04:00,2.09089994430542,2.118299961090088,2.087399959564209,2.118000030517578
2025-04-25 12:00:00-04:00,2.1187000274658203,2.125999927520752,2.1078999042510986,2.1243999004364014
2025-04-25 16:00:00-04:00,2.124000072479248,2.128700017929077,2.121299982070923,2.121299982070923
2025-04-27 16:00:00-04:00,2.1291000843048096,2.1328001022338867,2.1177000999450684,2.1177000999450684
2025-04-27 20:00:00-04:00,2.1168999671936035,2.1226000785827637,2.1145999431610107,2.1203999519348145
2025-04-28 00:00:00-04:00,2.122499942779541,2.1273000240325928,2.1164000034332275,2.118000030517578
2025-04-28 04:00:00-04:00,2.1171000003814697,2.119999885559082,2.1070001125335693,2.1143999099731445
2025-04-28 08:00:00-04:00,2.1145999431610107,2.1331000328063965,2.093600034713745,2.0999999046325684
2025-04-28 12:00:00-04:00,2.101799964904785,2.1171998977661133,2.0929999351501465,2.1054999828338623
2025-04-28 16:00:00-04:00,2.1043999195098877,2.107599973678589,2.1003000736236572,2.106600046157837
2025-04-28 20:00:00-04:00,2.1054999828338623,2.110100030899048,2.0982000827789307,2.0982000827789307
2025-04-29 00:00:00-04:00,2.0975000858306885,2.0980000495910645,2.0845000743865967,2.088099956512451
2025-04-29 04:00:00-04:00,2.088399887084961,2.098599910736084,2.0797998905181885,2.085200071334839
2025-04-29 08:00:00-04:00,2.089200019836426,2.090399980545044,2.0596001148223877,2.0683999061584473
2025-04-29 12:00:00-04:00,2.069000005722046,2.074899911880493,2.0627999305725098,2.063699960708618
2025-04-29 16:00:00-04:00,2.063499927520752,2.0653998851776123,2.0629000663757324,2.0653998851776123
2025-04-29 20:00:00-04:00,2.049999952316284,2.049999952316284,2.0497000217437744,2.0497000217437744
2025-04-30 04:00:00-04:00,2.049299955368042,2.0611000061035156,2.049299955368042,2.0594000816345215
2025-04-30 08:00:00-04:00,2.0655999183654785,2.072499990463257,2.0360000133514404,2.0376999378204346
2025-04-30 12:00:00-04:00,2.0285000801086426,2.0515999794006348,2.0267999172210693,2.0357000827789307
2025-05-01 00:00:00-04:00,2.0083000659942627,2.0095999240875244,2.004499912261963,2.0053000450134277
2025-05-01 04:00:00-04:00,2.00600004196167,2.009399890899658,1.9838000535964966,1.9981000423431396
2025-05-01 08:00:00-04:00,1.9979000091552734,2.046999931335449,1.993499994277954,2.0271999835968018
2025-05-01 12:00:00-04:00,2.0271999835968018,2.059000015258789,2.016200065612793,2.0459001064300537
2025-05-01 16:00:00-04:00,2.0462000370025635,2.0469000339508057,2.036900043487549,2.04229998588562
2025-05-01 20:00:00-04:00,2.0418999195098877,2.062299966812134,2.0418999195098877,2.0592000484466553
2025-05-02 00:00:00-04:00,2.059299945831299,2.0608999729156494,2.0492000579833984,2.049799919128418
2025-05-02 04:00:00-04:00,2.049999952316284,2.055999994277954,2.0262999534606934,2.0280001163482666
2025-05-02 08:00:00-04:00,2.027600049972534,2.0527000427246094,2.004199981689453,2.024899959564209
2025-05-02 12:00:00-04:00,2.0251998901367188,2.0392000675201416,2.0071001052856445,2.0253000259399414
2025-05-02 16:00:00-04:00,2.0250000953674316,2.026599884033203,2.0216000080108643,2.0234999656677246
2025-05-04 16:00:00-04:00,1.99399995803833,1.99399995803833,1.9581999778747559,1.9704999923706055
2025-05-04 20:00:00-04:00,1.9697999954223633,1.9814000129699707,1.9663000106811523,1.968400001525879
2025-05-05 00:00:00-04:00,1.9687999486923218,1.995300054550171,1.9663000106811523,1.990399956703186
2025-05-05 04:00:00-04:00,1.9908000230789185,2.013000011444092,1.988700032234192,2.005500078201294
2025-05-05 08:00:00-04:00,2.0048000812530518,2.0176000595092773,1.983299970626831,1.9987000226974487
2025-05-05 12:00:00-04:00,1.9986000061035156,2.0311999320983887,1.9983999729156494,2.023400068283081
2025-05-05 16:00:00-04:00,2.0232999324798584,2.0283000469207764,2.021699905395508,2.025700092315674
2025-05-05 20:00:00-04:00,2.025399923324585,2.0520999431610107,2.0216000080108643,2.0483999252319336
2025-05-06 00:00:00-04:00,2.049499988555908,2.0604000091552734,2.0443999767303467,2.05679988861084
2025-05-06 04:00:00-04:00,2.0571999549865723,2.0631000995635986,2.046999931335449,2.0536000728607178
2025-05-06 08:00:00-04:00,2.053999900817871,2.080399990081787,2.048799991607666,2.076900005340576
2025-05-06 12:00:00-04:00,2.076900005340576,2.0820000171661377,2.0592000484466553,2.065200090408325
2025-05-06 16:00:00-04:00,2.0648999214172363,2.074700117111206,2.0560998916625977,2.0710999965667725
2025-05-06 20:00:00-04:00,2.070499897003174,2.0764000415802,2.0669000148773193,2.069499969482422
2025-05-07 00:00:00-04:00,2.071000099182129,2.083199977874756,2.0708999633789062,2.079699993133545
2025-05-07 04:00:00-04:00,2.080199956893921,2.0845999717712402,2.0580999851226807,2.065999984741211
2025-05-07 08:00:00-04:00,2.066499948501587,2.066499948501587,2.0232999324798584,2.027100086212158
2025-05-07 12:00:00-04:00,2.0264999866485596,2.0336999893188477,2.0185999870300293,2.024899959564209
2025-05-07 16:00:00-04:00,2.024600028991699,2.027100086212158,2.016400098800659,2.027100086212158
2025-05-07 20:00:00-04:00,2.0264999866485596,2.0392000675201416,2.024600028991699,2.0392000675201416
2025-05-08 00:00:00-04:00,2.0390000343322754,2.0415000915527344,2.0283000469207764,2.033799886703491
2025-05-08 04:00:00-04:00,2.03410005569458,2.052000045776367,2.0322000980377197,2.0494000911712646
2025-05-08 08:00:00-04:00,2.0495998859405518,2.0905001163482666,2.0443999767303467,2.088599920272827
2025-05-08 12:00:00-04:00,2.088099956512451,2.089600086212158,2.077399969100952,2.0889999866485596
2025-05-08 16:00:00-04:00,2.089400053024292,2.0989999771118164,2.0889999866485596,2.0940001010894775
2025-05-08 20:00:00-04:00,2.094099998474121,2.0947000980377197,2.088200092315674,2.089200019836426
2025-05-09 00:00:00-04:00,2.089400053024292,2.1005001068115234,2.0864999294281006,2.0957000255584717
2025-05-09 04:00:00-04:00,2.095900058746338,2.11929988861084,2.095900058746338,2.114000082015991
2025-05-09 08:00:00-04:00,2.1140999794006348,2.1210999488830566,2.0889999866485596,2.0985000133514404
2025-05-09 12:00:00-04:00,2.099400043487549,2.113600015640259,2.0950000286102295,2.110599994659424
2025-05-09 16:00:00-04:00,2.11080002784729,2.1135001182556152,2.109299898147583,2.1112000942230225
2025-05-11 16:00:00-04:00,2.112299919128418,2.126699924468994,2.112299919128418,2.123800039291382
2025-05-11 20:00:00-04:00,2.1217000484466553,2.125499963760376,2.1142001152038574,2.123500108718872
2025-05-12 00:00:00-04:00,2.12280011177063,2.1684999465942383,2.122499942779541,2.1498000621795654
2025-05-12 04:00:00-04:00,2.150599956512451,2.1658999919891357,2.1349000930786133,2.161900043487549
2025-05-12 08:00:00-04:00,2.1614999771118164,2.1654999256134033,2.13319993019104,2.135200023651123
2025-05-12 12:00:00-04:00,2.1349000930786133,2.1377999782562256,2.1273999214172363,2.1310999393463135
2025-05-12 16:00:00-04:00,2.1308000087738037,2.137200117111206,2.1308000087738037,2.1342999935150146
2025-05-12 20:00:00-04:00,2.1338000297546387,2.134399890899658,2.1261000633239746,2.129199981689453
2025-05-13 00:00:00-04:00,2.12719988822937,2.135200023651123,2.12719988822937,2.1273000240325928
2025-05-13 04:00:00-04:00,2.127700090408325,2.141200065612793,2.1233999729156494,2.1386001110076904
2025-05-13 08:00:00-04:00,2.138700008392334,2.1605000495910645,2.1305999755859375,2.1605000495910645
2025-05-13 12:00:00-04:00,2.1603000164031982,2.171999931335449,2.15910005569458,2.1661999225616455
2025-05-13 16:00:00-04:00,2.165800094604492,2.169100046157837,2.162400007247925,2.168299913406372
2025-05-13 20:00:00-04:00,2.1679000854492188,2.1679000854492188,2.158400058746338,2.16129994392395
2025-05-14 00:00:00-04:00,2.1614999771118164,2.1663999557495117,2.1582000255584717,2.163599967956543
2025-05-14 04:00:00-04:00,2.164099931716919,2.1647000312805176,2.1403000354766846,2.150599956512451
2025-05-14 08:00:00-04:00,2.1505000591278076,2.1793999671936035,2.146899938583374,2.1684000492095947
2025-05-14 12:00:00-04:00,2.1682000160217285,2.1779000759124756,2.158799886703491,2.1589999198913574
2025-05-14 16:00:00-04:00,2.1591999530792236,2.1603000164031982,2.1342999935150146,2.141700029373169
2025-05-14 20:00:00-04:00,2.1410000324249268,2.1431000232696533,2.1161000728607178,2.1254000663757324
2025-05-15 00:00:00-04:00,2.1270999908447266,2.127700090408325,2.0999999046325684,2.108799934387207
2025-05-15 04:00:00-04:00,2.109100103378296,2.114500045776367,2.0978000164031982,2.1110999584198
2025-05-15 08:00:00-04:00,2.1108999252319336,2.132699966430664,2.1045000553131104,2.128200054168701
2025-05-15 12:00:00-04:00,2.127700090408325,2.137399911880493,2.124500036239624,2.1363000869750977
2025-05-15 16:00:00-04:00,2.136399984359741,2.137500047683716,2.132699966430664,2.136399984359741
2025-05-15 20:00:00-04:00,2.137700080871582,2.137700080871582,2.131500005722046,2.1364998817443848
2025-05-16 00:00:00-04:00,2.1354000568389893,2.149600028991699,2.1196999549865723,2.129499912261963
2025-05-16 04:00:00-04:00,2.1298999786376953,2.138000011444092,2.1180999279022217,2.1280999183654785
2025-05-16 08:00:00-04:00,2.129300117492676,2.146199941635132,2.125,2.1461000442504883
2025-05-16 12:00:00-04:00,2.1466000080108643,2.1489999294281006,2.134000062942505,2.135499954223633
2025-05-16 16:00:00-04:00,2.1347999572753906,2.141700029373169,2.134500026702881,2.140500068664551
2025-05-18 16:00:00-04:00,2.1445999145507812,2.1463000774383545,2.126199960708618,2.1438000202178955
2025-05-18 20:00:00-04:00,2.145900011062622,2.145900011062622,2.134999990463257,2.1354000568389893
2025-05-19 00:00:00-04:00,2.1354000568389893,2.137200117111206,2.126300096511841,2.132999897003174
2025-05-19 04:00:00-04:00,2.1333999633789062,2.134500026702881,2.109999895095825,2.1131999492645264
2025-05-19 08:00:00-04:00,2.1133999824523926,2.1421000957489014,2.112499952316284,2.1421000957489014
2025-05-19 12:00:00-04:00,2.1410000324249268,2.146899938583374,2.121999979019165,2.1382999420166016
2025-05-19 16:00:00-04:00,2.1382999420166016,2.141200065612793,2.13700008392334,2.140700101852417
2025-05-19 20:00:00-04:00,2.141400098800659,2.1421000957489014,2.1391000747680664,2.1403000354766846
2025-05-20 00:00:00-04:00,2.138000011444092,2.1428000926971436,2.1259000301361084,2.130199909210205
2025-05-20 04:00:00-04:00,2.1298000812530518,2.1521999835968018,2.1294000148773193,2.134000062942505
2025-05-20 08:00:00-04:00,2.1338999271392822,2.150899887084961,2.1305999755859375,2.138700008392334
2025-05-20 12:00:00-04:00,2.1382999420166016,2.1610000133514404,2.1357998847961426,2.1563000679016113
2025-05-20 16:00:00-04:00,2.1563000679016113,2.1926000118255615,2.1542000770568848,2.1719000339508057
2025-05-20 20:00:00-04:00,2.169600009918213,2.178999900817871,2.169600009918213,2.17330002784729
2025-05-21 00:00:00-04:00,2.179500102996826,2.1830999851226807,2.166800022125244,2.171600103378296
2025-05-21 04:00:00-04:00,2.1714999675750732,2.178100109100342,2.1649999618530273,2.168800115585327
2025-05-21 08:00:00-04:00,2.168800115585327,2.177999973297119,2.1301000118255615,2.1375999450683594
2025-05-21 12:00:00-04:00,2.137500047683716,2.150899887084961,2.1277999877929688,2.1407999992370605
2025-05-21 16:00:00-04:00,2.140000104904175,2.143199920654297,2.133500099182129,2.1335999965667725
2025-05-21 20:00:00-04:00,2.1354000568389893,2.140000104904175,2.1298000812530518,2.1396000385284424
2025-05-22 00:00:00-04:00,2.140000104904175,2.1403000354766846,2.1106998920440674,2.1222000122070312
2025-05-22 04:00:00-04:00,2.1224000453948975,2.1254000663757324,2.109299898147583,2.115000009536743
2025-05-22 08:00:00-04:00,2.115999937057495,2.134399890899658,2.1110000610351562,2.1177000999450684
2025-05-22 12:00:00-04:00,2.117500066757202,2.134399890899658,2.117500066757202,2.1229000091552734
2025-05-22 16:00:00-04:00,2.1238999366760254,2.1301000118255615,2.1208999156951904,2.125699996948242
2025-05-22 20:00:00-04:00,2.126300096511841,2.1289000511169434,2.1222000122070312,2.1236000061035156
2025-05-23 00:00:00-04:00,2.1261000633239746,2.1291000843048096,2.1196999549865723,2.1240999698638916
2025-05-23 04:00:00-04:00,2.125499963760376,2.141900062561035,2.1112000942230225,2.1112000942230225
2025-05-23 08:00:00-04:00,2.115999937057495,2.1340999603271484,2.101799964904785,2.122999906539917
2025-05-23 12:00:00-04:00,2.1226000785827637,2.125,2.10509991645813,2.1105000972747803
2025-05-23 16:00:00-04:00,2.108599901199341,2.112299919128418,2.1085000038146973,2.112299919128418
2025-05-25 16:00:00-04:00,2.115999937057495,2.123699903488159,2.112600088119507,2.122299909591675
2025-05-25 20:00:00-04:00,2.1212000846862793,2.1245999336242676,2.109800100326538,2.1154000759124756
2025-05-26 00:00:00-04:00,2.1145999431610107,2.1168999671936035,2.1129000186920166,2.114799976348877
2025-05-26 04:00:00-04:00,2.118000030517578,2.123500108718872,2.1050000190734863,2.1059999465942383
2025-05-26 08:00:00-04:00,2.109800100326538,2.115299940109253,2.101300001144409,2.1124000549316406
2025-05-26 12:00:00-04:00,2.1135001182556152,2.1157000064849854,2.1108999252319336,2.1143999099731445
2025-05-26 16:00:00-04:00,2.1129000186920166,2.1129000186920166,2.1101999282836914,2.1110000610351562
2025-05-26 20:00:00-04:00,2.1106998920440674,2.1168999671936035,2.1054999828338623,2.1064000129699707
2025-05-27 00:00:00-04:00,2.107599973678589,2.1171000003814697,2.1017000675201416,2.1075000762939453
2025-05-27 04:00:00-04:00,2.107599973678589,2.123300075531006,2.107599973678589,2.1105000972747803
2025-05-27 08:00:00-04:00,2.1110000610351562,2.1150999069213867,2.070499897003174,2.072999954223633
2025-05-27 12:00:00-04:00,2.072999954223633,2.0787999629974365,2.0673999786376953,2.0725998878479004
2025-05-27 16:00:00-04:00,2.0725998878479004,2.0771000385284424,2.0725998878479004,2.075500011444092
2025-05-27 20:00:00-04:00,2.0806000232696533,2.081199884414673,2.0738000869750977,2.0738000869750977
2025-05-28 00:00:00-04:00,2.0727999210357666,2.087899923324585,2.0678999423980713,2.087899923324585
2025-05-28 04:00:00-04:00,2.087599992752075,2.0915000438690186,2.077699899673462,2.0875000953674316
2025-05-28 08:00:00-04:00,2.087399959564209,2.1015000343322754,2.078200101852417,2.0920000076293945
2025-05-28 12:00:00-04:00,2.0922000408172607,2.103800058364868,2.0764999389648438,2.077500104904175
2025-05-28 16:00:00-04:00,2.0845000743865967,2.103300094604492,2.0845000743865967,2.097399950027466
2025-05-28 20:00:00-04:00,2.09689998626709,2.110100030899048,2.0968000888824463,2.1098999977111816
2025-05-29 00:00:00-04:00,2.108299970626831,2.122999906539917,2.108299970626831,2.122999906539917
2025-05-29 04:00:00-04:00,2.121999979019165,2.121999979019165,2.0950000286102295,2.0966999530792236
2025-05-29 08:00:00-04:00,2.0959999561309814,2.0959999561309814,2.0469000339508057,2.0592000484466553
2025-05-29 12:00:00-04:00,2.0666000843048096,2.0748000144958496,2.0562000274658203,2.059999942779541
2025-05-29 16:00:00-04:00,2.059999942779541,2.059999942779541,2.0481998920440674,2.0481998920440674
2025-05-29 20:00:00-04:00,2.0399999618530273,2.0399999618530273,2.035099983215332,2.039400100708008
2025-05-30 00:00:00-04:00,2.052999973297119,2.052999973297119,2.052999973297119,2.052999973297119
2025-05-30 04:00:00-04:00,2.061300039291382,2.072000026702881,2.061300039291382,2.072000026702881
2025-05-30 08:00:00-04:00,2.045300006866455,2.055000066757202,2.0329999923706055,2.0329999923706055
2025-05-30 12:00:00-04:00,2.0227999687194824,2.0436999797821045,2.0215001106262207,2.039099931716919
2025-05-30 16:00:00-04:00,2.013200044631958,2.013200044631958,2.013200044631958,2.013200044631958
2025-06-01 16:00:00-04:00,2.0151000022888184,2.047800064086914,2.0151000022888184,2.037400007247925
2025-06-01 20:00:00-04:00,2.0362000465393066,2.048799991607666,2.0353000164031982,2.0439000129699707
2025-06-02 00:00:00-04:00,2.043800115585327,2.0571000576019287,2.041800022125244,2.052500009536743
2025-06-02 04:00:00-04:00,2.0524001121520996,2.078399896621704,2.052000045776367,2.0750999450683594
2025-06-02 08:00:00-04:00,2.075200080871582,2.092400074005127,2.053999900817871,2.0648999214172363
2025-06-02 12:00:00-04:00,2.0648999214172363,2.0706000328063965,2.047600030899048,2.065999984741211
2025-06-02 16:00:00-04:00,2.065999984741211,2.069700002670288,2.0625998973846436,2.066499948501587
2025-06-02 20:00:00-04:00,2.0666000843048096,2.069700002670288,2.0617001056671143,2.063800096511841
2025-06-03 00:00:00-04:00,2.0627999305725098,2.0708999633789062,2.0580999851226807,2.0648000240325928
2025-06-03 04:00:00-04:00,2.065000057220459,2.0659000873565674,2.049999952316284,2.0601000785827637
2025-06-03 08:00:00-04:00,2.0604000091552734,2.0810000896453857,2.0541999340057373,2.079200029373169
2025-06-03 12:00:00-04:00,2.0790998935699463,2.088599920272827,2.074199914932251,2.0764000415802
2025-06-03 16:00:00-04:00,2.0757999420166016,2.077500104904175,2.069000005722046,2.0725998878479004
2025-06-03 20:00:00-04:00,2.071500062942505,2.0727999210357666,2.065700054168701,2.0664000511169434
2025-06-04 00:00:00-04:00,2.0660998821258545,2.0717999935150146,2.063199996948242,2.068700075149536
2025-06-04 04:00:00-04:00,2.0685999393463135,2.078000068664551,2.0631000995635986,2.07069993019104
2025-06-04 08:00:00-04:00,2.070499897003174,2.0715999603271484,2.024899959564209,2.0295000076293945
2025-06-04 12:00:00-04:00,2.028899908065796,2.038800001144409,2.0267999172210693,2.03439998626709
2025-06-04 16:00:00-04:00,2.0343000888824463,2.0360000133514404,2.031399965286255,2.032399892807007
2025-06-04 20:00:00-04:00,2.0320000648498535,2.034899950027466,2.02839994430542,2.0318000316619873
2025-06-05 00:00:00-04:00,2.0304999351501465,2.050299882888794,2.027899980545044,2.0478999614715576
2025-06-05 04:00:00-04:00,2.0476999282836914,2.052799940109253,2.0429999828338623,2.049299955368042
2025-06-05 08:00:00-04:00,2.049299955368042,2.0732998847961426,2.0478999614715576,2.062700033187866
2025-06-05 12:00:00-04:00,2.0629000663757324,2.064500093460083,2.0539000034332275,2.061500072479248
2025-06-05 16:00:00-04:00,2.061199903488159,2.0636000633239746,2.058500051498413,2.0611000061035156
2025-06-05 20:00:00-04:00,2.0613999366760254,2.0631000995635986,2.057300090789795,2.059000015258789
2025-06-06 00:00:00-04:00,2.058199882507324,2.063499927520752,2.0508999824523926,2.0525999069213867
2025-06-06 04:00:00-04:00,2.0529000759124756,2.0641000270843506,2.0513999462127686,2.059000015258789
2025-06-06 08:00:00-04:00,2.0589001178741455,2.0840001106262207,2.0548999309539795,2.0785999298095703
2025-06-06 12:00:00-04:00,2.0782999992370605,2.0824999809265137,2.072200059890747,2.0787999629974365
2025-06-06 16:00:00-04:00,2.078700065612793,2.081899881362915,2.078399896621704,2.0803000926971436
2025-06-08 16:00:00-04:00,2.0820000171661377,2.0820000171661377,2.0755999088287354,2.077199935913086
2025-06-08 20:00:00-04:00,2.07669997215271,2.078200101852417,2.0743000507354736,2.0761001110076904
2025-06-09 00:00:00-04:00,2.07669997215271,2.077399969100952,2.0680999755859375,2.075500011444092
2025-06-09 04:00:00-04:00,2.0757999420166016,2.087599992752075,2.073499917984009,2.0859999656677246
2025-06-09 08:00:00-04:00,2.085900068283081,2.0978000164031982,2.0754001140594482,2.0871999263763428
2025-06-09 12:00:00-04:00,2.0873000621795654,2.0994999408721924,2.078900098800659,2.0950000286102295
2025-06-09 16:00:00-04:00,2.0952999591827393,2.097399950027466,2.090100049972534,2.0968000888824463
2025-06-09 20:00:00-04:00,2.09689998626709,2.105799913406372,2.094399929046631,2.1012001037597656
2025-06-10 00:00:00-04:00,2.1006999015808105,2.1024999618530273,2.091900110244751,2.0952999591827393
2025-06-10 04:00:00-04:00,2.093899965286255,2.1066999435424805,2.0924999713897705,2.1059999465942383
2025-06-10 08:00:00-04:00,2.1064999103546143,2.1142001152038574,2.0969998836517334,2.0999999046325684
2025-06-10 12:00:00-04:00,2.099900007247925,2.108099937438965,2.077899932861328,2.087399959564209
2025-06-10 16:00:00-04:00,2.0871999263763428,2.0875000953674316,2.0803000926971436,2.0826001167297363
2025-06-10 20:00:00-04:00,2.0838000774383545,2.086400032043457,2.0794999599456787,2.0852999687194824
2025-06-11 00:00:00-04:00,2.085099935531616,2.0924999713897705,2.0836000442504883,2.0894999504089355
2025-06-11 04:00:00-04:00,2.089600086212158,2.109600067138672,2.0771000385284424,2.109499931335449
2025-06-11 08:00:00-04:00,2.1101999282836914,2.140199899673462,2.101900100708008,2.1389999389648438
2025-06-11 12:00:00-04:00,2.13919997215271,2.1702001094818115,2.1342999935150146,2.156599998474121
2025-06-11 16:00:00-04:00,2.1568000316619873,2.1898000240325928,2.155900001525879,2.1695001125335693
2025-06-11 20:00:00-04:00,2.1689999103546143,2.1714000701904297,2.152600049972534,2.1570000648498535
2025-06-12 00:00:00-04:00,2.1584999561309814,2.159600019454956,2.141200065612793,2.143399953842163
2025-06-12 04:00:00-04:00,2.143399953842163,2.1503000259399414,2.1222000122070312,2.127000093460083
2025-06-12 08:00:00-04:00,2.126800060272217,2.1577000617980957,2.12280011177063,2.1565001010894775
2025-06-12 12:00:00-04:00,2.1566998958587646,2.1572000980377197,2.1391000747680664,2.149199962615967
2025-06-12 16:00:00-04:00,2.149399995803833,2.174999952316284,2.149399995803833,2.1702001094818115
2025-06-12 20:00:00-04:00,2.170799970626831,2.304500102996826,2.1663999557495117,2.2565999031066895
2025-06-13 00:00:00-04:00,2.2574000358581543,2.2815001010894775,2.203399896621704,2.218600034713745
2025-06-13 04:00:00-04:00,2.219599962234497,2.2583000659942627,2.2193000316619873,2.2284998893737793
2025-06-13 08:00:00-04:00,2.228300094604492,2.247499942779541,2.2128000259399414,2.221299886703491
2025-06-13 12:00:00-04:00,2.220900058746338,2.249799966812134,2.2077999114990234,2.222100019454956
2025-06-13 16:00:00-04:00,2.2248001098632812,2.2374000549316406,2.224600076675415,2.2365000247955322
2025-06-15 16:00:00-04:00,2.306299924850464,2.3162999153137207,2.256500005722046,2.2620999813079834
2025-06-15 20:00:00-04:00,2.2558999061584473,2.2597999572753906,2.2327001094818115,2.244999885559082
2025-06-16 00:00:00-04:00,2.250499963760376,2.2546000480651855,2.2327001094818115,2.2327001094818115
2025-06-16 04:00:00-04:00,2.2321999073028564,2.2428998947143555,2.214099884033203,2.214600086212158
2025-06-16 08:00:00-04:00,2.2147998809814453,2.240499973297119,2.1791999340057373,2.2116000652313232
2025-06-16 12:00:00-04:00,2.211199998855591,2.22760009765625,2.2035000324249268,2.213599920272827
2025-06-16 16:00:00-04:00,2.2130000591278076,2.2476999759674072,2.2053000926971436,2.242300033569336
2025-06-16 20:00:00-04:00,2.2439000606536865,2.247299909591675,2.2084999084472656,2.222100019454956
2025-06-17 00:00:00-04:00,2.2251999378204346,2.2518999576568604,2.2056000232696533,2.2464001178741455
2025-06-17 04:00:00-04:00,2.244999885559082,2.26419997215271,2.2314000129699707,2.2637999057769775
2025-06-17 08:00:00-04:00,2.262399911880493,2.2699999809265137,2.235100030899048,2.2427000999450684
2025-06-17 12:00:00-04:00,2.2435998916625977,2.280600070953369,2.237299919128418,2.270400047302246
2025-06-17 16:00:00-04:00,2.2704999446868896,2.289400100708008,2.259999990463257,2.286900043487549
2025-06-17 20:00:00-04:00,2.275899887084961,2.2860000133514404,2.2730000019073486,2.2860000133514404
2025-06-18 00:00:00-04:00,2.2888998985290527,2.2888998985290527,2.265700101852417,2.270900011062622
2025-06-18 04:00:00-04:00,2.2692999839782715,2.291599988937378,2.252500057220459,2.2904000282287598
2025-06-18 08:00:00-04:00,2.2925000190734863,2.313699960708618,2.2518999576568604,2.2790000438690186
2025-06-18 12:00:00-04:00,2.2792000770568848,2.3208000659942627,2.267400026321411,2.3034000396728516
2025-06-18 16:00:00-04:00,2.301100015640259,2.3066000938415527,2.2950000762939453,2.305000066757202
2025-06-18 20:00:00-04:00,2.3036999702453613,2.305000066757202,2.286799907684326,2.299799919128418
2025-06-19 00:00:00-04:00,2.299499988555908,2.3264999389648438,2.2992000579833984,2.317199945449829
2025-06-19 04:00:00-04:00,2.3183000087738037,2.3431999683380127,2.3148000240325928,2.3431999683380127
2025-06-19 08:00:00-04:00,2.340100049972534,2.3598999977111816,2.332200050354004,2.3494999408721924
2025-06-19 12:00:00-04:00,2.347599983215332,2.367300033569336,2.304800033569336,2.3217999935150146
2025-06-19 16:00:00-04:00,2.3224000930786133,2.3224000930786133,2.302000045776367,2.316800117492676
2025-06-19 20:00:00-04:00,2.3280999660491943,2.3333001136779785,2.3187999725341797,2.321199893951416
2025-06-20 00:00:00-04:00,2.328000068664551,2.3345000743865967,2.3094000816345215,2.3326001167297363
2025-06-20 04:00:00-04:00,2.331399917602539,2.3408000469207764,2.2999000549316406,2.311199903488159
2025-06-20 08:00:00-04:00,2.309499979019165,2.323499917984009,2.301300048828125,2.31850004196167
2025-06-20 12:00:00-04:00,2.321000099182129,2.335900068283081,2.3104000091552734,2.333400011062622
2025-06-20 16:00:00-04:00,2.33489990234375,2.3371999263763428,2.3329999446868896,2.3359999656677246
2025-06-22 16:00:00-04:00,2.3914999961853027,2.414099931716919,2.3691999912261963,2.3775999546051025
2025-06-22 20:00:00-04:00,2.374799966812134,2.383500099182129,2.364300012588501,2.3650999069213867
2025-06-23 00:00:00-04:00,2.369999885559082,2.370300054550171,2.3294999599456787,2.3394999504089355
2025-06-23 04:00:00-04:00,2.340100049972534,2.359999895095825,2.3178999423980713,2.345599889755249
2025-06-23 08:00:00-04:00,2.345599889755249,2.346400022506714,2.308199882507324,2.3264000415802
2025-06-23 12:00:00-04:00,2.327699899673462,2.342099905014038,2.1993000507354736,2.1993000507354736
2025-06-23 16:00:00-04:00,2.196700096130371,2.1981000900268555,2.1289000511169434,2.151700019836426
2025-06-23 20:00:00-04:00,2.1572999954223633,2.187700033187866,2.14520001411438,2.1779000759124756
2025-06-24 00:00:00-04:00,2.177999973297119,2.177999973297119,2.1222000122070312,2.162400007247925
2025-06-24 04:00:00-04:00,2.161600112915039,2.171299934387207,2.1449999809265137,2.1498000621795654
2025-06-24 08:00:00-04:00,2.146699905395508,2.161600112915039,2.107599973678589,2.107599973678589
2025-06-24 12:00:00-04:00,2.1078999042510986,2.1136999130249023,2.0841000080108643,2.099400043487549
2025-06-24 16:00:00-04:00,2.097899913787842,2.114799976348877,2.0975000858306885,2.1054000854492188
2025-06-24 20:00:00-04:00,2.103800058364868,2.117000102996826,2.103800058364868,2.1129000186920166
2025-06-25 00:00:00-04:00,2.1133999824523926,2.121299982070923,2.112499952316284,2.1159000396728516
2025-06-25 04:00:00-04:00,2.115600109100342,2.115600109100342,2.0878000259399414,2.095900058746338
2025-06-25 08:00:00-04:00,2.095099925994873,2.10479998588562,2.0794999599456787,2.091900110244751
2025-06-25 12:00:00-04:00,2.0933001041412354,2.103100061416626,2.0806000232696533,2.0885000228881836
2025-06-25 16:00:00-04:00,2.087899923324585,2.09089994430542,2.0820999145507812,2.084399938583374
2025-06-25 20:00:00-04:00,2.0882999897003174,2.0899999141693115,2.0882999897003174,2.08870005607605
2025-06-26 00:00:00-04:00,2.089400053024292,2.095099925994873,2.0869998931884766,2.0887999534606934
2025-06-26 04:00:00-04:00,2.0875000953674316,2.1059999465942383,2.0755999088287354,2.0992000102996826
2025-06-26 08:00:00-04:00,2.1059999465942383,2.1238999366760254,2.085700035095215,2.110100030899048
2025-06-26 12:00:00-04:00,2.1113998889923096,2.117000102996826,2.093899965286255,2.0980000495910645
2025-06-26 16:00:00-04:00,2.0996999740600586,2.108599901199341,2.0929999351501465,2.108099937438965
2025-06-26 20:00:00-04:00,2.1033999919891357,2.1113998889923096,2.1033999919891357,2.1113998889923096
2025-06-27 00:00:00-04:00,2.103600025177002,2.1085000038146973,2.097100019454956,2.0999999046325684
2025-06-27 04:00:00-04:00,2.102400064468384,2.105799913406372,2.0855000019073486,2.0927999019622803
2025-06-27 08:00:00-04:00,2.0929999351501465,2.0929999351501465,2.059000015258789,2.0727999210357666
2025-06-27 12:00:00-04:00,2.0731000900268555,2.0961999893188477,2.0664000511169434,2.0840001106262207
2025-06-27 16:00:00-04:00,2.0833001136779785,2.0833001136779785,2.0799999237060547,2.0799999237060547
2025-06-30 00:00:00-04:00,2.087599992752075,2.087599992752075,2.084700107574463,2.084700107574463
2025-06-30 04:00:00-04:00,2.0804998874664307,2.0924999713897705,2.0804998874664307,2.0868000984191895
2025-06-30 08:00:00-04:00,2.0906999111175537,2.102099895477295,2.0850000381469727,2.0850000381469727
2025-06-30 12:00:00-04:00,2.08489990234375,2.087100028991699,2.0757999420166016,2.0845999717712402
2025-07-01 00:00:00-04:00,2.0701000690460205,2.0701000690460205,2.058500051498413,2.069000005722046
2025-07-01 04:00:00-04:00,2.0694000720977783,2.0861001014709473,2.0615999698638916,2.080699920654297
2025-07-01 08:00:00-04:00,2.080399990081787,2.0941998958587646,2.0720999240875244,2.0941998958587646
2025-07-01 12:00:00-04:00,2.093899965286255,2.1057000160217285,2.0913000106811523,2.104300022125244
2025-07-01 16:00:00-04:00,2.1045000553131104,2.105600118637085,2.091399908065796,2.091399908065796
2025-07-01 20:00:00-04:00,2.0917999744415283,2.096299886703491,2.091399908065796,2.0936999320983887
2025-07-02 00:00:00-04:00,2.0943000316619873,2.103600025177002,2.0897998809814453,2.103300094604492
2025-07-02 04:00:00-04:00,2.1031999588012695,2.119999885559082,2.098299980163574,2.1171000003814697
2025-07-02 08:00:00-04:00,2.1171998977661133,2.1171998977661133,2.0813000202178955,2.105799913406372
2025-07-02 12:00:00-04:00,2.1059000492095947,2.125699996948242,2.1010000705718994,2.1187000274658203
2025-07-02 16:00:00-04:00,2.1185998916625977,2.1243999004364014,2.115600109100342,2.116499900817871
2025-07-02 20:00:00-04:00,2.1159000396728516,2.118000030517578,2.1054000854492188,2.110599994659424
2025-07-03 09:30:00-04:00,2.117300033569336,2.1198999881744385,2.1019999980926514,2.118799924850464
2025-07-04 00:00:00-04:00,2.1101999282836914,2.1238999366760254,2.108299970626831,2.1224000453948975
2025-07-04 04:00:00-04:00,2.1212000846862793,2.123199939727783,2.103300094604492,2.1166000366210938
2025-07-04 08:00:00-04:00,2.115799903869629,2.1249001026153564,2.113800048828125,2.11680006980896
2025-07-04 12:00:00-04:00,2.1173999309539795,2.118499994277954,2.1140999794006348,2.1171000003814697
2025-07-06 16:00:00-04:00,2.107800006866455,2.108099937438965,2.086899995803833,2.102299928665161
2025-07-06 20:00:00-04:00,2.1013998985290527,2.1078999042510986,2.0901999473571777,2.107599973678589
2025-07-07 00:00:00-04:00,2.1054999828338623,2.123800039291382,2.1054999828338623,2.12280011177063
2025-07-07 04:00:00-04:00,2.125499963760376,2.1379001140594482,2.113800048828125,2.1333000659942627
2025-07-07 08:00:00-04:00,2.133500099182129,2.14520001411438,2.12719988822937,2.1435999870300293
2025-07-07 12:00:00-04:00,2.1440999507904053,2.160099983215332,2.1364998817443848,2.155600070953369
2025-07-07 16:00:00-04:00,2.1554999351501465,2.157599925994873,2.150599956512451,2.1510000228881836
2025-07-07 20:00:00-04:00,2.1521999835968018,2.1524999141693115,2.1445000171661377,2.151099920272827
2025-07-08 00:00:00-04:00,2.1510000228881836,2.155900001525879,2.1477999687194824,2.148099899291992
2025-07-08 04:00:00-04:00,2.1475000381469727,2.1679000854492188,2.1452999114990234,2.166800022125244
2025-07-08 08:00:00-04:00,2.166300058364868,2.194000005722046,2.164299964904785,2.189500093460083
2025-07-08 12:00:00-04:00,2.18969988822937,2.1988000869750977,2.182800054550171,2.185800075531006
2025-07-08 16:00:00-04:00,2.187299966812134,2.189199924468994,2.176300048828125,2.184299945831299
2025-07-08 20:00:00-04:00,2.184000015258789,2.188699960708618,2.182499885559082,2.187999963760376
2025-07-09 00:00:00-04:00,2.190000057220459,2.20169997215271,2.1854000091552734,2.19950008392334
2025-07-09 04:00:00-04:00,2.1998000144958496,2.2039999961853027,2.187299966812134,2.18969988822937
2025-07-09 08:00:00-04:00,2.1895999908447266,2.1963999271392822,2.172300100326538,2.1953999996185303
2025-07-09 12:00:00-04:00,2.1960999965667725,2.202500104904175,2.1844000816345215,2.1907999515533447
2025-07-09 16:00:00-04:00,2.1907999515533447,2.1940999031066895,2.186500072479248,2.1903998851776123
2025-07-09 20:00:00-04:00,2.189500093460083,2.1947999000549316,2.1874001026153564,2.1933000087738037
2025-07-10 00:00:00-04:00,2.193000078201294,2.200000047683716,2.1900999546051025,2.19350004196167
2025-07-10 04:00:00-04:00,2.1902999877929688,2.191800117492676,2.1659998893737793,2.1684000492095947
2025-07-10 08:00:00-04:00,2.16759991645813,2.174099922180176,2.1449999809265137,2.1470999717712402
2025-07-10 12:00:00-04:00,2.147599935531616,2.1603000164031982,2.1447999477386475,2.156100034713745
2025-07-10 16:00:00-04:00,2.1570000648498535,2.161799907684326,2.154599905014038,2.1563000679016113
2025-07-10 20:00:00-04:00,2.1565001010894775,2.1630001068115234,2.1522998809814453,2.1549999713897705
2025-07-11 00:00:00-04:00,2.1556999683380127,2.160799980163574,2.1461000442504883,2.147599935531616
2025-07-11 04:00:00-04:00,2.1489999294281006,2.1617000102996826,2.1368000507354736,2.161400079727173
2025-07-11 08:00:00-04:00,2.160900115966797,2.191499948501587,2.1579999923706055,2.1910998821258545
2025-07-11 12:00:00-04:00,2.190700054168701,2.1944000720977783,2.183199882507324,2.191499948501587
2025-07-11 16:00:00-04:00,2.1914000511169434,2.193700075149536,2.189300060272217,2.1926000118255615
2025-07-14 00:00:00-04:00,2.189500093460083,2.2042999267578125,2.185800075531006,2.2026000022888184
2025-07-14 04:00:00-04:00,2.2026000022888184,2.208899974822998,2.187700033187866,2.206700086593628
2025-07-14 08:00:00-04:00,2.206700086593628,2.212399959564209,2.157099962234497,2.1638998985290527
2025-07-14 12:00:00-04:00,2.163300037384033,2.1695001125335693,2.1612000465393066,2.165800094604492
2025-07-14 16:00:00-04:00,2.1659998893737793,2.1661999225616455,2.161600112915039,2.163599967956543
2025-07-14 20:00:00-04:00,2.163100004196167,2.1637001037597656,2.15310001373291,2.155400037765503
2025-07-15 00:00:00-04:00,2.1552000045776367,2.1621999740600586,2.1470000743865967,2.148400068283081
2025-07-15 04:00:00-04:00,2.148699998855591,2.175299882888794,2.1466000080108643,2.174999952316284
2025-07-15 08:00:00-04:00,2.17549991607666,2.189199924468994,2.171299934387207,2.18179988861084
2025-07-15 12:00:00-04:00,2.1819000244140625,2.183300018310547,2.164299964904785,2.1728999614715576
2025-07-15 16:00:00-04:00,2.1730000972747803,2.177299976348877,2.1702001094818115,2.177299976348877
2025-07-15 20:00:00-04:00,2.1767001152038574,2.1774001121520996,2.168100118637085,2.168600082397461
2025-07-16 00:00:00-04:00,2.168299913406372,2.174799919128418,2.1647000312805176,2.1647000312805176
2025-07-16 04:00:00-04:00,2.1647000312805176,2.1649999618530273,2.150099992752075,2.150099992752075
2025-07-16 08:00:00-04:00,2.150099992752075,2.1600000858306885,2.128700017929077,2.1340999603271484
2025-07-16 12:00:00-04:00,2.13319993019104,2.157099962234497,2.130000114440918,2.155100107192993
2025-07-16 16:00:00-04:00,2.1552000045776367,2.156599998474121,2.147200107574463,2.156599998474121
2025-07-16 20:00:00-04:00,2.1566998958587646,2.161400079727173,2.1540000438690186,2.1582000255584717
2025-07-17 00:00:00-04:00,2.1572000980377197,2.1572000980377197,2.14739990234375,2.1484999656677246
2025-07-17 04:00:00-04:00,2.1491000652313232,2.1572000980377197,2.1449999809265137,2.1519999504089355
2025-07-17 08:00:00-04:00,2.152100086212158,2.162600040435791,2.1433000564575195,2.1522998809814453
2025-07-17 12:00:00-04:00,2.152400016784668,2.173099994659424,2.151900053024292,2.1709001064300537
2025-07-17 16:00:00-04:00,2.1714000701904297,2.1786999702453613,2.1684999465942383,2.1684999465942383
2025-07-17 20:00:00-04:00,2.170099973678589,2.174999952316284,2.1689999103546143,2.169300079345703
2025-07-18 00:00:00-04:00,2.168800115585327,2.191699981689453,2.168800115585327,2.172499895095825
2025-07-18 04:00:00-04:00,2.172300100326538,2.1886000633239746,2.1684000492095947,2.1844000816345215
2025-07-18 08:00:00-04:00,2.184799909591675,2.192199945449829,2.1500000953674316,2.158400058746338
2025-07-18 12:00:00-04:00,2.157900094985962,2.1617000102996826,2.1470000743865967,2.148699998855591
2025-07-18 16:00:00-04:00,2.149899959564209,2.15339994430542,2.1459999084472656,2.15339994430542
2025-07-20 16:00:00-04:00,2.147599935531616,2.1498000621795654,2.1461000442504883,2.14739990234375
2025-07-20 20:00:00-04:00,2.1461000442504883,2.149399995803833,2.1417999267578125,2.143699884414673
2025-07-21 00:00:00-04:00,2.15339994430542,2.15339994430542,2.1384999752044678,2.1389999389648438
2025-07-21 04:00:00-04:00,2.139899969100952,2.144399881362915,2.1315999031066895,2.141200065612793
2025-07-21 08:00:00-04:00,2.1401000022888184,2.1477999687194824,2.11680006980896,2.12719988822937
2025-07-21 12:00:00-04:00,2.1270999908447266,2.137200117111206,2.1226000785827637,2.1229000091552734
2025-07-21 16:00:00-04:00,2.1231000423431396,2.1280999183654785,2.1226000785827637,2.1266000270843506
2025-07-21 20:00:00-04:00,2.1280999183654785,2.1282999515533447,2.109499931335449,2.109600067138672
2025-07-22 00:00:00-04:00,2.110599994659424,2.1245999336242676,2.1054999828338623,2.112499952316284
2025-07-22 04:00:00-04:00,2.112499952316284,2.1173999309539795,2.107599973678589,2.1085000038146973
2025-07-22 08:00:00-04:00,2.1084001064300537,2.1180999279022217,2.0945000648498535,2.103800058364868
2025-07-22 12:00:00-04:00,2.101300001144409,2.1071999073028564,2.0952000617980957,2.104599952697754
2025-07-22 16:00:00-04:00,2.1059999465942383,2.1085000038146973,2.1026999950408936,2.1085000038146973
2025-07-22 20:00:00-04:00,2.1073999404907227,2.1110000610351562,2.098099946975708,2.1001999378204346
2025-07-23 00:00:00-04:00,2.1031999588012695,2.106100082397461,2.094899892807007,2.101799964904785
2025-07-23 04:00:00-04:00,2.099100112915039,2.1029999256134033,2.0933001041412354,2.098299980163574
2025-07-23 08:00:00-04:00,2.097899913787842,2.117799997329712,2.0975000858306885,2.1175999641418457
2025-07-23 12:00:00-04:00,2.1187000274658203,2.125999927520752,2.1149001121520996,2.120699882507324
2025-07-23 16:00:00-04:00,2.119999885559082,2.1201999187469482,2.1166000366210938,2.119999885559082
2025-07-23 20:00:00-04:00,2.1201000213623047,2.120699882507324,2.1133999824523926,2.1147000789642334
2025-07-24 00:00:00-04:00,2.123300075531006,2.134700059890747,2.1166000366210938,2.1166999340057373
2025-07-24 04:00:00-04:00,2.117300033569336,2.135699987411499,2.1161000728607178,2.118299961090088
2025-07-24 08:00:00-04:00,2.118799924850464,2.122999906539917,2.0950000286102295,2.103800058364868
2025-07-24 12:00:00-04:00,2.104599952697754,2.1082000732421875,2.0822999477386475,2.1061999797821045
2025-07-24 16:00:00-04:00,2.105799913406372,2.1092000007629395,2.104099988937378,2.1092000007629395
2025-07-24 20:00:00-04:00,2.109800100326538,2.115299940109253,2.1082000732421875,2.1110000610351562
2025-07-25 00:00:00-04:00,2.1068999767303467,2.121000051498413,2.1068999767303467,2.11299991607666
2025-07-25 04:00:00-04:00,2.1131999492645264,2.117000102996826,2.108299970626831,2.1140999794006348
2025-07-25 08:00:00-04:00,2.1145999431610107,2.1180999279022217,2.085700035095215,2.0897998809814453
2025-07-25 12:00:00-04:00,2.091099977493286,2.1005001068115234,2.0887999534606934,2.0922000408172607
2025-07-25 16:00:00-04:00,2.0917000770568848,2.0969998836517334,2.087899923324585,2.0969998836517334
2025-07-27 20:00:00-04:00,2.101900100708008,2.105600118637085,2.1015000343322754,2.102400064468384
2025-07-28 00:00:00-04:00,2.1024999618530273,2.1101999282836914,2.1024999618530273,2.108099937438965
2025-07-28 04:00:00-04:00,2.105799913406372,2.127500057220459,2.105799913406372,2.125499963760376
2025-07-28 08:00:00-04:00,2.1263999938964844,2.1451001167297363,2.119999885559082,2.1303999423980713
2025-07-28 12:00:00-04:00,2.1312999725341797,2.148200035095215,2.1252999305725098,2.148200035095215
2025-07-28 16:00:00-04:00,2.148400068283081,2.1514999866485596,2.1445000171661377,2.1470000743865967
2025-07-28 20:00:00-04:00,2.1452999114990234,2.1452999114990234,2.1375999450683594,2.1375999450683594
2025-07-29 00:00:00-04:00,2.135499954223633,2.143399953842163,2.135499954223633,2.138000011444092
2025-07-29 04:00:00-04:00,2.1387999057769775,2.1540000438690186,2.1386001110076904,2.14490008354187
2025-07-29 08:00:00-04:00,2.144399881362915,2.1847000122070312,2.144399881362915,2.183300018310547
2025-07-29 12:00:00-04:00,2.1839001178741455,2.2291998863220215,2.1826999187469482,2.22189998626709
2025-07-29 16:00:00-04:00,2.2237000465393066,2.225100040435791,2.2172999382019043,2.2209999561309814
2025-07-29 20:00:00-04:00,2.2202999591827393,2.2274999618530273,2.219099998474121,2.2256999015808105
2025-07-30 00:00:00-04:00,2.2248001098632812,2.2274999618530273,2.218400001525879,2.2274999618530273
2025-07-30 04:00:00-04:00,2.2216999530792236,2.2216999530792236,2.1963000297546387,2.206899881362915
2025-07-30 08:00:00-04:00,2.20989990234375,2.244499921798706,2.2093000411987305,2.2428998947143555
2025-07-30 12:00:00-04:00,2.252500057220459,2.281100034713745,2.245500087738037,2.2790000438690186
2025-07-30 16:00:00-04:00,2.288800001144409,2.288800001144409,2.2808001041412354,2.2820000648498535
2025-07-30 20:00:00-04:00,2.276099920272827,2.276099920272827,2.276099920272827,2.276099920272827
2025-07-31 04:00:00-04:00,2.253999948501587,2.253999948501587,2.253999948501587,2.253999948501587
2025-07-31 08:00:00-04:00,2.25600004196167,2.25600004196167,2.2225000858306885,2.2225000858306885
2025-07-31 12:00:00-04:00,2.2293999195098877,2.2386999130249023,2.2112998962402344,2.2284998893737793
2025-08-01 00:00:00-04:00,2.161400079727173,2.1696999073028564,2.161400079727173,2.1689000129699707
2025-08-01 04:00:00-04:00,2.169100046157837,2.1726999282836914,2.141900062561035,2.1454999446868896
2025-08-01 08:00:00-04:00,2.1458001136779785,2.1630001068115234,2.1029999256134033,2.1078999042510986
2025-08-01 12:00:00-04:00,2.1080000400543213,2.1222000122070312,2.1043999195098877,2.1101999282836914
2025-08-01 16:00:00-04:00,2.1101999282836914,2.1129000186920166,2.1070001125335693,2.107599973678589
2025-08-03 16:00:00-04:00,2.1185998916625977,2.1185998916625977,2.0957999229431152,2.102299928665161
2025-08-03 20:00:00-04:00,2.1012001037597656,2.1119000911712646,2.099900007247925,2.111799955368042
2025-08-04 00:00:00-04:00,2.1117000579833984,2.1261000633239746,2.108099937438965,2.121999979019165
2025-08-04 04:00:00-04:00,2.1221001148223877,2.12280011177063,2.093100070953369,2.0952000617980957
2025-08-04 08:00:00-04:00,2.0947000980377197,2.120300054550171,2.0762999057769775,2.117300033569336
2025-08-04 12:00:00-04:00,2.117500066757202,2.1180999279022217,2.0945000648498535,2.0978000164031982
2025-08-04 16:00:00-04:00,2.0980000495910645,2.1019999980926514,2.097599983215332,2.101300001144409
2025-08-04 20:00:00-04:00,2.1017000675201416,2.1038999557495117,2.0952000617980957,2.0977001190185547
2025-08-05 00:00:00-04:00,2.0978000164031982,2.1054000854492188,2.091900110244751,2.097599983215332
2025-08-05 04:00:00-04:00,2.0982000827789307,2.1054000854492188,2.0876998901367188,2.0952999591827393
2025-08-05 08:00:00-04:00,2.095599889755249,2.106100082397461,2.0826001167297363,2.0996999740600586
2025-08-05 12:00:00-04:00,2.0992000102996826,2.1066999435424805,2.0887999534606934,2.0892999172210693
2025-08-05 16:00:00-04:00,2.0892999172210693,2.0910000801086426,2.084700107574463,2.089400053024292
2025-08-05 20:00:00-04:00,2.089400053024292,2.099900007247925,2.089200019836426,2.099900007247925
2025-08-06 00:00:00-04:00,2.100100040435791,2.1103999614715576,2.0966999530792236,2.105600118637085
2025-08-06 04:00:00-04:00,2.1057000160217285,2.123800039291382,2.1043999195098877,2.117799997329712
2025-08-06 08:00:00-04:00,2.1185998916625977,2.138400077819824,2.1040000915527344,2.1047000885009766
2025-08-06 12:00:00-04:00,2.104599952697754,2.1198999881744385,2.0722999572753906,2.0810999870300293
2025-08-06 16:00:00-04:00,2.080899953842163,2.089099884033203,2.0803000926971436,2.0864999294281006
2025-08-06 20:00:00-04:00,2.088099956512451,2.105299949645996,2.087399959564209,2.102799892425537
2025-08-07 00:00:00-04:00,2.102400064468384,2.107100009918213,2.0964999198913574,2.1054999828338623
2025-08-07 04:00:00-04:00,2.104300022125244,2.1159000396728516,2.0905001163482666,2.102400064468384
2025-08-07 08:00:00-04:00,2.102799892425537,2.1087000370025635,2.072999954223633,2.0813000202178955
2025-08-07 12:00:00-04:00,2.080699920654297,2.0922000408172607,2.0703001022338867,2.0713999271392822
2025-08-07 16:00:00-04:00,2.071199893951416,2.077500104904175,2.069999933242798,2.0720999240875244
2025-08-07 20:00:00-04:00,2.072200059890747,2.0768001079559326,2.0715999603271484,2.073899984359741
2025-08-08 00:00:00-04:00,2.0739998817443848,2.077500104904175,2.058799982070923,2.075200080871582
2025-08-08 04:00:00-04:00,2.075500011444092,2.0931999683380127,2.0731000900268555,2.085599899291992
2025-08-08 08:00:00-04:00,2.0857999324798584,2.0969998836517334,2.0492000579833984,2.094399929046631
2025-08-08 12:00:00-04:00,2.0950000286102295,2.1015000343322754,2.078000068664551,2.078900098800659
2025-08-08 16:00:00-04:00,2.078900098800659,2.0861001014709473,2.0690999031066895,2.0861001014709473
2025-08-10 16:00:00-04:00,2.0696001052856445,2.0861001014709473,2.065000057220459,2.0729000568389893
2025-08-10 20:00:00-04:00,2.071000099182129,2.078399896621704,2.0624001026153564,2.072700023651123
2025-08-11 00:00:00-04:00,2.0722999572753906,2.077399969100952,2.0587000846862793,2.059799909591675
2025-08-11 04:00:00-04:00,2.0585999488830566,2.097899913787842,2.0585999488830566,2.09660005569458
2025-08-11 08:00:00-04:00,2.096400022506714,2.0966999530792236,2.0648000240325928,2.073199987411499
2025-08-11 12:00:00-04:00,2.0732998847961426,2.0820000171661377,2.0713000297546387,2.0787999629974365
2025-08-11 16:00:00-04:00,2.078900098800659,2.083400011062622,2.076900005340576,2.08270001411438
2025-08-11 20:00:00-04:00,2.081700086593628,2.087599992752075,2.0796000957489014,2.0873000621795654
2025-08-12 00:00:00-04:00,2.086400032043457,2.091399908065796,2.079900026321411,2.0810999870300293
2025-08-12 04:00:00-04:00,2.0810999870300293,2.0927999019622803,2.06820011138916,2.070199966430664
2025-08-12 08:00:00-04:00,2.070199966430664,2.082900047302246,2.0648000240325928,2.0717999935150146
2025-08-12 12:00:00-04:00,2.0717999935150146,2.0764999389648438,2.0671000480651855,2.0724000930786133
2025-08-12 16:00:00-04:00,2.072700023651123,2.0732998847961426,2.066699981689453,2.0727999210357666
2025-08-12 20:00:00-04:00,2.071700096130371,2.0725998878479004,2.064500093460083,2.0713999271392822
2025-08-13 00:00:00-04:00,2.0725998878479004,2.0769999027252197,2.0638999938964844,2.066699981689453
2025-08-13 04:00:00-04:00,2.0673999786376953,2.071899890899658,2.056999921798706,2.071500062942505
2025-08-13 08:00:00-04:00,2.0713999271392822,2.0836000442504883,2.046999931335449,2.048099994659424
2025-08-13 12:00:00-04:00,2.049099922180176,2.074199914932251,2.047300100326538,2.0722999572753906
2025-08-13 16:00:00-04:00,2.072200059890747,2.0790998935699463,2.0710999965667725,2.077199935913086
2025-08-13 20:00:00-04:00,2.0778000354766846,2.086400032043457,2.077199935913086,2.0840001106262207
2025-08-14 00:00:00-04:00,2.085599899291992,2.0889999866485596,2.0804998874664307,2.080699920654297
2025-08-14 04:00:00-04:00,2.08240008354187,2.093899965286255,2.0778000354766846,2.0903000831604004
2025-08-14 08:00:00-04:00,2.0903000831604004,2.112600088119507,2.086699962615967,2.1068999767303467
2025-08-14 12:00:00-04:00,2.107100009918213,2.1117000579833984,2.0973000526428223,2.1098999977111816
2025-08-14 16:00:00-04:00,2.1096999645233154,2.111999988555908,2.1066999435424805,2.1078999042510986
2025-08-14 20:00:00-04:00,2.1082000732421875,2.11299991607666,2.1050000190734863,2.105799913406372
2025-08-15 00:00:00-04:00,2.1070001125335693,2.1084001064300537,2.09689998626709,2.098400115966797
2025-08-15 04:00:00-04:00,2.099299907684326,2.1013998985290527,2.0899999141693115,2.09879994392395
2025-08-15 08:00:00-04:00,2.09879994392395,2.0992000102996826,2.0771000385284424,2.0836000442504883
2025-08-15 12:00:00-04:00,2.0838000774383545,2.0859999656677246,2.0699000358581543,2.078900098800659
2025-08-15 16:00:00-04:00,2.078900098800659,2.08240008354187,2.072499990463257,2.072499990463257
2025-08-17 16:00:00-04:00,2.0710999965667725,2.078900098800659,2.063800096511841,2.0689001083374023
2025-08-17 20:00:00-04:00,2.0690999031066895,2.0771000385284424,2.0659000873565674,2.0771000385284424
2025-08-18 00:00:00-04:00,2.076200008392334,2.0850000381469727,2.06850004196167,2.0689001083374023
2025-08-18 04:00:00-04:00,2.0692999362945557,2.0834999084472656,2.0678999423980713,2.0804998874664307
2025-08-18 08:00:00-04:00,2.080399990081787,2.085900068283081,2.0562000274658203,2.0820000171661377
2025-08-18 12:00:00-04:00,2.0820999145507812,2.1019999980926514,2.0792999267578125,2.09689998626709
2025-08-18 16:00:00-04:00,2.0969998836517334,2.1015000343322754,2.0938000679016113,2.0994999408721924
2025-08-18 20:00:00-04:00,2.097399950027466,2.0985000133514404,2.0899999141693115,2.091099977493286
2025-08-19 00:00:00-04:00,2.0903000831604004,2.0927999019622803,2.0817999839782715,2.082200050354004
2025-08-19 04:00:00-04:00,2.0824999809265137,2.0869998931884766,2.073199987411499,2.0855000019073486
2025-08-19 08:00:00-04:00,2.0855000019073486,2.101099967956543,2.0810999870300293,2.0840001106262207
2025-08-19 12:00:00-04:00,2.084399938583374,2.093899965286255,2.0808000564575195,2.0896999835968018
2025-08-19 16:00:00-04:00,2.091099977493286,2.094099998474121,2.0905001163482666,2.093899965286255
2025-08-19 20:00:00-04:00,2.0931999683380127,2.093899965286255,2.085200071334839,2.0862998962402344
2025-08-20 00:00:00-04:00,2.0861001014709473,2.101300001144409,2.0852999687194824,2.1008999347686768
2025-08-20 04:00:00-04:00,2.1010000705718994,2.109999895095825,2.095599889755249,2.1038999557495117
2025-08-20 08:00:00-04:00,2.1061999797821045,2.128000020980835,2.095400094985962,2.127700090408325
2025-08-20 12:00:00-04:00,2.1277999877929688,2.1333000659942627,2.1212000846862793,2.130000114440918
2025-08-20 16:00:00-04:00,2.1305999755859375,2.1308999061584473,2.1259000301361084,2.1291000843048096
2025-08-20 20:00:00-04:00,2.1284000873565674,2.137500047683716,2.126499891281128,2.132499933242798
2025-08-21 00:00:00-04:00,2.1324000358581543,2.142400026321411,2.1317999362945557,2.132499933242798
2025-08-21 04:00:00-04:00,2.1333000659942627,2.148099899291992,2.1326000690460205,2.140199899673462
2025-08-21 08:00:00-04:00,2.140500068664551,2.1545000076293945,2.13070011138916,2.15120005607605
2025-08-21 12:00:00-04:00,2.1510000228881836,2.1614999771118164,2.1493000984191895,2.1593000888824463
2025-08-21 16:00:00-04:00,2.15910005569458,2.166599988937378,2.15910005569458,2.164599895477295
2025-08-21 20:00:00-04:00,2.1637001037597656,2.1661999225616455,2.1624999046325684,2.1628000736236572
2025-08-22 00:00:00-04:00,2.1624999046325684,2.1682000160217285,2.160799980163574,2.164299964904785
2025-08-22 04:00:00-04:00,2.160799980163574,2.163100004196167,2.151900053024292,2.1596999168395996
2025-08-22 08:00:00-04:00,2.1593000888824463,2.1735000610351562,2.1547999382019043,2.166599988937378
2025-08-22 12:00:00-04:00,2.167099952697754,2.1738998889923096,2.1570000648498535,2.1603000164031982
2025-08-22 16:00:00-04:00,2.1602001190185547,2.1614999771118164,2.1584999561309814,2.1584999561309814
2025-08-24 16:00:00-04:00,2.1579999923706055,2.1584999561309814,2.152400016784668,2.1526999473571777
2025-08-24 20:00:00-04:00,2.1514999866485596,2.1528000831604004,2.1447999477386475,2.1528000831604004
2025-08-25 00:00:00-04:00,2.15120005607605,2.1549999713897705,2.146899938583374,2.14739990234375
2025-08-25 04:00:00-04:00,2.149199962615967,2.1566998958587646,2.145400047302246,2.1542000770568848
2025-08-25 08:00:00-04:00,2.1542000770568848,2.1682000160217285,2.1491000652313232,2.164099931716919
2025-08-25 12:00:00-04:00,2.164599895477295,2.166100025177002,2.145699977874756,2.152600049972534
2025-08-25 16:00:00-04:00,2.152600049972534,2.1552999019622803,2.150700092315674,2.1522998809814453
2025-08-25 20:00:00-04:00,2.151900053024292,2.151900053024292,2.137399911880493,2.138400077819824
2025-08-26 00:00:00-04:00,2.13919997215271,2.139400005340576,2.130000114440918,2.130000114440918
2025-08-26 04:00:00-04:00,2.130000114440918,2.1338999271392822,2.117000102996826,2.126300096511841
2025-08-26 08:00:00-04:00,2.1247000694274902,2.138700008392334,2.107800006866455,2.1115000247955322
2025-08-26 12:00:00-04:00,2.111299991607666,2.133500099182129,2.103800058364868,2.133500099182129
2025-08-26 16:00:00-04:00,2.13319993019104,2.137700080871582,2.1331000328063965,2.137700080871582
2025-08-26 20:00:00-04:00,2.1380999088287354,2.1380999088287354,2.126199960708618,2.1275999546051025
2025-08-27 00:00:00-04:00,2.1294000148773193,2.132499933242798,2.125200033187866,2.128499984741211
2025-08-27 04:00:00-04:00,2.128200054168701,2.1354000568389893,2.118000030517578,2.1354000568389893
2025-08-27 08:00:00-04:00,2.134999990463257,2.1498000621795654,2.1310999393463135,2.1454999446868896
2025-08-27 12:00:00-04:00,2.145699977874756,2.153599977493286,2.138200044631958,2.1442999839782715
2025-08-27 16:00:00-04:00,2.141700029373169,2.146899938583374,2.1394999027252197,2.1394999027252197
2025-08-27 20:00:00-04:00,2.1394999027252197,2.1417999267578125,2.134500026702881,2.134500026702881
2025-08-28 00:00:00-04:00,2.1321001052856445,2.144200086593628,2.128499984741211,2.1414999961853027
2025-08-28 04:00:00-04:00,2.141200065612793,2.1475000381469727,2.137500047683716,2.142199993133545
2025-08-28 08:00:00-04:00,2.1417999267578125,2.146399974822998,2.118499994277954,2.135999917984009
2025-08-28 12:00:00-04:00,2.1373000144958496,2.2337000370025635,2.128000020980835,2.2223000526428223
2025-08-28 16:00:00-04:00,2.2200000286102295,2.233099937438965,2.219099998474121,2.2200000286102295
2025-08-29 04:00:00-04:00,2.228300094604492,2.24780011177063,2.226799964904785,2.2300000190734863
2025-08-29 08:00:00-04:00,2.226900100708008,2.297100067138672,2.190000057220459,2.202199935913086
2025-08-29 12:00:00-04:00,2.190000057220459,2.24780011177063,2.1370999813079834,2.1875998973846436
2025-09-02 00:00:00-04:00,1.9872000217437744,2.0144999027252197,1.9872000217437744,2.0139999389648438
2025-09-02 04:00:00-04:00,2.0148000717163086,2.0374999046325684,2.0148000717163086,2.0280001163482666
2025-09-02 08:00:00-04:00,2.0281999111175537,2.039900064468384,2.0023999214172363,2.030900001525879
2025-09-02 12:00:00-04:00,2.030900001525879,2.046600103378296,2.030400037765503,2.041800022125244
2025-09-02 16:00:00-04:00,2.041599988937378,2.044300079345703,2.0374999046325684,2.0429999828338623
2025-09-02 20:00:00-04:00,2.0436999797821045,2.0462000370025635,2.0371999740600586,2.037600040435791
2025-09-03 00:00:00-04:00,2.037400007247925,2.0394999980926514,2.028700113296509,2.030600070953369
2025-09-03 04:00:00-04:00,2.0308001041412354,2.0383999347686768,2.001800060272217,2.0028998851776123
2025-09-03 08:00:00-04:00,2.0028998851776123,2.0332999229431152,2.0002999305725098,2.0322000980377197
2025-09-03 12:00:00-04:00,2.0322999954223633,2.034899950027466,2.0041000843048096,2.007499933242798
2025-09-03 16:00:00-04:00,2.0072999000549316,2.0134999752044678,2.006200075149536,2.010200023651123
2025-09-03 20:00:00-04:00,2.0104000568389893,2.011899948120117,2.002700090408325,2.003200054168701
2025-09-04 00:00:00-04:00,2.0046000480651855,2.0060999393463135,1.9916000366210938,1.998900055885315
2025-09-04 04:00:00-04:00,1.9991999864578247,2.015000104904175,1.9991999864578247,2.011699914932251
2025-09-04 08:00:00-04:00,2.0114998817443848,2.0283000469207764,1.9967000484466553,2.0227999687194824
2025-09-04 12:00:00-04:00,2.022200107574463,2.0248000621795654,2.0016000270843506,2.003200054168701
2025-09-04 16:00:00-04:00,2.003499984741211,2.004499912261963,2.000999927520752,2.002700090408325
2025-09-04 20:00:00-04:00,2.0027999877929688,2.0044000148773193,1.996399998664856,2.002500057220459
2025-09-05 00:00:00-04:00,2.002500057220459,2.0064001083374023,1.997499942779541,2.0032999515533447
2025-09-05 04:00:00-04:00,2.0030999183654785,2.0071001052856445,1.9891999959945679,1.9947999715805054
2025-09-05 08:00:00-04:00,1.9946000576019287,1.996399998664856,1.9462000131607056,1.950700044631958
2025-09-05 12:00:00-04:00,1.9507999420166016,1.9706000089645386,1.9491000175476074,1.969099998474121
2025-09-05 16:00:00-04:00,1.9687999486923218,1.9708000421524048,1.9642000198364258,1.9642000198364258
2025-09-07 16:00:00-04:00,1.968000054359436,1.9754999876022339,1.9642000198364258,1.9710999727249146
2025-09-07 20:00:00-04:00,1.972100019454956,1.9818999767303467,1.968000054359436,1.9805999994277954
2025-09-08 00:00:00-04:00,1.981600046157837,1.9915000200271606,1.9789999723434448,1.9871000051498413
2025-09-08 04:00:00-04:00,1.9872000217437744,2.003000020980835,1.9847999811172485,1.999899983406067
2025-09-08 08:00:00-04:00,1.9997999668121338,2.0016000270843506,1.9573999643325806,1.958799958229065
2025-09-08 12:00:00-04:00,1.958799958229065,1.965000033378601,1.9526000022888184,1.9606000185012817
2025-09-08 16:00:00-04:00,1.960800051689148,1.9636000394821167,1.9606000185012817,1.961300015449524
2025-09-08 20:00:00-04:00,1.961300015449524,1.9665000438690186,1.9585000276565552,1.9652999639511108
2025-09-09 00:00:00-04:00,1.964900016784668,1.9811999797821045,1.964900016784668,1.9781999588012695
2025-09-09 04:00:00-04:00,1.9785000085830688,1.988700032234192,1.976199984550476,1.986299991607666
2025-09-09 08:00:00-04:00,1.9866000413894653,2.0100998878479004,1.9848999977111816,1.9921000003814697
2025-09-09 12:00:00-04:00,1.9921000003814697,1.9990999698638916,1.989400029182434,1.9922000169754028
2025-09-09 16:00:00-04:00,1.9918999671936035,2.0,1.9905999898910522,1.9988000392913818
2025-09-09 20:00:00-04:00,1.9993000030517578,2.0048000812530518,1.9974000453948975,2.0048000812530518
2025-09-10 00:00:00-04:00,2.004300117492676,2.009200096130371,1.9931999444961548,1.9937000274658203
2025-09-10 04:00:00-04:00,1.9941999912261963,2.0025999546051025,1.9878000020980835,1.993299961090088
2025-09-10 08:00:00-04:00,1.9937000274658203,2.016700029373169,1.989799976348877,2.014400005340576
2025-09-10 12:00:00-04:00,2.0143001079559326,2.0172998905181885,2.0058999061584473,2.009000062942505
2025-09-10 16:00:00-04:00,2.0088000297546387,2.009500026702881,2.0064001083374023,2.008500099182129
2025-09-10 20:00:00-04:00,2.0088000297546387,2.0095999240875244,2.0044000148773193,2.0060999393463135
2025-09-11 00:00:00-04:00,2.0048999786376953,2.0053000450134277,1.9977999925613403,2.001199960708618
2025-09-11 04:00:00-04:00,2.002000093460083,2.004300117492676,1.9801000356674194,1.9829000234603882
2025-09-11 08:00:00-04:00,1.982300043106079,1.9835000038146973,1.9615000486373901,1.9757000207901
2025-09-11 12:00:00-04:00,1.9759000539779663,1.9847999811172485,1.9682999849319458,1.9697999954223633
2025-09-11 16:00:00-04:00,1.9700000286102295,1.9733999967575073,1.9688999652862549,1.9693000316619873
2025-09-11 20:00:00-04:00,1.968500018119812,1.9687000513076782,1.9532999992370605,1.9572999477386475
2025-09-12 00:00:00-04:00,1.958400011062622,1.9686000347137451,1.955399990081787,1.9663000106811523
2025-09-12 04:00:00-04:00,1.967900037765503,2.0081000328063965,1.9677000045776367,2.0065999031066895
2025-09-12 08:00:00-04:00,2.0065999031066895,2.018399953842163,1.992400050163269,2.0030999183654785
2025-09-12 12:00:00-04:00,2.0034000873565674,2.007699966430664,1.9823999404907227,1.98580002784729
2025-09-12 16:00:00-04:00,1.9859999418258667,1.9891999959945679,1.9852999448776245,1.9853999614715576
2025-09-14 16:00:00-04:00,1.9950000047683716,1.9950000047683716,1.982300043106079,1.9903000593185425
2025-09-14 20:00:00-04:00,1.9908000230789185,1.9997999668121338,1.9908000230789185,1.9983999729156494
2025-09-15 00:00:00-04:00,1.998900055885315,2.002000093460083,1.992300033569336,1.9948999881744385
2025-09-15 04:00:00-04:00,1.9955999851226807,1.996899962425232,1.9879000186920166,1.992400050163269
2025-09-15 08:00:00-04:00,1.992900013923645,2.0209999084472656,1.9917000532150269,2.009399890899658
2025-09-15 12:00:00-04:00,2.0092999935150146,2.017699956893921,2.00570011138916,2.0129001140594482
2025-09-15 16:00:00-04:00,2.0125999450683594,2.0151000022888184,2.011699914932251,2.0143001079559326
2025-09-15 20:00:00-04:00,2.014400005340576,2.0183000564575195,2.0136001110076904,2.0160000324249268
2025-09-16 00:00:00-04:00,2.0155999660491943,2.0174999237060547,2.0028998851776123,2.006200075149536
2025-09-16 04:00:00-04:00,2.0060999393463135,2.027100086212158,2.0032999515533447,2.022900104522705
2025-09-16 08:00:00-04:00,2.023200035095215,2.041300058364868,2.017899990081787,2.040800094604492
2025-09-16 12:00:00-04:00,2.040800094604492,2.047499895095825,2.0367000102996826,2.04229998588562
2025-09-16 16:00:00-04:00,2.0420000553131104,2.049799919128418,2.0373001098632812,2.0453999042510986
2025-09-16 20:00:00-04:00,2.0448999404907227,2.0448999404907227,2.0401999950408936,2.0401999950408936
2025-09-17 00:00:00-04:00,2.0404000282287598,2.0429999828338623,2.0306999683380127,2.0318000316619873
2025-09-17 04:00:00-04:00,2.0322999954223633,2.036099910736084,2.026700019836426,2.0327999591827393
2025-09-17 08:00:00-04:00,2.033099889755249,2.0457000732421875,2.0283000469207764,2.0380001068115234
2025-09-17 12:00:00-04:00,2.037899971008301,2.0406999588012695,2.0188000202178955,2.023900032043457
2025-09-17 16:00:00-04:00,2.025599956512451,2.027100086212158,2.021699905395508,2.02620005607605
2025-09-17 20:00:00-04:00,2.0253000259399414,2.0253000259399414,2.013700008392334,2.0220999717712402
2025-09-18 00:00:00-04:00,2.021899938583374,2.021899938583374,2.007200002670288,2.0081000328063965
2025-09-18 04:00:00-04:00,2.009000062942505,2.025899887084961,2.0007998943328857,2.024899959564209
2025-09-18 08:00:00-04:00,2.0232999324798584,2.0302999019622803,2.003999948501587,2.012200117111206
2025-09-18 12:00:00-04:00,2.0120999813079834,2.0174999237060547,2.000999927520752,2.016900062561035
2025-09-18 16:00:00-04:00,2.0169999599456787,2.0176000595092773,2.0137999057769775,2.0139999389648438
2025-09-18 20:00:00-04:00,2.0137999057769775,2.0162999629974365,2.0090999603271484,2.0118000507354736
2025-09-19 00:00:00-04:00,2.010499954223633,2.0130999088287354,2.0,2.0
2025-09-19 04:00:00-04:00,1.998900055885315,2.0018999576568604,1.985200047492981,1.9914000034332275
2025-09-19 08:00:00-04:00,1.9909000396728516,1.997499942779541,1.9700000286102295,1.9764000177383423
2025-09-19 12:00:00-04:00,1.9758000373840332,1.9767999649047852,1.9687999486923218,1.9699000120162964
2025-09-19 16:00:00-04:00,1.9693000316619873,1.9707000255584717,1.968000054359436,1.9707000255584717
2025-09-21 16:00:00-04:00,1.9700000286102295,1.9766000509262085,1.9700000286102295,1.9763000011444092
2025-09-21 20:00:00-04:00,1.9757000207901,1.985700011253357,1.9749000072479248,1.985700011253357
2025-09-22 00:00:00-04:00,1.9847999811172485,1.9908000230789185,1.979699969291687,1.9797999858856201
2025-09-22 04:00:00-04:00,1.978700041770935,1.978700041770935,1.9535000324249268,1.954800009727478
2025-09-22 08:00:00-04:00,1.954300045967102,1.9779000282287598,1.948199987411499,1.9759000539779663
2025-09-22 12:00:00-04:00,1.9757000207901,1.9812999963760376,1.9704999923706055,1.978600025177002
2025-09-22 16:00:00-04:00,1.978700041770935,1.9804999828338623,1.9175000190734863,1.9179999828338623
2025-09-22 20:00:00-04:00,1.9179999828338623,1.9797999858856201,1.9084999561309814,1.9091999530792236
2025-09-23 00:00:00-04:00,1.9084999561309814,1.9769999980926514,1.9072999954223633,1.917799949645996
2025-09-23 04:00:00-04:00,1.9178999662399292,1.9961999654769897,1.9098999500274658,1.9333000183105469
2025-09-23 08:00:00-04:00,1.933899998664856,2.0083999633789062,1.9285000562667847,1.9407999515533447
2025-09-23 12:00:00-04:00,1.941100001335144,2.0095999240875244,1.9328999519348145,1.9478000402450562
2025-09-23 16:00:00-04:00,2.007499933242798,2.0102999210357666,1.9443000555038452,2.00819993019104
2025-09-23 20:00:00-04:00,1.94760000705719,2.0074000358581543,1.9424999952316284,1.9437999725341797
2025-09-24 00:00:00-04:00,1.9443000555038452,2.0118000507354736,1.9384000301361084,1.9488999843597412
2025-09-24 04:00:00-04:00,1.9491000175476074,2.0143001079559326,1.9348000288009644,1.9543999433517456
2025-09-24 08:00:00-04:00,1.954300045967102,2.021399974822998,1.9434000253677368,1.9560999870300293
2025-09-24 12:00:00-04:00,1.955899953842163,2.020699977874756,1.9520000219345093,1.9570000171661377
2025-09-24 16:00:00-04:00,1.9567999839782715,2.0146000385284424,1.9556000232696533,1.9563000202178955
2025-09-24 20:00:00-04:00,1.9566999673843384,2.0218000411987305,1.9559999704360962,1.9580999612808228
2025-09-25 00:00:00-04:00,1.957900047302246,2.019200086593628,1.9537999629974365,1.9580999612808228
2025-09-25 04:00:00-04:00,1.958899974822998,2.010999917984009,1.9430999755859375,1.952299952507019
2025-09-25 08:00:00-04:00,2.0046000480651855,2.0111000537872314,1.9327000379562378,1.9545999765396118
2025-09-25 12:00:00-04:00,1.9543999433517456,2.009999990463257,1.9470000267028809,1.960800051689148
2025-09-25 16:00:00-04:00,1.9606000185012817,2.009200096130371,1.9574999809265137,1.958799958229065
2025-09-25 20:00:00-04:00,1.9592000246047974,2.0065999031066895,1.954699993133545,1.9557000398635864
2025-09-26 00:00:00-04:00,1.9555000066757202,2.005500078201294,1.9538999795913696,1.9560999870300293
2025-09-26 04:00:00-04:00,1.9562000036239624,2.0111000537872314,1.9464999437332153,1.958799958229065
2025-09-26 08:00:00-04:00,1.9585000276565552,2.050600051879883,1.955899953842163,1.996999979019165
2025-09-26 12:00:00-04:00,1.996899962425232,2.043800115585327,1.9768999814987183,1.9805999994277954
2025-09-26 16:00:00-04:00,1.9809999465942383,2.031100034713745,1.9758000373840332,1.978700041770935
2025-09-28 16:00:00-04:00,1.9765000343322754,2.0315001010894775,1.9738999605178833,1.9809000492095947
2025-09-28 20:00:00-04:00,1.979599952697754,2.037600040435791,1.9788000583648682,1.985200047492981
2025-09-29 00:00:00-04:00,1.9845000505447388,2.039799928665161,1.9788000583648682,1.983199954032898
2025-09-29 04:00:00-04:00,1.9814000129699707,2.03410005569458,1.96589994430542,1.9703999757766724
2025-09-29 08:00:00-04:00,1.9701999425888062,2.027100086212158,1.9349000453948975,1.940500020980835
2025-09-29 12:00:00-04:00,1.9408999681472778,1.9970999956130981,1.9292999505996704,1.932800054550171
2025-09-29 16:00:00-04:00,1.932800054550171,1.986799955368042,1.9299999475479126,1.9315999746322632
2025-09-29 20:00:00-04:00,1.9313000440597534,1.9847999811172485,1.9247000217437744,1.9320000410079956
2025-09-30 00:00:00-04:00,1.9319000244140625,1.9673000574111938,1.919100046157837,1.919100046157837
2025-09-30 04:00:00-04:00,1.9193999767303467,1.9769999980926514,1.9041999578475952,1.9057999849319458
2025-09-30 08:00:00-04:00,1.905500054359436,1.9800000190734863,1.899999976158142,1.9290000200271606
2025-09-30 12:00:00-04:00,1.9286999702453613,1.9776999950408936,1.9205000400543213,1.926900029182434
2025-09-30 16:00:00-04:00,1.9270999431610107,1.9276000261306763,1.9154000282287598,1.9170000553131104
2025-09-30 20:00:00-04:00,1.9170000553131104,1.920300006866455,1.910599946975708,1.919600009918213
2025-10-01 00:00:00-04:00,1.9190000295639038,1.930400013923645,1.9169000387191772,1.9285999536514282
2025-10-01 04:00:00-04:00,1.9287999868392944,1.930899977684021,1.8976999521255493,1.905900001525879
2025-10-01 08:00:00-04:00,1.9056999683380127,1.906599998474121,1.8756999969482422,1.8834999799728394
2025-10-01 12:00:00-04:00,1.8833999633789062,1.8986999988555908,1.882599949836731,1.8913999795913696
2025-10-01 16:00:00-04:00,1.8914999961853027,1.8937000036239624,1.881700038909912,1.8880000114440918
2025-10-01 20:00:00-04:00,1.8874000310897827,1.9042999744415283,1.8868999481201172,1.8968000411987305
2025-10-02 00:00:00-04:00,1.8969000577926636,1.9004000425338745,1.8831000328063965,1.885599970817566
2025-10-02 04:00:00-04:00,1.885699987411499,1.8924000263214111,1.8710999488830566,1.875
2025-10-02 08:00:00-04:00,1.874500036239624,1.8924000263214111,1.8482999801635742,1.8552000522613525
2025-10-02 12:00:00-04:00,1.8551000356674194,1.856600046157837,1.843500018119812,1.8519999980926514
2025-10-02 16:00:00-04:00,1.8519999980926514,1.8547999858856201,1.8490999937057495,1.8504999876022339
2025-10-02 20:00:00-04:00,1.851099967956543,1.8562999963760376,1.8489999771118164,1.8543000221252441
2025-10-03 00:00:00-04:00,1.8539999723434448,1.8743000030517578,1.8539999723434448,1.8690999746322632
2025-10-03 04:00:00-04:00,1.8697999715805054,1.8818999528884888,1.8633999824523926,1.8672000169754028
2025-10-03 08:00:00-04:00,1.8671000003814697,1.867900013923645,1.8513000011444092,1.858199954032898
2025-10-03 12:00:00-04:00,1.858199954032898,1.8690999746322632,1.8553999662399292,1.8598999977111816
2025-10-03 16:00:00-04:00,1.8600000143051147,1.861199975013733,1.856600046157837,1.8604999780654907
2025-10-05 16:00:00-04:00,1.8773000240325928,1.8877999782562256,1.8604999780654907,1.8794000148773193
2025-10-05 20:00:00-04:00,1.881500005722046,1.8896000385284424,1.8802000284194946,1.8877999782562256
2025-10-06 00:00:00-04:00,1.8882999420166016,1.8973000049591064,1.8802000284194946,1.8830000162124634
2025-10-06 04:00:00-04:00,1.8830000162124634,1.8933000564575195,1.871399998664856,1.8761999607086182
2025-10-06 08:00:00-04:00,1.8760000467300415,1.906000018119812,1.875499963760376,1.899399995803833
2025-10-06 12:00:00-04:00,1.8992999792099,1.9061000347137451,1.893399953842163,1.9016000032424927
2025-10-06 16:00:00-04:00,1.9012999534606934,1.9035999774932861,1.8970999717712402,1.8990000486373901
2025-10-07 00:00:00-04:00,1.9012999534606934,1.902899980545044,1.8966000080108643,1.899999976158142
2025-10-07 04:00:00-04:00,1.9002000093460083,1.9068000316619873,1.8924000263214111,1.902400016784668
2025-10-07 08:00:00-04:00,1.9026999473571777,1.9035999774932861,1.8675999641418457,1.8941999673843384
2025-10-07 12:00:00-04:00,1.8945000171661377,1.906499981880188,1.886299967765808,1.9048999547958374
2025-10-07 16:00:00-04:00,1.9049999713897705,1.9105000495910645,1.9032000303268433,1.9093999862670898
2025-10-07 20:00:00-04:00,1.9092999696731567,1.913599967956543,1.908400058746338,1.912500023841858
2025-10-08 00:00:00-04:00,1.912500023841858,1.9174000024795532,1.910599946975708,1.9138000011444092
2025-10-08 04:00:00-04:00,1.9141000509262085,1.9210000038146973,1.9077999591827393,1.9199999570846558
2025-10-08 08:00:00-04:00,1.919800043106079,1.9221999645233154,1.8966000080108643,1.9163000583648682
2025-10-08 12:00:00-04:00,1.9157999753952026,1.917199969291687,1.9050999879837036,1.907099962234497
2025-10-08 16:00:00-04:00,1.907099962234497,1.9077999591827393,1.8976000547409058,1.9004000425338745
2025-10-08 20:00:00-04:00,1.9006999731063843,1.9026000499725342,1.892799973487854,1.9010000228881836
2025-10-09 00:00:00-04:00,1.9006999731063843,1.9183000326156616,1.9006999731063843,1.9157999753952026
2025-10-09 04:00:00-04:00,1.916100025177002,1.920799970626831,1.902999997138977,1.9063999652862549
2025-10-09 08:00:00-04:00,1.9063999652862549,1.9174000024795532,1.8949999809265137,1.895900011062622
2025-10-09 12:00:00-04:00,1.8960000276565552,1.8997999429702759,1.8752000331878662,1.878100037574768
2025-10-09 16:00:00-04:00,1.878100037574768,1.8803000450134277,1.8760000467300415,1.8791999816894531
2025-10-09 20:00:00-04:00,1.8794000148773193,1.8832000494003296,1.8759000301361084,1.8759000301361084
2025-10-10 00:00:00-04:00,1.875100016593933,1.878999948501587,1.8705999851226807,1.875100016593933
2025-10-10 04:00:00-04:00,1.875599980354309,1.882200002670288,1.8664000034332275,1.8708000183105469
2025-10-10 08:00:00-04:00,1.870300054550171,1.870300054550171,1.819200038909912,1.819599986076355
2025-10-10 12:00:00-04:00,1.819700002670288,1.8276000022888184,1.815000057220459,1.819000005722046
2025-10-10 16:00:00-04:00,1.819100022315979,1.8208999633789062,1.805299997329712,1.8203999996185303
2025-10-12 16:00:00-04:00,1.812399983406067,1.8411999940872192,1.812399983406067,1.8365999460220337
2025-10-12 20:00:00-04:00,1.8357000350952148,1.845900058746338,1.830399990081787,1.8393000364303589
2025-10-13 00:00:00-04:00,1.8394999504089355,1.8446999788284302,1.8372000455856323,1.8386000394821167
2025-10-13 04:00:00-04:00,1.8391000032424927,1.8486000299453735,1.8356000185012817,1.8422000408172607
2025-10-13 08:00:00-04:00,1.8422000408172607,1.8547999858856201,1.8288999795913696,1.8396999835968018
2025-10-13 12:00:00-04:00,1.839400053024292,1.850600004196167,1.8387999534606934,1.8492000102996826
2025-10-13 16:00:00-04:00,1.8489999771118164,1.851099967956543,1.8442000150680542,1.8504999876022339
2025-10-13 20:00:00-04:00,1.8502999544143677,1.8557000160217285,1.8494999408721924,1.853700041770935
2025-10-14 00:00:00-04:00,1.8535000085830688,1.854099988937378,1.8223999738693237,1.8286999464035034
2025-10-14 04:00:00-04:00,1.8291000127792358,1.8307000398635864,1.8095999956130981,1.8288999795913696
2025-10-14 08:00:00-04:00,1.829200029373169,1.8319000005722046,1.807800054550171,1.823699951171875
2025-10-14 12:00:00-04:00,1.823699951171875,1.833899974822998,1.8203999996185303,1.8236000537872314
2025-10-14 16:00:00-04:00,1.8238999843597412,1.8323999643325806,1.8238999843597412,1.8265000581741333
2025-10-14 20:00:00-04:00,1.8279000520706177,1.830899953842163,1.8220000267028809,1.825600028038025
2025-10-15 00:00:00-04:00,1.8251999616622925,1.8335000276565552,1.823799967765808,1.8307000398635864
2025-10-15 04:00:00-04:00,1.8306000232696533,1.8330999612808228,1.822700023651123,1.8313000202178955
2025-10-15 08:00:00-04:00,1.830899953842163,1.8443000316619873,1.8286999464035034,1.8317999839782715
2025-10-15 12:00:00-04:00,1.8316999673843384,1.8438999652862549,1.8274999856948853,1.8401999473571777
2025-10-15 16:00:00-04:00,1.8401999473571777,1.848099946975708,1.8367999792099,1.8387000560760498
2025-10-15 20:00:00-04:00,1.8391000032424927,1.8451000452041626,1.836300015449524,1.84089994430542
2025-10-16 00:00:00-04:00,1.84089994430542,1.8504999876022339,1.8356000185012817,1.8483999967575073
2025-10-16 04:00:00-04:00,1.8488999605178833,1.8490999937057495,1.8321000337600708,1.839900016784668
2025-10-16 08:00:00-04:00,1.8387999534606934,1.843500018119812,1.8213000297546387,1.8294999599456787
2025-10-16 12:00:00-04:00,1.8294999599456787,1.8365999460220337,1.8046000003814697,1.8176000118255615
2025-10-16 16:00:00-04:00,1.8173999786376953,1.8180999755859375,1.809499979019165,1.8100999593734741
2025-10-16 20:00:00-04:00,1.8099000453948975,1.8109999895095825,1.8011000156402588,1.8083000183105469
2025-10-17 00:00:00-04:00,1.809000015258789,1.8144999742507935,1.7999999523162842,1.8086999654769897
2025-10-17 04:00:00-04:00,1.808899998664856,1.8235000371932983,1.7926000356674194,1.822700023651123
2025-10-17 08:00:00-04:00,1.8222999572753906,1.8325999975204468,1.8193999528884888,1.830299973487854
2025-10-17 12:00:00-04:00,1.830199956893921,1.840499997138977,1.8248000144958496,1.833299994468689
2025-10-17 16:00:00-04:00,1.8329999446868896,1.836300015449524,1.8307000398635864,1.833299994468689
2025-10-19 16:00:00-04:00,1.8320000171661377,1.8386000394821167,1.8243999481201172,1.8255000114440918
2025-10-19 20:00:00-04:00,1.8259999752044678,1.8313000202178955,1.8238999843597412,1.830399990081787
2025-10-20 00:00:00-04:00,1.829200029373169,1.8312000036239624,1.8186999559402466,1.8193999528884888
2025-10-20 04:00:00-04:00,1.8202999830245972,1.832200050354004,1.8178000450134277,1.8252999782562256
2025-10-20 08:00:00-04:00,1.8255000114440918,1.8312000036239624,1.8072999715805054,1.8214999437332153
2025-10-20 12:00:00-04:00,1.8219000101089478,1.8321000337600708,1.8171000480651855,1.830299973487854
2025-10-20 16:00:00-04:00,1.8301000595092773,1.8314000368118286,1.8243999481201172,1.8272000551223755
2025-10-20 20:00:00-04:00,1.8270000219345093,1.8276000022888184,1.8177000284194946,1.82260000705719
2025-10-21 00:00:00-04:00,1.823199987411499,1.8300000429153442,1.8148000240325928,1.8178000450134277
2025-10-21 04:00:00-04:00,1.8170000314712524,1.839900016784668,1.8162000179290771,1.8335000276565552
2025-10-21 08:00:00-04:00,1.8335000276565552,1.840399980545044,1.7977999448776245,1.822700023651123
2025-10-21 12:00:00-04:00,1.823199987411499,1.8418999910354614,1.8149000406265259,1.8287999629974365
2025-10-21 16:00:00-04:00,1.8289999961853027,1.833799958229065,1.8272000551223755,1.8285000324249268
2025-10-21 20:00:00-04:00,1.8286000490188599,1.8481999635696411,1.8241000175476074,1.8428000211715698
2025-10-22 00:00:00-04:00,1.8416999578475952,1.8502999544143677,1.8402999639511108,1.8402999639511108
2025-10-22 04:00:00-04:00,1.8423999547958374,1.8538999557495117,1.8393000364303589,1.8530999422073364
2025-10-22 08:00:00-04:00,1.8539999723434448,1.8707000017166138,1.8507000207901,1.867300033569336
2025-10-22 12:00:00-04:00,1.8662999868392944,1.8937000036239624,1.8551000356674194,1.8848999738693237
2025-10-22 16:00:00-04:00,1.8837000131607056,1.8981000185012817,1.87090003490448,1.8935999870300293
2025-10-22 20:00:00-04:00,1.8941999673843384,1.9033000469207764,1.8875999450683594,1.895799994468689
2025-10-23 00:00:00-04:00,1.899999976158142,1.9139000177383423,1.8997999429702759,1.9043999910354614
2025-10-23 04:00:00-04:00,1.9042999744415283,1.9330999851226807,1.9042999744415283,1.9255000352859497
2025-10-23 08:00:00-04:00,1.9271999597549438,1.937000036239624,1.9143999814987183,1.9342000484466553
2025-10-23 12:00:00-04:00,1.9326000213623047,1.9390000104904175,1.9140000343322754,1.9228999614715576
2025-10-23 16:00:00-04:00,1.9228999614715576,1.9289000034332275,1.9220000505447388,1.9270000457763672
2025-10-23 20:00:00-04:00,1.926800012588501,1.9289000034332275,1.9198999404907227,1.9241000413894653
2025-10-24 00:00:00-04:00,1.9255000352859497,1.9354000091552734,1.9220000505447388,1.9332000017166138
2025-10-24 04:00:00-04:00,1.937000036239624,1.9391000270843506,1.9250999689102173,1.9391000270843506
2025-10-24 08:00:00-04:00,1.9392000436782837,1.944599986076355,1.9221999645233154,1.9437999725341797
2025-10-24 12:00:00-04:00,1.9431999921798706,1.9443999528884888,1.9179999828338623,1.919700026512146
2025-10-24 16:00:00-04:00,1.9185999631881714,1.922700047492981,1.9160000085830688,1.922700047492981
2025-10-26 16:00:00-04:00,1.9208999872207642,1.9350999593734741,1.9208999872207642,1.9311000108718872
2025-10-26 20:00:00-04:00,1.9290000200271606,1.9318000078201294,1.916599988937378,1.9175000190734863
2025-10-27 00:00:00-04:00,1.9234000444412231,1.9283000230789185,1.9110000133514404,1.9163000583648682
2025-10-27 04:00:00-04:00,1.9176000356674194,1.9213000535964966,1.8990000486373901,1.9194999933242798
2025-10-27 08:00:00-04:00,1.9183000326156616,1.9326000213623047,1.9146000146865845,1.9270999431610107
2025-10-27 12:00:00-04:00,1.926900029182434,1.9306000471115112,1.9149999618530273,1.9256000518798828
2025-10-27 16:00:00-04:00,1.9250999689102173,1.9305000305175781,1.9249999523162842,1.9250999689102173
2025-10-27 20:00:00-04:00,1.9239000082015991,1.924399971961975,1.9157999753952026,1.919600009918213
2025-10-28 00:00:00-04:00,1.9154000282287598,1.919100046157837,1.9072999954223633,1.909999966621399
2025-10-28 04:00:00-04:00,1.9069000482559204,1.9105000495910645,1.8970999717712402,1.9075000286102295
2025-10-28 08:00:00-04:00,1.9079999923706055,1.917099952697754,1.899899959564209,1.905900001525879
2025-10-28 12:00:00-04:00,1.9063999652862549,1.9271999597549438,1.9063999652862549,1.9174000024795532
2025-10-28 16:00:00-04:00,1.9164999723434448,1.937000036239624,1.9164999723434448,1.937000036239624
2025-10-28 20:00:00-04:00,1.9358999729156494,1.940999984741211,1.9296000003814697,1.9323999881744385
2025-10-29 00:00:00-04:00,1.9312000274658203,1.9407999515533447,1.9292999505996704,1.9393999576568604
2025-10-29 04:00:00-04:00,1.9358999729156494,1.9459999799728394,1.9239000082015991,1.9444999694824219
2025-10-29 08:00:00-04:00,1.9433000087738037,1.9769999980926514,1.9386999607086182,1.965999960899353
2025-10-29 12:00:00-04:00,1.9652999639511108,1.9759999513626099,1.9458999633789062,1.970900058746338
2025-10-29 16:00:00-04:00,1.9726999998092651,1.975100040435791,1.972499966621399,1.9737000465393066
2025-10-29 20:00:00-04:00,1.9759000539779663,1.9759000539779663,1.9605000019073486,1.9643000364303589
2025-10-30 00:00:00-04:00,1.967900037765503,1.968000054359436,1.8767999410629272,1.8782999515533447
2025-10-30 04:00:00-04:00,1.8788000345230103,1.9656000137329102,1.867300033569336,1.8697999715805054
2025-10-30 08:00:00-04:00,1.8700000047683716,1.9869999885559082,1.8595999479293823,1.8863999843597412
2025-10-30 12:00:00-04:00,1.8865000009536743,2.009399890899658,1.8794000148773193,1.8805999755859375
2025-10-30 16:00:00-04:00,1.8802000284194946,1.9960999488830566,1.8787000179290771,1.882099986076355
2025-10-30 20:00:00-04:00,1.882200002670288,1.9773999452590942,1.8765000104904175,1.8765000104904175
2025-10-31 00:00:00-04:00,1.8761999607086182,1.885200023651123,1.8746000528335571,1.8841999769210815
2025-10-31 04:00:00-04:00,1.8842999935150146,1.9914000034332275,1.8710999488830566,1.88100004196167
2025-10-31 08:00:00-04:00,1.8804999589920044,2.0064001083374023,1.878600001335144,1.8866000175476074
2025-10-31 12:00:00-04:00,1.8863999843597412,2.0,1.878000020980835,1.8967000246047974
2025-10-31 16:00:00-04:00,1.8966000080108643,1.898800015449524,1.8939000368118286,1.8986999988555908
2025-11-02 15:00:00-05:00,1.909999966621399,1.913100004196167,1.9083000421524048,1.9104000329971313
2025-11-02 19:00:00-05:00,1.9098000526428223,1.910599946975708,1.9007999897003174,1.9079999923706055
2025-11-02 23:00:00-05:00,1.9076999425888062,1.9081000089645386,1.9042999744415283,1.9045000076293945
2025-11-03 00:00:00-05:00,1.9052000045776367,1.9144999980926514,1.8934999704360962,1.8934999704360962
2025-11-03 04:00:00-05:00,1.8940999507904053,1.9000999927520752,1.8838000297546387,1.896399974822998
2025-11-03 08:00:00-05:00,1.8966000080108643,1.9246000051498413,1.8933000564575195,1.9213000535964966
2025-11-03 12:00:00-05:00,1.9211000204086304,1.9280999898910522,1.9042999744415283,1.9176000356674194
2025-11-03 16:00:00-05:00,1.9177000522613525,1.9186999797821045,1.9134000539779663,1.9140000343322754
2025-11-03 20:00:00-05:00,1.9144999980926514,1.9169000387191772,1.9113999605178833,1.9128999710083008
2025-11-04 00:00:00-05:00,1.912600040435791,1.913599967956543,1.8946000337600708,1.8970999717712402
2025-11-04 04:00:00-05:00,1.8971999883651733,1.9007999897003174,1.8898999691009521,1.8986999988555908
2025-11-04 08:00:00-05:00,1.8990000486373901,1.92739999294281,1.8901000022888184,1.9258999824523926
2025-11-04 12:00:00-05:00,1.9259999990463257,1.93149995803833,1.9175000190734863,1.9189000129699707
2025-11-04 16:00:00-05:00,1.9187999963760376,1.923200011253357,1.9147000312805176,1.916200041770935
2025-11-04 20:00:00-05:00,1.916200041770935,1.924399971961975,1.909000039100647,1.9222999811172485
2025-11-05 00:00:00-05:00,1.9217000007629395,1.926300048828125,1.8732999563217163,1.8752000331878662
2025-11-05 04:00:00-05:00,1.9179999828338623,1.9290000200271606,1.864799976348877,1.8664000034332275
2025-11-05 08:00:00-05:00,1.8671000003814697,1.9342000484466553,1.8605999946594238,1.909600019454956
2025-11-05 12:00:00-05:00,1.8645999431610107,1.9142999649047852,1.8559000492095947,1.90910005569458
2025-11-05 16:00:00-05:00,1.90910005569458,1.9148000478744507,1.8609999418258667,1.8645000457763672
2025-11-05 20:00:00-05:00,1.8652000427246094,1.9249000549316406,1.8628000020980835,1.8701000213623047
2025-11-06 00:00:00-05:00,1.9219000339508057,1.9423999786376953,1.8634999990463257,1.8873000144958496
2025-11-06 04:00:00-05:00,1.8875000476837158,1.9657000303268433,1.8842999935150146,1.8975000381469727
2025-11-06 08:00:00-05:00,1.8982000350952148,1.9610999822616577,1.8704999685287476,1.8777999877929688
2025-11-06 12:00:00-05:00,1.9385000467300415,1.9675999879837036,1.874500036239624,1.9609999656677246
2025-11-06 16:00:00-05:00,1.9609999656677246,1.962499976158142,1.8896000385284424,1.961400032043457
2025-11-06 20:00:00-05:00,1.9617999792099,1.976699948310852,1.8955999612808228,1.9703999757766724
2025-11-07 00:00:00-05:00,1.9703999757766724,1.9811999797821045,1.9005000591278076,1.9731999635696411
2025-11-07 04:00:00-05:00,1.9735000133514404,1.9886000156402588,1.9041999578475952,1.909999966621399
2025-11-07 08:00:00-05:00,1.9740999937057495,1.9752999544143677,1.8860000371932983,1.9529999494552612
2025-11-07 12:00:00-05:00,1.9530999660491943,1.9572999477386475,1.8788000345230103,1.9430999755859375
2025-11-07 16:00:00-05:00,1.9428000450134277,1.945099949836731,1.885599970817566,1.9402999877929688
2025-11-09 16:00:00-05:00,1.9404000043869019,1.951200008392334,1.8830000162124634,1.951200008392334
2025-11-09 20:00:00-05:00,1.8940000534057617,1.9609999656677246,1.8940000534057617,1.8995000123977661
2025-11-10 00:00:00-05:00,1.9572999477386475,1.9607000350952148,1.8911000490188599,1.8969000577926636
2025-11-10 04:00:00-05:00,1.8971999883651733,1.9696999788284302,1.8947999477386475,1.8964999914169312
2025-11-10 08:00:00-05:00,1.8969999551773071,1.9556000232696533,1.8854999542236328,1.9443999528884888
2025-11-10 12:00:00-05:00,1.944599986076355,1.9785000085830688,1.8905999660491943,1.969099998474121
2025-11-10 16:00:00-05:00,1.9687999486923218,1.9692000150680542,1.899399995803833,1.9605000019073486
2025-11-10 20:00:00-05:00,1.9602999687194824,1.964400053024292,1.8983999490737915,1.9593000411987305
2025-11-11 00:00:00-05:00,1.9598000049591064,1.9636000394821167,1.8939000368118286,1.9050999879837036
2025-11-11 04:00:00-05:00,1.906000018119812,1.9838000535964966,1.905500054359436,1.9227999448776245
2025-11-11 08:00:00-05:00,1.9220999479293823,2.018199920654297,1.9210000038146973,1.9456000328063965
2025-11-11 12:00:00-05:00,1.9457999467849731,2.017699956893921,1.944000005722046,1.9462000131607056
2025-11-11 16:00:00-05:00,2.0114998817443848,2.0148000717163086,1.9453999996185303,2.011199951171875
2025-11-11 20:00:00-05:00,2.011399984359741,2.0136001110076904,1.9422999620437622,2.0078001022338867
2025-11-12 00:00:00-05:00,2.0083000659942627,2.0083000659942627,1.9337999820709229,1.934399962425232
2025-11-12 04:00:00-05:00,1.934999942779541,2.0130999088287354,1.9328999519348145,2.0062999725341797
2025-11-12 08:00:00-05:00,2.006700038909912,2.010999917984009,1.8934999704360962,1.8969000577926636
2025-11-12 12:00:00-05:00,1.8970999717712402,1.9673999547958374,1.8841999769210815,1.9570000171661377
2025-11-12 16:00:00-05:00,1.9571000337600708,1.9572999477386475,1.881100058555603,1.882699966430664
2025-11-12 20:00:00-05:00,1.9508999586105347,1.9529000520706177,1.875599980354309,1.8830000162124634
2025-11-13 00:00:00-05:00,1.882200002670288,1.9574999809265137,1.8775999546051025,1.882200002670288
2025-11-13 04:00:00-05:00,1.948799967765808,1.9637999534606934,1.8792999982833862,1.9592000246047974
2025-11-13 08:00:00-05:00,1.8932000398635864,1.982100009918213,1.8913999795913696,1.909500002861023
2025-11-13 12:00:00-05:00,1.9808000326156616,1.982699990272522,1.8866000175476074,1.888800024986267
2025-11-13 16:00:00-05:00,1.8884999752044678,1.9771000146865845,1.8868000507354736,1.906000018119812
2025-11-13 20:00:00-05:00,1.9722000360488892,1.9990999698638916,1.9012999534606934,1.9778000116348267
2025-11-14 00:00:00-05:00,1.9781999588012695,1.9825999736785889,1.9004000425338745,1.9722000360488892
2025-11-14 04:00:00-05:00,1.9737000465393066,1.9950000047683716,1.9007999897003174,1.9042999744415283
2025-11-14 08:00:00-05:00,1.9745999574661255,2.015500068664551,1.9012000560760498,1.9357000589370728
2025-11-14 12:00:00-05:00,1.9355000257492065,2.021399974822998,1.9270000457763672,1.9285000562667847
2025-11-14 16:00:00-05:00,1.9287999868392944,2.0116000175476074,1.9240000247955322,1.9332000017166138
2025-11-16 16:00:00-05:00,1.9988000392913818,1.9988000392913818,1.9101999998092651,1.9158999919891357
2025-11-16 20:00:00-05:00,1.9158999919891357,1.995300054550171,1.9098000526428223,1.9098000526428223
2025-11-17 00:00:00-05:00,1.909999966621399,1.9979000091552734,1.9069000482559204,1.909600019454956
2025-11-17 04:00:00-05:00,1.9105000495910645,2.0044000148773193,1.9071999788284302,2.003999948501587
2025-11-17 08:00:00-05:00,1.9240000247955322,2.0139999389648438,1.916200041770935,1.9179999828338623
2025-11-17 12:00:00-05:00,1.9957000017166138,1.9961999654769897,1.9077999591827393,1.9083000421524048
2025-11-17 16:00:00-05:00,1.9083000421524048,1.9853999614715576,1.9047000408172607,1.9047000408172607
2025-11-17 20:00:00-05:00,1.9047000408172607,1.9800000190734863,1.8981000185012817,1.9003000259399414
2025-11-18 00:00:00-05:00,1.8997999429702759,1.9771000146865845,1.892899990081787,1.899399995803833
2025-11-18 04:00:00-05:00,1.898800015449524,1.9874999523162842,1.8941999673843384,1.9086999893188477
2025-11-18 08:00:00-05:00,1.9081000089645386,1.9907000064849854,1.8823000192642212,1.9009000062942505
2025-11-18 12:00:00-05:00,1.9003000259399414,2.0051000118255615,1.898300051689148,1.9228999614715576
2025-11-18 16:00:00-05:00,1.9220000505447388,2.000699996948242,1.9091999530792236,1.9110000133514404
2025-11-18 20:00:00-05:00,1.986899971961975,1.9874000549316406,1.904099941253662,1.9814000129699707
2025-11-19 00:00:00-05:00,1.982300043106079,1.9842000007629395,1.8976999521255493,1.9007999897003174
2025-11-19 04:00:00-05:00,1.9009000062942505,1.9836000204086304,1.8698999881744385,1.8733999729156494
2025-11-19 08:00:00-05:00,1.8730000257492065,1.9536999464035034,1.855299949645996,1.8557000160217285
2025-11-19 12:00:00-05:00,1.8557000160217285,1.9368000030517578,1.851699948310852,1.8640999794006348
2025-11-19 16:00:00-05:00,1.8638999462127686,1.9407000541687012,1.8614000082015991,1.8660999536514282
2025-11-19 20:00:00-05:00,1.9378000497817993,1.9419000148773193,1.8638999462127686,1.8680000305175781
2025-11-20 00:00:00-05:00,1.8675999641418457,1.9394999742507935,1.8590999841690063,1.8604999780654907
2025-11-20 04:00:00-05:00,1.8604999780654907,1.9387999773025513,1.8569999933242798,1.8633999824523926
2025-11-20 08:00:00-05:00,1.8636000156402588,1.9498000144958496,1.832200050354004,1.832900047302246
2025-11-20 12:00:00-05:00,1.8330999612808228,1.9247000217437744,1.8265000581741333,1.8381999731063843
2025-11-20 16:00:00-05:00,1.8382999897003174,1.9148000478744507,1.832800030708313,1.836400032043457
2025-11-20 20:00:00-05:00,1.8367999792099,1.910099983215332,1.8250000476837158,1.8259999752044678
2025-11-21 00:00:00-05:00,1.8269000053405762,1.9056999683380127,1.812399983406067,1.902899980545044
2025-11-21 04:00:00-05:00,1.902899980545044,1.9132000207901,1.8079999685287476,1.8372999429702759
2025-11-21 08:00:00-05:00,1.836300015449524,1.9138000011444092,1.7984000444412231,1.8100999593734741
2025-11-21 12:00:00-05:00,1.8106000423431396,1.8858000040054321,1.8040000200271606,1.8072999715805054
2025-11-21 16:00:00-05:00,1.8072999715805054,1.8811999559402466,1.8014999628067017,1.8078999519348145
2025-11-23 16:00:00-05:00,1.8062000274658203,1.8767000436782837,1.80239999294281,1.8077000379562378
2025-11-23 20:00:00-05:00,1.8769999742507935,1.8873000144958496,1.8080999851226807,1.817199945449829
2025-11-24 00:00:00-05:00,1.8170000314712524,1.888200044631958,1.812000036239624,1.8144999742507935
2025-11-24 04:00:00-05:00,1.8147000074386597,1.8875000476837158,1.809000015258789,1.8245999813079834
2025-11-24 08:00:00-05:00,1.8874000310897827,1.8912999629974365,1.7934999465942383,1.8187999725341797
2025-11-24 12:00:00-05:00,1.8179999589920044,1.902400016784668,1.8152999877929688,1.8300000429153442
2025-11-24 16:00:00-05:00,1.8300000429153442,1.9005999565124512,1.8259999752044678,1.8271000385284424
2025-11-24 20:00:00-05:00,1.8270000219345093,1.8956999778747559,1.8178999423980713,1.8206000328063965
2025-11-25 00:00:00-05:00,1.8205000162124634,1.8911000490188599,1.8140000104904175,1.8148000240325928
2025-11-25 04:00:00-05:00,1.8144999742507935,1.8947999477386475,1.7910000085830688,1.7963000535964966
2025-11-25 08:00:00-05:00,1.7965999841690063,1.8776999711990356,1.7796000242233276,1.7918000221252441
2025-11-25 12:00:00-05:00,1.7918000221252441,1.8600000143051147,1.791700005531311,1.801900029182434
2025-11-25 16:00:00-05:00,1.8016999959945679,1.857699990272522,1.8003000020980835,1.8042000532150269
2025-11-25 20:00:00-05:00,1.8044999837875366,1.8729000091552734,1.8033000230789185,1.8080999851226807
2025-11-26 00:00:00-05:00,1.8087999820709229,1.8697999715805054,1.7971999645233154,1.8098000288009644
2025-11-26 04:00:00-05:00,1.8095999956130981,1.8766000270843506,1.8033000230789185,1.806399941444397
2025-11-26 08:00:00-05:00,1.8065999746322632,1.8904000520706177,1.80649995803833,1.8276000022888184
2025-11-26 12:00:00-05:00,1.8277000188827515,1.9035999774932861,1.8152999877929688,1.8277000188827515
2025-11-26 16:00:00-05:00,1.8276000022888184,1.8833999633789062,1.8209999799728394,1.8251999616622925
2025-11-26 20:00:00-05:00,1.8250999450683594,1.8880000114440918,1.819700002670288,1.8216999769210815
2025-11-28 09:30:00-05:00,1.8479000329971313,1.9316999912261963,1.8479000329971313,1.8575999736785889
2025-11-30 16:00:00-05:00,1.8407000303268433,1.8437000513076782,1.8349000215530396,1.8375999927520752
2025-11-30 20:00:00-05:00,1.8372000455856323,1.8526999950408936,1.8351000547409058,1.8523999452590942
2025-12-01 00:00:00-05:00,1.8518999814987183,1.864300012588501,1.8513000011444092,1.8609999418258667
2025-12-01 04:00:00-05:00,1.8614000082015991,1.8669999837875366,1.8452999591827393,1.8472000360488892
2025-12-01 08:00:00-05:00,1.8473000526428223,1.8688000440597534,1.8381999731063843,1.864400029182434
2025-12-01 12:00:00-05:00,1.8645000457763672,1.8747999668121338,1.8639999628067017,1.8708000183105469
2025-12-01 16:00:00-05:00,1.8703999519348145,1.875499963760376,1.8700000047683716,1.871399998664856
2025-12-01 20:00:00-05:00,1.8701000213623047,1.8717999458312988,1.8652000427246094,1.8664000034332275
2025-12-02 00:00:00-05:00,1.8660000562667847,1.8702000379562378,1.8633999824523926,1.864300012588501
2025-12-02 04:00:00-05:00,1.8645000457763672,1.8671000003814697,1.853700041770935,1.855299949645996
2025-12-02 08:00:00-05:00,1.8547999858856201,1.8583999872207642,1.8315000534057617,1.8389999866485596
2025-12-02 12:00:00-05:00,1.8393000364303589,1.8459999561309814,1.8271000385284424,1.8294999599456787
2025-12-02 16:00:00-05:00,1.8294999599456787,1.8331999778747559,1.826300024986267,1.8288999795913696
2025-12-02 20:00:00-05:00,1.8277000188827515,1.8316999673843384,1.822100043296814,1.8305000066757202
2025-12-03 00:00:00-05:00,1.8310999870300293,1.8422000408172607,1.830399990081787,1.8407000303268433
2025-12-03 04:00:00-05:00,1.8410999774932861,1.8523999452590942,1.8402999639511108,1.8487000465393066
2025-12-03 08:00:00-05:00,1.8488999605178833,1.8488999605178833,1.8258999586105347,1.8285000324249268
2025-12-03 12:00:00-05:00,1.8282999992370605,1.8423999547958374,1.8238999843597412,1.8278000354766846
2025-12-03 16:00:00-05:00,1.8274999856948853,1.8294999599456787,1.8244999647140503,1.8259999752044678
2025-12-03 20:00:00-05:00,1.8255000114440918,1.8320000171661377,1.8252999782562256,1.8314000368118286
2025-12-04 00:00:00-05:00,1.8315999507904053,1.836400032043457,1.8270000219345093,1.8330999612808228
2025-12-04 04:00:00-05:00,1.8330999612808228,1.8353999853134155,1.8259999752044678,1.8322999477386475
2025-12-04 08:00:00-05:00,1.8314000368118286,1.8401000499725342,1.8138999938964844,1.8322999477386475
2025-12-04 12:00:00-05:00,1.8321000337600708,1.8344000577926636,1.8255000114440918,1.830299973487854
2025-12-04 16:00:00-05:00,1.8305000066757202,1.8336999416351318,1.8294999599456787,1.8313000202178955
2025-12-04 20:00:00-05:00,1.8293999433517456,1.832200050354004,1.8246999979019165,1.8251999616622925
2025-12-05 00:00:00-05:00,1.8251999616622925,1.8359999656677246,1.8251999616622925,1.8310999870300293
2025-12-05 04:00:00-05:00,1.8309999704360962,1.833799958229065,1.823799967765808,1.8253999948501587
2025-12-05 08:00:00-05:00,1.8249000310897827,1.8515000343322754,1.8214000463485718,1.833400011062622
2025-12-05 12:00:00-05:00,1.8331999778747559,1.8468999862670898,1.8316999673843384,1.8343000411987305
2025-12-05 16:00:00-05:00,1.8339999914169312,1.8380999565124512,1.8339999914169312,1.8359999656677246
2025-12-07 16:00:00-05:00,1.8378000259399414,1.8423000574111938,1.8351000547409058,1.8351000547409058
2025-12-07 20:00:00-05:00,1.8351000547409058,1.8431999683380127,1.8331999778747559,1.840399980545044
2025-12-08 00:00:00-05:00,1.8393000364303589,1.847100019454956,1.830899953842163,1.8313000202178955
2025-12-08 04:00:00-05:00,1.8336999416351318,1.8344999551773071,1.809999942779541,1.8113000392913818
2025-12-08 08:00:00-05:00,1.8115999698638916,1.823799967765808,1.801900029182434,1.8101999759674072
2025-12-08 12:00:00-05:00,1.8100999593734741,1.8100999593734741,1.7933000326156616,1.7960000038146973
2025-12-08 16:00:00-05:00,1.7962000370025635,1.797700047492981,1.7933000326156616,1.7955000400543213
2025-12-08 20:00:00-05:00,1.7955000400543213,1.7960000038146973,1.7914999723434448,1.7932000160217285
2025-12-09 00:00:00-05:00,1.7929999828338623,1.80239999294281,1.7907999753952026,1.7954000234603882
2025-12-09 04:00:00-05:00,1.7950999736785889,1.8116999864578247,1.7937999963760376,1.8033000230789185
2025-12-09 08:00:00-05:00,1.8029999732971191,1.804800033569336,1.7853000164031982,1.7913999557495117
2025-12-09 12:00:00-05:00,1.791700005531311,1.795300006866455,1.788100004196167,1.7937999963760376
2025-12-09 16:00:00-05:00,1.7939000129699707,1.7963999509811401,1.7901999950408936,1.7927000522613525
2025-12-09 20:00:00-05:00,1.7918000221252441,1.792799949645996,1.7884000539779663,1.7903000116348267
2025-12-10 00:00:00-05:00,1.7903000116348267,1.7949999570846558,1.784999966621399,1.7894999980926514
2025-12-10 04:00:00-05:00,1.7889000177383423,1.8034000396728516,1.7863999605178833,1.7969000339508057
2025-12-10 08:00:00-05:00,1.7963999509811401,1.7963999509811401,1.763800024986267,1.7789000272750854
2025-12-10 12:00:00-05:00,1.7826999425888062,1.7985999584197998,1.7740000486373901,1.7905999422073364
2025-12-10 16:00:00-05:00,1.7905999422073364,1.801900029182434,1.7884999513626099,1.7899999618530273
2025-12-10 20:00:00-05:00,1.7933000326156616,1.795199990272522,1.7799999713897705,1.780400037765503
2025-12-11 00:00:00-05:00,1.7802000045776367,1.7856999635696411,1.7684999704360962,1.7761000394821167
2025-12-11 04:00:00-05:00,1.771299958229065,1.7776000499725342,1.7634999752044678,1.7724000215530396
2025-12-11 08:00:00-05:00,1.7725000381469727,1.7755000591278076,1.7452000379562378,1.7515000104904175
2025-12-11 12:00:00-05:00,1.7513999938964844,1.7699999809265137,1.7513999938964844,1.7651000022888184
2025-12-11 16:00:00-05:00,1.7653000354766846,1.7741999626159668,1.7649999856948853,1.7711999416351318
2025-12-11 20:00:00-05:00,1.771399974822998,1.7796000242233276,1.7663999795913696,1.7719999551773071
2025-12-12 00:00:00-05:00,1.7719999551773071,1.7800999879837036,1.7685999870300293,1.7800999879837036
2025-12-12 04:00:00-05:00,1.7756999731063843,1.780500054359436,1.7527999877929688,1.757699966430664
2025-12-12 08:00:00-05:00,1.7577999830245972,1.7645000219345093,1.7445000410079956,1.7640000581741333
2025-12-12 12:00:00-05:00,1.7640999555587769,1.7659000158309937,1.75,1.753600001335144
2025-12-12 16:00:00-05:00,1.7538000345230103,1.7587000131607056,1.7524000406265259,1.7533999681472778
2025-12-14 16:00:00-05:00,1.7522000074386597,1.7633999586105347,1.7522000074386597,1.7628999948501587
2025-12-14 20:00:00-05:00,1.7577999830245972,1.7669999599456787,1.757099986076355,1.7653000354766846
2025-12-15 00:00:00-05:00,1.7651000022888184,1.7664999961853027,1.7547999620437622,1.757200002670288
2025-12-15 04:00:00-05:00,1.7615000009536743,1.7627999782562256,1.742300033569336,1.745300054550171
2025-12-15 08:00:00-05:00,1.7457000017166138,1.7551000118255615,1.7247999906539917,1.7331000566482544
2025-12-15 12:00:00-05:00,1.7329000234603882,1.7382999658584595,1.722100019454956,1.7280999422073364
2025-12-15 16:00:00-05:00,1.7281999588012695,1.7336000204086304,1.7252999544143677,1.7264000177383423
2025-12-15 20:00:00-05:00,1.726099967956543,1.7314000129699707,1.7210999727249146,1.7246999740600586
2025-12-16 00:00:00-05:00,1.7238999605178833,1.7317999601364136,1.7143000364303589,1.722100019454956
2025-12-16 04:00:00-05:00,1.7173999547958374,1.722599983215332,1.707900047302246,1.7137999534606934
2025-12-16 08:00:00-05:00,1.7134000062942505,1.7151999473571777,1.6794999837875366,1.6908999681472778
2025-12-16 12:00:00-05:00,1.6864999532699585,1.6934000253677368,1.679900050163269,1.6811000108718872
2025-12-16 16:00:00-05:00,1.6811000108718872,1.6953999996185303,1.679800033569336,1.6877000331878662
2025-12-16 20:00:00-05:00,1.688099980354309,1.6996999979019165,1.6827000379562378,1.6993000507354736
2025-12-17 00:00:00-05:00,1.6992000341415405,1.7077000141143799,1.6928999423980713,1.7057000398635864
2025-12-17 04:00:00-05:00,1.700600028038025,1.7146999835968018,1.6964999437332153,1.6972999572753906
2025-12-17 08:00:00-05:00,1.6971999406814575,1.711400032043457,1.6892999410629272,1.7032999992370605
2025-12-17 12:00:00-05:00,1.7032999992370605,1.7146999835968018,1.69350004196167,1.7128000259399414
2025-12-17 16:00:00-05:00,1.7129000425338745,1.7218999862670898,1.7129000425338745,1.7177000045776367
2025-12-17 20:00:00-05:00,1.7172000408172607,1.7197999954223633,1.6988999843597412,1.705899953842163
2025-12-18 00:00:00-05:00,1.7055000066757202,1.712499976158142,1.7055000066757202,1.7071000337600708
2025-12-18 04:00:00-05:00,1.7062000036239624,1.7093000411987305,1.6965999603271484,1.701799988746643
2025-12-18 08:00:00-05:00,1.7019000053405762,1.7192000150680542,1.7019000053405762,1.7129000425338745
2025-12-18 12:00:00-05:00,1.7130000591278076,1.7173999547958374,1.70169997215271,1.7036000490188599
2025-12-18 16:00:00-05:00,1.7036000490188599,1.7057000398635864,1.700700044631958,1.7020000219345093
2025-12-18 20:00:00-05:00,1.7023999691009521,1.7059999704360962,1.6994999647140503,1.7039999961853027
2025-12-19 00:00:00-05:00,1.7036999464035034,1.7089999914169312,1.6999000310897827,1.7049000263214111
2025-12-19 04:00:00-05:00,1.7056000232696533,1.718999981880188,1.7010999917984009,1.7175999879837036
2025-12-19 08:00:00-05:00,1.7173000574111938,1.7249000072479248,1.7027000188827515,1.7130000591278076
2025-12-19 12:00:00-05:00,1.7131999731063843,1.7211999893188477,1.7100000381469727,1.7175999879837036
2025-12-19 16:00:00-05:00,1.7175999879837036,1.718999981880188,1.714400053024292,1.714400053024292
2025-12-21 16:00:00-05:00,1.7226999998092651,1.7249000072479248,1.7199000120162964,1.7246999740600586
2025-12-21 20:00:00-05:00,1.7245999574661255,1.7309999465942383,1.7235000133514404,1.7299000024795532
2025-12-22 00:00:00-05:00,1.729099988937378,1.7367000579833984,1.7273000478744507,1.7314000129699707
2025-12-22 04:00:00-05:00,1.7317999601364136,1.7479000091552734,1.7268999814987183,1.7444000244140625
2025-12-22 08:00:00-05:00,1.7446000576019287,1.7541999816894531,1.738700032234192,1.74399995803833
2025-12-22 12:00:00-05:00,1.74399995803833,1.753600001335144,1.7437000274658203,1.749400019645691
2025-12-22 16:00:00-05:00,1.749500036239624,1.7497999668121338,1.746500015258789,1.7479000091552734
2025-12-22 20:00:00-05:00,1.7476999759674072,1.7502000331878662,1.7470999956130981,1.7474000453948975
2025-12-23 00:00:00-05:00,1.746899962425232,1.7508000135421753,1.7436000108718872,1.7461999654769897
2025-12-23 04:00:00-05:00,1.746500015258789,1.7549999952316284,1.74590003490448,1.7517999410629272
2025-12-23 08:00:00-05:00,1.7513999938964844,1.7547999620437622,1.736899971961975,1.7462999820709229
2025-12-23 12:00:00-05:00,1.746399998664856,1.7558000087738037,1.7437000274658203,1.754699945449829
2025-12-23 16:00:00-05:00,1.7547999620437622,1.7604999542236328,1.7545000314712524,1.7582999467849731
2025-12-23 20:00:00-05:00,1.7573000192642212,1.7581000328063965,1.7497999668121338,1.7556999921798706
2025-12-24 09:30:00-05:00,1.7553000450134277,1.767899990081787,1.749899983406067,1.7561999559402466
2025-12-26 00:00:00-05:00,1.7532999515533447,1.760699987411499,1.7515000104904175,1.76010000705719
2025-12-26 04:00:00-05:00,1.7599999904632568,1.7691999673843384,1.7430000305175781,1.743299961090088
2025-12-26 08:00:00-05:00,1.7437000274658203,1.746399998664856,1.7217999696731567,1.7237000465393066
2025-12-26 12:00:00-05:00,1.7232999801635742,1.7244000434875488,1.704699993133545,1.7089999914169312
2025-12-26 16:00:00-05:00,1.7093000411987305,1.7110999822616577,1.7073999643325806,1.7073999643325806
2025-12-28 16:00:00-05:00,1.7135000228881836,1.7170000076293945,1.7135000228881836,1.7139999866485596
2025-12-28 20:00:00-05:00,1.7125999927520752,1.7197999954223633,1.7115999460220337,1.7187999486923218
2025-12-29 00:00:00-05:00,1.7187000513076782,1.7316999435424805,1.7187000513076782,1.7316999435424805
2025-12-29 04:00:00-05:00,1.7317999601364136,1.7431999444961548,1.7314000129699707,1.736799955368042
2025-12-29 08:00:00-05:00,1.7366000413894653,1.7451000213623047,1.7268999814987183,1.73580002784729
2025-12-29 12:00:00-05:00,1.73580002784729,1.7390999794006348,1.7200000286102295,1.7208000421524048
2025-12-29 16:00:00-05:00,1.7210999727249146,1.722000002861023,1.7050000429153442,1.7111999988555908
2025-12-29 20:00:00-05:00,1.7116999626159668,1.7244999408721924,1.7092000246047974,1.7217999696731567
2025-12-30 00:00:00-05:00,1.72160005569458,1.726699948310852,1.7180999517440796,1.7257000207901
2025-12-30 04:00:00-05:00,1.725100040435791,1.7333999872207642,1.7223000526428223,1.729200005531311
2025-12-30 08:00:00-05:00,1.7295000553131104,1.7438000440597534,1.7281999588012695,1.7346999645233154
2025-12-30 12:00:00-05:00,1.7347999811172485,1.7381000518798828,1.7314000129699707,1.7335000038146973
2025-12-30 16:00:00-05:00,1.7335000038146973,1.7342000007629395,1.7297999858856201,1.7311999797821045
2025-12-30 20:00:00-05:00,1.7304999828338623,1.7415000200271606,1.7272000312805176,1.7343000173568726
2025-12-31 00:00:00-05:00,1.7352999448776245,1.7352999448776245,1.7238999605178833,1.7243000268936157
2025-12-31 04:00:00-05:00,1.7245999574661255,1.7389999628067017,1.7244999408721924,1.7283999919891357
2025-12-31 08:00:00-05:00,1.728700041770935,1.7408000230789185,1.7070000171661377,1.7100000381469727
2025-12-31 12:00:00-05:00,1.7100000381469727,1.7168999910354614,1.7066999673843384,1.712399959564209
2025-12-31 16:00:00-05:00,1.7122000455856323,1.7130999565124512,1.711300015449524,1.712499976158142
2026-01-02 00:00:00-05:00,1.7188999652862549,1.728700041770935,1.7075999975204468,1.708400011062622
2026-01-02 04:00:00-05:00,1.7075999975204468,1.7158000469207764,1.6974999904632568,1.6993999481201172
2026-01-02 08:00:00-05:00,1.6993999481201172,1.7024999856948853,1.6847000122070312,1.6871000528335571
2026-01-02 12:00:00-05:00,1.6875,1.7032999992370605,1.6871000528335571,1.700700044631958
2026-01-02 16:00:00-05:00,1.700700044631958,1.701200008392334,1.6986000537872314,1.6994999647140503
2026-01-04 16:00:00-05:00,1.6930999755859375,1.7066999673843384,1.6924999952316284,1.704699993133545
2026-01-04 20:00:00-05:00,1.705899953842163,1.7122000455856323,1.6929999589920044,1.6929999589920044
2026-01-05 00:00:00-05:00,1.6934000253677368,1.6960999965667725,1.6771999597549438,1.6823999881744385
2026-01-05 04:00:00-05:00,1.68149995803833,1.7051000595092773,1.679800033569336,1.7029000520706177
2026-01-05 08:00:00-05:00,1.7031999826431274,1.7258000373840332,1.6979000568389893,1.7170000076293945
2026-01-05 12:00:00-05:00,1.7170000076293945,1.726699948310852,1.716599941253662,1.7187999486923218
2026-01-05 16:00:00-05:00,1.7187000513076782,1.7210999727249146,1.7110999822616577,1.7180999517440796
2026-01-05 20:00:00-05:00,1.7180999517440796,1.7180999517440796,1.7094999551773071,1.715999960899353
2026-01-06 00:00:00-05:00,1.7148000001907349,1.7226999998092651,1.7072999477386475,1.7226999998092651
2026-01-06 04:00:00-05:00,1.7233999967575073,1.7268999814987183,1.7157000303268433,1.7245999574661255
2026-01-06 08:00:00-05:00,1.725100040435791,1.7359000444412231,1.7075999975204468,1.7228000164031982
2026-01-06 12:00:00-05:00,1.722599983215332,1.7229000329971313,1.694599986076355,1.6948000192642212
2026-01-06 16:00:00-05:00,1.6950000524520874,1.6998000144958496,1.6826000213623047,1.694000005722046
2026-01-06 20:00:00-05:00,1.6936999559402466,1.6995999813079834,1.6891000270843506,1.6897000074386597
2026-01-07 00:00:00-05:00,1.6899000406265259,1.6936999559402466,1.683899998664856,1.6927000284194946
2026-01-07 04:00:00-05:00,1.6920000314712524,1.7168999910354614,1.6878000497817993,1.7157000303268433
2026-01-07 08:00:00-05:00,1.7156000137329102,1.7209999561309814,1.6929999589920044,1.701200008392334
2026-01-07 12:00:00-05:00,1.7009999752044678,1.7027000188827515,1.6929999589920044,1.7019000053405762
2026-01-07 16:00:00-05:00,1.7020000219345093,1.7050000429153442,1.7007999420166016,1.7015999555587769
2026-01-07 20:00:00-05:00,1.7023999691009521,1.7058000564575195,1.6970000267028809,1.7023999691009521
2026-01-08 00:00:00-05:00,1.702299952507019,1.7035000324249268,1.6928999423980713,1.6990000009536743
2026-01-08 04:00:00-05:00,1.6990000009536743,1.7549999952316284,1.6964000463485718,1.7545000314712524
2026-01-08 08:00:00-05:00,1.7547999620437622,1.764799952507019,1.7513999938964844,1.763100028038025
2026-01-08 12:00:00-05:00,1.7627999782562256,1.806399941444397,1.7618999481201172,1.8044999837875366
2026-01-08 16:00:00-05:00,1.8041000366210938,1.8071000576019287,1.7970000505447388,1.7971999645233154
2026-01-08 20:00:00-05:00,1.797700047492981,1.7996000051498413,1.7920000553131104,1.7978999614715576
2026-01-09 00:00:00-05:00,1.7979999780654907,1.8075000047683716,1.773900032043457,1.7740000486373901
2026-01-09 04:00:00-05:00,1.774999976158142,1.8006000518798828,1.7615000009536743,1.7970000505447388
2026-01-09 08:00:00-05:00,1.7965999841690063,1.8249000310897827,1.7932000160217285,1.8241000175476074
2026-01-09 12:00:00-05:00,1.8243000507354736,1.8243000507354736,1.774999976158142,1.7756999731063843
2026-01-09 16:00:00-05:00,1.7755000591278076,1.7796000242233276,1.7742999792099,1.774899959564209
2026-01-11 16:00:00-05:00,1.7924000024795532,1.8000999689102173,1.7879999876022339,1.7900999784469604
2026-01-11 20:00:00-05:00,1.7898999452590942,1.7898999452590942,1.770400047302246,1.7863999605178833
2026-01-12 00:00:00-05:00,1.7864999771118164,1.8107000589370728,1.7786999940872192,1.806399941444397
2026-01-12 04:00:00-05:00,1.8062000274658203,1.815500020980835,1.7999000549316406,1.8148000240325928
2026-01-12 08:00:00-05:00,1.8141000270843506,1.8233000040054321,1.8039000034332275,1.8118000030517578
2026-01-12 12:00:00-05:00,1.8115999698638916,1.8291000127792358,1.8092999458312988,1.822700023651123
2026-01-12 16:00:00-05:00,1.8222999572753906,1.8320000171661377,1.8202999830245972,1.8299000263214111
2026-01-12 20:00:00-05:00,1.8293999433517456,1.8370000123977661,1.8250000476837158,1.833899974822998
2026-01-13 00:00:00-05:00,1.833799958229065,1.8414000272750854,1.8308000564575195,1.8394999504089355
2026-01-13 04:00:00-05:00,1.8394999504089355,1.850000023841858,1.8330999612808228,1.843400001525879
2026-01-13 08:00:00-05:00,1.8427000045776367,1.8664000034332275,1.8320000171661377,1.8631000518798828
2026-01-13 12:00:00-05:00,1.8630000352859497,1.8631000518798828,1.8392000198364258,1.8523999452590942
2026-01-13 16:00:00-05:00,1.8523999452590942,1.854599952697754,1.8494000434875488,1.8509999513626099
2026-01-13 20:00:00-05:00,1.8509000539779663,1.8509999513626099,1.844599962234497,1.8480000495910645
2026-01-14 00:00:00-05:00,1.8473999500274658,1.8486000299453735,1.829800009727478,1.8356000185012817
2026-01-14 04:00:00-05:00,1.8353999853134155,1.8667999505996704,1.8286000490188599,1.860700011253357
2026-01-14 08:00:00-05:00,1.860700011253357,1.8723000288009644,1.8451999425888062,1.8528000116348267
2026-01-14 12:00:00-05:00,1.8528000116348267,1.8691999912261963,1.7960000038146973,1.8188999891281128
2026-01-14 16:00:00-05:00,1.819100022315979,1.8588000535964966,1.8143999576568604,1.8371000289916992
2026-01-14 20:00:00-05:00,1.8358999490737915,1.8358999490737915,1.811400055885315,1.812000036239624
2026-01-15 00:00:00-05:00,1.8106000423431396,1.8180999755859375,1.8061000108718872,1.8179999589920044
2026-01-15 04:00:00-05:00,1.8186999559402466,1.819000005722046,1.7930999994277954,1.8009999990463257
2026-01-15 08:00:00-05:00,1.801200032234192,1.8143999576568604,1.7899999618530273,1.8055000305175781
2026-01-15 12:00:00-05:00,1.805400013923645,1.816499948501587,1.8034000396728516,1.80649995803833
2026-01-15 16:00:00-05:00,1.8066999912261963,1.8142000436782837,1.805899977684021,1.8106000423431396
2026-01-15 20:00:00-05:00,1.8107999563217163,1.8167999982833862,1.8066999912261963,1.808500051498413
2026-01-16 00:00:00-05:00,1.808899998664856,1.8183000087738037,1.8042999505996704,1.8157000541687012
2026-01-16 04:00:00-05:00,1.8143999576568604,1.8274999856948853,1.8107000589370728,1.822700023651123
2026-01-16 08:00:00-05:00,1.8222999572753906,1.8269000053405762,1.8106000423431396,1.8208999633789062
2026-01-16 12:00:00-05:00,1.8208999633789062,1.8265999555587769,1.809999942779541,1.8128000497817993
2026-01-16 16:00:00-05:00,1.8127000331878662,1.8145999908447266,1.8102999925613403,1.8137999773025513
2026-01-18 20:00:00-05:00,1.8137999773025513,1.8178999423980713,1.8137999773025513,1.8163000345230103
2026-01-20 00:00:00-05:00,1.8133000135421753,1.82260000705719,1.8001999855041504,1.8077000379562378
2026-01-20 04:00:00-05:00,1.8079999685287476,1.8327000141143799,1.8065999746322632,1.8300000429153442
2026-01-20 08:00:00-05:00,1.830399990081787,1.8523000478744507,1.8198000192642212,1.8509000539779663
2026-01-20 12:00:00-05:00,1.8508000373840332,1.8552000522613525,1.8309999704360962,1.833400011062622
2026-01-20 16:00:00-05:00,1.833299994468689,1.8418999910354614,1.8310999870300293,1.836300015449524
2026-01-20 20:00:00-05:00,1.8366999626159668,1.8415000438690186,1.8330999612808228,1.8377000093460083
2026-01-21 00:00:00-05:00,1.8386000394821167,1.8424999713897705,1.8276000022888184,1.829800009727478
2026-01-21 04:00:00-05:00,1.829800009727478,1.8645000457763672,1.8286000490188599,1.8614000082015991
2026-01-21 08:00:00-05:00,1.8616000413894653,1.877500057220459,1.8600000143051147,1.8697999715805054
2026-01-21 12:00:00-05:00,1.8696999549865723,1.8819999694824219,1.8638999462127686,1.87909996509552
2026-01-21 16:00:00-05:00,1.87909996509552,1.8798999786376953,1.8731000423431396,1.8760000467300415
2026-01-21 20:00:00-05:00,1.8760000467300415,1.8799999952316284,1.8743000030517578,1.8782999515533447
2026-01-22 00:00:00-05:00,1.8777999877929688,1.8799999952316284,1.8616000413894653,1.8665000200271606
2026-01-22 04:00:00-05:00,1.8664000034332275,1.8667999505996704,1.8464000225067139,1.846500039100647
2026-01-22 08:00:00-05:00,1.847100019454956,1.8593000173568726,1.8395999670028687,1.8438999652862549
2026-01-22 12:00:00-05:00,1.8437000513076782,1.8437999486923218,1.8208999633789062,1.8407000303268433
2026-01-22 16:00:00-05:00,1.8406000137329102,1.8523999452590942,1.8406000137329102,1.8486000299453735
2026-01-22 20:00:00-05:00,1.8472000360488892,1.851699948310852,1.8463000059127808,1.850600004196167
2026-01-23 00:00:00-05:00,1.8502999544143677,1.8523000478744507,1.8408000469207764,1.847599983215332
2026-01-23 04:00:00-05:00,1.847599983215332,1.8575999736785889,1.844599962234497,1.8550000190734863
2026-01-23 08:00:00-05:00,1.854699969291687,1.8798999786376953,1.8509999513626099,1.8752000331878662
2026-01-23 12:00:00-05:00,1.874899983406067,1.8803000450134277,1.8660000562667847,1.868299961090088
2026-01-23 16:00:00-05:00,1.8686000108718872,1.8732000589370728,1.868499994277954,1.871500015258789
2026-01-25 16:00:00-05:00,1.863800048828125,1.8702000379562378,1.8595999479293823,1.8674999475479126
2026-01-25 20:00:00-05:00,1.867300033569336,1.8710999488830566,1.8593000173568726,1.8657000064849854
2026-01-26 00:00:00-05:00,1.865399956703186,1.8731000423431396,1.8557000160217285,1.8623000383377075
2026-01-26 04:00:00-05:00,1.8634999990463257,1.8657000064849854,1.8495999574661255,1.850000023841858
2026-01-26 08:00:00-05:00,1.8502000570297241,1.8526999950408936,1.8321000337600708,1.8427000045776367
2026-01-26 12:00:00-05:00,1.8420000076293945,1.8487000465393066,1.8317999839782715,1.8436000347137451
2026-01-26 16:00:00-05:00,1.8437999486923218,1.8451999425888062,1.839400053024292,1.840999960899353
2026-01-26 20:00:00-05:00,1.84089994430542,1.8421000242233276,1.8255000114440918,1.8264000415802002
2026-01-27 00:00:00-05:00,1.826200008392334,1.8367999792099,1.8250000476837158,1.8367999792099
2026-01-27 04:00:00-05:00,1.835800051689148,1.851699948310852,1.833899974822998,1.8370000123977661
2026-01-27 08:00:00-05:00,1.8367999792099,1.8672000169754028,1.8339999914169312,1.86489999294281
2026-01-27 12:00:00-05:00,1.86489999294281,1.8868000507354736,1.8636000156402588,1.885699987411499
2026-01-27 16:00:00-05:00,1.885599970817566,1.9010000228881836,1.8811999559402466,1.895300030708313
2026-01-27 20:00:00-05:00,1.894700050354004,1.9012000560760498,1.8895000219345093,1.9003000259399414
2026-01-28 00:00:00-05:00,1.8996000289916992,1.9047000408172607,1.885200023651123,1.8926000595092773
2026-01-28 04:00:00-05:00,1.8926000595092773,1.9035999774932861,1.87909996509552,1.8984999656677246
2026-01-28 08:00:00-05:00,1.8985999822616577,1.9077999591827393,1.8840999603271484,1.8950999975204468
2026-01-28 12:00:00-05:00,1.895400047302246,1.9101999998092651,1.8906999826431274,1.9074000120162964
2026-01-28 16:00:00-05:00,1.9074000120162964,1.919800043106079,1.9063999652862549,1.9144999980926514
2026-01-28 20:00:00-05:00,1.9155000448226929,1.9285999536514282,1.9104000329971313,1.9265999794006348
2026-01-29 00:00:00-05:00,1.9256000518798828,1.9306999444961548,1.9170000553131104,1.9282000064849854
2026-01-29 04:00:00-05:00,1.9289000034332275,1.9392000436782837,1.9225000143051147,1.9300999641418457
2026-01-29 08:00:00-05:00,1.9299999475479126,1.9572999477386475,1.916700005531311,1.9255000352859497
2026-01-29 12:00:00-05:00,1.9256000518798828,1.943600058555603,1.917799949645996,1.9368000030517578
2026-01-29 16:00:00-05:00,1.9365999698638916,1.9391000270843506,1.9174000024795532,1.9333000183105469
2026-01-29 20:00:00-05:00,1.9371999502182007,1.9371999502182007,1.889299988746643,1.9086999893188477
2026-01-30 00:00:00-05:00,1.9083000421524048,1.9155000448226929,1.899999976158142,1.909600019454956
2026-01-30 04:00:00-05:00,1.9098999500274658,1.9326000213623047,1.9067000150680542,1.929800033569336
2026-01-30 08:00:00-05:00,1.9301999807357788,1.9565999507904053,1.923799991607666,1.9507999420166016
2026-02-02 12:00:00-05:00,1.8420000076293945,1.8530999422073364,1.8398000001907349,1.8509999513626099
2026-02-02 16:00:00-05:00,1.8508000373840332,1.8560999631881714,1.8423000574111938,1.8486000299453735
2026-02-02 20:00:00-05:00,1.8492000102996826,1.8581000566482544,1.8360999822616577,1.8442000150680542
2026-02-03 00:00:00-05:00,1.8447999954223633,1.8526999950408936,1.8315000534057617,1.8380000591278076
2026-02-03 04:00:00-05:00,1.8385000228881836,1.8667000532150269,1.8305000066757202,1.8666000366210938
2026-02-03 08:00:00-05:00,1.8668999671936035,1.8894000053405762,1.8629000186920166,1.8803000450134277
2026-02-03 12:00:00-05:00,1.8802000284194946,1.9179999828338623,1.8779000043869019,1.916100025177002
2026-02-03 16:00:00-05:00,1.916200041770935,1.9168000221252441,1.901900053024292,1.9089000225067139
2026-02-03 20:00:00-05:00,1.9089000225067139,1.9191999435424805,1.9020999670028687,1.9140000343322754
2026-02-04 00:00:00-05:00,1.9132000207901,2.137700080871582,1.8986999988555908,2.132200002670288
2026-02-04 04:00:00-05:00,2.131700038909912,2.1447999477386475,2.130000114440918,2.136199951171875
2026-02-04 08:00:00-05:00,2.1364998817443848,2.152600049972534,2.1240999698638916,2.1500000953674316
2026-02-04 12:00:00-05:00,2.1493000984191895,2.190999984741211,2.1484999656677246,2.167799949645996
2026-02-04 16:00:00-05:00,2.1686999797821045,2.1763999462127686,2.160900115966797,2.172800064086914
2026-02-04 20:00:00-05:00,2.1717000007629395,2.174299955368042,2.1503000259399414,2.160099983215332
2026-02-05 00:00:00-05:00,2.159899950027466,2.1659998893737793,1.9356000423431396,1.938099980354309
2026-02-05 04:00:00-05:00,1.9384000301361084,1.9661999940872192,1.933500051498413,1.9443000555038452
2026-02-05 08:00:00-05:00,1.9443999528884888,1.9505000114440918,1.9111000299453735,1.930899977684021
2026-02-05 12:00:00-05:00,1.931399941444397,1.9378000497817993,1.9179999828338623,1.9276000261306763
2026-02-05 16:00:00-05:00,1.9277000427246094,1.931399941444397,1.913599967956543,1.9277000427246094
2026-02-05 20:00:00-05:00,1.92739999294281,1.9456000328063965,1.9138000011444092,1.9384000301361084
2026-02-06 00:00:00-05:00,1.9383000135421753,1.954800009727478,1.937399983406067,1.9479999542236328
2026-02-06 04:00:00-05:00,1.947700023651123,1.9595999717712402,1.9225000143051147,1.931399941444397
2026-02-06 08:00:00-05:00,1.9311000108718872,1.961300015449524,1.9104000329971313,1.9580999612808228
2026-02-06 12:00:00-05:00,1.9579999446868896,1.9646999835968018,1.9471999406814575,1.9521000385284424
2026-02-06 16:00:00-05:00,1.9520000219345093,1.9531999826431274,1.9483000040054321,1.9531999826431274
2026-02-08 16:00:00-05:00,1.9390000104904175,1.9471999406814575,1.9377000331878662,1.9428999423980713
2026-02-08 20:00:00-05:00,1.9434000253677368,1.9529000520706177,1.9412000179290771,1.94350004196167
2026-02-09 00:00:00-05:00,1.9428999423980713,1.9529000520706177,1.9364999532699585,1.9488999843597412
2026-02-09 04:00:00-05:00,1.948799967765808,2.1849000453948975,1.9465999603271484,2.1802000999450684
2026-02-09 08:00:00-05:00,2.1805999279022217,2.210200071334839,2.1656999588012695,2.2083001136779785
2026-02-09 12:00:00-05:00,2.2081000804901123,2.2109999656677246,1.9850000143051147,1.98580002784729
2026-02-09 16:00:00-05:00,1.9860999584197998,1.98989999294281,1.982100009918213,1.9846999645233154
2026-02-09 20:00:00-05:00,1.9854999780654907,1.9874000549316406,1.9752000570297241,1.9814000129699707
2026-02-10 00:00:00-05:00,1.982100009918213,2.20740008354187,1.9782999753952026,2.206899881362915
2026-02-10 04:00:00-05:00,2.2070999145507812,2.2072999477386475,2.187299966812134,2.1972999572753906
2026-02-10 08:00:00-05:00,2.1977999210357666,2.2042999267578125,1.9600000381469727,1.9667999744415283
2026-02-10 12:00:00-05:00,1.9671000242233276,1.9736000299453735,1.9549000263214111,1.9668999910354614
2026-02-10 16:00:00-05:00,1.9668999910354614,1.9700000286102295,1.9621000289916992,1.9656000137329102
2026-02-10 20:00:00-05:00,1.965399980545044,1.972499966621399,1.9646999835968018,1.9702999591827393
2026-02-11 00:00:00-05:00,1.9704999923706055,2.204699993133545,1.9673000574111938,2.2014999389648438
2026-02-11 04:00:00-05:00,2.20169997215271,2.2179999351501465,2.196000099182129,2.2172000408172607
2026-02-11 08:00:00-05:00,2.2170000076293945,2.2311999797821045,2.196000099182129,2.208199977874756
2026-02-11 12:00:00-05:00,2.208400011062622,2.212599992752075,2.196700096130371,2.2102999687194824
2026-02-11 16:00:00-05:00,2.2100000381469727,2.2119998931884766,2.1888999938964844,2.2047998905181885
2026-02-11 20:00:00-05:00,2.2054998874664307,2.2081000804901123,2.2018001079559326,2.2047998905181885
2026-02-12 00:00:00-05:00,2.2049999237060547,2.2049999237060547,2.194999933242798,2.2002999782562256
2026-02-12 04:00:00-05:00,2.2011001110076904,2.202500104904175,2.176100015640259,2.1821999549865723
2026-02-12 08:00:00-05:00,2.1821000576019287,2.187000036239624,2.1401000022888184,2.141700029373169
2026-02-12 12:00:00-05:00,2.1410999298095703,2.148900032043457,2.1338999271392822,2.1442999839782715
2026-02-12 16:00:00-05:00,2.1442999839782715,2.147900104522705,2.1419999599456787,2.143899917602539
2026-02-12 20:00:00-05:00,2.144200086593628,2.1459999084472656,2.137500047683716,2.1401000022888184
2026-02-13 00:00:00-05:00,2.1394999027252197,2.142699956893921,2.1287999153137207,2.136699914932251
2026-02-13 04:00:00-05:00,2.137200117111206,2.1461000442504883,2.1201999187469482,2.131200075149536
2026-02-13 08:00:00-05:00,2.1322999000549316,2.1445999145507812,2.125,2.1308999061584473
2026-02-13 12:00:00-05:00,2.1308000087738037,2.143199920654297,2.1261000633239746,2.133500099182129
2026-02-13 16:00:00-05:00,2.1333999633789062,2.1380999088287354,2.1333999633789062,2.1350998878479004
2026-02-15 16:00:00-05:00,2.140000104904175,2.140000104904175,2.134999990463257,2.1359000205993652
2026-02-15 20:00:00-05:00,2.136699914932251,2.139699935913086,2.1338000297546387,2.138000011444092
2026-02-17 00:00:00-05:00,2.1452999114990234,2.145400047302246,2.1357998847961426,2.138200044631958
2026-02-17 04:00:00-05:00,2.1380999088287354,2.166300058364868,2.1347999572753906,2.1545000076293945
2026-02-17 08:00:00-05:00,2.1545000076293945,2.155900001525879,2.121999979019165,2.140000104904175
2026-02-17 12:00:00-05:00,2.139699935913086,2.1435999870300293,2.1285998821258545,2.140399932861328
2026-02-17 16:00:00-05:00,2.140199899673462,2.142899990081787,2.1368000507354736,2.137700080871582
2026-02-17 20:00:00-05:00,2.138400077819824,2.1445000171661377,2.138000011444092,2.144200086593628
2026-02-18 00:00:00-05:00,2.144200086593628,2.1545000076293945,2.140000104904175,2.144700050354004
2026-02-18 04:00:00-05:00,2.1449999809265137,2.1863999366760254,2.1433000564575195,2.1835999488830566
2026-02-18 08:00:00-05:00,2.1835999488830566,2.200000047683716,2.1758999824523926,2.1975998878479004
2026-02-18 12:00:00-05:00,2.197000026702881,2.213399887084961,2.1926000118255615,2.208899974822998
2026-02-18 16:00:00-05:00,2.2090001106262207,2.2105000019073486,2.1982998847961426,2.2035999298095703
2026-02-18 20:00:00-05:00,2.2044999599456787,2.215399980545044,2.2011001110076904,2.20989990234375
2026-02-19 00:00:00-05:00,2.2121999263763428,2.2316999435424805,2.208899974822998,2.23009991645813
2026-02-19 04:00:00-05:00,2.2304000854492188,2.2320001125335693,2.214600086212158,2.226599931716919
2026-02-19 08:00:00-05:00,2.226799964904785,2.236299991607666,2.205199956893921,2.232800006866455
2026-02-19 12:00:00-05:00,2.2339000701904297,2.25219988822937,2.232100009918213,2.2506000995635986
2026-02-19 16:00:00-05:00,2.250699996948242,2.2569000720977783,2.2321999073028564,2.2455999851226807
2026-02-19 20:00:00-05:00,2.2455999851226807,2.2592999935150146,2.2423999309539795,2.2490999698638916
2026-02-20 00:00:00-05:00,2.25,2.2558999061584473,2.2339000701904297,2.235100030899048
2026-02-20 04:00:00-05:00,2.23580002784729,2.25,2.2318999767303467,2.2434000968933105
2026-02-20 08:00:00-05:00,2.2435998916625977,2.256700038909912,2.235300064086914,2.2407000064849854
2026-02-20 12:00:00-05:00,2.2411999702453613,2.2535998821258545,2.2388999462127686,2.243299961090088
2026-02-20 16:00:00-05:00,2.2432000637054443,2.2446999549865723,2.2397000789642334,2.2434000968933105
2026-02-22 16:00:00-05:00,2.228800058364868,2.2342000007629395,2.2230000495910645,2.224400043487549
2026-02-22 20:00:00-05:00,2.2230000495910645,2.2323999404907227,2.2191998958587646,2.22160005569458
2026-02-23 00:00:00-05:00,2.220400094985962,2.227400064468384,2.2181999683380127,2.226099967956543
2026-02-23 04:00:00-05:00,2.226099967956543,2.247999906539917,2.223599910736084,2.246500015258789
2026-02-23 08:00:00-05:00,2.247299909591675,2.2648000717163086,2.243799924850464,2.2471001148223877
2026-02-23 12:00:00-05:00,2.2476000785827637,2.254199981689453,2.2409000396728516,2.2527999877929688
2026-02-23 16:00:00-05:00,2.253200054168701,2.2544000148773193,2.2448999881744385,2.250999927520752
2026-02-23 20:00:00-05:00,2.250699996948242,2.2630999088287354,2.2455999851226807,2.2602999210357666
2026-02-24 00:00:00-05:00,2.2588999271392822,2.264400005340576,2.248800039291382,2.253200054168701
2026-02-24 04:00:00-05:00,2.2537999153137207,2.254300117492676,2.236599922180176,2.2411000728607178
2026-02-24 08:00:00-05:00,2.2409000396728516,2.2581000328063965,2.2255001068115234,2.236599922180176
2026-02-24 12:00:00-05:00,2.236599922180176,2.251199960708618,2.2291998863220215,2.24780011177063
2026-02-24 16:00:00-05:00,2.247999906539917,2.2483999729156494,2.239000082015991,2.2427000999450684
2026-02-24 20:00:00-05:00,2.240299940109253,2.2571001052856445,2.240299940109253,2.244499921798706
2026-02-25 00:00:00-05:00,2.2441999912261963,2.2483999729156494,2.23799991607666,2.2446000576019287
2026-02-25 04:00:00-05:00,2.2446000576019287,2.253499984741211,2.232800006866455,2.2507998943328857
2026-02-25 08:00:00-05:00,2.250999927520752,2.2583999633789062,2.231600046157837,2.2465999126434326
2026-02-25 12:00:00-05:00,2.2465999126434326,2.257499933242798,2.240999937057495,2.248199939727783
2026-02-25 16:00:00-05:00,2.2483999729156494,2.2583999633789062,2.246999979019165,2.2535998821258545
2026-02-25 20:00:00-05:00,2.2527999877929688,2.2541000843048096,2.242500066757202,2.249300003051758
2026-02-26 00:00:00-05:00,2.248800039291382,2.2544000148773193,2.245500087738037,2.2479000091552734
2026-02-26 04:00:00-05:00,2.2481000423431396,2.248199939727783,2.2153000831604004,2.224400043487549
2026-02-26 08:00:00-05:00,2.2248001098632812,2.2780001163482666,2.216200113296509,2.2716000080108643
2026-02-26 12:00:00-05:00,2.2715001106262207,2.275899887084961,2.234499931335449,2.2607998847961426
2026-02-26 16:00:00-05:00,2.260499954223633,2.2636001110076904,2.2507998943328857,2.2571001052856445
2026-02-26 20:00:00-05:00,2.2546000480651855,2.2576000690460205,2.244999885559082,2.255500078201294
2026-02-27 00:00:00-05:00,2.25600004196167,2.273400068283081,2.25600004196167,2.2644999027252197
2026-02-27 04:00:00-05:00,2.2646000385284424,2.2888998985290527,2.2632999420166016,2.2887001037597656
2026-02-27 08:00:00-05:00,2.2888998985290527,2.307499885559082,2.2730000019073486,2.275399923324585
2026-02-27 12:00:00-05:00,2.275700092315674,2.294800043106079,2.264400005340576,2.2909998893737793
2026-02-27 16:00:00-05:00,2.291100025177002,2.300800085067749,2.2844998836517334,2.300800085067749
2026-03-01 16:00:00-05:00,2.390500068664551,2.4228999614715576,2.3745999336242676,2.3861000537872314
2026-03-01 20:00:00-05:00,2.38700008392334,2.38700008392334,2.327399969100952,2.3673999309539795
2026-03-02 00:00:00-05:00,2.364000082015991,2.4184999465942383,2.3592000007629395,2.392899990081787
2026-03-02 04:00:00-05:00,2.3922998905181885,2.4035000801086426,2.359499931335449,2.396899938583374
2026-03-02 08:00:00-05:00,2.396199941635132,2.403599977493286,2.34660005569458,2.3578999042510986
2026-03-02 12:00:00-05:00,2.3592000007629395,2.39490008354187,2.3410000801086426,2.3696999549865723
2026-03-02 16:00:00-05:00,2.3691000938415527,2.3857998847961426,2.3522000312805176,2.3852999210357666
2026-03-02 20:00:00-05:00,2.386399984359741,2.404400110244751,2.3743999004364014,2.4026999473571777
2026-03-03 00:00:00-05:00,2.4021999835968018,2.4504001140594482,2.3963000774383545,2.4393999576568604
2026-03-03 04:00:00-05:00,2.438699960708618,2.502700090408325,2.436199903488159,2.4632999897003174
2026-03-03 08:00:00-05:00,2.460599899291992,2.4872000217437744,2.4077000617980957,2.436199903488159
2026-03-03 12:00:00-05:00,2.436000108718872,2.4426000118255615,2.362600088119507,2.404099941253662
2026-03-03 16:00:00-05:00,2.4031999111175537,2.440000057220459,2.4031999111175537,2.4209001064300537
2026-03-03 20:00:00-05:00,2.4219000339508057,2.438999891281128,2.411900043487549,2.43149995803833
2026-03-04 00:00:00-05:00,2.4321999549865723,2.5058999061584473,2.4267001152038574,2.493000030517578
2026-03-04 04:00:00-05:00,2.4934000968933105,2.5322000980377197,2.423799991607666,2.42930006980896
2026-03-04 08:00:00-05:00,2.4291999340057373,2.497499942779541,2.40339994430542,2.490600109100342
2026-03-04 12:00:00-05:00,2.490600109100342,2.531100034713745,2.489000082015991,2.5199999809265137
2026-03-04 16:00:00-05:00,2.5206000804901123,2.550600051879883,2.5206000804901123,2.535900115966797
2026-03-04 20:00:00-05:00,2.5378000736236572,2.6566998958587646,2.537600040435791,2.634500026702881
2026-03-05 00:00:00-05:00,2.640000104904175,2.6626999378204346,2.4911000728607178,2.4967000484466553
2026-03-05 04:00:00-05:00,2.4986000061035156,2.5074000358581543,2.446199893951416,2.498699903488159
2026-03-05 08:00:00-05:00,2.4986000061035156,2.604099988937378,2.4860000610351562,2.59089994430542
2026-03-05 12:00:00-05:00,2.5906999111175537,2.6301000118255615,2.5769999027252197,2.585200071334839
2026-03-05 16:00:00-05:00,2.585099935531616,2.601799964904785,2.560499906539917,2.5631000995635986
2026-03-05 20:00:00-05:00,2.563999891281128,2.569700002670288,2.5397000312805176,2.56469988822937
2026-03-06 00:00:00-05:00,2.563999891281128,2.6040000915527344,2.5209999084472656,2.5251998901367188
2026-03-06 04:00:00-05:00,2.5241000652313232,2.6087000370025635,2.5197999477386475,2.593899965286255
2026-03-06 08:00:00-05:00,2.592099905014038,2.6693999767303467,2.569200038909912,2.6619999408721924
2026-03-06 12:00:00-05:00,2.661900043487549,2.714200019836426,2.652100086212158,2.699199914932251
2026-03-06 16:00:00-05:00,2.699199914932251,2.716399908065796,2.6977999210357666,2.714400053024292
2026-03-08 17:00:00-04:00,3.0552000999450684,3.072200059890747,2.9709999561309814,2.994499921798706
2026-03-08 21:00:00-04:00,2.996500015258789,3.1468000411987305,2.9839000701904297,3.097599983215332
2026-03-09 00:00:00-04:00,3.0992000102996826,3.1284000873565674,2.8545000553131104,2.8805999755859375
2026-03-09 04:00:00-04:00,2.8810999393463135,2.9365999698638916,2.7834999561309814,2.8192999362945557
2026-03-09 08:00:00-04:00,2.817199945449829,2.876499891281128,2.744999885559082,2.776700019836426
2026-03-09 12:00:00-04:00,2.777100086212158,2.8090999126434326,2.5006000995635986,2.611299991607666
2026-03-09 16:00:00-04:00,2.6112000942230225,2.7035999298095703,2.550100088119507,2.676500082015991
2026-03-09 20:00:00-04:00,2.6677000522613525,2.7095000743865967,2.601300001144409,2.687999963760376
2026-03-10 00:00:00-04:00,2.6898999214172363,2.7090001106262207,2.6159000396728516,2.621500015258789
2026-03-10 04:00:00-04:00,2.6196999549865723,2.6765999794006348,2.53629994392395,2.6033999919891357
2026-03-10 08:00:00-04:00,2.602799892425537,2.640700101852417,2.545099973678589,2.6059999465942383
2026-03-10 12:00:00-04:00,2.6070001125335693,2.686800003051758,2.4748001098632812,2.669800043106079
2026-03-10 16:00:00-04:00,2.658900022506714,2.716599941253662,2.653599977493286,2.6768999099731445
2026-03-10 20:00:00-04:00,2.668800115585327,2.6731998920440674,2.599400043487549,2.612799882888794
2026-03-11 00:00:00-04:00,2.617500066757202,2.650700092315674,2.5725998878479004,2.592099905014038
2026-03-11 04:00:00-04:00,2.5905001163482666,2.6382999420166016,2.5769999027252197,2.629199981689453
2026-03-11 08:00:00-04:00,2.6280999183654785,2.6731998920440674,2.571700096130371,2.6714000701904297
2026-03-11 12:00:00-04:00,2.6730000972747803,2.770699977874756,2.650599956512451,2.76990008354187
2026-03-11 16:00:00-04:00,2.7690000534057617,2.9059998989105225,2.7690000534057617,2.858299970626831
2026-03-11 20:00:00-04:00,2.858299970626831,2.914599895477295,2.83870005607605,2.8938000202178955
2026-03-12 00:00:00-04:00,2.893199920654297,2.9030001163482666,2.7334001064300537,2.7479000091552734
2026-03-12 04:00:00-04:00,2.7472000122070312,2.7964000701904297,2.7444000244140625,2.7792999744415283
2026-03-12 08:00:00-04:00,2.7790000438690186,2.895699977874756,2.7702999114990234,2.851900100708008
2026-03-12 12:00:00-04:00,2.852299928665161,2.9463999271392822,2.831899881362915,2.9347000122070312
2026-03-12 16:00:00-04:00,2.9346001148223877,2.9523000717163086,2.9077000617980957,2.9298999309539795
2026-03-12 20:00:00-04:00,2.92930006980896,2.9316000938415527,2.8877999782562256,2.902600049972534
2026-03-13 00:00:00-04:00,2.902600049972534,2.9460999965667725,2.8757998943328857,2.9377999305725098
2026-03-13 04:00:00-04:00,2.9361000061035156,2.9486000537872314,2.8787999153137207,2.8857998847961426
2026-03-13 08:00:00-04:00,2.8877999782562256,2.959199905395508,2.8577001094818115,2.9475998878479004
2026-03-13 12:00:00-04:00,2.947200059890747,3.0004000663757324,2.927000045776367,2.99429988861084
2026-03-13 16:00:00-04:00,2.993299961090088,3.0144999027252197,2.9899001121520996,3.014400005340576
2026-03-15 16:00:00-04:00,3.039400100708008,3.043299913406372,2.996999979019165,2.999500036239624
2026-03-15 20:00:00-04:00,3.001199960708618,3.0280001163482666,2.976900100708008,3.025700092315674
2026-03-16 00:00:00-04:00,3.0299999713897705,3.065700054168701,3.0046000480651855,3.0518999099731445
2026-03-16 04:00:00-04:00,3.0525999069213867,3.0638999938964844,2.981100082397461,2.997299909591675
2026-03-16 08:00:00-04:00,2.998199939727783,3.0062999725341797,2.9330999851226807,2.988600015640259
2026-03-16 12:00:00-04:00,2.9881999492645264,3.010999917984009,2.9426000118255615,2.9609999656677246
2026-03-16 16:00:00-04:00,2.9607999324798584,2.992000102996826,2.94950008392334,2.9776999950408936
2026-03-16 20:00:00-04:00,2.984999895095825,3.029400110244751,2.9848999977111816,3.0248000621795654
2026-03-17 00:00:00-04:00,3.02810001373291,3.0703999996185303,3.0185000896453857,3.034600019454956
2026-03-17 04:00:00-04:00,3.034899950027466,3.0741000175476074,3.018399953842163,3.0732998847961426
2026-03-17 08:00:00-04:00,3.073499917984009,3.0771000385284424,3.0078999996185303,3.071000099182129
2026-03-17 12:00:00-04:00,3.071700096130371,3.089900016784668,3.043800115585327,3.08489990234375
2026-03-17 16:00:00-04:00,3.084700107574463,3.0985000133514404,3.0799999237060547,3.0861001014709473
2026-03-17 20:00:00-04:00,3.0892999172210693,3.094899892807007,3.037600040435791,3.0392000675201416
2026-03-18 00:00:00-04:00,3.0418999195098877,3.065700054168701,3.0215001106262207,3.0622000694274902
2026-03-18 04:00:00-04:00,3.064300060272217,3.1287999153137207,3.060800075531006,3.093400001525879
2026-03-18 08:00:00-04:00,3.0929999351501465,3.204900026321411,3.090100049972534,3.1717000007629395
2026-03-18 12:00:00-04:00,3.1735000610351562,3.177500009536743,3.0076000690460205,3.1380999088287354
2026-03-18 16:00:00-04:00,3.138700008392334,3.1686999797821045,3.1075000762939453,3.134500026702881
2026-03-18 20:00:00-04:00,3.134399890899658,3.174999952316284,3.112499952316284,3.1401000022888184
2026-03-19 00:00:00-04:00,3.142400026321411,3.2060000896453857,3.137700080871582,3.1944000720977783
2026-03-19 04:00:00-04:00,3.1940999031066895,3.249000072479248,3.1435999870300293,3.1470999717712402
2026-03-19 08:00:00-04:00,3.1473000049591064,3.1561999320983887,3.089900016784668,3.1029000282287598
2026-03-19 12:00:00-04:00,3.1033999919891357,3.15310001373291,3.0067999362945557,3.0743000507354736
2026-03-19 16:00:00-04:00,3.0724000930786133,3.0952000617980957,3.063199996948242,3.0715999603271484
2026-03-19 20:00:00-04:00,3.071700096130371,3.097599983215332,3.0371999740600586,3.078900098800659
2026-03-20 00:00:00-04:00,3.0757999420166016,3.120300054550171,3.071199893951416,3.097100019454956
2026-03-20 04:00:00-04:00,3.0961999893188477,3.1740000247955322,3.084700107574463,3.0936999320983887
2026-03-20 08:00:00-04:00,3.0943000316619873,3.190000057220459,3.0796000957489014,3.174499988555908
2026-03-20 12:00:00-04:00,3.176800012588501,3.280900001525879,3.1658999919891357,3.2504000663757324
2026-03-20 16:00:00-04:00,3.2507998943328857,3.2674999237060547,3.243299961090088,3.2592999935150146
2026-03-22 16:00:00-04:00,3.2544000148773193,3.2750000953674316,3.2369000911712646,3.2644999027252197
2026-03-22 20:00:00-04:00,3.265000104904175,3.2850000858306885,3.246500015258789,3.2815001010894775
2026-03-23 00:00:00-04:00,3.2808001041412354,3.299999952316284,3.2495999336242676,3.2920000553131104
2026-03-23 04:00:00-04:00,3.288100004196167,3.3178999423980713,2.8529000282287598,3.018899917602539
2026-03-23 08:00:00-04:00,3.011699914932251,3.0418999195098877,2.7690000534057617,2.8875999450683594
2026-03-23 12:00:00-04:00,2.886399984359741,2.933199882507324,2.7985999584198,2.8578999042510986
2026-03-23 16:00:00-04:00,2.858099937438965,2.867500066757202,2.8427000045776367,2.865000009536743
2026-03-23 20:00:00-04:00,2.8666999340057373,2.962100028991699,2.8654000759124756,2.9609999656677246
2026-03-24 00:00:00-04:00,2.9607999324798584,3.0546998977661133,2.9189999103546143,3.0083999633789062
2026-03-24 04:00:00-04:00,3.0097999572753906,3.049799919128418,2.990299940109253,3.0380001068115234
2026-03-24 08:00:00-04:00,3.0344998836517334,3.066999912261963,3.012399911880493,3.0601999759674072
2026-03-24 12:00:00-04:00,3.0625,3.1043999195098877,3.0445001125335693,3.073699951171875
2026-03-24 16:00:00-04:00,3.074700117111206,3.0762999057769775,2.9412999153137207,2.983099937438965
2026-03-24 20:00:00-04:00,2.9839000701904297,2.992500066757202,2.9168999195098877,2.986299991607666
2026-03-25 00:00:00-04:00,2.98799991607666,2.993000030517578,2.836400032043457,2.8376998901367188
2026-03-25 04:00:00-04:00,2.8397998809814453,2.8666999340057373,2.787600040435791,2.811199903488159
2026-03-25 08:00:00-04:00,2.8097000122070312,2.8945999145507812,2.805299997329712,2.851300001144409
2026-03-25 12:00:00-04:00,2.8496999740600586,2.910399913787842,2.821199893951416,2.879300117492676
2026-03-25 16:00:00-04:00,2.8824000358581543,2.892899990081787,2.8808999061584473,2.8891000747680664
2026-03-25 20:00:00-04:00,2.8833000659942627,2.916599988937378,2.8833000659942627,2.906899929046631
2026-03-26 00:00:00-04:00,2.907599925994873,3.0415000915527344,2.903599977493286,3.0387001037597656
2026-03-26 04:00:00-04:00,3.0387001037597656,3.051800012588501,3.0083000659942627,3.043299913406372
2026-03-26 08:00:00-04:00,3.0441999435424805,3.0936999320983887,2.9365999698638916,3.0908000469207764
2026-03-26 12:00:00-04:00,3.091599941253662,3.1057000160217285,3.05649995803833,3.0597000122070312
2026-03-26 16:00:00-04:00,3.059299945831299,3.075200080871582,2.9677000045776367,3.0501999855041504
2026-03-26 20:00:00-04:00,3.0553998947143555,3.072200059890747,3.016400098800659,3.061300039291382
2026-03-27 00:00:00-04:00,3.061199903488159,3.11080002784729,3.0035998821258545,3.0172998905181885
2026-03-27 04:00:00-04:00,3.018199920654297,3.0727999210357666,3.0141000747680664,3.051500082015991
2026-03-27 08:00:00-04:00,3.0520999431610107,3.1424999237060547,3.014699935913086,3.140899896621704
2026-03-27 12:00:00-04:00,3.140899896621704,3.221400022506714,3.1379001140594482,3.200700044631958
2026-03-27 16:00:00-04:00,3.199399948120117,3.229599952697754,3.185800075531006,3.2253000736236572
2026-03-29 16:00:00-04:00,3.2629001140594482,3.274399995803833,3.244499921798706,3.265899896621704
2026-03-29 20:00:00-04:00,3.2690999507904053,3.285599946975708,3.2246999740600586,3.2465999126434326
2026-03-30 00:00:00-04:00,3.242500066757202,3.2683000564575195,3.2330000400543213,3.2641000747680664
2026-03-30 04:00:00-04:00,3.265500068664551,3.281399965286255,3.1977999210357666,3.2385001182556152
2026-03-30 08:00:00-04:00,3.236599922180176,3.2808001041412354,3.203900098800659,3.2769999504089355
2026-03-30 12:00:00-04:00,3.2769999504089355,3.2980000972747803,3.2537999153137207,3.2785000801086426
2026-03-30 16:00:00-04:00,3.2792999744415283,3.3854000568389893,3.2785000801086426,3.3650999069213867
2026-03-30 20:00:00-04:00,3.3636999130249023,3.3636999130249023,3.2107999324798584,3.268899917602539
2026-03-31 00:00:00-04:00,3.2697999477386475,3.2799999713897705,3.245300054550171,3.2506000995635986
2026-03-31 04:00:00-04:00,3.249799966812134,3.2985999584198,3.226300001144409,3.248699903488159
2026-03-31 08:00:00-04:00,3.2471001148223877,3.2880001068115234,3.1161999702453613,3.1319000720977783
2026-03-31 12:00:00-04:00,3.13100004196167,3.1396000385284424,3.033400058746338,3.0590999126434326
2026-03-31 16:00:00-04:00,3.059799909591675,3.0627999305725098,3.026599884033203,3.045599937438965
2026-03-31 20:00:00-04:00,3.0483999252319336,3.1013998985290527,3.04830002784729,3.0927000045776367
2026-04-01 00:00:00-04:00,3.0941998958587646,3.0952999591827393,2.9363999366760254,2.982800006866455
2026-04-01 04:00:00-04:00,2.983799934387207,3.046299934387207,2.9800000190734863,2.993299961090088
2026-04-01 08:00:00-04:00,2.9923999309539795,3.0048000812530518,2.943700075149536,2.969899892807007
2026-04-01 12:00:00-04:00,2.9688000679016113,2.985599994659424,2.9298999309539795,2.9458999633789062
2026-04-01 16:00:00-04:00,2.94569993019104,2.9528000354766846,2.9282000064849854,2.9354000091552734
2026-04-01 20:00:00-04:00,2.938699960708618,3.0947999954223633,2.9058001041412354,3.0947999954223633
2026-04-02 00:00:00-04:00,3.0934998989105225,3.130000114440918,3.0862998962402344,3.125499963760376
2026-04-02 04:00:00-04:00,3.124300003051758,3.156100034713745,3.1196999549865723,3.1421000957489014
2026-04-02 08:00:00-04:00,3.1410000324249268,3.1494998931884766,3.0329999923706055,3.0599000453948975
2026-04-02 12:00:00-04:00,3.0597000122070312,3.1349000930786133,3.052799940109253,3.1171998977661133
2026-04-02 16:00:00-04:00,3.118000030517578,3.1278998851776123,3.1149001121520996,3.124000072479248
2026-04-05 16:00:00-04:00,3.14490008354187,3.1802000999450684,3.112600088119507,3.1675000190734863
2026-04-05 20:00:00-04:00,3.1705000400543213,3.1705000400543213,3.1041998863220215,3.1173999309539795
2026-04-06 00:00:00-04:00,3.114300012588501,3.1298999786376953,3.0710999965667725,3.077699899673462
2026-04-06 04:00:00-04:00,3.0761001110076904,3.1240999698638916,3.062999963760376,3.11899995803833
2026-04-06 08:00:00-04:00,3.115600109100342,3.1503000259399414,3.085599899291992,3.139400005340576
2026-04-06 12:00:00-04:00,3.135999917984009,3.1807000637054443,3.123800039291382,3.1507999897003174
2026-04-06 16:00:00-04:00,3.151400089263916,3.172100067138672,3.144399881362915,3.170799970626831
2026-04-06 20:00:00-04:00,3.16759991645813,3.211199998855591,3.148900032043457,3.1956000328063965
2026-04-07 00:00:00-04:00,3.1937999725341797,3.204900026321411,3.15910005569458,3.204900026321411
2026-04-07 04:00:00-04:00,3.202699899673462,3.202699899673462,3.112499952316284,3.1830999851226807
2026-04-07 08:00:00-04:00,3.1821999549865723,3.200000047683716,3.151400089263916,3.164799928665161
2026-04-07 12:00:00-04:00,3.1617000102996826,3.192500114440918,3.072700023651123,3.117300033569336
2026-04-07 16:00:00-04:00,3.1166999340057373,3.127700090408325,2.801500082015991,2.875200033187866
2026-04-07 20:00:00-04:00,2.8803000450134277,2.899899959564209,2.796799898147583,2.8620998859405518
2026-04-08 00:00:00-04:00,2.8596999645233154,2.8914999961853027,2.822700023651123,2.878000020980835
2026-04-08 04:00:00-04:00,2.876499891281128,2.9102001190185547,2.8366000652313232,2.8482000827789307
2026-04-08 08:00:00-04:00,2.847599983215332,2.9177000522613525,2.802000045776367,2.886399984359741
2026-04-08 12:00:00-04:00,2.8864998817443848,2.952500104904175,2.8712000846862793,2.927500009536743
2026-04-08 16:00:00-04:00,2.9245998859405518,2.9486000537872314,2.9165000915527344,2.9486000537872314
2026-04-08 20:00:00-04:00,2.9475998878479004,2.9630000591278076,2.9267001152038574,2.9286999702453613
2026-04-09 00:00:00-04:00,2.9333999156951904,2.9911999702453613,2.9305999279022217,2.987499952316284
2026-04-09 04:00:00-04:00,2.987799882888794,2.9960999488830566,2.9526000022888184,2.972399950027466
2026-04-09 08:00:00-04:00,2.9716999530792236,3.0204999446868896,2.9279000759124756,2.9405999183654785
2026-04-09 12:00:00-04:00,2.93969988822937,2.950700044631958,2.8924999237060547,2.947000026702881
2026-04-09 16:00:00-04:00,2.9465999603271484,2.950500011444092,2.9296000003814697,2.948499917984009
2026-04-09 20:00:00-04:00,2.946199893951416,2.959700107574463,2.925600051879883,2.927000045776367
2026-04-10 00:00:00-04:00,2.925800085067749,2.9742000102996826,2.924999952316284,2.9702999591827393
2026-04-10 04:00:00-04:00,2.969399929046631,2.981300115585327,2.9277000427246094,2.93149995803833
2026-04-10 08:00:00-04:00,2.9309000968933105,2.9855000972747803,2.912600040435791,2.9797000885009766
2026-04-10 12:00:00-04:00,2.9795000553131104,2.985100030899048,2.923099994659424,2.9296998977661133
2026-04-10 16:00:00-04:00,2.930500030517578,2.955199956893921,2.9235999584198,2.955199956893921
2026-04-12 16:00:00-04:00,3.0959999561309814,3.111799955368042,3.069999933242798,3.0980000495910645
2026-04-12 20:00:00-04:00,3.0952000617980957,3.101799964904785,3.064199924468994,3.085200071334839
2026-04-13 00:00:00-04:00,3.0852999687194824,3.0906999111175537,3.0580999851226807,3.0715999603271484
2026-04-13 04:00:00-04:00,3.0715999603271484,3.0999999046325684,3.0631000995635986,3.0750999450683594
2026-04-13 08:00:00-04:00,3.0764000415802,3.100399971008301,3.0185000896453857,3.0920000076293945
2026-04-13 12:00:00-04:00,3.0913000106811523,3.102099895477295,3.0035998821258545,3.0223000049591064
2026-04-13 16:00:00-04:00,3.0220999717712402,3.0280001163482666,2.9823999404907227,2.9923999309539795
2026-04-13 20:00:00-04:00,2.993499994277954,3.0269999504089355,2.984600067138672,3.0139999389648438
2026-04-14 00:00:00-04:00,3.0139000415802,3.039299964904785,2.9997000694274902,3.0208001136779785
2026-04-14 04:00:00-04:00,3.021699905395508,3.044600009918213,3.0085999965667725,3.021699905395508
2026-04-14 08:00:00-04:00,3.0199999809265137,3.022599935531616,2.9453999996185303,2.9665000438690186
2026-04-14 12:00:00-04:00,2.9677000045776367,2.982300043106079,2.952500104904175,2.979099988937378
2026-04-14 16:00:00-04:00,2.980600118637085,2.984800100326538,2.925600051879883,2.947499990463257
2026-04-14 20:00:00-04:00,2.947999954223633,2.971400022506714,2.9414000511169434,2.9635000228881836
2026-04-15 00:00:00-04:00,2.962899923324585,2.9781999588012695,2.9475998878479004,2.9514999389648438
2026-04-15 04:00:00-04:00,2.951900005340576,3.002500057220459,2.950500011444092,2.9635000228881836
2026-04-15 08:00:00-04:00,2.9632999897003174,3.031599998474121,2.941200017929077,3.0078001022338867
2026-04-15 12:00:00-04:00,3.0099000930786133,3.0216000080108643,2.9900999069213867,2.993299961090088
2026-04-15 16:00:00-04:00,2.993499994277954,2.9990999698638916,2.985300064086914,2.9927000999450684
2026-04-15 20:00:00-04:00,2.990999937057495,3.0028998851776123,2.984999895095825,2.9971001148223877
2026-04-16 00:00:00-04:00,2.9974000453948975,3.023900032043457,2.9863998889923096,3.0209999084472656
2026-04-16 04:00:00-04:00,3.021699905395508,3.034899950027466,3.0083000659942627,3.015700101852417
2026-04-16 08:00:00-04:00,3.014699935913086,3.07669997215271,3.0002999305725098,3.0606000423431396
2026-04-16 12:00:00-04:00,3.06030011177063,3.0950000286102295,3.0594000816345215,3.078700065612793
2026-04-16 16:00:00-04:00,3.0787999629974365,3.0999999046325684,3.075500011444092,3.0810000896453857
2026-04-16 20:00:00-04:00,3.0831000804901123,3.0922000408172607,3.0762999057769775,3.078200101852417
2026-04-17 00:00:00-04:00,3.078000068664551,3.0878000259399414,3.066699981689453,3.08240008354187
2026-04-17 04:00:00-04:00,3.0820999145507812,3.089200019836426,3.0179998874664307,3.0281999111175537
2026-04-17 08:00:00-04:00,3.0283000469207764,3.0409998893737793,2.823699951171875,2.8903000354766846
2026-04-17 12:00:00-04:00,2.8907999992370605,2.9488000869750977,2.8879001140594482,2.936800003051758
2026-04-17 16:00:00-04:00,2.9365999698638916,2.946199893951416,2.929500102996826,2.929500102996826
2026-04-20 04:00:00-04:00,2.929500102996826,3.030400037765503,2.929500102996826,3.0114998817443848
2026-04-20 08:00:00-04:00,3.011699914932251,3.0560998916625977,2.9867000579833984,3.039799928665161
2026-04-20 12:00:00-04:00,3.0394999980926514,3.0573999881744385,3.028899908065796,3.029900074005127
2026-04-20 16:00:00-04:00,3.0299999713897705,3.0329999923706055,3.0009000301361084,3.0095999240875244
2026-04-20 20:00:00-04:00,3.0111000537872314,3.0364999771118164,3.0083000659942627,3.0239999294281006
2026-04-21 00:00:00-04:00,3.024899959564209,3.0494000911712646,3.006999969482422,3.0253000259399414
2026-04-21 04:00:00-04:00,3.0255000591278076,3.057800054550171,3.02020001411438,3.05430006980896
2026-04-21 08:00:00-04:00,3.0543999671936035,3.1120998859405518,3.0425000190734863,3.1038999557495117
2026-04-21 12:00:00-04:00,3.1047000885009766,3.1679999828338623,3.0920000076293945,3.155600070953369
2026-04-21 16:00:00-04:00,3.1540000438690186,3.1598000526428223,3.077699899673462,3.131700038909912
2026-04-21 20:00:00-04:00,3.12719988822937,3.1289000511169434,3.097399950027466,3.104099988937378
2026-04-22 00:00:00-04:00,3.1034998893737793,3.1191000938415527,3.0754001140594482,3.1191000938415527
2026-04-22 04:00:00-04:00,3.1191000938415527,3.1570000648498535,3.1157000064849854,3.1394999027252197
2026-04-22 08:00:00-04:00,3.13919997215271,3.2427000999450684,3.1217000484466553,3.2351999282836914
2026-04-22 12:00:00-04:00,3.234100103378296,3.2590999603271484,3.2244999408721924,3.239300012588501
2026-04-22 16:00:00-04:00,3.2393999099731445,3.2646000385284424,3.231100082397461,3.248300075531006
2026-04-22 20:00:00-04:00,3.2476999759674072,3.3290998935699463,3.2432000637054443,3.275399923324585
2026-04-23 00:00:00-04:00,3.2755000591278076,3.2778000831604004,3.2311999797821045,3.2427000999450684
2026-04-23 04:00:00-04:00,3.243000030517578,3.2890000343322754,3.2256999015808105,3.231300115585327
2026-04-23 08:00:00-04:00,3.2323999404907227,3.278899908065796,3.210400104522705,3.2665998935699463
2026-04-23 12:00:00-04:00,3.2671000957489014,3.359999895095825,3.244999885559082,3.3538999557495117
2026-04-23 16:00:00-04:00,3.3545000553131104,3.371000051498413,3.3464999198913574,3.3561999797821045
2026-04-23 20:00:00-04:00,3.3531999588012695,3.368000030517578,3.3315999507904053,3.3469998836517334
2026-04-24 00:00:00-04:00,3.3452999591827393,3.345599889755249,3.316999912261963,3.3292999267578125
2026-04-24 04:00:00-04:00,3.3315999507904053,3.362499952316284,3.267199993133545,3.2855000495910645
2026-04-24 08:00:00-04:00,3.2852001190185547,3.3371999263763428,3.2746999263763428,3.2857000827789307
2026-04-24 12:00:00-04:00,3.286600112915039,3.3478000164031982,3.2774999141693115,3.3427000045776367
2026-04-24 16:00:00-04:00,3.342099905014038,3.361299991607666,3.342099905014038,3.347100019454956
2026-04-26 16:00:00-04:00,3.375699996948242,3.385999917984009,3.3671998977661133,3.373500108718872
2026-04-26 20:00:00-04:00,3.3726000785827637,3.3831000328063965,3.355600118637085,3.3624000549316406
2026-04-27 00:00:00-04:00,3.3631999492645264,3.3949999809265137,3.3610000610351562,3.3940000534057617
2026-04-27 04:00:00-04:00,3.395400047302246,3.402899980545044,3.3369998931884766,3.350100040435791
2026-04-27 08:00:00-04:00,3.348599910736084,3.398099899291992,3.331199884414673,3.3610000610351562
2026-04-27 12:00:00-04:00,3.3612000942230225,3.3887999057769775,3.3505001068115234,3.365999937057495
2026-04-27 16:00:00-04:00,3.3650999069213867,3.3824000358581543,3.3399999141693115,3.3729000091552734
2026-04-27 20:00:00-04:00,3.370500087738037,3.390700101852417,3.366499900817871,3.387200117111206
2026-04-28 00:00:00-04:00,3.391200065612793,3.4272000789642334,3.383699893951416,3.4202001094818115
2026-04-28 04:00:00-04:00,3.4177000522613525,3.4403998851776123,3.3970999717712402,3.4349000453948975
2026-04-28 08:00:00-04:00,3.4333999156951904,3.4354000091552734,3.371000051498413,3.3989999294281006
2026-04-28 12:00:00-04:00,3.399399995803833,3.4375,3.3798999786376953,3.4333999156951904
2026-04-28 16:00:00-04:00,3.432300090789795,3.4463000297546387,3.4221999645233154,3.4321000576019287
2026-04-28 20:00:00-04:00,3.4323999881744385,3.4519999027252197,3.4077000617980957,3.4247000217437744
2026-04-29 00:00:00-04:00,3.425100088119507,3.4795000553131104,3.424999952316284,3.4751999378204346
2026-04-29 04:00:00-04:00,3.4756999015808105,3.5260000228881836,3.473299980163574,3.522900104522705
2026-04-29 08:00:00-04:00,3.523900032043457,3.6080000400543213,3.5143001079559326,3.6012001037597656
2026-04-29 12:00:00-04:00,3.6001999378204346,3.627700090408325,3.56820011138916,3.6147000789642334
2026-04-29 16:00:00-04:00,3.6152000427246094,3.619999885559082,3.596100091934204,3.5999999046325684
2026-04-29 20:00:00-04:00,3.599900007247925,3.63919997215271,3.5729000568389893,3.6338000297546387
2026-04-30 00:00:00-04:00,3.6324000358581543,3.66729998588562,3.588599920272827,3.5931999683380127
2026-04-30 04:00:00-04:00,3.5917000770568848,3.617000102996826,3.5116000175476074,3.5508999824523926
2026-04-30 08:00:00-04:00,3.5524001121520996,3.599900007247925,3.527400016784668,3.584700107574463
2026-04-30 12:00:00-04:00,3.58489990234375,3.626199960708618,3.5694000720977783,3.626199960708618
2026-04-30 16:00:00-04:00,3.6259000301361084,3.645699977874756,3.623699903488159,3.6412999629974365
2026-04-30 20:00:00-04:00,3.6389999389648438,3.6607000827789307,3.635499954223633,3.6438000202178955
2026-05-01 00:00:00-04:00,3.643399953842163,3.666800022125244,3.6247000694274902,3.6535000801086426
2026-05-01 04:00:00-04:00,3.65339994430542,3.676800012588501,3.6347999572753906,3.635699987411499
2026-05-01 08:00:00-04:00,3.634700059890747,3.6484999656677246,3.5355000495910645,3.560499906539917
2026-05-01 12:00:00-04:00,3.560800075531006,3.61680006980896,3.547499895095825,3.5994999408721924
2026-05-01 16:00:00-04:00,3.599400043487549,3.6122000217437744,3.5975000858306885,3.610300064086914
2026-05-03 16:00:00-04:00,3.5673000812530518,3.6117000579833984,3.5673000812530518,3.6070001125335693
2026-05-03 20:00:00-04:00,3.609499931335449,3.619800090789795,3.5857999324798584,3.598400115966797
2026-05-04 00:00:00-04:00,3.5980000495910645,3.6122000217437744,3.5452001094818115,3.6113998889923096
2026-05-04 04:00:00-04:00,3.6140999794006348,3.6993000507354736,3.58240008354187,3.633699893951416
2026-05-04 08:00:00-04:00,3.6364998817443848,3.7474000453948975,3.59879994392395,3.7363998889923096
2026-05-04 12:00:00-04:00,3.737499952316284,3.7639999389648438,3.713599920272827,3.7297000885009766
2026-05-04 16:00:00-04:00,3.729300022125244,3.7302000522613525,3.711400032043457,3.71370005607605
2026-05-04 20:00:00-04:00,3.7137999534606934,3.722599983215332,3.699899911880493,3.704699993133545
2026-05-05 00:00:00-04:00,3.704200029373169,3.7291998863220215,3.515899896621704,3.553100109100342
2026-05-05 04:00:00-04:00,3.5471999645233154,3.5510001182556152,3.5016000270843506,3.5216000080108643
2026-05-05 08:00:00-04:00,3.520699977874756,3.52839994430542,3.450500011444092,3.469399929046631
2026-05-05 12:00:00-04:00,3.470900058746338,3.483599901199341,3.453000068664551,3.4739999771118164
2026-05-05 16:00:00-04:00,3.4732000827789307,3.495500087738037,3.4026999473571777,3.4333999156951904
2026-05-05 20:00:00-04:00,3.4314000606536865,3.457900047302246,3.427299976348877,3.442500114440918
2026-05-06 00:00:00-04:00,3.4453999996185303,3.597100019454956,3.4202001094818115,3.527100086212158
2026-05-06 04:00:00-04:00,3.525399923324585,3.5566000938415527,3.286900043487549,3.3949999809265137
2026-05-06 08:00:00-04:00,3.396199941635132,3.484499931335449,3.2950000762939453,3.3285000324249268
2026-05-06 12:00:00-04:00,3.328200101852417,3.3499999046325684,3.300800085067749,3.3194000720977783
2026-05-06 16:00:00-04:00,3.3208999633789062,3.3345999717712402,3.311300039291382,3.3210999965667725
2026-05-06 20:00:00-04:00,3.321199893951416,3.3350000381469727,3.3032000064849854,3.3303000926971436
2026-05-07 00:00:00-04:00,3.328900098800659,3.43179988861084,3.235300064086914,3.4214999675750732
2026-05-07 04:00:00-04:00,3.4231998920440674,3.460200071334839,3.3824000358581543,3.3833999633789062
2026-05-07 08:00:00-04:00,3.3838999271392822,3.3879001140594482,3.197499990463257,3.273900032043457
2026-05-07 12:00:00-04:00,3.273099899291992,3.366499900817871,3.2720999717712402,3.3454999923706055
2026-05-07 16:00:00-04:00,3.339200019836426,3.3752999305725098,3.3078999519348145,3.353300094604492
2026-05-07 20:00:00-04:00,3.3501999378204346,3.365000009536743,3.316800117492676,3.3350000381469727
2026-05-08 00:00:00-04:00,3.333699941635132,3.468400001525879,3.2976999282836914,3.463599920272827
2026-05-08 04:00:00-04:00,3.4632999897003174,3.469099998474121,3.4226999282836914,3.4586000442504883
2026-05-08 08:00:00-04:00,3.4553000926971436,3.4941999912261963,3.3225998878479004,3.335599899291992
2026-05-08 12:00:00-04:00,3.3352999687194824,3.3726000785827637,3.3194000720977783,3.3510000705718994
2026-05-08 16:00:00-04:00,3.3519999980926514,3.359499931335449,3.3461999893188477,3.359499931335449
2026-05-10 16:00:00-04:00,3.4235000610351562,3.4407999515533447,3.4156999588012695,3.4405999183654785
2026-05-10 20:00:00-04:00,3.440500020980835,3.4535000324249268,3.4184999465942383,3.4535000324249268
2026-05-11 00:00:00-04:00,3.4567999839782715,3.4595000743865967,3.421999931335449,3.4300999641418457
2026-05-11 04:00:00-04:00,3.4296000003814697,3.4563000202178955,3.407599925994873,3.452199935913086
2026-05-11 08:00:00-04:00,3.4532999992370605,3.459399938583374,3.3940000534057617,3.4475998878479004
2026-05-11 12:00:00-04:00,3.4488000869750977,3.4839000701904297,3.4316999912261963,3.441200017929077
2026-05-11 16:00:00-04:00,3.4414000511169434,3.458699941635132,3.4391000270843506,3.444000005722046
2026-05-11 20:00:00-04:00,3.4446001052856445,3.464600086212158,3.444200038909912,3.4591000080108643
2026-05-12 00:00:00-04:00,3.4605000019073486,3.493299961090088,3.448199987411499,3.489799976348877
2026-05-12 04:00:00-04:00,3.490000009536743,3.5364999771118164,3.4892001152038574,3.5197999477386475
2026-05-12 08:00:00-04:00,3.5199999809265137,3.550800085067749,3.5127999782562256,3.5320000648498535
2026-05-12 12:00:00-04:00,3.5325000286102295,3.547300100326538,3.5127999782562256,3.544100046157837
2026-05-12 16:00:00-04:00,3.544100046157837,3.5450000762939453,3.5120999813079834,3.520400047302246
2026-05-12 20:00:00-04:00,3.5129001140594482,3.52020001411438,3.4923999309539795,3.499500036239624
2026-05-13 00:00:00-04:00,3.496500015258789,3.5132999420166016,3.4897000789642334,3.51200008392334
2026-05-13 04:00:00-04:00,3.509399890899658,3.540800094604492,3.507699966430664,3.5246999263763428
2026-05-13 08:00:00-04:00,3.523200035095215,3.5429000854492188,3.5000998973846436,3.5025999546051025
2026-05-13 12:00:00-04:00,3.5034000873565674,3.5034000873565674,3.462899923324585,3.4714999198913574
2026-05-13 16:00:00-04:00,3.4718000888824463,3.4769999980926514,3.448699951171875,3.456199884414673
2026-05-13 20:00:00-04:00,3.4572999477386475,3.473299980163574,3.4521000385284424,3.4702000617980957
2026-05-14 00:00:00-04:00,3.467400074005127,3.4909000396728516,3.4223999977111816,3.4902000427246094
2026-05-14 04:00:00-04:00,3.4872000217437744,3.495300054550171,3.4084999561309814,3.414400100708008
2026-05-14 08:00:00-04:00,3.414599895477295,3.4470999240875244,3.3882999420166016,3.4251999855041504
2026-05-14 12:00:00-04:00,3.425100088119507,3.4749999046325684,3.4158999919891357,3.474400043487549
2026-05-14 16:00:00-04:00,3.475800037384033,3.490000009536743,3.4704999923706055,3.4816999435424805
2026-05-14 20:00:00-04:00,3.482800006866455,3.5067999362945557,3.4774999618530273,3.488100051879883
2026-05-15 00:00:00-04:00,3.4914000034332275,3.515000104904175,3.4763998985290527,3.4932000637054443
2026-05-15 04:00:00-04:00,3.4932000637054443,3.5283000469207764,3.4688000679016113,3.5083999633789062
2026-05-15 08:00:00-04:00,3.5085999965667725,3.552299976348877,3.4946999549865723,3.544300079345703
2026-05-15 12:00:00-04:00,3.5436999797821045,3.566499948501587,3.541599988937378,3.561199903488159
2026-05-15 16:00:00-04:00,3.5611000061035156,3.5673999786376953,3.555500030517578,3.5564000606536865
2026-05-17 16:00:00-04:00,3.5739998817443848,3.5855000019073486,3.56850004196167,3.575200080871582
2026-05-17 20:00:00-04:00,3.575500011444092,3.605299949645996,3.564300060272217,3.5806000232696533
2026-05-18 00:00:00-04:00,3.5776000022888184,3.5869998931884766,3.5495998859405518,3.566800117492676
2026-05-18 04:00:00-04:00,3.5676000118255615,3.6071999073028564,3.5418999195098877,3.5557000637054443
2026-05-18 08:00:00-04:00,3.55679988861084,3.615799903869629,3.5160000324249268,3.6110999584198
2026-05-18 12:00:00-04:00,3.6105000972747803,3.6384999752044678,3.544800043106079,3.5564000606536865
2026-05-18 16:00:00-04:00,3.5520999431610107,3.575900077819824,3.533099889755249,3.5580999851226807
2026-05-18 20:00:00-04:00,3.555999994277954,3.5766000747680664,3.555799961090088,3.5683000087738037
2026-05-19 00:00:00-04:00,3.568000078201294,3.588099956512451,3.5578999519348145,3.5687999725341797
2026-05-19 04:00:00-04:00,3.5664000511169434,3.5861001014709473,3.552500009536743,3.583699941635132
2026-05-19 08:00:00-04:00,3.583400011062622,3.585900068283081,3.5260000228881836,3.553499937057495
2026-05-19 12:00:00-04:00,3.552799940109253,3.588900089263916,3.5380001068115234,3.5655999183654785
2026-05-19 16:00:00-04:00,3.566200017929077,3.5696001052856445,3.55049991607666,3.5506999492645264
2026-05-19 20:00:00-04:00,3.5527000427246094,3.569200038909912,3.5360000133514404,3.5422000885009766
2026-05-20 00:00:00-04:00,3.5401999950408936,3.559799909591675,3.5195999145507812,3.5283000469207764
2026-05-20 04:00:00-04:00,3.52620005607605,3.527100086212158,3.487499952316284,3.517199993133545
2026-05-20 08:00:00-04:00,3.516400098800659,3.5336999893188477,3.3708999156951904,3.4265999794006348
2026-05-20 12:00:00-04:00,3.4274001121520996,3.4321999549865723,3.357300043106079,3.3828001022338867
2026-05-20 16:00:00-04:00,3.382699966430664,3.3966000080108643,3.3761000633239746,3.3903000354766846
2026-05-20 20:00:00-04:00,3.390399932861328,3.421099901199341,3.378499984741211,3.3905999660491943
2026-05-21 00:00:00-04:00,3.390399932861328,3.414099931716919,3.3833999633789062,3.388400077819824
2026-05-21 04:00:00-04:00,3.388000011444092,3.4195001125335693,3.32069993019104,3.3952999114990234
2026-05-21 08:00:00-04:00,3.3952999114990234,3.4579999446868896,3.3924999237060547,3.3924999237060547
2026-05-21 12:00:00-04:00,3.3926000595092773,3.3929998874664307,3.2572999000549316,3.3315000534057617
2026-05-21 16:00:00-04:00,3.3315000534057617,3.3592000007629395,3.328900098800659,3.3447999954223633
2026-05-21 20:00:00-04:00,3.3441998958587646,3.3499999046325684,3.3190999031066895,3.3229000568389893
2026-05-22 00:00:00-04:00,3.323899984359741,3.3538999557495117,3.3136000633239746,3.321199893951416
2026-05-22 04:00:00-04:00,3.3224000930786133,3.3780999183654785,3.317500114440918,3.341599941253662
2026-05-22 08:00:00-04:00,3.3410000801086426,3.3714001178741455,3.2988998889923096,3.342600107192993
2026-05-22 12:00:00-04:00,3.3431999683380127,3.356100082397461,3.2920000553131104,3.3408000469207764
2026-05-22 16:00:00-04:00,3.338900089263916,3.3585000038146973,3.3297998905181885,3.3513998985290527
2026-05-26 00:00:00-04:00,3.2249999046325684,3.258699893951416,3.2170000076293945,3.2474000453948975
2026-05-26 04:00:00-04:00,3.2469000816345215,3.2690000534057617,3.20169997215271,3.228100061416626
2026-05-26 08:00:00-04:00,3.228600025177002,3.253999948501587,3.2042999267578125,3.2058000564575195
2026-05-26 12:00:00-04:00,3.205699920654297,3.216099977493286,3.1294000148773193,3.1379001140594482
2026-05-26 16:00:00-04:00,3.1370999813079834,3.146699905395508,3.1289000511169434,3.138000011444092
2026-05-26 20:00:00-04:00,3.1384999752044678,3.139699935913086,3.093100070953369,3.104099988937378
2026-05-27 00:00:00-04:00,3.1040000915527344,3.106800079345703,3.0404000282287598,3.0422000885009766
2026-05-27 04:00:00-04:00,3.0418999195098877,3.0764000415802,3.030600070953369,3.05430006980896
2026-05-27 08:00:00-04:00,3.0548999309539795,3.1036999225616455,2.9911000728607178,3.078700065612793
2026-05-27 12:00:00-04:00,3.0797998905181885,3.1029000282287598,3.061800003051758,3.0845000743865967
2026-05-27 16:00:00-04:00,3.0857999324798584,3.106300115585327,3.0813000202178955,3.1006999015808105
2026-05-27 20:00:00-04:00,3.100800037384033,3.1433000564575195,3.095599889755249,3.140000104904175
2026-05-28 00:00:00-04:00,3.1401000022888184,3.148400068283081,3.109999895095825,3.1363000869750977
2026-05-28 04:00:00-04:00,3.1342999935150146,3.157399892807007,3.113600015640259,3.130000114440918
2026-05-28 08:00:00-04:00,3.128000020980835,3.1315999031066895,3.0171000957489014,3.0836000442504883
2026-05-28 12:00:00-04:00,3.0866000652313232,3.1247000694274902,3.059299945831299,3.1247000694274902
2026-05-28 16:00:00-04:00,3.125200033187866,3.1273999214172363,3.089099884033203,3.095900058746338
2026-05-28 20:00:00-04:00,3.0899999141693115,3.1045000553131104,3.078200101852417,3.1015000343322754
2026-05-29 00:00:00-04:00,3.101300001144409,3.101300001144409,2.99399995803833,3.011699914932251
2026-05-29 04:00:00-04:00,3.0113000869750977,3.0185999870300293,2.9514000415802,2.9723000526428223
2026-05-29 08:00:00-04:00,2.972599983215332,3.0669000148773193,2.942199945449829,3.052500009536743
2026-05-29 12:00:00-04:00,3.0532000064849854,3.0625,3.0065999031066895,3.048799991607666
2026-05-29 16:00:00-04:00,3.050100088119507,3.052299976348877,3.03439998626709,3.03439998626709
2026-05-31 16:00:00-04:00,3.1017000675201416,3.1034998893737793,3.0820000171661377,3.088599920272827
2026-05-31 20:00:00-04:00,3.09060001373291,3.124799966812134,3.0882999897003174,3.1098999977111816
2026-06-01 00:00:00-04:00,3.1101999282836914,3.1308000087738037,3.096299886703491,3.114500045776367
2026-06-01 04:00:00-04:00,3.1138999462127686,3.1389999389648438,3.1010000705718994,3.101799964904785
2026-06-01 08:00:00-04:00,3.102099895477295,3.171600103378296,3.0487000942230225,3.131999969482422
2026-06-01 12:00:00-04:00,3.131200075149536,3.1440999507904053,3.0566999912261963,3.091200113296509
2026-06-01 16:00:00-04:00,3.09089994430542,3.094599962234497,3.0745999813079834,3.077699899673462
2026-06-01 20:00:00-04:00,3.078000068664551,3.085599899291992,3.0548999309539795,3.0597000122070312
2026-06-02 00:00:00-04:00,3.061000108718872,3.0840001106262207,3.0492000579833984,3.0625998973846436
2026-06-02 04:00:00-04:00,3.0620999336242676,3.0703999996185303,3.046099901199341,3.0617001056671143
2026-06-02 08:00:00-04:00,3.061000108718872,3.138400077819824,3.053800106048584,3.1173999309539795
2026-06-02 12:00:00-04:00,3.1168999671936035,3.154599905014038,3.1112000942230225,3.1431000232696533
2026-06-02 16:00:00-04:00,3.1433000564575195,3.163300037384033,3.1205999851226807,3.1435000896453857
2026-06-02 20:00:00-04:00,3.1440000534057617,3.156599998474121,3.135699987411499,3.140899896621704
2026-06-03 00:00:00-04:00,3.1410999298095703,3.1826999187469482,3.1403000354766846,3.177999973297119
2026-06-03 04:00:00-04:00,3.177000045776367,3.1982998847961426,3.1668999195098877,3.1691999435424805
2026-06-03 08:00:00-04:00,3.1684999465942383,3.1875998973846436,3.1393001079559326,3.1582000255584717
2026-06-03 12:00:00-04:00,3.1572999954223633,3.159899950027466,3.1240999698638916,3.1338000297546387
2026-06-03 16:00:00-04:00,3.132499933242798,3.1414999961853027,3.1117000579833984,3.1152000427246094
2026-06-03 20:00:00-04:00,3.1178998947143555,3.1275999546051025,3.0855000019073486,3.094899892807007
2026-06-04 00:00:00-04:00,3.0938000679016113,3.1117000579833984,3.0464000701904297,3.053999900817871
2026-06-04 04:00:00-04:00,3.0550999641418457,3.0617001056671143,2.970599889755249,2.9707999229431152
2026-06-04 08:00:00-04:00,2.9711999893188477,2.9948999881744385,2.9544999599456787,2.955399990081787
2026-06-04 12:00:00-04:00,2.9547998905181885,2.9925999641418457,2.947999954223633,2.9892001152038574
2026-06-04 16:00:00-04:00,2.988800048828125,2.9895999431610107,2.9827001094818115,2.98580002784729
2026-06-04 20:00:00-04:00,2.9856998920440674,3.0107998847961426,2.9828999042510986,3.000699996948242
2026-06-05 00:00:00-04:00,3.001800060272217,3.029099941253662,2.9639999866485596,3.029099941253662
2026-06-05 04:00:00-04:00,3.0272998809814453,3.0764000415802,2.9992001056671143,3.0100998878479004
2026-06-05 08:00:00-04:00,3.0104000568389893,3.016700029373169,2.9725000858306885,2.998500108718872
2026-06-05 12:00:00-04:00,2.9990999698638916,3.0013999938964844,2.971299886703491,2.985100030899048
2026-06-05 16:00:00-04:00,2.9863998889923096,2.9869000911712646,2.981600046157837,2.986799955368042
2026-06-07 16:00:00-04:00,3.0480000972747803,3.0480000972747803,3.0336999893188477,3.035900115966797
2026-06-07 20:00:00-04:00,3.0343000888824463,3.0829999446868896,3.024899959564209,3.05649995803833
2026-06-08 00:00:00-04:00,3.0611000061035156,3.159899950027466,3.0597000122070312,3.1586999893188477
2026-06-08 04:00:00-04:00,3.1591999530792236,3.1714000701904297,3.0220999717712402,3.024600028991699
2026-06-08 08:00:00-04:00,3.0253000259399414,3.0510001182556152,3.0007998943328857,3.045300006866455
2026-06-08 12:00:00-04:00,3.0448999404907227,3.047300100326538,3.0088000297546387,3.017899990081787
2026-06-08 16:00:00-04:00,3.018199920654297,3.025599956512451,3.0136001110076904,3.0195999145507812
2026-06-08 20:00:00-04:00,3.0178000926971436,3.0234999656677246,2.9921000003814697,2.9967000484466553
2026-06-09 00:00:00-04:00,2.998800039291382,3.0190000534057617,2.9899001121520996,3.0074000358581543
2026-06-09 04:00:00-04:00,3.0078999996185303,3.0188000202178955,2.987299919128418,3.0107998847961426
2026-06-09 08:00:00-04:00,3.011199951171875,3.025899887084961,2.938699960708618,2.940999984741211
2026-06-09 12:00:00-04:00,2.9407999515533447,3.010200023651123,2.9277000427246094,2.9846999645233154
2026-06-09 16:00:00-04:00,2.988100051879883,3.009000062942505,2.9823999404907227,3.0023999214172363
2026-06-09 20:00:00-04:00,3.0030999183654785,3.015199899673462,2.983099937438965,2.990299940109253
2026-06-10 00:00:00-04:00,2.9939000606536865,3.0452001094818115,2.968600034713745,3.025700092315674
2026-06-10 04:00:00-04:00,3.024899959564209,3.0457000732421875,2.9697000980377197,3.009200096130371
2026-06-10 08:00:00-04:00,3.0088000297546387,3.0817999839782715,2.9934000968933105,3.0648999214172363
2026-06-10 12:00:00-04:00,3.065700054168701,3.087100028991699,3.057499885559082,3.06469988822937
2026-06-10 16:00:00-04:00,3.0650999546051025,3.1326000690460205,3.061199903488159,3.1124000549316406
2026-06-10 20:00:00-04:00,3.109800100326538,3.1135001182556152,3.0813000202178955,3.0947000980377197
2026-06-11 00:00:00-04:00,3.0966999530792236,3.0994999408721924,3.0488998889923096,3.0495998859405518
2026-06-11 04:00:00-04:00,3.051800012588501,3.0618999004364014,3.0322999954223633,3.047800064086914
2026-06-11 08:00:00-04:00,3.0485999584198,3.1149001121520996,3.0425000190734863,3.1089999675750732
2026-06-11 12:00:00-04:00,3.108799934387207,3.1238999366760254,2.998500108718872,3.013400077819824
2026-06-11 16:00:00-04:00,3.0125999450683594,3.0125999450683594,2.9828999042510986,3.002500057220459
2026-06-11 20:00:00-04:00,3.0023000240325928,3.020900011062622,2.9895999431610107,2.9916000366210938
2026-06-12 00:00:00-04:00,2.9916999340057373,2.9993999004364014,2.958400011062622,2.962599992752075
2026-06-12 04:00:00-04:00,2.963900089263916,2.966399908065796,2.9119999408721924,2.9605000019073486
2026-06-12 08:00:00-04:00,2.9609999656677246,3.0257999897003174,2.9542999267578125,2.9684998989105225
2026-06-12 12:00:00-04:00,2.9695000648498535,2.9918999671936035,2.9611001014709473,2.9772000312805176
2026-06-12 16:00:00-04:00,2.976300001144409,2.9867000579833984,2.975100040435791,2.9867000579833984
2026-06-14 16:00:00-04:00,2.913599967956543,2.928800106048584,2.9084999561309814,2.910099983215332
2026-06-14 20:00:00-04:00,2.9098000526428223,2.9163999557495117,2.8856000900268555,2.888000011444092
2026-06-15 00:00:00-04:00,2.88700008392334,2.8994998931884766,2.859100103378296,2.864500045776367
2026-06-15 04:00:00-04:00,2.8643999099731445,2.8938000202178955,2.8610999584198,2.8910999298095703
2026-06-15 08:00:00-04:00,2.891700029373169,2.9121999740600586,2.8784000873565674,2.891200065612793
2026-06-15 12:00:00-04:00,2.8907999992370605,2.9063000679016113,2.878200054168701,2.9017999172210693
2026-06-15 16:00:00-04:00,2.90120005607605,2.906899929046631,2.894399881362915,2.9063000679016113
2026-06-15 20:00:00-04:00,2.9065001010894775,2.9065001010894775,2.8870999813079834,2.8910000324249268
2026-06-16 00:00:00-04:00,2.8929998874664307,2.893199920654297,2.85260009765625,2.854300022125244
2026-06-16 04:00:00-04:00,2.8540000915527344,2.86899995803833,2.8341000080108643,2.8498001098632812
2026-06-16 08:00:00-04:00,2.8492000102996826,2.865000009536743,2.7792999744415283,2.7876999378204346
2026-06-16 12:00:00-04:00,2.789900064468384,2.838599920272827,2.785399913787842,2.8333001136779785
2026-06-16 16:00:00-04:00,2.8336000442504883,2.835200071334839,2.8203001022338867,2.8306000232696533
2026-06-16 20:00:00-04:00,2.8282999992370605,2.8320999145507812,2.8066000938415527,2.8066000938415527
2026-06-17 00:00:00-04:00,2.812000036239624,2.8287999629974365,2.7909998893737793,2.8013999462127686
2026-06-17 04:00:00-04:00,2.8034000396728516,2.8254001140594482,2.7955000400543213,2.819499969482422
2026-06-17 08:00:00-04:00,2.81850004196167,2.8905999660491943,2.8101999759674072,2.8157999515533447
2026-06-17 12:00:00-04:00,2.8148999214172363,2.8403000831604004,2.8052000999450684,2.825900077819824
2026-06-17 16:00:00-04:00,2.8252999782562256,2.84060001373291,2.8239998817443848,2.8271000385284424
2026-06-17 20:00:00-04:00,2.8269999027252197,2.83489990234375,2.8111000061035156,2.812999963760376
2026-06-18 00:00:00-04:00,2.813800096511841,2.8152999877929688,2.7806999683380127,2.8083999156951904
2026-06-18 04:00:00-04:00,2.804500102996826,2.843400001525879,2.788300037384033,2.834199905395508
2026-06-18 08:00:00-04:00,2.834199905395508,2.838599920272827,2.791599988937378,2.825900077819824
2026-06-18 12:00:00-04:00,2.8264000415802,2.916100025177002,2.824399948120117,2.8921000957489014
2026-06-18 16:00:00-04:00,2.8915998935699463,2.8963000774383545,2.881500005722046,2.885699987411499
2026-06-18 20:00:00-04:00,2.884000062942505,2.8993000984191895,2.880000114440918,2.88919997215271
2026-06-21 16:00:00-04:00,2.9270999431610107,2.9479000568389893,2.9121999740600586,2.9386000633239746
2026-06-21 20:00:00-04:00,2.939500093460083,2.939500093460083,2.8715999126434326,2.881500005722046
2026-06-22 00:00:00-04:00,2.8784000873565674,2.9121999740600586,2.860599994659424,2.9038000106811523
2026-06-22 04:00:00-04:00,2.903899908065796,2.9219000339508057,2.889699935913086,2.8991000652313232
2026-06-22 08:00:00-04:00,2.8991000652313232,2.914900064468384,2.859299898147583,2.8666000366210938
2026-06-22 12:00:00-04:00,2.8666999340057373,2.9121999740600586,2.8640999794006348,2.892699956893921
2026-06-22 16:00:00-04:00,2.893399953842163,2.9121999740600586,2.8866000175476074,2.8931000232696533
2026-06-22 20:00:00-04:00,2.894399881362915,2.8977999687194824,2.8743999004364014,2.8743999004364014
2026-06-23 00:00:00-04:00,2.8775999546051025,2.879300117492676,2.841399908065796,2.858799934387207
2026-06-23 04:00:00-04:00,2.8589000701904297,2.8863000869750977,2.8589000701904297,2.8773000240325928
2026-06-23 08:00:00-04:00,2.8770999908447266,2.877700090408325,2.811000108718872,2.8345000743865967
2026-06-23 12:00:00-04:00,2.8355000019073486,2.8642001152038574,2.8355000019073486,2.858799934387207
2026-06-23 16:00:00-04:00,2.8598999977111816,2.8645999431610107,2.8320000171661377,2.833199977874756
2026-06-23 20:00:00-04:00,2.8341000080108643,2.844899892807007,2.816499948501587,2.822999954223633
2026-06-24 00:00:00-04:00,2.8254001140594482,2.8410000801086426,2.8048999309539795,2.8048999309539795
2026-06-24 04:00:00-04:00,2.805299997329712,2.8285999298095703,2.795300006866455,2.8057000637054443
2026-06-24 08:00:00-04:00,2.8041999340057373,2.817199945449829,2.763000011444092,2.770400047302246
2026-06-24 12:00:00-04:00,2.771199941635132,2.805500030517578,2.7644999027252197,2.783900022506714
2026-06-24 16:00:00-04:00,2.7832999229431152,2.7888998985290527,2.772200107574463,2.783099889755249
2026-06-24 20:00:00-04:00,2.782900094985962,2.7867000102996826,2.756500005722046,2.767199993133545
2026-06-25 00:00:00-04:00,2.766900062561035,2.7901999950408936,2.765399932861328,2.7901999950408936
2026-06-25 04:00:00-04:00,2.792099952697754,2.8148000240325928,2.7711000442504883,2.808300018310547
2026-06-25 08:00:00-04:00,2.809499979019165,2.873300075531006,2.795300006866455,2.868499994277954
2026-06-25 12:00:00-04:00,2.8696999549865723,2.908400058746338,2.8696999549865723,2.8989999294281006
2026-06-25 16:00:00-04:00,2.900099992752075,2.9047999382019043,2.879699945449829,2.884500026702881
2026-06-25 20:00:00-04:00,2.884700059890747,2.8921000957489014,2.863600015640259,2.865299940109253
2026-06-26 00:00:00-04:00,2.865799903869629,2.8747000694274902,2.844599962234497,2.847100019454956
2026-06-26 04:00:00-04:00,2.847399950027466,2.8566999435424805,2.8108999729156494,2.841900110244751
2026-06-26 08:00:00-04:00,2.8417999744415283,2.8494999408721924,2.7916998863220215,2.817199945449829
2026-06-26 12:00:00-04:00,2.817699909210205,2.835900068283081,2.811199903488159,2.835900068283081
2026-06-26 16:00:00-04:00,2.8355000019073486,2.857800006866455,2.825900077819824,2.825900077819824
2026-06-28 16:00:00-04:00,2.8399999141693115,2.853300094604492,2.839099884033203,2.8413000106811523
2026-06-28 20:00:00-04:00,2.839600086212158,2.8685998916625977,2.8334999084472656,2.8682000637054443
2026-06-29 00:00:00-04:00,2.8685998916625977,2.873800039291382,2.843100070953369,2.8433001041412354
2026-06-29 04:00:00-04:00,2.8433001041412354,2.881200075149536,2.8406999111175537,2.8631999492645264
2026-06-29 08:00:00-04:00,2.863100051879883,2.9030001163482666,2.855299949645996,2.899199962615967
2026-06-29 12:00:00-04:00,2.8993000984191895,2.9082999229431152,2.8822999000549316,2.8919999599456787
2026-06-29 16:00:00-04:00,2.8922998905181885,2.909899950027466,2.885699987411499,2.8866000175476074
2026-06-29 20:00:00-04:00,2.8857998847961426,2.896399974822998,2.8750998973846436,2.8859000205993652
2026-06-30 00:00:00-04:00,2.889899969100952,2.8907999992370605,2.8740999698638916,2.8835999965667725
2026-06-30 04:00:00-04:00,2.885699987411499,2.9177000522613525,2.8812999725341797,2.9161999225616455
2026-06-30 08:00:00-04:00,2.9165000915527344,2.928299903869629,2.896199941635132,2.897200107574463
2026-06-30 12:00:00-04:00,2.896899938583374,2.915600061416626,2.8884999752044678,2.9042000770568848
2026-06-30 16:00:00-04:00,2.9042999744415283,2.9103000164031982,2.898200035095215,2.9102001190185547
2026-06-30 20:00:00-04:00,2.9093000888824463,2.9231998920440674,2.9089999198913574,2.9221999645233154
2026-07-01 00:00:00-04:00,2.923099994659424,2.9247000217437744,2.9077000617980957,2.9200000762939453
2026-07-01 04:00:00-04:00,2.920599937438965,2.9263999462127686,2.7427000999450684,2.757999897003174
2026-07-01 08:00:00-04:00,2.757699966430664,2.9546000957489014,2.74180006980896,2.9310998916625977
2026-07-01 12:00:00-04:00,2.9323999881744385,2.962100028991699,2.9267001152038574,2.938699960708618
2026-07-01 16:00:00-04:00,2.9384000301361084,2.9447999000549316,2.9319000244140625,2.9339001178741455
2026-07-01 20:00:00-04:00,2.9347000122070312,2.936199903488159,2.9047000408172607,2.907399892807007
2026-07-02 00:00:00-04:00,2.9091999530792236,2.9270999431610107,2.898200035095215,2.9161999225616455
2026-07-02 04:00:00-04:00,2.915800094604492,2.9244000911712646,2.8726000785827637,2.88700008392334
2026-07-02 08:00:00-04:00,2.886899948120117,2.8966000080108643,2.8548998832702637,2.885499954223633
2026-07-02 12:00:00-04:00,2.8859000205993652,2.9260001182556152,2.8831000328063965,2.9191999435424805
2026-07-02 16:00:00-04:00,2.9193999767303467,2.922300100326538,2.9175000190734863,2.9186999797821045
2026-07-02 20:00:00-04:00,2.9184000492095947,2.9368999004364014,2.9158999919891357,2.936000108718872
2026-07-05 16:00:00-04:00,2.759000062942505,2.7739999294281006,2.755199909210205,2.7560999393463135
2026-07-05 20:00:00-04:00,2.7564001083374023,2.7802000045776367,2.75570011138916,2.7651000022888184
2026-07-06 00:00:00-04:00,2.7672998905181885,2.788800001144409,2.7492001056671143,2.7492001056671143
2026-07-06 04:00:00-04:00,2.7523999214172363,2.7832999229431152,2.75219988822937,2.782099962234497
2026-07-06 08:00:00-04:00,2.782599925994873,3.0197999477386475,2.7739999294281006,3.0076000690460205
2026-07-06 12:00:00-04:00,3.0072999000549316,3.0111000537872314,2.9530999660491943,3.0060999393463135
2026-07-06 16:00:00-04:00,3.00600004196167,3.0100998878479004,2.9530999660491943,3.004499912261963
2026-07-06 20:00:00-04:00,3.0037999153137207,3.0241000652313232,3.0030999183654785,3.0134999752044678
2026-07-07 00:00:00-04:00,3.01419997215271,3.026599884033203,3.003700017929077,3.003700017929077
2026-07-07 04:00:00-04:00,3.0035998821258545,3.0120999813079834,2.7825000286102295,2.783799886703491
2026-07-07 08:00:00-04:00,2.781899929046631,2.8071999549865723,2.765199899673462,2.7953999042510986
2026-07-07 12:00:00-04:00,2.7955000400543213,2.8369998931884766,2.778899908065796,2.8248000144958496
2026-07-07 16:00:00-04:00,2.827500104904175,2.8577001094818115,2.825900077819824,2.8450000286102295
2026-07-07 20:00:00-04:00,2.8445000648498535,2.852799892425537,2.8350000381469727,2.836199998855591
2026-07-08 00:00:00-04:00,2.8359999656677246,2.8464999198913574,2.7836999893188477,2.789799928665161
2026-07-08 04:00:00-04:00,2.7894999980926514,2.8705999851226807,2.7873001098632812,2.8480000495910645
2026-07-08 08:00:00-04:00,2.8469998836517334,2.970900058746338,2.83489990234375,2.962399959564209
2026-07-08 12:00:00-04:00,2.9628000259399414,2.9679999351501465,2.916800022125244,2.9442999362945557
2026-07-08 16:00:00-04:00,2.9451000690460205,2.9612998962402344,2.930500030517578,2.942500114440918
2026-07-08 20:00:00-04:00,2.940999984741211,2.9521000385284424,2.9349000453948975,2.941200017929077
2026-07-09 00:00:00-04:00,2.940000057220459,2.9491000175476074,2.8965001106262207,2.9010000228881836
2026-07-09 04:00:00-04:00,2.9014999866485596,2.9742000102996826,2.8935000896453857,2.9486000537872314
2026-07-09 08:00:00-04:00,2.947999954223633,2.954699993133545,2.885200023651123,2.8965001106262207
2026-07-09 12:00:00-04:00,2.8970999717712402,2.8989999294281006,2.8473000526428223,2.8545000553131104
2026-07-09 16:00:00-04:00,2.8550000190734863,2.8678998947143555,2.846299886703491,2.8480000495910645
2026-07-09 20:00:00-04:00,2.850800037384033,2.850800037384033,2.825000047683716,2.8324999809265137
2026-07-10 00:00:00-04:00,2.833899974822998,2.833899974822998,2.805000066757202,2.8197999000549316
2026-07-10 04:00:00-04:00,2.8192999362945557,2.8605000972747803,2.8099000453948975,2.857100009918213
2026-07-10 08:00:00-04:00,2.856100082397461,2.861999988555908,2.786900043487549,2.8073999881744385
2026-07-10 12:00:00-04:00,2.8083999156951904,2.831399917602539,2.8018999099731445,2.8250999450683594
2026-07-10 16:00:00-04:00,2.824700117111206,2.8269999027252197,2.8203001022338867,2.8215999603271484
2026-07-12 16:00:00-04:00,2.875499963760376,2.8826000690460205,2.86899995803833,2.874000072479248
2026-07-12 20:00:00-04:00,2.873199939727783,2.8970000743865967,2.873199939727783,2.8938000202178955
2026-07-13 00:00:00-04:00,2.8935999870300293,3.082200050354004,2.8928000926971436,3.0810000896453857
2026-07-13 04:00:00-04:00,3.078700065612793,3.0787999629974365,2.859100103378296,2.891400098800659
2026-07-13 08:00:00-04:00,2.8907999992370605,2.91729998588562,2.8626999855041504,2.9077000617980957
2026-07-13 12:00:00-04:00,2.9077000617980957,2.9916999340057373,2.9077000617980957,2.9714999198913574
2026-07-13 16:00:00-04:00,2.9711999893188477,3.0,2.970900058746338,2.99399995803833
2026-07-13 20:00:00-04:00,2.9870998859405518,3.0216000080108643,2.9830000400543213,3.0011000633239746
2026-07-14 00:00:00-04:00,2.999500036239624,3.058799982070923,2.9872000217437744,3.04830002784729
2026-07-14 04:00:00-04:00,3.046099901199341,3.074899911880493,3.031599998474121,3.0343000888824463
2026-07-14 08:00:00-04:00,3.0339999198913574,3.072999954223633,3.0020999908447266,3.034899950027466
2026-07-14 12:00:00-04:00,3.035900115966797,3.05049991607666,3.0172998905181885,3.04259991645813
2026-07-14 16:00:00-04:00,3.0443999767303467,3.0566999912261963,3.041300058364868,3.042799949645996
2026-07-14 20:00:00-04:00,3.039900064468384,3.0776000022888184,3.0373001098632812,3.069000005722046
2026-07-15 00:00:00-04:00,3.0690999031066895,3.0769999027252197,3.052000045776367,3.071899890899658
2026-07-15 04:00:00-04:00,3.0713999271392822,3.0871999263763428,3.041300058364868,3.0703999996185303
2026-07-15 08:00:00-04:00,3.0708999633789062,3.079200029373169,3.0392000675201416,3.0724000930786133
2026-07-15 12:00:00-04:00,3.072700023651123,3.121000051498413,3.0634000301361084,3.1110000610351562
2026-07-15 16:00:00-04:00,3.1120998859405518,3.1161000728607178,3.099900007247925,3.101599931716919
2026-07-15 20:00:00-04:00,3.100800037384033,3.1070001125335693,3.0824999809265137,3.0868000984191895
2026-07-16 00:00:00-04:00,3.0882999897003174,3.100800037384033,3.076200008392334,3.097399950027466
2026-07-16 04:00:00-04:00,3.0975000858306885,3.1431000232696533,3.0906999111175537,3.1261000633239746
2026-07-16 08:00:00-04:00,3.1261000633239746,3.1577000617980957,3.0950000286102295,3.099400043487549
2026-07-16 12:00:00-04:00,3.1003000736236572,3.115600109100342,3.071700096130371,3.0927000045776367
2026-07-16 16:00:00-04:00,3.0917000770568848,3.1189000606536865,3.087100028991699,3.1142001152038574
2026-07-16 20:00:00-04:00,3.1157000064849854,3.127500057220459,3.109800100326538,3.1187000274658203
2026-07-17 00:00:00-04:00,3.120800018310547,3.1240999698638916,3.0917999744415283,3.09879994392395
2026-07-17 04:00:00-04:00,3.0966999530792236,3.150899887084961,3.079699993133545,3.1507999897003174
2026-07-17 08:00:00-04:00,3.1510000228881836,3.200700044631958,3.1487998962402344,3.1951000690460205
2026-07-17 12:00:00-04:00,3.1946001052856445,3.2260000705718994,3.1731998920440674,3.1807000637054443
2026-07-17 16:00:00-04:00,3.1816000938415527,3.194200038909912,3.17930006980896,3.1916000843048096
2026-07-19 16:00:00-04:00,3.2411000728607178,3.256500005722046,3.238800048828125,3.24429988861084
2026-07-19 20:00:00-04:00,3.2435998916625977,3.24399995803833,3.2237000465393066,3.2311999797821045
2026-07-20 00:00:00-04:00,3.2311999797821045,3.2423999309539795,3.203000068664551,3.208400011062622
2026-07-20 04:00:00-04:00,3.204900026321411,3.204900026321411,3.1419999599456787,3.15310001373291
2026-07-20 08:00:00-04:00,3.15310001373291,3.210700035095215,3.15310001373291,3.1856000423431396
2026-07-20 12:00:00-04:00,3.1854000091552734,3.2121999263763428,3.1703999042510986,3.2023000717163086
2026-07-20 16:00:00-04:00,3.2032999992370605,3.208899974822998,3.1951000690460205,3.203900098800659
2026-07-20 20:00:00-04:00,3.202399969100952,3.206199884414673,3.1875998973846436,3.1921000480651855
2026-07-21 00:00:00-04:00,3.190999984741211,3.2107999324798584,3.180500030517578,3.18969988822937
2026-07-21 04:00:00-04:00,3.1898999214172363,3.228800058364868,3.168100118637085,3.219899892807007
2026-07-21 08:00:00-04:00,3.218400001525879,3.2383999824523926,3.2019999027252197,3.228600025177002
2026-07-21 12:00:00-04:00,3.228100061416626,3.2439000606536865,3.216399908065796,3.227299928665161
2026-07-21 16:00:00-04:00,3.227099895477295,3.23009991645813,3.216900110244751,3.2235000133514404
2026-07-21 20:00:00-04:00,3.2237000465393066,3.2455999851226807,3.2165000438690186,3.2414000034332275
2026-07-22 00:00:00-04:00,3.243799924850464,3.2964000701904297,3.237499952316284,3.2890000343322754
2026-07-22 04:00:00-04:00,3.288800001144409,3.288800001144409,3.2572999000549316,3.2771999835968018
2026-07-22 08:00:00-04:00,3.2769999504089355,3.296099901199341,3.2253000736236572,3.2300000190734863
2026-07-22 12:00:00-04:00,3.2302000522613525,3.257699966430664,3.2227001190185547,3.2471001148223877
2026-07-22 16:00:00-04:00,3.246999979019165,3.2737998962402344,3.241300106048584,3.2616000175476074
2026-07-22 20:00:00-04:00,3.261199951171875,3.281599998474121,3.253700017929077,3.2711000442504883
