Datetime,Open,High,Low,Close
2024-07-23 00:00:00+01:00,116.43000030517578,116.59500122070312,116.3550033569336,116.44200134277344
2024-07-23 04:00:00+01:00,116.44300079345703,116.4749984741211,116.11699676513672,116.36599731445312
2024-07-23 08:00:00+01:00,116.36900329589844,116.40299987792969,115.8280029296875,115.96800231933594
2024-07-23 12:00:00+01:00,115.96800231933594,116.11000061035156,115.84400177001953,115.85600280761719
2024-07-23 16:00:00+01:00,115.85600280761719,115.96900177001953,115.6240005493164,115.63999938964844
2024-07-23 20:00:00+01:00,115.64900207519531,115.6729965209961,115.43099975585938,115.63700103759766
2024-07-24 00:00:00+01:00,115.63200378417969,115.88099670410156,115.31900024414062,115.36000061035156
2024-07-24 04:00:00+01:00,115.36100006103516,115.38999938964844,114.71900177001953,114.94599914550781
2024-07-24 08:00:00+01:00,114.93900299072266,115.18900299072266,114.68000030517578,114.9489974975586
2024-07-24 12:00:00+01:00,114.9469985961914,114.96199798583984,114.09200286865234,114.23300170898438
2024-07-24 16:00:00+01:00,114.22899627685547,114.66699981689453,114.2239990234375,114.59400177001953
2024-07-24 20:00:00+01:00,114.59300231933594,114.66899871826172,114.10800170898438,114.33300018310547
2024-07-25 00:00:00+01:00,114.31700134277344,114.55400085449219,113.4530029296875,113.54900360107422
2024-07-25 04:00:00+01:00,113.54100036621094,113.76200103759766,113.26599884033203,113.6989974975586
2024-07-25 08:00:00+01:00,113.70099639892578,113.76200103759766,113.20099639892578,113.40799713134766
2024-07-25 12:00:00+01:00,113.41000366210938,114.7509994506836,113.38999938964844,114.46600341796875
2024-07-25 16:00:00+01:00,114.45700073242188,114.9020004272461,114.44200134277344,114.45800018310547
2024-07-25 20:00:00+01:00,114.45800018310547,114.65399932861328,114.38700103759766,114.5469970703125
2024-07-26 00:00:00+01:00,114.54000091552734,114.72200012207031,114.17400360107422,114.57599639892578
2024-07-26 04:00:00+01:00,114.5780029296875,114.5780029296875,114.30400085449219,114.4010009765625
2024-07-26 08:00:00+01:00,114.40699768066406,115.07599639892578,114.35199737548828,115.01899719238281
2024-07-26 12:00:00+01:00,115.0199966430664,115.13300323486328,114.03800201416016,114.33300018310547
2024-07-26 16:00:00+01:00,114.33300018310547,114.63999938964844,114.32499694824219,114.49600219726562
2024-07-26 20:00:00+01:00,114.49500274658203,114.55999755859375,114.33000183105469,114.55999755859375
2024-07-29 00:00:00+01:00,114.68099975585938,114.927001953125,114.09500122070312,114.34200286865234
2024-07-29 04:00:00+01:00,114.33899688720703,114.5270004272461,114.14600372314453,114.28900146484375
2024-07-29 08:00:00+01:00,114.28299713134766,114.54100036621094,114.1719970703125,114.37699890136719
2024-07-29 12:00:00+01:00,114.38200378417969,114.69999694824219,114.29900360107422,114.61599731445312
2024-07-29 16:00:00+01:00,114.61499786376953,114.66200256347656,114.51499938964844,114.62000274658203
2024-07-29 20:00:00+01:00,114.62799835205078,114.69300079345703,114.38400268554688,114.66699981689453
2024-07-30 00:00:00+01:00,114.65799713134766,114.77200317382812,114.36599731445312,114.5989990234375
2024-07-30 04:00:00+01:00,114.59200286865234,115.41200256347656,114.5739974975586,115.32499694824219
2024-07-30 08:00:00+01:00,115.33799743652344,115.39600372314453,115.0459976196289,115.12100219726562
2024-07-30 12:00:00+01:00,115.12100219726562,115.24600219726562,114.69400024414062,114.96299743652344
2024-07-30 16:00:00+01:00,114.96199798583984,114.97000122070312,113.94499969482422,114.11000061035156
2024-07-30 20:00:00+01:00,114.10900115966797,114.1729965209961,113.43299865722656,113.9260025024414
2024-07-31 00:00:00+01:00,113.88700103759766,114.18900299072266,113.38700103759766,113.86399841308594
2024-07-31 04:00:00+01:00,113.86699676513672,114.53199768066406,112.95500183105469,113.51200103759766
2024-07-31 08:00:00+01:00,113.50700378417969,113.61100006103516,112.01399993896484,112.43499755859375
2024-07-31 12:00:00+01:00,112.43000030517578,112.60199737548828,111.98600006103516,112.46399688720703
2024-07-31 16:00:00+01:00,112.46299743652344,112.95600128173828,112.36399841308594,112.54199981689453
2024-07-31 20:00:00+01:00,112.53299713134766,112.59200286865234,111.9280014038086,112.3270034790039
2024-08-01 00:00:00+01:00,112.33899688720703,112.46800231933594,111.27300262451172,112.072998046875
2024-08-01 04:00:00+01:00,112.06900024414062,112.37899780273438,111.83599853515625,112.18499755859375
2024-08-01 08:00:00+01:00,112.18000030517578,112.25599670410156,111.68699645996094,112.1050033569336
2024-08-01 12:00:00+01:00,112.10700225830078,112.8010025024414,112.05699920654297,112.31900024414062
2024-08-01 16:00:00+01:00,112.31900024414062,112.35099792480469,111.80599975585938,111.8219985961914
2024-08-01 20:00:00+01:00,111.8219985961914,112.05599975585938,111.38800048828125,111.70500183105469
2024-08-02 00:00:00+01:00,111.68699645996094,111.98699951171875,111.39700317382812,111.88700103759766
2024-08-02 04:00:00+01:00,111.89700317382812,111.96499633789062,111.5989990234375,111.65599822998047
2024-08-02 08:00:00+01:00,111.65399932861328,111.95999908447266,111.44100189208984,111.75199890136719
2024-08-02 12:00:00+01:00,111.7490005493164,112.0009994506836,110.5999984741211,110.71499633789062
2024-08-02 16:00:00+01:00,110.71299743652344,111.08799743652344,110.38700103759766,110.41500091552734
2024-08-02 20:00:00+01:00,110.41300201416016,110.54499816894531,110.29100036621094,110.44400024414062
2024-08-05 00:00:00+01:00,110.28299713134766,110.31099700927734,109.24600219726562,109.58499908447266
2024-08-05 04:00:00+01:00,109.58100128173828,109.6050033569336,107.0199966430664,107.697998046875
2024-08-05 08:00:00+01:00,107.6989974975586,108.81099700927734,107.34600067138672,107.73300170898438
2024-08-05 12:00:00+01:00,107.73300170898438,108.83699798583984,107.48200225830078,107.94499969482422
2024-08-05 16:00:00+01:00,107.94999694824219,109.45700073242188,107.73400115966797,108.28399658203125
2024-08-05 20:00:00+01:00,108.2699966430664,109.34300231933594,108.26200103759766,109.3010025024414
2024-08-06 00:00:00+01:00,109.25800323486328,110.35800170898438,108.96099853515625,109.67500305175781
2024-08-06 04:00:00+01:00,109.6760025024414,110.33300018310547,109.51899719238281,109.80999755859375
2024-08-06 08:00:00+01:00,109.81099700927734,110.02100372314453,108.77200317382812,109.1449966430664
2024-08-06 12:00:00+01:00,109.14600372314453,109.5250015258789,108.66699981689453,108.98799896240234
2024-08-06 16:00:00+01:00,108.98699951171875,109.65499877929688,108.98500061035156,109.38099670410156
2024-08-06 20:00:00+01:00,109.38099670410156,109.43399810791016,108.56999969482422,108.9729995727539
2024-08-07 00:00:00+01:00,109.00599670410156,110.95500183105469,108.86100006103516,110.51399993896484
2024-08-07 04:00:00+01:00,110.50800323486328,111.27200317382812,110.25800323486328,110.39099884033203
2024-08-07 08:00:00+01:00,110.39199829101562,111.16100311279297,110.05000305175781,110.81800079345703
2024-08-07 12:00:00+01:00,110.81700134277344,111.10199737548828,110.47899627685547,110.96399688720703
2024-08-07 16:00:00+01:00,110.95800018310547,111.22200012207031,110.43000030517578,110.51899719238281
2024-08-07 20:00:00+01:00,110.5270004272461,110.83300018310547,110.15699768066406,110.37300109863281
2024-08-08 00:00:00+01:00,110.35700225830078,110.64900207519531,109.64299774169922,110.51300048828125
2024-08-08 04:00:00+01:00,110.51799774169922,110.71299743652344,110.13800048828125,110.39299774169922
2024-08-08 08:00:00+01:00,110.39399719238281,110.58999633789062,109.95700073242188,110.28099822998047
2024-08-08 12:00:00+01:00,110.27999877929688,111.18099975585938,110.18199920654297,111.05400085449219
2024-08-08 16:00:00+01:00,111.0510025024414,111.15899658203125,110.86499786376953,111.03500366210938
2024-08-08 20:00:00+01:00,111.04499816894531,111.13600158691406,110.85299682617188,111.08200073242188
2024-08-09 00:00:00+01:00,111.06600189208984,111.46099853515625,110.9540023803711,111.39299774169922
2024-08-09 04:00:00+01:00,111.38200378417969,111.42900085449219,110.88999938964844,111.25800323486328
2024-08-09 08:00:00+01:00,111.25900268554688,111.30400085449219,111.00499725341797,111.1050033569336
2024-08-09 12:00:00+01:00,111.11100006103516,111.12000274658203,110.5770034790039,110.75399780273438
2024-08-09 16:00:00+01:00,110.75199890136719,110.88200378417969,110.66300201416016,110.76000213623047
2024-08-09 20:00:00+01:00,110.76100158691406,110.86900329589844,110.54100036621094,110.7239990234375
2024-08-12 00:00:00+01:00,110.99400329589844,111.08499908447266,110.82099914550781,110.96199798583984
2024-08-12 04:00:00+01:00,110.96299743652344,111.2030029296875,110.91100311279297,111.11100006103516
2024-08-12 08:00:00+01:00,111.11100006103516,111.30699920654297,111.00800323486328,111.29100036621094
2024-08-12 12:00:00+01:00,111.28900146484375,111.87000274658203,111.26399993896484,111.59700012207031
2024-08-12 16:00:00+01:00,111.5989990234375,111.61100006103516,111.07499694824219,111.22699737548828
2024-08-12 20:00:00+01:00,111.22899627685547,111.24500274658203,110.97000122070312,111.08899688720703
2024-08-13 00:00:00+01:00,111.09200286865234,111.37999725341797,110.94400024414062,111.30000305175781
2024-08-13 04:00:00+01:00,111.3030014038086,111.79499816894531,111.27799987792969,111.72599792480469
2024-08-13 08:00:00+01:00,111.72799682617188,111.80799865722656,111.51599884033203,111.52400207519531
2024-08-13 12:00:00+01:00,111.51899719238281,111.60199737548828,111.14800262451172,111.3219985961914
2024-08-13 16:00:00+01:00,111.322998046875,111.42900085449219,111.1969985961914,111.37200164794922
2024-08-13 20:00:00+01:00,111.37000274658203,111.5260009765625,111.2229995727539,111.43199920654297
2024-08-14 00:00:00+01:00,111.45600128173828,111.70700073242188,110.91500091552734,111.19599914550781
2024-08-14 04:00:00+01:00,111.19599914550781,111.79100036621094,111.05799865722656,111.72699737548828
2024-08-14 08:00:00+01:00,111.72599792480469,111.9990005493164,111.6500015258789,111.66799926757812
2024-08-14 12:00:00+01:00,111.66699981689453,112.10800170898438,111.302001953125,111.64600372314453
2024-08-14 16:00:00+01:00,111.64600372314453,111.86699676513672,111.51799774169922,111.84300231933594
2024-08-14 20:00:00+01:00,111.84400177001953,111.96900177001953,111.68099975585938,111.8759994506836
2024-08-15 00:00:00+01:00,111.87100219726562,111.99700164794922,111.74600219726562,111.91400146484375
2024-08-15 04:00:00+01:00,111.91000366210938,111.93800354003906,111.61199951171875,111.6989974975586
2024-08-15 08:00:00+01:00,111.7030029296875,111.87699890136719,111.63899993896484,111.74299621582031
2024-08-15 12:00:00+01:00,111.74299621582031,112.89299774169922,111.6760025024414,112.85099792480469
2024-08-15 16:00:00+01:00,112.8479995727539,112.8499984741211,112.6760025024414,112.7020034790039
2024-08-15 20:00:00+01:00,112.69599914550781,112.96600341796875,112.63600158691406,112.83300018310547
2024-08-16 00:00:00+01:00,112.83499908447266,112.88500213623047,112.63999938964844,112.73100280761719
2024-08-16 04:00:00+01:00,112.7239990234375,112.9020004272461,112.64900207519531,112.88500213623047
2024-08-16 08:00:00+01:00,112.87999725341797,112.90299987792969,112.46199798583984,112.48400115966797
2024-08-16 12:00:00+01:00,112.4800033569336,112.48500061035156,111.947998046875,112.26000213623047
2024-08-16 16:00:00+01:00,112.26100158691406,112.48400115966797,112.16400146484375,112.20800018310547
2024-08-16 20:00:00+01:00,112.20899963378906,112.25199890136719,111.79299926757812,112.20099639892578
2024-08-19 00:00:00+01:00,112.34600067138672,112.5270004272461,112.19100189208984,112.2979965209961
2024-08-19 04:00:00+01:00,112.2979965209961,112.32499694824219,110.8759994506836,111.29000091552734
2024-08-19 08:00:00+01:00,111.29499816894531,111.77400207519531,111.17500305175781,111.64399719238281
2024-08-19 12:00:00+01:00,111.64900207519531,111.97599792480469,111.39399719238281,111.81900024414062
2024-08-19 16:00:00+01:00,111.81700134277344,112.13999938964844,111.80599975585938,112.125
2024-08-19 20:00:00+01:00,112.12300109863281,112.13800048828125,111.75800323486328,112.06999969482422
2024-08-20 00:00:00+01:00,112.06700134277344,112.30400085449219,111.5739974975586,112.23300170898438
2024-08-20 04:00:00+01:00,112.23300170898438,112.45999908447266,112.09700012207031,112.3010025024414
2024-08-20 08:00:00+01:00,112.2979965209961,112.38800048828125,111.81099700927734,111.9489974975586
2024-08-20 12:00:00+01:00,111.947998046875,112.03399658203125,111.43099975585938,111.49500274658203
2024-08-20 16:00:00+01:00,111.49400329589844,111.62699890136719,111.28500366210938,111.38200378417969
2024-08-20 20:00:00+01:00,111.38700103759766,111.44200134277344,110.96700286865234,111.21700286865234
2024-08-21 00:00:00+01:00,111.20899963378906,111.552001953125,111.0979995727539,111.33999633789062
2024-08-21 04:00:00+01:00,111.34200286865234,111.6449966430664,111.28299713134766,111.61399841308594
2024-08-21 08:00:00+01:00,111.61799621582031,111.87300109863281,111.48400115966797,111.83799743652344
2024-08-21 12:00:00+01:00,111.83599853515625,112.18299865722656,111.29199981689453,111.44100189208984
2024-08-21 16:00:00+01:00,111.44300079345703,111.44499969482422,110.78399658203125,110.94300079345703
2024-08-21 20:00:00+01:00,110.94400024414062,111.26499938964844,110.79299926757812,111.1050033569336
2024-08-22 00:00:00+01:00,111.02300262451172,111.46800231933594,110.9739990234375,111.28700256347656
2024-08-22 04:00:00+01:00,111.28600311279297,111.3270034790039,110.96700286865234,111.28299713134766
2024-08-22 08:00:00+01:00,111.28500366210938,111.56700134277344,110.99700164794922,111.47899627685547
2024-08-22 12:00:00+01:00,111.47799682617188,111.83799743652344,111.41200256347656,111.6050033569336
2024-08-22 16:00:00+01:00,111.6050033569336,111.74099731445312,111.2959976196289,111.552001953125
2024-08-22 20:00:00+01:00,111.5530014038086,111.64600372314453,111.3489990234375,111.49400329589844
2024-08-23 00:00:00+01:00,111.50499725341797,111.6510009765625,111.072998046875,111.28099822998047
2024-08-23 04:00:00+01:00,111.28199768066406,111.5459976196289,111.13899993896484,111.2490005493164
2024-08-23 08:00:00+01:00,111.25700378417969,111.69100189208984,111.2229995727539,111.60199737548828
2024-08-23 12:00:00+01:00,111.5999984741211,111.83899688720703,111.25399780273438,111.38400268554688
2024-08-23 16:00:00+01:00,111.38400268554688,111.39199829101562,110.78600311279297,110.875
2024-08-23 20:00:00+01:00,110.8740005493164,111.06999969482422,110.71099853515625,111.0260009765625
2024-08-26 00:00:00+01:00,110.61699676513672,110.70500183105469,110.31400299072266,110.58799743652344
2024-08-26 04:00:00+01:00,110.58599853515625,110.70800018310547,110.36299896240234,110.40499877929688
2024-08-26 08:00:00+01:00,110.40399932861328,110.6240005493164,110.28800201416016,110.56800079345703
2024-08-26 12:00:00+01:00,110.56400299072266,110.79199981689453,110.40499877929688,110.6449966430664
2024-08-26 16:00:00+01:00,110.6500015258789,110.92500305175781,110.63999938964844,110.8239974975586
2024-08-26 20:00:00+01:00,110.822998046875,110.89399719238281,110.63700103759766,110.73600006103516
2024-08-27 00:00:00+01:00,110.7239990234375,111.11499786376953,110.63400268554688,111.06600189208984
2024-08-27 04:00:00+01:00,111.06800079345703,111.1259994506836,110.87999725341797,111.00900268554688
2024-08-27 08:00:00+01:00,111.00900268554688,111.2229995727539,110.98600006103516,111.0199966430664
2024-08-27 12:00:00+01:00,111.01799774169922,111.08999633789062,110.61900329589844,110.68099975585938
2024-08-27 16:00:00+01:00,110.68099975585938,110.75599670410156,110.56999969482422,110.64900207519531
2024-08-27 20:00:00+01:00,110.64900207519531,110.68800354003906,110.31300354003906,110.55999755859375
2024-08-28 00:00:00+01:00,110.56900024414062,110.84300231933594,110.45700073242188,110.81700134277344
2024-08-28 04:00:00+01:00,110.81800079345703,110.89299774169922,110.65699768066406,110.80400085449219
2024-08-28 08:00:00+01:00,110.802001953125,110.88099670410156,110.57499694824219,110.77899932861328
2024-08-28 12:00:00+01:00,110.77799987792969,111.1709976196289,110.66799926757812,110.98799896240234
2024-08-28 16:00:00+01:00,110.98899841308594,111.04100036621094,110.7959976196289,110.9469985961914
2024-08-28 20:00:00+01:00,110.94400024414062,111.03399658203125,110.5270004272461,110.7490005493164
2024-08-29 00:00:00+01:00,110.71900177001953,111.08999633789062,110.6709976196289,111.00399780273438
2024-08-29 04:00:00+01:00,111.00199890136719,111.3030014038086,110.92900085449219,111.15299987792969
2024-08-29 08:00:00+01:00,111.15699768066406,111.30599975585938,110.88600158691406,111.0770034790039
2024-08-29 12:00:00+01:00,111.07499694824219,111.61599731445312,110.96299743652344,111.48899841308594
2024-08-29 16:00:00+01:00,111.49400329589844,111.51200103759766,111.08699798583984,111.13099670410156
2024-08-29 20:00:00+01:00,111.13099670410156,111.3489990234375,111.0250015258789,111.1729965209961
2024-08-30 00:00:00+01:00,111.19999694824219,111.31500244140625,111.02899932861328,111.0479965209961
2024-08-30 04:00:00+01:00,111.0479965209961,111.30500030517578,111.02400207519531,111.22200012207031
2024-08-30 08:00:00+01:00,111.23100280761719,111.51200103759766,111.19400024414062,111.50700378417969
2024-08-30 12:00:00+01:00,111.50199890136719,111.79000091552734,111.45999908447266,111.68099975585938
2024-08-30 16:00:00+01:00,111.68699645996094,112.0260009765625,111.65399932861328,111.90899658203125
2024-08-30 20:00:00+01:00,111.91400146484375,112.052001953125,111.64600372314453,111.875
2024-09-02 00:00:00+01:00,112.11799621582031,112.22799682617188,111.68299865722656,111.72899627685547
2024-09-02 04:00:00+01:00,111.72200012207031,111.97000122070312,111.5739974975586,111.86900329589844
2024-09-02 08:00:00+01:00,111.87000274658203,112.38400268554688,111.84100341796875,112.31500244140625
2024-09-02 12:00:00+01:00,112.31199645996094,112.56800079345703,112.26399993896484,112.427001953125
2024-09-02 16:00:00+01:00,112.43399810791016,112.49299621582031,112.28700256347656,112.4000015258789
2024-09-02 20:00:00+01:00,112.38600158691406,112.46800231933594,112.13200378417969,112.4000015258789
2024-09-03 00:00:00+01:00,112.37999725341797,112.51000213623047,112.02999877929688,112.04000091552734
2024-09-03 04:00:00+01:00,112.04199981689453,112.10700225830078,111.58699798583984,111.61000061035156
2024-09-03 08:00:00+01:00,111.5979995727539,111.83200073242188,111.34100341796875,111.51499938964844
2024-09-03 12:00:00+01:00,111.51399993896484,111.69599914550781,110.88999938964844,111.21399688720703
2024-09-03 16:00:00+01:00,111.21299743652344,111.48400115966797,111.20600128173828,111.37999725341797
2024-09-03 20:00:00+01:00,111.38700103759766,111.40599822998047,111.04399871826172,111.23200225830078
2024-09-04 00:00:00+01:00,111.2249984741211,111.34400177001953,110.87100219726562,111.24400329589844
2024-09-04 04:00:00+01:00,111.24500274658203,111.33799743652344,110.84500122070312,110.86000061035156
2024-09-04 08:00:00+01:00,110.85900115966797,111.16799926757812,110.77400207519531,111.00399780273438
2024-09-04 12:00:00+01:00,110.99099731445312,111.08100128173828,110.46299743652344,110.55599975585938
2024-09-04 16:00:00+01:00,110.55799865722656,110.69200134277344,110.28700256347656,110.31300354003906
2024-09-04 20:00:00+01:00,110.30999755859375,110.38200378417969,109.94400024414062,110.18099975585938
2024-09-05 00:00:00+01:00,110.16000366210938,110.43499755859375,109.86900329589844,110.3479995727539
2024-09-05 04:00:00+01:00,110.35099792480469,110.39800262451172,109.89399719238281,110.00800323486328
2024-09-05 08:00:00+01:00,110.00399780273438,110.39800262451172,109.99299621582031,110.22100067138672
2024-09-05 12:00:00+01:00,110.22100067138672,110.73799896240234,109.81700134277344,110.49800109863281
2024-09-05 16:00:00+01:00,110.49700164794922,110.58100128173828,110.10199737548828,110.28299713134766
2024-09-05 20:00:00+01:00,110.28399658203125,110.36699676513672,109.94999694824219,110.31900024414062
2024-09-06 00:00:00+01:00,110.30400085449219,110.35900115966797,110.0979995727539,110.1520004272461
2024-09-06 04:00:00+01:00,110.1449966430664,110.16799926757812,109.58000183105469,109.69999694824219
2024-09-06 08:00:00+01:00,109.6969985961914,110.0719985961914,109.45099639892578,109.99800109863281
2024-09-06 12:00:00+01:00,110.00499725341797,110.68199920654297,109.41600036621094,109.54499816894531
2024-09-06 16:00:00+01:00,109.5469970703125,109.68699645996094,109.12799835205078,109.28299713134766
2024-09-06 20:00:00+01:00,109.27799987792969,109.37100219726562,109.03399658203125,109.23500061035156
2024-09-09 00:00:00+01:00,109.07499694824219,109.72899627685547,109.02799987792969,109.61100006103516
2024-09-09 04:00:00+01:00,109.60900115966797,109.78800201416016,109.52200317382812,109.66699981689453
2024-09-09 08:00:00+01:00,109.66899871826172,109.97200012207031,109.61599731445312,109.9020004272461
2024-09-09 12:00:00+01:00,109.9000015258789,110.00599670410156,109.25399780273438,109.31099700927734
2024-09-09 16:00:00+01:00,109.31199645996094,109.5510025024414,109.29299926757812,109.38300323486328
2024-09-09 20:00:00+01:00,109.37999725341797,109.66699981689453,109.35299682617188,109.51399993896484
2024-09-10 00:00:00+01:00,109.55799865722656,109.8499984741211,109.5479965209961,109.7490005493164
2024-09-10 04:00:00+01:00,109.7490005493164,109.90599822998047,109.56700134277344,109.88300323486328
2024-09-10 08:00:00+01:00,109.87999725341797,110.00599670410156,109.57599639892578,109.63899993896484
2024-09-10 12:00:00+01:00,109.63899993896484,109.7239990234375,109.13200378417969,109.26100158691406
2024-09-10 16:00:00+01:00,109.26300048828125,109.27400207519531,108.94999694824219,109.10299682617188
2024-09-10 20:00:00+01:00,109.1050033569336,109.21199798583984,108.83799743652344,109.2030029296875
2024-09-11 00:00:00+01:00,109.18099975585938,109.21299743652344,108.63800048828125,108.82099914550781
2024-09-11 04:00:00+01:00,108.81999969482422,108.90699768066406,108.15599822998047,108.62000274658203
2024-09-11 08:00:00+01:00,108.61799621582031,108.8239974975586,108.447998046875,108.74400329589844
2024-09-11 12:00:00+01:00,108.74500274658203,109.2030029296875,108.29499816894531,108.45700073242188
2024-09-11 16:00:00+01:00,108.4540023803711,109.13999938964844,108.43299865722656,109.07499694824219
2024-09-11 20:00:00+01:00,109.07499694824219,109.25399780273438,108.81600189208984,109.24099731445312
2024-09-12 00:00:00+01:00,109.23300170898438,109.53399658203125,109.04399871826172,109.26399993896484
2024-09-12 04:00:00+01:00,109.26200103759766,109.58499908447266,109.16100311279297,109.28099822998047
2024-09-12 08:00:00+01:00,109.28199768066406,109.572998046875,109.18000030517578,109.2699966430664
2024-09-12 12:00:00+01:00,109.26599884033203,109.35199737548828,108.79900360107422,109.2300033569336
2024-09-12 16:00:00+01:00,109.22799682617188,109.34600067138672,108.96399688720703,109.05000305175781
2024-09-12 20:00:00+01:00,109.0479965209961,109.0999984741211,108.65299987792969,108.92400360107422
2024-09-13 00:00:00+01:00,108.94499969482422,108.94599914550781,108.38600158691406,108.5479965209961
2024-09-13 04:00:00+01:00,108.552001953125,108.65299987792969,108.2969970703125,108.58200073242188
2024-09-13 08:00:00+01:00,108.58399963378906,108.77200317382812,108.10299682617188,108.31600189208984
2024-09-13 12:00:00+01:00,108.31700134277344,108.45700073242188,108.06300354003906,108.35700225830078
2024-09-13 16:00:00+01:00,108.3489990234375,108.54399871826172,108.13800048828125,108.48300170898438
2024-09-13 20:00:00+01:00,108.49199676513672,108.52200317382812,108.25700378417969,108.49800109863281
2024-09-16 00:00:00+01:00,108.43099975585938,108.56500244140625,108.23500061035156,108.36599731445312
2024-09-16 04:00:00+01:00,108.36699676513672,108.375,107.85800170898438,107.947998046875
2024-09-16 08:00:00+01:00,107.947998046875,108.25700378417969,107.76200103759766,108.18299865722656
2024-09-16 12:00:00+01:00,108.18000030517578,108.552001953125,107.93800354003906,108.38099670410156
2024-09-16 16:00:00+01:00,108.37799835205078,108.65599822998047,108.34600067138672,108.55999755859375
2024-09-16 20:00:00+01:00,108.56099700927734,108.7030029296875,108.27400207519531,108.69499969482422
2024-09-17 00:00:00+01:00,108.69999694824219,108.93499755859375,108.30599975585938,108.56199645996094
2024-09-17 04:00:00+01:00,108.56199645996094,108.72699737548828,108.5009994506836,108.677001953125
2024-09-17 08:00:00+01:00,108.677001953125,108.76300048828125,108.4530029296875,108.73200225830078
2024-09-17 12:00:00+01:00,108.73100280761719,109.49800109863281,108.56500244140625,109.35600280761719
2024-09-17 16:00:00+01:00,109.35600280761719,109.51300048828125,109.21600341796875,109.43800354003906
2024-09-17 20:00:00+01:00,109.44200134277344,109.83999633789062,109.40799713134766,109.56800079345703
2024-09-18 00:00:00+01:00,109.56199645996094,109.60399627685547,109.20700073242188,109.27400207519531
2024-09-18 04:00:00+01:00,109.2699966430664,109.4749984741211,109.08699798583984,109.34600067138672
2024-09-18 08:00:00+01:00,109.34100341796875,109.65699768066406,109.33300018310547,109.47200012207031
2024-09-18 12:00:00+01:00,109.46900177001953,109.76499938964844,109.43299865722656,109.697998046875
2024-09-18 16:00:00+01:00,109.7020034790039,109.74500274658203,108.81600189208984,109.21700286865234
2024-09-18 20:00:00+01:00,109.21900177001953,110.03700256347656,109.20500183105469,109.78299713134766
2024-09-19 00:00:00+01:00,109.78099822998047,110.7040023803711,109.77799987792969,110.43599700927734
2024-09-19 04:00:00+01:00,110.43699645996094,110.60800170898438,110.02899932861328,110.13899993896484
2024-09-19 08:00:00+01:00,110.12799835205078,110.86100006103516,109.96399688720703,110.62999725341797
2024-09-19 12:00:00+01:00,110.61699676513672,111.04900360107422,110.37300109863281,110.48100280761719
2024-09-19 16:00:00+01:00,110.48400115966797,110.71199798583984,110.35199737548828,110.43399810791016
2024-09-19 20:00:00+01:00,110.43399810791016,110.49500274658203,110.05999755859375,110.35399627685547
2024-09-20 00:00:00+01:00,110.39800262451172,110.5780029296875,110.05400085449219,110.3759994506836
2024-09-20 04:00:00+01:00,110.3759994506836,110.84300231933594,109.96700286865234,110.7969970703125
2024-09-20 08:00:00+01:00,110.79000091552734,111.63300323486328,110.72200012207031,111.6259994506836
2024-09-20 12:00:00+01:00,111.61900329589844,111.71099853515625,111.09300231933594,111.66999816894531
2024-09-20 16:00:00+01:00,111.66899871826172,111.70099639892578,111.3280029296875,111.49299621582031
2024-09-20 20:00:00+01:00,111.49299621582031,111.59600067138672,111.29000091552734,111.45999908447266
2024-09-23 00:00:00+01:00,111.47699737548828,111.83300018310547,111.41100311279297,111.75199890136719
2024-09-23 04:00:00+01:00,111.75900268554688,111.80000305175781,111.4219970703125,111.46800231933594
2024-09-23 08:00:00+01:00,111.46900177001953,111.49400329589844,110.90699768066406,110.99400329589844
2024-09-23 12:00:00+01:00,110.99099731445312,111.74099731445312,110.86199951171875,111.41100311279297
2024-09-23 16:00:00+01:00,111.40799713134766,111.54000091552734,111.01599884033203,111.0770034790039
2024-09-23 20:00:00+01:00,111.0780029296875,111.31800079345703,110.96800231933594,111.25599670410156
2024-09-24 00:00:00+01:00,111.25199890136719,111.40599822998047,111.0780029296875,111.25
2024-09-24 04:00:00+01:00,111.25,111.95600128173828,111.22000122070312,111.92400360107422
2024-09-24 08:00:00+01:00,111.9209976196289,112.14800262451172,111.64299774169922,111.69400024414062
2024-09-24 12:00:00+01:00,111.69300079345703,111.98400115966797,111.53299713134766,111.71099853515625
2024-09-24 16:00:00+01:00,111.71199798583984,111.88099670410156,111.54499816894531,111.64600372314453
2024-09-24 20:00:00+01:00,111.64399719238281,111.68399810791016,111.16200256347656,111.46099853515625
2024-09-25 00:00:00+01:00,111.45999908447266,111.80000305175781,111.41699981689453,111.6989974975586
2024-09-25 04:00:00+01:00,111.69499969482422,111.9020004272461,111.54100036621094,111.8740005493164
2024-09-25 08:00:00+01:00,111.8740005493164,112.27100372314453,111.83499908447266,112.25900268554688
2024-09-25 12:00:00+01:00,112.26000213623047,112.4000015258789,112.00599670410156,112.22699737548828
2024-09-25 16:00:00+01:00,112.22799682617188,112.3219985961914,112.00599670410156,112.21399688720703
2024-09-25 20:00:00+01:00,112.21399688720703,112.4020004272461,111.93499755859375,112.15699768066406
2024-09-26 00:00:00+01:00,112.15299987792969,112.59600067138672,112.08300018310547,112.52799987792969
2024-09-26 04:00:00+01:00,112.52899932861328,112.625,112.37100219726562,112.58799743652344
2024-09-26 08:00:00+01:00,112.58699798583984,112.75,112.31400299072266,112.33200073242188
2024-09-26 12:00:00+01:00,112.33699798583984,112.88300323486328,112.17400360107422,112.7699966430664
2024-09-26 16:00:00+01:00,112.77400207519531,112.85199737548828,112.62000274658203,112.74500274658203
2024-09-26 20:00:00+01:00,112.74500274658203,112.93199920654297,112.50399780273438,112.84100341796875
2024-09-27 00:00:00+01:00,112.84500122070312,113.30999755859375,112.81999969482422,112.90499877929688
2024-09-27 04:00:00+01:00,112.91400146484375,113.89399719238281,111.48799896240234,111.5260009765625
2024-09-27 08:00:00+01:00,111.52799987792969,111.99800109863281,111.20899963378906,111.65899658203125
2024-09-27 12:00:00+01:00,111.65899658203125,111.79299926757812,111.25,111.59600067138672
2024-09-27 16:00:00+01:00,111.5979995727539,111.70700073242188,110.94000244140625,111.02799987792969
2024-09-27 20:00:00+01:00,111.02799987792969,111.0999984741211,110.62999725341797,110.98799896240234
2024-09-30 00:00:00+01:00,111.37300109863281,111.61399841308594,111.04900360107422,111.25
2024-09-30 04:00:00+01:00,111.24800109863281,111.26699829101562,110.64099884033203,110.93399810791016
2024-09-30 08:00:00+01:00,110.93199920654297,111.43399810791016,110.85199737548828,111.29199981689453
2024-09-30 12:00:00+01:00,111.29100036621094,111.66300201416016,111.16799926757812,111.55500030517578
2024-09-30 16:00:00+01:00,111.55699920654297,111.90299987792969,111.40299987792969,111.80500030517578
2024-09-30 20:00:00+01:00,111.802001953125,111.9540023803711,111.56500244140625,111.76699829101562
2024-10-01 00:00:00+01:00,111.76499938964844,112.12799835205078,111.63400268554688,111.98500061035156
2024-10-01 04:00:00+01:00,111.98600006103516,112.3499984741211,111.95700073242188,112.21900177001953
2024-10-01 08:00:00+01:00,112.21700286865234,112.21800231933594,111.58599853515625,111.62899780273438
2024-10-01 12:00:00+01:00,111.62899780273438,111.93599700927734,111.02400207519531,111.43900299072266
2024-10-01 16:00:00+01:00,111.44000244140625,111.71800231933594,111.15899658203125,111.57499694824219
2024-10-01 20:00:00+01:00,111.5770034790039,111.63600158691406,111.24299621582031,111.39299774169922
2024-10-02 00:00:00+01:00,111.4020004272461,111.91500091552734,111.39800262451172,111.89199829101562
2024-10-02 04:00:00+01:00,111.88899993896484,112.0199966430664,111.4020004272461,111.72100067138672
2024-10-02 08:00:00+01:00,111.7229995727539,112.39099884033203,111.72200012207031,112.33699798583984
2024-10-02 12:00:00+01:00,112.33399963378906,113.16500091552734,112.23400115966797,113.1259994506836
2024-10-02 16:00:00+01:00,113.12899780273438,113.2249984741211,112.98200225830078,113.17900085449219
2024-10-02 20:00:00+01:00,113.18199920654297,113.66899871826172,113.08000183105469,113.4229965209961
2024-10-03 00:00:00+01:00,113.427001953125,113.77799987792969,113.30999755859375,113.36699676513672
2024-10-03 04:00:00+01:00,113.36499786376953,113.46700286865234,113.0770034790039,113.29199981689453
2024-10-03 08:00:00+01:00,113.28900146484375,113.41100311279297,112.95500183105469,113.18900299072266
2024-10-03 12:00:00+01:00,113.18599700927734,113.37699890136719,112.88899993896484,113.08399963378906
2024-10-03 16:00:00+01:00,113.08399963378906,113.2490005493164,112.96800231933594,113.197998046875
2024-10-03 20:00:00+01:00,113.19200134277344,113.27999877929688,112.93099975585938,113.21800231933594
2024-10-04 00:00:00+01:00,113.20899963378906,113.27999877929688,112.88200378417969,112.88999938964844
2024-10-04 04:00:00+01:00,112.89299774169922,112.94300079345703,112.59300231933594,112.8010025024414
2024-10-04 08:00:00+01:00,112.7959976196289,112.94200134277344,112.75,112.86599731445312
2024-10-04 12:00:00+01:00,112.86199951171875,113.93800354003906,112.75800323486328,113.80500030517578
2024-10-04 16:00:00+01:00,113.80400085449219,114.11199951171875,113.7300033569336,114.09400177001953
2024-10-04 20:00:00+01:00,114.08599853515625,114.1050033569336,113.79499816894531,113.98300170898438
2024-10-07 00:00:00+01:00,114.13300323486328,114.26899719238281,113.7040023803711,113.91000366210938
2024-10-07 04:00:00+01:00,113.91799926757812,113.98400115966797,113.6719970703125,113.81199645996094
2024-10-07 08:00:00+01:00,113.81300354003906,113.96299743652344,113.63300323486328,113.95700073242188
2024-10-07 12:00:00+01:00,113.95700073242188,113.98200225830078,113.44400024414062,113.6520004272461
2024-10-07 16:00:00+01:00,113.6510009765625,113.69000244140625,113.43099975585938,113.49700164794922
2024-10-07 20:00:00+01:00,113.49600219726562,113.64600372314453,113.27999877929688,113.27999877929688
2024-10-08 00:00:00+01:00,113.23699951171875,113.63700103759766,113.03700256347656,113.28500366210938
2024-10-08 04:00:00+01:00,113.29100036621094,113.66600036621094,113.27799987792969,113.50800323486328
2024-10-08 08:00:00+01:00,113.50700378417969,113.55899810791016,113.11000061035156,113.48100280761719
2024-10-08 12:00:00+01:00,113.48100280761719,113.76499938964844,113.44400024414062,113.71600341796875
2024-10-08 16:00:00+01:00,113.71700286865234,113.75399780273438,113.55400085449219,113.7020034790039
2024-10-08 20:00:00+01:00,113.7030029296875,113.7239990234375,113.4739990234375,113.6259994506836
2024-10-09 00:00:00+01:00,113.62899780273438,113.82099914550781,113.5,113.74800109863281
2024-10-09 04:00:00+01:00,113.73799896240234,114.02799987792969,113.66799926757812,113.83699798583984
2024-10-09 08:00:00+01:00,113.83399963378906,114.02100372314453,113.64199829101562,113.91699981689453
2024-10-09 12:00:00+01:00,113.91699981689453,114.22699737548828,113.85399627685547,114.15799713134766
2024-10-09 16:00:00+01:00,114.15799713134766,114.27999877929688,114.0780029296875,114.21800231933594
2024-10-09 20:00:00+01:00,114.21900177001953,114.21900177001953,113.80599975585938,114.10700225830078
2024-10-10 00:00:00+01:00,114.10600280761719,114.22599792480469,113.97100067138672,114.2030029296875
2024-10-10 04:00:00+01:00,114.1969985961914,114.38099670410156,114.01899719238281,114.04900360107422
2024-10-10 08:00:00+01:00,114.04399871826172,114.09600067138672,113.75299835205078,113.78900146484375
2024-10-10 12:00:00+01:00,113.79100036621094,114.17400360107422,113.375,113.6500015258789
2024-10-10 16:00:00+01:00,113.6500015258789,113.81999969482422,113.51000213623047,113.74099731445312
2024-10-10 20:00:00+01:00,113.73799896240234,113.83799743652344,113.45999908447266,113.8270034790039
2024-10-11 00:00:00+01:00,113.81800079345703,113.95500183105469,113.68599700927734,113.91400146484375
2024-10-11 04:00:00+01:00,113.91999816894531,113.9530029296875,113.77899932861328,113.81999969482422
2024-10-11 08:00:00+01:00,113.81800079345703,114.14900207519531,113.79299926757812,114.11799621582031
2024-10-11 12:00:00+01:00,114.12799835205078,114.35800170898438,113.88400268554688,114.34400177001953
2024-10-11 16:00:00+01:00,114.34300231933594,114.35600280761719,114.2239990234375,114.31800079345703
2024-10-11 20:00:00+01:00,114.3239974975586,114.33899688720703,114.1050033569336,114.29299926757812
2024-10-14 00:00:00+01:00,114.26200103759766,114.3219985961914,114.11100006103516,114.2490005493164
2024-10-14 04:00:00+01:00,114.24500274658203,114.38300323486328,114.21499633789062,114.23699951171875
2024-10-14 08:00:00+01:00,114.2300033569336,114.39800262451172,114.2040023803711,114.38300323486328
2024-10-14 12:00:00+01:00,114.37799835205078,114.66000366210938,114.35099792480469,114.5790023803711
2024-10-14 16:00:00+01:00,114.572998046875,114.60099792480469,114.47799682617188,114.49700164794922
2024-10-14 20:00:00+01:00,114.5,114.552001953125,114.2300033569336,114.29000091552734
2024-10-15 00:00:00+01:00,114.4280014038086,114.50700378417969,114.2229995727539,114.32499694824219
2024-10-15 04:00:00+01:00,114.31500244140625,114.35900115966797,113.91100311279297,113.9739990234375
2024-10-15 08:00:00+01:00,113.9729995727539,114.01699829101562,113.75700378417969,113.94400024414062
2024-10-15 12:00:00+01:00,113.93900299072266,114.14800262451172,113.77799987792969,114.03399658203125
2024-10-15 16:00:00+01:00,114.03199768066406,114.13999938964844,113.9209976196289,113.96299743652344
2024-10-15 20:00:00+01:00,113.96399688720703,114.03900146484375,113.71199798583984,113.94400024414062
2024-10-16 00:00:00+01:00,113.93800354003906,114.00800323486328,113.69200134277344,113.96900177001953
2024-10-16 04:00:00+01:00,113.96800231933594,114.14800262451172,113.9260025024414,114.04000091552734
2024-10-16 08:00:00+01:00,114.03900146484375,114.1780014038086,113.94499969482422,114.03299713134766
2024-10-16 12:00:00+01:00,114.03399658203125,114.13700103759766,113.91300201416016,114.08399963378906
2024-10-16 16:00:00+01:00,114.07499694824219,114.12799835205078,113.96800231933594,113.9800033569336
2024-10-16 20:00:00+01:00,113.98799896240234,114.0009994506836,113.69999694824219,113.87000274658203
2024-10-17 00:00:00+01:00,113.87000274658203,114.01399993896484,113.75299835205078,113.90799713134766
2024-10-17 04:00:00+01:00,113.9000015258789,113.95899963378906,113.77100372314453,113.90399932861328
2024-10-17 08:00:00+01:00,113.90499877929688,114.02899932861328,113.8290023803711,113.95500183105469
2024-10-17 12:00:00+01:00,113.95800018310547,114.18800354003906,113.75900268554688,114.16400146484375
2024-10-17 16:00:00+01:00,114.15299987792969,114.3290023803711,114.11599731445312,114.30699920654297
2024-10-17 20:00:00+01:00,114.30599975585938,114.3479995727539,114.06999969482422,114.26100158691406
2024-10-18 00:00:00+01:00,114.25599670410156,114.29199981689453,114.06900024414062,114.15499877929688
2024-10-18 04:00:00+01:00,114.14800262451172,114.29100036621094,114.03299713134766,114.23300170898438
2024-10-18 08:00:00+01:00,114.22899627685547,114.35600280761719,113.95899963378906,114.22799682617188
2024-10-18 12:00:00+01:00,114.22699737548828,114.38500213623047,114.1050033569336,114.12000274658203
2024-10-18 16:00:00+01:00,114.125,114.15899658203125,113.98899841308594,114.10099792480469
2024-10-18 20:00:00+01:00,114.10900115966797,114.1500015258789,113.97100067138672,114.1050033569336
2024-10-21 00:00:00+01:00,114.14900207519531,114.197998046875,113.83999633789062,113.92400360107422
2024-10-21 04:00:00+01:00,113.91799926757812,113.96800231933594,113.77200317382812,113.95600128173828
2024-10-21 08:00:00+01:00,113.95600128173828,114.29199981689453,113.94999694824219,114.21199798583984
2024-10-21 12:00:00+01:00,114.21099853515625,114.41000366210938,114.15399932861328,114.30599975585938
2024-10-21 16:00:00+01:00,114.30400085449219,114.56199645996094,114.197998046875,114.49400329589844
2024-10-21 20:00:00+01:00,114.48600006103516,114.67900085449219,114.24099731445312,114.42500305175781
2024-10-22 00:00:00+01:00,114.41999816894531,114.6989974975586,114.35399627685547,114.66200256347656
2024-10-22 04:00:00+01:00,114.66000366210938,114.8290023803711,114.52400207519531,114.64399719238281
2024-10-22 08:00:00+01:00,114.60800170898438,114.83999633789062,114.54499816894531,114.65399932861328
2024-10-22 12:00:00+01:00,114.6510009765625,114.76799774169922,114.47799682617188,114.7249984741211
2024-10-22 16:00:00+01:00,114.73200225830078,114.85600280761719,114.64700317382812,114.75900268554688
2024-10-22 20:00:00+01:00,114.75900268554688,114.84100341796875,114.59500122070312,114.75299835205078
2024-10-23 00:00:00+01:00,114.75299835205078,115.2509994506836,114.72799682617188,115.22000122070312
2024-10-23 04:00:00+01:00,115.22100067138672,115.5999984741211,115.16699981689453,115.44000244140625
2024-10-23 08:00:00+01:00,115.44999694824219,115.70899963378906,115.41699981689453,115.67400360107422
2024-10-23 12:00:00+01:00,115.6760025024414,115.8219985961914,115.54000091552734,115.63700103759766
2024-10-23 16:00:00+01:00,115.63099670410156,115.64900207519531,115.2040023803711,115.37100219726562
2024-10-23 20:00:00+01:00,115.37000274658203,115.50499725341797,115.20999908447266,115.41899871826172
2024-10-24 00:00:00+01:00,115.39900207519531,115.55899810791016,115.32099914550781,115.40499877929688
2024-10-24 04:00:00+01:00,115.40599822998047,115.46199798583984,115.10399627685547,115.11100006103516
2024-10-24 08:00:00+01:00,115.11499786376953,115.37899780273438,115.04900360107422,115.06099700927734
2024-10-24 12:00:00+01:00,115.05799865722656,115.39800262451172,115.00399780273438,115.05000305175781
2024-10-24 16:00:00+01:00,115.05000305175781,115.12799835205078,114.87300109863281,115.0989990234375
2024-10-24 20:00:00+01:00,115.10199737548828,115.1989974975586,114.88099670410156,115.00299835205078
2024-10-25 00:00:00+01:00,115.00299835205078,115.28800201416016,114.9280014038086,115.08699798583984
2024-10-25 04:00:00+01:00,115.08699798583984,115.13999938964844,114.76000213623047,115.04199981689453
2024-10-25 08:00:00+01:00,115.04000091552734,115.24299621582031,114.99500274658203,115.02300262451172
2024-10-25 12:00:00+01:00,115.02200317382812,115.2760009765625,114.93099975585938,115.14600372314453
2024-10-25 16:00:00+01:00,115.14399719238281,115.21199798583984,115.02999877929688,115.16899871826172
2024-10-25 20:00:00+01:00,115.16899871826172,115.25700378417969,115.05400085449219,115.2490005493164
2024-10-28 00:00:00+00:00,115.56800079345703,116.1520004272461,115.47000122070312,115.98600006103516
2024-10-28 04:00:00+00:00,115.97699737548828,116.05899810791016,115.7300033569336,115.85700225830078
2024-10-28 08:00:00+00:00,115.86599731445312,115.94300079345703,115.3280029296875,115.4990005493164
2024-10-28 12:00:00+00:00,115.52200317382812,115.83499908447266,115.32499694824219,115.81700134277344
2024-10-28 16:00:00+00:00,115.81600189208984,115.93699645996094,115.78900146484375,115.83799743652344
2024-10-28 20:00:00+00:00,115.83699798583984,115.98500061035156,115.65599822998047,115.78500366210938
2024-10-29 00:00:00+00:00,115.76499938964844,115.82599639892578,115.46499633789062,115.48100280761719
2024-10-29 04:00:00+00:00,115.4739990234375,115.7040023803711,115.31500244140625,115.58799743652344
2024-10-29 08:00:00+00:00,115.62699890136719,115.93800354003906,115.59100341796875,115.9229965209961
2024-10-29 12:00:00+00:00,115.9219970703125,116.01799774169922,115.36699676513672,115.7760009765625
2024-10-29 16:00:00+00:00,115.78099822998047,115.90299987792969,115.71099853515625,115.80799865722656
2024-10-29 20:00:00+00:00,115.80599975585938,115.85800170898438,115.4990005493164,115.7300033569336
2024-10-30 00:00:00+00:00,115.71099853515625,115.83200073242188,115.58599853515625,115.63800048828125
2024-10-30 04:00:00+00:00,115.63800048828125,115.7969970703125,115.51699829101562,115.70099639892578
2024-10-30 08:00:00+00:00,115.70099639892578,115.79000091552734,115.41000366210938,115.54199981689453
2024-10-30 12:00:00+00:00,115.53900146484375,115.96099853515625,115.45999908447266,115.76499938964844
2024-10-30 16:00:00+00:00,115.76599884033203,116.02400207519531,115.6719970703125,115.84700012207031
2024-10-30 20:00:00+00:00,115.84700012207031,116.02400207519531,115.75399780273438,115.89900207519531
2024-10-31 00:00:00+00:00,115.88200378417969,116.08200073242188,115.64700317382812,115.70600128173828
2024-10-31 04:00:00+00:00,115.70600128173828,115.73500061035156,115.02100372314453,115.197998046875
2024-10-31 08:00:00+00:00,115.19200134277344,115.60600280761719,114.99400329589844,115.5479965209961
2024-10-31 12:00:00+00:00,115.53700256347656,115.70600128173828,114.91899871826172,115.15299987792969
2024-10-31 16:00:00+00:00,115.1510009765625,115.322998046875,114.927001953125,115.06099700927734
2024-10-31 20:00:00+00:00,115.05999755859375,115.25599670410156,114.80899810791016,115.11699676513672
2024-11-01 00:00:00+00:00,115.15299987792969,115.25,115.02100372314453,115.19200134277344
2024-11-01 04:00:00+00:00,115.19300079345703,115.31700134277344,114.9749984741211,115.18000030517578
2024-11-01 08:00:00+00:00,115.1760025024414,115.40499877929688,115.16200256347656,115.3270034790039
2024-11-01 12:00:00+00:00,115.31800079345703,115.58100128173828,114.84600067138672,115.45700073242188
2024-11-01 16:00:00+00:00,115.45899963378906,115.50599670410156,115.28299713134766,115.3499984741211
2024-11-01 20:00:00+00:00,115.34500122070312,115.44300079345703,115.0530014038086,115.37300109863281
2024-11-04 00:00:00+00:00,115.177001953125,115.2969970703125,114.96499633789062,115.25700378417969
2024-11-04 04:00:00+00:00,115.24800109863281,115.5009994506836,115.23200225830078,115.39800262451172
2024-11-04 08:00:00+00:00,115.39600372314453,115.46800231933594,115.16000366210938,115.17500305175781
2024-11-04 12:00:00+00:00,115.17500305175781,115.48200225830078,115.16600036621094,115.4000015258789
2024-11-04 16:00:00+00:00,115.4010009765625,115.4749984741211,115.23899841308594,115.31600189208984
2024-11-04 20:00:00+00:00,115.31700134277344,115.35800170898438,115.0780029296875,115.35800170898438
2024-11-05 00:00:00+00:00,115.375,115.51799774169922,115.25299835205078,115.49400329589844
2024-11-05 04:00:00+00:00,115.48799896240234,115.62999725341797,115.41400146484375,115.5530014038086
2024-11-05 08:00:00+00:00,115.5479965209961,115.62000274658203,115.39900207519531,115.572998046875
2024-11-05 12:00:00+00:00,115.5739974975586,115.66100311279297,115.27799987792969,115.48500061035156
2024-11-05 16:00:00+00:00,115.48699951171875,115.48699951171875,115.11399841308594,115.18900299072266
2024-11-05 20:00:00+00:00,115.18499755859375,115.4749984741211,114.98799896240234,115.27899932861328
2024-11-06 00:00:00+00:00,115.26499938964844,116.0250015258789,115.17500305175781,115.26300048828125
2024-11-06 04:00:00+00:00,115.26799774169922,115.78900146484375,115.15499877929688,115.64800262451172
2024-11-06 08:00:00+00:00,115.6520004272461,115.90499877929688,115.3759994506836,115.43199920654297
2024-11-06 12:00:00+00:00,115.4280014038086,115.7229995727539,115.40799713134766,115.70600128173828
2024-11-06 16:00:00+00:00,115.7040023803711,115.9749984741211,115.64700317382812,115.8219985961914
2024-11-06 20:00:00+00:00,115.82099914550781,116.03399658203125,115.66699981689453,115.7249984741211
2024-11-07 00:00:00+00:00,115.7239990234375,116.1050033569336,115.6969985961914,115.97899627685547
2024-11-07 04:00:00+00:00,115.98400115966797,116.04900360107422,115.77400207519531,115.9990005493164
2024-11-07 08:00:00+00:00,115.99700164794922,116.2030029296875,115.96900177001953,116.09300231933594
2024-11-07 12:00:00+00:00,116.08399963378906,116.28399658203125,115.84500122070312,115.91100311279297
2024-11-07 16:00:00+00:00,115.90899658203125,115.95999908447266,115.50700378417969,115.80799865722656
2024-11-07 20:00:00+00:00,115.80699920654297,115.99099731445312,115.572998046875,115.95999908447266
2024-11-08 00:00:00+00:00,115.95899963378906,116.01799774169922,115.54199981689453,115.56999969482422
2024-11-08 04:00:00+00:00,115.56700134277344,115.64700317382812,115.39099884033203,115.45800018310547
2024-11-08 08:00:00+00:00,115.45999908447266,115.4990005493164,115.10600280761719,115.29100036621094
2024-11-08 12:00:00+00:00,115.29100036621094,115.37200164794922,114.96299743652344,114.98600006103516
2024-11-08 16:00:00+00:00,114.98500061035156,115.06600189208984,114.7699966430664,114.96099853515625
2024-11-08 20:00:00+00:00,114.96299743652344,115.197998046875,114.7030029296875,115.08599853515625
2024-11-11 00:00:00+00:00,115.1449966430664,115.56300354003906,115.0999984741211,115.52400207519531
2024-11-11 04:00:00+00:00,115.52300262451172,115.66500091552734,115.31700134277344,115.46700286865234
2024-11-11 08:00:00+00:00,115.46399688720703,115.60800170898438,115.33000183105469,115.43699645996094
2024-11-11 12:00:00+00:00,115.43599700927734,115.48100280761719,115.24099731445312,115.29199981689453
2024-11-11 16:00:00+00:00,115.29499816894531,115.3740005493164,115.19200134277344,115.22000122070312
2024-11-11 20:00:00+00:00,115.22100067138672,115.30799865722656,115.01899719238281,115.12799835205078
2024-11-12 00:00:00+00:00,115.15599822998047,115.41100311279297,115.03900146484375,115.05799865722656
2024-11-12 04:00:00+00:00,115.05699920654297,115.06600189208984,114.86100006103516,115.01899719238281
2024-11-12 08:00:00+00:00,115.02300262451172,115.15899658203125,114.93099975585938,115.125
2024-11-12 12:00:00+00:00,115.12899780273438,115.46199798583984,115.08300018310547,115.44000244140625
2024-11-12 16:00:00+00:00,115.43699645996094,115.61000061035156,115.39399719238281,115.54900360107422
2024-11-12 20:00:00+00:00,115.552001953125,115.59600067138672,115.2750015258789,115.4990005493164
2024-11-13 00:00:00+00:00,115.50199890136719,115.76799774169922,115.48500061035156,115.63200378417969
2024-11-13 04:00:00+00:00,115.6259994506836,115.84500122070312,115.59500122070312,115.68099975585938
2024-11-13 08:00:00+00:00,115.68000030517578,115.8740005493164,115.66300201416016,115.84700012207031
2024-11-13 12:00:00+00:00,115.84500122070312,115.95800018310547,115.41100311279297,115.5979995727539
2024-11-13 16:00:00+00:00,115.60299682617188,115.875,115.58200073242188,115.80599975585938
2024-11-13 20:00:00+00:00,115.80500030517578,115.83899688720703,115.49299621582031,115.71499633789062
2024-11-14 00:00:00+00:00,115.72699737548828,116.0469970703125,115.72100067138672,115.87999725341797
2024-11-14 04:00:00+00:00,115.87999725341797,115.99299621582031,115.78099822998047,115.91799926757812
2024-11-14 08:00:00+00:00,115.9219970703125,115.93800354003906,115.71199798583984,115.83100128173828
2024-11-14 12:00:00+00:00,115.83000183105469,116.19300079345703,115.68000030517578,116.15399932861328
2024-11-14 16:00:00+00:00,116.15499877929688,116.16899871826172,115.88700103759766,116.00299835205078
2024-11-14 20:00:00+00:00,116.00599670410156,116.26799774169922,115.89800262451172,116.22799682617188
2024-11-15 00:00:00+00:00,116.21800231933594,116.42400360107422,116.15299987792969,116.38999938964844
2024-11-15 04:00:00+00:00,116.38999938964844,116.4749984741211,116.0510025024414,116.05999755859375
2024-11-15 08:00:00+00:00,116.06400299072266,116.06900024414062,115.73500061035156,115.98899841308594
2024-11-15 12:00:00+00:00,115.98999786376953,116.01000213623047,115.23600006103516,115.33399963378906
2024-11-15 16:00:00+00:00,115.33399963378906,115.37300109863281,114.7229995727539,114.8740005493164
2024-11-15 20:00:00+00:00,114.8740005493164,115.06999969482422,114.72200012207031,114.94499969482422
2024-11-18 00:00:00+00:00,115.18599700927734,115.62300109863281,114.76399993896484,115.13800048828125
2024-11-18 04:00:00+00:00,115.13800048828125,115.25499725341797,114.9020004272461,114.98500061035156
2024-11-18 08:00:00+00:00,114.98200225830078,115.3550033569336,114.93399810791016,115.31500244140625
2024-11-18 12:00:00+00:00,115.31500244140625,115.5199966430664,115.08399963378906,115.47899627685547
2024-11-18 16:00:00+00:00,115.48200225830078,115.60099792480469,115.41699981689453,115.52899932861328
2024-11-18 20:00:00+00:00,115.52799987792969,115.5479965209961,115.16600036621094,115.5
2024-11-19 00:00:00+00:00,115.50399780273438,115.50399780273438,114.98400115966797,115.22000122070312
2024-11-19 04:00:00+00:00,115.22000122070312,115.46800231933594,115.2040023803711,115.33599853515625
2024-11-19 08:00:00+00:00,115.33999633789062,115.35800170898438,114.34100341796875,115.01200103759766
2024-11-19 12:00:00+00:00,114.99400329589844,115.16999816894531,114.58599853515625,115.02799987792969
2024-11-19 16:00:00+00:00,115.03900146484375,115.62300109863281,114.98999786376953,115.61799621582031
2024-11-19 20:00:00+00:00,115.61699676513672,115.74400329589844,115.18900299072266,115.72899627685547
2024-11-20 00:00:00+00:00,115.71499633789062,115.86900329589844,115.5999984741211,115.71600341796875
2024-11-20 04:00:00+00:00,115.71099853515625,116.19000244140625,115.6989974975586,116.15499877929688
2024-11-20 08:00:00+00:00,116.16100311279297,116.19999694824219,115.91300201416016,116.02999877929688
2024-11-20 12:00:00+00:00,116.02799987792969,116.08000183105469,115.40899658203125,115.66300201416016
2024-11-20 16:00:00+00:00,115.65499877929688,115.74099731445312,115.4469985961914,115.62699890136719
2024-11-20 20:00:00+00:00,115.63099670410156,115.76300048828125,115.46299743652344,115.64700317382812
2024-11-21 00:00:00+00:00,115.62799835205078,115.65899658203125,115.33899688720703,115.46099853515625
2024-11-21 04:00:00+00:00,115.46199798583984,115.5999984741211,115.12999725341797,115.38200378417969
2024-11-21 08:00:00+00:00,115.37000274658203,115.45500183105469,114.72100067138672,114.99299621582031
2024-11-21 12:00:00+00:00,114.99400329589844,115.12799835205078,114.60299682617188,114.78399658203125
2024-11-21 16:00:00+00:00,114.78399658203125,114.9010009765625,114.7239990234375,114.77400207519531
2024-11-21 20:00:00+00:00,114.77200317382812,114.9729995727539,114.44000244140625,114.46900177001953
2024-11-22 00:00:00+00:00,114.46199798583984,114.80500030517578,114.36799621582031,114.64800262451172
2024-11-22 04:00:00+00:00,114.64800262451172,115.11199951171875,114.64299774169922,115.03700256347656
2024-11-22 08:00:00+00:00,115.03800201416016,115.15499877929688,114.3489990234375,114.5
2024-11-22 12:00:00+00:00,114.49199676513672,114.89800262451172,114.47100067138672,114.8219985961914
2024-11-22 16:00:00+00:00,114.83899688720703,114.86599731445312,114.66699981689453,114.80699920654297
2024-11-22 20:00:00+00:00,114.81199645996094,114.98300170898438,114.71800231933594,114.93499755859375
2024-11-25 00:00:00+00:00,114.75299835205078,114.8550033569336,114.3949966430664,114.60299682617188
2024-11-25 04:00:00+00:00,114.60399627685547,114.8280029296875,114.51799774169922,114.72000122070312
2024-11-25 08:00:00+00:00,114.7229995727539,114.84100341796875,114.59400177001953,114.66100311279297
2024-11-25 12:00:00+00:00,114.65399932861328,114.67500305175781,114.19499969482422,114.61199951171875
2024-11-25 16:00:00+00:00,114.60900115966797,114.69999694824219,114.47100067138672,114.55699920654297
2024-11-25 20:00:00+00:00,114.55799865722656,114.6240005493164,114.27100372314453,114.40499877929688
2024-11-26 00:00:00+00:00,114.41500091552734,114.41500091552734,113.89399719238281,114.09500122070312
2024-11-26 04:00:00+00:00,114.09500122070312,114.38700103759766,113.91100311279297,114.18299865722656
2024-11-26 08:00:00+00:00,114.18399810791016,114.4219970703125,114.01100158691406,114.20500183105469
2024-11-26 12:00:00+00:00,114.21299743652344,114.22000122070312,113.73899841308594,113.8280029296875
2024-11-26 16:00:00+00:00,113.82599639892578,113.93199920654297,113.58300018310547,113.6050033569336
2024-11-26 20:00:00+00:00,113.60700225830078,113.78199768066406,113.41300201416016,113.63700103759766
2024-11-27 00:00:00+00:00,113.61100006103516,113.697998046875,113.10800170898438,113.15399932861328
2024-11-27 04:00:00+00:00,113.1510009765625,113.16200256347656,112.9229965209961,112.98699951171875
2024-11-27 08:00:00+00:00,112.98799896240234,113.00499725341797,112.61900329589844,112.78199768066406
2024-11-27 12:00:00+00:00,112.78600311279297,112.98799896240234,112.52999877929688,112.68099975585938
2024-11-27 16:00:00+00:00,112.6780014038086,112.85299682617188,112.3550033569336,112.6729965209961
2024-11-27 20:00:00+00:00,112.6709976196289,112.8759994506836,112.21099853515625,112.86000061035156
2024-11-28 00:00:00+00:00,112.84100341796875,113.05899810791016,112.7959976196289,112.91300201416016
2024-11-28 04:00:00+00:00,112.91000366210938,112.96399688720703,112.69300079345703,112.9260025024414
2024-11-28 08:00:00+00:00,112.927001953125,113.09100341796875,112.85199737548828,112.9749984741211
2024-11-28 12:00:00+00:00,112.97599792480469,112.98200225830078,112.74700164794922,112.822998046875
2024-11-28 16:00:00+00:00,112.81800079345703,112.89600372314453,112.75900268554688,112.83799743652344
2024-11-28 20:00:00+00:00,112.83899688720703,112.88600158691406,112.5260009765625,112.7030029296875
2024-11-29 00:00:00+00:00,112.68099975585938,112.70500183105469,111.84400177001953,112.06099700927734
2024-11-29 04:00:00+00:00,112.05599975585938,112.10600280761719,111.84300231933594,112.06300354003906
2024-11-29 08:00:00+00:00,112.06999969482422,112.17500305175781,111.78399658203125,111.97699737548828
2024-11-29 12:00:00+00:00,111.96900177001953,112.11299896240234,111.79000091552734,112.0250015258789
2024-11-29 16:00:00+00:00,112.02400207519531,112.19100189208984,111.63200378417969,111.75900268554688
2024-11-29 20:00:00+00:00,111.76000213623047,111.875,111.50800323486328,111.84100341796875
2024-12-02 00:00:00+00:00,111.70800018310547,112.08799743652344,111.6709976196289,111.9020004272461
2024-12-02 04:00:00+00:00,111.9020004272461,112.03299713134766,111.52899932861328,111.66699981689453
2024-12-02 08:00:00+00:00,111.66300201416016,111.76799774169922,111.49099731445312,111.63099670410156
2024-12-02 12:00:00+00:00,111.625,111.68800354003906,111.13899993896484,111.16799926757812
2024-12-02 16:00:00+00:00,111.16699981689453,111.2300033569336,110.74500274658203,111.07099914550781
2024-12-02 20:00:00+00:00,111.0780029296875,111.35600280761719,110.97799682617188,111.14700317382812
2024-12-03 00:00:00+00:00,111.1500015258789,111.4530029296875,111.13400268554688,111.42500305175781
2024-12-03 04:00:00+00:00,111.43299865722656,111.54199981689453,111.33000183105469,111.50299835205078
2024-12-03 08:00:00+00:00,111.50700378417969,111.63800048828125,111.31500244140625,111.35399627685547
2024-12-03 12:00:00+00:00,111.34400177001953,111.3759994506836,110.47699737548828,110.85199737548828
2024-12-03 16:00:00+00:00,110.85199737548828,111.13600158691406,110.8280029296875,111.10900115966797
2024-12-03 20:00:00+00:00,111.11599731445312,111.27200317382812,110.98799896240234,111.26399993896484
2024-12-04 00:00:00+00:00,111.22699737548828,111.46600341796875,111.0979995727539,111.29399871826172
2024-12-04 04:00:00+00:00,111.2959976196289,111.875,111.2959976196289,111.8030014038086
2024-12-04 08:00:00+00:00,111.80400085449219,112.13899993896484,111.64199829101562,112.0780029296875
2024-12-04 12:00:00+00:00,112.06999969482422,112.22000122070312,111.74600219726562,111.91999816894531
2024-12-04 16:00:00+00:00,111.91999816894531,112.0250015258789,111.7040023803711,111.9489974975586
2024-12-04 20:00:00+00:00,111.947998046875,112.18499755859375,111.75800323486328,112.04199981689453
2024-12-05 00:00:00+00:00,112.0270004272461,112.13800048828125,111.78900146484375,111.9219970703125
2024-12-05 04:00:00+00:00,111.91999816894531,111.99500274658203,111.56800079345703,111.76499938964844
2024-12-05 08:00:00+00:00,111.77300262451172,112.0780029296875,111.71600341796875,111.99400329589844
2024-12-05 12:00:00+00:00,111.98899841308594,112.47200012207031,111.97599792480469,112.19300079345703
2024-12-05 16:00:00+00:00,112.18000030517578,112.2239990234375,112.0009994506836,112.11299896240234
2024-12-05 20:00:00+00:00,112.11199951171875,112.22599792480469,111.63700103759766,112.2040023803711
2024-12-06 00:00:00+00:00,112.14900207519531,112.23500061035156,111.83799743652344,111.9229965209961
2024-12-06 04:00:00+00:00,111.92400360107422,112.11900329589844,111.85399627685547,112.0989990234375
2024-12-06 08:00:00+00:00,112.10199737548828,112.41500091552734,112.09700012207031,112.33599853515625
2024-12-06 12:00:00+00:00,112.34100341796875,112.42400360107422,111.56099700927734,111.7239990234375
2024-12-06 16:00:00+00:00,111.7229995727539,111.86100006103516,111.6259994506836,111.70899963378906
2024-12-06 20:00:00+00:00,111.70899963378906,111.81600189208984,111.50499725341797,111.77300262451172
2024-12-09 00:00:00+00:00,111.7490005493164,111.77999877929688,111.55599975585938,111.6520004272461
2024-12-09 04:00:00+00:00,111.64600372314453,112.19400024414062,111.52899932861328,112.18000030517578
2024-12-09 08:00:00+00:00,112.17400360107422,112.42500305175781,112.12000274658203,112.35600280761719
2024-12-09 12:00:00+00:00,112.36000061035156,112.96600341796875,112.31700134277344,112.88600158691406
2024-12-09 16:00:00+00:00,112.88700103759766,112.99400329589844,112.78900146484375,112.8280029296875
2024-12-09 20:00:00+00:00,112.8290023803711,112.96600341796875,112.52899932861328,112.95700073242188
2024-12-10 00:00:00+00:00,112.93399810791016,113.00299835205078,112.72799682617188,112.78399658203125
2024-12-10 04:00:00+00:00,112.78700256347656,113.0770034790039,112.7030029296875,113.05699920654297
2024-12-10 08:00:00+00:00,113.04499816894531,113.19599914550781,112.90699768066406,113.14199829101562
2024-12-10 12:00:00+00:00,113.13999938964844,113.29299926757812,112.98100280761719,113.26100158691406
2024-12-10 16:00:00+00:00,113.25299835205078,113.30899810791016,113.1729965209961,113.20800018310547
2024-12-10 20:00:00+00:00,113.20800018310547,113.43499755859375,113.06999969482422,113.177001953125
2024-12-11 00:00:00+00:00,113.18499755859375,113.20700073242188,112.95700073242188,112.99400329589844
2024-12-11 04:00:00+00:00,112.99199676513672,113.19100189208984,112.65599822998047,112.76300048828125
2024-12-11 08:00:00+00:00,112.76399993896484,113.57599639892578,112.36799621582031,113.51699829101562
2024-12-11 12:00:00+00:00,113.52400207519531,113.81999969482422,113.12000274658203,113.43299865722656
2024-12-11 16:00:00+00:00,113.43000030517578,113.50900268554688,113.33100128173828,113.46900177001953
2024-12-11 20:00:00+00:00,113.46800231933594,113.47899627685547,113.13800048828125,113.35800170898438
2024-12-12 00:00:00+00:00,113.34100341796875,113.43599700927734,113.17500305175781,113.36699676513672
2024-12-12 04:00:00+00:00,113.35700225830078,113.61599731445312,113.23600006103516,113.55000305175781
2024-12-12 08:00:00+00:00,113.5510025024414,113.61499786376953,113.19300079345703,113.21600341796875
2024-12-12 12:00:00+00:00,113.21800231933594,113.35099792480469,112.87899780273438,113.11900329589844
2024-12-12 16:00:00+00:00,113.11299896240234,113.2760009765625,113.0739974975586,113.21399688720703
2024-12-12 20:00:00+00:00,113.21399688720703,113.44400024414062,113.10600280761719,113.27999877929688
2024-12-13 00:00:00+00:00,113.28800201416016,113.53199768066406,113.24700164794922,113.46900177001953
2024-12-13 04:00:00+00:00,113.46900177001953,113.58100128173828,113.25299835205078,113.33200073242188
2024-12-13 08:00:00+00:00,113.3270034790039,113.9260025024414,113.322998046875,113.89800262451172
2024-12-13 12:00:00+00:00,113.89900207519531,113.98899841308594,113.72899627685547,113.86799621582031
2024-12-13 16:00:00+00:00,113.86799621582031,113.96199798583984,113.8030014038086,113.85099792480469
2024-12-13 20:00:00+00:00,113.85099792480469,114.01699829101562,113.66200256347656,114.01699829101562
2024-12-16 00:00:00+00:00,113.81099700927734,114.19000244140625,113.75900268554688,114.00800323486328
2024-12-16 04:00:00+00:00,114.0009994506836,114.0719985961914,113.79000091552734,113.82099914550781
2024-12-16 08:00:00+00:00,113.81900024414062,114.05000305175781,113.75800323486328,113.94200134277344
2024-12-16 12:00:00+00:00,113.93000030517578,114.37300109863281,113.92500305175781,114.24600219726562
2024-12-16 16:00:00+00:00,114.24700164794922,114.27899932861328,114.11399841308594,114.15599822998047
2024-12-16 20:00:00+00:00,114.16799926757812,114.2770004272461,114.00700378417969,114.197998046875
2024-12-17 00:00:00+00:00,114.1989974975586,114.36299896240234,113.95099639892578,114.05999755859375
2024-12-17 04:00:00+00:00,114.06400299072266,114.21399688720703,114.00399780273438,114.09600067138672
2024-12-17 08:00:00+00:00,114.09700012207031,114.19300079345703,113.75199890136719,113.93599700927734
2024-12-17 12:00:00+00:00,113.93699645996094,113.98999786376953,113.60800170898438,113.70600128173828
2024-12-17 16:00:00+00:00,113.6969985961914,113.7969970703125,113.54299926757812,113.58699798583984
2024-12-17 20:00:00+00:00,113.58899688720703,113.78700256347656,113.43099975585938,113.7750015258789
2024-12-18 00:00:00+00:00,113.76399993896484,113.9540023803711,113.6760025024414,113.71499633789062
2024-12-18 04:00:00+00:00,113.70700073242188,113.74199676513672,113.52200317382812,113.7040023803711
2024-12-18 08:00:00+00:00,113.69200134277344,113.7770004272461,113.62000274658203,113.74199676513672
2024-12-18 12:00:00+00:00,113.73400115966797,113.9280014038086,113.72899627685547,113.84600067138672
2024-12-18 16:00:00+00:00,113.84400177001953,113.95600128173828,113.4469985961914,113.5469970703125
2024-12-18 20:00:00+00:00,113.5479965209961,113.6240005493164,113.25599670410156,113.43699645996094
2024-12-19 00:00:00+00:00,113.44000244140625,114.15299987792969,113.41100311279297,114.02999877929688
2024-12-19 04:00:00+00:00,114.03800201416016,115.10399627685547,113.76000213623047,114.88899993896484
2024-12-19 08:00:00+00:00,114.8949966430664,115.61100006103516,114.88800048828125,115.33999633789062
2024-12-19 12:00:00+00:00,115.33999633789062,115.91000366210938,115.16300201416016,115.89399719238281
2024-12-19 16:00:00+00:00,115.89199829101562,115.94200134277344,115.54299926757812,115.56300354003906
2024-12-19 20:00:00+00:00,115.56900024414062,115.7699966430664,115.37799835205078,115.75
2024-12-20 00:00:00+00:00,115.74500274658203,115.96800231933594,115.29199981689453,115.44100189208984
2024-12-20 04:00:00+00:00,115.44200134277344,115.59100341796875,115.22200012207031,115.41899871826172
2024-12-20 08:00:00+00:00,115.41200256347656,115.57499694824219,115.18000030517578,115.44200134277344
2024-12-20 12:00:00+00:00,115.43199920654297,115.56800079345703,115.1969985961914,115.34300231933594
2024-12-20 16:00:00+00:00,115.34300231933594,115.40299987792969,115.11699676513672,115.23300170898438
2024-12-20 20:00:00+00:00,115.23200225830078,115.49099731445312,114.95899963378906,115.41200256347656
2024-12-23 00:00:00+00:00,115.5009994506836,115.63400268554688,115.43099975585938,115.56500244140625
2024-12-23 04:00:00+00:00,115.55500030517578,115.71099853515625,115.47899627685547,115.58300018310547
2024-12-23 08:00:00+00:00,115.58999633789062,115.6520004272461,115.41000366210938,115.5780029296875
2024-12-23 12:00:00+00:00,115.5780029296875,115.88700103759766,115.56700134277344,115.74400329589844
2024-12-23 16:00:00+00:00,115.74500274658203,115.81999969482422,115.66100311279297,115.7770004272461
2024-12-23 20:00:00+00:00,115.77100372314453,115.89199829101562,115.40699768066406,115.76799774169922
2024-12-24 00:00:00+00:00,115.77200317382812,115.9489974975586,115.52999877929688,115.5739974975586
2024-12-24 04:00:00+00:00,115.572998046875,115.62000274658203,115.44300079345703,115.58899688720703
2024-12-24 08:00:00+00:00,115.58999633789062,115.62000274658203,115.45700073242188,115.5770034790039
2024-12-24 12:00:00+00:00,115.57499694824219,115.74600219726562,115.52300262451172,115.60800170898438
2024-12-24 16:00:00+00:00,115.60800170898438,115.64600372314453,115.447998046875,115.63200378417969
2024-12-24 20:00:00+00:00,115.5510025024414,115.72899627685547,115.30899810791016,115.38099670410156
2024-12-25 00:00:00+00:00,115.38800048828125,115.66300201416016,115.29900360107422,115.38300323486328
2024-12-25 04:00:00+00:00,115.40299987792969,115.86699676513672,115.3489990234375,115.8239974975586
2024-12-25 08:00:00+00:00,115.6760025024414,115.6760025024414,115.6760025024414,115.6760025024414
2024-12-25 16:00:00+00:00,115.83300018310547,115.83899688720703,115.83000183105469,115.83799743652344
2024-12-25 20:00:00+00:00,115.86299896240234,115.90499877929688,115.44400024414062,115.61000061035156
2024-12-26 00:00:00+00:00,115.58599853515625,115.96499633789062,115.56900024414062,115.90899658203125
2024-12-26 04:00:00+00:00,115.90299987792969,115.96499633789062,115.66500091552734,115.84200286865234
2024-12-26 08:00:00+00:00,115.83999633789062,116.02899932861328,115.73500061035156,116.01699829101562
2024-12-26 12:00:00+00:00,116.01599884033203,116.24600219726562,115.9020004272461,116.24199676513672
2024-12-26 16:00:00+00:00,116.23500061035156,116.33799743652344,116.1760025024414,116.25299835205078
2024-12-26 20:00:00+00:00,116.24700164794922,116.28399658203125,115.9800033569336,116.0979995727539
2024-12-27 00:00:00+00:00,116.08899688720703,116.25299835205078,115.76899719238281,115.94200134277344
2024-12-27 04:00:00+00:00,115.94300079345703,116.21299743652344,115.8489990234375,116.18499755859375
2024-12-27 08:00:00+00:00,116.18499755859375,116.23799896240234,115.97100067138672,116.06400299072266
2024-12-27 12:00:00+00:00,116.06199645996094,116.25,116.00700378417969,116.0459976196289
2024-12-27 16:00:00+00:00,116.0459976196289,116.31900024414062,115.93900299072266,116.31800079345703
2024-12-27 20:00:00+00:00,116.31700134277344,116.31999969482422,115.97699737548828,116.15799713134766
2024-12-30 00:00:00+00:00,116.26499938964844,116.36499786376953,116.0989990234375,116.33000183105469
2024-12-30 04:00:00+00:00,116.33100128173828,116.49199676513672,116.22599792480469,116.45500183105469
2024-12-30 08:00:00+00:00,116.4489974975586,116.47000122070312,116.23400115966797,116.3030014038086
2024-12-30 12:00:00+00:00,116.30400085449219,116.30999755859375,115.34700012207031,115.60900115966797
2024-12-30 16:00:00+00:00,115.60700225830078,115.68599700927734,115.36299896240234,115.46399688720703
2024-12-30 20:00:00+00:00,115.46700286865234,115.60099792480469,115.16999816894531,115.49700164794922
2024-12-31 00:00:00+00:00,115.49299621582031,115.52400207519531,114.99500274658203,115.01499938964844
2024-12-31 04:00:00+00:00,115.00900268554688,115.03700256347656,114.81300354003906,114.94400024414062
2024-12-31 08:00:00+00:00,114.93800354003906,115.21299743652344,114.64399719238281,115.0469970703125
2024-12-31 12:00:00+00:00,115.0469970703125,115.25299835205078,114.93299865722656,115.21299743652344
2024-12-31 16:00:00+00:00,115.21800231933594,115.24199676513672,115.0250015258789,115.11900329589844
2024-12-31 20:00:00+00:00,115.12100219726562,115.2490005493164,115.0009994506836,115.09600067138672
2025-01-01 20:00:00+00:00,114.90699768066406,115.49099731445312,114.75499725341797,115.4749984741211
2025-01-02 00:00:00+00:00,115.45099639892578,115.60399627685547,115.2750015258789,115.52400207519531
2025-01-02 04:00:00+00:00,115.5250015258789,115.53199768066406,114.9010009765625,115.05799865722656
2025-01-02 08:00:00+00:00,115.05999755859375,115.23899841308594,114.79299926757812,115.18399810791016
2025-01-02 12:00:00+00:00,115.16899871826172,115.197998046875,114.73600006103516,114.88300323486328
2025-01-02 16:00:00+00:00,114.88300323486328,115.23899841308594,114.87200164794922,114.93199920654297
2025-01-02 20:00:00+00:00,114.91699981689453,115.03600311279297,114.65899658203125,114.87899780273438
2025-01-03 00:00:00+00:00,114.87999725341797,115.06600189208984,114.82499694824219,114.91699981689453
2025-01-03 04:00:00+00:00,114.91600036621094,114.947998046875,114.6259994506836,114.68199920654297
2025-01-03 08:00:00+00:00,114.68099975585938,114.81800079345703,114.58300018310547,114.78700256347656
2025-01-03 12:00:00+00:00,114.77899932861328,114.84100341796875,114.4530029296875,114.78299713134766
2025-01-03 16:00:00+00:00,114.78199768066406,114.79000091552734,114.50700378417969,114.68499755859375
2025-01-03 20:00:00+00:00,114.68399810791016,114.81900024414062,114.47699737548828,114.81900024414062
2025-01-06 00:00:00+00:00,114.88899993896484,115.2040023803711,114.87699890136719,115.13300323486328
2025-01-06 04:00:00+00:00,115.13999938964844,115.2030029296875,115.02300262451172,115.16899871826172
2025-01-06 08:00:00+00:00,115.16000366210938,115.90499877929688,115.14700317382812,115.61399841308594
2025-01-06 12:00:00+00:00,115.61599731445312,115.63500213623047,114.90599822998047,115.48100280761719
2025-01-06 16:00:00+00:00,115.4800033569336,115.63899993896484,115.41000366210938,115.52400207519531
2025-01-06 20:00:00+00:00,115.5250015258789,115.69400024414062,115.24099731445312,115.65499877929688
2025-01-07 00:00:00+00:00,115.64800262451172,116.08499908447266,115.64299774169922,115.87799835205078
2025-01-07 04:00:00+00:00,115.87100219726562,115.89299774169922,115.63899993896484,115.71900177001953
2025-01-07 08:00:00+00:00,115.71900177001953,116.01000213623047,115.60700225830078,115.86499786376953
2025-01-07 12:00:00+00:00,115.8550033569336,116.05999755859375,115.49099731445312,115.73400115966797
2025-01-07 16:00:00+00:00,115.7490005493164,115.84400177001953,115.49099731445312,115.71199798583984
2025-01-07 20:00:00+00:00,115.71600341796875,116.0530014038086,115.62999725341797,115.9260025024414
2025-01-08 00:00:00+00:00,115.91600036621094,115.94400024414062,115.70099639892578,115.8290023803711
2025-01-08 04:00:00+00:00,115.8239974975586,115.91300201416016,115.62200164794922,115.71099853515625
2025-01-08 08:00:00+00:00,115.71099853515625,115.80899810791016,115.5989990234375,115.64099884033203
2025-01-08 12:00:00+00:00,115.64199829101562,115.73100280761719,115.3219985961914,115.62000274658203
2025-01-08 16:00:00+00:00,115.62000274658203,115.84200286865234,115.61399841308594,115.78399658203125
2025-01-08 20:00:00+00:00,115.78500366210938,115.80799865722656,115.5260009765625,115.6240005493164
2025-01-09 00:00:00+00:00,115.60800170898438,115.64299774169922,115.46800231933594,115.48200225830078
2025-01-09 04:00:00+00:00,115.48300170898438,115.56300354003906,115.31400299072266,115.38300323486328
2025-01-09 08:00:00+00:00,115.38500213623047,115.50199890136719,115.30000305175781,115.36399841308594
2025-01-09 12:00:00+00:00,115.3499984741211,115.41899871826172,115.16999816894531,115.3740005493164
2025-01-09 16:00:00+00:00,115.37799835205078,115.56600189208984,115.34600067138672,115.5479965209961
2025-01-09 20:00:00+00:00,115.5479965209961,115.6259994506836,115.3499984741211,115.46700286865234
2025-01-10 00:00:00+00:00,115.47200012207031,115.69200134277344,115.39199829101562,115.63400268554688
2025-01-10 04:00:00+00:00,115.63500213623047,115.72000122070312,115.51300048828125,115.67900085449219
2025-01-10 08:00:00+00:00,115.6780014038086,115.69999694824219,115.16100311279297,115.49800109863281
2025-01-10 12:00:00+00:00,115.50700378417969,115.78900146484375,114.75499725341797,114.81700134277344
2025-01-10 16:00:00+00:00,114.81500244140625,115.1780014038086,114.81099700927734,115.11199951171875
2025-01-10 20:00:00+00:00,115.11399841308594,115.13400268554688,114.7959976196289,114.98100280761719
2025-01-13 00:00:00+00:00,115.11100006103516,115.14800262451172,114.57099914550781,114.58699798583984
2025-01-13 04:00:00+00:00,114.59100341796875,114.77100372314453,114.51599884033203,114.68399810791016
2025-01-13 08:00:00+00:00,114.68399810791016,114.8489990234375,114.20099639892578,114.4530029296875
2025-01-13 12:00:00+00:00,114.44599914550781,114.70899963378906,114.2300033569336,114.64199829101562
2025-01-13 16:00:00+00:00,114.63800048828125,114.98500061035156,114.5979995727539,114.97599792480469
2025-01-13 20:00:00+00:00,114.9749984741211,115.0999984741211,114.61599731445312,114.98100280761719
2025-01-14 00:00:00+00:00,114.95500183105469,115.26399993896484,114.57499694824219,114.98600006103516
2025-01-14 04:00:00+00:00,114.98500061035156,115.14700317382812,114.8740005493164,115.03199768066406
2025-01-14 08:00:00+00:00,115.03099822998047,115.39800262451172,114.96399688720703,115.31199645996094
2025-01-14 12:00:00+00:00,115.31099700927734,115.55500030517578,114.83499908447266,115.4800033569336
2025-01-14 16:00:00+00:00,115.48400115966797,115.61699676513672,115.37300109863281,115.51599884033203
2025-01-14 20:00:00+00:00,115.51100158691406,115.61799621582031,115.27200317382812,115.58899688720703
2025-01-15 00:00:00+00:00,115.58599853515625,115.61799621582031,115.33100128173828,115.38200378417969
2025-01-15 04:00:00+00:00,115.37699890136719,115.4020004272461,114.75700378417969,114.78900146484375
2025-01-15 08:00:00+00:00,114.79299926757812,114.93599700927734,114.65499877929688,114.81700134277344
2025-01-15 12:00:00+00:00,114.81800079345703,114.84200286865234,114.27200317382812,114.3479995727539
2025-01-15 16:00:00+00:00,114.34100341796875,114.52300262451172,114.33899688720703,114.41400146484375
2025-01-15 20:00:00+00:00,114.4209976196289,114.55699920654297,114.07499694824219,114.33499908447266
2025-01-16 00:00:00+00:00,114.322998046875,114.47000122070312,113.6050033569336,113.90499877929688
2025-01-16 04:00:00+00:00,113.90399932861328,114.2969970703125,113.8270034790039,114.24700164794922
2025-01-16 08:00:00+00:00,114.24700164794922,114.28700256347656,113.78299713134766,113.927001953125
2025-01-16 12:00:00+00:00,113.93299865722656,114.18599700927734,113.75800323486328,113.7770004272461
2025-01-16 16:00:00+00:00,113.77999877929688,113.802001953125,113.53800201416016,113.61299896240234
2025-01-16 20:00:00+00:00,113.61699676513672,113.65899658203125,113.22699737548828,113.6520004272461
2025-01-17 00:00:00+00:00,113.64700317382812,113.81700134277344,113.45099639892578,113.78500366210938
2025-01-17 04:00:00+00:00,113.79299926757812,113.9229965209961,113.63999938964844,113.822998046875
2025-01-17 08:00:00+00:00,113.82599639892578,114.00399780273438,113.71600341796875,113.90799713134766
2025-01-17 12:00:00+00:00,113.90799713134766,114.27899932861328,113.63099670410156,114.2300033569336
2025-01-17 16:00:00+00:00,114.2249984741211,114.35800170898438,114.0790023803711,114.08499908447266
2025-01-17 20:00:00+00:00,114.08599853515625,114.1989974975586,113.875,114.12000274658203
2025-01-20 00:00:00+00:00,114.302001953125,114.34400177001953,113.99199676513672,114.12999725341797
2025-01-20 04:00:00+00:00,114.12100219726562,114.50399780273438,114.10099792480469,114.32499694824219
2025-01-20 08:00:00+00:00,114.32599639892578,114.66400146484375,114.28500366210938,114.59700012207031
2025-01-20 12:00:00+00:00,114.58899688720703,114.93199920654297,114.302001953125,114.7490005493164
2025-01-20 16:00:00+00:00,114.74800109863281,114.84400177001953,114.59400177001953,114.83799743652344
2025-01-20 20:00:00+00:00,114.83799743652344,114.84600067138672,114.2300033569336,114.58100128173828
2025-01-21 00:00:00+00:00,114.5780029296875,114.79199981689453,114.07599639892578,114.26399993896484
2025-01-21 04:00:00+00:00,114.26200103759766,114.65899658203125,114.18000030517578,114.5989990234375
2025-01-21 08:00:00+00:00,114.59700012207031,114.70099639892578,114.48100280761719,114.62699890136719
2025-01-21 12:00:00+00:00,114.62000274658203,114.77400207519531,114.51699829101562,114.62899780273438
2025-01-21 16:00:00+00:00,114.62899780273438,115.06500244140625,114.60600280761719,114.93399810791016
2025-01-21 20:00:00+00:00,114.93499755859375,115.03500366210938,114.63999938964844,114.9729995727539
2025-01-22 00:00:00+00:00,114.95500183105469,115.06900024414062,114.85600280761719,115.01300048828125
2025-01-22 04:00:00+00:00,115.01300048828125,115.14199829101562,114.86100006103516,115.11900329589844
2025-01-22 08:00:00+00:00,115.11799621582031,115.26799774169922,114.89099884033203,115.2040023803711
2025-01-22 12:00:00+00:00,115.2040023803711,115.41200256347656,115.1240005493164,115.39800262451172
2025-01-22 16:00:00+00:00,115.39900207519531,115.58999633789062,115.37899780273438,115.52300262451172
2025-01-22 20:00:00+00:00,115.53199768066406,115.56500244140625,115.22100067138672,115.39700317382812
2025-01-23 00:00:00+00:00,115.41799926757812,115.52200317382812,115.3280029296875,115.48200225830078
2025-01-23 04:00:00+00:00,115.47899627685547,115.56900024414062,115.3219985961914,115.40499877929688
2025-01-23 08:00:00+00:00,115.40299987792969,115.4229965209961,115.11900329589844,115.35399627685547
2025-01-23 12:00:00+00:00,115.35399627685547,115.37200164794922,115.0530014038086,115.06199645996094
2025-01-23 16:00:00+00:00,115.06600189208984,115.2040023803711,114.9540023803711,115.03399658203125
2025-01-23 20:00:00+00:00,115.03299713134766,115.19400024414062,114.87999725341797,115.1449966430664
2025-01-24 00:00:00+00:00,115.08499908447266,115.70600128173828,114.89600372314453,115.16699981689453
2025-01-24 04:00:00+00:00,115.16699981689453,115.57499694824219,114.8239974975586,115.24600219726562
2025-01-24 08:00:00+00:00,115.24500274658203,115.83999633789062,115.08599853515625,115.79399871826172
2025-01-24 12:00:00+00:00,115.78299713134766,116.04000091552734,115.65499877929688,115.73300170898438
2025-01-24 16:00:00+00:00,115.7300033569336,115.90899658203125,115.63600158691406,115.76399993896484
2025-01-24 20:00:00+00:00,115.76100158691406,115.89099884033203,115.69999694824219,115.86100006103516
2025-01-27 00:00:00+00:00,115.44499969482422,115.59300231933594,115.22599792480469,115.53900146484375
2025-01-27 04:00:00+00:00,115.54000091552734,115.81500244140625,115.44100189208984,115.5250015258789
2025-01-27 08:00:00+00:00,115.52100372314453,115.53800201416016,114.41100311279297,114.56800079345703
2025-01-27 12:00:00+00:00,114.56900024414062,114.98699951171875,114.5270004272461,114.7760009765625
2025-01-27 16:00:00+00:00,114.7760009765625,115.00599670410156,114.58999633789062,114.86299896240234
2025-01-27 20:00:00+00:00,114.85900115966797,115.01100158691406,114.60399627685547,114.7300033569336
2025-01-28 00:00:00+00:00,114.71099853515625,115.21800231933594,114.66600036621094,115.0739974975586
2025-01-28 04:00:00+00:00,115.06500244140625,115.23300170898438,114.99600219726562,115.12200164794922
2025-01-28 08:00:00+00:00,115.12200164794922,115.19499969482422,114.75800323486328,114.89600372314453
2025-01-28 12:00:00+00:00,114.90299987792969,115.1709976196289,114.7020034790039,115.10099792480469
2025-01-28 16:00:00+00:00,115.09300231933594,115.21299743652344,114.94999694824219,115.00599670410156
2025-01-28 20:00:00+00:00,114.99199676513672,115.14099884033203,114.78199768066406,115.06099700927734
2025-01-29 00:00:00+00:00,115.04900360107422,115.23999786376953,114.9749984741211,115.11299896240234
2025-01-29 04:00:00+00:00,115.11299896240234,115.18599700927734,114.83100128173828,114.93000030517578
2025-01-29 08:00:00+00:00,114.93199920654297,115.06800079345703,114.79499816894531,114.97899627685547
2025-01-29 12:00:00+00:00,114.97599792480469,115.03900146484375,114.72100067138672,114.802001953125
2025-01-29 16:00:00+00:00,114.8030014038086,115.02799987792969,114.45899963378906,114.91500091552734
2025-01-29 20:00:00+00:00,114.91500091552734,115.08300018310547,114.60900115966797,114.9990005493164
2025-01-30 00:00:00+00:00,114.99700164794922,115.01300048828125,114.34700012207031,114.5260009765625
2025-01-30 04:00:00+00:00,114.52899932861328,114.5780029296875,114.30699920654297,114.4520034790039
2025-01-30 08:00:00+00:00,114.45899963378906,114.56900024414062,114.27200317382812,114.37799835205078
2025-01-30 12:00:00+00:00,114.37899780273438,114.38899993896484,113.9800033569336,114.25399780273438
2025-01-30 16:00:00+00:00,114.25599670410156,114.44100189208984,114.19400024414062,114.20700073242188
2025-01-30 20:00:00+00:00,114.20500183105469,114.23699951171875,113.81900024414062,113.95099639892578
2025-01-31 00:00:00+00:00,113.9530029296875,114.01100158691406,113.71900177001953,113.9000015258789
2025-01-31 04:00:00+00:00,113.88999938964844,114.302001953125,113.84100341796875,114.15599822998047
2025-01-31 08:00:00+00:00,114.15699768066406,114.23500061035156,113.90299987792969,114.09600067138672
2025-01-31 12:00:00+00:00,114.0989990234375,114.28500366210938,113.9010009765625,114.21499633789062
2025-01-31 16:00:00+00:00,114.21600341796875,114.45800018310547,114.03299713134766,114.1449966430664
2025-01-31 20:00:00+00:00,114.13800048828125,114.29399871826172,113.95899963378906,114.21700286865234
2025-02-03 00:00:00+00:00,113.53199768066406,113.90499877929688,113.5009994506836,113.68000030517578
2025-02-03 04:00:00+00:00,113.68299865722656,113.91500091552734,113.66600036621094,113.79499816894531
2025-02-03 08:00:00+00:00,113.79399871826172,113.88300323486328,113.01000213623047,113.0999984741211
2025-02-03 12:00:00+00:00,113.0989990234375,113.66699981689453,112.72799682617188,113.60299682617188
2025-02-03 16:00:00+00:00,113.5999984741211,113.78500366210938,113.33100128173828,113.65799713134766
2025-02-03 20:00:00+00:00,113.65899658203125,114.1989974975586,113.44000244140625,114.16200256347656
2025-02-04 00:00:00+00:00,114.14700317382812,114.24400329589844,113.98300170898438,114.18099975585938
2025-02-04 04:00:00+00:00,114.18199920654297,114.3010025024414,113.61299896240234,114.26899719238281
2025-02-04 08:00:00+00:00,114.26699829101562,114.58999633789062,114.24800109863281,114.45099639892578
2025-02-04 12:00:00+00:00,114.4530029296875,114.56099700927734,114.25399780273438,114.4209976196289
2025-02-04 16:00:00+00:00,114.41899871826172,114.4280014038086,114.0009994506836,114.11299896240234
2025-02-04 20:00:00+00:00,114.12200164794922,114.2229995727539,113.79199981689453,113.93599700927734
2025-02-05 00:00:00+00:00,113.91899871826172,114.06900024414062,113.21600341796875,113.28199768066406
2025-02-05 04:00:00+00:00,113.28900146484375,113.58200073242188,113.2030029296875,113.5250015258789
2025-02-05 08:00:00+00:00,113.52300262451172,113.5790023803711,113.0770034790039,113.33100128173828
2025-02-05 12:00:00+00:00,113.3219985961914,113.52100372314453,112.85099792480469,112.8949966430664
2025-02-05 16:00:00+00:00,112.9010009765625,113.11399841308594,112.87699890136719,113.08799743652344
2025-02-05 20:00:00+00:00,113.08799743652344,113.25900268554688,112.89399719238281,113.16000366210938
2025-02-06 00:00:00+00:00,113.15599822998047,113.1780014038086,112.60800170898438,112.73200225830078
2025-02-06 04:00:00+00:00,112.73300170898438,112.947998046875,112.62899780273438,112.81500244140625
2025-02-06 08:00:00+00:00,112.80699920654297,112.90499877929688,112.60600280761719,112.63999938964844
2025-02-06 12:00:00+00:00,112.65299987792969,112.66699981689453,112.19200134277344,112.22200012207031
2025-02-06 16:00:00+00:00,112.2239990234375,112.52999877929688,111.96900177001953,112.08799743652344
2025-02-06 20:00:00+00:00,112.08799743652344,112.21199798583984,111.85199737548828,111.95500183105469
2025-02-07 00:00:00+00:00,111.93499755859375,112.3280029296875,111.80699920654297,112.1780014038086
2025-02-07 04:00:00+00:00,112.1719970703125,112.47100067138672,112.1240005493164,112.43499755859375
2025-02-07 08:00:00+00:00,112.42900085449219,112.65499877929688,112.38200378417969,112.63899993896484
2025-02-07 12:00:00+00:00,112.63800048828125,112.71099853515625,111.73899841308594,111.875
2025-02-07 16:00:00+00:00,111.87300109863281,112.0739974975586,111.38999938964844,111.75599670410156
2025-02-07 20:00:00+00:00,111.75700378417969,111.83000183105469,111.48500061035156,111.74800109863281
2025-02-10 00:00:00+00:00,111.88400268554688,112.21700286865234,111.75399780273438,112.10399627685547
2025-02-10 04:00:00+00:00,112.10399627685547,112.36199951171875,111.89800262451172,112.34400177001953
2025-02-10 08:00:00+00:00,112.3499984741211,112.59500122070312,112.30400085449219,112.35900115966797
2025-02-10 12:00:00+00:00,112.35800170898438,112.41100311279297,111.88099670410156,111.93000030517578
2025-02-10 16:00:00+00:00,111.9229965209961,112.16999816894531,111.89900207519531,112.11199951171875
2025-02-10 20:00:00+00:00,112.11199951171875,112.22699737548828,111.85700225830078,111.9000015258789
2025-02-11 00:00:00+00:00,111.90599822998047,112.11199951171875,111.83599853515625,112.02999877929688
2025-02-11 04:00:00+00:00,112.02400207519531,112.14099884033203,111.98699951171875,112.05799865722656
2025-02-11 08:00:00+00:00,112.06500244140625,112.3949966430664,111.93499755859375,112.36299896240234
2025-02-11 12:00:00+00:00,112.36499786376953,112.65499877929688,112.28099822998047,112.56900024414062
2025-02-11 16:00:00+00:00,112.56800079345703,112.75900268554688,112.4469985961914,112.65899658203125
2025-02-11 20:00:00+00:00,112.64900207519531,112.91200256347656,112.4800033569336,112.89299774169922
2025-02-12 00:00:00+00:00,112.90499877929688,113.52999877929688,112.86599731445312,113.49199676513672
2025-02-12 04:00:00+00:00,113.49500274658203,113.56500244140625,113.30799865722656,113.5510025024414
2025-02-12 08:00:00+00:00,113.55000305175781,113.68299865722656,113.322998046875,113.47799682617188
2025-02-12 12:00:00+00:00,113.47899627685547,114.09600067138672,113.02100372314453,113.99600219726562
2025-02-12 16:00:00+00:00,113.99600219726562,114.34300231933594,113.97599792480469,114.13400268554688
2025-02-12 20:00:00+00:00,114.14399719238281,114.16500091552734,113.67400360107422,114.01599884033203
2025-02-13 00:00:00+00:00,113.99700164794922,114.26799774169922,113.94499969482422,114.23100280761719
2025-02-13 04:00:00+00:00,114.2300033569336,114.51699829101562,114.14199829101562,114.33899688720703
2025-02-13 08:00:00+00:00,114.33699798583984,114.38800048828125,113.8290023803711,113.95800018310547
2025-02-13 12:00:00+00:00,113.9540023803711,113.99700164794922,113.52799987792969,113.68800354003906
2025-02-13 16:00:00+00:00,113.69100189208984,113.75700378417969,113.50199890136719,113.6780014038086
2025-02-13 20:00:00+00:00,113.68099975585938,113.95899963378906,113.5510025024414,113.82099914550781
2025-02-14 00:00:00+00:00,113.83799743652344,113.90399932861328,113.46299743652344,113.7030029296875
2025-02-14 04:00:00+00:00,113.70700073242188,113.78099822998047,113.41899871826172,113.72100067138672
2025-02-14 08:00:00+00:00,113.71499633789062,113.96600341796875,113.63200378417969,113.81700134277344
2025-02-14 12:00:00+00:00,113.80999755859375,114.01000213623047,113.54399871826172,113.66000366210938
2025-02-14 16:00:00+00:00,113.65799713134766,113.77300262451172,113.51000213623047,113.64099884033203
2025-02-14 20:00:00+00:00,113.64299774169922,113.7699966430664,113.48699951171875,113.69499969482422
2025-02-17 00:00:00+00:00,113.46199798583984,113.51699829101562,113.16799926757812,113.23999786376953
2025-02-17 04:00:00+00:00,113.24299621582031,113.3489990234375,113.11299896240234,113.30799865722656
2025-02-17 08:00:00+00:00,113.30899810791016,113.35399627685547,112.96299743652344,112.9749984741211
2025-02-17 12:00:00+00:00,112.9739990234375,112.99199676513672,112.8270034790039,112.86900329589844
2025-02-17 16:00:00+00:00,112.85800170898438,112.92900085449219,112.78700256347656,112.85800170898438
2025-02-17 20:00:00+00:00,112.85700225830078,113.01699829101562,112.73100280761719,112.87000274658203
2025-02-18 00:00:00+00:00,112.87899780273438,113.23500061035156,112.86499786376953,113.21099853515625
2025-02-18 04:00:00+00:00,113.21600341796875,113.28600311279297,113.00199890136719,113.24700164794922
2025-02-18 08:00:00+00:00,113.24199676513672,113.2969970703125,113.03299713134766,113.11399841308594
2025-02-18 12:00:00+00:00,113.11299896240234,113.1520004272461,112.87100219726562,113.0199966430664
2025-02-18 16:00:00+00:00,113.01399993896484,113.20899963378906,113.00299835205078,113.13899993896484
2025-02-18 20:00:00+00:00,113.13800048828125,113.3270034790039,113.00800323486328,113.19499969482422
2025-02-19 00:00:00+00:00,113.19100189208984,113.41400146484375,112.96700286865234,113.17900085449219
2025-02-19 04:00:00+00:00,113.16999816894531,113.21399688720703,112.98200225830078,113.01599884033203
2025-02-19 08:00:00+00:00,113.01699829101562,113.12300109863281,112.89199829101562,113.01300048828125
2025-02-19 12:00:00+00:00,113.01499938964844,113.11199951171875,112.677001953125,112.76200103759766
2025-02-19 16:00:00+00:00,112.7699966430664,112.97200012207031,112.76300048828125,112.83300018310547
2025-02-19 20:00:00+00:00,112.83300018310547,112.8550033569336,112.50900268554688,112.58399963378906
2025-02-20 00:00:00+00:00,112.58399963378906,112.62799835205078,112.16600036621094,112.25800323486328
2025-02-20 04:00:00+00:00,112.26100158691406,112.29399871826172,111.93900299072266,112.11599731445312
2025-02-20 08:00:00+00:00,112.11599731445312,112.34400177001953,112.10299682617188,112.23999786376953
2025-02-20 12:00:00+00:00,112.24400329589844,112.31800079345703,111.9260025024414,112.00299835205078
2025-02-20 16:00:00+00:00,112.00299835205078,112.39199829101562,111.96900177001953,112.36699676513672
2025-02-20 20:00:00+00:00,112.36599731445312,112.3949966430664,111.9229965209961,112.06300354003906
2025-02-21 00:00:00+00:00,112.06800079345703,112.91600036621094,112.06199645996094,112.6719970703125
2025-02-21 04:00:00+00:00,112.6709976196289,112.78500366210938,112.51699829101562,112.69100189208984
2025-02-21 08:00:00+00:00,112.69000244140625,112.72899627685547,112.36499786376953,112.40599822998047
2025-02-21 12:00:00+00:00,112.40899658203125,112.60199737548828,111.86100006103516,111.89700317382812
2025-02-21 16:00:00+00:00,111.89700317382812,111.96399688720703,111.41400146484375,111.5199966430664
2025-02-21 20:00:00+00:00,111.51899719238281,111.72000122070312,111.44499969482422,111.71900177001953
2025-02-24 00:00:00+00:00,111.80799865722656,112.1500015258789,111.57599639892578,111.98300170898438
2025-02-24 04:00:00+00:00,111.98699951171875,112.0469970703125,111.72799682617188,111.83399963378906
2025-02-24 08:00:00+00:00,111.83300018310547,111.9749984741211,111.5979995727539,111.91699981689453
2025-02-24 12:00:00+00:00,111.90899658203125,112.05000305175781,111.46299743652344,111.56300354003906
2025-02-24 16:00:00+00:00,111.58499908447266,111.90799713134766,111.572998046875,111.802001953125
2025-02-24 20:00:00+00:00,111.80400085449219,111.9280014038086,111.55699920654297,111.88500213623047
2025-02-25 00:00:00+00:00,111.9219970703125,112.1989974975586,111.77999877929688,111.80999755859375
2025-02-25 04:00:00+00:00,111.80500030517578,111.97200012207031,111.44400024414062,111.47200012207031
2025-02-25 08:00:00+00:00,111.4729995727539,111.95899963378906,111.41000366210938,111.91000366210938
2025-02-25 12:00:00+00:00,111.91100311279297,111.94400024414062,111.18699645996094,111.4489974975586
2025-02-25 16:00:00+00:00,111.44300079345703,111.64800262451172,111.22699737548828,111.5270004272461
2025-02-25 20:00:00+00:00,111.52899932861328,111.63999938964844,111.302001953125,111.58699798583984
2025-02-26 00:00:00+00:00,111.58000183105469,111.79900360107422,111.2969970703125,111.66400146484375
2025-02-26 04:00:00+00:00,111.66300201416016,111.80599975585938,111.60199737548828,111.74199676513672
2025-02-26 08:00:00+00:00,111.74199676513672,111.77999877929688,111.52200317382812,111.72899627685547
2025-02-26 12:00:00+00:00,111.71600341796875,111.89399719238281,111.50399780273438,111.8030014038086
2025-02-26 16:00:00+00:00,111.7959976196289,111.85099792480469,111.20899963378906,111.25599670410156
2025-02-26 20:00:00+00:00,111.25499725341797,111.49500274658203,111.1709976196289,111.24299621582031
2025-02-27 00:00:00+00:00,111.27999877929688,111.55000305175781,111.1989974975586,111.24299621582031
2025-02-27 04:00:00+00:00,111.24400329589844,111.41100311279297,111.11199951171875,111.33899688720703
2025-02-27 08:00:00+00:00,111.34500122070312,111.83799743652344,111.22599792480469,111.64700317382812
2025-02-27 12:00:00+00:00,111.6510009765625,111.66000366210938,111.02999877929688,111.28199768066406
2025-02-27 16:00:00+00:00,111.27899932861328,111.45999908447266,111.09400177001953,111.14600372314453
2025-02-27 20:00:00+00:00,111.14700317382812,111.2699966430664,110.91100311279297,111.25900268554688
2025-02-28 00:00:00+00:00,111.28099822998047,111.31300354003906,110.56700134277344,110.88899993896484
2025-02-28 04:00:00+00:00,110.88899993896484,111.55699920654297,110.79499816894531,111.46700286865234
2025-02-28 08:00:00+00:00,111.46700286865234,111.74500274658203,111.37000274658203,111.54000091552734
2025-02-28 12:00:00+00:00,111.53299713134766,111.94300079345703,111.44300079345703,111.69200134277344
2025-02-28 16:00:00+00:00,111.69499969482422,111.78299713134766,111.16699981689453,111.34400177001953
2025-02-28 20:00:00+00:00,111.3479995727539,111.47799682617188,111.26499938964844,111.47799682617188
2025-03-03 00:00:00+00:00,111.72000122070312,111.80699920654297,111.26799774169922,111.45500183105469
2025-03-03 04:00:00+00:00,111.45500183105469,111.54100036621094,111.3219985961914,111.33300018310547
2025-03-03 08:00:00+00:00,111.3290023803711,112.15499877929688,111.0999984741211,112.13999938964844
2025-03-03 12:00:00+00:00,112.13899993896484,112.27100372314453,111.6050033569336,111.70099639892578
2025-03-03 16:00:00+00:00,111.70500183105469,111.80500030517578,111.5469970703125,111.61399841308594
2025-03-03 20:00:00+00:00,111.61499786376953,111.6240005493164,110.6520004272461,110.89199829101562
2025-03-04 00:00:00+00:00,110.87899780273438,111.0469970703125,110.52799987792969,110.76499938964844
2025-03-04 04:00:00+00:00,110.7750015258789,111.14399719238281,110.61699676513672,110.96800231933594
2025-03-04 08:00:00+00:00,110.96900177001953,111.13400268554688,110.42500305175781,110.54900360107422
2025-03-04 12:00:00+00:00,110.54900360107422,110.74800109863281,110.2509994506836,110.45600128173828
2025-03-04 16:00:00+00:00,110.4489974975586,111.4469985961914,110.36100006103516,111.41899871826172
2025-03-04 20:00:00+00:00,111.42900085449219,112.13500213623047,111.2959976196289,111.87799835205078
2025-03-05 00:00:00+00:00,111.9489974975586,112.0780029296875,111.60700225830078,111.8949966430664
2025-03-05 04:00:00+00:00,111.89399719238281,112.0009994506836,111.72000122070312,111.84200286865234
2025-03-05 08:00:00+00:00,111.83699798583984,112.04000091552734,111.59700012207031,111.69400024414062
2025-03-05 12:00:00+00:00,111.68800354003906,111.99600219726562,111.3219985961914,111.78399658203125
2025-03-05 16:00:00+00:00,111.79100036621094,112.0199966430664,111.46299743652344,111.83999633789062
2025-03-05 20:00:00+00:00,111.84500122070312,111.95800018310547,111.4280014038086,111.84600067138672
2025-03-06 00:00:00+00:00,111.83499908447266,112.13500213623047,111.80000305175781,111.99500274658203
2025-03-06 04:00:00+00:00,111.99099731445312,112.05500030517578,111.3030014038086,111.31500244140625
2025-03-06 08:00:00+00:00,111.31600189208984,111.34600067138672,110.78500366210938,110.92900085449219
2025-03-06 12:00:00+00:00,110.92900085449219,111.35399627685547,110.4469985961914,111.3010025024414
2025-03-06 16:00:00+00:00,111.302001953125,111.4749984741211,110.72799682617188,110.86199951171875
2025-03-06 20:00:00+00:00,110.86399841308594,111.13099670410156,110.65899658203125,111.10299682617188
2025-03-07 00:00:00+00:00,111.1259994506836,111.13400268554688,110.625,110.70999908447266
2025-03-07 04:00:00+00:00,110.71099853515625,110.9489974975586,110.61299896240234,110.87200164794922
2025-03-07 08:00:00+00:00,110.87300109863281,111.0780029296875,110.71399688720703,110.98400115966797
2025-03-07 12:00:00+00:00,110.98400115966797,111.13099670410156,110.48899841308594,110.9000015258789
2025-03-07 16:00:00+00:00,110.90499877929688,111.33999633789062,110.41300201416016,111.2249984741211
2025-03-07 20:00:00+00:00,111.22799682617188,111.30000305175781,110.94200134277344,111.21299743652344
2025-03-10 00:00:00+00:00,110.98100280761719,111.02200317382812,110.66300201416016,110.8290023803711
2025-03-10 04:00:00+00:00,110.83200073242188,110.98899841308594,110.69300079345703,110.76799774169922
2025-03-10 08:00:00+00:00,110.76899719238281,110.7969970703125,110.22799682617188,110.52799987792969
2025-03-10 12:00:00+00:00,110.52899932861328,110.5719985961914,110.12100219726562,110.44599914550781
2025-03-10 16:00:00+00:00,110.44499969482422,110.56700134277344,110.197998046875,110.42500305175781
2025-03-10 20:00:00+00:00,110.4260025024414,110.50299835205078,110.07599639892578,110.30599975585938
2025-03-11 00:00:00+00:00,110.31600189208984,110.51499938964844,109.9729995727539,110.33899688720703
2025-03-11 04:00:00+00:00,110.33699798583984,110.5270004272461,110.20999908447266,110.38999938964844
2025-03-11 08:00:00+00:00,110.38600158691406,110.87300109863281,110.33599853515625,110.81600189208984
2025-03-11 12:00:00+00:00,110.81500244140625,111.23300170898438,110.56800079345703,110.85900115966797
2025-03-11 16:00:00+00:00,110.8550033569336,111.22200012207031,110.48799896240234,111.05500030517578
2025-03-11 20:00:00+00:00,111.05599975585938,111.24099731445312,110.70500183105469,111.22799682617188
2025-03-12 00:00:00+00:00,111.21900177001953,111.27999877929688,111.0260009765625,111.10700225830078
2025-03-12 04:00:00+00:00,111.10900115966797,111.4280014038086,111.03700256347656,111.41699981689453
2025-03-12 08:00:00+00:00,111.41699981689453,111.57499694824219,111.18699645996094,111.48100280761719
2025-03-12 12:00:00+00:00,111.47599792480469,111.73400115966797,110.91000366210938,111.38099670410156
2025-03-12 16:00:00+00:00,111.38099670410156,111.49600219726562,111.1780014038086,111.31900024414062
2025-03-12 20:00:00+00:00,111.31999969482422,111.33100128173828,110.93699645996094,111.29100036621094
2025-03-13 00:00:00+00:00,111.302001953125,111.34700012207031,111.09300231933594,111.10800170898438
2025-03-13 04:00:00+00:00,111.11000061035156,111.14099884033203,110.697998046875,110.80699920654297
2025-03-13 08:00:00+00:00,110.80000305175781,111.0479965209961,110.677001953125,110.7509994506836
2025-03-13 12:00:00+00:00,110.74800109863281,110.91699981689453,110.52200317382812,110.55799865722656
2025-03-13 16:00:00+00:00,110.55400085449219,110.66300201416016,110.33499908447266,110.53700256347656
2025-03-13 20:00:00+00:00,110.54299926757812,110.76599884033203,110.36699676513672,110.72000122070312
2025-03-14 00:00:00+00:00,110.73999786376953,111.10700225830078,110.6719970703125,111.06800079345703
2025-03-14 04:00:00+00:00,111.06700134277344,111.54000091552734,111.03600311279297,111.35600280761719
2025-03-14 08:00:00+00:00,111.34700012207031,111.5270004272461,111.27200317382812,111.43800354003906
2025-03-14 12:00:00+00:00,111.44400024414062,111.52100372314453,111.13899993896484,111.2770004272461
2025-03-14 16:00:00+00:00,111.2699966430664,111.48699951171875,111.11900329589844,111.46499633789062
2025-03-14 20:00:00+00:00,111.46399688720703,111.47899627685547,111.15699768066406,111.427001953125
2025-03-17 00:00:00+00:00,111.41999816894531,111.64399719238281,111.32099914550781,111.49299621582031
2025-03-17 04:00:00+00:00,111.49500274658203,111.72200012207031,111.48999786376953,111.56800079345703
2025-03-17 08:00:00+00:00,111.56800079345703,111.6520004272461,111.40299987792969,111.46099853515625
2025-03-17 12:00:00+00:00,111.45999908447266,111.93000030517578,111.29100036621094,111.67900085449219
2025-03-17 16:00:00+00:00,111.68000030517578,112.24500274658203,111.65399932861328,112.16699981689453
2025-03-17 20:00:00+00:00,112.1729965209961,112.30899810791016,111.89199829101562,112.2490005493164
2025-03-18 00:00:00+00:00,112.2770004272461,112.40599822998047,112.21800231933594,112.35199737548828
2025-03-18 04:00:00+00:00,112.35399627685547,112.5979995727539,112.21800231933594,112.58499908447266
2025-03-18 08:00:00+00:00,112.58100128173828,112.71199798583984,112.302001953125,112.4000015258789
2025-03-18 12:00:00+00:00,112.40399932861328,112.52899932861328,112.14700317382812,112.22200012207031
2025-03-18 16:00:00+00:00,112.21399688720703,112.37100219726562,112.0530014038086,112.2030029296875
2025-03-18 20:00:00+00:00,112.2030029296875,112.30899810791016,111.95999908447266,112.28099822998047
2025-03-19 00:00:00+00:00,112.26200103759766,112.41699981689453,112.11900329589844,112.16400146484375
2025-03-19 04:00:00+00:00,112.16200256347656,112.5469970703125,111.76499938964844,111.94100189208984
2025-03-19 08:00:00+00:00,111.93599700927734,112.4540023803711,111.93599700927734,112.41100311279297
2025-03-19 12:00:00+00:00,112.41000366210938,112.61100006103516,112.26100158691406,112.46299743652344
2025-03-19 16:00:00+00:00,112.4540023803711,112.47899627685547,111.71499633789062,111.84300231933594
2025-03-19 20:00:00+00:00,111.83399963378906,111.88800048828125,111.61299896240234,111.66799926757812
2025-03-20 00:00:00+00:00,111.6510009765625,111.6760025024414,111.38999938964844,111.44100189208984
2025-03-20 04:00:00+00:00,111.44400024414062,111.49400329589844,111.25499725341797,111.46900177001953
2025-03-20 08:00:00+00:00,111.4739990234375,111.52799987792969,111.1510009765625,111.1969985961914
2025-03-20 12:00:00+00:00,111.19599914550781,111.49800109863281,111.05500030517578,111.41600036621094
2025-03-20 16:00:00+00:00,111.41699981689453,111.51399993896484,111.34500122070312,111.45600128173828
2025-03-20 20:00:00+00:00,111.45600128173828,111.48999786376953,111.1259994506836,111.3219985961914
2025-03-21 00:00:00+00:00,111.3280029296875,111.73699951171875,111.31900024414062,111.7030029296875
2025-03-21 04:00:00+00:00,111.6989974975586,112.10900115966797,111.69599914550781,111.86299896240234
2025-03-21 08:00:00+00:00,111.86499786376953,111.98699951171875,111.59300231933594,111.63099670410156
2025-03-21 12:00:00+00:00,111.63300323486328,111.68499755859375,111.31999969482422,111.45800018310547
2025-03-21 16:00:00+00:00,111.45999908447266,111.78299713134766,111.4260025024414,111.75900268554688
2025-03-21 20:00:00+00:00,111.75800323486328,111.80400085449219,111.5510025024414,111.75700378417969
2025-03-24 00:00:00+00:00,112.10600280761719,112.18099975585938,111.96600341796875,112.01699829101562
2025-03-24 04:00:00+00:00,112.01799774169922,112.03099822998047,111.75499725341797,111.88099670410156
2025-03-24 08:00:00+00:00,111.88300323486328,112.03399658203125,111.78500366210938,111.97000122070312
2025-03-24 12:00:00+00:00,111.97000122070312,112.50800323486328,111.83699798583984,112.48799896240234
2025-03-24 16:00:00+00:00,112.48699951171875,112.52300262451172,112.30699920654297,112.51699829101562
2025-03-24 20:00:00+00:00,112.51599884033203,112.65299987792969,112.32499694824219,112.61000061035156
2025-03-25 00:00:00+00:00,112.60299682617188,112.7040023803711,112.4540023803711,112.48100280761719
2025-03-25 04:00:00+00:00,112.48100280761719,112.56400299072266,112.3479995727539,112.5459976196289
2025-03-25 08:00:00+00:00,112.5479965209961,112.58499908447266,112.31900024414062,112.38200378417969
2025-03-25 12:00:00+00:00,112.38200378417969,112.39299774169922,111.95999908447266,112.05599975585938
2025-03-25 16:00:00+00:00,112.05999755859375,112.2249984741211,112.03600311279297,112.15299987792969
2025-03-25 20:00:00+00:00,112.15399932861328,112.25,111.97799682617188,112.20099639892578
2025-03-26 00:00:00+00:00,112.20999908447266,112.48799896240234,112.13700103759766,112.45800018310547
2025-03-26 04:00:00+00:00,112.45800018310547,112.572998046875,112.40599822998047,112.46900177001953
2025-03-26 08:00:00+00:00,112.46900177001953,112.48899841308594,112.15299987792969,112.25700378417969
2025-03-26 12:00:00+00:00,112.25199890136719,112.58300018310547,112.13099670410156,112.48100280761719
2025-03-26 16:00:00+00:00,112.48200225830078,112.53299713134766,112.12799835205078,112.29900360107422
2025-03-26 20:00:00+00:00,112.2979965209961,112.36199951171875,111.9749984741211,112.14199829101562
2025-03-27 00:00:00+00:00,112.15299987792969,112.31199645996094,112.0250015258789,112.12000274658203
2025-03-27 04:00:00+00:00,112.11100006103516,112.4010009765625,112.09100341796875,112.31500244140625
2025-03-27 08:00:00+00:00,112.31400299072266,112.74500274658203,112.28600311279297,112.72100067138672
2025-03-27 12:00:00+00:00,112.72200012207031,112.79199981689453,112.35800170898438,112.75900268554688
2025-03-27 16:00:00+00:00,112.76000213623047,112.88800048828125,112.69300079345703,112.71099853515625
2025-03-27 20:00:00+00:00,112.70999908447266,112.80599975585938,112.47899627685547,112.60399627685547
2025-03-28 00:00:00+00:00,112.60600280761719,112.8219985961914,112.38600158691406,112.43099975585938
2025-03-28 04:00:00+00:00,112.43199920654297,112.52300262451172,112.16699981689453,112.18000030517578
2025-03-28 08:00:00+00:00,112.17900085449219,112.36299896240234,112.125,112.30400085449219
2025-03-28 12:00:00+00:00,112.2959976196289,112.38700103759766,111.77300262451172,112.03600311279297
2025-03-28 16:00:00+00:00,112.03800201416016,112.09400177001953,111.58699798583984,111.59700012207031
2025-03-28 20:00:00+00:00,111.59200286865234,111.63800048828125,111.3759994506836,111.6259994506836
2025-03-31 00:00:00+01:00,111.32099914550781,111.5,111.04900360107422,111.10299682617188
2025-03-31 04:00:00+01:00,111.10800170898438,111.30799865722656,110.97899627685547,111.15799713134766
2025-03-31 08:00:00+01:00,111.15399932861328,111.27799987792969,110.94200134277344,111.2249984741211
2025-03-31 12:00:00+01:00,111.2239990234375,111.46399688720703,111.14299774169922,111.23400115966797
2025-03-31 16:00:00+01:00,111.23799896240234,111.78800201416016,111.18099975585938,111.69499969482422
2025-03-31 20:00:00+01:00,111.68900299072266,111.77200317382812,111.3489990234375,111.5780029296875
2025-04-01 00:00:00+01:00,111.5739974975586,111.72100067138672,111.37999725341797,111.56500244140625
2025-04-01 04:00:00+01:00,111.56500244140625,111.68800354003906,111.38099670410156,111.62100219726562
2025-04-01 08:00:00+01:00,111.62000274658203,111.625,111.20800018310547,111.22899627685547
2025-04-01 12:00:00+01:00,111.23100280761719,111.29499816894531,110.90499877929688,111.1449966430664
2025-04-01 16:00:00+01:00,111.14600372314453,111.40799713134766,110.98300170898438,111.08899688720703
2025-04-01 20:00:00+01:00,111.08999633789062,111.52400207519531,111.0790023803711,111.48400115966797
2025-04-02 00:00:00+01:00,111.49800109863281,111.58000183105469,111.3219985961914,111.50199890136719
2025-04-02 04:00:00+01:00,111.50700378417969,111.64099884033203,111.41200256347656,111.43800354003906
2025-04-02 08:00:00+01:00,111.43399810791016,111.48999786376953,111.12999725341797,111.19100189208984
2025-04-02 12:00:00+01:00,111.18699645996094,111.5790023803711,111.04000091552734,111.56400299072266
2025-04-02 16:00:00+01:00,111.56099700927734,111.87799835205078,111.50199890136719,111.63700103759766
2025-04-02 20:00:00+01:00,111.63600158691406,112.30999755859375,109.6729965209961,110.01300048828125
2025-04-03 00:00:00+01:00,110.01000213623047,110.09500122070312,109.68699645996094,109.9530029296875
2025-04-03 04:00:00+01:00,109.9489974975586,109.96499633789062,109.41799926757812,109.53700256347656
2025-04-03 08:00:00+01:00,109.53800201416016,109.93900299072266,109.45899963378906,109.75399780273438
2025-04-03 12:00:00+01:00,109.75800323486328,109.78399658203125,108.85399627685547,109.21099853515625
2025-04-03 16:00:00+01:00,109.20899963378906,109.66300201416016,109.1729965209961,109.58499908447266
2025-04-03 20:00:00+01:00,109.58699798583984,109.65599822998047,109.00199890136719,109.17400360107422
2025-04-04 00:00:00+01:00,109.177001953125,109.76000213623047,109.16500091552734,109.5719985961914
2025-04-04 04:00:00+01:00,109.5719985961914,109.58999633789062,109.0479965209961,109.47599792480469
2025-04-04 08:00:00+01:00,109.4729995727539,109.677001953125,108.47699737548828,108.54000091552734
2025-04-04 12:00:00+01:00,108.54100036621094,108.93900299072266,107.91699981689453,108.38700103759766
2025-04-04 16:00:00+01:00,108.38099670410156,109.53900146484375,108.36299896240234,109.04199981689453
2025-04-04 20:00:00+01:00,109.04100036621094,109.30799865722656,108.83000183105469,109.19599914550781
2025-04-07 00:00:00+01:00,107.77799987792969,108.84600067138672,107.62999725341797,108.75299835205078
2025-04-07 04:00:00+01:00,108.75199890136719,108.7979965209961,107.89900207519531,108.06500244140625
2025-04-07 08:00:00+01:00,108.06400299072266,108.86799621582031,107.85800170898438,108.54499816894531
2025-04-07 12:00:00+01:00,108.54399871826172,109.98400115966797,108.46600341796875,109.34600067138672
2025-04-07 16:00:00+01:00,109.34600067138672,109.63500213623047,108.93399810791016,109.35399627685547
2025-04-07 20:00:00+01:00,109.35399627685547,109.48899841308594,109.00599670410156,109.33999633789062
2025-04-08 00:00:00+01:00,109.33499908447266,109.46299743652344,108.9729995727539,109.18000030517578
2025-04-08 04:00:00+01:00,109.18900299072266,109.68699645996094,109.13700103759766,109.1500015258789
2025-04-08 08:00:00+01:00,109.1449966430664,109.21700286865234,108.69100189208984,108.6969985961914
2025-04-08 12:00:00+01:00,108.70899963378906,109.28399658203125,108.65899658203125,108.9749984741211
2025-04-08 16:00:00+01:00,108.97699737548828,109.02300262451172,108.03800201416016,108.11699676513672
2025-04-08 20:00:00+01:00,108.125,108.29499816894531,107.60199737548828,107.85600280761719
2025-04-09 00:00:00+01:00,107.83499908447266,108.06400299072266,107.33599853515625,107.81900024414062
2025-04-09 04:00:00+01:00,107.81199645996094,107.93000030517578,107.16100311279297,107.44300079345703
2025-04-09 08:00:00+01:00,107.43800354003906,108.15499877929688,107.40499877929688,107.80500030517578
2025-04-09 12:00:00+01:00,107.80599975585938,107.80999755859375,107.05500030517578,107.4489974975586
2025-04-09 16:00:00+01:00,107.4489974975586,110.61100006103516,107.20099639892578,109.96399688720703
2025-04-09 20:00:00+01:00,109.97200012207031,110.43900299072266,109.68699645996094,109.91899871826172
2025-04-10 00:00:00+01:00,109.91899871826172,110.08000183105469,109.18000030517578,109.34700012207031
2025-04-10 04:00:00+01:00,109.34600067138672,109.76000213623047,109.25299835205078,109.73799896240234
2025-04-10 08:00:00+01:00,109.73600006103516,109.73999786376953,108.89199829101562,108.927001953125
2025-04-10 12:00:00+01:00,108.92500305175781,108.98600006103516,108.37100219726562,108.75199890136719
2025-04-10 16:00:00+01:00,108.75199890136719,108.88600158691406,108.11599731445312,108.76499938964844
2025-04-10 20:00:00+01:00,108.76499938964844,108.98200225830078,108.03099822998047,108.41300201416016
2025-04-11 00:00:00+01:00,108.36900329589844,108.44100189208984,107.7959976196289,108.07499694824219
2025-04-11 04:00:00+01:00,108.072998046875,108.60199737548828,107.6989974975586,108.37300109863281
2025-04-11 08:00:00+01:00,108.37999725341797,108.40899658203125,107.71700286865234,108.28800201416016
2025-04-11 12:00:00+01:00,108.30000305175781,108.81600189208984,107.86100006103516,108.74600219726562
2025-04-11 16:00:00+01:00,108.74500274658203,109.14800262451172,108.5790023803711,108.90499877929688
2025-04-11 20:00:00+01:00,108.90599822998047,108.96800231933594,108.51100158691406,108.80799865722656
2025-04-14 00:00:00+01:00,108.78099822998047,109.07599639892578,108.0979995727539,108.50900268554688
2025-04-14 04:00:00+01:00,108.51000213623047,108.74500274658203,108.38500213623047,108.50700378417969
2025-04-14 08:00:00+01:00,108.50599670410156,108.9229965209961,108.37300109863281,108.75399780273438
2025-04-14 12:00:00+01:00,108.75299835205078,109.1259994506836,108.7249984741211,108.90499877929688
2025-04-14 16:00:00+01:00,108.90799713134766,108.94300079345703,108.47899627685547,108.66100311279297
2025-04-14 20:00:00+01:00,108.66100311279297,108.8550033569336,108.41400146484375,108.7760009765625
2025-04-15 00:00:00+01:00,108.77200317382812,109.06199645996094,108.68199920654297,108.81500244140625
2025-04-15 04:00:00+01:00,108.81500244140625,109.00499725341797,108.59500122070312,108.92500305175781
2025-04-15 08:00:00+01:00,108.92500305175781,109.0469970703125,108.4219970703125,108.54299926757812
2025-04-15 12:00:00+01:00,108.54399871826172,108.69400024414062,108.31600189208984,108.45700073242188
2025-04-15 16:00:00+01:00,108.45999908447266,108.63500213623047,108.39900207519531,108.49700164794922
2025-04-15 20:00:00+01:00,108.49600219726562,108.63300323486328,108.17500305175781,108.4530029296875
2025-04-16 00:00:00+01:00,108.44999694824219,108.63899993896484,108.33699798583984,108.40699768066406
2025-04-16 04:00:00+01:00,108.40599822998047,108.49099731445312,108.13800048828125,108.30899810791016
2025-04-16 08:00:00+01:00,108.30699920654297,108.73400115966797,108.06700134277344,108.61799621582031
2025-04-16 12:00:00+01:00,108.61900329589844,108.66500091552734,108.31600189208984,108.53199768066406
2025-04-16 16:00:00+01:00,108.53099822998047,108.76599884033203,108.30400085449219,108.32599639892578
2025-04-16 20:00:00+01:00,108.33200073242188,108.45899963378906,107.875,108.21499633789062
2025-04-17 00:00:00+01:00,108.21099853515625,108.68099975585938,108.05699920654297,108.52300262451172
2025-04-17 04:00:00+01:00,108.51799774169922,108.6500015258789,108.43499755859375,108.63800048828125
2025-04-17 08:00:00+01:00,108.64299774169922,109.0260009765625,108.54299926757812,108.60199737548828
2025-04-17 12:00:00+01:00,108.5999984741211,108.72799682617188,108.25900268554688,108.36199951171875
2025-04-17 16:00:00+01:00,108.36499786376953,108.78600311279297,108.33399963378906,108.64700317382812
2025-04-17 20:00:00+01:00,108.6520004272461,108.69999694824219,108.30500030517578,108.49500274658203
2025-04-18 00:00:00+01:00,108.45899963378906,108.69200134277344,108.10399627685547,108.48699951171875
2025-04-18 04:00:00+01:00,108.48899841308594,108.51399993896484,108.25499725341797,108.44400024414062
2025-04-18 08:00:00+01:00,108.45500183105469,108.53199768066406,108.33200073242188,108.50599670410156
2025-04-18 12:00:00+01:00,108.50700378417969,108.552001953125,108.28600311279297,108.48600006103516
2025-04-18 16:00:00+01:00,108.50800323486328,108.51799774169922,108.29399871826172,108.38200378417969
2025-04-18 20:00:00+01:00,108.42900085449219,108.47599792480469,108.1050033569336,108.44300079345703
2025-04-21 00:00:00+01:00,108.1259994506836,108.37000274658203,107.79499816894531,107.86000061035156
2025-04-21 04:00:00+01:00,107.85299682617188,108.0790023803711,107.83200073242188,107.9020004272461
2025-04-21 08:00:00+01:00,107.90599822998047,108.10700225830078,107.80899810791016,108.08899688720703
2025-04-21 12:00:00+01:00,108.09100341796875,108.15799713134766,107.8280029296875,108.03700256347656
2025-04-21 16:00:00+01:00,108.03800201416016,108.06099700927734,107.72599792480469,107.75499725341797
2025-04-21 20:00:00+01:00,107.75599670410156,108.07599639892578,107.68900299072266,107.87200164794922
2025-04-22 00:00:00+01:00,107.88300323486328,108.10299682617188,107.66400146484375,107.68199920654297
2025-04-22 04:00:00+01:00,107.68199920654297,107.68199920654297,107.20999908447266,107.42500305175781
2025-04-22 08:00:00+01:00,107.4260025024414,107.63999938964844,107.25299835205078,107.30400085449219
2025-04-22 12:00:00+01:00,107.30500030517578,107.62000274658203,107.177001953125,107.5
2025-04-22 16:00:00+01:00,107.5,107.91200256347656,107.44400024414062,107.88500213623047
2025-04-22 20:00:00+01:00,107.88400268554688,109.03800201416016,107.73400115966797,108.67400360107422
2025-04-23 00:00:00+01:00,108.68900299072266,108.75599670410156,108.07599639892578,108.20600128173828
2025-04-23 04:00:00+01:00,108.2030029296875,108.37699890136719,108.00599670410156,108.0739974975586
2025-04-23 08:00:00+01:00,108.0770034790039,108.31199645996094,107.9209976196289,108.25800323486328
2025-04-23 12:00:00+01:00,108.25800323486328,108.73300170898438,108.02799987792969,108.63600158691406
2025-04-23 16:00:00+01:00,108.63700103759766,109.00900268554688,108.2770004272461,108.99400329589844
2025-04-23 20:00:00+01:00,108.98999786376953,109.0260009765625,108.46199798583984,108.73100280761719
2025-04-24 00:00:00+01:00,108.7509994506836,108.89199829101562,108.48500061035156,108.68800354003906
2025-04-24 04:00:00+01:00,108.69499969482422,108.70800018310547,108.48600006103516,108.60700225830078
2025-04-24 08:00:00+01:00,108.60600280761719,108.7760009765625,108.51799774169922,108.63200378417969
2025-04-24 12:00:00+01:00,108.62999725341797,108.70600128173828,108.45099639892578,108.66699981689453
2025-04-24 16:00:00+01:00,108.66500091552734,108.84500122070312,108.63700103759766,108.80500030517578
2025-04-24 20:00:00+01:00,108.80599975585938,108.86699676513672,108.45500183105469,108.82099914550781
2025-04-25 00:00:00+01:00,108.8219985961914,109.03099822998047,108.76100158691406,108.85900115966797
2025-04-25 04:00:00+01:00,108.85800170898438,109.38300323486328,108.83899688720703,109.22699737548828
2025-04-25 08:00:00+01:00,109.22000122070312,109.36199951171875,108.94000244140625,108.99600219726562
2025-04-25 12:00:00+01:00,108.99700164794922,109.50199890136719,108.9739990234375,109.49500274658203
2025-04-25 16:00:00+01:00,109.49299621582031,109.49800109863281,109.13300323486328,109.23999786376953
2025-04-25 20:00:00+01:00,109.24199676513672,109.38500213623047,109.03500366210938,109.2040023803711
2025-04-28 00:00:00+01:00,109.21299743652344,109.35800170898438,109.00399780273438,109.21800231933594
2025-04-28 04:00:00+01:00,109.21099853515625,109.32099914550781,109.08399963378906,109.27899932861328
2025-04-28 08:00:00+01:00,109.27999877929688,109.38099670410156,109.13700103759766,109.18699645996094
2025-04-28 12:00:00+01:00,109.18299865722656,109.20600128173828,108.73300170898438,108.88800048828125
2025-04-28 16:00:00+01:00,108.88999938964844,108.92900085449219,108.55799865722656,108.57499694824219
2025-04-28 20:00:00+01:00,108.572998046875,108.64299774169922,108.13099670410156,108.6259994506836
2025-04-29 00:00:00+01:00,108.62300109863281,108.81199645996094,108.46499633789062,108.7959976196289
2025-04-29 04:00:00+01:00,108.7959976196289,108.93499755859375,108.7239990234375,108.85700225830078
2025-04-29 08:00:00+01:00,108.85299682617188,109.03199768066406,108.8219985961914,108.85299682617188
2025-04-29 12:00:00+01:00,108.85900115966797,108.98400115966797,108.43099975585938,108.75599670410156
2025-04-29 16:00:00+01:00,108.76200103759766,108.80699920654297,108.5719985961914,108.73799896240234
2025-04-29 20:00:00+01:00,108.73400115966797,108.88600158691406,108.35700225830078,108.66799926757812
2025-04-30 00:00:00+01:00,108.70500183105469,108.927001953125,108.5530014038086,108.86599731445312
2025-04-30 04:00:00+01:00,108.86399841308594,109.25399780273438,108.81199645996094,109.1520004272461
2025-04-30 08:00:00+01:00,109.1500015258789,109.5979995727539,109.1240005493164,109.4530029296875
2025-04-30 12:00:00+01:00,109.4540023803711,109.52200317382812,108.94999694824219,109.177001953125
2025-04-30 16:00:00+01:00,109.1760025024414,109.48300170898438,109.06099700927734,109.29299926757812
2025-04-30 20:00:00+01:00,109.29199981689453,109.5979995727539,109.21099853515625,109.48200225830078
2025-05-01 00:00:00+01:00,109.49299621582031,109.55699920654297,109.30500030517578,109.4010009765625
2025-05-01 04:00:00+01:00,109.4010009765625,110.4280014038086,109.2750015258789,110.41899871826172
2025-05-01 08:00:00+01:00,110.4229965209961,110.46499633789062,110.15699768066406,110.28399658203125
2025-05-01 12:00:00+01:00,110.28500366210938,110.9219970703125,110.0770034790039,110.83100128173828
2025-05-01 16:00:00+01:00,110.8280029296875,111.11000061035156,110.76300048828125,111.09100341796875
2025-05-01 20:00:00+01:00,111.08899688720703,111.11399841308594,110.50499725341797,110.86399841308594
2025-05-02 00:00:00+01:00,110.84400177001953,111.25499725341797,110.68599700927734,111.11399841308594
2025-05-02 04:00:00+01:00,111.11599731445312,111.4729995727539,111.0719985961914,111.36499786376953
2025-05-02 08:00:00+01:00,111.36299896240234,112.03099822998047,111.18199920654297,111.50399780273438
2025-05-02 12:00:00+01:00,111.51499938964844,111.91200256347656,111.13400268554688,111.39199829101562
2025-05-02 16:00:00+01:00,111.39299774169922,111.6969985961914,111.29499816894531,111.69200134277344
2025-05-02 20:00:00+01:00,111.69100189208984,111.76899719238281,111.24099731445312,111.70800018310547
2025-05-05 00:00:00+01:00,111.59700012207031,111.66000366210938,111.43299865722656,111.56999969482422
2025-05-05 04:00:00+01:00,111.5719985961914,111.7490005493164,111.51499938964844,111.65899658203125
2025-05-05 08:00:00+01:00,111.66200256347656,111.84500122070312,111.41699981689453,111.66500091552734
2025-05-05 12:00:00+01:00,111.67400360107422,111.74199676513672,111.447998046875,111.58000183105469
2025-05-05 16:00:00+01:00,111.57599639892578,111.7249984741211,111.43000030517578,111.55000305175781
2025-05-05 20:00:00+01:00,111.54199981689453,111.56500244140625,111.0979995727539,111.34500122070312
2025-05-06 00:00:00+01:00,111.30999755859375,111.44599914550781,111.05699920654297,111.14099884033203
2025-05-06 04:00:00+01:00,111.13999938964844,111.23100280761719,110.99800109863281,111.01699829101562
2025-05-06 08:00:00+01:00,111.02899932861328,111.0989990234375,110.79000091552734,110.91799926757812
2025-05-06 12:00:00+01:00,110.91699981689453,110.97899627685547,110.48899841308594,110.79000091552734
2025-05-06 16:00:00+01:00,110.78199768066406,110.93099975585938,110.61000061035156,110.6259994506836
2025-05-06 20:00:00+01:00,110.62699890136719,111.15599822998047,110.31400299072266,111.13899993896484
2025-05-07 00:00:00+01:00,111.1510009765625,111.18299865722656,110.64700317382812,110.70899963378906
2025-05-07 04:00:00+01:00,110.70999908447266,110.91899871826172,110.66500091552734,110.7239990234375
2025-05-07 08:00:00+01:00,110.72799682617188,111.125,110.7040023803711,110.96600341796875
2025-05-07 12:00:00+01:00,110.96700286865234,111.06099700927734,110.8280029296875,111.03299713134766
2025-05-07 16:00:00+01:00,111.03500366210938,111.1719970703125,110.66200256347656,111.03399658203125
2025-05-07 20:00:00+01:00,111.0260009765625,111.2040023803711,110.77100372314453,111.0739974975586
2025-05-08 00:00:00+01:00,111.05899810791016,111.21499633789062,110.83200073242188,110.9000015258789
2025-05-08 04:00:00+01:00,110.89800262451172,111.19000244140625,110.86100006103516,111.1510009765625
2025-05-08 08:00:00+01:00,111.1500015258789,111.76100158691406,111.08999633789062,111.625
2025-05-08 12:00:00+01:00,111.62300109863281,111.74600219726562,111.41500091552734,111.66600036621094
2025-05-08 16:00:00+01:00,111.66000366210938,112.15799713134766,111.6240005493164,112.08899688720703
2025-05-08 20:00:00+01:00,112.08999633789062,112.28700256347656,111.8030014038086,112.13899993896484
2025-05-09 00:00:00+01:00,112.13999938964844,112.2969970703125,111.92400360107422,111.96399688720703
2025-05-09 04:00:00+01:00,111.96399688720703,112.08899688720703,111.7979965209961,111.83899688720703
2025-05-09 08:00:00+01:00,111.82599639892578,111.97000122070312,111.73400115966797,111.91500091552734
2025-05-09 12:00:00+01:00,111.91200256347656,111.97699737548828,111.69100189208984,111.7699966430664
2025-05-09 16:00:00+01:00,111.76000213623047,112.00599670410156,111.75800323486328,111.9229965209961
2025-05-09 20:00:00+01:00,111.9219970703125,112.00499725341797,111.8010025024414,111.98799896240234
2025-05-12 00:00:00+01:00,112.33999633789062,112.5979995727539,112.20999908447266,112.2760009765625
2025-05-12 04:00:00+01:00,112.27999877929688,112.52799987792969,112.23300170898438,112.48500061035156
2025-05-12 08:00:00+01:00,112.48300170898438,113.56300354003906,112.46900177001953,113.47599792480469
2025-05-12 12:00:00+01:00,113.47599792480469,113.61799621582031,113.19300079345703,113.50900268554688
2025-05-12 16:00:00+01:00,113.50299835205078,113.697998046875,113.33799743652344,113.53500366210938
2025-05-12 20:00:00+01:00,113.53500366210938,113.69200134277344,113.34500122070312,113.53299713134766
2025-05-13 00:00:00+01:00,113.52899932861328,113.66200256347656,113.2239990234375,113.39299774169922
2025-05-13 04:00:00+01:00,113.39399719238281,113.45700073242188,113.26100158691406,113.43199920654297
2025-05-13 08:00:00+01:00,113.43199920654297,113.52200317382812,113.21099853515625,113.44000244140625
2025-05-13 12:00:00+01:00,113.43800354003906,113.55599975585938,113.09400177001953,113.43299865722656
2025-05-13 16:00:00+01:00,113.43299865722656,113.50499725341797,113.23500061035156,113.34500122070312
2025-05-13 20:00:00+01:00,113.34400177001953,113.3949966430664,112.95999908447266,113.2239990234375
2025-05-14 00:00:00+01:00,113.23699951171875,113.44400024414062,112.96800231933594,113.0790023803711
2025-05-14 04:00:00+01:00,113.0770034790039,113.11100006103516,112.83899688720703,112.98100280761719
2025-05-14 08:00:00+01:00,112.98100280761719,113.03600311279297,112.39700317382812,112.50399780273438
2025-05-14 12:00:00+01:00,112.50499725341797,112.6969985961914,112.302001953125,112.65699768066406
2025-05-14 16:00:00+01:00,112.65899658203125,112.87999725341797,112.58100128173828,112.74199676513672
2025-05-14 20:00:00+01:00,112.74099731445312,112.83499908447266,112.31099700927734,112.59100341796875
2025-05-15 00:00:00+01:00,112.59100341796875,112.75900268554688,112.4219970703125,112.55799865722656
2025-05-15 04:00:00+01:00,112.55799865722656,112.59500122070312,112.12100219726562,112.177001953125
2025-05-15 08:00:00+01:00,112.17400360107422,112.43299865722656,112.13999938964844,112.2959976196289
2025-05-15 12:00:00+01:00,112.28500366210938,112.5790023803711,111.97200012207031,112.30899810791016
2025-05-15 16:00:00+01:00,112.30500030517578,112.36499786376953,112.1500015258789,112.31099700927734
2025-05-15 20:00:00+01:00,112.31300354003906,112.3219985961914,111.9489974975586,112.13400268554688
2025-05-16 00:00:00+01:00,112.1449966430664,112.32499694824219,111.82499694824219,112.2750015258789
2025-05-16 04:00:00+01:00,112.27100372314453,112.2959976196289,111.94599914550781,111.95500183105469
2025-05-16 08:00:00+01:00,111.95800018310547,112.16000366210938,111.85800170898438,112.0790023803711
2025-05-16 12:00:00+01:00,112.08300018310547,112.3239974975586,111.99500274658203,112.2239990234375
2025-05-16 16:00:00+01:00,112.2249984741211,112.31600189208984,112.1719970703125,112.23500061035156
2025-05-16 20:00:00+01:00,112.24099731445312,112.3030014038086,111.8489990234375,112.02999877929688
2025-05-19 00:00:00+01:00,111.76799774169922,111.98200225830078,111.56600189208984,111.8499984741211
2025-05-19 04:00:00+01:00,111.84500122070312,111.91899871826172,111.72599792480469,111.76000213623047
2025-05-19 08:00:00+01:00,111.76100158691406,111.99199676513672,111.66000366210938,111.9000015258789
2025-05-19 12:00:00+01:00,111.9020004272461,112.08699798583984,111.87100219726562,111.92900085449219
2025-05-19 16:00:00+01:00,111.93000030517578,112.04100036621094,111.8550033569336,111.94599914550781
2025-05-19 20:00:00+01:00,111.94599914550781,111.96199798583984,111.5510025024414,111.9209976196289
2025-05-20 00:00:00+01:00,111.91500091552734,112.21700286865234,111.75199890136719,111.98699951171875
2025-05-20 04:00:00+01:00,111.9800033569336,112.0260009765625,111.49400329589844,111.58899688720703
2025-05-20 08:00:00+01:00,111.58799743652344,111.60900115966797,111.2969970703125,111.54299926757812
2025-05-20 12:00:00+01:00,111.54399871826172,111.81500244140625,111.46099853515625,111.58999633789062
2025-05-20 16:00:00+01:00,111.58999633789062,111.83999633789062,111.56300354003906,111.60600280761719
2025-05-20 20:00:00+01:00,111.60600280761719,111.63500213623047,111.21399688720703,111.50299835205078
2025-05-21 00:00:00+01:00,111.50299835205078,111.56300354003906,111.31999969482422,111.35700225830078
2025-05-21 04:00:00+01:00,111.3550033569336,111.44300079345703,111.1760025024414,111.39700317382812
2025-05-21 08:00:00+01:00,111.39399719238281,111.6780014038086,111.3290023803711,111.43199920654297
2025-05-21 12:00:00+01:00,111.43399810791016,111.62899780273438,111.35399627685547,111.53900146484375
2025-05-21 16:00:00+01:00,111.53800201416016,111.60600280761719,111.24600219726562,111.4209976196289
2025-05-21 20:00:00+01:00,111.4229965209961,111.98699951171875,111.20099639892578,111.6729965209961
2025-05-22 00:00:00+01:00,111.6709976196289,111.70600128173828,111.08499908447266,111.09700012207031
2025-05-22 04:00:00+01:00,111.09500122070312,111.24099731445312,111.0199966430664,111.125
2025-05-22 08:00:00+01:00,111.13099670410156,111.19499969482422,110.79499816894531,111.1780014038086
2025-05-22 12:00:00+01:00,111.177001953125,111.42900085449219,110.9540023803711,111.25599670410156
2025-05-22 16:00:00+01:00,111.25,111.62300109863281,111.2490005493164,111.51499938964844
2025-05-22 20:00:00+01:00,111.52100372314453,111.53900146484375,111.13899993896484,111.28700256347656
2025-05-23 00:00:00+01:00,111.27999877929688,111.4469985961914,111.22100067138672,111.24400329589844
2025-05-23 04:00:00+01:00,111.24400329589844,111.33699798583984,111.16400146484375,111.25599670410156
2025-05-23 08:00:00+01:00,111.25499725341797,111.51499938964844,111.23899841308594,111.4540023803711
2025-05-23 12:00:00+01:00,111.44999694824219,111.48500061035156,110.62699890136719,110.99600219726562
2025-05-23 16:00:00+01:00,110.99700164794922,111.12000274658203,110.91000366210938,110.96199798583984
2025-05-23 20:00:00+01:00,110.96199798583984,111.02200317382812,110.69499969482422,111.01000213623047
2025-05-26 00:00:00+01:00,111.12899780273438,111.22899627685547,110.99700164794922,111.09500122070312
2025-05-26 04:00:00+01:00,111.09300231933594,111.35299682617188,111.08200073242188,111.31700134277344
2025-05-26 08:00:00+01:00,111.31600189208984,111.34100341796875,111.19499969482422,111.27400207519531
2025-05-26 12:00:00+01:00,111.27300262451172,111.36900329589844,111.1500015258789,111.1989974975586
2025-05-26 16:00:00+01:00,111.20099639892578,111.26100158691406,111.07599639892578,111.16100311279297
2025-05-26 20:00:00+01:00,111.15699768066406,111.28900146484375,110.9209976196289,111.12200164794922
2025-05-27 00:00:00+01:00,111.11599731445312,111.17500305175781,110.7959976196289,110.94300079345703
2025-05-27 04:00:00+01:00,110.94400024414062,111.51399993896484,110.91699981689453,111.46700286865234
2025-05-27 08:00:00+01:00,111.46199798583984,111.96299743652344,111.4520034790039,111.89900207519531
2025-05-27 12:00:00+01:00,111.9010009765625,112.18199920654297,111.822998046875,112.03500366210938
2025-05-27 16:00:00+01:00,112.04000091552734,112.0479965209961,111.9229965209961,111.94400024414062
2025-05-27 20:00:00+01:00,111.94400024414062,112.02899932861328,111.69400024414062,111.87799835205078
2025-05-28 00:00:00+01:00,111.87100219726562,112.302001953125,111.69100189208984,112.0479965209961
2025-05-28 04:00:00+01:00,112.0479965209961,112.1760025024414,111.8239974975586,112.05599975585938
2025-05-28 08:00:00+01:00,112.05599975585938,112.08300018310547,111.80699920654297,111.9749984741211
2025-05-28 12:00:00+01:00,111.9739990234375,112.39800262451172,111.91100311279297,112.37899780273438
2025-05-28 16:00:00+01:00,112.38099670410156,112.45099639892578,112.25499725341797,112.31600189208984
2025-05-28 20:00:00+01:00,112.31500244140625,112.38099670410156,112.02899932861328,112.3550033569336
2025-05-29 00:00:00+01:00,112.34200286865234,112.89600372314453,112.30500030517578,112.68299865722656
2025-05-29 04:00:00+01:00,112.68199920654297,112.87799835205078,112.572998046875,112.73899841308594
2025-05-29 08:00:00+01:00,112.73799896240234,112.76899719238281,112.35800170898438,112.43000030517578
2025-05-29 12:00:00+01:00,112.43299865722656,112.45700073242188,112.04100036621094,112.16000366210938
2025-05-29 16:00:00+01:00,112.16100311279297,112.17900085449219,111.9229965209961,111.94499969482422
2025-05-29 20:00:00+01:00,111.94300079345703,112.13700103759766,111.75399780273438,111.90599822998047
2025-05-30 00:00:00+01:00,111.89600372314453,111.95099639892578,111.54100036621094,111.69000244140625
2025-05-30 04:00:00+01:00,111.68900299072266,111.73699951171875,111.48100280761719,111.52899932861328
2025-05-30 08:00:00+01:00,111.53600311279297,111.76699829101562,111.41000366210938,111.46800231933594
2025-05-30 12:00:00+01:00,111.47200012207031,111.91999816894531,111.15399932861328,111.85299682617188
2025-05-30 16:00:00+01:00,111.85299682617188,111.8759994506836,111.48500061035156,111.56500244140625
2025-05-30 20:00:00+01:00,111.56099700927734,111.64700317382812,111.35600280761719,111.5739974975586
2025-06-02 00:00:00+01:00,111.52799987792969,111.572998046875,111.18900299072266,111.22599792480469
2025-06-02 04:00:00+01:00,111.22799682617188,111.30899810791016,111.08999633789062,111.14900207519531
2025-06-02 08:00:00+01:00,111.1510009765625,111.2300033569336,110.95800018310547,110.99299621582031
2025-06-02 12:00:00+01:00,110.99299621582031,111.16100311279297,110.82499694824219,110.97599792480469
2025-06-02 16:00:00+01:00,110.9749984741211,111.14600372314453,110.9739990234375,111.06999969482422
2025-06-02 20:00:00+01:00,111.06600189208984,111.08999633789062,110.62100219726562,110.84300231933594
2025-06-03 00:00:00+01:00,110.84400177001953,111.3219985961914,110.77999877929688,111.16699981689453
2025-06-03 04:00:00+01:00,111.16699981689453,111.23600006103516,110.96700286865234,111.0459976196289
2025-06-03 08:00:00+01:00,111.04499816894531,111.08799743652344,110.83799743652344,111.03900146484375
2025-06-03 12:00:00+01:00,111.03800201416016,111.61100006103516,111.0250015258789,111.58000183105469
2025-06-03 16:00:00+01:00,111.58200073242188,111.7229995727539,111.5459976196289,111.61699676513672
2025-06-03 20:00:00+01:00,111.62300109863281,111.7040023803711,111.32599639892578,111.61000061035156
2025-06-04 00:00:00+01:00,111.61100006103516,111.79499816894531,111.47899627685547,111.5770034790039
2025-06-04 04:00:00+01:00,111.57499694824219,111.77300262451172,111.52200317382812,111.6500015258789
2025-06-04 08:00:00+01:00,111.65399932861328,111.87799835205078,111.572998046875,111.83399963378906
2025-06-04 12:00:00+01:00,111.83399963378906,111.91100311279297,111.17500305175781,111.28299713134766
2025-06-04 16:00:00+01:00,111.28199768066406,111.3280029296875,110.93499755859375,111.06099700927734
2025-06-04 20:00:00+01:00,111.05799865722656,111.10800170898438,110.6969985961914,110.96499633789062
2025-06-05 00:00:00+01:00,110.89900207519531,111.18599700927734,110.78900146484375,111.09600067138672
2025-06-05 04:00:00+01:00,111.09500122070312,111.30000305175781,110.91500091552734,111.29199981689453
2025-06-05 08:00:00+01:00,111.29000091552734,111.55999755859375,111.23899841308594,111.4280014038086
2025-06-05 12:00:00+01:00,111.4219970703125,111.80000305175781,111.19300079345703,111.66899871826172
2025-06-05 16:00:00+01:00,111.66899871826172,111.90499877929688,111.5510025024414,111.63099670410156
2025-06-05 20:00:00+01:00,111.63600158691406,111.73600006103516,111.31600189208984,111.53399658203125
2025-06-06 00:00:00+01:00,111.54100036621094,111.83000183105469,111.47699737548828,111.79000091552734
2025-06-06 04:00:00+01:00,111.79299926757812,112.0510025024414,111.73999786376953,112.01799774169922
2025-06-06 08:00:00+01:00,112.01599884033203,112.08999633789062,111.80799865722656,112.02300262451172
2025-06-06 12:00:00+01:00,112.02400207519531,112.4520034790039,111.9800033569336,112.3280029296875
2025-06-06 16:00:00+01:00,112.33000183105469,112.43800354003906,112.26300048828125,112.35099792480469
2025-06-06 20:00:00+01:00,112.33899688720703,112.35700225830078,112.13999938964844,112.3270034790039
2025-06-09 00:00:00+01:00,112.19400024414062,112.40899658203125,112.0770034790039,112.26799774169922
2025-06-09 04:00:00+01:00,112.26899719238281,112.30799865722656,112.13899993896484,112.16899871826172
2025-06-09 08:00:00+01:00,112.16699981689453,112.25700378417969,112.05500030517578,112.16699981689453
2025-06-09 12:00:00+01:00,112.16799926757812,112.5,112.15399932861328,112.44000244140625
2025-06-09 16:00:00+01:00,112.43900299072266,112.47599792480469,112.30000305175781,112.4540023803711
2025-06-09 20:00:00+01:00,112.4530029296875,112.48200225830078,112.12000274658203,112.4540023803711
2025-06-10 00:00:00+01:00,112.46099853515625,112.77300262451172,112.33300018310547,112.572998046875
2025-06-10 04:00:00+01:00,112.58200073242188,112.61499786376953,112.177001953125,112.35099792480469
2025-06-10 08:00:00+01:00,112.3499984741211,112.51599884033203,112.29900360107422,112.42500305175781
2025-06-10 12:00:00+01:00,112.42400360107422,112.55699920654297,112.35299682617188,112.52100372314453
2025-06-10 16:00:00+01:00,112.53099822998047,112.63999938964844,112.45600128173828,112.60399627685547
2025-06-10 20:00:00+01:00,112.6050033569336,112.66600036621094,112.35399627685547,112.64399719238281
2025-06-11 00:00:00+01:00,112.66400146484375,112.78399658203125,112.4990005493164,112.5999984741211
2025-06-11 04:00:00+01:00,112.5999984741211,112.8499984741211,112.56700134277344,112.76000213623047
2025-06-11 08:00:00+01:00,112.76000213623047,112.87300109863281,112.67500305175781,112.8280029296875
2025-06-11 12:00:00+01:00,112.83999633789062,113.04499816894531,112.37300109863281,112.69200134277344
2025-06-11 16:00:00+01:00,112.70099639892578,112.72699737548828,112.36900329589844,112.48400115966797
2025-06-11 20:00:00+01:00,112.48500061035156,112.5790023803711,112.16000366210938,112.31300354003906
2025-06-12 00:00:00+01:00,112.32499694824219,112.4209976196289,112.03099822998047,112.197998046875
2025-06-12 04:00:00+01:00,112.19300079345703,112.36499786376953,112.13099670410156,112.177001953125
2025-06-12 08:00:00+01:00,112.1729965209961,112.35299682617188,112.13600158691406,112.21900177001953
2025-06-12 12:00:00+01:00,112.21900177001953,112.39700317382812,112.03500366210938,112.36000061035156
2025-06-12 16:00:00+01:00,112.35800170898438,112.43900299072266,112.1760025024414,112.20600128173828
2025-06-12 20:00:00+01:00,112.24099731445312,112.29000091552734,111.9469985961914,112.18499755859375
2025-06-13 00:00:00+01:00,112.16100311279297,112.18299865722656,111.40299987792969,111.6709976196289
2025-06-13 04:00:00+01:00,111.66899871826172,112.06300354003906,111.65899658203125,112.01699829101562
2025-06-13 08:00:00+01:00,112.01799774169922,112.40899658203125,111.93299865722656,112.4020004272461
2025-06-13 12:00:00+01:00,112.4010009765625,112.52400207519531,112.25299835205078,112.44200134277344
2025-06-13 16:00:00+01:00,112.43800354003906,112.51799774169922,112.17400360107422,112.26200103759766
2025-06-13 20:00:00+01:00,112.26200103759766,112.4540023803711,112.06300354003906,112.4469985961914
2025-06-16 00:00:00+01:00,112.54299926757812,112.77799987792969,112.36100006103516,112.53099822998047
2025-06-16 04:00:00+01:00,112.53199768066406,112.58599853515625,112.36499786376953,112.55999755859375
2025-06-16 08:00:00+01:00,112.56600189208984,112.7249984741211,112.50599670410156,112.51300048828125
2025-06-16 12:00:00+01:00,112.51200103759766,112.7020034790039,112.3949966430664,112.64199829101562
2025-06-16 16:00:00+01:00,112.64299774169922,113.00499725341797,112.6050033569336,112.99600219726562
2025-06-16 20:00:00+01:00,112.99800109863281,113.12799835205078,112.76399993896484,112.9000015258789
2025-06-17 00:00:00+01:00,112.91200256347656,113.16600036621094,112.88099670410156,113.09200286865234
2025-06-17 04:00:00+01:00,113.08999633789062,113.10600280761719,112.7249984741211,113.09700012207031
2025-06-17 08:00:00+01:00,113.08599853515625,113.18800354003906,112.76899719238281,112.93599700927734
2025-06-17 12:00:00+01:00,112.93699645996094,113.15399932861328,112.5719985961914,113.13200378417969
2025-06-17 16:00:00+01:00,113.125,113.14099884033203,112.84500122070312,112.9469985961914
2025-06-17 20:00:00+01:00,112.9469985961914,113.03399658203125,112.65399932861328,112.94400024414062
2025-06-18 00:00:00+01:00,112.94400024414062,113.072998046875,112.87100219726562,112.90699768066406
2025-06-18 04:00:00+01:00,112.90499877929688,112.96700286865234,112.83200073242188,112.85800170898438
2025-06-18 08:00:00+01:00,112.85900115966797,112.9800033569336,112.6449966430664,112.65699768066406
2025-06-18 12:00:00+01:00,112.66200256347656,112.8499984741211,112.5989990234375,112.76799774169922
2025-06-18 16:00:00+01:00,112.77100372314453,112.91100311279297,112.36699676513672,112.86199951171875
2025-06-18 20:00:00+01:00,112.86900329589844,112.9489974975586,112.66899871826172,112.81700134277344
2025-06-19 00:00:00+01:00,112.80799865722656,112.87899780273438,112.51799774169922,112.72899627685547
2025-06-19 04:00:00+01:00,112.72799682617188,112.80500030517578,112.64600372314453,112.78399658203125
2025-06-19 08:00:00+01:00,112.77400207519531,113.12699890136719,112.74700164794922,113.08799743652344
2025-06-19 12:00:00+01:00,113.08899688720703,113.13099670410156,112.82599639892578,113.0250015258789
2025-06-19 16:00:00+01:00,113.03199768066406,113.06900024414062,112.95600128173828,113.01899719238281
2025-06-19 20:00:00+01:00,113.01499938964844,113.15599822998047,112.76699829101562,113.05000305175781
2025-06-20 00:00:00+01:00,113.08999633789062,113.13600158691406,112.90599822998047,113.05699920654297
2025-06-20 04:00:00+01:00,113.05599975585938,113.26799774169922,113.01699829101562,113.06300354003906
2025-06-20 08:00:00+01:00,113.06199645996094,113.1969985961914,113.02300262451172,113.18399810791016
2025-06-20 12:00:00+01:00,113.18299865722656,113.45500183105469,113.16200256347656,113.38999938964844
2025-06-20 16:00:00+01:00,113.39700317382812,113.48200225830078,113.34400177001953,113.44599914550781
2025-06-20 20:00:00+01:00,113.44499969482422,113.5790023803711,113.26599884033203,113.4800033569336
2025-06-23 00:00:00+01:00,113.53800201416016,113.73600006103516,113.4520034790039,113.60199737548828
2025-06-23 04:00:00+01:00,113.60199737548828,114.24700164794922,113.58499908447266,114.06099700927734
2025-06-23 08:00:00+01:00,114.05599975585938,114.43699645996094,113.9749984741211,114.4229965209961
2025-06-23 12:00:00+01:00,114.43000030517578,114.4530029296875,113.78399658203125,113.81300354003906
2025-06-23 16:00:00+01:00,113.81199645996094,113.88700103759766,113.5979995727539,113.76100158691406
2025-06-23 20:00:00+01:00,113.76799774169922,113.81099700927734,113.35099792480469,113.68099975585938
2025-06-24 00:00:00+01:00,113.65699768066406,113.77999877929688,113.37799835205078,113.45899963378906
2025-06-24 04:00:00+01:00,113.45800018310547,113.50700378417969,113.25599670410156,113.35199737548828
2025-06-24 08:00:00+01:00,113.34600067138672,113.42900085449219,113.13800048828125,113.27300262451172
2025-06-24 12:00:00+01:00,113.2750015258789,113.375,113.00299835205078,113.12699890136719
2025-06-24 16:00:00+01:00,113.12699890136719,113.2239990234375,113.02200317382812,113.08499908447266
2025-06-24 20:00:00+01:00,113.08300018310547,113.30400085449219,112.90899658203125,113.19000244140625
2025-06-25 00:00:00+01:00,113.18299865722656,113.33999633789062,113.02899932861328,113.14700317382812
2025-06-25 04:00:00+01:00,113.1510009765625,113.56099700927734,113.13700103759766,113.54900360107422
2025-06-25 08:00:00+01:00,113.55000305175781,113.79900360107422,113.51000213623047,113.77200317382812
2025-06-25 12:00:00+01:00,113.77799987792969,113.85199737548828,113.66999816894531,113.77799987792969
2025-06-25 16:00:00+01:00,113.77799987792969,113.8010025024414,113.54900360107422,113.5770034790039
2025-06-25 20:00:00+01:00,113.58300018310547,113.67900085449219,113.31800079345703,113.56999969482422
2025-06-26 00:00:00+01:00,113.55599975585938,113.59200286865234,113.31800079345703,113.48999786376953
2025-06-26 04:00:00+01:00,113.49099731445312,113.61699676513672,113.18599700927734,113.25
2025-06-26 08:00:00+01:00,113.2490005493164,113.25700378417969,112.8489990234375,113.12100219726562
2025-06-26 12:00:00+01:00,113.1500015258789,113.37699890136719,113.00900268554688,113.32599639892578
2025-06-26 16:00:00+01:00,113.32499694824219,113.36100006103516,113.19000244140625,113.21600341796875
2025-06-26 20:00:00+01:00,113.21700286865234,113.47100067138672,113.05999755859375,113.3550033569336
2025-06-27 00:00:00+01:00,113.3290023803711,113.56199645996094,113.177001953125,113.25399780273438
2025-06-27 04:00:00+01:00,113.25299835205078,113.36799621582031,113.18599700927734,113.23500061035156
2025-06-27 08:00:00+01:00,113.22799682617188,113.4209976196289,113.13700103759766,113.26899719238281
2025-06-27 12:00:00+01:00,113.27100372314453,113.55000305175781,113.21099853515625,113.51699829101562
2025-06-27 16:00:00+01:00,113.51499938964844,113.5260009765625,113.24400329589844,113.2959976196289
2025-06-27 20:00:00+01:00,113.2969970703125,113.41500091552734,113.16500091552734,113.36499786376953
2025-06-30 00:00:00+01:00,113.18399810791016,113.45500183105469,113.0770034790039,113.21099853515625
2025-06-30 04:00:00+01:00,113.20899963378906,113.20899963378906,112.93800354003906,113.03099822998047
2025-06-30 08:00:00+01:00,113.03299713134766,113.16699981689453,112.9010009765625,113.11799621582031
2025-06-30 12:00:00+01:00,113.11199951171875,113.41799926757812,113.0999984741211,113.4020004272461
2025-06-30 16:00:00+01:00,113.4010009765625,113.43399810791016,113.24800109863281,113.375
2025-06-30 20:00:00+01:00,113.36900329589844,113.39900207519531,112.91899871826172,113.20500183105469
2025-07-01 00:00:00+01:00,113.20500183105469,113.2249984741211,112.90899658203125,113.01499938964844
2025-07-01 04:00:00+01:00,113.01399993896484,113.11199951171875,112.822998046875,112.93599700927734
2025-07-01 08:00:00+01:00,112.93399810791016,112.9729995727539,112.38400268554688,112.5
2025-07-01 12:00:00+01:00,112.50499725341797,112.7020034790039,112.2699966430664,112.66699981689453
2025-07-01 16:00:00+01:00,112.65799713134766,112.90899658203125,112.65399932861328,112.86399841308594
2025-07-01 20:00:00+01:00,112.86599731445312,112.93299865722656,112.35199737548828,112.66899871826172
2025-07-02 00:00:00+01:00,112.65699768066406,112.85399627685547,112.60199737548828,112.76799774169922
2025-07-02 04:00:00+01:00,112.77300262451172,113.0009994506836,112.69999694824219,112.94300079345703
2025-07-02 08:00:00+01:00,112.9489974975586,113.24199676513672,112.87999725341797,112.98600006103516
2025-07-02 12:00:00+01:00,112.9990005493164,113.13099670410156,112.72599792480469,113.02899932861328
2025-07-02 16:00:00+01:00,113.02999877929688,113.04199981689453,112.78099822998047,112.81999969482422
2025-07-02 20:00:00+01:00,112.82099914550781,112.93199920654297,112.5719985961914,112.79499816894531
2025-07-03 00:00:00+01:00,112.77100372314453,112.90799713134766,112.6780014038086,112.8740005493164
2025-07-03 04:00:00+01:00,112.86900329589844,113.10099792480469,112.85800170898438,113.0199966430664
2025-07-03 08:00:00+01:00,113.01200103759766,113.16300201416016,112.89900207519531,112.97100067138672
2025-07-03 12:00:00+01:00,112.96900177001953,113.80000305175781,112.77899932861328,113.74299621582031
2025-07-03 16:00:00+01:00,113.74400329589844,113.83499908447266,113.62699890136719,113.7490005493164
2025-07-03 20:00:00+01:00,113.76000213623047,113.76100158691406,113.39600372314453,113.60900115966797
2025-07-04 00:00:00+01:00,113.59400177001953,113.64700317382812,113.41799926757812,113.46800231933594
2025-07-04 04:00:00+01:00,113.46099853515625,113.49199676513672,113.21499633789062,113.2760009765625
2025-07-04 08:00:00+01:00,113.2760009765625,113.37699890136719,113.23699951171875,113.322998046875
2025-07-04 12:00:00+01:00,113.3219985961914,113.40799713134766,113.28199768066406,113.38200378417969
2025-07-04 16:00:00+01:00,113.3740005493164,113.44200134277344,113.3219985961914,113.38200378417969
2025-07-04 20:00:00+01:00,113.38700103759766,113.46800231933594,113.09700012207031,113.36699676513672
2025-07-07 00:00:00+01:00,113.375,113.51000213623047,113.12699890136719,113.46900177001953
2025-07-07 04:00:00+01:00,113.46900177001953,113.66600036621094,113.38999938964844,113.56800079345703
2025-07-07 08:00:00+01:00,113.56800079345703,113.81800079345703,113.52400207519531,113.69999694824219
2025-07-07 12:00:00+01:00,113.6989974975586,114.12100219726562,113.66500091552734,114.1050033569336
2025-07-07 16:00:00+01:00,114.10700225830078,114.28099822998047,113.97799682617188,114.2300033569336
2025-07-07 20:00:00+01:00,114.22799682617188,114.23699951171875,113.7750015258789,114.00900268554688
2025-07-08 00:00:00+01:00,114.0270004272461,114.47799682617188,113.98600006103516,114.33000183105469
2025-07-08 04:00:00+01:00,114.3290023803711,114.49700164794922,114.19000244140625,114.49700164794922
2025-07-08 08:00:00+01:00,114.48600006103516,114.52400207519531,114.31600189208984,114.5
2025-07-08 12:00:00+01:00,114.49500274658203,114.70500183105469,114.46900177001953,114.65399932861328
2025-07-08 16:00:00+01:00,114.6520004272461,114.71299743652344,114.53700256347656,114.61199951171875
2025-07-08 20:00:00+01:00,114.61399841308594,114.62699890136719,114.28199768066406,114.52799987792969
2025-07-09 00:00:00+01:00,114.52899932861328,114.79100036621094,114.46099853515625,114.75800323486328
2025-07-09 04:00:00+01:00,114.75900268554688,114.83499908447266,114.65299987792969,114.68099975585938
2025-07-09 08:00:00+01:00,114.67900085449219,114.6989974975586,114.40899658203125,114.45999908447266
2025-07-09 12:00:00+01:00,114.46600341796875,114.51899719238281,114.25700378417969,114.3290023803711
2025-07-09 16:00:00+01:00,114.322998046875,114.39900207519531,114.1969985961914,114.2760009765625
2025-07-09 20:00:00+01:00,114.28299713134766,114.39900207519531,113.9749984741211,114.24299621582031
2025-07-10 00:00:00+01:00,114.2509994506836,114.31199645996094,113.95099639892578,114.22000122070312
2025-07-10 04:00:00+01:00,114.22000122070312,114.43099975585938,114.20600128173828,114.2699966430664
2025-07-10 08:00:00+01:00,114.26899719238281,114.46499633789062,114.21399688720703,114.25700378417969
2025-07-10 12:00:00+01:00,114.25599670410156,114.55699920654297,114.21900177001953,114.3759994506836
2025-07-10 16:00:00+01:00,114.375,114.43900299072266,114.22200012207031,114.25499725341797
2025-07-10 20:00:00+01:00,114.25499725341797,114.30400085449219,113.9729995727539,114.27100372314453
2025-07-11 00:00:00+01:00,114.2699966430664,114.7770004272461,114.14199829101562,114.74600219726562
2025-07-11 04:00:00+01:00,114.74500274658203,114.83399963378906,114.51499938964844,114.63700103759766
2025-07-11 08:00:00+01:00,114.63800048828125,114.88600158691406,114.5780029296875,114.73300170898438
2025-07-11 12:00:00+01:00,114.73699951171875,115.16600036621094,114.71399688720703,115.07499694824219
2025-07-11 16:00:00+01:00,115.08300018310547,115.16100311279297,115.01200103759766,115.14399719238281
2025-07-11 20:00:00+01:00,115.14700317382812,115.1719970703125,114.95999908447266,115.13899993896484
2025-07-14 00:00:00+01:00,115.11000061035156,115.125,114.72899627685547,114.93699645996094
2025-07-14 04:00:00+01:00,114.93499755859375,115.05999755859375,114.8280029296875,114.90599822998047
2025-07-14 08:00:00+01:00,114.90399932861328,115.06400299072266,114.85800170898438,114.94499969482422
2025-07-14 12:00:00+01:00,114.93800354003906,115.11399841308594,114.92900085449219,115.0469970703125
2025-07-14 16:00:00+01:00,115.06099700927734,115.24099731445312,115.052001953125,115.23600006103516
2025-07-14 20:00:00+01:00,115.23600006103516,115.25800323486328,114.97200012207031,115.1969985961914
2025-07-15 00:00:00+01:00,115.19400024414062,115.28600311279297,115.0989990234375,115.125
2025-07-15 04:00:00+01:00,115.11799621582031,115.28600311279297,115.0770034790039,115.25399780273438
2025-07-15 08:00:00+01:00,115.2490005493164,115.39099884033203,115.20700073242188,115.31500244140625
2025-07-15 12:00:00+01:00,115.31800079345703,115.88700103759766,115.08200073242188,115.7979965209961
2025-07-15 16:00:00+01:00,115.79900360107422,115.88200378417969,115.74199676513672,115.7959976196289
2025-07-15 20:00:00+01:00,115.7969970703125,115.875,115.58999633789062,115.8280029296875
2025-07-16 00:00:00+01:00,115.82499694824219,115.98300170898438,115.72000122070312,115.87000274658203
2025-07-16 04:00:00+01:00,115.86299896240234,116.0510025024414,115.74199676513672,115.77999877929688
2025-07-16 08:00:00+01:00,115.7699966430664,115.89800262451172,115.6709976196289,115.74800109863281
2025-07-16 12:00:00+01:00,115.75700378417969,115.77400207519531,115.34600067138672,115.44300079345703
2025-07-16 16:00:00+01:00,115.44400024414062,115.51499938964844,114.64600372314453,115.26200103759766
2025-07-16 20:00:00+01:00,115.26200103759766,115.33699798583984,114.9489974975586,115.2750015258789
2025-07-17 00:00:00+01:00,115.2760009765625,115.56800079345703,115.14600372314453,115.46800231933594
2025-07-17 04:00:00+01:00,115.46700286865234,115.6240005493164,115.43599700927734,115.54499816894531
2025-07-17 08:00:00+01:00,115.54199981689453,115.697998046875,115.50199890136719,115.54100036621094
2025-07-17 12:00:00+01:00,115.54000091552734,115.7750015258789,115.36000061035156,115.44400024414062
2025-07-17 16:00:00+01:00,115.44599914550781,115.65299987792969,115.43099975585938,115.62300109863281
2025-07-17 20:00:00+01:00,115.62899780273438,115.64700317382812,115.17400360107422,115.33999633789062
2025-07-18 00:00:00+01:00,115.35199737548828,115.6989974975586,115.33599853515625,115.68399810791016
2025-07-18 04:00:00+01:00,115.68399810791016,115.83699798583984,115.62300109863281,115.80699920654297
2025-07-18 08:00:00+01:00,115.81400299072266,115.91899871826172,115.6510009765625,115.71099853515625
2025-07-18 12:00:00+01:00,115.72000122070312,115.78600311279297,115.55000305175781,115.66400146484375
2025-07-18 16:00:00+01:00,115.66600036621094,115.78199768066406,115.6050033569336,115.73600006103516
2025-07-18 20:00:00+01:00,115.73100280761719,115.8030014038086,115.65299987792969,115.75900268554688
2025-07-21 00:00:00+01:00,115.5790023803711,115.63899993896484,115.37200164794922,115.58799743652344
2025-07-21 04:00:00+01:00,115.5780029296875,115.61499786376953,115.11799621582031,115.24600219726562
2025-07-21 08:00:00+01:00,115.24299621582031,115.47000122070312,115.14700317382812,115.19400024414062
2025-07-21 12:00:00+01:00,115.18399810791016,115.23200225830078,114.97899627685547,115.11000061035156
2025-07-21 16:00:00+01:00,115.11100006103516,115.12100219726562,114.88899993896484,115.05599975585938
2025-07-21 20:00:00+01:00,115.0510025024414,115.14099884033203,114.7300033569336,115.08699798583984
2025-07-22 00:00:00+01:00,115.09600067138672,115.26499938964844,115.05000305175781,115.10900115966797
2025-07-22 04:00:00+01:00,115.10900115966797,115.39199829101562,115.06400299072266,115.30799865722656
2025-07-22 08:00:00+01:00,115.31099700927734,115.39399719238281,115.01799774169922,115.09600067138672
2025-07-22 12:00:00+01:00,115.09200286865234,115.1240005493164,114.37000274658203,114.47100067138672
2025-07-22 16:00:00+01:00,114.45999908447266,114.65699768066406,114.4229965209961,114.64399719238281
2025-07-22 20:00:00+01:00,114.64800262451172,114.77899932861328,114.40699768066406,114.73300170898438
2025-07-23 00:00:00+01:00,114.71700286865234,115.04199981689453,114.375,114.86100006103516
2025-07-23 04:00:00+01:00,114.86100006103516,115.10900115966797,114.71399688720703,114.88800048828125
2025-07-23 08:00:00+01:00,114.88700103759766,114.93099975585938,114.51799774169922,114.58799743652344
2025-07-23 12:00:00+01:00,114.58899688720703,114.75499725341797,114.41200256347656,114.59600067138672
2025-07-23 16:00:00+01:00,114.59200286865234,114.7760009765625,114.49700164794922,114.72899627685547
2025-07-23 20:00:00+01:00,114.73600006103516,114.81199645996094,114.43699645996094,114.70700073242188
2025-07-24 00:00:00+01:00,114.66400146484375,114.78900146484375,114.36199951171875,114.49400329589844
2025-07-24 04:00:00+01:00,114.49400329589844,114.65799713134766,114.42900085449219,114.61499786376953
2025-07-24 08:00:00+01:00,114.61000061035156,114.85199737548828,114.54399871826172,114.72899627685547
2025-07-24 12:00:00+01:00,114.72799682617188,114.96600341796875,114.66500091552734,114.94000244140625
2025-07-24 16:00:00+01:00,114.94100189208984,115.02200317382812,114.89199829101562,114.99299621582031
2025-07-24 20:00:00+01:00,114.99199676513672,115.18499755859375,114.85800170898438,115.03800201416016
2025-07-25 00:00:00+01:00,115.0469970703125,115.302001953125,114.98100280761719,115.18299865722656
2025-07-25 04:00:00+01:00,115.18000030517578,115.2040023803711,114.74600219726562,114.95899963378906
2025-07-25 08:00:00+01:00,114.95500183105469,115.46099853515625,114.94599914550781,115.33399963378906
2025-07-25 12:00:00+01:00,115.33200073242188,115.39800262451172,115.14099884033203,115.28399658203125
2025-07-25 16:00:00+01:00,115.28299713134766,115.32599639892578,115.2030029296875,115.21800231933594
2025-07-25 20:00:00+01:00,115.21700286865234,115.2959976196289,115.05500030517578,115.24600219726562
2025-07-28 00:00:00+01:00,115.36299896240234,115.51799774169922,115.2490005493164,115.43900299072266
2025-07-28 04:00:00+01:00,115.43199920654297,115.58699798583984,115.31099700927734,115.4739990234375
2025-07-28 08:00:00+01:00,115.4729995727539,115.5510025024414,115.31400299072266,115.52200317382812
2025-07-28 12:00:00+01:00,115.52300262451172,115.55699920654297,115.1989974975586,115.33799743652344
2025-07-28 16:00:00+01:00,115.32599639892578,115.4469985961914,115.31500244140625,115.43199920654297
2025-07-28 20:00:00+01:00,115.4280014038086,115.5199966430664,115.21399688720703,115.44400024414062
2025-07-29 00:00:00+01:00,115.42900085449219,115.5260009765625,115.30500030517578,115.36199951171875
2025-07-29 04:00:00+01:00,115.36000061035156,115.40499877929688,115.13800048828125,115.26899719238281
2025-07-29 08:00:00+01:00,115.2699966430664,115.4469985961914,115.25599670410156,115.36199951171875
2025-07-29 12:00:00+01:00,115.36000061035156,115.44599914550781,115.18299865722656,115.23200225830078
2025-07-29 16:00:00+01:00,115.23200225830078,115.35399627685547,115.18399810791016,115.27400207519531
2025-07-29 20:00:00+01:00,115.26699829101562,115.30799865722656,114.96600341796875,115.26699829101562
2025-07-30 00:00:00+01:00,115.26799774169922,115.33899688720703,115.00199890136719,115.0999984741211
2025-07-30 04:00:00+01:00,115.09500122070312,115.14099884033203,114.9020004272461,114.9209976196289
2025-07-30 08:00:00+01:00,114.91899871826172,115.03399658203125,114.84400177001953,114.92900085449219
2025-07-30 12:00:00+01:00,114.9280014038086,115.24800109863281,114.84400177001953,115.12100219726562
2025-07-30 16:00:00+01:00,115.12100219726562,115.24600219726562,114.88700103759766,115.18699645996094
2025-07-30 20:00:00+01:00,115.18599700927734,115.40699768066406,115.02100372314453,115.20899963378906
2025-07-31 00:00:00+01:00,115.1989974975586,115.37000274658203,114.88099670410156,115.01200103759766
2025-07-31 04:00:00+01:00,115.01200103759766,115.20099639892578,114.79499816894531,115.11000061035156
2025-07-31 08:00:00+01:00,115.10800170898438,115.63600158691406,115.06600189208984,115.55999755859375
2025-07-31 12:00:00+01:00,115.5530014038086,116.02200317382812,115.49400329589844,115.98300170898438
2025-07-31 16:00:00+01:00,115.97799682617188,116.14900207519531,115.89099884033203,116.1259994506836
2025-07-31 20:00:00+01:00,116.12899780273438,116.16600036621094,115.8550033569336,116.06700134277344
2025-08-01 00:00:00+01:00,116.08300018310547,116.27899932861328,116.02899932861328,116.10800170898438
2025-08-01 04:00:00+01:00,116.10199737548828,116.13099670410156,115.93099975585938,116.03900146484375
2025-08-01 08:00:00+01:00,116.03700256347656,116.05799865722656,115.74099731445312,115.77400207519531
2025-08-01 12:00:00+01:00,115.7750015258789,115.91200256347656,114.4990005493164,114.76599884033203
2025-08-01 16:00:00+01:00,114.76899719238281,114.81800079345703,114.3550033569336,114.44200134277344
2025-08-01 20:00:00+01:00,114.43900299072266,114.44499969482422,114.05799865722656,114.39600372314453
2025-08-04 00:00:00+01:00,114.18800354003906,114.82099914550781,114.14600372314453,114.77799987792969
2025-08-04 04:00:00+01:00,114.78099822998047,114.82099914550781,114.62100219726562,114.68000030517578
2025-08-04 08:00:00+01:00,114.68800354003906,114.97200012207031,114.5790023803711,114.59300231933594
2025-08-04 12:00:00+01:00,114.59500122070312,114.61699676513672,114.16000366210938,114.30500030517578
2025-08-04 16:00:00+01:00,114.3030014038086,114.41300201416016,114.06600189208984,114.0979995727539
2025-08-04 20:00:00+01:00,114.09200286865234,114.29399871826172,113.91200256347656,114.12799835205078
2025-08-05 00:00:00+01:00,114.11399841308594,114.26499938964844,113.9489974975586,114.24400329589844
2025-08-05 04:00:00+01:00,114.24700164794922,114.38800048828125,114.12899780273438,114.36799621582031
2025-08-05 08:00:00+01:00,114.36699676513672,114.63200378417969,114.27899932861328,114.55699920654297
2025-08-05 12:00:00+01:00,114.55599975585938,114.66899871826172,114.35900115966797,114.44300079345703
2025-08-05 16:00:00+01:00,114.447998046875,114.69400024414062,114.41500091552734,114.63400268554688
2025-08-05 20:00:00+01:00,114.63400268554688,114.68299865722656,114.34100341796875,114.58599853515625
2025-08-06 00:00:00+01:00,114.58000183105469,114.7030029296875,114.53099822998047,114.56300354003906
2025-08-06 04:00:00+01:00,114.56199645996094,114.61599731445312,114.44100189208984,114.61000061035156
2025-08-06 08:00:00+01:00,114.61299896240234,114.83899688720703,114.6050033569336,114.71199798583984
2025-08-06 12:00:00+01:00,114.71800231933594,114.7490005493164,114.52400207519531,114.58599853515625
2025-08-06 16:00:00+01:00,114.58799743652344,114.74400329589844,114.41699981689453,114.47200012207031
2025-08-06 20:00:00+01:00,114.4729995727539,114.81099700927734,114.3479995727539,114.55599975585938
2025-08-07 00:00:00+01:00,114.5459976196289,114.87799835205078,114.48400115966797,114.86499786376953
2025-08-07 04:00:00+01:00,114.86499786376953,114.95600128173828,114.43800354003906,114.47100067138672
2025-08-07 08:00:00+01:00,114.47200012207031,114.81800079345703,114.37799835205078,114.7509994506836
2025-08-07 12:00:00+01:00,114.75199890136719,114.83100128173828,114.49600219726562,114.72699737548828
2025-08-07 16:00:00+01:00,114.73100280761719,114.78700256347656,114.65499877929688,114.78700256347656
2025-08-07 20:00:00+01:00,114.7750015258789,114.78900146484375,114.3949966430664,114.53600311279297
2025-08-08 00:00:00+01:00,114.53299713134766,114.78299713134766,114.39199829101562,114.66000366210938
2025-08-08 04:00:00+01:00,114.66100311279297,114.7979965209961,114.61299896240234,114.72000122070312
2025-08-08 08:00:00+01:00,114.71399688720703,115.03500366210938,114.63300323486328,115.01399993896484
2025-08-08 12:00:00+01:00,115.01899719238281,115.08499908447266,114.90299987792969,115.01899719238281
2025-08-08 16:00:00+01:00,115.02100372314453,115.02899932861328,114.91699981689453,114.93699645996094
2025-08-08 20:00:00+01:00,114.93599700927734,114.98999786376953,114.68900299072266,114.94100189208984
2025-08-11 00:00:00+01:00,114.89099884033203,114.9800033569336,114.8239974975586,114.90399932861328
2025-08-11 04:00:00+01:00,114.9020004272461,114.9739990234375,114.84600067138672,114.95099639892578
2025-08-11 08:00:00+01:00,114.947998046875,114.99700164794922,114.72000122070312,114.98600006103516
2025-08-11 12:00:00+01:00,114.98400115966797,115.052001953125,114.86900329589844,114.98999786376953
2025-08-11 16:00:00+01:00,114.99299621582031,115.13099670410156,114.927001953125,115.10299682617188
2025-08-11 20:00:00+01:00,115.10399627685547,115.177001953125,114.86299896240234,115.12899780273438
2025-08-12 00:00:00+01:00,115.13500213623047,115.35199737548828,115.0510025024414,115.31999969482422
2025-08-12 04:00:00+01:00,115.31800079345703,115.41500091552734,115.18800354003906,115.25
2025-08-12 08:00:00+01:00,115.2490005493164,115.41799926757812,115.22899627685547,115.3949966430664
2025-08-12 12:00:00+01:00,115.39600372314453,115.51100158691406,114.9000015258789,115.38700103759766
2025-08-12 16:00:00+01:00,115.38400268554688,115.41500091552734,115.0989990234375,115.1449966430664
2025-08-12 20:00:00+01:00,115.14700317382812,115.26300048828125,114.85199737548828,115.1449966430664
2025-08-13 00:00:00+01:00,115.1520004272461,115.44100189208984,115.09500122070312,115.3949966430664
2025-08-13 04:00:00+01:00,115.39700317382812,115.447998046875,115.25499725341797,115.28700256347656
2025-08-13 08:00:00+01:00,115.29299926757812,115.30799865722656,114.95800018310547,115.15399932861328
2025-08-13 12:00:00+01:00,115.15399932861328,115.25199890136719,114.93800354003906,114.9739990234375
2025-08-13 16:00:00+01:00,114.97599792480469,115.1760025024414,114.9280014038086,115.11199951171875
2025-08-13 20:00:00+01:00,115.11299896240234,115.15899658203125,114.77899932861328,114.93099975585938
2025-08-14 00:00:00+01:00,115.01599884033203,115.03299713134766,114.41699981689453,114.64399719238281
2025-08-14 04:00:00+01:00,114.6449966430664,114.66400146484375,114.26599884033203,114.37200164794922
2025-08-14 08:00:00+01:00,114.37200164794922,114.46399688720703,114.26399993896484,114.40499877929688
2025-08-14 12:00:00+01:00,114.40499877929688,114.90499877929688,114.20899963378906,114.86900329589844
2025-08-14 16:00:00+01:00,114.87100219726562,115.14299774169922,114.86299896240234,115.10700225830078
2025-08-14 20:00:00+01:00,115.10800170898438,115.11499786376953,114.82599639892578,115.04199981689453
2025-08-15 00:00:00+01:00,115.03099822998047,115.09300231933594,114.67900085449219,114.72599792480469
2025-08-15 04:00:00+01:00,114.7239990234375,114.73899841308594,114.5479965209961,114.61799621582031
2025-08-15 08:00:00+01:00,114.61100006103516,114.74099731445312,114.46099853515625,114.58799743652344
2025-08-15 12:00:00+01:00,114.59100341796875,114.76100158691406,114.47699737548828,114.57099914550781
2025-08-15 16:00:00+01:00,114.572998046875,114.84400177001953,114.55500030517578,114.74400329589844
2025-08-15 20:00:00+01:00,114.74500274658203,114.79499816894531,114.50900268554688,114.70899963378906
2025-08-18 00:00:00+01:00,114.74700164794922,115.02200317382812,114.74299621582031,114.95700073242188
2025-08-18 04:00:00+01:00,114.96199798583984,115.01399993896484,114.89399719238281,114.91899871826172
2025-08-18 08:00:00+01:00,114.91799926757812,114.9749984741211,114.76899719238281,114.93800354003906
2025-08-18 12:00:00+01:00,114.93599700927734,115.23500061035156,114.91500091552734,115.1709976196289
2025-08-18 16:00:00+01:00,115.1719970703125,115.18900299072266,114.96099853515625,115.09600067138672
2025-08-18 20:00:00+01:00,115.0979995727539,115.16500091552734,114.7959976196289,115.08899688720703
2025-08-19 00:00:00+01:00,115.0979995727539,115.19400024414062,114.89099884033203,115.06500244140625
2025-08-19 04:00:00+01:00,115.06400299072266,115.1500015258789,114.93699645996094,115.0009994506836
2025-08-19 08:00:00+01:00,115.0,115.16699981689453,114.97599792480469,115.12899780273438
2025-08-19 12:00:00+01:00,115.12899780273438,115.1969985961914,114.9489974975586,115.01200103759766
2025-08-19 16:00:00+01:00,115.01100158691406,115.0479965209961,114.74400329589844,114.77899932861328
2025-08-19 20:00:00+01:00,114.77899932861328,114.9540023803711,114.60299682617188,114.84700012207031
2025-08-20 00:00:00+01:00,114.83999633789062,114.95099639892578,114.6259994506836,114.71299743652344
2025-08-20 04:00:00+01:00,114.71399688720703,114.78800201416016,114.4520034790039,114.63099670410156
2025-08-20 08:00:00+01:00,114.62999725341797,114.86199951171875,114.60199737548828,114.69999694824219
2025-08-20 12:00:00+01:00,114.697998046875,114.76799774169922,114.35399627685547,114.43399810791016
2025-08-20 16:00:00+01:00,114.43399810791016,114.62300109863281,114.39299774169922,114.58999633789062
2025-08-20 20:00:00+01:00,114.58999633789062,114.7249984741211,114.38999938964844,114.60700225830078
2025-08-21 00:00:00+01:00,114.60399627685547,114.73200225830078,114.54499816894531,114.5780029296875
2025-08-21 04:00:00+01:00,114.5790023803711,114.68699645996094,114.53500366210938,114.65899658203125
2025-08-21 08:00:00+01:00,114.65699768066406,114.90399932861328,114.62899780273438,114.87300109863281
2025-08-21 12:00:00+01:00,114.87200164794922,114.96499633789062,114.64199829101562,114.95600128173828
2025-08-21 16:00:00+01:00,114.95700073242188,115.09700012207031,114.91300201416016,115.08999633789062
2025-08-21 20:00:00+01:00,115.08999633789062,115.13500213623047,114.84500122070312,115.08599853515625
2025-08-22 00:00:00+01:00,115.08499908447266,115.27899932861328,115.0459976196289,115.18399810791016
2025-08-22 04:00:00+01:00,115.18199920654297,115.33699798583984,115.10199737548828,115.18000030517578
2025-08-22 08:00:00+01:00,115.17500305175781,115.36100006103516,115.13099670410156,115.29499816894531
2025-08-22 12:00:00+01:00,115.29299926757812,115.41200256347656,114.55699920654297,114.64199829101562
2025-08-22 16:00:00+01:00,114.64199829101562,114.66899871826172,114.44000244140625,114.5979995727539
2025-08-22 20:00:00+01:00,114.5999984741211,114.68099975585938,114.46499633789062,114.677001953125
2025-08-25 00:00:00+01:00,114.7040023803711,114.96399688720703,114.6969985961914,114.88899993896484
2025-08-25 04:00:00+01:00,114.88400268554688,114.947998046875,114.80000305175781,114.83100128173828
2025-08-25 08:00:00+01:00,114.83100128173828,114.93399810791016,114.76599884033203,114.83799743652344
2025-08-25 12:00:00+01:00,114.83799743652344,114.9739990234375,114.78399658203125,114.9520034790039
2025-08-25 16:00:00+01:00,114.9530029296875,115.01899719238281,114.8270034790039,114.96499633789062
2025-08-25 20:00:00+01:00,114.95600128173828,115.00599670410156,114.67500305175781,114.83100128173828
2025-08-26 00:00:00+01:00,114.81900024414062,114.96600341796875,114.55000305175781,114.81500244140625
2025-08-26 04:00:00+01:00,114.81400299072266,115.06400299072266,114.81400299072266,114.91600036621094
2025-08-26 08:00:00+01:00,114.91100311279297,114.96800231933594,114.6780014038086,114.77300262451172
2025-08-26 12:00:00+01:00,114.77200317382812,114.88099670410156,114.64199829101562,114.72799682617188
2025-08-26 16:00:00+01:00,114.72699737548828,114.73899841308594,114.51200103759766,114.65399932861328
2025-08-26 20:00:00+01:00,114.65399932861328,114.75900268554688,114.4010009765625,114.66899871826172
2025-08-27 00:00:00+01:00,114.68399810791016,114.8270034790039,114.62999725341797,114.79100036621094
2025-08-27 04:00:00+01:00,114.78900146484375,114.93099975585938,114.71099853515625,114.73400115966797
2025-08-27 08:00:00+01:00,114.73400115966797,114.89399719238281,114.6719970703125,114.8499984741211
2025-08-27 12:00:00+01:00,114.8499984741211,114.90599822998047,114.69599914550781,114.76000213623047
2025-08-27 16:00:00+01:00,114.76300048828125,114.76300048828125,114.56400299072266,114.62899780273438
2025-08-27 20:00:00+01:00,114.63200378417969,114.7249984741211,114.3030014038086,114.56099700927734
2025-08-28 00:00:00+01:00,114.56199645996094,114.74500274658203,114.5270004272461,114.6050033569336
2025-08-28 04:00:00+01:00,114.60900115966797,114.64600372314453,114.33499908447266,114.59100341796875
2025-08-28 08:00:00+01:00,114.59300231933594,114.6780014038086,114.48799896240234,114.49500274658203
2025-08-28 12:00:00+01:00,114.49299621582031,114.66500091552734,114.3949966430664,114.572998046875
2025-08-28 16:00:00+01:00,114.57099914550781,114.62999725341797,114.42900085449219,114.50399780273438
2025-08-28 20:00:00+01:00,114.50499725341797,114.6510009765625,114.23799896240234,114.58399963378906
2025-08-29 00:00:00+01:00,114.58399963378906,114.63300323486328,114.447998046875,114.4800033569336
2025-08-29 04:00:00+01:00,114.47699737548828,114.59600067138672,114.44300079345703,114.58899688720703
2025-08-29 08:00:00+01:00,114.59100341796875,114.61000061035156,114.3759994506836,114.51599884033203
2025-08-29 12:00:00+01:00,114.51599884033203,114.6259994506836,114.38400268554688,114.427001953125
2025-08-29 16:00:00+01:00,114.4260025024414,114.55999755859375,114.38400268554688,114.55500030517578
2025-08-29 20:00:00+01:00,114.55400085449219,114.57499694824219,114.29900360107422,114.53900146484375
2025-09-01 00:00:00+01:00,114.58699798583984,114.72899627685547,114.4469985961914,114.4729995727539
2025-09-01 04:00:00+01:00,114.47000122070312,114.56600189208984,114.4280014038086,114.52799987792969
2025-09-01 08:00:00+01:00,114.53099822998047,114.6729965209961,114.50399780273438,114.62899780273438
2025-09-01 12:00:00+01:00,114.62999725341797,114.70099639892578,114.61000061035156,114.697998046875
2025-09-01 16:00:00+01:00,114.6989974975586,114.70800018310547,114.53399658203125,114.61299896240234
2025-09-01 20:00:00+01:00,114.60700225830078,114.80799865722656,114.35800170898438,114.5989990234375
2025-09-02 00:00:00+01:00,114.61100006103516,114.91999816894531,114.53600311279297,114.88800048828125
2025-09-02 04:00:00+01:00,114.88899993896484,115.15699768066406,114.80500030517578,115.10700225830078
2025-09-02 08:00:00+01:00,115.10199737548828,115.447998046875,115.10199737548828,115.3219985961914
2025-09-02 12:00:00+01:00,115.3219985961914,115.44200134277344,114.95899963378906,115.01300048828125
2025-09-02 16:00:00+01:00,115.01300048828125,115.2040023803711,115.00800323486328,115.16799926757812
2025-09-02 20:00:00+01:00,115.16899871826172,115.23999786376953,114.89600372314453,115.20099639892578
2025-09-03 00:00:00+01:00,115.18800354003906,115.49700164794922,115.1510009765625,115.39700317382812
2025-09-03 04:00:00+01:00,115.39600372314453,115.45899963378906,115.18900299072266,115.29199981689453
2025-09-03 08:00:00+01:00,115.29199981689453,115.55500030517578,115.24199676513672,115.3489990234375
2025-09-03 12:00:00+01:00,115.3499984741211,115.43699645996094,114.92400360107422,115.03600311279297
2025-09-03 16:00:00+01:00,115.03399658203125,115.06900024414062,114.78500366210938,114.86799621582031
2025-09-03 20:00:00+01:00,114.81700134277344,115.01300048828125,114.6989974975586,114.85099792480469
2025-09-04 00:00:00+01:00,114.92900085449219,115.01899719238281,114.7300033569336,114.93800354003906
2025-09-04 04:00:00+01:00,114.93800354003906,115.04499816894531,114.87699890136719,114.93900299072266
2025-09-04 08:00:00+01:00,114.98600006103516,115.13099670410156,114.8949966430664,114.9749984741211
2025-09-04 12:00:00+01:00,115.01699829101562,115.26399993896484,114.79399871826172,115.2490005493164
2025-09-04 16:00:00+01:00,115.2509994506836,115.29000091552734,115.16300201416016,115.17500305175781
2025-09-04 20:00:00+01:00,115.17500305175781,115.18599700927734,114.88200378417969,115.125
2025-09-05 00:00:00+01:00,115.13099670410156,115.16400146484375,114.9530029296875,115.0719985961914
2025-09-05 04:00:00+01:00,115.072998046875,115.19400024414062,114.92900085449219,115.14900207519531
2025-09-05 08:00:00+01:00,115.14399719238281,115.19599914550781,115.0979995727539,115.14399719238281
2025-09-05 12:00:00+01:00,115.14399719238281,115.19200134277344,114.45600128173828,114.54100036621094
2025-09-05 16:00:00+01:00,114.54199981689453,114.75700378417969,114.42400360107422,114.74299621582031
2025-09-05 20:00:00+01:00,114.74400329589844,114.7770004272461,114.4800033569336,114.7509994506836
2025-09-08 00:00:00+01:00,115.40299987792969,115.51100158691406,115.14099884033203,115.22000122070312
2025-09-08 04:00:00+01:00,115.21900177001953,115.30599975585938,115.1449966430664,115.17900085449219
2025-09-08 08:00:00+01:00,115.17900085449219,115.18099975585938,114.99700164794922,115.072998046875
2025-09-08 12:00:00+01:00,115.07099914550781,115.16100311279297,115.0,115.08000183105469
2025-09-08 16:00:00+01:00,115.0790023803711,115.09100341796875,114.91300201416016,114.927001953125
2025-09-08 20:00:00+01:00,114.9260025024414,114.98799896240234,114.77899932861328,114.89199829101562
2025-09-09 00:00:00+01:00,114.88999938964844,114.96299743652344,114.7699966430664,114.91600036621094
2025-09-09 04:00:00+01:00,114.91699981689453,114.93399810791016,114.56999969482422,114.69999694824219
2025-09-09 08:00:00+01:00,114.6989974975586,114.85800170898438,114.28900146484375,114.3759994506836
2025-09-09 12:00:00+01:00,114.37999725341797,114.7249984741211,114.36699676513672,114.71499633789062
2025-09-09 16:00:00+01:00,114.71299743652344,114.87899780273438,114.71199798583984,114.85199737548828
2025-09-09 20:00:00+01:00,114.85399627685547,114.93199920654297,114.63700103759766,114.83399963378906
2025-09-10 00:00:00+01:00,114.83999633789062,114.9260025024414,114.7959976196289,114.80500030517578
2025-09-10 04:00:00+01:00,114.80599975585938,114.97200012207031,114.77799987792969,114.9520034790039
2025-09-10 08:00:00+01:00,114.95600128173828,114.95800018310547,114.83499908447266,114.90399932861328
2025-09-10 12:00:00+01:00,114.9020004272461,115.05000305175781,114.59300231933594,115.03500366210938
2025-09-10 16:00:00+01:00,115.03500366210938,115.05699920654297,114.83200073242188,114.8949966430664
2025-09-10 20:00:00+01:00,114.8949966430664,114.99400329589844,114.74800109863281,114.91799926757812
2025-09-11 00:00:00+01:00,114.91400146484375,114.99400329589844,114.88099670410156,114.91999816894531
2025-09-11 04:00:00+01:00,114.9219970703125,115.08899688720703,114.8030014038086,115.03900146484375
2025-09-11 08:00:00+01:00,115.03399658203125,115.17400360107422,114.99700164794922,115.14600372314453
2025-09-11 12:00:00+01:00,115.14900207519531,115.26100158691406,114.69100189208984,114.80599975585938
2025-09-11 16:00:00+01:00,114.80000305175781,114.93499755859375,114.73899841308594,114.86100006103516
2025-09-11 20:00:00+01:00,114.86199951171875,114.89199829101562,114.65399932861328,114.8489990234375
2025-09-12 00:00:00+01:00,114.83100128173828,115.01399993896484,114.78500366210938,114.9800033569336
2025-09-12 04:00:00+01:00,114.97899627685547,115.08399963378906,114.9010009765625,115.04100036621094
2025-09-12 08:00:00+01:00,115.04299926757812,115.3270034790039,114.95899963378906,115.18199920654297
2025-09-12 12:00:00+01:00,115.18000030517578,115.2490005493164,115.00399780273438,115.08499908447266
2025-09-12 16:00:00+01:00,115.08499908447266,115.18699645996094,115.01799774169922,115.0459976196289
2025-09-12 20:00:00+01:00,115.0459976196289,115.177001953125,114.8010025024414,115.12300109863281
2025-09-15 00:00:00+01:00,115.10099792480469,115.13600158691406,115.02200317382812,115.05400085449219
2025-09-15 04:00:00+01:00,115.05400085449219,115.08100128173828,114.93699645996094,115.00299835205078
2025-09-15 08:00:00+01:00,115.00199890136719,115.06900024414062,114.93199920654297,115.01000213623047
2025-09-15 12:00:00+01:00,115.00900268554688,115.09700012207031,114.95500183105469,115.06900024414062
2025-09-15 16:00:00+01:00,115.06900024414062,115.0999984741211,114.96099853515625,115.06500244140625
2025-09-15 20:00:00+01:00,115.06600189208984,115.13899993896484,114.90299987792969,115.10399627685547
2025-09-16 00:00:00+01:00,115.10399627685547,115.18699645996094,114.94300079345703,114.97599792480469
2025-09-16 04:00:00+01:00,114.97599792480469,115.02300262451172,114.8239974975586,114.90399932861328
2025-09-16 08:00:00+01:00,114.9000015258789,115.06600189208984,114.8010025024414,115.03700256347656
2025-09-16 12:00:00+01:00,115.03800201416016,115.11900329589844,114.7760009765625,114.78600311279297
2025-09-16 16:00:00+01:00,114.78199768066406,114.8239974975586,114.66699981689453,114.70500183105469
2025-09-16 20:00:00+01:00,114.7030029296875,114.81099700927734,114.59300231933594,114.80000305175781
2025-09-17 00:00:00+01:00,114.78199768066406,114.84700012207031,114.61100006103516,114.81800079345703
2025-09-17 04:00:00+01:00,114.81700134277344,114.8479995727539,114.69999694824219,114.70500183105469
2025-09-17 08:00:00+01:00,114.70700073242188,114.82099914550781,114.54900360107422,114.56199645996094
2025-09-17 12:00:00+01:00,114.56400299072266,114.74400329589844,114.53800201416016,114.7040023803711
2025-09-17 16:00:00+01:00,114.70600128173828,114.91200256347656,114.40499877929688,114.87100219726562
2025-09-17 20:00:00+01:00,114.86900329589844,115.27799987792969,114.76599884033203,114.91400146484375
2025-09-18 00:00:00+01:00,114.91000366210938,115.01699829101562,114.8479995727539,114.927001953125
2025-09-18 04:00:00+01:00,114.92900085449219,115.12799835205078,114.8949966430664,115.08100128173828
2025-09-18 08:00:00+01:00,115.08000183105469,115.25599670410156,114.98100280761719,115.1520004272461
2025-09-18 12:00:00+01:00,115.14399719238281,115.51100158691406,115.1050033569336,115.37300109863281
2025-09-18 16:00:00+01:00,115.3740005493164,115.41600036621094,115.29000091552734,115.33799743652344
2025-09-18 20:00:00+01:00,115.33999633789062,115.46700286865234,115.197998046875,115.41899871826172
2025-09-19 00:00:00+01:00,115.4209976196289,115.46499633789062,115.31999969482422,115.36699676513672
2025-09-19 04:00:00+01:00,115.35900115966797,115.38600158691406,114.822998046875,115.15899658203125
2025-09-19 08:00:00+01:00,115.15899658203125,115.27899932861328,115.10299682617188,115.21099853515625
2025-09-19 12:00:00+01:00,115.20600128173828,115.33599853515625,115.09600067138672,115.1449966430664
2025-09-19 16:00:00+01:00,115.14299774169922,115.19400024414062,115.0780029296875,115.18199920654297
2025-09-19 20:00:00+01:00,115.18499755859375,115.2040023803711,114.9520034790039,115.15899658203125
2025-09-22 00:00:00+01:00,115.16000366210938,115.40799713134766,115.10399627685547,115.39399719238281
2025-09-22 04:00:00+01:00,115.39399719238281,115.47899627685547,115.24500274658203,115.27400207519531
2025-09-22 08:00:00+01:00,115.27100372314453,115.30000305175781,115.15399932861328,115.23899841308594
2025-09-22 12:00:00+01:00,115.24500274658203,115.31600189208984,115.17500305175781,115.24600219726562
2025-09-22 16:00:00+01:00,115.24600219726562,115.26100158691406,115.14600372314453,115.23100280761719
2025-09-22 20:00:00+01:00,115.23100280761719,115.28399658203125,115.01200103759766,115.21399688720703
2025-09-23 00:00:00+01:00,115.21199798583984,115.26799774169922,115.13099670410156,115.19999694824219
2025-09-23 04:00:00+01:00,115.19999694824219,115.23600006103516,115.07099914550781,115.08899688720703
2025-09-23 08:00:00+01:00,115.08999633789062,115.12699890136719,114.96800231933594,115.0979995727539
2025-09-23 12:00:00+01:00,115.09700012207031,115.19599914550781,115.03600311279297,115.11499786376953
2025-09-23 16:00:00+01:00,115.11399841308594,115.20600128173828,114.91000366210938,114.98500061035156
2025-09-23 20:00:00+01:00,114.98600006103516,115.10399627685547,114.81700134277344,115.01799774169922
2025-09-24 00:00:00+01:00,115.00900268554688,115.12899780273438,114.9209976196289,115.08899688720703
2025-09-24 04:00:00+01:00,115.08899688720703,115.21900177001953,115.00700378417969,115.16699981689453
2025-09-24 08:00:00+01:00,115.16500091552734,115.31700134277344,115.13899993896484,115.27999877929688
2025-09-24 12:00:00+01:00,115.27899932861328,115.4540023803711,115.27300262451172,115.41000366210938
2025-09-24 16:00:00+01:00,115.41100311279297,115.50499725341797,115.35800170898438,115.5
2025-09-24 20:00:00+01:00,115.4990005493164,115.56500244140625,115.31099700927734,115.48200225830078
2025-09-25 00:00:00+01:00,115.48300170898438,115.56800079345703,115.38899993896484,115.47799682617188
2025-09-25 04:00:00+01:00,115.4800033569336,115.51799774169922,115.35099792480469,115.46900177001953
2025-09-25 08:00:00+01:00,115.46399688720703,115.51899719238281,115.35600280761719,115.45800018310547
2025-09-25 12:00:00+01:00,115.45800018310547,115.6729965209961,115.37799835205078,115.66699981689453
2025-09-25 16:00:00+01:00,115.66699981689453,115.83799743652344,115.64099884033203,115.76200103759766
2025-09-25 20:00:00+01:00,115.76300048828125,115.85299682617188,115.47899627685547,115.71800231933594
2025-09-26 00:00:00+01:00,115.69400024414062,115.8759994506836,115.65699768066406,115.79100036621094
2025-09-26 04:00:00+01:00,115.79299926757812,115.82599639892578,115.71600341796875,115.76699829101562
2025-09-26 08:00:00+01:00,115.7699966430664,115.87899780273438,115.7699966430664,115.81700134277344
2025-09-26 12:00:00+01:00,115.81800079345703,115.83999633789062,115.64900207519531,115.66899871826172
2025-09-26 16:00:00+01:00,115.66500091552734,115.77799987792969,115.64900207519531,115.70999908447266
2025-09-26 20:00:00+01:00,115.70800018310547,115.78700256347656,115.51699829101562,115.74800109863281
2025-09-29 00:00:00+01:00,115.64600372314453,115.68299865722656,115.46499633789062,115.48300170898438
2025-09-29 04:00:00+01:00,115.48100280761719,115.50399780273438,115.27400207519531,115.35299682617188
2025-09-29 08:00:00+01:00,115.3479995727539,115.36599731445312,115.11900329589844,115.17500305175781
2025-09-29 12:00:00+01:00,115.177001953125,115.30400085449219,115.11199951171875,115.23799896240234
2025-09-29 16:00:00+01:00,115.24199676513672,115.24400329589844,115.125,115.23400115966797
2025-09-29 20:00:00+01:00,115.23200225830078,115.24199676513672,115.00599670410156,115.177001953125
2025-09-30 00:00:00+01:00,115.1780014038086,115.31099700927734,115.0989990234375,115.19999694824219
2025-09-30 04:00:00+01:00,115.2020034790039,115.22100067138672,114.73500061035156,114.75399780273438
2025-09-30 08:00:00+01:00,114.74800109863281,114.81400299072266,114.64199829101562,114.75399780273438
2025-09-30 12:00:00+01:00,114.75199890136719,114.78500366210938,114.52200317382812,114.5510025024414
2025-09-30 16:00:00+01:00,114.5510025024414,114.66200256347656,114.52300262451172,114.62200164794922
2025-09-30 20:00:00+01:00,114.6240005493164,114.72699737548828,114.41000366210938,114.63700103759766
2025-10-01 00:00:00+01:00,114.6240005493164,114.81300354003906,114.56700134277344,114.5770034790039
2025-10-01 04:00:00+01:00,114.57599639892578,114.60700225830078,114.19999694824219,114.24800109863281
2025-10-01 08:00:00+01:00,114.24800109863281,114.29900360107422,114.07099914550781,114.07599639892578
2025-10-01 12:00:00+01:00,114.0770034790039,114.18299865722656,113.86699676513672,114.09200286865234
2025-10-01 16:00:00+01:00,114.09600067138672,114.26300048828125,114.08100128173828,114.2020034790039
2025-10-01 20:00:00+01:00,114.2020034790039,114.24299621582031,113.93299865722656,114.14099884033203
2025-10-02 00:00:00+01:00,114.1259994506836,114.3219985961914,114.08399963378906,114.23999786376953
2025-10-02 04:00:00+01:00,114.23799896240234,114.38099670410156,114.08499908447266,114.24600219726562
2025-10-02 08:00:00+01:00,114.24400329589844,114.30899810791016,113.90399932861328,113.9530029296875
2025-10-02 12:00:00+01:00,113.9520034790039,114.28299713134766,113.93599700927734,114.20800018310547
2025-10-02 16:00:00+01:00,114.2040023803711,114.25399780273438,114.125,114.20600128173828
2025-10-02 20:00:00+01:00,114.20600128173828,114.2760009765625,113.97599792480469,114.16600036621094
2025-10-03 00:00:00+01:00,114.16899871826172,114.50599670410156,114.08799743652344,114.47000122070312
2025-10-03 04:00:00+01:00,114.47100067138672,114.53800201416016,114.34600067138672,114.39800262451172
2025-10-03 08:00:00+01:00,114.39800262451172,114.4749984741211,114.26100158691406,114.27300262451172
2025-10-03 12:00:00+01:00,114.27400207519531,114.4280014038086,114.0719985961914,114.3740005493164
2025-10-03 16:00:00+01:00,114.375,114.4520034790039,114.30799865722656,114.41899871826172
2025-10-03 20:00:00+01:00,114.41799926757812,114.43499755859375,114.24299621582031,114.40399932861328
2025-10-06 00:00:00+01:00,115.60900115966797,116.06400299072266,115.51499938964844,116.0250015258789
2025-10-06 04:00:00+01:00,116.02400207519531,116.3239974975586,115.98100280761719,116.00499725341797
2025-10-06 08:00:00+01:00,116.00199890136719,116.22899627685547,115.93000030517578,116.12000274658203
2025-10-06 12:00:00+01:00,116.11599731445312,116.23999786376953,115.84700012207031,116.14299774169922
2025-10-06 16:00:00+01:00,116.14399719238281,116.39700317382812,116.11499786376953,116.37999725341797
2025-10-06 20:00:00+01:00,116.37799835205078,116.45800018310547,116.11499786376953,116.38899993896484
2025-10-07 00:00:00+01:00,116.39399719238281,116.60099792480469,116.3489990234375,116.57499694824219
2025-10-07 04:00:00+01:00,116.57499694824219,116.61399841308594,116.41200256347656,116.56500244140625
2025-10-07 08:00:00+01:00,116.56199645996094,116.66600036621094,116.47100067138672,116.63099670410156
2025-10-07 12:00:00+01:00,116.63200378417969,116.96399688720703,116.61399841308594,116.95899963378906
2025-10-07 16:00:00+01:00,116.95800018310547,117.50299835205078,116.8550033569336,117.41899871826172
2025-10-07 20:00:00+01:00,117.41600036621094,117.55899810791016,117.24199676513672,117.41400146484375
2025-10-08 00:00:00+01:00,117.39299774169922,117.8010025024414,117.37699890136719,117.70800018310547
2025-10-08 04:00:00+01:00,117.70999908447266,117.75,117.52899932861328,117.552001953125
2025-10-08 08:00:00+01:00,117.55799865722656,118.0260009765625,117.54000091552734,117.88700103759766
2025-10-08 12:00:00+01:00,117.88800048828125,117.97100067138672,117.65899658203125,117.7229995727539
2025-10-08 16:00:00+01:00,117.7249984741211,117.9489974975586,117.71800231933594,117.8489990234375
2025-10-08 20:00:00+01:00,117.8479995727539,117.90899658203125,117.57499694824219,117.74099731445312
2025-10-09 00:00:00+01:00,117.74299621582031,117.9520034790039,117.68699645996094,117.80999755859375
2025-10-09 04:00:00+01:00,117.80899810791016,118.13200378417969,117.76200103759766,118.0250015258789
2025-10-09 08:00:00+01:00,118.01799774169922,118.10900115966797,117.6709976196289,117.8239974975586
2025-10-09 12:00:00+01:00,117.81999969482422,117.9520034790039,117.43900299072266,117.84700012207031
2025-10-09 16:00:00+01:00,117.8479995727539,117.87200164794922,117.65499877929688,117.76799774169922
2025-10-09 20:00:00+01:00,117.76399993896484,117.83899688720703,117.51599884033203,117.75800323486328
2025-10-10 00:00:00+01:00,117.75599670410156,117.92500305175781,117.7249984741211,117.77400207519531
2025-10-10 04:00:00+01:00,117.7699966430664,117.79399871826172,117.44499969482422,117.4990005493164
2025-10-10 08:00:00+01:00,117.5009994506836,117.83300018310547,117.46399688720703,117.5999984741211
2025-10-10 12:00:00+01:00,117.60199737548828,117.65899658203125,117.41699981689453,117.45700073242188
2025-10-10 16:00:00+01:00,117.4540023803711,117.45800018310547,116.80999755859375,116.90599822998047
2025-10-10 20:00:00+01:00,116.90499877929688,116.95700073242188,116.33699798583984,116.55500030517578
2025-10-13 00:00:00+01:00,117.11699676513672,117.24099731445312,116.98100280761719,117.17400360107422
2025-10-13 04:00:00+01:00,117.1719970703125,117.19499969482422,117.03099822998047,117.125
2025-10-13 08:00:00+01:00,117.1259994506836,117.43599700927734,117.10600280761719,117.19400024414062
2025-10-13 12:00:00+01:00,117.19499969482422,117.34300231933594,117.0479965209961,117.2770004272461
2025-10-13 16:00:00+01:00,117.2750015258789,117.33200073242188,117.23200225830078,117.25499725341797
2025-10-13 20:00:00+01:00,117.25299835205078,117.30500030517578,116.98899841308594,117.29100036621094
2025-10-14 00:00:00+01:00,117.29100036621094,117.47799682617188,117.21700286865234,117.34200286865234
2025-10-14 04:00:00+01:00,117.34100341796875,117.36299896240234,116.7300033569336,116.84200286865234
2025-10-14 08:00:00+01:00,116.83799743652344,116.93199920654297,116.66100311279297,116.73600006103516
2025-10-14 12:00:00+01:00,116.73799896240234,116.98999786376953,116.70600128173828,116.81099700927734
2025-10-14 16:00:00+01:00,116.81199645996094,116.9489974975586,116.76300048828125,116.88600158691406
2025-10-14 20:00:00+01:00,116.88700103759766,116.95700073242188,116.65399932861328,116.90799713134766
2025-10-15 00:00:00+01:00,116.90799713134766,116.94499969482422,116.54199981689453,116.57599639892578
2025-10-15 04:00:00+01:00,116.57599639892578,116.7249984741211,116.48699951171875,116.63200378417969
2025-10-15 08:00:00+01:00,116.63300323486328,116.87699890136719,116.59700012207031,116.7750015258789
2025-10-15 12:00:00+01:00,116.7750015258789,116.95999908447266,116.69999694824219,116.76499938964844
2025-10-15 16:00:00+01:00,116.76200103759766,116.80400085449219,116.53299713134766,116.71499633789062
2025-10-15 20:00:00+01:00,116.71800231933594,116.7249984741211,116.30699920654297,116.47000122070312
2025-10-16 00:00:00+01:00,116.47200012207031,116.58100128173828,116.24600219726562,116.51799774169922
2025-10-16 04:00:00+01:00,116.52400207519531,116.75199890136719,116.4729995727539,116.68800354003906
2025-10-16 08:00:00+01:00,116.68900299072266,116.8280029296875,116.51000213623047,116.66999816894531
2025-10-16 12:00:00+01:00,116.66899871826172,116.76799774169922,116.46600341796875,116.50900268554688
2025-10-16 16:00:00+01:00,116.50800323486328,116.58799743652344,116.0469970703125,116.1709976196289
2025-10-16 20:00:00+01:00,116.17400360107422,116.27999877929688,115.97599792480469,116.15899658203125
2025-10-17 00:00:00+01:00,116.15399932861328,116.26899719238281,116.02300262451172,116.12200164794922
2025-10-17 04:00:00+01:00,116.12100219726562,116.13899993896484,115.68599700927734,115.69000244140625
2025-10-17 08:00:00+01:00,115.69000244140625,115.82099914550781,115.375,115.78700256347656
2025-10-17 12:00:00+01:00,115.78800201416016,116.18800354003906,115.75299835205078,116.05500030517578
2025-10-17 16:00:00+01:00,116.0530014038086,116.25599670410156,115.93199920654297,116.21499633789062
2025-10-17 20:00:00+01:00,116.21399688720703,116.29199981689453,116.02100372314453,116.27400207519531
2025-10-20 00:00:00+01:00,116.4020004272461,116.73899841308594,116.375,116.52899932861328
2025-10-20 04:00:00+01:00,116.52799987792969,116.54499816894531,116.30500030517578,116.39600372314453
2025-10-20 08:00:00+01:00,116.39199829101562,116.49700164794922,116.11599731445312,116.39900207519531
2025-10-20 12:00:00+01:00,116.39900207519531,116.51100158691406,116.29000091552734,116.41899871826172
2025-10-20 16:00:00+01:00,116.41799926757812,116.552001953125,116.38300323486328,116.47599792480469
2025-10-20 20:00:00+01:00,116.47799682617188,116.53299713134766,116.16600036621094,116.50499725341797
2025-10-21 00:00:00+01:00,116.49500274658203,116.77300262451172,116.3740005493164,116.70899963378906
2025-10-21 04:00:00+01:00,116.70600128173828,116.94599914550781,116.50499725341797,116.73699951171875
2025-10-21 08:00:00+01:00,116.73799896240234,117.14600372314453,116.55899810791016,117.0999984741211
2025-10-21 12:00:00+01:00,117.08999633789062,117.2490005493164,116.70999908447266,116.98500061035156
2025-10-21 16:00:00+01:00,116.98100280761719,117.05000305175781,116.88999938964844,117.00900268554688
2025-10-21 20:00:00+01:00,116.9990005493164,117.03900146484375,116.80999755859375,117.00599670410156
2025-10-22 00:00:00+01:00,117.00399780273438,117.02100372314453,116.7300033569336,116.86499786376953
2025-10-22 04:00:00+01:00,116.86000061035156,117.07099914550781,116.8479995727539,116.92900085449219
2025-10-22 08:00:00+01:00,116.92900085449219,116.96600341796875,116.78199768066406,116.84400177001953
2025-10-22 12:00:00+01:00,116.84500122070312,117.052001953125,116.78099822998047,116.99500274658203
2025-10-22 16:00:00+01:00,116.99600219726562,117.03700256347656,116.75199890136719,117.01000213623047
2025-10-22 20:00:00+01:00,117.01100158691406,117.12799835205078,116.83100128173828,117.05699920654297
2025-10-23 00:00:00+01:00,117.06300354003906,117.36299896240234,117.00399780273438,117.31900024414062
2025-10-23 04:00:00+01:00,117.31999969482422,117.47599792480469,117.18000030517578,117.46299743652344
2025-10-23 08:00:00+01:00,117.46600341796875,117.51799774169922,117.30599975585938,117.51799774169922
2025-10-23 12:00:00+01:00,117.50900268554688,117.58100128173828,117.35700225830078,117.51300048828125
2025-10-23 16:00:00+01:00,117.50800323486328,117.61699676513672,117.46099853515625,117.47100067138672
2025-10-23 20:00:00+01:00,117.47200012207031,117.53700256347656,117.2509994506836,117.50599670410156
2025-10-24 00:00:00+01:00,117.5,117.71399688720703,117.43099975585938,117.64299774169922
2025-10-24 04:00:00+01:00,117.64399719238281,117.7770004272461,117.55000305175781,117.6969985961914
2025-10-24 08:00:00+01:00,117.69100189208984,117.74500274658203,117.55699920654297,117.69200134277344
2025-10-24 12:00:00+01:00,117.69200134277344,117.81099700927734,117.24099731445312,117.59600067138672
2025-10-24 16:00:00+01:00,117.59700012207031,117.70500183105469,117.58000183105469,117.67900085449219
2025-10-24 20:00:00+01:00,117.67900085449219,117.72100067138672,117.51300048828125,117.70099639892578
2025-10-27 00:00:00+00:00,117.90499877929688,117.98600006103516,117.75800323486328,117.91799926757812
2025-10-27 04:00:00+00:00,117.91899871826172,118.04199981689453,117.7959976196289,117.8550033569336
2025-10-27 08:00:00+00:00,117.85399627685547,117.90299987792969,117.71499633789062,117.77799987792969
2025-10-27 12:00:00+00:00,117.77200317382812,118.08799743652344,117.73300170898438,118.01799774169922
2025-10-27 16:00:00+00:00,118.01699829101562,118.05000305175781,117.83999633789062,117.9209976196289
2025-10-27 20:00:00+00:00,117.91400146484375,117.93599700927734,117.64099884033203,117.802001953125
2025-10-28 00:00:00+00:00,117.78800201416016,117.8030014038086,117.48100280761719,117.56400299072266
2025-10-28 04:00:00+00:00,117.56500244140625,117.61399841308594,117.25700378417969,117.4540023803711
2025-10-28 08:00:00+00:00,117.4489974975586,117.4729995727539,117.25700378417969,117.3740005493164
2025-10-28 12:00:00+00:00,117.3740005493164,117.62699890136719,117.35399627685547,117.60399627685547
2025-10-28 16:00:00+00:00,117.60399627685547,117.70999908447266,117.44599914550781,117.50299835205078
2025-10-28 20:00:00+00:00,117.50299835205078,117.59500122070312,117.29399871826172,117.36699676513672
2025-10-29 00:00:00+00:00,117.30599975585938,117.45500183105469,117.15399932861328,117.37899780273438
2025-10-29 04:00:00+00:00,117.3740005493164,117.77200317382812,117.31999969482422,117.447998046875
2025-10-29 08:00:00+00:00,117.44999694824219,117.65299987792969,117.43900299072266,117.5780029296875
2025-10-29 12:00:00+00:00,117.57499694824219,117.61000061035156,117.34200286865234,117.48500061035156
2025-10-29 16:00:00+00:00,117.47899627685547,117.93900299072266,117.46600341796875,117.78099822998047
2025-10-29 20:00:00+00:00,117.78199768066406,117.8270034790039,117.48500061035156,117.72899627685547
2025-10-30 00:00:00+00:00,117.71399688720703,118.06900024414062,117.4209976196289,117.9729995727539
2025-10-30 04:00:00+00:00,117.97200012207031,118.23999786376953,117.70899963378906,118.12999725341797
2025-10-30 08:00:00+00:00,118.12899780273438,118.5770034790039,118.12899780273438,118.54100036621094
2025-10-30 12:00:00+00:00,118.53900146484375,118.66100311279297,118.38400268554688,118.53500366210938
2025-10-30 16:00:00+00:00,118.53800201416016,118.5770034790039,118.4520034790039,118.47899627685547
2025-10-30 20:00:00+00:00,118.47699737548828,118.55599975585938,118.35900115966797,118.41000366210938
2025-10-31 00:00:00+00:00,118.40299987792969,118.5260009765625,118.26399993896484,118.48799896240234
2025-10-31 04:00:00+00:00,118.48699951171875,118.68000030517578,118.30999755859375,118.64600372314453
2025-10-31 08:00:00+00:00,118.64800262451172,118.68499755859375,118.43399810791016,118.45899963378906
2025-10-31 12:00:00+00:00,118.45899963378906,118.5270004272461,118.2239990234375,118.35700225830078
2025-10-31 16:00:00+00:00,118.35700225830078,118.427001953125,118.31300354003906,118.39399719238281
2025-10-31 20:00:00+00:00,118.39199829101562,118.4219970703125,118.2020034790039,118.37200164794922
2025-11-03 00:00:00+00:00,118.42900085449219,118.4489974975586,118.3030014038086,118.33699798583984
2025-11-03 04:00:00+00:00,118.33300018310547,118.5009994506836,118.26300048828125,118.36399841308594
2025-11-03 08:00:00+00:00,118.37000274658203,118.41799926757812,118.19100189208984,118.23600006103516
2025-11-03 12:00:00+00:00,118.23600006103516,118.30899810791016,117.97200012207031,118.0780029296875
2025-11-03 16:00:00+00:00,118.08200073242188,118.21199798583984,118.06800079345703,118.16500091552734
2025-11-03 20:00:00+00:00,118.16600036621094,118.26100158691406,118.03199768066406,118.16300201416016
2025-11-04 00:00:00+00:00,118.15799713134766,118.23699951171875,118.02300262451172,118.06600189208984
2025-11-04 04:00:00+00:00,118.06700134277344,118.06800079345703,117.58799743652344,117.73300170898438
2025-11-04 08:00:00+00:00,117.73999786376953,117.79199981689453,117.47200012207031,117.572998046875
2025-11-04 12:00:00+00:00,117.5739974975586,117.5979995727539,117.29900360107422,117.36000061035156
2025-11-04 16:00:00+00:00,117.35900115966797,117.51300048828125,117.33899688720703,117.44100189208984
2025-11-04 20:00:00+00:00,117.44100189208984,117.51799774169922,117.27899932861328,117.43900299072266
2025-11-05 00:00:00+00:00,117.40899658203125,117.52400207519531,116.91500091552734,117.43499755859375
2025-11-05 04:00:00+00:00,117.43499755859375,117.58000183105469,117.33399963378906,117.45800018310547
2025-11-05 08:00:00+00:00,117.45800018310547,117.67900085449219,117.4229965209961,117.53700256347656
2025-11-05 12:00:00+00:00,117.53700256347656,118.00399780273438,117.49800109863281,118.00199890136719
2025-11-05 16:00:00+00:00,118.00299835205078,118.01100158691406,117.822998046875,117.90499877929688
2025-11-05 20:00:00+00:00,117.90499877929688,117.93699645996094,117.73999786376953,117.91799926757812
2025-11-06 00:00:00+00:00,117.91999816894531,117.93900299072266,117.71900177001953,117.84300231933594
2025-11-06 04:00:00+00:00,117.83899688720703,117.95899963378906,117.78500366210938,117.83699798583984
2025-11-06 08:00:00+00:00,117.83599853515625,117.84400177001953,117.64099884033203,117.73799896240234
2025-11-06 12:00:00+00:00,117.73500061035156,117.80899810791016,117.26799774169922,117.27100372314453
2025-11-06 16:00:00+00:00,117.27200317382812,117.46499633789062,117.14600372314453,117.43699645996094
2025-11-06 20:00:00+00:00,117.43800354003906,117.4489974975586,117.17500305175781,117.28399658203125
2025-11-07 00:00:00+00:00,117.26200103759766,117.49700164794922,117.19000244140625,117.28700256347656
2025-11-07 04:00:00+00:00,117.28399658203125,117.73699951171875,117.24600219726562,117.64299774169922
2025-11-07 08:00:00+00:00,117.64099884033203,117.77400207519531,117.46299743652344,117.58499908447266
2025-11-07 12:00:00+00:00,117.58399963378906,117.88300323486328,117.48899841308594,117.625
2025-11-07 16:00:00+00:00,117.6259994506836,117.9729995727539,117.552001953125,117.94999694824219
2025-11-07 20:00:00+00:00,117.94999694824219,117.9739990234375,117.76699829101562,117.89199829101562
2025-11-10 00:00:00+00:00,118.06900024414062,118.21700286865234,117.8290023803711,118.16400146484375
2025-11-10 04:00:00+00:00,118.16300201416016,118.33999633789062,118.11599731445312,118.29900360107422
2025-11-10 08:00:00+00:00,118.2979965209961,118.3740005493164,118.20899963378906,118.28800201416016
2025-11-10 12:00:00+00:00,118.28700256347656,118.3219985961914,118.16899871826172,118.16999816894531
2025-11-10 16:00:00+00:00,118.16999816894531,118.31400299072266,118.09200286865234,118.2959976196289
2025-11-10 20:00:00+00:00,118.2979965209961,118.34600067138672,117.9749984741211,118.31999969482422
2025-11-11 00:00:00+00:00,118.322998046875,118.48899841308594,118.28900146484375,118.38800048828125
2025-11-11 04:00:00+00:00,118.38600158691406,118.44200134277344,118.28199768066406,118.34700012207031
2025-11-11 08:00:00+00:00,118.3499984741211,118.52899932861328,118.34500122070312,118.46900177001953
2025-11-11 12:00:00+00:00,118.46499633789062,118.50599670410156,118.20700073242188,118.37100219726562
2025-11-11 16:00:00+00:00,118.37100219726562,118.48300170898438,118.34300231933594,118.43000030517578
2025-11-11 20:00:00+00:00,118.43099975585938,118.5,118.32099914550781,118.42500305175781
2025-11-12 00:00:00+00:00,118.41600036621094,118.56800079345703,118.3759994506836,118.45500183105469
2025-11-12 04:00:00+00:00,118.45600128173828,118.76300048828125,118.4219970703125,118.62899780273438
2025-11-12 08:00:00+00:00,118.62999725341797,118.8219985961914,118.62300109863281,118.75599670410156
2025-11-12 12:00:00+00:00,118.75900268554688,118.9540023803711,118.71800231933594,118.90499877929688
2025-11-12 16:00:00+00:00,118.90599822998047,118.9280014038086,118.70600128173828,118.8290023803711
2025-11-12 20:00:00+00:00,118.83200073242188,118.97599792480469,118.6259994506836,118.83699798583984
2025-11-13 00:00:00+00:00,118.8280029296875,118.98300170898438,118.78099822998047,118.90399932861328
2025-11-13 04:00:00+00:00,118.90299987792969,119.0739974975586,118.83999633789062,118.96900177001953
2025-11-13 08:00:00+00:00,118.96399688720703,119.01699829101562,118.74099731445312,118.93099975585938
2025-11-13 12:00:00+00:00,118.93399810791016,118.95800018310547,118.61399841308594,118.68299865722656
2025-11-13 16:00:00+00:00,118.68199920654297,118.90499877929688,118.64700317382812,118.75599670410156
2025-11-13 20:00:00+00:00,118.75399780273438,118.89199829101562,118.50299835205078,118.822998046875
2025-11-14 00:00:00+00:00,118.82099914550781,118.927001953125,118.7030029296875,118.8740005493164
2025-11-14 04:00:00+00:00,118.87100219726562,118.9209976196289,118.72899627685547,118.87899780273438
2025-11-14 08:00:00+00:00,118.87999725341797,118.89900207519531,118.7030029296875,118.76200103759766
2025-11-14 12:00:00+00:00,118.76000213623047,118.93299865722656,118.39600372314453,118.90599822998047
2025-11-14 16:00:00+00:00,118.90699768066406,119.1259994506836,118.83699798583984,118.99800109863281
2025-11-14 20:00:00+00:00,118.99700164794922,119.02999877929688,118.73200225830078,119.02400207519531
2025-11-17 00:00:00+00:00,118.98999786376953,119.02200317382812,118.83999633789062,118.88800048828125
2025-11-17 04:00:00+00:00,118.88300323486328,118.96299743652344,118.78199768066406,118.9219970703125
2025-11-17 08:00:00+00:00,118.9209976196289,118.96600341796875,118.78700256347656,118.88600158691406
2025-11-17 12:00:00+00:00,118.88099670410156,119.197998046875,118.85900115966797,119.13600158691406
2025-11-17 16:00:00+00:00,119.13400268554688,119.2030029296875,119.00299835205078,119.05999755859375
2025-11-17 20:00:00+00:00,119.05999755859375,119.18900299072266,118.92400360107422,119.15299987792969
2025-11-18 00:00:00+00:00,119.15799713134766,119.20500183105469,118.96499633789062,119.0260009765625
2025-11-18 04:00:00+00:00,119.0250015258789,119.04399871826172,118.81400299072266,118.9469985961914
2025-11-18 08:00:00+00:00,118.9469985961914,119.322998046875,118.94400024414062,119.30899810791016
2025-11-18 12:00:00+00:00,119.30899810791016,119.3499984741211,119.1240005493164,119.24099731445312
2025-11-18 16:00:00+00:00,119.24299621582031,119.58899688720703,119.20500183105469,119.48600006103516
2025-11-18 20:00:00+00:00,119.48699951171875,119.5250015258789,119.25299835205078,119.50499725341797
2025-11-19 00:00:00+00:00,119.49400329589844,119.51200103759766,119.18399810791016,119.22699737548828
2025-11-19 04:00:00+00:00,119.22699737548828,119.37799835205078,119.21199798583984,119.37000274658203
2025-11-19 08:00:00+00:00,119.37200164794922,119.7699966430664,119.29399871826172,119.71700286865234
2025-11-19 12:00:00+00:00,119.71800231933594,120.0510025024414,119.6709976196289,119.81400299072266
2025-11-19 16:00:00+00:00,119.81300354003906,120.10700225830078,119.77899932861328,120.10299682617188
2025-11-19 20:00:00+00:00,120.10399627685547,120.31300354003906,120.06400299072266,120.19599914550781
2025-11-20 00:00:00+00:00,120.20500183105469,120.43800354003906,120.09200286865234,120.38099670410156
2025-11-20 04:00:00+00:00,120.37799835205078,120.62899780273438,120.2760009765625,120.42500305175781
2025-11-20 08:00:00+00:00,120.41999816894531,120.48600006103516,120.18800354003906,120.46099853515625
2025-11-20 12:00:00+00:00,120.46199798583984,120.75199890136719,120.32599639892578,120.5989990234375
2025-11-20 16:00:00+00:00,120.5989990234375,120.60299682617188,120.26100158691406,120.49800109863281
2025-11-20 20:00:00+00:00,120.4990005493164,120.53399658203125,120.21800231933594,120.36900329589844
2025-11-21 00:00:00+00:00,120.35700225830078,120.48300170898438,120.27999877929688,120.29499816894531
2025-11-21 04:00:00+00:00,120.2959976196289,120.302001953125,119.73899841308594,119.82099914550781
2025-11-21 08:00:00+00:00,119.82099914550781,120.06600189208984,119.6520004272461,119.83200073242188
2025-11-21 12:00:00+00:00,119.83100128173828,119.94100189208984,119.40699768066406,119.62899780273438
2025-11-21 16:00:00+00:00,119.62899780273438,119.8479995727539,119.56500244140625,119.60800170898438
2025-11-21 20:00:00+00:00,119.61000061035156,119.73799896240234,119.33200073242188,119.70500183105469
2025-11-24 00:00:00+00:00,119.84600067138672,119.91699981689453,119.73100280761719,119.7969970703125
2025-11-24 04:00:00+00:00,119.7959976196289,120.13899993896484,119.71900177001953,120.08999633789062
2025-11-24 08:00:00+00:00,120.09200286865234,120.23999786376953,119.99600219726562,120.2030029296875
2025-11-24 12:00:00+00:00,120.19499969482422,120.41600036621094,120.10399627685547,120.13200378417969
2025-11-24 16:00:00+00:00,120.13099670410156,120.23699951171875,120.11900329589844,120.13700103759766
2025-11-24 20:00:00+00:00,120.13700103759766,120.28199768066406,119.96399688720703,120.24500274658203
2025-11-25 00:00:00+00:00,120.23200225830078,120.27100372314453,120.02799987792969,120.15699768066406
2025-11-25 04:00:00+00:00,120.1520004272461,120.26699829101562,120.08000183105469,120.15899658203125
2025-11-25 08:00:00+00:00,120.16200256347656,120.2229995727539,119.88200378417969,120.08100128173828
2025-11-25 12:00:00+00:00,120.07499694824219,120.2229995727539,119.77999877929688,119.9209976196289
2025-11-25 16:00:00+00:00,119.92400360107422,120.02899932861328,119.7490005493164,119.79399871826172
2025-11-25 20:00:00+00:00,119.79000091552734,119.99299621582031,119.71800231933594,119.95800018310547
2025-11-26 00:00:00+00:00,119.95999908447266,120.14299774169922,119.6449966430664,119.87000274658203
2025-11-26 04:00:00+00:00,119.86699676513672,120.3759994506836,119.86100006103516,120.33599853515625
2025-11-26 08:00:00+00:00,120.33000183105469,120.57599639892578,120.31500244140625,120.49199676513672
2025-11-26 12:00:00+00:00,120.48999786376953,120.697998046875,120.41400146484375,120.58599853515625
2025-11-26 16:00:00+00:00,120.58599853515625,120.64099884033203,120.49299621582031,120.61000061035156
2025-11-26 20:00:00+00:00,120.61100006103516,120.63500213623047,120.29199981689453,120.4990005493164
2025-11-27 00:00:00+00:00,120.49099731445312,120.51200103759766,120.24600219726562,120.33699798583984
2025-11-27 04:00:00+00:00,120.34400177001953,120.4260025024414,120.1719970703125,120.35900115966797
2025-11-27 08:00:00+00:00,120.36000061035156,120.48799896240234,120.33499908447266,120.41799926757812
2025-11-27 12:00:00+00:00,120.41899871826172,120.48400115966797,120.38899993896484,120.46600341796875
2025-11-27 16:00:00+00:00,120.46600341796875,120.55500030517578,120.44999694824219,120.51499938964844
2025-11-27 20:00:00+00:00,120.51899719238281,120.54000091552734,120.29199981689453,120.52100372314453
2025-11-28 00:00:00+00:00,120.50900268554688,120.71900177001953,120.15399932861328,120.50800323486328
2025-11-28 04:00:00+00:00,120.50599670410156,120.68800354003906,120.22799682617188,120.4260025024414
2025-11-28 08:00:00+00:00,120.4280014038086,120.4729995727539,120.03600311279297,120.3219985961914
2025-11-28 12:00:00+00:00,120.31500244140625,120.61799621582031,120.07599639892578,120.47100067138672
2025-11-28 16:00:00+00:00,120.46600341796875,120.56800079345703,120.4219970703125,120.47599792480469
2025-11-28 20:00:00+00:00,120.46800231933594,120.50599670410156,120.22599792480469,120.49299621582031
2025-12-01 00:00:00+00:00,120.31199645996094,120.33000183105469,119.89299774169922,119.9229965209961
2025-12-01 04:00:00+00:00,119.9219970703125,120.07499694824219,119.85900115966797,119.90899658203125
2025-12-01 08:00:00+00:00,119.90799713134766,120.04499816894531,119.76399993896484,119.76799774169922
2025-12-01 12:00:00+00:00,119.76799774169922,119.82099914550781,119.45500183105469,119.75399780273438
2025-12-01 16:00:00+00:00,119.75599670410156,119.9749984741211,119.75499725341797,119.93399810791016
2025-12-01 20:00:00+00:00,119.93599700927734,120.01499938964844,119.65799713134766,119.96499633789062
2025-12-02 00:00:00+00:00,119.96900177001953,120.09200286865234,119.9010009765625,119.9729995727539
2025-12-02 04:00:00+00:00,119.9739990234375,120.16300201416016,119.89700317382812,120.09500122070312
2025-12-02 08:00:00+00:00,120.09600067138672,120.26300048828125,120.09200286865234,120.13400268554688
2025-12-02 12:00:00+00:00,120.13099670410156,120.33000183105469,120.10700225830078,120.12100219726562
2025-12-02 16:00:00+00:00,120.12000274658203,120.25499725341797,120.01200103759766,120.2229995727539
2025-12-02 20:00:00+00:00,120.2239990234375,120.23500061035156,119.89800262451172,120.2030029296875
2025-12-03 00:00:00+00:00,120.1760025024414,120.2249984741211,120.02400207519531,120.10299682617188
2025-12-03 04:00:00+00:00,120.10299682617188,120.18499755859375,120.03600311279297,120.13700103759766
2025-12-03 08:00:00+00:00,120.13999938964844,120.22200012207031,120.0479965209961,120.06600189208984
2025-12-03 12:00:00+00:00,120.06400299072266,120.18599700927734,119.91000366210938,119.95500183105469
2025-12-03 16:00:00+00:00,119.94999694824219,119.98100280761719,119.81700134277344,119.91000366210938
2025-12-03 20:00:00+00:00,119.91000366210938,120.0199966430664,119.70999908447266,119.88099670410156
2025-12-04 00:00:00+00:00,119.87899780273438,119.99199676513672,119.80899810791016,119.88300323486328
2025-12-04 04:00:00+00:00,119.87699890136719,119.95500183105469,119.7300033569336,119.78299713134766
2025-12-04 08:00:00+00:00,119.77799987792969,119.78700256347656,119.31800079345703,119.34100341796875
2025-12-04 12:00:00+00:00,119.32599639892578,119.60800170898438,119.31300354003906,119.43800354003906
2025-12-04 16:00:00+00:00,119.43499755859375,119.62200164794922,119.43399810791016,119.60700225830078
2025-12-04 20:00:00+00:00,119.60700225830078,119.78099822998047,119.39600372314453,119.65499877929688
2025-12-05 00:00:00+00:00,119.64600372314453,119.79000091552734,119.5479965209961,119.68399810791016
2025-12-05 04:00:00+00:00,119.6760025024414,119.697998046875,119.25299835205078,119.4020004272461
2025-12-05 08:00:00+00:00,119.38999938964844,119.80599975585938,119.375,119.77100372314453
2025-12-05 12:00:00+00:00,119.76399993896484,119.91600036621094,119.71299743652344,119.88400268554688
2025-12-05 16:00:00+00:00,119.8740005493164,119.92400360107422,119.75499725341797,119.8489990234375
2025-12-05 20:00:00+00:00,119.84100341796875,119.90399932861328,119.62799835205078,119.86900329589844
2025-12-08 00:00:00+00:00,119.83000183105469,119.84400177001953,119.56300354003906,119.7040023803711
2025-12-08 04:00:00+00:00,119.70600128173828,119.89399719238281,119.63899993896484,119.89199829101562
2025-12-08 08:00:00+00:00,119.89299774169922,119.98100280761719,119.83000183105469,119.9739990234375
2025-12-08 12:00:00+00:00,119.97599792480469,120.16000366210938,119.89800262451172,120.02200317382812
2025-12-08 16:00:00+00:00,120.02400207519531,120.14299774169922,119.98500061035156,120.13899993896484
2025-12-08 20:00:00+00:00,120.13800048828125,120.20700073242188,119.90599822998047,120.09700012207031
2025-12-09 00:00:00+00:00,120.09100341796875,120.18299865722656,120.00800323486328,120.09200286865234
2025-12-09 04:00:00+00:00,120.09100341796875,120.3489990234375,120.0770034790039,120.31800079345703
2025-12-09 08:00:00+00:00,120.31900024414062,120.55999755859375,120.2969970703125,120.45999908447266
2025-12-09 12:00:00+00:00,120.46099853515625,120.96099853515625,120.46099853515625,120.92900085449219
2025-12-09 16:00:00+00:00,120.92900085449219,121.01899719238281,120.84300231933594,120.90499877929688
2025-12-09 20:00:00+00:00,120.90499877929688,120.97899627685547,120.65699768066406,120.91200256347656
2025-12-10 00:00:00+00:00,120.88899993896484,120.9749984741211,120.71600341796875,120.76200103759766
2025-12-10 04:00:00+00:00,120.76200103759766,120.95099639892578,120.70099639892578,120.8949966430664
2025-12-10 08:00:00+00:00,120.89399719238281,121.0260009765625,120.8499984741211,120.89600372314453
2025-12-10 12:00:00+00:00,120.89600372314453,120.93199920654297,120.67400360107422,120.76200103759766
2025-12-10 16:00:00+00:00,120.76399993896484,120.93000030517578,120.55899810791016,120.78299713134766
2025-12-10 20:00:00+00:00,120.78600311279297,120.81800079345703,120.3219985961914,120.53500366210938
2025-12-11 00:00:00+00:00,120.52999877929688,120.57599639892578,120.25499725341797,120.31999969482422
2025-12-11 04:00:00+00:00,120.31800079345703,120.56800079345703,120.2509994506836,120.50299835205078
2025-12-11 08:00:00+00:00,120.50399780273438,120.53500366210938,120.36799621582031,120.41400146484375
2025-12-11 12:00:00+00:00,120.41300201416016,120.4469985961914,119.95500183105469,120.197998046875
2025-12-11 16:00:00+00:00,120.2040023803711,120.42400360107422,120.15799713134766,120.41999816894531
2025-12-11 20:00:00+00:00,120.41699981689453,120.47200012207031,120.15899658203125,120.38600158691406
2025-12-12 00:00:00+00:00,120.37100219726562,120.57599639892578,120.33999633789062,120.53800201416016
2025-12-12 04:00:00+00:00,120.53700256347656,120.67400360107422,120.47100067138672,120.55400085449219
2025-12-12 08:00:00+00:00,120.5530014038086,120.73300170898438,120.54199981689453,120.7030029296875
2025-12-12 12:00:00+00:00,120.7020034790039,120.84100341796875,120.5989990234375,120.6729965209961
2025-12-12 16:00:00+00:00,120.67400360107422,120.71700286865234,120.51200103759766,120.70600128173828
2025-12-12 20:00:00+00:00,120.70800018310547,120.71099853515625,120.4990005493164,120.5739974975586
2025-12-15 00:00:00+00:00,120.65399932861328,120.7239990234375,120.27100372314453,120.31700134277344
2025-12-15 04:00:00+00:00,120.3280029296875,120.33699798583984,120.06700134277344,120.31900024414062
2025-12-15 08:00:00+00:00,120.3219985961914,120.34100341796875,120.12300109863281,120.16999816894531
2025-12-15 12:00:00+00:00,120.16799926757812,120.4010009765625,120.14600372314453,120.39700317382812
2025-12-15 16:00:00+00:00,120.3949966430664,120.46099853515625,120.30400085449219,120.3489990234375
2025-12-15 20:00:00+00:00,120.35099792480469,120.41600036621094,120.13300323486328,120.19300079345703
2025-12-16 00:00:00+00:00,120.20800018310547,120.25499725341797,119.94200134277344,119.99700164794922
2025-12-16 04:00:00+00:00,120.00499725341797,120.07599639892578,119.85199737548828,120.03600311279297
2025-12-16 08:00:00+00:00,120.03800201416016,120.11399841308594,119.98400115966797,120.06300354003906
2025-12-16 12:00:00+00:00,120.06099700927734,120.23100280761719,119.81999969482422,120.11100006103516
2025-12-16 16:00:00+00:00,120.11100006103516,120.18399810791016,119.98400115966797,120.02200317382812
2025-12-16 20:00:00+00:00,120.02200317382812,120.11299896240234,119.74700164794922,120.05999755859375
2025-12-17 00:00:00+00:00,120.0469970703125,120.13800048828125,119.83399963378906,119.97699737548828
2025-12-17 04:00:00+00:00,119.9749984741211,120.2959976196289,119.9540023803711,120.25499725341797
2025-12-17 08:00:00+00:00,120.25299835205078,120.38200378417969,120.21900177001953,120.36599731445312
2025-12-17 12:00:00+00:00,120.375,120.53199768066406,120.3270034790039,120.4020004272461
2025-12-17 16:00:00+00:00,120.4020004272461,120.55599975585938,120.39800262451172,120.5270004272461
2025-12-17 20:00:00+00:00,120.52799987792969,120.61399841308594,120.2699966430664,120.41600036621094
2025-12-18 00:00:00+00:00,120.4010009765625,120.60399627685547,120.36399841308594,120.5530014038086
2025-12-18 04:00:00+00:00,120.54399871826172,120.76599884033203,120.51300048828125,120.73699951171875
2025-12-18 08:00:00+00:00,120.7490005493164,120.77999877929688,120.625,120.66400146484375
2025-12-18 12:00:00+00:00,120.65899658203125,120.70099639892578,120.23500061035156,120.55699920654297
2025-12-18 16:00:00+00:00,120.55500030517578,120.69300079345703,120.51799774169922,120.55799865722656
2025-12-18 20:00:00+00:00,120.56300354003906,120.63899993896484,120.20600128173828,120.59500122070312
2025-12-19 00:00:00+00:00,120.58100128173828,120.89199829101562,120.50299835205078,120.71399688720703
2025-12-19 04:00:00+00:00,120.71600341796875,121.26699829101562,120.6240005493164,121.25800323486328
2025-12-19 08:00:00+00:00,121.25800323486328,121.76899719238281,121.24199676513672,121.61699676513672
2025-12-19 12:00:00+00:00,121.68599700927734,121.86699676513672,121.4209976196289,121.7979965209961
2025-12-19 16:00:00+00:00,121.80799865722656,121.95600128173828,121.625,121.91799926757812
2025-12-19 20:00:00+00:00,121.91000366210938,122.01599884033203,121.70500183105469,122.00700378417969
2025-12-22 00:00:00+00:00,121.91799926757812,121.93900299072266,121.62300109863281,121.68299865722656
2025-12-22 04:00:00+00:00,121.68399810791016,122.0199966430664,121.6259994506836,121.95099639892578
2025-12-22 08:00:00+00:00,121.95099639892578,122.06300354003906,121.89199829101562,121.99500274658203
2025-12-22 12:00:00+00:00,121.99600219726562,122.01200103759766,121.6510009765625,121.82099914550781
2025-12-22 16:00:00+00:00,121.8219985961914,121.86299896240234,121.66500091552734,121.7770004272461
2025-12-22 20:00:00+00:00,121.7770004272461,121.91500091552734,121.55599975585938,121.79499816894531
2025-12-23 00:00:00+00:00,121.81099700927734,121.82099914550781,121.41200256347656,121.41300201416016
2025-12-23 04:00:00+00:00,121.41300201416016,121.41300201416016,121.14399719238281,121.30400085449219
2025-12-23 08:00:00+00:00,121.30400085449219,121.41300201416016,121.08000183105469,121.37000274658203
2025-12-23 12:00:00+00:00,121.36900329589844,121.66799926757812,121.29299926757812,121.625
2025-12-23 16:00:00+00:00,121.62000274658203,121.65299987792969,121.54499816894531,121.55899810791016
2025-12-23 20:00:00+00:00,121.55799865722656,121.6500015258789,121.125,121.53800201416016
2025-12-24 00:00:00+00:00,121.53199768066406,121.65499877929688,121.28600311279297,121.5009994506836
2025-12-24 04:00:00+00:00,121.5009994506836,121.5739974975586,121.29900360107422,121.36699676513672
2025-12-24 08:00:00+00:00,121.36799621582031,121.51599884033203,121.26799774169922,121.41600036621094
2025-12-24 12:00:00+00:00,121.41500091552734,121.52999877929688,121.2040023803711,121.31999969482422
2025-12-24 16:00:00+00:00,121.31900024414062,121.49700164794922,121.16899871826172,121.31300354003906
2025-12-24 20:00:00+00:00,121.31199645996094,121.52200317382812,121.22100067138672,121.26300048828125
2025-12-25 00:00:00+00:00,121.2509994506836,121.48799896240234,121.1259994506836,121.1760025024414
2025-12-25 04:00:00+00:00,121.177001953125,121.53399658203125,121.11699676513672,121.50299835205078
2025-12-25 16:00:00+00:00,121.41400146484375,121.41899871826172,121.3550033569336,121.3740005493164
2025-12-25 20:00:00+00:00,121.36599731445312,121.56400299072266,121.26399993896484,121.53900146484375
2025-12-26 00:00:00+00:00,121.54900360107422,121.80000305175781,121.48100280761719,121.48699951171875
2025-12-26 04:00:00+00:00,121.48500061035156,121.7760009765625,121.43499755859375,121.72899627685547
2025-12-26 08:00:00+00:00,121.72699737548828,121.80000305175781,121.69000244140625,121.78700256347656
2025-12-26 12:00:00+00:00,121.78900146484375,121.91899871826172,121.73899841308594,121.86299896240234
2025-12-26 16:00:00+00:00,121.86000061035156,121.95700073242188,121.78199768066406,121.87699890136719
2025-12-26 20:00:00+00:00,121.87799835205078,122.01499938964844,121.7020034790039,121.99199676513672
2025-12-29 00:00:00+00:00,121.86299896240234,121.86299896240234,121.55699920654297,121.76000213623047
2025-12-29 04:00:00+00:00,121.75199890136719,121.80599975585938,121.43399810791016,121.46600341796875
2025-12-29 08:00:00+00:00,121.4540023803711,121.6989974975586,121.44499969482422,121.67500305175781
2025-12-29 12:00:00+00:00,121.6760025024414,121.69100189208984,121.38099670410156,121.41600036621094
2025-12-29 16:00:00+00:00,121.41600036621094,121.5270004272461,121.38400268554688,121.42900085449219
2025-12-29 20:00:00+00:00,121.43000030517578,121.45800018310547,121.14600372314453,121.3759994506836
2025-12-30 00:00:00+00:00,121.35700225830078,121.625,121.2770004272461,121.56199645996094
2025-12-30 04:00:00+00:00,121.56500244140625,121.61699676513672,121.42900085449219,121.48200225830078
2025-12-30 08:00:00+00:00,121.48400115966797,121.61900329589844,121.39299774169922,121.53099822998047
2025-12-30 12:00:00+00:00,121.50800323486328,121.7979965209961,121.46499633789062,121.7020034790039
2025-12-30 16:00:00+00:00,121.70099639892578,121.86699676513672,121.6729965209961,121.85600280761719
2025-12-30 20:00:00+00:00,121.85199737548828,121.86399841308594,121.50299835205078,121.7770004272461
2025-12-31 00:00:00+00:00,121.76100158691406,121.89099884033203,121.70899963378906,121.87200164794922
2025-12-31 04:00:00+00:00,121.87300109863281,121.96600341796875,121.70600128173828,121.73600006103516
2025-12-31 08:00:00+00:00,121.72699737548828,121.8479995727539,121.6969985961914,121.83200073242188
2025-12-31 12:00:00+00:00,121.83000183105469,122.04900360107422,121.7969970703125,121.8759994506836
2025-12-31 16:00:00+00:00,121.86299896240234,121.95700073242188,121.79900360107422,121.86699676513672
2025-12-31 20:00:00+00:00,121.86799621582031,121.91799926757812,121.74299621582031,121.91000366210938
2026-01-01 16:00:00+00:00,121.88500213623047,122.10399627685547,121.88500213623047,122.10399627685547
2026-01-01 20:00:00+00:00,122.10399627685547,122.10399627685547,121.76799774169922,121.95500183105469
2026-01-02 00:00:00+00:00,121.9469985961914,122.0770034790039,121.84100341796875,122.06099700927734
2026-01-02 04:00:00+00:00,122.06199645996094,122.19100189208984,121.93099975585938,122.0270004272461
2026-01-02 08:00:00+00:00,122.0260009765625,122.13600158691406,121.88300323486328,121.9540023803711
2026-01-02 12:00:00+00:00,121.9530029296875,122.03299713134766,121.78700256347656,121.81099700927734
2026-01-02 16:00:00+00:00,121.80799865722656,121.98200225830078,121.78800201416016,121.93900299072266
2026-01-02 20:00:00+00:00,121.93800354003906,121.96199798583984,121.72799682617188,121.95600128173828
2026-01-05 00:00:00+00:00,121.8949966430664,122.08499908447266,121.83599853515625,122.01000213623047
2026-01-05 04:00:00+00:00,122.01100158691406,122.15699768066406,121.96399688720703,121.98799896240234
2026-01-05 08:00:00+00:00,121.98799896240234,122.01599884033203,121.5989990234375,121.69300079345703
2026-01-05 12:00:00+00:00,121.69400024414062,121.90699768066406,121.64900207519531,121.84200286865234
2026-01-05 16:00:00+00:00,121.84300231933594,121.86100006103516,121.67400360107422,121.802001953125
2026-01-05 20:00:00+00:00,121.80999755859375,122.0999984741211,121.64199829101562,122.08599853515625
2026-01-06 00:00:00+00:00,122.06400299072266,122.18399810791016,121.95600128173828,122.09200286865234
2026-01-06 04:00:00+00:00,122.09300231933594,122.2239990234375,122.03900146484375,122.16600036621094
2026-01-06 08:00:00+00:00,122.16300201416016,122.28700256347656,122.06199645996094,122.26399993896484
2026-01-06 12:00:00+00:00,122.26300048828125,122.35399627685547,122.16899871826172,122.3239974975586
2026-01-06 16:00:00+00:00,122.322998046875,122.45700073242188,122.30500030517578,122.32099914550781
2026-01-06 20:00:00+00:00,122.3219985961914,122.37799835205078,122.13300323486328,122.3280029296875
2026-01-07 00:00:00+00:00,122.31199645996094,122.40899658203125,122.19300079345703,122.23899841308594
2026-01-07 04:00:00+00:00,122.23500061035156,122.25299835205078,121.99299621582031,122.08699798583984
2026-01-07 08:00:00+00:00,122.08899688720703,122.18900299072266,122.01699829101562,122.13700103759766
2026-01-07 12:00:00+00:00,122.13500213623047,122.24400329589844,122.00399780273438,122.2249984741211
2026-01-07 16:00:00+00:00,122.2249984741211,122.28600311279297,122.14099884033203,122.23999786376953
2026-01-07 20:00:00+00:00,122.23999786376953,122.27899932861328,121.96600341796875,122.1729965209961
2026-01-08 00:00:00+00:00,122.15599822998047,122.26699829101562,122.072998046875,122.10600280761719
2026-01-08 04:00:00+00:00,122.10399627685547,122.11900329589844,121.87100219726562,121.88400268554688
2026-01-08 08:00:00+00:00,121.88500213623047,122.0999984741211,121.86299896240234,122.07499694824219
2026-01-08 12:00:00+00:00,122.0719985961914,122.2020034790039,121.96299743652344,122.06800079345703
2026-01-08 16:00:00+00:00,122.0719985961914,122.11499786376953,121.9489974975586,122.0989990234375
2026-01-08 20:00:00+00:00,122.09700012207031,122.13099670410156,121.8219985961914,122.0719985961914
2026-01-09 00:00:00+00:00,122.05500030517578,122.34400177001953,122.052001953125,122.3290023803711
2026-01-09 04:00:00+00:00,122.33200073242188,122.4530029296875,122.24500274658203,122.41200256347656
2026-01-09 08:00:00+00:00,122.41100311279297,122.58699798583984,122.4010009765625,122.48100280761719
2026-01-09 12:00:00+00:00,122.48300170898438,122.78800201416016,122.2770004272461,122.66899871826172
2026-01-09 16:00:00+00:00,122.66799926757812,122.83000183105469,122.64199829101562,122.68199920654297
2026-01-09 20:00:00+00:00,122.68099975585938,122.72799682617188,122.44400024414062,122.63999938964844
2026-01-12 00:00:00+00:00,122.8239974975586,122.87999725341797,122.5979995727539,122.87300109863281
2026-01-12 04:00:00+00:00,122.8740005493164,122.91699981689453,122.67400360107422,122.73999786376953
2026-01-12 08:00:00+00:00,122.73500061035156,122.79299926757812,122.61399841308594,122.75499725341797
2026-01-12 12:00:00+00:00,122.75399780273438,122.94999694824219,122.71800231933594,122.94200134277344
2026-01-12 16:00:00+00:00,122.94300079345703,123.04000091552734,122.91000366210938,123.02300262451172
2026-01-12 20:00:00+00:00,123.02200317382812,123.06900024414062,122.7249984741211,122.84700012207031
2026-01-13 00:00:00+00:00,122.86499786376953,123.45700073242188,122.85099792480469,123.44400024414062
2026-01-13 04:00:00+00:00,123.447998046875,123.50199890136719,123.29499816894531,123.49299621582031
2026-01-13 08:00:00+00:00,123.49199676513672,123.54299926757812,123.35600280761719,123.41100311279297
2026-01-13 12:00:00+00:00,123.41000366210938,123.51599884033203,122.97799682617188,123.3280029296875
2026-01-13 16:00:00+00:00,123.3280029296875,123.47899627685547,123.31400299072266,123.4540023803711
2026-01-13 20:00:00+00:00,123.4530029296875,123.5250015258789,123.26499938964844,123.48899841308594
2026-01-14 00:00:00+00:00,123.49800109863281,123.64099884033203,123.41500091552734,123.59100341796875
2026-01-14 04:00:00+00:00,123.59300231933594,123.68299865722656,123.52200317382812,123.58399963378906
2026-01-14 08:00:00+00:00,123.58200073242188,123.58200073242188,123.12799835205078,123.22699737548828
2026-01-14 12:00:00+00:00,123.22799682617188,123.24500274658203,122.85099792480469,122.86900329589844
2026-01-14 16:00:00+00:00,122.86699676513672,123.0510025024414,122.8290023803711,123.04000091552734
2026-01-14 20:00:00+00:00,123.04100036621094,123.14600372314453,122.73200225830078,123.01699829101562
2026-01-15 00:00:00+00:00,123.02100372314453,123.12799835205078,122.8949966430664,123.05400085449219
2026-01-15 04:00:00+00:00,123.05400085449219,123.16000366210938,122.97000122070312,123.06099700927734
2026-01-15 08:00:00+00:00,123.05999755859375,123.21900177001953,122.96499633789062,123.14299774169922
2026-01-15 12:00:00+00:00,123.14399719238281,123.25700378417969,122.99800109863281,123.03700256347656
2026-01-15 16:00:00+00:00,123.03900146484375,123.11499786376953,122.98799896240234,123.08599853515625
2026-01-15 20:00:00+00:00,123.08999633789062,123.20500183105469,122.86499786376953,123.11900329589844
2026-01-16 00:00:00+00:00,123.11799621582031,123.177001953125,122.68800354003906,122.81099700927734
2026-01-16 04:00:00+00:00,122.81099700927734,123.00299835205078,122.76300048828125,122.79399871826172
2026-01-16 08:00:00+00:00,122.79900360107422,122.86499786376953,122.71199798583984,122.77899932861328
2026-01-16 12:00:00+00:00,122.77899932861328,122.83100128173828,122.54499816894531,122.56800079345703
2026-01-16 16:00:00+00:00,122.56800079345703,122.7300033569336,122.51899719238281,122.66500091552734
2026-01-16 20:00:00+00:00,122.66799926757812,122.68599700927734,122.48899841308594,122.63999938964844
2026-01-19 00:00:00+00:00,122.41999816894531,122.76599884033203,122.38200378417969,122.74299621582031
2026-01-19 04:00:00+00:00,122.74099731445312,122.91999816894531,122.66899871826172,122.88800048828125
2026-01-19 08:00:00+00:00,122.88999938964844,123.00599670410156,122.75499725341797,122.95500183105469
2026-01-19 12:00:00+00:00,122.95700073242188,123.02400207519531,122.84300231933594,123.00800323486328
2026-01-19 16:00:00+00:00,123.00900268554688,123.0739974975586,122.9260025024414,123.00800323486328
2026-01-19 20:00:00+00:00,123.01499938964844,123.10900115966797,122.76699829101562,123.05999755859375
2026-01-20 00:00:00+00:00,123.0459976196289,123.11199951171875,122.8239974975586,122.91600036621094
2026-01-20 04:00:00+00:00,122.91500091552734,123.37999725341797,122.822998046875,123.33000183105469
2026-01-20 08:00:00+00:00,123.33200073242188,123.34300231933594,122.86599731445312,123.0260009765625
2026-01-20 12:00:00+00:00,123.0270004272461,123.20899963378906,122.83000183105469,123.04499816894531
2026-01-20 16:00:00+00:00,123.0479965209961,123.2030029296875,123.01499938964844,123.19599914550781
2026-01-20 20:00:00+00:00,123.19599914550781,123.24800109863281,122.93199920654297,123.18399810791016
2026-01-21 00:00:00+00:00,123.16999816894531,123.24600219726562,122.99099731445312,123.10299682617188
2026-01-21 04:00:00+00:00,123.1050033569336,123.24800109863281,123.0009994506836,123.02999877929688
2026-01-21 08:00:00+00:00,123.03199768066406,123.1510009765625,122.9469985961914,123.05799865722656
2026-01-21 12:00:00+00:00,123.05799865722656,123.3270034790039,122.99500274658203,123.26300048828125
2026-01-21 16:00:00+00:00,123.26899719238281,123.322998046875,123.12999725341797,123.28500366210938
2026-01-21 20:00:00+00:00,123.28600311279297,123.31700134277344,123.00299835205078,123.27100372314453
2026-01-22 00:00:00+00:00,123.26399993896484,123.51399993896484,123.1510009765625,123.48600006103516
2026-01-22 04:00:00+00:00,123.48300170898438,123.71299743652344,123.48100280761719,123.65899658203125
2026-01-22 08:00:00+00:00,123.65599822998047,123.697998046875,123.51599884033203,123.5469970703125
2026-01-22 12:00:00+00:00,123.5459976196289,123.75,123.51399993896484,123.58200073242188
2026-01-22 16:00:00+00:00,123.57599639892578,123.69999694824219,123.5009994506836,123.64900207519531
2026-01-22 20:00:00+00:00,123.6500015258789,123.78700256347656,123.31700134277344,123.76899719238281
2026-01-23 00:00:00+00:00,123.75499725341797,123.98799896240234,123.6969985961914,123.9489974975586
2026-01-23 04:00:00+00:00,123.95099639892578,124.43099975585938,123.0459976196289,123.79100036621094
2026-01-23 08:00:00+00:00,123.79100036621094,123.86199951171875,123.4530029296875,123.60600280761719
2026-01-23 12:00:00+00:00,123.61000061035156,123.85800170898438,123.572998046875,123.77799987792969
2026-01-23 16:00:00+00:00,123.7770004272461,123.8290023803711,122.30400085449219,122.47000122070312
2026-01-23 20:00:00+00:00,122.47100067138672,122.53800201416016,122.13899993896484,122.43099975585938
2026-01-26 00:00:00+00:00,122.03099822998047,122.16100311279297,121.3489990234375,121.46399688720703
2026-01-26 04:00:00+00:00,121.45999908447266,121.7030029296875,121.18800354003906,121.40799713134766
2026-01-26 08:00:00+00:00,121.4020004272461,121.49700164794922,120.83200073242188,121.11499786376953
2026-01-26 12:00:00+00:00,121.11399841308594,121.41300201416016,121.11199951171875,121.25499725341797
2026-01-26 16:00:00+00:00,121.25700378417969,121.47699737548828,121.19499969482422,121.30400085449219
2026-01-26 20:00:00+00:00,121.30799865722656,121.51100158691406,121.13099670410156,121.4729995727539
2026-01-27 00:00:00+00:00,121.4739990234375,121.70500183105469,121.31600189208984,121.62699890136719
2026-01-27 04:00:00+00:00,121.62899780273438,121.97699737548828,121.62699890136719,121.96399688720703
2026-01-27 08:00:00+00:00,121.96399688720703,121.98100280761719,120.93000030517578,121.35900115966797
2026-01-27 12:00:00+00:00,121.35900115966797,121.41600036621094,120.927001953125,121.21199798583984
2026-01-27 16:00:00+00:00,121.21299743652344,121.23500061035156,120.83999633789062,120.9260025024414
2026-01-27 20:00:00+00:00,120.92900085449219,121.02799987792969,120.4260025024414,120.89199829101562
2026-01-28 00:00:00+00:00,120.94200134277344,121.2770004272461,120.85800170898438,121.09100341796875
2026-01-28 04:00:00+00:00,121.08999633789062,121.21099853515625,120.95500183105469,121.09500122070312
2026-01-28 08:00:00+00:00,121.09200286865234,121.16300201416016,120.875,120.93800354003906
2026-01-28 12:00:00+00:00,120.93900299072266,121.59300231933594,120.82499694824219,121.4280014038086
2026-01-28 16:00:00+00:00,121.42400360107422,121.72699737548828,121.41100311279297,121.50499725341797
2026-01-28 20:00:00+00:00,121.50800323486328,121.55500030517578,121.20999908447266,121.3550033569336
2026-01-29 00:00:00+00:00,121.33399963378906,121.38600158691406,121.13899993896484,121.1709976196289
2026-01-29 04:00:00+00:00,121.1729965209961,121.47200012207031,121.14700317382812,121.37899780273438
2026-01-29 08:00:00+00:00,121.38700103759766,121.41100311279297,121.20500183105469,121.28399658203125
2026-01-29 12:00:00+00:00,121.28299713134766,121.31099700927734,120.47699737548828,120.60299682617188
2026-01-29 16:00:00+00:00,120.60199737548828,121.05799865722656,120.59700012207031,120.98400115966797
2026-01-29 20:00:00+00:00,120.98300170898438,121.19100189208984,120.74600219726562,121.16400146484375
2026-01-30 00:00:00+00:00,121.13999938964844,121.51000213623047,121.11499786376953,121.5
2026-01-30 04:00:00+00:00,121.5,121.61399841308594,121.30899810791016,121.4229965209961
2026-01-30 08:00:00+00:00,121.41600036621094,121.6510009765625,121.28199768066406,121.48300170898438
2026-01-30 12:00:00+00:00,121.48600006103516,121.92500305175781,121.33999633789062,121.875
2026-02-02 16:00:00+00:00,122.27799987792969,122.36000061035156,122.26599884033203,122.28600311279297
2026-02-02 20:00:00+00:00,122.27300262451172,122.3489990234375,122.01799774169922,122.2490005493164
2026-02-03 00:00:00+00:00,122.24099731445312,122.43599700927734,122.22899627685547,122.38700103759766
2026-02-03 04:00:00+00:00,122.38500213623047,122.5469970703125,122.29100036621094,122.50599670410156
2026-02-03 08:00:00+00:00,122.50299835205078,122.7030029296875,122.4540023803711,122.66100311279297
2026-02-03 12:00:00+00:00,122.66400146484375,122.72100067138672,122.5260009765625,122.63200378417969
2026-02-03 16:00:00+00:00,122.63200378417969,122.70700073242188,122.47799682617188,122.61199951171875
2026-02-03 20:00:00+00:00,122.61399841308594,122.7020034790039,122.35099792480469,122.6449966430664
2026-02-04 00:00:00+00:00,122.65699768066406,123.05500030517578,122.6449966430664,122.97100067138672
2026-02-04 04:00:00+00:00,122.98100280761719,123.16799926757812,122.92500305175781,123.1259994506836
2026-02-04 08:00:00+00:00,123.1259994506836,123.27100372314453,123.05799865722656,123.27100372314453
2026-02-04 12:00:00+00:00,123.27300262451172,123.28800201416016,122.88999938964844,123.09200286865234
2026-02-04 16:00:00+00:00,123.09200286865234,123.26599884033203,122.93699645996094,123.23200225830078
2026-02-04 20:00:00+00:00,123.2300033569336,123.322998046875,122.9229965209961,123.23699951171875
2026-02-05 00:00:00+00:00,123.23999786376953,123.33300018310547,122.91400146484375,123.02799987792969
2026-02-05 04:00:00+00:00,123.02899932861328,123.43900299072266,122.99199676513672,123.34600067138672
2026-02-05 08:00:00+00:00,123.34600067138672,123.45600128173828,123.27300262451172,123.38200378417969
2026-02-05 12:00:00+00:00,123.38300323486328,123.44100189208984,122.86900329589844,123.0979995727539
2026-02-05 16:00:00+00:00,123.09600067138672,123.29499816894531,123.03900146484375,123.12899780273438
2026-02-05 20:00:00+00:00,123.12799835205078,123.23699951171875,122.83200073242188,122.89700317382812
2026-02-06 00:00:00+00:00,122.89800262451172,123.09600067138672,122.68199920654297,122.99800109863281
2026-02-06 04:00:00+00:00,122.99299621582031,123.20500183105469,122.94499969482422,123.1259994506836
2026-02-06 08:00:00+00:00,123.10800170898438,123.37300109863281,123.0530014038086,123.31999969482422
2026-02-06 12:00:00+00:00,123.31800079345703,123.50900268554688,123.27200317382812,123.35900115966797
2026-02-06 16:00:00+00:00,123.35600280761719,123.59700012207031,123.3550033569336,123.55999755859375
2026-02-06 20:00:00+00:00,123.56099700927734,123.68199920654297,123.35900115966797,123.68199920654297
2026-02-09 00:00:00+00:00,123.68499755859375,123.71499633789062,123.00599670410156,123.38300323486328
2026-02-09 04:00:00+00:00,123.38300323486328,123.44200134277344,123.16200256347656,123.41699981689453
2026-02-09 08:00:00+00:00,123.41799926757812,123.52899932861328,123.26599884033203,123.29900360107422
2026-02-09 12:00:00+00:00,123.30400085449219,123.4020004272461,122.83799743652344,123.1510009765625
2026-02-09 16:00:00+00:00,123.1500015258789,123.31199645996094,123.02300262451172,123.08899688720703
2026-02-09 20:00:00+00:00,123.09500122070312,123.34300231933594,122.94200134277344,123.3290023803711
2026-02-10 00:00:00+00:00,123.31099700927734,123.39900207519531,122.66799926757812,122.802001953125
2026-02-10 04:00:00+00:00,122.7979965209961,122.9469985961914,122.60800170898438,122.93099975585938
2026-02-10 08:00:00+00:00,122.93099975585938,122.97699737548828,122.5459976196289,122.6240005493164
2026-02-10 12:00:00+00:00,122.62300109863281,122.6520004272461,121.9020004272461,121.98500061035156
2026-02-10 16:00:00+00:00,121.98699951171875,122.1510009765625,121.86000061035156,122.01399993896484
2026-02-10 20:00:00+00:00,122.01200103759766,122.12300109863281,121.8010025024414,122.06800079345703
2026-02-11 00:00:00+00:00,122.0719985961914,122.08799743652344,121.54399871826172,121.552001953125
2026-02-11 04:00:00+00:00,121.552001953125,121.58599853515625,121.06900024414062,121.23699951171875
2026-02-11 08:00:00+00:00,121.24199676513672,121.62799835205078,121.19000244140625,121.58599853515625
2026-02-11 12:00:00+00:00,121.59200286865234,122.08000183105469,120.9010009765625,121.56500244140625
2026-02-11 16:00:00+00:00,121.56400299072266,121.5989990234375,120.98600006103516,121.24400329589844
2026-02-11 20:00:00+00:00,121.24600219726562,121.4800033569336,120.98899841308594,121.41600036621094
2026-02-12 00:00:00+00:00,121.40499877929688,121.51599884033203,120.69100189208984,120.8759994506836
2026-02-12 04:00:00+00:00,120.87300109863281,121.48400115966797,120.79299926757812,121.20899963378906
2026-02-12 08:00:00+00:00,121.20899963378906,121.61399841308594,121.04499816894531,121.5739974975586
2026-02-12 12:00:00+00:00,121.56800079345703,121.80400085449219,121.03700256347656,121.04000091552734
2026-02-12 16:00:00+00:00,121.03800201416016,121.16200256347656,120.67900085449219,121.08599853515625
2026-02-12 20:00:00+00:00,121.08799743652344,121.11900329589844,120.73999786376953,120.98999786376953
2026-02-13 00:00:00+00:00,121.00399780273438,121.36399841308594,120.93299865722656,121.06400299072266
2026-02-13 04:00:00+00:00,121.06500244140625,121.41600036621094,120.98300170898438,121.34100341796875
2026-02-13 08:00:00+00:00,121.33999633789062,121.58699798583984,121.19300079345703,121.28900146484375
2026-02-13 12:00:00+00:00,121.28900146484375,121.34300231933594,120.91799926757812,121.12799835205078
2026-02-13 16:00:00+00:00,121.12000274658203,121.2020034790039,120.88999938964844,120.97699737548828
2026-02-13 20:00:00+00:00,120.97699737548828,121.0469970703125,120.71900177001953,120.99199676513672
2026-02-16 00:00:00+00:00,120.9800033569336,121.32599639892578,120.94999694824219,121.29499816894531
2026-02-16 04:00:00+00:00,121.28900146484375,121.55000305175781,121.2239990234375,121.50499725341797
2026-02-16 08:00:00+00:00,121.50800323486328,121.74299621582031,121.44300079345703,121.51599884033203
2026-02-16 12:00:00+00:00,121.51899719238281,121.552001953125,121.39700317382812,121.51100158691406
2026-02-16 16:00:00+00:00,121.51000213623047,121.61199951171875,121.44599914550781,121.54100036621094
2026-02-16 20:00:00+00:00,121.5469970703125,121.75800323486328,121.27899932861328,121.61000061035156
2026-02-17 00:00:00+00:00,121.5999984741211,121.62999725341797,121.16400146484375,121.26799774169922
2026-02-17 04:00:00+00:00,121.26799774169922,121.31700134277344,121.0260009765625,121.18099975585938
2026-02-17 08:00:00+00:00,121.18199920654297,121.27200317382812,120.97899627685547,121.19100189208984
2026-02-17 12:00:00+00:00,121.19100189208984,121.5989990234375,121.0739974975586,121.51399993896484
2026-02-17 16:00:00+00:00,121.51300048828125,121.56700134277344,121.30999755859375,121.33000183105469
2026-02-17 20:00:00+00:00,121.33100128173828,121.42400360107422,121.0770034790039,121.26300048828125
2026-02-18 00:00:00+00:00,121.24600219726562,121.61599731445312,121.21099853515625,121.53700256347656
2026-02-18 04:00:00+00:00,121.53700256347656,121.57499694824219,121.41600036621094,121.54299926757812
2026-02-18 08:00:00+00:00,121.54299926757812,121.70600128173828,121.48999786376953,121.58699798583984
2026-02-18 12:00:00+00:00,121.57499694824219,122.00399780273438,121.48400115966797,121.93399810791016
2026-02-18 16:00:00+00:00,121.93199920654297,122.177001953125,121.85399627685547,122.05599975585938
2026-02-18 20:00:00+00:00,122.05699920654297,122.20500183105469,121.90799713134766,122.06900024414062
2026-02-19 00:00:00+00:00,122.06300354003906,122.45899963378906,122.0,122.37300109863281
2026-02-19 04:00:00+00:00,122.37300109863281,122.51000213623047,122.28399658203125,122.31099700927734
2026-02-19 08:00:00+00:00,122.30999755859375,122.3270034790039,121.90299987792969,121.9530029296875
2026-02-19 12:00:00+00:00,121.95099639892578,122.33000183105469,121.86799621582031,122.18199920654297
2026-02-19 16:00:00+00:00,122.18399810791016,122.2300033569336,122.08100128173828,122.20600128173828
2026-02-19 20:00:00+00:00,122.20600128173828,122.35299682617188,121.93099975585938,122.2969970703125
2026-02-20 00:00:00+00:00,122.31800079345703,122.39199829101562,122.14299774169922,122.21800231933594
2026-02-20 04:00:00+00:00,122.22000122070312,122.48500061035156,122.13600158691406,122.46499633789062
2026-02-20 08:00:00+00:00,122.4540023803711,122.62799835205078,122.25599670410156,122.322998046875
2026-02-20 12:00:00+00:00,122.31400299072266,122.58399963378906,122.16600036621094,122.22200012207031
2026-02-20 16:00:00+00:00,122.2239990234375,122.45899963378906,122.18199920654297,122.4229965209961
2026-02-20 20:00:00+00:00,122.42500305175781,122.4469985961914,122.15299987792969,122.37899780273438
2026-02-23 00:00:00+00:00,122.07499694824219,122.14900207519531,121.83200073242188,121.96800231933594
2026-02-23 04:00:00+00:00,121.96800231933594,122.25,121.91300201416016,122.16699981689453
2026-02-23 08:00:00+00:00,122.16899871826172,122.36699676513672,122.15799713134766,122.322998046875
2026-02-23 12:00:00+00:00,122.32499694824219,122.37000274658203,121.93000030517578,121.97100067138672
2026-02-23 16:00:00+00:00,121.97000122070312,122.1240005493164,121.84500122070312,122.05999755859375
2026-02-23 20:00:00+00:00,122.06099700927734,122.17500305175781,121.8479995727539,122.12999725341797
2026-02-24 00:00:00+00:00,122.11599731445312,122.38999938964844,122.0989990234375,122.38500213623047
2026-02-24 04:00:00+00:00,122.37799835205078,123.177001953125,122.31199645996094,123.14199829101562
2026-02-24 08:00:00+00:00,123.14199829101562,123.30500030517578,122.91200256347656,123.04399871826172
2026-02-24 12:00:00+00:00,123.03800201416016,123.12300109863281,122.9209976196289,123.01399993896484
2026-02-24 16:00:00+00:00,123.01699829101562,123.03500366210938,122.86499786376953,122.96499633789062
2026-02-24 20:00:00+00:00,122.96499633789062,123.08100128173828,122.74800109863281,123.03600311279297
2026-02-25 00:00:00+00:00,123.03600311279297,123.26799774169922,122.78600311279297,123.11599731445312
2026-02-25 04:00:00+00:00,123.11699676513672,123.3010025024414,123.0199966430664,123.28199768066406
2026-02-25 08:00:00+00:00,123.28299713134766,123.86199951171875,123.27300262451172,123.83699798583984
2026-02-25 12:00:00+00:00,123.83799743652344,123.91600036621094,123.6719970703125,123.72799682617188
2026-02-25 16:00:00+00:00,123.7229995727539,123.87699890136719,123.63600158691406,123.81199645996094
2026-02-25 20:00:00+00:00,123.81300354003906,123.83799743652344,123.54000091552734,123.64900207519531
2026-02-26 00:00:00+00:00,123.63899993896484,123.6969985961914,123.35700225830078,123.42900085449219
2026-02-26 04:00:00+00:00,123.42900085449219,123.65399932861328,123.38999938964844,123.55500030517578
2026-02-26 08:00:00+00:00,123.5530014038086,123.58999633789062,123.38600158691406,123.49600219726562
2026-02-26 12:00:00+00:00,123.49700164794922,123.61900329589844,123.24800109863281,123.44100189208984
2026-02-26 16:00:00+00:00,123.44200134277344,123.64099884033203,123.43099975585938,123.50599670410156
2026-02-26 20:00:00+00:00,123.50499725341797,123.552001953125,123.3010025024414,123.34600067138672
2026-02-27 00:00:00+00:00,123.3239974975586,123.39199829101562,123.06900024414062,123.26200103759766
2026-02-27 04:00:00+00:00,123.26399993896484,123.45099639892578,123.12000274658203,123.40499877929688
2026-02-27 08:00:00+00:00,123.40399932861328,123.45600128173828,123.10900115966797,123.15399932861328
2026-02-27 12:00:00+00:00,123.15799713134766,123.47100067138672,123.10700225830078,123.37799835205078
2026-02-27 16:00:00+00:00,123.37699890136719,123.4489974975586,123.27400207519531,123.36000061035156
2026-02-27 20:00:00+00:00,123.36100006103516,123.4729995727539,123.1780014038086,123.36000061035156
2026-03-02 00:00:00+00:00,123.33699798583984,123.50900268554688,123.22000122070312,123.3489990234375
2026-03-02 04:00:00+00:00,123.3479995727539,123.5739974975586,123.28500366210938,123.37000274658203
2026-03-02 08:00:00+00:00,123.37000274658203,123.5009994506836,123.33100128173828,123.43800354003906
2026-03-02 12:00:00+00:00,123.43900299072266,123.78399658203125,123.43099975585938,123.64199829101562
2026-03-02 16:00:00+00:00,123.64199829101562,123.64900207519531,123.4209976196289,123.54399871826172
2026-03-02 20:00:00+00:00,123.54100036621094,123.5999984741211,123.28399658203125,123.55599975585938
2026-03-03 00:00:00+00:00,123.55599975585938,123.87300109863281,123.49199676513672,123.57599639892578
2026-03-03 04:00:00+00:00,123.5780029296875,123.63300323486328,123.2750015258789,123.3479995727539
2026-03-03 08:00:00+00:00,123.34600067138672,123.4749984741211,123.23600006103516,123.30000305175781
2026-03-03 12:00:00+00:00,123.30000305175781,123.4209976196289,122.93699645996094,123.23600006103516
2026-03-03 16:00:00+00:00,123.23600006103516,123.52100372314453,123.22599792480469,123.46499633789062
2026-03-03 20:00:00+00:00,123.45999908447266,123.5459976196289,123.11499786376953,123.54100036621094
2026-03-04 00:00:00+00:00,123.5199966430664,123.55000305175781,123.14600372314453,123.19400024414062
2026-03-04 04:00:00+00:00,123.1969985961914,123.34100341796875,122.96299743652344,123.302001953125
2026-03-04 08:00:00+00:00,123.3030014038086,123.38800048828125,123.05400085449219,123.27799987792969
2026-03-04 12:00:00+00:00,123.27999877929688,123.35600280761719,123.08000183105469,123.197998046875
2026-03-04 16:00:00+00:00,123.2020034790039,123.23400115966797,123.01300048828125,123.19999694824219
2026-03-04 20:00:00+00:00,123.1989974975586,123.24400329589844,122.86599731445312,123.1259994506836
2026-03-05 00:00:00+00:00,123.1240005493164,123.1240005493164,122.79199981689453,122.97000122070312
2026-03-05 04:00:00+00:00,122.97100067138672,123.11000061035156,122.88500213623047,123.1050033569336
2026-03-05 08:00:00+00:00,123.11100006103516,123.23999786376953,122.9280014038086,123.21199798583984
2026-03-05 12:00:00+00:00,123.21199798583984,123.38899993896484,123.13500213623047,123.23200225830078
2026-03-05 16:00:00+00:00,123.22000122070312,123.2300033569336,122.8489990234375,122.93299865722656
2026-03-05 20:00:00+00:00,122.9280014038086,123.20600128173828,122.7020034790039,123.0479965209961
2026-03-06 00:00:00+00:00,123.052001953125,123.27200317382812,122.96099853515625,123.25700378417969
2026-03-06 04:00:00+00:00,123.25599670410156,123.49299621582031,123.22200012207031,123.3270034790039
2026-03-06 08:00:00+00:00,123.3290023803711,123.36100006103516,123.21399688720703,123.23899841308594
2026-03-06 12:00:00+00:00,123.23799896240234,123.33200073242188,122.73400115966797,123.13899993896484
2026-03-06 16:00:00+00:00,123.13700103759766,123.41600036621094,123.13400268554688,123.41500091552734
2026-03-06 20:00:00+00:00,123.41500091552734,123.48500061035156,123.16899871826172,123.33399963378906
2026-03-09 00:00:00+00:00,123.31800079345703,123.7969970703125,123.24400329589844,123.7760009765625
2026-03-09 04:00:00+00:00,123.7750015258789,123.83799743652344,123.58300018310547,123.72799682617188
2026-03-09 08:00:00+00:00,123.72799682617188,123.81600189208984,123.6240005493164,123.7509994506836
2026-03-09 12:00:00+00:00,123.75199890136719,123.875,123.69300079345703,123.73400115966797
2026-03-09 16:00:00+00:00,123.73300170898438,123.91400146484375,123.66500091552734,123.76699829101562
2026-03-09 20:00:00+00:00,123.76499938964844,123.87300109863281,123.47100067138672,123.76399993896484
2026-03-10 00:00:00+00:00,123.77200317382812,123.83300018310547,123.54900360107422,123.71600341796875
2026-03-10 04:00:00+00:00,123.71800231933594,123.8290023803711,123.65399932861328,123.7490005493164
2026-03-10 08:00:00+00:00,123.7490005493164,124.08100128173828,123.73500061035156,124.04299926757812
2026-03-10 12:00:00+00:00,124.04000091552734,124.12200164794922,123.94999694824219,124.02400207519531
2026-03-10 16:00:00+00:00,124.0260009765625,124.13300323486328,123.95999908447266,124.09600067138672
2026-03-10 20:00:00+00:00,124.09500122070312,124.1989974975586,123.9229965209961,124.16899871826172
2026-03-11 00:00:00+00:00,124.15699768066406,124.51000213623047,124.12799835205078,124.43599700927734
2026-03-11 04:00:00+00:00,124.43499755859375,124.49199676513672,124.22699737548828,124.34500122070312
2026-03-11 08:00:00+00:00,124.34400177001953,124.50700378417969,124.32099914550781,124.4749984741211
2026-03-11 12:00:00+00:00,124.48200225830078,124.70500183105469,124.30400085449219,124.62899780273438
2026-03-11 16:00:00+00:00,124.62899780273438,124.77200317382812,124.59400177001953,124.75599670410156
2026-03-11 20:00:00+00:00,124.75700378417969,124.77300262451172,124.427001953125,124.63099670410156
2026-03-12 00:00:00+00:00,124.69100189208984,124.76200103759766,124.56199645996094,124.5989990234375
2026-03-12 04:00:00+00:00,124.59500122070312,124.697998046875,124.50900268554688,124.52200317382812
2026-03-12 08:00:00+00:00,124.5250015258789,124.57599639892578,124.41799926757812,124.45800018310547
2026-03-12 12:00:00+00:00,124.45700073242188,124.58399963378906,124.41899871826172,124.56400299072266
2026-03-12 16:00:00+00:00,124.56300354003906,124.66400146484375,124.53900146484375,124.572998046875
2026-03-12 20:00:00+00:00,124.5739974975586,124.7229995727539,124.41500091552734,124.50599670410156
2026-03-13 00:00:00+00:00,124.5250015258789,124.65599822998047,124.39099884033203,124.59500122070312
2026-03-13 04:00:00+00:00,124.59500122070312,124.75900268554688,124.38999938964844,124.4229965209961
2026-03-13 08:00:00+00:00,124.42400360107422,124.5479965209961,124.30999755859375,124.4739990234375
2026-03-13 12:00:00+00:00,124.4739990234375,124.55699920654297,124.33200073242188,124.3740005493164
2026-03-13 16:00:00+00:00,124.375,124.49299621582031,124.35700225830078,124.36599731445312
2026-03-13 20:00:00+00:00,124.36299896240234,124.61299896240234,124.24800109863281,124.4280014038086
2026-03-16 00:00:00+00:00,124.38600158691406,124.56800079345703,124.28600311279297,124.48200225830078
2026-03-16 04:00:00+00:00,124.48200225830078,124.55899810791016,124.18900299072266,124.23699951171875
2026-03-16 08:00:00+00:00,124.23699951171875,124.50199890136719,124.22000122070312,124.4020004272461
2026-03-16 12:00:00+00:00,124.4010009765625,124.5459976196289,124.31999969482422,124.51300048828125
2026-03-16 16:00:00+00:00,124.51200103759766,124.58899688720703,124.42400360107422,124.56700134277344
2026-03-16 20:00:00+00:00,124.56700134277344,124.58399963378906,124.12100219726562,124.45800018310547
2026-03-17 00:00:00+00:00,124.46700286865234,124.71399688720703,124.44100189208984,124.59400177001953
2026-03-17 04:00:00+00:00,124.58699798583984,124.63800048828125,124.49199676513672,124.50900268554688
2026-03-17 08:00:00+00:00,124.51300048828125,124.55699920654297,124.40599822998047,124.48699951171875
2026-03-17 12:00:00+00:00,124.48500061035156,124.56199645996094,124.35700225830078,124.5199966430664
2026-03-17 16:00:00+00:00,124.51899719238281,124.61900329589844,124.43599700927734,124.58300018310547
2026-03-17 20:00:00+00:00,124.58499908447266,124.61699676513672,124.3499984741211,124.51100158691406
2026-03-18 00:00:00+00:00,124.51300048828125,124.66000366210938,124.44400024414062,124.51200103759766
2026-03-18 04:00:00+00:00,124.51100158691406,124.53800201416016,124.30000305175781,124.36100006103516
2026-03-18 08:00:00+00:00,124.36000061035156,124.59200286865234,124.3550033569336,124.5
2026-03-18 12:00:00+00:00,124.5,124.66400146484375,124.39800262451172,124.61599731445312
2026-03-18 16:00:00+00:00,124.61599731445312,124.64099884033203,124.40299987792969,124.572998046875
2026-03-18 20:00:00+00:00,124.5770034790039,124.59700012207031,124.33999633789062,124.50499725341797
2026-03-19 00:00:00+00:00,124.49700164794922,124.62200164794922,124.44400024414062,124.4520034790039
2026-03-19 04:00:00+00:00,124.4520034790039,124.5250015258789,124.04000091552734,124.06500244140625
2026-03-19 08:00:00+00:00,124.06800079345703,124.1760025024414,123.92500305175781,123.98699951171875
2026-03-19 12:00:00+00:00,123.98600006103516,124.02799987792969,123.41200256347656,123.48799896240234
2026-03-19 16:00:00+00:00,123.48600006103516,123.53500366210938,123.34700012207031,123.41000366210938
2026-03-19 20:00:00+00:00,123.41899871826172,123.62200164794922,123.18599700927734,123.55999755859375
2026-03-20 00:00:00+00:00,123.56500244140625,123.80799865722656,123.4739990234375,123.75700378417969
2026-03-20 04:00:00+00:00,123.75700378417969,123.88800048828125,123.6989974975586,123.81999969482422
2026-03-20 08:00:00+00:00,123.82099914550781,124.07099914550781,123.7959976196289,123.99099731445312
2026-03-20 12:00:00+00:00,123.99099731445312,124.197998046875,123.96600341796875,124.1760025024414
2026-03-20 16:00:00+00:00,124.177001953125,124.3270034790039,124.15399932861328,124.21199798583984
2026-03-20 20:00:00+00:00,124.21499633789062,124.25199890136719,124.072998046875,124.1719970703125
2026-03-23 00:00:00+00:00,124.13800048828125,124.36499786376953,124.03800201416016,124.26300048828125
2026-03-23 04:00:00+00:00,124.26200103759766,124.33100128173828,124.16600036621094,124.2979965209961
2026-03-23 08:00:00+00:00,124.2959976196289,124.37100219726562,123.94000244140625,124.22100067138672
2026-03-23 12:00:00+00:00,124.21499633789062,124.37200164794922,124.11100006103516,124.21800231933594
2026-03-23 16:00:00+00:00,124.21499633789062,124.3010025024414,124.0469970703125,124.25299835205078
2026-03-23 20:00:00+00:00,124.25199890136719,124.35900115966797,124.0739974975586,124.25700378417969
2026-03-24 00:00:00+00:00,124.25800323486328,124.28399658203125,123.99800109863281,124.08200073242188
2026-03-24 04:00:00+00:00,124.08200073242188,124.14199829101562,123.99299621582031,124.04100036621094
2026-03-24 08:00:00+00:00,124.04199981689453,124.12200164794922,123.93699645996094,124.0739974975586
2026-03-24 12:00:00+00:00,124.07499694824219,124.14900207519531,124.0,124.14900207519531
2026-03-24 16:00:00+00:00,124.14199829101562,124.25599670410156,124.09700012207031,124.21299743652344
2026-03-24 20:00:00+00:00,124.21399688720703,124.2509994506836,123.96199798583984,124.21900177001953
2026-03-25 00:00:00+00:00,124.21499633789062,124.31800079345703,124.14199829101562,124.16899871826172
2026-03-25 04:00:00+00:00,124.16999816894531,124.33000183105469,124.14700317382812,124.31300354003906
2026-03-25 08:00:00+00:00,124.31199645996094,124.33200073242188,124.09600067138672,124.23999786376953
2026-03-25 12:00:00+00:00,124.23999786376953,124.37200164794922,124.21299743652344,124.34400177001953
2026-03-25 16:00:00+00:00,124.34300231933594,124.48400115966797,124.2770004272461,124.4540023803711
2026-03-25 20:00:00+00:00,124.45099639892578,124.49800109863281,124.22699737548828,124.39199829101562
2026-03-26 00:00:00+00:00,124.38099670410156,124.46399688720703,124.27400207519531,124.35900115966797
2026-03-26 04:00:00+00:00,124.35800170898438,124.37799835205078,124.19100189208984,124.26399993896484
2026-03-26 08:00:00+00:00,124.26399993896484,124.30999755859375,124.19499969482422,124.23400115966797
2026-03-26 12:00:00+00:00,124.23400115966797,124.30899810791016,124.18900299072266,124.29100036621094
2026-03-26 16:00:00+00:00,124.28900146484375,124.30500030517578,124.21099853515625,124.23100280761719
2026-03-26 20:00:00+00:00,124.23100280761719,124.2959976196289,124.00499725341797,124.2020034790039
2026-03-27 00:00:00+00:00,124.19599914550781,124.21199798583984,123.9520034790039,124.1719970703125
2026-03-27 04:00:00+00:00,124.1719970703125,124.33599853515625,124.08799743652344,124.28199768066406
2026-03-27 08:00:00+00:00,124.28099822998047,124.31400299072266,124.12300109863281,124.13600158691406
2026-03-27 12:00:00+00:00,124.13600158691406,124.41400146484375,124.09400177001953,124.40399932861328
2026-03-27 16:00:00+00:00,124.4020004272461,124.48899841308594,124.29000091552734,124.29199981689453
2026-03-27 20:00:00+00:00,124.29100036621094,124.43399810791016,124.03500366210938,124.03500366210938
2026-03-30 00:00:00+01:00,124.35399627685547,124.38500213623047,123.99199676513672,124.05999755859375
2026-03-30 04:00:00+01:00,124.05799865722656,124.10299682617188,123.9229965209961,124.0469970703125
2026-03-30 08:00:00+01:00,124.04499816894531,124.052001953125,123.68399810791016,123.71800231933594
2026-03-30 12:00:00+01:00,123.72000122070312,123.73500061035156,123.49800109863281,123.5770034790039
2026-03-30 16:00:00+01:00,123.5780029296875,123.61000061035156,123.4540023803711,123.59200286865234
2026-03-30 20:00:00+01:00,123.59200286865234,123.76100158691406,123.4749984741211,123.73200225830078
2026-03-31 00:00:00+01:00,123.73200225830078,123.85299682617188,123.6240005493164,123.64199829101562
2026-03-31 04:00:00+01:00,123.64099884033203,123.81300354003906,123.4530029296875,123.79199981689453
2026-03-31 08:00:00+01:00,123.78900146484375,123.8010025024414,123.62200164794922,123.69599914550781
2026-03-31 12:00:00+01:00,123.6969985961914,123.81500244140625,123.27799987792969,123.3030014038086
2026-03-31 16:00:00+01:00,123.30799865722656,123.51699829101562,123.2770004272461,123.46199798583984
2026-03-31 20:00:00+01:00,123.46199798583984,123.53199768066406,123.0530014038086,123.39399719238281
2026-04-01 00:00:00+01:00,123.39900207519531,123.66600036621094,123.3290023803711,123.4520034790039
2026-04-01 04:00:00+01:00,123.4520034790039,123.56300354003906,123.28700256347656,123.3499984741211
2026-04-01 08:00:00+01:00,123.34200286865234,123.73799896240234,123.3290023803711,123.54100036621094
2026-04-01 12:00:00+01:00,123.54000091552734,123.71399688720703,123.33799743652344,123.61399841308594
2026-04-01 16:00:00+01:00,123.61199951171875,123.73300170898438,123.56400299072266,123.68199920654297
2026-04-01 20:00:00+01:00,123.68099975585938,123.83300018310547,123.46700286865234,123.59500122070312
2026-04-02 00:00:00+01:00,123.59200286865234,123.88500213623047,123.56800079345703,123.84700012207031
2026-04-02 04:00:00+01:00,123.8479995727539,123.91300201416016,123.70999908447266,123.86900329589844
2026-04-02 08:00:00+01:00,123.86799621582031,124.08200073242188,123.85700225830078,123.96600341796875
2026-04-02 12:00:00+01:00,123.96399688720703,124.0479965209961,123.90299987792969,124.03199768066406
2026-04-02 16:00:00+01:00,124.03299713134766,124.20600128173828,123.94000244140625,124.14800262451172
2026-04-02 20:00:00+01:00,124.13899993896484,124.1729965209961,123.89299774169922,124.08399963378906
2026-04-03 00:00:00+01:00,124.08000183105469,124.19599914550781,124.01300048828125,124.17500305175781
2026-04-03 04:00:00+01:00,124.17500305175781,124.20899963378906,124.01799774169922,124.19100189208984
2026-04-03 08:00:00+01:00,124.197998046875,124.20800018310547,124.05999755859375,124.12100219726562
2026-04-03 12:00:00+01:00,124.12200164794922,124.22000122070312,123.95600128173828,124.01000213623047
2026-04-03 16:00:00+01:00,124.00499725341797,124.06400299072266,123.94599914550781,124.0270004272461
2026-04-03 20:00:00+01:00,124.01799774169922,124.10399627685547,123.74199676513672,124.06400299072266
2026-04-06 00:00:00+01:00,124.0250015258789,124.16699981689453,123.96600341796875,124.00199890136719
2026-04-06 04:00:00+01:00,124.00399780273438,124.15799713134766,123.96399688720703,124.12300109863281
2026-04-06 08:00:00+01:00,124.1240005493164,124.21099853515625,124.08300018310547,124.15899658203125
2026-04-06 12:00:00+01:00,124.16000366210938,124.3499984741211,124.12300109863281,124.33499908447266
2026-04-06 16:00:00+01:00,124.33599853515625,124.3759994506836,124.24800109863281,124.29299926757812
2026-04-06 20:00:00+01:00,124.29399871826172,124.31700134277344,124.00900268554688,124.23300170898438
2026-04-07 00:00:00+01:00,124.23600006103516,124.3270034790039,124.2020034790039,124.25399780273438
2026-04-07 04:00:00+01:00,124.25399780273438,124.37100219726562,124.20600128173828,124.33399963378906
2026-04-07 08:00:00+01:00,124.33399963378906,124.41799926757812,124.28199768066406,124.38200378417969
2026-04-07 12:00:00+01:00,124.37699890136719,124.53299713134766,124.33899688720703,124.51599884033203
2026-04-07 16:00:00+01:00,124.52100372314453,124.53399658203125,124.40699768066406,124.45500183105469
2026-04-07 20:00:00+01:00,124.45600128173828,124.55400085449219,124.18199920654297,124.2239990234375
2026-04-08 00:00:00+01:00,124.25399780273438,124.43900299072266,124.13800048828125,124.21900177001953
2026-04-08 04:00:00+01:00,124.21700286865234,124.33000183105469,124.13400268554688,124.20600128173828
2026-04-08 08:00:00+01:00,124.2040023803711,124.28700256347656,124.11000061035156,124.2770004272461
2026-04-08 12:00:00+01:00,124.2770004272461,124.3479995727539,124.12699890136719,124.26699829101562
2026-04-08 16:00:00+01:00,124.26599884033203,124.48500061035156,124.23899841308594,124.47200012207031
2026-04-08 20:00:00+01:00,124.47200012207031,124.61499786376953,124.23799896240234,124.41200256347656
2026-04-09 00:00:00+01:00,124.41300201416016,124.58699798583984,124.38600158691406,124.51300048828125
2026-04-09 04:00:00+01:00,124.5199966430664,124.61900329589844,124.43199920654297,124.56500244140625
2026-04-09 08:00:00+01:00,124.55599975585938,124.73300170898438,124.5510025024414,124.71499633789062
2026-04-09 12:00:00+01:00,124.71499633789062,124.9489974975586,124.64299774169922,124.91899871826172
2026-04-09 16:00:00+01:00,124.91899871826172,124.97599792480469,124.7300033569336,124.90299987792969
2026-04-09 20:00:00+01:00,124.9000015258789,125.01300048828125,124.68900299072266,124.947998046875
2026-04-10 00:00:00+01:00,124.9489974975586,125.03700256347656,124.8740005493164,124.92400360107422
2026-04-10 04:00:00+01:00,124.91899871826172,124.98799896240234,124.85399627685547,124.91999816894531
2026-04-10 08:00:00+01:00,124.91999816894531,124.98400115966797,124.87200164794922,124.93399810791016
2026-04-10 12:00:00+01:00,124.93399810791016,125.125,124.7239990234375,125.01499938964844
2026-04-10 16:00:00+01:00,125.01399993896484,125.10299682617188,124.94599914550781,125.08899688720703
2026-04-10 20:00:00+01:00,125.09600067138672,125.12100219726562,124.8219985961914,125.0250015258789
2026-04-13 00:00:00+01:00,124.9990005493164,125.19999694824219,124.89700317382812,125.13899993896484
2026-04-13 04:00:00+01:00,125.14099884033203,125.18099975585938,125.04499816894531,125.125
2026-04-13 08:00:00+01:00,125.12200164794922,125.21199798583984,125.10199737548828,125.177001953125
2026-04-13 12:00:00+01:00,125.18399810791016,125.28099822998047,125.11000061035156,125.19100189208984
2026-04-13 16:00:00+01:00,125.19000244140625,125.33499908447266,125.1259994506836,125.18099975585938
2026-04-13 20:00:00+01:00,125.19200134277344,125.2959976196289,125.0,125.2300033569336
2026-04-14 00:00:00+01:00,125.20999908447266,125.25700378417969,124.88500213623047,124.927001953125
2026-04-14 04:00:00+01:00,124.9260025024414,125.08100128173828,124.86399841308594,125.05500030517578
2026-04-14 08:00:00+01:00,125.04900360107422,125.0770034790039,124.87799835205078,124.89199829101562
2026-04-14 12:00:00+01:00,124.89399719238281,125.00199890136719,124.83499908447266,124.9540023803711
2026-04-14 16:00:00+01:00,124.95600128173828,125.02100372314453,124.85600280761719,124.9219970703125
2026-04-14 20:00:00+01:00,124.9209976196289,124.97899627685547,124.70500183105469,124.91000366210938
2026-04-15 00:00:00+01:00,124.91200256347656,125.06300354003906,124.88099670410156,125.04399871826172
2026-04-15 04:00:00+01:00,125.0459976196289,125.09300231933594,124.95800018310547,125.04000091552734
2026-04-15 08:00:00+01:00,125.03700256347656,125.06400299072266,124.80899810791016,124.92900085449219
2026-04-15 12:00:00+01:00,124.9280014038086,125.08999633789062,124.9000015258789,125.0479965209961
2026-04-15 16:00:00+01:00,125.0479965209961,125.1510009765625,124.91000366210938,125.12100219726562
2026-04-15 20:00:00+01:00,125.12200164794922,125.14700317382812,124.79299926757812,124.98799896240234
2026-04-16 00:00:00+01:00,124.99299621582031,125.03199768066406,124.86000061035156,124.86799621582031
2026-04-16 04:00:00+01:00,124.86699676513672,125.0989990234375,124.71700286865234,125.02100372314453
2026-04-16 08:00:00+01:00,125.02100372314453,125.08699798583984,124.96600341796875,124.99199676513672
2026-04-16 12:00:00+01:00,124.98600006103516,125.16200256347656,124.9469985961914,125.10099792480469
2026-04-16 16:00:00+01:00,125.10099792480469,125.11799621582031,124.99800109863281,125.06199645996094
2026-04-16 20:00:00+01:00,125.06500244140625,125.10900115966797,124.87799835205078,125.0
2026-04-17 00:00:00+01:00,125.02400207519531,125.25499725341797,124.97899627685547,125.21499633789062
2026-04-17 04:00:00+01:00,125.21499633789062,125.32599639892578,125.16100311279297,125.17400360107422
2026-04-17 08:00:00+01:00,125.17500305175781,125.2020034790039,124.98799896240234,125.06400299072266
2026-04-17 12:00:00+01:00,125.06400299072266,125.13999938964844,124.375,124.47599792480469
2026-04-17 16:00:00+01:00,124.4749984741211,124.6969985961914,124.44200134277344,124.69000244140625
2026-04-17 20:00:00+01:00,124.68900299072266,124.91500091552734,124.62999725341797,124.89199829101562
2026-04-20 00:00:00+01:00,124.86900329589844,125.06400299072266,124.80799865722656,124.87200164794922
2026-04-20 04:00:00+01:00,124.86499786376953,124.9469985961914,124.83000183105469,124.87300109863281
2026-04-20 08:00:00+01:00,124.9540023803711,125.02200317382812,124.94999694824219,124.99600219726562
2026-04-20 12:00:00+01:00,124.99299621582031,125.02200317382812,124.84100341796875,124.89399719238281
2026-04-20 16:00:00+01:00,124.89099884033203,125.08599853515625,124.86000061035156,125.06900024414062
2026-04-20 20:00:00+01:00,125.06999969482422,125.09700012207031,124.74700164794922,125.04499816894531
2026-04-21 00:00:00+01:00,125.03600311279297,125.14399719238281,124.9800033569336,125.06300354003906
2026-04-21 04:00:00+01:00,125.05999755859375,125.06900024414062,124.9229965209961,124.9260025024414
2026-04-21 08:00:00+01:00,124.92400360107422,125.18499755859375,124.91999816894531,125.16300201416016
2026-04-21 12:00:00+01:00,125.16300201416016,125.21600341796875,125.0510025024414,125.2020034790039
2026-04-21 16:00:00+01:00,125.20500183105469,125.2249984741211,125.0270004272461,125.0780029296875
2026-04-21 20:00:00+01:00,125.0790023803711,125.19200134277344,124.87200164794922,125.11100006103516
2026-04-22 00:00:00+01:00,125.14199829101562,125.19100189208984,125.02100372314453,125.0979995727539
2026-04-22 04:00:00+01:00,125.09700012207031,125.16100311279297,125.03600311279297,125.03700256347656
2026-04-22 08:00:00+01:00,125.03800201416016,125.20600128173828,125.03099822998047,125.05999755859375
2026-04-22 12:00:00+01:00,125.05799865722656,125.08699798583984,124.90899658203125,125.01899719238281
2026-04-22 16:00:00+01:00,125.02100372314453,125.09500122070312,124.9729995727539,124.9990005493164
2026-04-22 20:00:00+01:00,125.0,125.04499816894531,124.81199645996094,124.98600006103516
2026-04-23 00:00:00+01:00,124.9749984741211,125.04499816894531,124.89800262451172,124.9229965209961
2026-04-23 04:00:00+01:00,124.91899871826172,125.10700225830078,124.88800048828125,125.08999633789062
2026-04-23 08:00:00+01:00,125.09100341796875,125.13800048828125,125.01000213623047,125.02999877929688
2026-04-23 12:00:00+01:00,125.03099822998047,125.07099914550781,124.9219970703125,124.94100189208984
2026-04-23 16:00:00+01:00,124.94200134277344,125.00399780273438,124.8949966430664,124.93199920654297
2026-04-23 20:00:00+01:00,124.93199920654297,124.99800109863281,124.72899627685547,124.93000030517578
2026-04-24 00:00:00+01:00,124.94599914550781,125.03800201416016,124.93000030517578,124.95500183105469
2026-04-24 04:00:00+01:00,124.95500183105469,124.99099731445312,124.86699676513672,124.9010009765625
2026-04-24 08:00:00+01:00,124.9000015258789,125.0199966430664,124.86000061035156,124.97599792480469
2026-04-24 12:00:00+01:00,124.9739990234375,124.99800109863281,124.85600280761719,124.89800262451172
2026-04-24 16:00:00+01:00,124.88899993896484,124.9540023803711,124.85099792480469,124.927001953125
2026-04-24 20:00:00+01:00,124.91699981689453,124.94499969482422,124.73100280761719,124.86199951171875
2026-04-27 00:00:00+01:00,124.91799926757812,125.00399780273438,124.86399841308594,124.91799926757812
2026-04-27 04:00:00+01:00,124.91999816894531,125.04900360107422,124.87000274658203,124.96900177001953
2026-04-27 08:00:00+01:00,124.96600341796875,125.05999755859375,124.94300079345703,125.01499938964844
2026-04-27 12:00:00+01:00,125.01599884033203,125.08999633789062,124.95800018310547,124.9990005493164
2026-04-27 16:00:00+01:00,125.0,125.11299896240234,124.97799682617188,125.10299682617188
2026-04-27 20:00:00+01:00,125.10199737548828,125.12899780273438,124.9229965209961,125.052001953125
2026-04-28 00:00:00+01:00,125.04900360107422,125.16600036621094,124.99700164794922,125.072998046875
2026-04-28 04:00:00+01:00,125.07499694824219,125.10700225830078,124.66699981689453,124.83300018310547
2026-04-28 08:00:00+01:00,124.83300018310547,125.08799743652344,124.81199645996094,124.98300170898438
2026-04-28 12:00:00+01:00,124.98100280761719,125.05500030517578,124.83399963378906,125.03900146484375
2026-04-28 16:00:00+01:00,125.03600311279297,125.05799865722656,124.9540023803711,125.0009994506836
2026-04-28 20:00:00+01:00,125.0,125.05699920654297,124.69200134277344,124.94100189208984
2026-04-29 00:00:00+01:00,124.93800354003906,125.05799865722656,124.9010009765625,124.9520034790039
2026-04-29 04:00:00+01:00,124.9530029296875,125.0459976196289,124.90399932861328,124.95600128173828
2026-04-29 08:00:00+01:00,124.95600128173828,125.08999633789062,124.92500305175781,125.03500366210938
2026-04-29 12:00:00+01:00,125.03600311279297,125.15899658203125,125.01399993896484,125.05999755859375
2026-04-29 16:00:00+01:00,125.05799865722656,125.19100189208984,124.99400329589844,125.0780029296875
2026-04-29 20:00:00+01:00,125.08699798583984,125.23799896240234,124.99400329589844,125.177001953125
2026-04-30 00:00:00+01:00,125.16899871826172,125.21499633789062,125.04199981689453,125.16999816894531
2026-04-30 04:00:00+01:00,125.16999816894531,125.41300201416016,125.16500091552734,125.4010009765625
2026-04-30 08:00:00+01:00,125.39800262451172,125.46900177001953,123.02400207519531,123.1760025024414
2026-04-30 12:00:00+01:00,123.1760025024414,123.38099670410156,121.99700164794922,123.01799774169922
2026-04-30 16:00:00+01:00,123.02300262451172,123.0999984741211,122.79100036621094,122.89800262451172
2026-04-30 20:00:00+01:00,122.89600372314453,123.12000274658203,122.76300048828125,123.0530014038086
2026-05-01 00:00:00+01:00,123.05899810791016,123.58799743652344,123.04100036621094,123.53600311279297
2026-05-01 04:00:00+01:00,123.53500366210938,123.5780029296875,122.26399993896484,122.58599853515625
2026-05-01 08:00:00+01:00,122.58200073242188,123.11100006103516,122.52100372314453,123.00599670410156
2026-05-01 12:00:00+01:00,123.00800323486328,123.26599884033203,122.90499877929688,123.21900177001953
2026-05-01 16:00:00+01:00,123.21499633789062,123.41500091552734,123.20600128173828,123.36199951171875
2026-05-01 20:00:00+01:00,123.36000061035156,123.41600036621094,123.1780014038086,123.31900024414062
2026-05-04 04:00:00+01:00,123.05500030517578,123.26399993896484,122.9749984741211,123.23100280761719
2026-05-04 08:00:00+01:00,123.2300033569336,123.26200103759766,123.03299713134766,123.16699981689453
2026-05-04 12:00:00+01:00,123.16699981689453,123.24299621582031,123.09100341796875,123.15499877929688
2026-05-04 16:00:00+01:00,123.15499877929688,123.16600036621094,122.66500091552734,122.78600311279297
2026-05-04 20:00:00+01:00,122.79399871826172,123.21700286865234,122.79000091552734,123.12200164794922
2026-05-05 00:00:00+01:00,123.11900329589844,123.19599914550781,123.03900146484375,123.13099670410156
2026-05-05 04:00:00+01:00,123.13099670410156,123.15899658203125,123.04100036621094,123.10600280761719
2026-05-05 08:00:00+01:00,123.10399627685547,123.58799743652344,123.05899810791016,123.43299865722656
2026-05-05 12:00:00+01:00,123.44400024414062,123.69599914550781,123.43000030517578,123.64399719238281
2026-05-05 16:00:00+01:00,123.6449966430664,123.7959976196289,123.6240005493164,123.77200317382812
2026-05-05 20:00:00+01:00,123.7699966430664,123.8290023803711,123.51599884033203,123.7020034790039
2026-05-06 00:00:00+01:00,123.68800354003906,123.90799713134766,123.63600158691406,123.88800048828125
2026-05-06 04:00:00+01:00,123.88600158691406,123.95700073242188,121.94100189208984,122.9540023803711
2026-05-06 08:00:00+01:00,122.95500183105469,123.09600067138672,122.56700134277344,122.99700164794922
2026-05-06 12:00:00+01:00,123.0,123.25199890136719,122.96900177001953,123.22899627685547
2026-05-06 16:00:00+01:00,123.22899627685547,123.37200164794922,123.19999694824219,123.3280029296875
2026-05-06 20:00:00+01:00,123.3290023803711,123.38099670410156,123.11199951171875,123.28500366210938
2026-05-07 00:00:00+01:00,123.2750015258789,123.41200256347656,123.11499786376953,123.36499786376953
2026-05-07 04:00:00+01:00,123.35900115966797,123.38800048828125,123.21199798583984,123.31700134277344
2026-05-07 08:00:00+01:00,123.31800079345703,123.5739974975586,123.23999786376953,123.53900146484375
2026-05-07 12:00:00+01:00,123.53900146484375,123.59400177001953,123.38600158691406,123.45099639892578
2026-05-07 16:00:00+01:00,123.45999908447266,123.63700103759766,123.4489974975586,123.58599853515625
2026-05-07 20:00:00+01:00,123.58499908447266,123.71700286865234,123.41300201416016,123.56199645996094
2026-05-08 00:00:00+01:00,123.56900024414062,123.69000244140625,123.51899719238281,123.61399841308594
2026-05-08 04:00:00+01:00,123.61399841308594,123.63300323486328,123.55699920654297,123.61199951171875
2026-05-08 08:00:00+01:00,123.61100006103516,123.66400146484375,123.56099700927734,123.63500213623047
2026-05-08 12:00:00+01:00,123.63400268554688,123.66799926757812,123.45899963378906,123.57499694824219
2026-05-08 16:00:00+01:00,123.57099914550781,123.68900299072266,123.5459976196289,123.66300201416016
2026-05-08 20:00:00+01:00,123.66200256347656,123.78800201416016,123.51000213623047,123.68099975585938
2026-05-11 00:00:00+01:00,123.6729965209961,123.84600067138672,123.63700103759766,123.79399871826172
2026-05-11 04:00:00+01:00,123.78700256347656,123.81999969482422,123.66799926757812,123.69200134277344
2026-05-11 08:00:00+01:00,123.69300079345703,123.7959976196289,123.68299865722656,123.76200103759766
2026-05-11 12:00:00+01:00,123.76599884033203,123.84100341796875,123.71900177001953,123.78500366210938
2026-05-11 16:00:00+01:00,123.78700256347656,123.9010009765625,123.78199768066406,123.88400268554688
2026-05-11 20:00:00+01:00,123.88300323486328,123.9530029296875,123.62999725341797,123.87799835205078
2026-05-12 00:00:00+01:00,123.88400268554688,124.05999755859375,123.82499694824219,124.01699829101562
2026-05-12 04:00:00+01:00,124.01200103759766,124.06099700927734,123.31300354003906,123.7959976196289
2026-05-12 08:00:00+01:00,123.7969970703125,123.83899688720703,123.66600036621094,123.76200103759766
2026-05-12 12:00:00+01:00,123.76300048828125,123.9260025024414,123.73500061035156,123.8949966430664
2026-05-12 16:00:00+01:00,123.89199829101562,123.94100189208984,123.86599731445312,123.87999725341797
2026-05-12 20:00:00+01:00,123.88099670410156,123.9739990234375,123.71399688720703,123.91699981689453
2026-05-13 00:00:00+01:00,123.91000366210938,124.01499938964844,123.87200164794922,123.9000015258789
2026-05-13 04:00:00+01:00,123.89900207519531,124.01300048828125,123.875,123.98899841308594
2026-05-13 08:00:00+01:00,123.98899841308594,124.0530014038086,123.93199920654297,124.00299835205078
2026-05-13 12:00:00+01:00,124.00299835205078,124.03500366210938,123.94100189208984,124.00299835205078
2026-05-13 16:00:00+01:00,124.00299835205078,124.06600189208984,123.98500061035156,124.03399658203125
2026-05-13 20:00:00+01:00,124.03500366210938,124.10700225830078,123.79900360107422,124.03800201416016
2026-05-14 00:00:00+01:00,124.04199981689453,124.11499786376953,123.97200012207031,124.08499908447266
2026-05-14 04:00:00+01:00,124.08399963378906,124.12999725341797,123.74199676513672,124.02300262451172
2026-05-14 08:00:00+01:00,124.02200317382812,124.06400299072266,123.96299743652344,124.02799987792969
2026-05-14 12:00:00+01:00,124.02899932861328,124.09400177001953,123.48899841308594,124.06700134277344
2026-05-14 16:00:00+01:00,124.06900024414062,124.08599853515625,123.96499633789062,124.03500366210938
2026-05-14 20:00:00+01:00,124.03299713134766,124.177001953125,123.93000030517578,124.10299682617188
2026-05-15 00:00:00+01:00,124.11000061035156,124.14900207519531,123.97899627685547,124.10600280761719
2026-05-15 04:00:00+01:00,124.10700225830078,124.11699676513672,123.86199951171875,123.86699676513672
2026-05-15 08:00:00+01:00,123.87000274658203,123.94200134277344,123.76200103759766,123.87899780273438
2026-05-15 12:00:00+01:00,123.87799835205078,123.98899841308594,123.8239974975586,123.90499877929688
2026-05-15 16:00:00+01:00,123.90599822998047,124.00599670410156,123.88099670410156,123.94000244140625
2026-05-15 20:00:00+01:00,123.93399810791016,124.03900146484375,123.88099670410156,123.9540023803711
2026-05-18 00:00:00+01:00,123.99299621582031,124.04900360107422,123.9520034790039,123.9749984741211
2026-05-18 04:00:00+01:00,123.9749984741211,124.16200256347656,123.97100067138672,124.13400268554688
2026-05-18 08:00:00+01:00,124.12799835205078,124.2249984741211,124.11499786376953,124.12999725341797
2026-05-18 12:00:00+01:00,124.12200164794922,124.24299621582031,124.10299682617188,124.18499755859375
2026-05-18 16:00:00+01:00,124.19000244140625,124.30400085449219,124.15899658203125,124.2699966430664
2026-05-18 20:00:00+01:00,124.2699966430664,124.2959976196289,123.98400115966797,124.21800231933594
2026-05-19 00:00:00+01:00,124.23100280761719,124.29199981689453,124.18800354003906,124.19599914550781
2026-05-19 04:00:00+01:00,124.19599914550781,124.27100372314453,124.14099884033203,124.22599792480469
2026-05-19 08:00:00+01:00,124.22699737548828,124.27400207519531,124.1510009765625,124.18699645996094
2026-05-19 12:00:00+01:00,124.18699645996094,124.21800231933594,123.87100219726562,123.95700073242188
2026-05-19 16:00:00+01:00,123.95600128173828,124.09700012207031,123.81400299072266,124.02799987792969
2026-05-19 20:00:00+01:00,124.02799987792969,124.16000366210938,123.85399627685547,124.072998046875
2026-05-20 00:00:00+01:00,124.0739974975586,124.09300231933594,123.93099975585938,123.93599700927734
2026-05-20 04:00:00+01:00,123.93800354003906,124.05000305175781,123.9219970703125,124.02799987792969
2026-05-20 08:00:00+01:00,124.02999877929688,124.21199798583984,124.02100372314453,124.16600036621094
2026-05-20 12:00:00+01:00,124.16899871826172,124.28500366210938,124.14099884033203,124.2770004272461
2026-05-20 16:00:00+01:00,124.28099822998047,124.36799621582031,124.19100189208984,124.33300018310547
2026-05-20 20:00:00+01:00,124.33399963378906,124.38099670410156,124.11100006103516,124.29100036621094
2026-05-21 00:00:00+01:00,124.2959976196289,124.3550033569336,124.1709976196289,124.20600128173828
2026-05-21 04:00:00+01:00,124.20999908447266,124.30799865722656,124.19999694824219,124.28199768066406
2026-05-21 08:00:00+01:00,124.28099822998047,124.37000274658203,124.19400024414062,124.30599975585938
2026-05-21 12:00:00+01:00,124.30400085449219,124.39800262451172,124.26899719238281,124.36399841308594
2026-05-21 16:00:00+01:00,124.36499786376953,124.43299865722656,124.31700134277344,124.41100311279297
2026-05-21 20:00:00+01:00,124.41200256347656,124.45999908447266,124.16899871826172,124.40699768066406
2026-05-22 00:00:00+01:00,124.40899658203125,124.47100067138672,124.31900024414062,124.33599853515625
2026-05-22 04:00:00+01:00,124.33399963378906,124.41500091552734,124.30000305175781,124.35900115966797
2026-05-22 08:00:00+01:00,124.36100006103516,124.36599731445312,124.24800109863281,124.28500366210938
2026-05-22 12:00:00+01:00,124.27999877929688,124.37200164794922,124.25700378417969,124.31199645996094
2026-05-22 16:00:00+01:00,124.31099700927734,124.43599700927734,124.29299926757812,124.4000015258789
2026-05-22 20:00:00+01:00,124.40299987792969,124.41400146484375,124.23600006103516,124.37200164794922
2026-05-25 00:00:00+01:00,124.33899688720703,124.4530029296875,124.33000183105469,124.36399841308594
2026-05-25 04:00:00+01:00,124.36399841308594,124.43099975585938,124.33899688720703,124.4000015258789
2026-05-25 08:00:00+01:00,124.39900207519531,124.45899963378906,124.36599731445312,124.40499877929688
2026-05-25 12:00:00+01:00,124.40399932861328,124.4489974975586,124.37699890136719,124.43099975585938
2026-05-25 16:00:00+01:00,124.42900085449219,124.46700286865234,124.35299682617188,124.4209976196289
2026-05-25 20:00:00+01:00,124.4219970703125,124.49500274658203,124.12999725341797,124.41100311279297
2026-05-26 00:00:00+01:00,124.41300201416016,124.5,124.375,124.41200256347656
2026-05-26 04:00:00+01:00,124.41300201416016,124.58399963378906,124.36199951171875,124.53399658203125
2026-05-26 08:00:00+01:00,124.52999877929688,124.63800048828125,124.5,124.56400299072266
2026-05-26 12:00:00+01:00,124.56300354003906,124.68800354003906,124.54900360107422,124.6780014038086
2026-05-26 16:00:00+01:00,124.677001953125,124.7249984741211,124.63400268554688,124.70500183105469
2026-05-26 20:00:00+01:00,124.70500183105469,124.74199676513672,124.4229965209961,124.65499877929688
2026-05-27 00:00:00+01:00,124.65599822998047,124.76300048828125,124.63500213623047,124.65899658203125
2026-05-27 04:00:00+01:00,124.65899658203125,124.79000091552734,124.63800048828125,124.76599884033203
2026-05-27 08:00:00+01:00,124.76699829101562,124.8219985961914,124.68699645996094,124.75599670410156
2026-05-27 12:00:00+01:00,124.7509994506836,124.91400146484375,124.73999786376953,124.85199737548828
2026-05-27 16:00:00+01:00,124.85199737548828,124.90799713134766,124.8290023803711,124.86100006103516
2026-05-27 20:00:00+01:00,124.86100006103516,124.92900085449219,124.64199829101562,124.84200286865234
2026-05-28 00:00:00+01:00,124.83999633789062,124.88899993896484,124.69599914550781,124.70999908447266
2026-05-28 04:00:00+01:00,124.70700073242188,124.74400329589844,124.56300354003906,124.68800354003906
2026-05-28 08:00:00+01:00,124.68699645996094,124.71600341796875,124.5459976196289,124.56600189208984
2026-05-28 12:00:00+01:00,124.56600189208984,124.76300048828125,124.52100372314453,124.69499969482422
2026-05-28 16:00:00+01:00,124.69400024414062,124.83300018310547,124.68399810791016,124.77100372314453
2026-05-28 20:00:00+01:00,124.77100372314453,124.83200073242188,124.61199951171875,124.77799987792969
2026-05-29 00:00:00+01:00,124.76599884033203,124.83300018310547,124.7040023803711,124.76399993896484
2026-05-29 04:00:00+01:00,124.76399993896484,124.7959976196289,124.63200378417969,124.64600372314453
2026-05-29 08:00:00+01:00,124.64800262451172,124.68800354003906,124.54399871826172,124.64399719238281
2026-05-29 12:00:00+01:00,124.64299774169922,124.822998046875,124.63500213623047,124.80000305175781
2026-05-29 16:00:00+01:00,124.79900360107422,124.84600067138672,124.73799896240234,124.75199890136719
2026-05-29 20:00:00+01:00,124.75900268554688,124.80500030517578,124.5999984741211,124.75199890136719
2026-06-01 00:00:00+01:00,124.79199981689453,124.85399627685547,124.74400329589844,124.78399658203125
2026-06-01 04:00:00+01:00,124.78900146484375,124.9020004272461,124.74299621582031,124.83200073242188
2026-06-01 08:00:00+01:00,124.83300018310547,124.85600280761719,124.77899932861328,124.80000305175781
2026-06-01 12:00:00+01:00,124.8010025024414,124.8479995727539,124.73600006103516,124.80899810791016
2026-06-01 16:00:00+01:00,124.80899810791016,124.93299865722656,124.77400207519531,124.9219970703125
2026-06-01 20:00:00+01:00,124.92500305175781,124.92500305175781,124.58999633789062,124.8499984741211
2026-06-02 00:00:00+01:00,124.8499984741211,124.9020004272461,124.79199981689453,124.89099884033203
2026-06-02 04:00:00+01:00,124.88899993896484,125.01799774169922,124.84100341796875,124.99800109863281
2026-06-02 08:00:00+01:00,124.9990005493164,125.01499938964844,124.89800262451172,124.91100311279297
2026-06-02 12:00:00+01:00,124.90699768066406,125.02100372314453,124.89199829101562,125.01100158691406
2026-06-02 16:00:00+01:00,125.00900268554688,125.03399658203125,124.89800262451172,124.9469985961914
2026-06-02 20:00:00+01:00,124.947998046875,125.05699920654297,124.83300018310547,124.95999908447266
2026-06-03 00:00:00+01:00,124.947998046875,125.00800323486328,124.8949966430664,124.90399932861328
2026-06-03 04:00:00+01:00,124.90699768066406,124.95099639892578,124.7770004272461,124.83399963378906
2026-06-03 08:00:00+01:00,124.83399963378906,124.83799743652344,124.35299682617188,124.64900207519531
2026-06-03 12:00:00+01:00,124.6500015258789,124.71600341796875,124.61799621582031,124.68000030517578
2026-06-03 16:00:00+01:00,124.6780014038086,124.697998046875,124.58799743652344,124.62699890136719
2026-06-03 20:00:00+01:00,124.62899780273438,124.81099700927734,124.50399780273438,124.62799835205078
2026-06-04 00:00:00+01:00,124.61499786376953,124.68299865722656,124.55999755859375,124.61399841308594
2026-06-04 04:00:00+01:00,124.61199951171875,124.63999938964844,124.37899780273438,124.58200073242188
2026-06-04 08:00:00+01:00,124.58200073242188,124.58899688720703,124.447998046875,124.5469970703125
2026-06-04 12:00:00+01:00,124.55000305175781,124.67400360107422,124.4990005493164,124.61799621582031
2026-06-04 16:00:00+01:00,124.61499786376953,124.6520004272461,124.50599670410156,124.572998046875
2026-06-04 20:00:00+01:00,124.5719985961914,124.7249984741211,124.42400360107422,124.54199981689453
2026-06-05 00:00:00+01:00,124.54000091552734,124.56900024414062,124.34600067138672,124.45899963378906
2026-06-05 04:00:00+01:00,124.45899963378906,124.5530014038086,124.4229965209961,124.51499938964844
2026-06-05 08:00:00+01:00,124.51399993896484,124.65599822998047,124.50199890136719,124.61699676513672
2026-06-05 12:00:00+01:00,124.62000274658203,124.6259994506836,124.17500305175781,124.33599853515625
2026-06-05 16:00:00+01:00,124.33399963378906,124.33399963378906,124.00399780273438,124.03299713134766
2026-06-05 20:00:00+01:00,124.03500366210938,124.1969985961914,123.96900177001953,124.19300079345703
2026-06-08 00:00:00+01:00,124.13099670410156,124.29900360107422,124.08799743652344,124.2490005493164
2026-06-08 04:00:00+01:00,124.24700164794922,124.29100036621094,124.1259994506836,124.21199798583984
2026-06-08 08:00:00+01:00,124.21700286865234,124.25199890136719,123.9280014038086,124.15699768066406
2026-06-08 12:00:00+01:00,124.15399932861328,124.34100341796875,124.13899993896484,124.28900146484375
2026-06-08 16:00:00+01:00,124.28800201416016,124.36799621582031,124.26499938964844,124.34600067138672
2026-06-08 20:00:00+01:00,124.34500122070312,124.35800170898438,124.07099914550781,124.30899810791016
2026-06-09 00:00:00+01:00,124.31800079345703,124.48200225830078,124.2300033569336,124.46199798583984
2026-06-09 04:00:00+01:00,124.46099853515625,124.59200286865234,124.43499755859375,124.5530014038086
2026-06-09 08:00:00+01:00,124.55699920654297,124.5999984741211,124.47200012207031,124.5790023803711
2026-06-09 12:00:00+01:00,124.58100128173828,124.65699768066406,124.56999969482422,124.61599731445312
2026-06-09 16:00:00+01:00,124.61399841308594,124.63899993896484,124.5,124.62799835205078
2026-06-09 20:00:00+01:00,124.62999725341797,124.66400146484375,124.4800033569336,124.59300231933594
2026-06-10 00:00:00+01:00,124.59100341796875,124.63099670410156,124.4800033569336,124.51699829101562
2026-06-10 04:00:00+01:00,124.51899719238281,124.61399841308594,124.51899719238281,124.55500030517578
2026-06-10 08:00:00+01:00,124.55400085449219,124.64199829101562,124.52300262451172,124.62000274658203
2026-06-10 12:00:00+01:00,124.62100219726562,124.74600219726562,124.48699951171875,124.73300170898438
2026-06-10 16:00:00+01:00,124.7300033569336,124.76899719238281,124.65799713134766,124.6780014038086
2026-06-10 20:00:00+01:00,124.68000030517578,124.7760009765625,124.51699829101562,124.5989990234375
2026-06-11 00:00:00+01:00,124.59500122070312,124.70800018310547,124.56999969482422,124.66200256347656
2026-06-11 04:00:00+01:00,124.66100311279297,124.72799682617188,124.66100311279297,124.67400360107422
2026-06-11 08:00:00+01:00,124.68000030517578,124.71099853515625,124.56500244140625,124.59200286865234
2026-06-11 12:00:00+01:00,124.59100341796875,124.66600036621094,124.50399780273438,124.51100158691406
2026-06-11 16:00:00+01:00,124.51300048828125,124.58300018310547,124.46900177001953,124.5260009765625
2026-06-11 20:00:00+01:00,124.52899932861328,124.67900085449219,124.27400207519531,124.65499877929688
2026-06-12 00:00:00+01:00,124.64900207519531,124.74800109863281,124.61399841308594,124.73100280761719
2026-06-12 04:00:00+01:00,124.7300033569336,124.7770004272461,124.68299865722656,124.7699966430664
2026-06-12 08:00:00+01:00,124.77300262451172,124.78399658203125,124.64099884033203,124.6969985961914
2026-06-12 12:00:00+01:00,124.70099639892578,124.87899780273438,124.69999694824219,124.86799621582031
2026-06-12 16:00:00+01:00,124.87000274658203,124.87699890136719,124.7979965209961,124.83799743652344
2026-06-12 20:00:00+01:00,124.83999633789062,124.84600067138672,124.50800323486328,124.75700378417969
2026-06-15 00:00:00+01:00,124.78399658203125,125.00800323486328,124.73699951171875,124.91100311279297
2026-06-15 04:00:00+01:00,124.91300201416016,124.9520034790039,124.85600280761719,124.92400360107422
2026-06-15 08:00:00+01:00,124.9260025024414,124.95500183105469,124.85600280761719,124.89900207519531
2026-06-15 12:00:00+01:00,124.89800262451172,124.96199798583984,124.84500122070312,124.91400146484375
2026-06-15 16:00:00+01:00,124.91500091552734,124.97899627685547,124.88899993896484,124.96199798583984
2026-06-15 20:00:00+01:00,124.95999908447266,125.03600311279297,124.82099914550781,124.96900177001953
2026-06-16 00:00:00+01:00,124.96600341796875,124.97799682617188,124.7969970703125,124.8219985961914
2026-06-16 04:00:00+01:00,124.822998046875,124.91899871826172,124.75399780273438,124.89800262451172
2026-06-16 08:00:00+01:00,124.8949966430664,125.1259994506836,124.88899993896484,125.10700225830078
2026-06-16 12:00:00+01:00,125.10800170898438,125.13999938964844,125.03500366210938,125.13200378417969
2026-06-16 16:00:00+01:00,125.13099670410156,125.1520004272461,125.10900115966797,125.12300109863281
2026-06-16 20:00:00+01:00,125.1259994506836,125.15699768066406,124.94100189208984,125.08399963378906
2026-06-17 00:00:00+01:00,125.08499908447266,125.12899780273438,125.03800201416016,125.05500030517578
2026-06-17 04:00:00+01:00,125.0530014038086,125.08599853515625,124.96299743652344,124.97200012207031
2026-06-17 08:00:00+01:00,124.9739990234375,125.0199966430664,124.83499908447266,124.86799621582031
2026-06-17 12:00:00+01:00,124.87100219726562,124.94599914550781,124.8479995727539,124.91300201416016
2026-06-17 16:00:00+01:00,124.91400146484375,124.9280014038086,124.5989990234375,124.73100280761719
2026-06-17 20:00:00+01:00,124.72799682617188,124.77300262451172,124.39099884033203,124.63099670410156
2026-06-18 00:00:00+01:00,124.63999938964844,124.81600189208984,124.61599731445312,124.76399993896484
2026-06-18 04:00:00+01:00,124.76200103759766,124.82499694824219,124.72699737548828,124.7300033569336
2026-06-18 08:00:00+01:00,124.72899627685547,124.73400115966797,124.43499755859375,124.65499877929688
2026-06-18 12:00:00+01:00,124.65699768066406,124.8270034790039,124.6240005493164,124.82499694824219
2026-06-18 16:00:00+01:00,124.822998046875,125.21399688720703,124.77999877929688,125.21399688720703
2026-06-18 20:00:00+01:00,125.20999908447266,125.29199981689453,124.6729965209961,124.96099853515625
2026-06-19 00:00:00+01:00,124.9800033569336,125.03199768066406,124.78500366210938,124.87300109863281
2026-06-19 04:00:00+01:00,124.875,124.88899993896484,124.76300048828125,124.81800079345703
2026-06-19 08:00:00+01:00,124.81999969482422,124.93099975585938,124.74099731445312,124.90399932861328
2026-06-19 12:00:00+01:00,124.90399932861328,124.91899871826172,124.72799682617188,124.74099731445312
2026-06-19 16:00:00+01:00,124.73999786376953,124.88999938964844,124.73300170898438,124.8489990234375
2026-06-19 20:00:00+01:00,124.84500122070312,124.9280014038086,124.73100280761719,124.91500091552734
2026-06-22 00:00:00+01:00,124.9229965209961,125.0479965209961,124.85099792480469,125.01399993896484
2026-06-22 04:00:00+01:00,125.01100158691406,125.09300231933594,124.98600006103516,125.05799865722656
2026-06-22 08:00:00+01:00,125.05599975585938,125.1510009765625,125.01499938964844,125.05899810791016
2026-06-22 12:00:00+01:00,125.06099700927734,125.1500015258789,124.5989990234375,124.77100372314453
2026-06-22 16:00:00+01:00,124.77300262451172,124.94999694824219,124.66100311279297,124.8010025024414
2026-06-22 20:00:00+01:00,124.802001953125,124.98999786376953,124.79499816894531,124.92400360107422
2026-06-23 00:00:00+01:00,124.9229965209961,124.947998046875,124.82499694824219,124.86699676513672
2026-06-23 04:00:00+01:00,124.86900329589844,124.92500305175781,124.81099700927734,124.8239974975586
2026-06-23 08:00:00+01:00,124.8219985961914,124.84300231933594,124.5250015258789,124.61399841308594
2026-06-23 12:00:00+01:00,124.61199951171875,124.71199798583984,124.54900360107422,124.58699798583984
2026-06-23 16:00:00+01:00,124.58799743652344,124.6240005493164,124.50900268554688,124.53600311279297
2026-06-23 20:00:00+01:00,124.53500366210938,124.64600372314453,124.43399810791016,124.57599639892578
2026-06-24 00:00:00+01:00,124.58699798583984,124.62300109863281,124.49700164794922,124.5009994506836
2026-06-24 04:00:00+01:00,124.49700164794922,124.6780014038086,124.46499633789062,124.64900207519531
2026-06-24 08:00:00+01:00,124.64800262451172,124.67900085449219,124.46800231933594,124.47200012207031
2026-06-24 12:00:00+01:00,124.4729995727539,124.62100219726562,124.45800018310547,124.6050033569336
2026-06-24 16:00:00+01:00,124.61299896240234,124.69599914550781,124.60399627685547,124.6050033569336
2026-06-24 20:00:00+01:00,124.60099792480469,124.73400115966797,124.53800201416016,124.66300201416016
2026-06-25 00:00:00+01:00,124.66300201416016,124.75199890136719,124.58799743652344,124.6500015258789
2026-06-25 04:00:00+01:00,124.64800262451172,124.79399871826172,124.6449966430664,124.78299713134766
2026-06-25 08:00:00+01:00,124.78099822998047,124.83300018310547,124.72000122070312,124.74800109863281
2026-06-25 12:00:00+01:00,124.74700164794922,124.8550033569336,124.64299774169922,124.7770004272461
2026-06-25 16:00:00+01:00,124.7750015258789,124.84500122070312,124.75299835205078,124.81900024414062
2026-06-25 20:00:00+01:00,124.81999969482422,124.84400177001953,124.61000061035156,124.78299713134766
2026-06-26 00:00:00+01:00,124.77899932861328,124.83200073242188,124.68599700927734,124.70800018310547
2026-06-26 04:00:00+01:00,124.70999908447266,124.87100219726562,124.63400268554688,124.81099700927734
2026-06-26 08:00:00+01:00,124.80899810791016,124.92500305175781,124.77799987792969,124.91200256347656
2026-06-26 12:00:00+01:00,124.91400146484375,125.00900268554688,124.87200164794922,124.98899841308594
2026-06-26 16:00:00+01:00,124.98699951171875,125.01499938964844,124.875,124.93199920654297
2026-06-26 20:00:00+01:00,124.93499755859375,124.9990005493164,124.8479995727539,124.99800109863281
2026-06-29 00:00:00+01:00,124.98400115966797,125.03800201416016,124.88200378417969,125.00499725341797
2026-06-29 04:00:00+01:00,125.00399780273438,125.11599731445312,124.9800033569336,125.1050033569336
2026-06-29 08:00:00+01:00,125.10800170898438,125.16899871826172,125.06099700927734,125.13300323486328
2026-06-29 12:00:00+01:00,125.13099670410156,125.21499633789062,125.08000183105469,125.19200134277344
2026-06-29 16:00:00+01:00,125.19300079345703,125.32599639892578,125.16600036621094,125.31900024414062
2026-06-29 20:00:00+01:00,125.31999969482422,125.31999969482422,125.1449966430664,125.2760009765625
2026-06-30 00:00:00+01:00,125.27999877929688,125.52999877929688,125.2030029296875,125.31700134277344
2026-06-30 04:00:00+01:00,125.31300354003906,125.4229965209961,125.2300033569336,125.31400299072266
2026-06-30 08:00:00+01:00,125.31500244140625,125.41400146484375,125.27100372314453,125.39099884033203
2026-06-30 12:00:00+01:00,125.39399719238281,125.65799713134766,125.1240005493164,125.625
2026-06-30 16:00:00+01:00,125.625,125.67500305175781,125.58599853515625,125.6719970703125
2026-06-30 20:00:00+01:00,125.6729965209961,125.71399688720703,125.39600372314453,125.66300201416016
2026-07-01 00:00:00+01:00,125.66300201416016,125.677001953125,125.52899932861328,125.58899688720703
2026-07-01 04:00:00+01:00,125.59100341796875,125.61199951171875,125.43399810791016,125.50599670410156
2026-07-01 08:00:00+01:00,125.50700378417969,125.52899932861328,125.43199920654297,125.51100158691406
2026-07-01 12:00:00+01:00,125.51000213623047,125.51599884033203,125.27899932861328,125.36799621582031
2026-07-01 16:00:00+01:00,125.36599731445312,125.44400024414062,125.33799743652344,125.40299987792969
2026-07-01 20:00:00+01:00,125.40399932861328,125.51699829101562,125.23699951171875,125.42500305175781
2026-07-02 00:00:00+01:00,125.427001953125,125.53399658203125,125.38700103759766,125.47100067138672
2026-07-02 04:00:00+01:00,125.46900177001953,125.49099731445312,124.53700256347656,125.02100372314453
2026-07-02 08:00:00+01:00,125.02200317382812,125.0979995727539,124.4489974975586,124.70800018310547
2026-07-02 12:00:00+01:00,124.70999908447266,124.83300018310547,124.37999725341797,124.70600128173828
2026-07-02 16:00:00+01:00,124.70800018310547,124.71299743652344,124.5479965209961,124.66500091552734
2026-07-02 20:00:00+01:00,124.66300201416016,124.7959976196289,124.36000061035156,124.7750015258789
2026-07-03 00:00:00+01:00,124.76499938964844,124.91300201416016,124.63500213623047,124.78399658203125
2026-07-03 04:00:00+01:00,124.78199768066406,124.83799743652344,124.41899871826172,124.66600036621094
2026-07-03 08:00:00+01:00,124.66999816894531,124.86399841308594,124.58699798583984,124.81600189208984
2026-07-03 12:00:00+01:00,124.81500244140625,124.90599822998047,124.81400299072266,124.88899993896484
2026-07-03 16:00:00+01:00,124.88700103759766,124.9489974975586,124.84700012207031,124.92500305175781
2026-07-03 20:00:00+01:00,124.9280014038086,124.9469985961914,124.80699920654297,124.9469985961914
2026-07-06 00:00:00+01:00,124.94200134277344,125.21800231933594,124.93599700927734,125.19200134277344
2026-07-06 04:00:00+01:00,125.19300079345703,125.45700073242188,125.16100311279297,125.42500305175781
2026-07-06 08:00:00+01:00,125.4260025024414,125.51899719238281,125.37799835205078,125.4729995727539
2026-07-06 12:00:00+01:00,125.4749984741211,125.53099822998047,125.43599700927734,125.49500274658203
2026-07-06 16:00:00+01:00,125.49500274658203,125.56099700927734,125.4489974975586,125.46499633789062
2026-07-06 20:00:00+01:00,125.47100067138672,125.5009994506836,125.26799774169922,125.427001953125
2026-07-07 00:00:00+01:00,125.42500305175781,125.54100036621094,125.23999786376953,125.34100341796875
2026-07-07 04:00:00+01:00,125.34200286865234,125.36399841308594,125.14900207519531,125.3479995727539
2026-07-07 08:00:00+01:00,125.3499984741211,125.37799835205078,125.10199737548828,125.37799835205078
2026-07-07 12:00:00+01:00,125.3759994506836,125.40299987792969,125.30599975585938,125.35600280761719
2026-07-07 16:00:00+01:00,125.35700225830078,125.38600158691406,125.26699829101562,125.28299713134766
2026-07-07 20:00:00+01:00,125.28299713134766,125.4749984741211,125.24400329589844,125.41600036621094
2026-07-08 00:00:00+01:00,125.41600036621094,125.61499786376953,125.38999938964844,125.58300018310547
2026-07-08 04:00:00+01:00,125.58499908447266,125.63800048828125,125.49199676513672,125.55899810791016
2026-07-08 08:00:00+01:00,125.56099700927734,125.62999725341797,125.38200378417969,125.57099914550781
2026-07-08 12:00:00+01:00,125.56999969482422,125.63500213623047,125.49500274658203,125.58499908447266
2026-07-08 16:00:00+01:00,125.58599853515625,125.64099884033203,125.54100036621094,125.61900329589844
2026-07-08 20:00:00+01:00,125.62100219726562,125.71600341796875,125.48400115966797,125.63600158691406
2026-07-09 00:00:00+01:00,125.64299774169922,125.68199920654297,125.56199645996094,125.61399841308594
2026-07-09 04:00:00+01:00,125.61299896240234,125.65799713134766,125.56199645996094,125.58599853515625
2026-07-09 08:00:00+01:00,125.58699798583984,125.6259994506836,125.54199981689453,125.59400177001953
2026-07-09 12:00:00+01:00,125.59700012207031,125.6500015258789,125.52100372314453,125.59400177001953
2026-07-09 16:00:00+01:00,125.59400177001953,125.63700103759766,125.56900024414062,125.61599731445312
2026-07-09 20:00:00+01:00,125.61499786376953,125.6989974975586,125.46299743652344,125.63700103759766
2026-07-10 00:00:00+01:00,125.63099670410156,125.6709976196289,125.05000305175781,125.15299987792969
2026-07-10 04:00:00+01:00,125.1500015258789,125.23200225830078,125.0459976196289,125.1729965209961
2026-07-10 08:00:00+01:00,125.17500305175781,125.37200164794922,125.15499877929688,125.31900024414062
2026-07-10 12:00:00+01:00,125.3239974975586,125.37300109863281,125.21700286865234,125.27899932861328
2026-07-10 16:00:00+01:00,125.2770004272461,125.29000091552734,124.96800231933594,125.15799713134766
2026-07-10 20:00:00+01:00,125.15899658203125,125.22200012207031,125.05699920654297,125.1780014038086
2026-07-13 00:00:00+01:00,125.29399871826172,125.34100341796875,125.18900299072266,125.2239990234375
2026-07-13 04:00:00+01:00,125.2249984741211,125.42900085449219,125.18199920654297,125.36799621582031
2026-07-13 08:00:00+01:00,125.37000274658203,125.47000122070312,125.11599731445312,125.43599700927734
2026-07-13 12:00:00+01:00,125.43800354003906,125.58999633789062,125.40599822998047,125.56199645996094
2026-07-13 16:00:00+01:00,125.56400299072266,125.57499694824219,125.42400360107422,125.42500305175781
2026-07-13 20:00:00+01:00,125.42900085449219,125.53800201416016,125.38500213623047,125.47799682617188
2026-07-14 00:00:00+01:00,125.47699737548828,125.48799896240234,125.36199951171875,125.43299865722656
2026-07-14 04:00:00+01:00,125.43299865722656,125.52999877929688,125.4209976196289,125.48600006103516
2026-07-14 08:00:00+01:00,125.49099731445312,125.572998046875,125.375,125.45999908447266
2026-07-14 12:00:00+01:00,125.45800018310547,125.5790023803711,125.1240005493164,125.56900024414062
2026-07-14 16:00:00+01:00,125.57099914550781,125.6510009765625,125.51300048828125,125.63099670410156
2026-07-14 20:00:00+01:00,125.63099670410156,125.70600128173828,125.427001953125,125.64900207519531
2026-07-15 00:00:00+01:00,125.6520004272461,125.68900299072266,125.54900360107422,125.64399719238281
2026-07-15 04:00:00+01:00,125.64199829101562,125.74800109863281,125.63600158691406,125.68099975585938
2026-07-15 08:00:00+01:00,125.68199920654297,125.70600128173828,125.61000061035156,125.625
2026-07-15 12:00:00+01:00,125.62899780273438,125.72200012207031,125.61199951171875,125.69200134277344
2026-07-15 16:00:00+01:00,125.69100189208984,125.76699829101562,125.66100311279297,125.74199676513672
2026-07-15 20:00:00+01:00,125.74600219726562,125.88899993896484,125.51200103759766,125.76899719238281
2026-07-16 00:00:00+01:00,125.77400207519531,125.83599853515625,125.71099853515625,125.82099914550781
2026-07-16 04:00:00+01:00,125.81900024414062,125.875,125.7770004272461,125.8270034790039
2026-07-16 08:00:00+01:00,125.8290023803711,125.8479995727539,125.72000122070312,125.78099822998047
2026-07-16 12:00:00+01:00,125.78199768066406,125.89900207519531,125.71900177001953,125.89199829101562
2026-07-16 16:00:00+01:00,125.89399719238281,125.90299987792969,125.7969970703125,125.80899810791016
2026-07-16 20:00:00+01:00,125.80799865722656,126.00900268554688,125.71499633789062,125.81900024414062
2026-07-17 00:00:00+01:00,125.80999755859375,125.90899658203125,125.73999786376953,125.76899719238281
2026-07-17 04:00:00+01:00,125.7699966430664,125.90699768066406,125.70700073242188,125.80999755859375
2026-07-17 08:00:00+01:00,125.80799865722656,125.87200164794922,125.70700073242188,125.72799682617188
2026-07-17 12:00:00+01:00,125.72599792480469,125.77100372314453,125.65299987792969,125.76899719238281
2026-07-17 16:00:00+01:00,125.77100372314453,125.81600189208984,125.68900299072266,125.75399780273438
2026-07-17 20:00:00+01:00,125.75199890136719,125.77899932861328,125.65399932861328,125.72000122070312
2026-07-20 00:00:00+01:00,125.76599884033203,125.80000305175781,125.68299865722656,125.7699966430664
2026-07-20 04:00:00+01:00,125.7699966430664,125.81999969482422,125.73799896240234,125.78800201416016
2026-07-20 08:00:00+01:00,125.78900146484375,125.86499786376953,125.78600311279297,125.81099700927734
2026-07-20 12:00:00+01:00,125.81300354003906,125.9020004272461,125.72699737548828,125.83799743652344
2026-07-20 16:00:00+01:00,125.83899688720703,125.89700317382812,125.76899719238281,125.8499984741211
2026-07-20 20:00:00+01:00,125.8479995727539,125.89399719238281,125.69300079345703,125.85099792480469
2026-07-21 00:00:00+01:00,125.85299682617188,125.91300201416016,125.78800201416016,125.87699890136719
2026-07-21 04:00:00+01:00,125.875,126.0469970703125,125.86399841308594,126.03700256347656
2026-07-21 08:00:00+01:00,126.03900146484375,126.13999938964844,126.02300262451172,126.08000183105469
2026-07-21 12:00:00+01:00,126.08200073242188,126.20500183105469,126.03199768066406,126.19499969482422
2026-07-21 16:00:00+01:00,126.1969985961914,126.32499694824219,126.11799621582031,126.30500030517578
2026-07-21 20:00:00+01:00,126.302001953125,126.41699981689453,126.1989974975586,126.30699920654297
2026-07-22 00:00:00+01:00,126.30000305175781,126.3239974975586,126.21399688720703,126.26699829101562
2026-07-22 04:00:00+01:00,126.26799774169922,126.40599822998047,126.26100158691406,126.35099792480469
2026-07-22 08:00:00+01:00,126.3499984741211,126.41300201416016,126.10399627685547,126.24099731445312
2026-07-22 12:00:00+01:00,126.23899841308594,126.33000183105469,126.21700286865234,126.3270034790039
2026-07-22 16:00:00+01:00,126.3280029296875,126.36900329589844,126.29399871826172,126.31999969482422
2026-07-22 20:00:00+01:00,126.322998046875,126.36599731445312,126.26499938964844,126.3499984741211
2026-07-23 00:00:00+01:00,126.3010025024414,126.375,126.25399780273438,126.35900115966797
