Datetime,Open,High,Low,Close
2024-07-23 00:00:00+01:00,32.875,32.95100021362305,32.837501525878906,32.898231506347656
2024-07-23 04:00:00+01:00,32.935001373291016,32.94900131225586,32.79199981689453,32.933509826660156
2024-07-23 08:00:00+01:00,32.93080139160156,32.964351654052734,32.784000396728516,32.92243957519531
2024-07-23 12:00:00+01:00,32.94559860229492,32.951900482177734,32.70500183105469,32.8147087097168
2024-07-23 16:00:00+01:00,32.8047981262207,32.83700180053711,32.722999572753906,32.823699951171875
2024-07-23 20:00:00+01:00,32.82389831542969,32.87179946899414,32.71200180053711,32.81045150756836
2024-07-24 00:00:00+01:00,32.837398529052734,32.85260009765625,32.78099822998047,32.82109832763672
2024-07-24 04:00:00+01:00,32.818119049072266,32.87009811401367,32.772701263427734,32.8650016784668
2024-07-24 08:00:00+01:00,32.86587142944336,32.874488830566406,32.715999603271484,32.86940002441406
2024-07-24 12:00:00+01:00,32.86838912963867,32.87220001220703,32.698001861572266,32.84366989135742
2024-07-24 16:00:00+01:00,32.84239959716797,32.85219955444336,32.733001708984375,32.81589889526367
2024-07-24 20:00:00+01:00,32.82080078125,32.869998931884766,32.72999954223633,32.83549880981445
2024-07-25 00:00:00+01:00,32.84120178222656,33.108001708984375,32.7593994140625,32.985198974609375
2024-07-25 04:00:00+01:00,32.984500885009766,33.0620002746582,32.840999603271484,32.97819900512695
2024-07-25 08:00:00+01:00,32.97705841064453,33.09090042114258,32.8390007019043,33.077301025390625
2024-07-25 12:00:00+01:00,33.0772705078125,33.092830657958984,32.85900115966797,33.00849914550781
2024-07-25 16:00:00+01:00,33.00230026245117,33.07699966430664,32.86479949951172,33.018798828125
2024-07-25 20:00:00+01:00,33.01564025878906,33.12990188598633,32.83810043334961,33.09114074707031
2024-07-26 00:00:00+01:00,33.09975051879883,33.14899826049805,33.02410125732422,33.05979919433594
2024-07-26 04:00:00+01:00,33.0620002746582,33.11534881591797,32.9900016784668,33.103641510009766
2024-07-26 08:00:00+01:00,33.10559844970703,33.12274169921875,32.845001220703125,33.011539459228516
2024-07-26 12:00:00+01:00,33.011131286621094,33.01300048828125,32.81800079345703,32.992000579833984
2024-07-26 16:00:00+01:00,32.99549865722656,32.99760055541992,32.83869934082031,32.914100646972656
2024-07-26 20:00:00+01:00,32.925628662109375,32.94599914550781,32.86149978637695,32.90420150756836
2024-07-29 00:00:00+01:00,32.76689910888672,33.011070251464844,32.76570129394531,32.87630081176758
2024-07-29 04:00:00+01:00,32.87179946899414,33.009498596191406,32.847198486328125,32.989200592041016
2024-07-29 08:00:00+01:00,32.98625183105469,33.03390121459961,32.85499954223633,33.02191162109375
2024-07-29 12:00:00+01:00,33.015499114990234,33.02790069580078,32.86899948120117,33.018489837646484
2024-07-29 16:00:00+01:00,33.017799377441406,33.096099853515625,32.998199462890625,33.01374053955078
2024-07-29 20:00:00+01:00,33.01390075683594,33.16460037231445,32.946998596191406,33.05950164794922
2024-07-30 00:00:00+01:00,33.05514907836914,33.076988220214844,33.01499938964844,33.044898986816406
2024-07-30 04:00:00+01:00,33.0447998046875,33.089420318603516,32.94599914550781,33.08300018310547
2024-07-30 08:00:00+01:00,33.082000732421875,33.09080123901367,32.93899917602539,33.0854606628418
2024-07-30 12:00:00+01:00,33.08584976196289,33.097198486328125,32.946998596191406,33.082801818847656
2024-07-30 16:00:00+01:00,33.080039978027344,33.09000015258789,33.05580139160156,33.072601318359375
2024-07-30 20:00:00+01:00,33.07460021972656,33.11000061035156,33.04669952392578,33.08100128173828
2024-07-31 00:00:00+01:00,33.10483932495117,33.13100051879883,33.07630157470703,33.11240005493164
2024-07-31 04:00:00+01:00,33.1077995300293,33.14860153198242,32.98500061035156,33.13277053833008
2024-07-31 08:00:00+01:00,33.13359832763672,33.166839599609375,32.99700164794922,33.13747024536133
2024-07-31 12:00:00+01:00,33.137908935546875,33.16529846191406,32.992000579833984,33.105430603027344
2024-07-31 16:00:00+01:00,33.105430603027344,33.1609001159668,33.08292007446289,33.09320068359375
2024-07-31 20:00:00+01:00,33.10009002685547,33.17499923706055,33.07680130004883,33.15169906616211
2024-08-01 00:00:00+01:00,33.154640197753906,33.19770050048828,33.13949966430664,33.17264175415039
2024-08-01 04:00:00+01:00,33.17020034790039,33.17940139770508,33.08890151977539,33.15700149536133
2024-08-01 08:00:00+01:00,33.1591796875,33.163448333740234,32.97600173950195,33.113990783691406
2024-08-01 12:00:00+01:00,33.113990783691406,33.11600112915039,32.92100143432617,33.061180114746094
2024-08-01 16:00:00+01:00,33.061180114746094,33.1150016784668,33.05379867553711,33.089900970458984
2024-08-01 20:00:00+01:00,33.08919906616211,33.21229934692383,33.04600143432617,33.137901306152344
2024-08-02 00:00:00+01:00,33.14337158203125,33.20869827270508,33.12665939331055,33.176719665527344
2024-08-02 04:00:00+01:00,33.17879867553711,33.31399917602539,33.02199935913086,33.1525993347168
2024-08-02 08:00:00+01:00,33.17100143432617,33.1844482421875,33.00299835205078,33.159000396728516
2024-08-02 12:00:00+01:00,33.15719985961914,33.21929931640625,32.9900016784668,33.217620849609375
2024-08-02 16:00:00+01:00,33.21944046020508,33.233848571777344,33.14149856567383,33.17015838623047
2024-08-02 20:00:00+01:00,33.17063903808594,33.245399475097656,33.15169906616211,33.167999267578125
2024-08-05 00:00:00+01:00,33.239410400390625,33.28110122680664,33.21580123901367,33.24290084838867
2024-08-05 04:00:00+01:00,33.239200592041016,33.35382080078125,33.1510009765625,33.29216003417969
2024-08-05 08:00:00+01:00,33.27989959716797,33.37620162963867,33.180999755859375,33.34354019165039
2024-08-05 12:00:00+01:00,33.344120025634766,33.420799255371094,33.198001861572266,33.41722106933594
2024-08-05 16:00:00+01:00,33.41664123535156,33.41780090332031,33.28569030761719,33.361019134521484
2024-08-05 20:00:00+01:00,33.36240005493164,33.428001403808594,33.293800354003906,33.38119888305664
2024-08-06 00:00:00+01:00,33.4093017578125,33.494300842285156,33.334598541259766,33.46390151977539
2024-08-06 04:00:00+01:00,33.463401794433594,33.46730041503906,33.099998474121094,33.285030364990234
2024-08-06 08:00:00+01:00,33.285091400146484,33.59598922729492,33.26449966430664,33.55268859863281
2024-08-06 12:00:00+01:00,33.55448913574219,33.612491607666016,33.395999908447266,33.60329818725586
2024-08-06 16:00:00+01:00,33.60940933227539,33.664798736572266,33.54330062866211,33.581298828125
2024-08-06 20:00:00+01:00,33.580101013183594,33.62139892578125,33.55509948730469,33.60810089111328
2024-08-07 00:00:00+01:00,33.6057014465332,33.64059829711914,33.46329879760742,33.5275993347168
2024-08-07 04:00:00+01:00,33.5281982421875,33.57229995727539,33.38999938964844,33.54520034790039
2024-08-07 08:00:00+01:00,33.545631408691406,33.60860061645508,33.40700149536133,33.521881103515625
2024-08-07 12:00:00+01:00,33.521610260009766,33.53480911254883,33.32699966430664,33.50257873535156
2024-08-07 16:00:00+01:00,33.5023193359375,33.5023193359375,33.42720031738281,33.45130157470703
2024-08-07 20:00:00+01:00,33.451499938964844,33.55110168457031,33.402000427246094,33.4817008972168
2024-08-08 00:00:00+01:00,33.47629165649414,33.54750061035156,33.47610092163086,33.50090026855469
2024-08-08 04:00:00+01:00,33.5005989074707,33.541500091552734,33.37799835205078,33.534271240234375
2024-08-08 08:00:00+01:00,33.524200439453125,33.547298431396484,33.3390007019043,33.49399948120117
2024-08-08 12:00:00+01:00,33.49610137939453,33.50849151611328,33.33300018310547,33.474029541015625
2024-08-08 16:00:00+01:00,33.474029541015625,33.52389907836914,33.42399978637695,33.47795104980469
2024-08-08 20:00:00+01:00,33.474281311035156,33.57099914550781,33.4281005859375,33.52159881591797
2024-08-09 00:00:00+01:00,33.52479934692383,33.5620002746582,33.51158142089844,33.5269889831543
2024-08-09 04:00:00+01:00,33.52872085571289,33.5880012512207,33.48320007324219,33.566490173339844
2024-08-09 08:00:00+01:00,33.56800079345703,33.59505844116211,33.345001220703125,33.56911849975586
2024-08-09 12:00:00+01:00,33.57149887084961,33.57419967651367,33.38100051879883,33.51570129394531
2024-08-09 16:00:00+01:00,33.51729965209961,33.53889846801758,33.44269943237305,33.49810028076172
2024-08-09 20:00:00+01:00,33.5040283203125,33.61840057373047,33.440101623535156,33.4838981628418
2024-08-12 00:00:00+01:00,33.49660873413086,33.567100524902344,33.48571014404297,33.538700103759766
2024-08-12 04:00:00+01:00,33.514400482177734,33.58570098876953,33.40800094604492,33.56766891479492
2024-08-12 08:00:00+01:00,33.564300537109375,33.57154846191406,33.400001525878906,33.54267120361328
2024-08-12 12:00:00+01:00,33.54267120361328,33.54410171508789,33.367000579833984,33.53089904785156
2024-08-12 16:00:00+01:00,33.53070068359375,33.57749938964844,33.417999267578125,33.53450012207031
2024-08-12 20:00:00+01:00,33.53168869018555,33.59199905395508,33.45800018310547,33.520999908447266
2024-08-13 00:00:00+01:00,33.52790069580078,33.55500030517578,33.47330093383789,33.503299713134766
2024-08-13 04:00:00+01:00,33.50328063964844,33.56800079345703,33.40700149536133,33.551998138427734
2024-08-13 08:00:00+01:00,33.55392074584961,33.57210159301758,33.404998779296875,33.550628662109375
2024-08-13 12:00:00+01:00,33.54962158203125,33.558998107910156,33.39500045776367,33.54560089111328
2024-08-13 16:00:00+01:00,33.545440673828125,33.56536102294922,33.39500045776367,33.53779983520508
2024-08-13 20:00:00+01:00,33.536991119384766,33.549198150634766,33.46649932861328,33.50347137451172
2024-08-14 00:00:00+01:00,33.50872039794922,33.5369987487793,33.4656982421875,33.49300003051758
2024-08-14 04:00:00+01:00,33.5192985534668,33.57754898071289,33.422000885009766,33.55699920654297
2024-08-14 08:00:00+01:00,33.55799865722656,33.57040023803711,33.39500045776367,33.5369987487793
2024-08-14 12:00:00+01:00,33.539100646972656,33.569698333740234,33.39099884033203,33.56586837768555
2024-08-14 16:00:00+01:00,33.565399169921875,33.64509963989258,33.53499984741211,33.59804153442383
2024-08-14 20:00:00+01:00,33.59674835205078,33.62699890136719,33.559200286865234,33.592201232910156
2024-08-15 00:00:00+01:00,33.58980178833008,33.61800003051758,33.57609939575195,33.60380172729492
2024-08-15 04:00:00+01:00,33.617000579833984,33.65711975097656,33.45500183105469,33.639801025390625
2024-08-15 08:00:00+01:00,33.644508361816406,33.67142105102539,33.481998443603516,33.63999938964844
2024-08-15 12:00:00+01:00,33.63880157470703,33.643798828125,33.45100021362305,33.60689926147461
2024-08-15 16:00:00+01:00,33.60749816894531,33.635101318359375,33.45500183105469,33.61029815673828
2024-08-15 20:00:00+01:00,33.612998962402344,33.68949890136719,33.572200775146484,33.66559982299805
2024-08-16 00:00:00+01:00,33.664451599121094,33.73210144042969,33.6421012878418,33.687599182128906
2024-08-16 04:00:00+01:00,33.68880081176758,33.76350021362305,33.52299880981445,33.69538116455078
2024-08-16 08:00:00+01:00,33.6976318359375,33.70180130004883,33.52399826049805,33.678001403808594
2024-08-16 12:00:00+01:00,33.68037033081055,33.702301025390625,33.5260009765625,33.69150161743164
2024-08-16 16:00:00+01:00,33.695648193359375,33.70589828491211,33.65399932861328,33.67539978027344
2024-08-16 20:00:00+01:00,33.670658111572266,33.703399658203125,33.64289855957031,33.703399658203125
2024-08-19 00:00:00+01:00,33.67594909667969,33.68431854248047,33.654701232910156,33.66582107543945
2024-08-19 04:00:00+01:00,33.673099517822266,33.71549987792969,33.63159942626953,33.7140007019043
2024-08-19 08:00:00+01:00,33.71297073364258,33.74448013305664,33.571998596191406,33.72600173950195
2024-08-19 12:00:00+01:00,33.72629928588867,33.75463104248047,33.582000732421875,33.74810028076172
2024-08-19 16:00:00+01:00,33.744659423828125,33.76150131225586,33.599998474121094,33.745399475097656
2024-08-19 20:00:00+01:00,33.74869918823242,33.782798767089844,33.595001220703125,33.77048873901367
2024-08-20 00:00:00+01:00,33.7624397277832,33.785099029541016,33.738189697265625,33.77149963378906
2024-08-20 04:00:00+01:00,33.771400451660156,33.781158447265625,33.619998931884766,33.777000427246094
2024-08-20 08:00:00+01:00,33.779510498046875,33.83549880981445,33.63800048828125,33.81800079345703
2024-08-20 12:00:00+01:00,33.816001892089844,33.88999938964844,33.66600036621094,33.87276077270508
2024-08-20 16:00:00+01:00,33.875701904296875,33.894588470458984,33.81800079345703,33.85969924926758
2024-08-20 20:00:00+01:00,33.8557014465332,33.954200744628906,33.83940124511719,33.89418029785156
2024-08-21 00:00:00+01:00,33.893699645996094,33.97800064086914,33.86383056640625,33.91749954223633
2024-08-21 04:00:00+01:00,33.93857955932617,33.95600128173828,33.766998291015625,33.91648864746094
2024-08-21 08:00:00+01:00,33.916011810302734,33.93170166015625,33.755001068115234,33.926998138427734
2024-08-21 12:00:00+01:00,33.926700592041016,33.93159866333008,33.770999908447266,33.89030075073242
2024-08-21 16:00:00+01:00,33.913089752197266,33.92156982421875,33.86859893798828,33.90399932861328
2024-08-21 20:00:00+01:00,33.898441314697266,33.93000030517578,33.831298828125,33.905399322509766
2024-08-22 00:00:00+01:00,33.90095138549805,33.94449996948242,33.90095138549805,33.91780090332031
2024-08-22 04:00:00+01:00,33.91831970214844,33.94697189331055,33.82509994506836,33.944698333740234
2024-08-22 08:00:00+01:00,33.94129943847656,33.95362854003906,33.920501708984375,33.924110412597656
2024-08-22 12:00:00+01:00,33.925880432128906,33.93510055541992,33.75299835205078,33.910701751708984
2024-08-22 16:00:00+01:00,33.90810012817383,33.939998626708984,33.75,33.90449142456055
2024-08-22 20:00:00+01:00,33.90449142456055,33.96649932861328,33.85499954223633,33.958900451660156
2024-08-23 00:00:00+01:00,33.9546012878418,33.98540115356445,33.93437957763672,33.960899353027344
2024-08-23 04:00:00+01:00,33.955528259277344,33.97882843017578,33.790000915527344,33.974491119384766
2024-08-23 08:00:00+01:00,33.97159957885742,34.00178909301758,33.95199966430664,33.99789810180664
2024-08-23 12:00:00+01:00,33.999549865722656,34.00667190551758,33.9193000793457,33.99776077270508
2024-08-23 16:00:00+01:00,33.997779846191406,34.00120162963867,33.94179153442383,33.94929885864258
2024-08-23 20:00:00+01:00,33.95756912231445,33.990150451660156,33.88159942626953,33.95880126953125
2024-08-26 00:00:00+01:00,34.013301849365234,34.057098388671875,33.95130157470703,33.972740173339844
2024-08-26 04:00:00+01:00,33.980491638183594,34.02199935913086,33.9275016784668,34.0088996887207
2024-08-26 08:00:00+01:00,34.014381408691406,34.02473831176758,33.86000061035156,34.00510025024414
2024-08-26 12:00:00+01:00,34.00394058227539,34.02009963989258,33.85599899291992,33.989898681640625
2024-08-26 16:00:00+01:00,33.99436950683594,34.00519943237305,33.95199966430664,33.98970031738281
2024-08-26 20:00:00+01:00,33.99079895019531,34.02399826049805,33.849998474121094,34.004398345947266
2024-08-27 00:00:00+01:00,34.012001037597656,34.04140090942383,33.97669982910156,33.98976135253906
2024-08-27 04:00:00+01:00,33.98535919189453,34.030601501464844,33.880001068115234,34.025699615478516
2024-08-27 08:00:00+01:00,34.0265998840332,34.03401184082031,33.88199996948242,34.029998779296875
2024-08-27 12:00:00+01:00,34.031158447265625,34.034000396728516,33.88199996948242,34.030799865722656
2024-08-27 16:00:00+01:00,34.0294189453125,34.03200149536133,33.98255157470703,34.00844955444336
2024-08-27 20:00:00+01:00,34.00310134887695,34.0359992980957,33.97840118408203,34.014198303222656
2024-08-28 00:00:00+01:00,34.025901794433594,34.40589904785156,34.00519943237305,34.04169845581055
2024-08-28 04:00:00+01:00,34.04199981689453,34.185001373291016,33.900001525878906,34.03664016723633
2024-08-28 08:00:00+01:00,34.03947067260742,34.047298431396484,33.869998931884766,34.022491455078125
2024-08-28 12:00:00+01:00,34.022491455078125,34.06039810180664,33.88600158691406,34.05863952636719
2024-08-28 16:00:00+01:00,34.05699920654297,34.060298919677734,34.028099060058594,34.04528045654297
2024-08-28 20:00:00+01:00,34.05099868774414,34.26850128173828,34.005680084228516,34.152000427246094
2024-08-29 00:00:00+01:00,34.156898498535156,34.21549987792969,34.0625,34.120399475097656
2024-08-29 04:00:00+01:00,34.152198791503906,34.1713981628418,34.05186080932617,34.07855987548828
2024-08-29 08:00:00+01:00,34.07889938354492,34.099849700927734,33.9922981262207,34.077880859375
2024-08-29 12:00:00+01:00,34.08000183105469,34.09788131713867,33.91299819946289,34.07741928100586
2024-08-29 16:00:00+01:00,34.07918930053711,34.08359909057617,34.04433822631836,34.05929946899414
2024-08-29 20:00:00+01:00,34.057498931884766,34.091800689697266,34.04169845581055,34.0625
2024-08-30 00:00:00+01:00,34.06793975830078,34.089298248291016,34.048500061035156,34.07648849487305
2024-08-30 04:00:00+01:00,34.07648849487305,34.08869934082031,34.04140090942383,34.06560134887695
2024-08-30 08:00:00+01:00,34.06589889526367,34.072471618652344,33.999900817871094,34.065799713134766
2024-08-30 12:00:00+01:00,34.06385040283203,34.07680892944336,34.02959060668945,34.07400894165039
2024-08-30 16:00:00+01:00,34.07398986816406,34.07780075073242,34.034000396728516,34.0723991394043
2024-08-30 20:00:00+01:00,34.07339859008789,34.0807991027832,33.987701416015625,34.07109832763672
2024-09-02 00:00:00+01:00,34.0666389465332,34.08919906616211,34.02479934692383,34.063899993896484
2024-09-02 04:00:00+01:00,34.05739974975586,34.08380126953125,34.02899932861328,34.061100006103516
2024-09-02 08:00:00+01:00,34.058998107910156,34.06776809692383,33.823001861572266,34.00849914550781
2024-09-02 12:00:00+01:00,34.00862121582031,34.020301818847656,33.76499938964844,33.917728424072266
2024-09-02 16:00:00+01:00,33.91796875,33.92020034790039,33.86259841918945,33.88193130493164
2024-09-02 20:00:00+01:00,33.887020111083984,33.92770004272461,33.756500244140625,33.8916015625
2024-09-03 00:00:00+01:00,33.8985595703125,33.932498931884766,33.8734016418457,33.895198822021484
2024-09-03 04:00:00+01:00,33.913658142089844,33.96099853515625,33.78200149536133,33.9379997253418
2024-09-03 08:00:00+01:00,33.92940902709961,33.99386978149414,33.78499984741211,33.962890625
2024-09-03 12:00:00+01:00,33.96104049682617,34.02402877807617,33.834999084472656,34.01559829711914
2024-09-03 16:00:00+01:00,34.00905990600586,34.017799377441406,33.968509674072266,33.97829818725586
2024-09-03 20:00:00+01:00,33.976898193359375,34.007999420166016,33.917301177978516,33.974178314208984
2024-09-04 00:00:00+01:00,33.9899787902832,34.01599884033203,33.95320129394531,33.98310089111328
2024-09-04 04:00:00+01:00,34.00199890136719,34.087520599365234,33.91559982299805,34.07929992675781
2024-09-04 08:00:00+01:00,34.07664108276367,34.08769989013672,33.89099884033203,34.0359992980957
2024-09-04 12:00:00+01:00,34.034000396728516,34.04901123046875,33.87200164794922,34.01559066772461
2024-09-04 16:00:00+01:00,34.01530075073242,34.04100036621094,33.95930099487305,34.002010345458984
2024-09-04 20:00:00+01:00,34.002010345458984,34.04349899291992,33.9390983581543,34.01150131225586
2024-09-05 00:00:00+01:00,34.0098991394043,34.04880142211914,33.971500396728516,34.01359939575195
2024-09-05 04:00:00+01:00,34.0098991394043,34.04399871826172,33.849998474121094,33.98699951171875
2024-09-05 08:00:00+01:00,33.98984146118164,34.012001037597656,33.81999969482422,34.00212860107422
2024-09-05 12:00:00+01:00,34.002899169921875,34.00510025024414,33.78900146484375,33.936100006103516
2024-09-05 16:00:00+01:00,33.93349075317383,33.97159957885742,33.898231506347656,33.92390060424805
2024-09-05 20:00:00+01:00,33.924400329589844,34.00899887084961,33.888999938964844,33.984798431396484
2024-09-06 00:00:00+01:00,33.957000732421875,33.992000579833984,33.91569900512695,33.95859909057617
2024-09-06 04:00:00+01:00,33.95840072631836,34.03887939453125,33.91849899291992,34.033599853515625
2024-09-06 08:00:00+01:00,34.03348159790039,34.03559875488281,33.91640090942383,33.98870086669922
2024-09-06 12:00:00+01:00,33.98720169067383,34.032100677490234,33.80400085449219,34.02070999145508
2024-09-06 16:00:00+01:00,34.02000045776367,34.0620002746582,33.924800872802734,33.96220016479492
2024-09-06 20:00:00+01:00,33.958499908447266,34.003501892089844,33.85850143432617,33.95050048828125
2024-09-09 00:00:00+01:00,34.00468826293945,34.024200439453125,33.95180130004883,34.00299835205078
2024-09-09 04:00:00+01:00,34.00437927246094,34.038150787353516,33.869998931884766,34.029541015625
2024-09-09 08:00:00+01:00,34.03102111816406,34.079898834228516,33.858001708984375,34.0478401184082
2024-09-09 12:00:00+01:00,34.048240661621094,34.06052017211914,33.89400100708008,34.03450012207031
2024-09-09 16:00:00+01:00,34.03493881225586,34.058799743652344,33.99789810180664,34.05160140991211
2024-09-09 20:00:00+01:00,34.04600143432617,34.084999084472656,33.97679901123047,34.03300094604492
2024-09-10 00:00:00+01:00,34.04240036010742,34.105201721191406,34.015899658203125,34.07160186767578
2024-09-10 04:00:00+01:00,34.06850051879883,34.096500396728516,33.92300033569336,33.9379997253418
2024-09-10 08:00:00+01:00,33.928001403808594,34.08470153808594,33.90800094604492,34.05509948730469
2024-09-10 12:00:00+01:00,34.05550003051758,34.061038970947266,33.902000427246094,34.03596878051758
2024-09-10 16:00:00+01:00,34.03596878051758,34.05699920654297,34.01839828491211,34.03950119018555
2024-09-10 20:00:00+01:00,34.03953170776367,34.058998107910156,33.9202995300293,34.0452995300293
2024-09-11 00:00:00+01:00,33.992801666259766,34.05400085449219,33.8931999206543,34.04199981689453
2024-09-11 04:00:00+01:00,34.04249954223633,34.06660079956055,33.88100051879883,34.02313995361328
2024-09-11 08:00:00+01:00,34.024471282958984,34.035099029541016,33.845001220703125,34.008201599121094
2024-09-11 12:00:00+01:00,34.01559829711914,34.0318717956543,33.8380012512207,34.0042610168457
2024-09-11 16:00:00+01:00,34.005489349365234,34.02450180053711,33.85200119018555,33.98109817504883
2024-09-11 20:00:00+01:00,33.98649978637695,34.01350021362305,33.90510177612305,33.96500015258789
2024-09-12 00:00:00+01:00,33.98249816894531,34.0099983215332,33.91320037841797,33.98820114135742
2024-09-12 04:00:00+01:00,33.9822998046875,34.01029968261719,33.82500076293945,33.96738815307617
2024-09-12 08:00:00+01:00,33.9675407409668,33.989601135253906,33.80500030517578,33.96670150756836
2024-09-12 12:00:00+01:00,33.96356964111328,33.96799850463867,33.77000045776367,33.906131744384766
2024-09-12 16:00:00+01:00,33.90486145019531,33.91809844970703,33.864601135253906,33.88209915161133
2024-09-12 20:00:00+01:00,33.88103103637695,33.994998931884766,33.82720184326172,33.97370147705078
2024-09-13 00:00:00+01:00,33.97610092163086,33.98899841308594,33.84000015258789,33.9463005065918
2024-09-13 04:00:00+01:00,33.97669982910156,33.98899841308594,33.83530044555664,33.95783996582031
2024-09-13 08:00:00+01:00,33.95697021484375,33.98139953613281,33.91310119628906,33.94449996948242
2024-09-13 12:00:00+01:00,33.943031311035156,33.96390151977539,33.744998931884766,33.92509841918945
2024-09-13 16:00:00+01:00,33.92359924316406,33.9410285949707,33.80720138549805,33.910099029541016
2024-09-13 20:00:00+01:00,33.9010009765625,33.96699905395508,33.7958984375,33.87620162963867
2024-09-16 00:00:00+01:00,33.87839889526367,33.98609924316406,33.850101470947266,33.956199645996094
2024-09-16 04:00:00+01:00,33.94960021972656,33.979801177978516,33.766998291015625,33.952388763427734
2024-09-16 08:00:00+01:00,33.95262145996094,34.049598693847656,33.810001373291016,33.98490905761719
2024-09-16 12:00:00+01:00,33.98455810546875,34.005001068115234,33.83000183105469,33.98820114135742
2024-09-16 16:00:00+01:00,33.98868179321289,34.054298400878906,33.95869064331055,33.987998962402344
2024-09-16 20:00:00+01:00,33.988399505615234,34.04800033569336,33.87860107421875,33.997501373291016
2024-09-17 00:00:00+01:00,34.01919937133789,34.047000885009766,33.9473991394043,34.00653076171875
2024-09-17 04:00:00+01:00,33.95029830932617,34.05189895629883,33.82099914550781,33.90399932861328
2024-09-17 08:00:00+01:00,34.048160552978516,34.05229949951172,33.869998931884766,34.034000396728516
2024-09-17 12:00:00+01:00,34.03546905517578,34.110198974609375,33.875,34.093318939208984
2024-09-17 16:00:00+01:00,34.09312057495117,34.1088981628418,34.05350112915039,34.0880012512207
2024-09-17 20:00:00+01:00,34.087100982666016,34.103790283203125,33.978599548339844,34.0796012878418
2024-09-18 00:00:00+01:00,34.079498291015625,34.08549880981445,33.98139953613281,34.025699615478516
2024-09-18 04:00:00+01:00,34.06480026245117,34.11648178100586,33.94900131225586,34.107200622558594
2024-09-18 08:00:00+01:00,34.107200622558594,34.11220169067383,33.91600036621094,34.0847282409668
2024-09-18 12:00:00+01:00,34.08277893066406,34.1078987121582,33.93299865722656,34.099369049072266
2024-09-18 16:00:00+01:00,34.09901809692383,34.10279846191406,33.94900131225586,34.05950164794922
2024-09-18 20:00:00+01:00,34.067298889160156,34.106201171875,33.94430160522461,34.03110122680664
2024-09-19 00:00:00+01:00,34.03099822998047,34.11940002441406,33.95479965209961,34.041500091552734
2024-09-19 04:00:00+01:00,34.023399353027344,34.082000732421875,33.909000396728516,34.06195831298828
2024-09-19 08:00:00+01:00,34.06100082397461,34.092498779296875,33.856998443603516,33.99863815307617
2024-09-19 12:00:00+01:00,34.00355911254883,34.06990051269531,33.856998443603516,34.042598724365234
2024-09-19 16:00:00+01:00,34.036441802978516,34.04290008544922,33.966400146484375,33.992000579833984
2024-09-19 20:00:00+01:00,33.991798400878906,34.097999572753906,33.925201416015625,34.0635986328125
2024-09-20 00:00:00+01:00,34.05973815917969,34.090999603271484,34.032501220703125,34.07680130004883
2024-09-20 04:00:00+01:00,34.07609939575195,34.092891693115234,34.04399871826172,34.088199615478516
2024-09-20 08:00:00+01:00,34.0853385925293,34.11399841308594,34.077301025390625,34.1067008972168
2024-09-20 12:00:00+01:00,34.105220794677734,34.12030029296875,34.07699966430664,34.114601135253906
2024-09-20 16:00:00+01:00,34.11442184448242,34.11973190307617,34.05059814453125,34.11040115356445
2024-09-20 20:00:00+01:00,34.109458923339844,34.146400451660156,34.07889938354492,34.09260177612305
2024-09-23 00:00:00+01:00,34.063499450683594,34.16080093383789,33.9630012512207,34.101200103759766
2024-09-23 04:00:00+01:00,34.103599548339844,34.14939880371094,33.96799850463867,34.14759826660156
2024-09-23 08:00:00+01:00,34.147701263427734,34.154579162597656,33.98400115966797,34.152000427246094
2024-09-23 12:00:00+01:00,34.14780044555664,34.15449905395508,33.992000579833984,34.13716125488281
2024-09-23 16:00:00+01:00,34.139671325683594,34.16436004638672,34.11000061035156,34.1255989074707
2024-09-23 20:00:00+01:00,34.12379837036133,34.15299987792969,34.01089859008789,34.14339828491211
2024-09-24 00:00:00+01:00,34.13908004760742,34.15530014038086,34.111000061035156,34.152400970458984
2024-09-24 04:00:00+01:00,34.15230178833008,34.168399810791016,34.007999420166016,34.15380096435547
2024-09-24 08:00:00+01:00,34.15515899658203,34.15829849243164,33.939998626708984,34.136199951171875
2024-09-24 12:00:00+01:00,34.135101318359375,34.14189910888672,33.97200012207031,34.13010025024414
2024-09-24 16:00:00+01:00,34.12699890136719,34.1343994140625,33.983001708984375,34.11819839477539
2024-09-24 20:00:00+01:00,34.11690139770508,34.144798278808594,34.02040100097656,34.100101470947266
2024-09-25 00:00:00+01:00,34.085960388183594,34.1349983215332,34.080101013183594,34.12493133544922
2024-09-25 04:00:00+01:00,34.12493133544922,34.156490325927734,33.98500061035156,34.147300720214844
2024-09-25 08:00:00+01:00,34.14860153198242,34.15129852294922,33.98500061035156,34.144100189208984
2024-09-25 12:00:00+01:00,34.14229965209961,34.14500045776367,33.9630012512207,34.11790084838867
2024-09-25 16:00:00+01:00,34.116458892822266,34.17900085449219,34.000999450683594,34.15980911254883
2024-09-25 20:00:00+01:00,34.15980911254883,34.172000885009766,34.060001373291016,34.16189956665039
2024-09-26 00:00:00+01:00,34.151851654052734,34.1693000793457,34.11869812011719,34.137699127197266
2024-09-26 04:00:00+01:00,34.13600158691406,34.15869903564453,33.97999954223633,34.146759033203125
2024-09-26 08:00:00+01:00,34.148780822753906,34.171600341796875,33.97200012207031,34.16059875488281
2024-09-26 12:00:00+01:00,34.16006088256836,34.165401458740234,33.941001892089844,34.144798278808594
2024-09-26 16:00:00+01:00,34.140689849853516,34.16889953613281,34.01100158691406,34.14390182495117
2024-09-26 20:00:00+01:00,34.139320373535156,34.20309829711914,34.027000427246094,34.17470169067383
2024-09-27 00:00:00+01:00,34.1709098815918,34.183101654052734,34.15718078613281,34.169288635253906
2024-09-27 04:00:00+01:00,34.17230987548828,34.18230056762695,33.98500061035156,34.18009948730469
2024-09-27 08:00:00+01:00,34.17781066894531,34.194000244140625,34.007999420166016,34.17729949951172
2024-09-27 12:00:00+01:00,34.18009948730469,34.18659973144531,33.987998962402344,34.153438568115234
2024-09-27 16:00:00+01:00,34.15700149536133,34.18550109863281,34.051998138427734,34.15671920776367
2024-09-27 20:00:00+01:00,34.152671813964844,34.188899993896484,34.08000183105469,34.1614990234375
2024-09-30 00:00:00+01:00,34.169700622558594,34.176998138427734,34.098899841308594,34.172401428222656
2024-09-30 04:00:00+01:00,34.1598014831543,34.19919967651367,34.06399917602539,34.18994140625
2024-09-30 08:00:00+01:00,34.18999099731445,34.192298889160156,34.01599884033203,34.17713165283203
2024-09-30 12:00:00+01:00,34.034000396728516,34.18899917602539,34.00299835205078,34.18389892578125
2024-09-30 16:00:00+01:00,34.18169021606445,34.20389938354492,34.161598205566406,34.18989944458008
2024-09-30 20:00:00+01:00,34.18980026245117,34.21070098876953,34.106998443603516,34.20050048828125
2024-10-01 00:00:00+01:00,34.196990966796875,34.20989990234375,34.03779983520508,34.14582824707031
2024-10-01 04:00:00+01:00,34.14213180541992,34.20159912109375,34.03200149536133,34.18349838256836
2024-10-01 08:00:00+01:00,34.18669891357422,34.20399856567383,34.02299880981445,34.19860076904297
2024-10-01 12:00:00+01:00,34.200531005859375,34.21982955932617,34.040000915527344,34.2063102722168
2024-10-01 16:00:00+01:00,34.2064094543457,34.230201721191406,34.05699920654297,34.208900451660156
2024-10-01 20:00:00+01:00,34.206241607666016,34.22809982299805,34.047000885009766,34.17499923706055
2024-10-02 00:00:00+01:00,34.17499923706055,34.20000076293945,34.085899353027344,34.17245101928711
2024-10-02 04:00:00+01:00,34.18199920654297,34.24325180053711,34.023799896240234,34.2052001953125
2024-10-02 08:00:00+01:00,34.22711181640625,34.22840118408203,34.04199981689453,34.22011947631836
2024-10-02 12:00:00+01:00,34.22052001953125,34.22740173339844,34.06100082397461,34.21883010864258
2024-10-02 16:00:00+01:00,34.21718978881836,34.220489501953125,34.182098388671875,34.20970153808594
2024-10-02 20:00:00+01:00,34.19586181640625,34.257999420166016,34.113800048828125,34.22227096557617
2024-10-03 00:00:00+01:00,34.221988677978516,34.245399475097656,34.17850112915039,34.202598571777344
2024-10-03 04:00:00+01:00,34.21200180053711,34.229801177978516,34.064998626708984,34.21799850463867
2024-10-03 08:00:00+01:00,34.21503829956055,34.2223014831543,34.005001068115234,34.175201416015625
2024-10-03 12:00:00+01:00,34.170711517333984,34.187461853027344,33.981998443603516,34.16339874267578
2024-10-03 16:00:00+01:00,34.16328048706055,34.20640182495117,34.04159927368164,34.13800048828125
2024-10-03 20:00:00+01:00,34.15003967285156,34.25299835205078,34.0,34.237911224365234
2024-10-04 00:00:00+01:00,34.23603057861328,34.25450134277344,34.205501556396484,34.24449920654297
2024-10-04 04:00:00+01:00,34.244598388671875,34.25849914550781,34.13800048828125,34.24089813232422
2024-10-04 08:00:00+01:00,34.245941162109375,34.25550079345703,34.145999908447266,34.252498626708984
2024-10-04 12:00:00+01:00,34.2489013671875,34.27330017089844,34.207298278808594,34.245399475097656
2024-10-04 16:00:00+01:00,34.24504089355469,34.270320892333984,34.209999084472656,34.24449920654297
2024-10-04 20:00:00+01:00,34.24440002441406,34.333099365234375,34.134498596191406,34.258399963378906
2024-10-07 00:00:00+01:00,34.23666000366211,34.27799987792969,34.17179870605469,34.266990661621094
2024-10-07 04:00:00+01:00,34.26176071166992,34.28409957885742,34.08700180053711,34.2422981262207
2024-10-07 08:00:00+01:00,34.24446105957031,34.264251708984375,34.084999084472656,34.24850082397461
2024-10-07 12:00:00+01:00,34.250030517578125,34.257301330566406,34.084999084472656,34.25400161743164
2024-10-07 16:00:00+01:00,34.25249099731445,34.27360916137695,34.150001525878906,34.24420166015625
2024-10-07 20:00:00+01:00,34.24312973022461,34.27330017089844,34.0989990234375,34.22639846801758
2024-10-08 00:00:00+01:00,34.260101318359375,34.27220153808594,34.14759826660156,34.24079132080078
2024-10-08 04:00:00+01:00,34.248199462890625,34.279998779296875,34.130001068115234,34.276100158691406
2024-10-08 08:00:00+01:00,34.27389144897461,34.28120040893555,34.119998931884766,34.264190673828125
2024-10-08 12:00:00+01:00,34.26900100708008,34.29460144042969,34.12200164794922,34.2781982421875
2024-10-08 16:00:00+01:00,34.27970886230469,34.282100677490234,34.08399963378906,34.261199951171875
2024-10-08 20:00:00+01:00,34.26110076904297,34.2682991027832,34.09170150756836,34.217098236083984
2024-10-09 00:00:00+01:00,34.234100341796875,34.27000045776367,34.116600036621094,34.24319839477539
2024-10-09 04:00:00+01:00,34.24348068237305,34.274349212646484,34.12200164794922,34.272701263427734
2024-10-09 08:00:00+01:00,34.27320098876953,34.276100158691406,34.08100128173828,34.22850036621094
2024-10-09 12:00:00+01:00,34.227989196777344,34.25600051879883,34.07699966430664,34.237491607666016
2024-10-09 16:00:00+01:00,34.23659896850586,34.24330139160156,34.11800003051758,34.234798431396484
2024-10-09 20:00:00+01:00,34.23640060424805,34.270301818847656,34.1343994140625,34.23860168457031
2024-10-10 00:00:00+01:00,34.23545837402344,34.273101806640625,34.20690155029297,34.24290084838867
2024-10-10 04:00:00+01:00,34.231300354003906,34.280399322509766,34.071998596191406,34.223358154296875
2024-10-10 08:00:00+01:00,34.229000091552734,34.238441467285156,34.04600143432617,34.2047004699707
2024-10-10 12:00:00+01:00,34.204490661621094,34.23699951171875,34.03200149536133,34.19559860229492
2024-10-10 16:00:00+01:00,34.19538116455078,34.2140998840332,34.09000015258789,34.18870162963867
2024-10-10 20:00:00+01:00,34.188499450683594,34.28099822998047,34.106300354003906,34.251800537109375
2024-10-11 00:00:00+01:00,34.24491882324219,34.27899932861328,34.1510009765625,34.272369384765625
2024-10-11 04:00:00+01:00,34.263641357421875,34.29499816894531,34.14400100708008,34.289180755615234
2024-10-11 08:00:00+01:00,34.290470123291016,34.29560089111328,34.124000549316406,34.292598724365234
2024-10-11 12:00:00+01:00,34.28868865966797,34.29460144042969,34.10200119018555,34.28926086425781
2024-10-11 16:00:00+01:00,34.29079818725586,34.296199798583984,34.232200622558594,34.27239990234375
2024-10-11 20:00:00+01:00,34.27384948730469,34.35459899902344,34.24369812011719,34.25
2024-10-14 00:00:00+01:00,34.25563049316406,34.300498962402344,34.20399856567383,34.25714111328125
2024-10-14 04:00:00+01:00,34.252479553222656,34.29690170288086,34.11600112915039,34.27730178833008
2024-10-14 08:00:00+01:00,34.27566146850586,34.285301208496094,34.09600067138672,34.266700744628906
2024-10-14 12:00:00+01:00,34.2657585144043,34.27804946899414,34.112998962402344,34.25960159301758
2024-10-14 16:00:00+01:00,34.2593994140625,34.27000045776367,34.15599822998047,34.26029968261719
2024-10-14 20:00:00+01:00,34.256839752197266,34.30540084838867,34.1150016784668,34.25579833984375
2024-10-15 00:00:00+01:00,34.25336837768555,34.27790069580078,34.23529815673828,34.25389099121094
2024-10-15 04:00:00+01:00,34.25093078613281,34.275611877441406,34.12200164794922,34.269100189208984
2024-10-15 08:00:00+01:00,34.26723098754883,34.270198822021484,34.09600067138672,34.26359939575195
2024-10-15 12:00:00+01:00,34.26390075683594,34.267189025878906,34.08000183105469,34.2206916809082
2024-10-15 16:00:00+01:00,34.22222900390625,34.23210144042969,34.12200164794922,34.22517013549805
2024-10-15 20:00:00+01:00,34.22420883178711,34.28580093383789,34.07659912109375,34.23429870605469
2024-10-16 00:00:00+01:00,34.20943832397461,34.25400161743164,34.14619827270508,34.21009826660156
2024-10-16 04:00:00+01:00,34.220699310302734,34.25199890136719,34.0620002746582,34.219661712646484
2024-10-16 08:00:00+01:00,34.219661712646484,34.240848541259766,34.05400085449219,34.222801208496094
2024-10-16 12:00:00+01:00,34.221981048583984,34.2239990234375,34.0099983215332,34.172298431396484
2024-10-16 16:00:00+01:00,34.1686897277832,34.209999084472656,34.0,34.15520095825195
2024-10-16 20:00:00+01:00,34.15483856201172,34.18349838256836,34.05400085449219,34.15399932861328
2024-10-17 00:00:00+01:00,34.1682014465332,34.23400115966797,34.10639953613281,34.19609832763672
2024-10-17 04:00:00+01:00,34.19599914550781,34.21440124511719,34.02899932861328,34.18601989746094
2024-10-17 08:00:00+01:00,34.18571090698242,34.190040588378906,34.00699996948242,34.15570831298828
2024-10-17 12:00:00+01:00,34.15711975097656,34.183998107910156,33.959999084472656,34.00600051879883
2024-10-17 16:00:00+01:00,34.104148864746094,34.152000427246094,34.0,34.12689971923828
2024-10-17 20:00:00+01:00,34.1231803894043,34.211299896240234,34.013999938964844,34.188499450683594
2024-10-18 00:00:00+01:00,34.18949890136719,34.223751068115234,34.076698303222656,34.17789840698242
2024-10-18 04:00:00+01:00,34.17076873779297,34.237098693847656,34.04899978637695,34.22570037841797
2024-10-18 08:00:00+01:00,34.227298736572266,34.30540084838867,34.084999084472656,34.29124069213867
2024-10-18 12:00:00+01:00,34.29309844970703,34.29423904418945,34.06700134277344,34.224491119384766
2024-10-18 16:00:00+01:00,34.224491119384766,34.25279998779297,34.10329818725586,34.207698822021484
2024-10-18 20:00:00+01:00,34.168399810791016,34.28580093383789,34.089698791503906,34.28580093383789
2024-10-21 00:00:00+01:00,34.23249816894531,34.28409957885742,33.84299850463867,34.261199951171875
2024-10-21 04:00:00+01:00,34.266151428222656,34.28010177612305,34.112998962402344,34.24679946899414
2024-10-21 08:00:00+01:00,34.25252151489258,34.263038635253906,34.0880012512207,34.23386001586914
2024-10-21 12:00:00+01:00,34.23387145996094,34.27539825439453,34.106998443603516,34.26599884033203
2024-10-21 16:00:00+01:00,34.266300201416016,34.268001556396484,34.170101165771484,34.226200103759766
2024-10-21 20:00:00+01:00,34.22636032104492,34.260398864746094,34.159400939941406,34.20709991455078
2024-10-22 00:00:00+01:00,34.20289993286133,34.25400161743164,34.187198638916016,34.214900970458984
2024-10-22 04:00:00+01:00,34.21390151977539,34.25199890136719,34.082000732421875,34.24919891357422
2024-10-22 08:00:00+01:00,34.2495002746582,34.26321029663086,34.08599853515625,34.24980926513672
2024-10-22 12:00:00+01:00,34.247108459472656,34.25199890136719,34.08700180053711,34.23379898071289
2024-10-22 16:00:00+01:00,34.233551025390625,34.26599884033203,34.17399978637695,34.230098724365234
2024-10-22 20:00:00+01:00,34.23189926147461,34.2588996887207,34.19599914550781,34.23115158081055
2024-10-23 00:00:00+01:00,34.21609115600586,34.2599983215332,34.215301513671875,34.23768997192383
2024-10-23 04:00:00+01:00,34.23768997192383,34.263999938964844,34.10100173950195,34.25450134277344
2024-10-23 08:00:00+01:00,34.256591796875,34.266048431396484,34.09700012207031,34.263999938964844
2024-10-23 12:00:00+01:00,34.26197052001953,34.2949104309082,34.1150016784668,34.28889846801758
2024-10-23 16:00:00+01:00,34.28889846801758,34.3018913269043,34.1879997253418,34.26639938354492
2024-10-23 20:00:00+01:00,34.265499114990234,34.29199981689453,34.154998779296875,34.264801025390625
2024-10-24 00:00:00+01:00,34.25558090209961,34.29399871826172,34.22760009765625,34.256500244140625
2024-10-24 04:00:00+01:00,34.255401611328125,34.279998779296875,34.11000061035156,34.26094055175781
2024-10-24 08:00:00+01:00,34.26094055175781,34.266998291015625,34.09600067138672,34.23929977416992
2024-10-24 12:00:00+01:00,34.23780059814453,34.251739501953125,34.09000015258789,34.221229553222656
2024-10-24 16:00:00+01:00,34.22600173950195,34.25,34.07099914550781,34.2317008972168
2024-10-24 20:00:00+01:00,34.230899810791016,34.30649948120117,34.1619987487793,34.277400970458984
2024-10-25 00:00:00+01:00,34.282100677490234,34.35559844970703,34.252899169921875,34.28779983520508
2024-10-25 04:00:00+01:00,34.29059982299805,34.29648971557617,34.18000030517578,34.28559875488281
2024-10-25 08:00:00+01:00,34.28763961791992,34.297119140625,34.055999755859375,34.28969955444336
2024-10-25 12:00:00+01:00,34.28779983520508,34.291500091552734,34.11399841308594,34.280330657958984
2024-10-25 16:00:00+01:00,34.27899932861328,34.31560134887695,34.26179885864258,34.277099609375
2024-10-25 20:00:00+01:00,34.27322006225586,34.31290054321289,34.203800201416016,34.28269958496094
2024-10-28 00:00:00+00:00,34.2864990234375,34.30659866333008,34.26250076293945,34.28839874267578
2024-10-28 04:00:00+00:00,34.28499984741211,34.29719924926758,34.24549865722656,34.28200149536133
2024-10-28 08:00:00+00:00,34.27920150756836,34.30139923095703,34.24980163574219,34.277198791503906
2024-10-28 12:00:00+00:00,34.27579879760742,34.294898986816406,34.25,34.282501220703125
2024-10-28 16:00:00+00:00,34.280941009521484,34.29199981689453,34.2333984375,34.28239822387695
2024-10-28 20:00:00+00:00,34.28300094604492,34.300899505615234,34.22760009765625,34.28419876098633
2024-10-29 00:00:00+00:00,34.28153991699219,34.29600143432617,34.26340103149414,34.27320098876953
2024-10-29 04:00:00+00:00,34.283199310302734,34.29819869995117,34.259498596191406,34.27619934082031
2024-10-29 08:00:00+00:00,34.27619934082031,34.28049850463867,34.243099212646484,34.2672004699707
2024-10-29 12:00:00+00:00,34.26689910888672,34.29679870605469,34.25,34.279701232910156
2024-10-29 16:00:00+00:00,34.277618408203125,34.29410171508789,34.258399963378906,34.2843017578125
2024-10-29 20:00:00+00:00,34.28889083862305,34.29199981689453,34.238399505615234,34.25505828857422
2024-10-30 00:00:00+00:00,34.255279541015625,34.28900146484375,34.23529815673828,34.27336120605469
2024-10-30 04:00:00+00:00,34.277278900146484,34.29899978637695,34.108001708984375,34.28799057006836
2024-10-30 08:00:00+00:00,34.29029846191406,34.292301177978516,34.10499954223633,34.29090118408203
2024-10-30 12:00:00+00:00,34.2906608581543,34.292999267578125,34.097999572753906,34.28118133544922
2024-10-30 16:00:00+00:00,34.27894973754883,34.281410217285156,34.17100143432617,34.260101318359375
2024-10-30 20:00:00+00:00,34.25664138793945,34.290000915527344,34.20439910888672,34.277400970458984
2024-10-31 00:00:00+00:00,34.2728385925293,34.28900146484375,34.243499755859375,34.27619934082031
2024-10-31 04:00:00+00:00,34.26993942260742,34.28799819946289,34.10599899291992,34.24909973144531
2024-10-31 08:00:00+00:00,34.249088287353516,34.26390075683594,34.07400131225586,34.23939895629883
2024-10-31 12:00:00+00:00,34.23929977416992,34.292991638183594,34.084999084472656,34.281490325927734
2024-10-31 16:00:00+00:00,34.281490325927734,34.289798736572266,34.16699981689453,34.260398864746094
2024-10-31 20:00:00+00:00,34.2588005065918,34.32419967651367,34.17499923706055,34.293800354003906
2024-11-01 00:00:00+00:00,34.29534149169922,34.3355598449707,34.198001861572266,34.29710006713867
2024-11-01 04:00:00+00:00,34.29759979248047,34.31999969482422,34.13800048828125,34.316898345947266
2024-11-01 08:00:00+00:00,34.316078186035156,34.36566162109375,34.108001708984375,34.33449935913086
2024-11-01 12:00:00+00:00,34.33551025390625,34.34440994262695,34.17100143432617,34.3406982421875
2024-11-01 16:00:00+00:00,34.34080123901367,34.41680145263672,34.26219940185547,34.32820129394531
2024-11-01 20:00:00+00:00,34.324180603027344,34.33760070800781,34.263099670410156,34.301998138427734
2024-11-04 00:00:00+00:00,34.32735061645508,34.346500396728516,34.27470016479492,34.302398681640625
2024-11-04 04:00:00+00:00,34.313899993896484,34.348899841308594,34.194000244140625,34.34400177001953
2024-11-04 08:00:00+00:00,34.342979431152344,34.34756851196289,34.17599868774414,34.33913040161133
2024-11-04 12:00:00+00:00,34.33885955810547,34.35029983520508,34.180999755859375,34.34341812133789
2024-11-04 16:00:00+00:00,34.343048095703125,34.349998474121094,34.2400016784668,34.333980560302734
2024-11-04 20:00:00+00:00,34.33354187011719,34.35300064086914,34.19900131225586,34.34510040283203
2024-11-05 00:00:00+00:00,34.3443603515625,34.35449981689453,34.3109016418457,34.34980010986328
2024-11-05 04:00:00+00:00,34.345298767089844,34.35200119018555,34.183998107910156,34.34550094604492
2024-11-05 08:00:00+00:00,34.34560012817383,34.34989929199219,34.15700149536133,34.340999603271484
2024-11-05 12:00:00+00:00,34.34218978881836,34.349998474121094,34.14799880981445,34.310951232910156
2024-11-05 16:00:00+00:00,34.31064987182617,34.332000732421875,34.15599822998047,34.279598236083984
2024-11-05 20:00:00+00:00,34.269798278808594,34.34590148925781,34.15599822998047,34.272300720214844
2024-11-06 00:00:00+00:00,34.297000885009766,34.40153121948242,34.15599822998047,34.359710693359375
2024-11-06 04:00:00+00:00,34.35990905761719,34.367401123046875,34.0880012512207,34.22800064086914
2024-11-06 08:00:00+00:00,34.23434066772461,34.2677001953125,34.04100036621094,34.257381439208984
2024-11-06 12:00:00+00:00,34.25878143310547,34.268699645996094,34.064998626708984,34.222129821777344
2024-11-06 16:00:00+00:00,34.22119903564453,34.226898193359375,34.08599853515625,34.20429992675781
2024-11-06 20:00:00+00:00,34.2041015625,34.219200134277344,34.0989990234375,34.181400299072266
2024-11-07 00:00:00+00:00,34.174278259277344,34.20600128173828,34.14659881591797,34.185699462890625
2024-11-07 04:00:00+00:00,34.17959976196289,34.25320053100586,34.06999969482422,34.2338981628418
2024-11-07 08:00:00+00:00,34.23408126831055,34.25123977661133,34.06100082397461,34.23789978027344
2024-11-07 12:00:00+00:00,34.235538482666016,34.26047897338867,34.04899978637695,34.25431823730469
2024-11-07 16:00:00+00:00,34.25429916381836,34.26860046386719,34.111000061035156,34.21023178100586
2024-11-07 20:00:00+00:00,34.21189880371094,34.36130142211914,34.113800048828125,34.341800689697266
2024-11-08 00:00:00+00:00,34.33890151977539,34.35530090332031,34.30619812011719,34.330501556396484
2024-11-08 04:00:00+00:00,34.336158752441406,34.37107849121094,34.15599822998047,34.352500915527344
2024-11-08 08:00:00+00:00,34.34833908081055,34.36899948120117,34.165000915527344,34.35200119018555
2024-11-08 12:00:00+00:00,34.35219955444336,34.38648986816406,34.1619987487793,34.376399993896484
2024-11-08 16:00:00+00:00,34.37392044067383,34.38351821899414,34.27000045776367,34.3672981262207
2024-11-08 20:00:00+00:00,34.37070083618164,34.38949966430664,34.27799987792969,34.356201171875
2024-11-11 00:00:00+00:00,34.34138107299805,34.37260055541992,34.274898529052734,34.343048095703125
2024-11-11 04:00:00+00:00,34.339439392089844,34.384498596191406,34.20500183105469,34.36389923095703
2024-11-11 08:00:00+00:00,34.36363983154297,34.3671989440918,34.16299819946289,34.33449172973633
2024-11-11 12:00:00+00:00,34.33414840698242,34.34980010986328,34.178001403808594,34.34400177001953
2024-11-11 16:00:00+00:00,34.34498977661133,34.34859848022461,34.278499603271484,34.303001403808594
2024-11-11 20:00:00+00:00,34.3025016784668,34.358001708984375,34.2135009765625,34.306129455566406
2024-11-12 00:00:00+00:00,34.30590057373047,34.356998443603516,34.2333984375,34.348899841308594
2024-11-12 04:00:00+00:00,34.344879150390625,34.37179946899414,34.20800018310547,34.369998931884766
2024-11-12 08:00:00+00:00,34.368408203125,34.40959930419922,34.20800018310547,34.37910079956055
2024-11-12 12:00:00+00:00,34.37812042236328,34.38370132446289,34.22999954223633,34.38079833984375
2024-11-12 16:00:00+00:00,34.380531311035156,34.382591247558594,34.289798736572266,34.36640167236328
2024-11-12 20:00:00+00:00,34.3650016784668,34.38639831542969,34.278900146484375,34.360801696777344
2024-11-13 00:00:00+00:00,34.36412811279297,34.38399887084961,34.33290100097656,34.363800048828125
2024-11-13 04:00:00+00:00,34.36759948730469,34.38420104980469,34.038299560546875,34.38249969482422
2024-11-13 08:00:00+00:00,34.380619049072266,34.384498596191406,34.196998596191406,34.362701416015625
2024-11-13 12:00:00+00:00,34.361568450927734,34.36399841308594,34.16999816894531,34.33940124511719
2024-11-13 16:00:00+00:00,34.338890075683594,34.36539840698242,34.2400016784668,34.34489822387695
2024-11-13 20:00:00+00:00,34.348201751708984,34.35599899291992,34.23929977416992,34.332359313964844
2024-11-14 00:00:00+00:00,34.31962966918945,34.358001708984375,34.2400016784668,34.3296012878418
2024-11-14 04:00:00+00:00,34.33720016479492,34.369998931884766,34.194000244140625,34.36185073852539
2024-11-14 08:00:00+00:00,34.363948822021484,34.36840057373047,34.2140007019043,34.3474006652832
2024-11-14 12:00:00+00:00,34.35026931762695,34.379398345947266,34.19499969482422,34.3353385925293
2024-11-14 16:00:00+00:00,34.33729934692383,34.34270095825195,34.22100067138672,34.323699951171875
2024-11-14 20:00:00+00:00,34.32550048828125,34.69081115722656,34.21269989013672,34.6864013671875
2024-11-15 00:00:00+00:00,34.412899017333984,34.452999114990234,34.3129997253418,34.40599822998047
2024-11-15 04:00:00+00:00,34.38800048828125,34.4251594543457,34.24399948120117,34.42210006713867
2024-11-15 08:00:00+00:00,34.419898986816406,34.42689895629883,34.23500061035156,34.422401428222656
2024-11-15 12:00:00+00:00,34.420738220214844,34.42490005493164,34.18899917602539,34.41490173339844
2024-11-15 16:00:00+00:00,34.41025924682617,34.442298889160156,34.3120002746582,34.42789840698242
2024-11-15 20:00:00+00:00,34.42839813232422,34.45320129394531,34.33599853515625,34.43429946899414
2024-11-18 00:00:00+00:00,34.42599868774414,34.48780059814453,34.33509826660156,34.4539794921875
2024-11-18 04:00:00+00:00,34.4539794921875,34.494510650634766,34.29800033569336,34.49169921875
2024-11-18 08:00:00+00:00,34.49269104003906,34.55524826049805,34.35100173950195,34.525699615478516
2024-11-18 12:00:00+00:00,34.52238082885742,34.62799835205078,34.37099838256836,34.612098693847656
2024-11-18 16:00:00+00:00,34.61415100097656,34.6291618347168,34.446998596191406,34.609500885009766
2024-11-18 20:00:00+00:00,34.6151008605957,34.61800003051758,34.37630081176758,34.535301208496094
2024-11-19 00:00:00+00:00,34.559898376464844,34.6002082824707,34.448699951171875,34.59320068359375
2024-11-19 04:00:00+00:00,34.5897216796875,34.65299987792969,34.452999114990234,34.60272979736328
2024-11-19 08:00:00+00:00,34.6027717590332,34.606239318847656,34.404998779296875,34.57789993286133
2024-11-19 12:00:00+00:00,34.57780075073242,34.58140182495117,34.35900115966797,34.503299713134766
2024-11-19 16:00:00+00:00,34.503440856933594,34.5443000793457,34.345001220703125,34.48550033569336
2024-11-19 20:00:00+00:00,34.478370666503906,34.529998779296875,34.316001892089844,34.472599029541016
2024-11-20 00:00:00+00:00,34.50019836425781,34.50379943847656,34.440879821777344,34.46261978149414
2024-11-20 04:00:00+00:00,34.4556884765625,34.55448913574219,34.38600158691406,34.541099548339844
2024-11-20 08:00:00+00:00,34.538658142089844,34.54505157470703,34.29899978637695,34.46419906616211
2024-11-20 12:00:00+00:00,34.4640007019043,34.48344039916992,34.301998138427734,34.45989990234375
2024-11-20 16:00:00+00:00,34.46318054199219,34.47999954223633,34.305999755859375,34.46070098876953
2024-11-20 20:00:00+00:00,34.46049880981445,34.49300003051758,34.37699890136719,34.46910095214844
2024-11-21 00:00:00+00:00,34.458641052246094,34.4900016784668,34.44029998779297,34.46818161010742
2024-11-21 04:00:00+00:00,34.46818161010742,34.51512908935547,34.3390007019043,34.50189971923828
2024-11-21 08:00:00+00:00,34.5081901550293,34.56100082397461,34.314998626708984,34.46289825439453
2024-11-21 12:00:00+00:00,34.463008880615234,34.509429931640625,34.292999267578125,34.47949981689453
2024-11-21 16:00:00+00:00,34.47930145263672,34.49700164794922,34.32600021362305,34.48780059814453
2024-11-21 20:00:00+00:00,34.48392105102539,34.55699920654297,34.28799819946289,34.497501373291016
2024-11-22 00:00:00+00:00,34.501800537109375,34.534000396728516,34.413299560546875,34.49789047241211
2024-11-22 04:00:00+00:00,34.49789047241211,34.601600646972656,34.369998931884766,34.56420135498047
2024-11-22 08:00:00+00:00,34.56576156616211,34.59331130981445,34.35599899291992,34.56050109863281
2024-11-22 12:00:00+00:00,34.56050109863281,34.564300537109375,34.36800003051758,34.547489166259766
2024-11-22 16:00:00+00:00,34.54499816894531,34.551998138427734,34.512298583984375,34.540199279785156
2024-11-22 20:00:00+00:00,34.53765869140625,34.59429931640625,34.44540023803711,34.59429931640625
2024-11-25 00:00:00+00:00,34.521400451660156,34.583499908447266,34.418701171875,34.529300689697266
2024-11-25 04:00:00+00:00,34.52920150756836,34.59400177001953,34.415000915527344,34.58290100097656
2024-11-25 08:00:00+00:00,34.58290100097656,34.61970901489258,34.400001525878906,34.58829879760742
2024-11-25 12:00:00+00:00,34.58720016479492,34.61280059814453,34.39500045776367,34.609798431396484
2024-11-25 16:00:00+00:00,34.60932159423828,34.613399505615234,34.49330139160156,34.56570053100586
2024-11-25 20:00:00+00:00,34.56480026245117,34.60940170288086,34.446998596191406,34.59579849243164
2024-11-26 00:00:00+00:00,34.594200134277344,34.629398345947266,34.52000045776367,34.60060119628906
2024-11-26 04:00:00+00:00,34.595359802246094,34.64400100708008,34.4640007019043,34.64268112182617
2024-11-26 08:00:00+00:00,34.64332962036133,34.64500045776367,34.472999572753906,34.635009765625
2024-11-26 12:00:00+00:00,34.635009765625,34.65019989013672,34.47999954223633,34.64461898803711
2024-11-26 16:00:00+00:00,34.646018981933594,34.65119934082031,34.540000915527344,34.64390182495117
2024-11-26 20:00:00+00:00,34.64030075073242,34.660301208496094,34.52119827270508,34.64899826049805
2024-11-27 00:00:00+00:00,34.648231506347656,34.711700439453125,34.55099868774414,34.64799118041992
2024-11-27 04:00:00+00:00,34.64759826660156,34.695701599121094,34.4640007019043,34.660701751708984
2024-11-27 08:00:00+00:00,34.660400390625,34.66230010986328,34.45800018310547,34.645050048828125
2024-11-27 12:00:00+00:00,34.63610076904297,34.66004180908203,34.48099899291992,34.65790939331055
2024-11-27 16:00:00+00:00,34.65924835205078,34.66265106201172,34.61722183227539,34.63890075683594
2024-11-27 20:00:00+00:00,34.63930130004883,34.6510009765625,34.548301696777344,34.60350036621094
2024-11-28 00:00:00+00:00,34.6179313659668,34.65409851074219,34.549400329589844,34.62471008300781
2024-11-28 04:00:00+00:00,34.62228012084961,34.67399978637695,34.49599838256836,34.6422004699707
2024-11-28 08:00:00+00:00,34.642330169677734,34.64419937133789,34.44499969482422,34.601409912109375
2024-11-28 12:00:00+00:00,34.601409912109375,34.61750030517578,34.44900131225586,34.598228454589844
2024-11-28 16:00:00+00:00,34.596378326416016,34.603599548339844,34.524200439453125,34.59600067138672
2024-11-28 20:00:00+00:00,34.595699310302734,34.67959976196289,34.492698669433594,34.6436882019043
2024-11-29 00:00:00+00:00,34.64754867553711,34.6879997253418,34.552398681640625,34.659000396728516
2024-11-29 04:00:00+00:00,34.63753890991211,34.69968032836914,34.611000061035156,34.693641662597656
2024-11-29 08:00:00+00:00,34.694969177246094,34.69729995727539,34.622798919677734,34.68280029296875
2024-11-29 12:00:00+00:00,34.68682861328125,34.69776916503906,34.65639877319336,34.692100524902344
2024-11-29 16:00:00+00:00,34.695701599121094,34.69889831542969,34.66859817504883,34.679298400878906
2024-11-29 20:00:00+00:00,34.68619918823242,34.695899963378906,34.584800720214844,34.690799713134766
2024-12-02 00:00:00+00:00,34.69844055175781,34.704490661621094,34.690521240234375,34.69982147216797
2024-12-02 04:00:00+00:00,34.69908142089844,34.72214126586914,34.6797981262207,34.714988708496094
2024-12-02 08:00:00+00:00,34.71318054199219,34.71809005737305,34.68830108642578,34.71294021606445
2024-12-02 12:00:00+00:00,34.71294021606445,34.731590270996094,34.70429992675781,34.72216033935547
2024-12-02 16:00:00+00:00,34.721839904785156,34.727569580078125,34.69683074951172,34.70547103881836
2024-12-02 20:00:00+00:00,34.70793914794922,34.74686050415039,34.680328369140625,34.74317169189453
2024-12-03 00:00:00+00:00,34.738609313964844,34.74909973144531,34.72779846191406,34.73714828491211
2024-12-03 04:00:00+00:00,34.74198913574219,34.74851989746094,34.71879959106445,34.745670318603516
2024-12-03 08:00:00+00:00,34.74592971801758,34.75048065185547,34.74079895019531,34.74679183959961
2024-12-03 12:00:00+00:00,34.7464714050293,34.75008010864258,34.5880012512207,34.73609924316406
2024-12-03 16:00:00+00:00,34.73503112792969,34.742000579833984,34.58300018310547,34.7322998046875
2024-12-03 20:00:00+00:00,34.72760009765625,34.75400161743164,34.65842819213867,34.71765899658203
2024-12-04 00:00:00+00:00,34.74216079711914,34.75429916381836,34.69729995727539,34.7494010925293
2024-12-04 04:00:00+00:00,34.74420166015625,34.759498596191406,34.60300064086914,34.75680160522461
2024-12-04 08:00:00+00:00,34.755401611328125,34.769901275634766,34.599998474121094,34.746299743652344
2024-12-04 12:00:00+00:00,34.747501373291016,34.75885009765625,34.60300064086914,34.74789810180664
2024-12-04 16:00:00+00:00,34.74589920043945,34.74959945678711,34.619998931884766,34.722198486328125
2024-12-04 20:00:00+00:00,34.722599029541016,34.755001068115234,34.62200164794922,34.73680114746094
2024-12-05 00:00:00+00:00,34.72434997558594,34.755001068115234,34.68980026245117,34.72248077392578
2024-12-05 04:00:00+00:00,34.7298583984375,34.75986099243164,34.69879913330078,34.74639892578125
2024-12-05 08:00:00+00:00,34.74660873413086,34.75476837158203,34.71549987792969,34.72209930419922
2024-12-05 12:00:00+00:00,34.72317123413086,34.733821868896484,34.55699920654297,34.69889831542969
2024-12-05 16:00:00+00:00,34.6952018737793,34.71419906616211,34.58000183105469,34.67390060424805
2024-12-05 20:00:00+00:00,34.67390060424805,34.78049850463867,34.58000183105469,34.7606086730957
2024-12-06 00:00:00+00:00,34.753379821777344,34.78300094604492,34.68000030517578,34.76100158691406
2024-12-06 04:00:00+00:00,34.76340103149414,34.799198150634766,34.638999938964844,34.79042053222656
2024-12-06 08:00:00+00:00,34.79100036621094,34.79880142211914,34.59299850463867,34.791988372802734
2024-12-06 12:00:00+00:00,34.79201126098633,34.799800872802734,34.61899948120117,34.79309844970703
2024-12-06 16:00:00+00:00,34.792999267578125,34.79656982421875,34.677101135253906,34.765499114990234
2024-12-06 20:00:00+00:00,34.762901306152344,34.81480026245117,34.676700592041016,34.73759841918945
2024-12-09 00:00:00+00:00,34.775001525878906,34.81169891357422,34.67369842529297,34.799400329589844
2024-12-09 04:00:00+00:00,34.78990173339844,34.818199157714844,34.65999984741211,34.8130989074707
2024-12-09 08:00:00+00:00,34.811439514160156,34.81766128540039,34.643001556396484,34.80699920654297
2024-12-09 12:00:00+00:00,34.80546951293945,34.82059860229492,34.6349983215332,34.8120002746582
2024-12-09 16:00:00+00:00,34.81359100341797,34.82400131225586,34.709999084472656,34.815399169921875
2024-12-09 20:00:00+00:00,34.81610107421875,34.83720016479492,34.715999603271484,34.819698333740234
2024-12-10 00:00:00+00:00,34.815860748291016,34.84120178222656,34.768798828125,34.81990051269531
2024-12-10 04:00:00+00:00,34.8165283203125,34.8473014831543,34.68000030517578,34.84600067138672
2024-12-10 08:00:00+00:00,34.8468017578125,34.84828186035156,34.67900085449219,34.842498779296875
2024-12-10 12:00:00+00:00,34.844970703125,34.84806823730469,34.68000030517578,34.83610153198242
2024-12-10 16:00:00+00:00,34.83330154418945,34.860198974609375,34.683998107910156,34.830101013183594
2024-12-10 20:00:00+00:00,34.80805969238281,34.88850021362305,34.695701599121094,34.84989929199219
2024-12-11 00:00:00+00:00,34.84138107299805,34.8734016418457,34.82210159301758,34.85100173950195
2024-12-11 04:00:00+00:00,34.859718322753906,34.87300109863281,34.720001220703125,34.86479949951172
2024-12-11 08:00:00+00:00,34.86568069458008,34.870208740234375,34.70100021362305,34.868621826171875
2024-12-11 12:00:00+00:00,34.868160247802734,34.87009811401367,34.70199966430664,34.86259841918945
2024-12-11 16:00:00+00:00,34.85929870605469,34.87070083618164,34.7599983215332,34.85599899291992
2024-12-11 20:00:00+00:00,34.85609817504883,34.890098571777344,34.74190139770508,34.83290100097656
2024-12-12 00:00:00+00:00,34.83699035644531,34.87799835205078,34.776100158691406,34.78620147705078
2024-12-12 04:00:00+00:00,34.86899948120117,34.891998291015625,34.720001220703125,34.83319854736328
2024-12-12 08:00:00+00:00,34.86315155029297,34.88600158691406,34.715999603271484,34.86370086669922
2024-12-12 12:00:00+00:00,34.87112045288086,34.881591796875,34.724998474121094,34.87622833251953
2024-12-12 16:00:00+00:00,34.87643051147461,34.89659881591797,34.77899932861328,34.88890075683594
2024-12-12 20:00:00+00:00,34.8838005065918,34.96260070800781,34.78099822998047,34.94602966308594
2024-12-13 00:00:00+00:00,34.94786071777344,34.9541015625,34.84000015258789,34.943599700927734
2024-12-13 04:00:00+00:00,34.93846893310547,34.95199966430664,34.8390007019043,34.94150161743164
2024-12-13 08:00:00+00:00,34.94131088256836,34.96147155761719,34.77799987792969,34.94850158691406
2024-12-13 12:00:00+00:00,34.944400787353516,34.95069885253906,34.77899932861328,34.94609832763672
2024-12-13 16:00:00+00:00,34.94615173339844,34.94879913330078,34.79499816894531,34.938880920410156
2024-12-13 20:00:00+00:00,34.93907928466797,34.95899963378906,34.831298828125,34.93429946899414
2024-12-16 00:00:00+00:00,34.95014953613281,34.97499084472656,34.88010025024414,34.950599670410156
2024-12-16 04:00:00+00:00,34.94969940185547,34.963829040527344,34.79499816894531,34.961368560791016
2024-12-16 08:00:00+00:00,34.960411071777344,34.966590881347656,34.79899978637695,34.962100982666016
2024-12-16 12:00:00+00:00,34.957950592041016,34.96379852294922,34.79100036621094,34.951900482177734
2024-12-16 16:00:00+00:00,34.950950622558594,34.95399856567383,34.78499984741211,34.92443084716797
2024-12-16 20:00:00+00:00,34.92060089111328,34.9718017578125,34.83000183105469,34.926998138427734
2024-12-17 00:00:00+00:00,34.93730163574219,34.97140121459961,34.8577995300293,34.95240020751953
2024-12-17 04:00:00+00:00,34.95209884643555,34.987998962402344,34.823001861572266,34.9739990234375
2024-12-17 08:00:00+00:00,34.98780059814453,34.990699768066406,34.8380012512207,34.98860168457031
2024-12-17 12:00:00+00:00,34.988800048828125,34.99013137817383,34.84000015258789,34.98830032348633
2024-12-17 16:00:00+00:00,34.987178802490234,34.992610931396484,34.882999420166016,34.9817008972168
2024-12-17 20:00:00+00:00,34.97990036010742,35.012298583984375,34.84000015258789,34.97439956665039
2024-12-18 00:00:00+00:00,35.002601623535156,35.02000045776367,34.900001525878906,34.9995002746582
2024-12-18 04:00:00+00:00,34.99742889404297,35.019100189208984,34.856998443603516,35.0164909362793
2024-12-18 08:00:00+00:00,35.01641082763672,35.020050048828125,34.84600067138672,35.010101318359375
2024-12-18 12:00:00+00:00,35.01100158691406,35.02122116088867,34.82699966430664,35.01335906982422
2024-12-18 16:00:00+00:00,34.98160171508789,35.06700134277344,34.882999420166016,35.029090881347656
2024-12-18 20:00:00+00:00,35.01380157470703,35.067501068115234,34.92599868774414,35.04439926147461
2024-12-19 00:00:00+00:00,35.04104995727539,35.051998138427734,34.939998626708984,35.03889846801758
2024-12-19 04:00:00+00:00,35.03850173950195,35.073699951171875,34.8849983215332,35.0684814453125
2024-12-19 08:00:00+00:00,35.0701904296875,35.07550048828125,34.90800094604492,35.069400787353516
2024-12-19 12:00:00+00:00,35.06602096557617,35.144798278808594,34.922000885009766,35.095458984375
2024-12-19 16:00:00+00:00,35.09537124633789,35.10301971435547,34.983001708984375,35.08399963378906
2024-12-19 20:00:00+00:00,35.08272933959961,35.19179916381836,34.986000061035156,35.14459991455078
2024-12-20 00:00:00+00:00,35.14569854736328,35.17850112915039,35.04999923706055,35.1402702331543
2024-12-20 04:00:00+00:00,35.144798278808594,35.19029998779297,35.04999923706055,35.15230178833008
2024-12-20 08:00:00+00:00,35.15214920043945,35.22100067138672,34.96500015258789,35.1870002746582
2024-12-20 12:00:00+00:00,35.186580657958984,35.21084976196289,35.00400161743164,35.18830108642578
2024-12-20 16:00:00+00:00,35.18830108642578,35.19905090332031,35.135398864746094,35.17161178588867
2024-12-20 20:00:00+00:00,35.1738395690918,35.2515983581543,34.99420166015625,35.15879821777344
2024-12-23 00:00:00+00:00,35.158790588378906,35.209800720214844,35.048301696777344,35.181968688964844
2024-12-23 04:00:00+00:00,35.18190002441406,35.21889877319336,35.08359909057617,35.21664047241211
2024-12-23 08:00:00+00:00,35.21480178833008,35.21950149536133,35.00299835205078,35.21369934082031
2024-12-23 12:00:00+00:00,35.21564865112305,35.21989822387695,35.04999923706055,35.208900451660156
2024-12-23 16:00:00+00:00,35.207950592041016,35.22119903564453,35.13240051269531,35.199501037597656
2024-12-23 20:00:00+00:00,35.18701171875,35.25634002685547,35.05550003051758,35.23160171508789
2024-12-24 00:00:00+00:00,35.24393844604492,35.25149917602539,35.19390106201172,35.239898681640625
2024-12-24 04:00:00+00:00,35.23701095581055,35.263301849365234,35.150001525878906,35.24720001220703
2024-12-24 08:00:00+00:00,35.24673080444336,35.25400161743164,35.06700134277344,35.25310134887695
2024-12-24 12:00:00+00:00,35.25017166137695,35.25899887084961,35.082401275634766,35.24209976196289
2024-12-24 16:00:00+00:00,35.24570083618164,35.256500244140625,35.03179931640625,35.166988372802734
2024-12-24 20:00:00+00:00,35.17499923706055,35.17900085449219,34.900001525878906,35.0
2024-12-25 00:00:00+00:00,34.99679946899414,35.13800048828125,34.900001525878906,35.029998779296875
2024-12-25 04:00:00+00:00,35.1619987487793,35.27050018310547,35.0099983215332,35.2599983215332
2024-12-25 08:00:00+00:00,35.2599983215332,35.27299880981445,35.08000183105469,35.19340133666992
2024-12-25 12:00:00+00:00,35.1349983215332,35.24100112915039,35.06999969482422,35.19329833984375
2024-12-25 16:00:00+00:00,35.17660140991211,35.231998443603516,35.17660140991211,35.19200134277344
2024-12-25 20:00:00+00:00,35.222999572753906,35.237998962402344,35.0453987121582,35.1349983215332
2024-12-26 00:00:00+00:00,35.13890075683594,35.29698944091797,35.04100036621094,35.263999938964844
2024-12-26 04:00:00+00:00,35.2776985168457,35.29100036621094,35.095001220703125,35.267799377441406
2024-12-26 08:00:00+00:00,35.267799377441406,35.279998779296875,35.029998779296875,35.19969940185547
2024-12-26 12:00:00+00:00,35.199798583984375,35.20899963378906,35.03799819946289,35.145301818847656
2024-12-26 16:00:00+00:00,35.14789962768555,35.17679977416992,35.040000915527344,35.13766860961914
2024-12-26 20:00:00+00:00,35.13594055175781,35.235801696777344,35.018798828125,35.21820068359375
2024-12-27 00:00:00+00:00,35.21699142456055,35.26620101928711,35.129798889160156,35.26089859008789
2024-12-27 04:00:00+00:00,35.26490020751953,35.29069900512695,35.08700180053711,35.2547607421875
2024-12-27 08:00:00+00:00,35.25482940673828,35.271541595458984,35.060001373291016,35.22700881958008
2024-12-27 12:00:00+00:00,35.22697067260742,35.22919845581055,35.0359992980957,35.21009826660156
2024-12-27 16:00:00+00:00,35.19409942626953,35.21200180053711,35.109901428222656,35.166500091552734
2024-12-27 20:00:00+00:00,35.17552947998047,35.22090148925781,34.995689392089844,35.070098876953125
2024-12-30 00:00:00+00:00,35.227901458740234,35.287899017333984,35.02149963378906,35.26082992553711
2024-12-30 04:00:00+00:00,35.26546096801758,35.3047981262207,35.11000061035156,35.27119064331055
2024-12-30 08:00:00+00:00,35.27341842651367,35.32455825805664,35.06999969482422,35.20199966430664
2024-12-30 12:00:00+00:00,35.29800033569336,35.341400146484375,35.13800048828125,35.32434844970703
2024-12-30 16:00:00+00:00,35.33089828491211,35.34629821777344,35.215999603271484,35.31529998779297
2024-12-30 20:00:00+00:00,35.30649948120117,35.366600036621094,35.20000076293945,35.30411148071289
2024-12-31 00:00:00+00:00,35.29800033569336,35.36869812011719,35.21120071411133,35.3035888671875
2024-12-31 04:00:00+00:00,35.30358123779297,35.36000061035156,35.18899917602539,35.35559844970703
2024-12-31 08:00:00+00:00,35.35749053955078,35.361900329589844,35.176998138427734,35.35929870605469
2024-12-31 12:00:00+00:00,35.35960006713867,35.369300842285156,35.18600082397461,35.35749816894531
2024-12-31 16:00:00+00:00,35.35757064819336,35.37419891357422,35.18080139160156,35.351200103759766
2024-12-31 20:00:00+00:00,35.35857009887695,35.4286003112793,35.215999603271484,35.334999084472656
2025-01-01 00:00:00+00:00,35.1510009765625,35.1510009765625,35.1510009765625,35.1510009765625
2025-01-01 16:00:00+00:00,35.36429977416992,35.37200164794922,35.220001220703125,35.36777114868164
2025-01-01 20:00:00+00:00,35.34423065185547,35.39939880371094,35.25360107421875,35.36199951171875
2025-01-02 00:00:00+00:00,35.35411834716797,35.385501861572266,35.308101654052734,35.372100830078125
2025-01-02 04:00:00+00:00,35.372798919677734,35.380001068115234,35.18199920654297,35.28908920288086
2025-01-02 08:00:00+00:00,35.28908920288086,35.3218994140625,35.12799835205078,35.31346893310547
2025-01-02 12:00:00+00:00,35.311798095703125,35.32590103149414,35.152000427246094,35.304100036621094
2025-01-02 16:00:00+00:00,35.30384063720703,35.34550094604492,35.20399856567383,35.3297004699707
2025-01-02 20:00:00+00:00,35.329898834228516,35.40850067138672,35.208099365234375,35.38119125366211
2025-01-03 00:00:00+00:00,35.377811431884766,35.39759826660156,35.290000915527344,35.39250183105469
2025-01-03 04:00:00+00:00,35.38840103149414,35.39970016479492,35.22200012207031,35.27000045776367
2025-01-03 08:00:00+00:00,35.36479949951172,35.37350082397461,35.15800094604492,35.36349868774414
2025-01-03 12:00:00+00:00,35.36111068725586,35.38180160522461,35.284400939941406,35.372798919677734
2025-01-03 16:00:00+00:00,35.372798919677734,35.37590026855469,35.24369812011719,35.31591033935547
2025-01-03 20:00:00+00:00,35.322059631347656,35.375301361083984,35.25239944458008,35.33760070800781
2025-01-06 00:00:00+00:00,35.35210037231445,35.38130187988281,35.196800231933594,35.298301696777344
2025-01-06 04:00:00+00:00,35.33449935913086,35.37160110473633,35.17279815673828,35.34320831298828
2025-01-06 08:00:00+00:00,35.34503936767578,35.36497116088867,35.165000915527344,35.32569885253906
2025-01-06 12:00:00+00:00,35.323299407958984,35.33013153076172,35.15999984741211,35.317298889160156
2025-01-06 16:00:00+00:00,35.31621170043945,35.32500076293945,35.20000076293945,35.29570007324219
2025-01-06 20:00:00+00:00,35.298301696777344,35.35300064086914,35.20000076293945,35.31639862060547
2025-01-07 00:00:00+00:00,35.35129928588867,35.36650085449219,35.20000076293945,35.303001403808594
2025-01-07 04:00:00+00:00,35.32939910888672,35.3489990234375,35.167999267578125,35.32062911987305
2025-01-07 08:00:00+00:00,35.32337188720703,35.35564041137695,35.18000030517578,35.34387969970703
2025-01-07 12:00:00+00:00,35.34590148925781,35.35805130004883,35.18299865722656,35.3317985534668
2025-01-07 16:00:00+00:00,35.33449172973633,35.35129928588867,35.23899841308594,35.325279235839844
2025-01-07 20:00:00+00:00,35.33100128173828,35.34260177612305,35.225799560546875,35.32320022583008
2025-01-08 00:00:00+00:00,35.320491790771484,35.3390007019043,35.224998474121094,35.326499938964844
2025-01-08 04:00:00+00:00,35.325469970703125,35.37139892578125,35.198001861572266,35.369869232177734
2025-01-08 08:00:00+00:00,35.36956024169922,35.396549224853516,35.22999954223633,35.38399887084961
2025-01-08 12:00:00+00:00,35.38209915161133,35.38650131225586,35.22600173950195,35.255001068115234
2025-01-08 16:00:00+00:00,35.352928161621094,35.357601165771484,35.22999954223633,35.334598541259766
2025-01-08 20:00:00+00:00,35.335201263427734,35.39929962158203,35.23500061035156,35.34579849243164
2025-01-09 00:00:00+00:00,35.33964920043945,35.357398986816406,35.2400016784668,35.333431243896484
2025-01-09 04:00:00+00:00,35.33258819580078,35.3651008605957,35.189998626708984,35.361698150634766
2025-01-09 08:00:00+00:00,35.36048889160156,35.3656005859375,35.1870002746582,35.345008850097656
2025-01-09 12:00:00+00:00,35.345008850097656,35.346458435058594,35.18299865722656,35.32889938354492
2025-01-09 16:00:00+00:00,35.332401275634766,35.33367919921875,35.21699905395508,35.31629943847656
2025-01-09 20:00:00+00:00,35.317901611328125,35.385799407958984,35.22100067138672,35.3473014831543
2025-01-10 00:00:00+00:00,35.369300842285156,35.38399887084961,35.285099029541016,35.36690139770508
2025-01-10 04:00:00+00:00,35.362300872802734,35.43000030517578,35.24800109863281,35.418399810791016
2025-01-10 08:00:00+00:00,35.41579818725586,35.44459915161133,35.24399948120117,35.41790008544922
2025-01-10 12:00:00+00:00,35.417701721191406,35.43109893798828,35.255001068115234,35.40879821777344
2025-01-10 16:00:00+00:00,35.41080093383789,35.43040084838867,35.25400161743164,35.401798248291016
2025-01-10 20:00:00+00:00,35.401100158691406,35.42850112915039,35.34809875488281,35.39508819580078
2025-01-13 00:00:00+00:00,35.40528106689453,35.43230056762695,35.29349899291992,35.40073013305664
2025-01-13 04:00:00+00:00,35.400001525878906,35.47795867919922,35.29499816894531,35.47393035888672
2025-01-13 08:00:00+00:00,35.47090148925781,35.499900817871094,35.32500076293945,35.4984016418457
2025-01-13 12:00:00+00:00,35.49674987792969,35.500701904296875,35.332000732421875,35.484100341796875
2025-01-13 16:00:00+00:00,35.48606872558594,35.49869918823242,35.38199996948242,35.483299255371094
2025-01-13 20:00:00+00:00,35.48400115966797,35.49100112915039,35.38100051879883,35.47129821777344
2025-01-14 00:00:00+00:00,35.47333908081055,35.50630187988281,35.400001525878906,35.469398498535156
2025-01-14 04:00:00+00:00,35.46929931640625,35.49620056152344,35.34000015258789,35.49480056762695
2025-01-14 08:00:00+00:00,35.486900329589844,35.49641036987305,35.34199905395508,35.491600036621094
2025-01-14 12:00:00+00:00,35.491600036621094,35.49909973144531,35.3129997253418,35.48447036743164
2025-01-14 16:00:00+00:00,35.486900329589844,35.48789978027344,35.3650016784668,35.46641159057617
2025-01-14 20:00:00+00:00,35.46730041503906,35.484100341796875,35.3650016784668,35.45589828491211
2025-01-15 00:00:00+00:00,35.47074890136719,35.512699127197266,35.45289993286133,35.49420166015625
2025-01-15 04:00:00+00:00,35.50379943847656,35.50899887084961,35.349998474121094,35.501800537109375
2025-01-15 08:00:00+00:00,35.49829864501953,35.50183868408203,35.33000183105469,35.47850036621094
2025-01-15 12:00:00+00:00,35.47930145263672,35.522098541259766,35.319000244140625,35.45249938964844
2025-01-15 16:00:00+00:00,35.35499954223633,35.462398529052734,35.349998474121094,35.45518112182617
2025-01-15 20:00:00+00:00,35.4547004699707,35.4833984375,35.35499954223633,35.46699905395508
2025-01-16 00:00:00+00:00,35.46733093261719,35.48740005493164,35.375,35.46900177001953
2025-01-16 04:00:00+00:00,35.46900177001953,35.48500061035156,35.314998626708984,35.46440124511719
2025-01-16 08:00:00+00:00,35.46295166015625,35.465171813964844,35.27799987792969,35.44430160522461
2025-01-16 12:00:00+00:00,35.444698333740234,35.458900451660156,35.279998779296875,35.43727111816406
2025-01-16 16:00:00+00:00,35.43470001220703,35.439701080322266,35.31999969482422,35.4185791015625
2025-01-16 20:00:00+00:00,35.42290115356445,35.5620002746582,35.30979919433594,35.54050064086914
2025-01-17 00:00:00+00:00,35.53533172607422,35.562400817871094,35.49856948852539,35.520721435546875
2025-01-17 04:00:00+00:00,35.52109909057617,35.555110931396484,35.41999816894531,35.550498962402344
2025-01-17 08:00:00+00:00,35.550621032714844,35.56909942626953,35.54330062866211,35.56467819213867
2025-01-17 12:00:00+00:00,35.56467819213867,35.56959915161133,35.52199935913086,35.55289840698242
2025-01-17 16:00:00+00:00,35.55656814575195,35.566898345947266,35.509498596191406,35.55455017089844
2025-01-17 20:00:00+00:00,35.5546989440918,35.56100082397461,35.351200103759766,35.43000030517578
2025-01-20 00:00:00+00:00,35.55659103393555,35.58311080932617,35.492698669433594,35.58259963989258
2025-01-20 04:00:00+00:00,35.57242965698242,35.59917068481445,35.53950119018555,35.58934020996094
2025-01-20 08:00:00+00:00,35.58869934082031,35.59967041015625,35.53804016113281,35.58570861816406
2025-01-20 12:00:00+00:00,35.5884895324707,35.59049987792969,35.53929901123047,35.561100006103516
2025-01-20 16:00:00+00:00,35.56245040893555,35.575199127197266,35.481201171875,35.55849838256836
2025-01-20 20:00:00+00:00,35.552268981933594,35.601200103759766,35.42499923706055,35.56216049194336
2025-01-21 00:00:00+00:00,35.56315994262695,35.60200119018555,35.50640106201172,35.58700180053711
2025-01-21 04:00:00+00:00,35.59600067138672,35.62099838256836,35.444000244140625,35.61848831176758
2025-01-21 08:00:00+00:00,35.618900299072266,35.62990188598633,35.459999084472656,35.61869812011719
2025-01-21 12:00:00+00:00,35.61869812011719,35.63710021972656,35.46200180053711,35.61880874633789
2025-01-21 16:00:00+00:00,35.618228912353516,35.629398345947266,35.465999603271484,35.614200592041016
2025-01-21 20:00:00+00:00,35.61429977416992,35.65290069580078,35.513099670410156,35.619300842285156
2025-01-22 00:00:00+00:00,35.627410888671875,35.638999938964844,35.53810119628906,35.62208938598633
2025-01-22 04:00:00+00:00,35.61880111694336,35.65528869628906,35.486000061035156,35.651798248291016
2025-01-22 08:00:00+00:00,35.648101806640625,35.65367126464844,35.492000579833984,35.644989013671875
2025-01-22 12:00:00+00:00,35.644989013671875,35.658599853515625,35.49700164794922,35.64580154418945
2025-01-22 16:00:00+00:00,35.649131774902344,35.6531982421875,35.49100112915039,35.62910079956055
2025-01-22 20:00:00+00:00,35.63608932495117,35.6609001159668,35.54759979248047,35.63999938964844
2025-01-23 00:00:00+00:00,35.642059326171875,35.65449905395508,35.60940170288086,35.64373016357422
2025-01-23 04:00:00+00:00,35.644020080566406,35.66122817993164,35.50699996948242,35.64958953857422
2025-01-23 08:00:00+00:00,35.64710998535156,35.66019821166992,35.494998931884766,35.65520095825195
2025-01-23 12:00:00+00:00,35.655601501464844,35.661460876464844,35.481998443603516,35.643001556396484
2025-01-23 16:00:00+00:00,35.64125061035156,35.65169906616211,35.49100112915039,35.62919998168945
2025-01-23 20:00:00+00:00,35.62643051147461,35.68470001220703,35.57509994506836,35.663299560546875
2025-01-24 00:00:00+00:00,35.67238998413086,35.696998596191406,35.62110137939453,35.673500061035156
2025-01-24 04:00:00+00:00,35.67300033569336,35.70429992675781,35.547000885009766,35.69490051269531
2025-01-24 08:00:00+00:00,35.693729400634766,35.700401306152344,35.53300094604492,35.68320083618164
2025-01-24 12:00:00+00:00,35.680198669433594,35.7041015625,35.529998779296875,35.68000030517578
2025-01-24 16:00:00+00:00,35.67879867553711,35.68539810180664,35.520999908447266,35.68080139160156
2025-01-24 20:00:00+00:00,35.67940139770508,35.68510055541992,35.631900787353516,35.64540100097656
2025-01-27 00:00:00+00:00,35.660499572753906,35.706298828125,35.6151008605957,35.660099029541016
2025-01-27 04:00:00+00:00,35.68840026855469,35.72560119628906,35.52000045776367,35.723899841308594
2025-01-27 08:00:00+00:00,35.723411560058594,35.73059844970703,35.560699462890625,35.72570037841797
2025-01-27 12:00:00+00:00,35.72560119628906,35.7401008605957,35.57899856567383,35.73939895629883
2025-01-27 16:00:00+00:00,35.73733901977539,35.74300003051758,35.582000732421875,35.729400634765625
2025-01-27 20:00:00+00:00,35.727989196777344,35.760398864746094,35.582000732421875,35.75400161743164
2025-01-28 00:00:00+00:00,35.752899169921875,35.76350021362305,35.599998474121094,35.74644088745117
2025-01-28 04:00:00+00:00,35.745460510253906,35.765628814697266,35.60300064086914,35.763938903808594
2025-01-28 08:00:00+00:00,35.76087951660156,35.765769958496094,35.61000061035156,35.760101318359375
2025-01-28 12:00:00+00:00,35.761680603027344,35.76539993286133,35.60599899291992,35.753501892089844
2025-01-28 16:00:00+00:00,35.75212860107422,35.756500244140625,35.59299850463867,35.7411994934082
2025-01-28 20:00:00+00:00,35.739990234375,35.762298583984375,35.638999938964844,35.71657943725586
2025-01-29 00:00:00+00:00,35.755401611328125,35.75740051269531,35.63479995727539,35.74409866333008
2025-01-29 04:00:00+00:00,35.7411994934082,35.777530670166016,35.59000015258789,35.77280044555664
2025-01-29 08:00:00+00:00,35.7692985534668,35.785499572753906,35.61199951171875,35.761051177978516
2025-01-29 12:00:00+00:00,35.76285171508789,35.78620147705078,35.6150016784668,35.782501220703125
2025-01-29 16:00:00+00:00,35.78327941894531,35.792999267578125,35.63100051879883,35.781410217285156
2025-01-29 20:00:00+00:00,35.77671813964844,35.81880187988281,35.69649887084961,35.792701721191406
2025-01-30 00:00:00+00:00,35.791988372802734,35.81669998168945,35.754398345947266,35.78820037841797
2025-01-30 04:00:00+00:00,35.78499984741211,35.804500579833984,35.6349983215332,35.78879928588867
2025-01-30 08:00:00+00:00,35.78799819946289,35.79249954223633,35.625,35.7729606628418
2025-01-30 12:00:00+00:00,35.77539825439453,35.78350067138672,35.62099838256836,35.770198822021484
2025-01-30 16:00:00+00:00,35.7718505859375,35.77640151977539,35.612998962402344,35.75748825073242
2025-01-30 20:00:00+00:00,35.764400482177734,35.86709976196289,35.67729949951172,35.856201171875
2025-01-31 00:00:00+00:00,35.84785842895508,35.86800003051758,35.76359939575195,35.85490036010742
2025-01-31 04:00:00+00:00,35.853599548339844,35.867000579833984,35.70600128173828,35.85702133178711
2025-01-31 08:00:00+00:00,35.85702133178711,35.864990234375,35.659000396728516,35.85850143432617
2025-01-31 12:00:00+00:00,35.85466003417969,35.86130142211914,35.67599868774414,35.85184860229492
2025-01-31 16:00:00+00:00,35.84960174560547,35.85309982299805,35.69150161743164,35.83190155029297
2025-01-31 20:00:00+00:00,35.830501556396484,35.854000091552734,35.60150146484375,35.69770050048828
2025-02-03 00:00:00+00:00,35.884578704833984,35.912200927734375,35.80540084838867,35.87889862060547
2025-02-03 04:00:00+00:00,35.89179992675781,35.95989990234375,35.76100158691406,35.952598571777344
2025-02-03 08:00:00+00:00,35.95547866821289,35.99980163574219,35.808998107910156,35.99440002441406
2025-02-03 12:00:00+00:00,35.991580963134766,35.99850082397461,35.82500076293945,35.91440963745117
2025-02-03 16:00:00+00:00,35.91399002075195,35.97399139404297,35.830501556396484,35.967018127441406
2025-02-03 20:00:00+00:00,35.96788024902344,35.98249816894531,35.81019973754883,35.96120071411133
2025-02-04 00:00:00+00:00,35.962398529052734,36.010101318359375,35.93429946899414,36.00326919555664
2025-02-04 04:00:00+00:00,35.99689865112305,36.029300689697266,35.84000015258789,35.99980163574219
2025-02-04 08:00:00+00:00,35.999900817871094,36.00659942626953,35.79800033569336,35.96488952636719
2025-02-04 12:00:00+00:00,35.962989807128906,35.96649932861328,35.775001525878906,35.92449951171875
2025-02-04 16:00:00+00:00,35.928619384765625,35.941650390625,35.909000396728516,35.92829895019531
2025-02-04 20:00:00+00:00,35.92644119262695,35.97700119018555,35.86940002441406,35.95399856567383
2025-02-05 00:00:00+00:00,35.949501037597656,35.972999572753906,35.8661994934082,35.95399856567383
2025-02-05 04:00:00+00:00,35.96120071411133,35.9630012512207,35.9151611328125,35.94124984741211
2025-02-05 08:00:00+00:00,35.94124984741211,35.94845962524414,35.90950012207031,35.92047882080078
2025-02-05 12:00:00+00:00,35.92348861694336,35.956298828125,35.84149932861328,35.89849853515625
2025-02-05 16:00:00+00:00,35.894500732421875,35.90250015258789,35.874839782714844,35.89739990234375
2025-02-05 20:00:00+00:00,35.89392852783203,35.91640090942383,35.78010177612305,35.89339828491211
2025-02-06 00:00:00+00:00,35.89875030517578,35.911399841308594,35.84389877319336,35.89080047607422
2025-02-06 04:00:00+00:00,35.889801025390625,35.930301666259766,35.729000091552734,35.90370178222656
2025-02-06 08:00:00+00:00,35.90406036376953,35.90679931640625,35.71500015258789,35.89059829711914
2025-02-06 12:00:00+00:00,35.89244842529297,35.898101806640625,35.72200012207031,35.86389923095703
2025-02-06 16:00:00+00:00,35.86824035644531,35.899898529052734,35.72800064086914,35.87820053100586
2025-02-06 20:00:00+00:00,35.878448486328125,36.00680160522461,35.72999954223633,35.95869827270508
2025-02-07 00:00:00+00:00,35.97019958496094,35.99599838256836,35.83000183105469,35.97357940673828
2025-02-07 04:00:00+00:00,35.9693603515625,36.00310134887695,35.80400085449219,35.985599517822266
2025-02-07 08:00:00+00:00,35.9807014465332,35.98899841308594,35.79899978637695,35.97819900512695
2025-02-07 12:00:00+00:00,35.97819900512695,35.98149871826172,35.79100036621094,35.9739990234375
2025-02-07 16:00:00+00:00,35.972599029541016,35.98509979248047,35.440101623535156,35.95750045776367
2025-02-07 20:00:00+00:00,35.957801818847656,36.024898529052734,35.78900146484375,35.93437957763672
2025-02-10 00:00:00+00:00,36.00809860229492,36.04679870605469,35.80739974975586,35.994998931884766
2025-02-10 04:00:00+00:00,35.98249816894531,36.04629898071289,35.75699996948242,36.01332092285156
2025-02-10 08:00:00+00:00,36.01021957397461,36.01802062988281,35.82500076293945,35.99470138549805
2025-02-10 12:00:00+00:00,35.99470138549805,36.0088996887207,35.827999114990234,35.989898681640625
2025-02-10 16:00:00+00:00,35.99100875854492,35.99789810180664,35.973201751708984,35.98575973510742
2025-02-10 20:00:00+00:00,35.98754119873047,36.01300048828125,35.810001373291016,35.9898681640625
2025-02-11 00:00:00+00:00,35.98720169067383,36.02050018310547,35.96739959716797,35.99290084838867
2025-02-11 04:00:00+00:00,35.99300003051758,36.029598236083984,35.84400177001953,36.00099182128906
2025-02-11 08:00:00+00:00,35.996299743652344,36.061500549316406,35.84700012207031,36.050201416015625
2025-02-11 12:00:00+00:00,36.04716110229492,36.05289840698242,35.875999450683594,36.04623031616211
2025-02-11 16:00:00+00:00,36.046268463134766,36.05205154418945,35.96879959106445,36.034000396728516
2025-02-11 20:00:00+00:00,36.034000396728516,36.06460189819336,35.81100082397461,35.99509811401367
2025-02-12 00:00:00+00:00,36.025299072265625,36.04199981689453,35.847198486328125,35.979400634765625
2025-02-12 04:00:00+00:00,35.97930145263672,36.10227966308594,35.86090087890625,36.10110092163086
2025-02-12 08:00:00+00:00,36.10110092163086,36.104339599609375,35.930999755859375,36.095699310302734
2025-02-12 12:00:00+00:00,36.09476852416992,36.112831115722656,35.92900085449219,36.10892868041992
2025-02-12 16:00:00+00:00,36.11069869995117,36.115989685058594,36.07680130004883,36.09476089477539
2025-02-12 20:00:00+00:00,36.09474182128906,36.124000549316406,35.987300872802734,36.10036849975586
2025-02-13 00:00:00+00:00,36.09700012207031,36.124000549316406,36.02009963989258,36.1009407043457
2025-02-13 04:00:00+00:00,36.101219177246094,36.12451171875,35.94499969482422,36.1214714050293
2025-02-13 08:00:00+00:00,36.1214714050293,36.12820053100586,35.94300079345703,36.11800003051758
2025-02-13 12:00:00+00:00,36.11579132080078,36.11989974975586,35.939998626708984,36.092899322509766
2025-02-13 16:00:00+00:00,36.09136962890625,36.14385986328125,36.03450012207031,36.09172821044922
2025-02-13 20:00:00+00:00,36.09130096435547,36.214900970458984,35.910301208496094,36.18330001831055
2025-02-14 00:00:00+00:00,36.19248962402344,36.20289993286133,36.160400390625,36.19472122192383
2025-02-14 04:00:00+00:00,36.19540023803711,36.220699310302734,36.016998291015625,36.21424102783203
2025-02-14 08:00:00+00:00,36.20029830932617,36.220420837402344,36.03200149536133,36.21670913696289
2025-02-14 12:00:00+00:00,36.21670913696289,36.22079849243164,36.04600143432617,36.21461868286133
2025-02-14 16:00:00+00:00,36.21236038208008,36.223899841308594,36.058998107910156,36.21839904785156
2025-02-14 20:00:00+00:00,36.21493148803711,36.237701416015625,36.07659912109375,36.209999084472656
2025-02-17 00:00:00+00:00,36.18619918823242,36.24319839477539,36.06340026855469,36.17720031738281
2025-02-17 04:00:00+00:00,36.181400299072266,36.234798431396484,35.88999938964844,36.21474075317383
2025-02-17 08:00:00+00:00,36.21487045288086,36.23149871826172,36.05099868774414,36.227500915527344
2025-02-17 12:00:00+00:00,36.22380065917969,36.241600036621094,36.0620002746582,36.23624038696289
2025-02-17 16:00:00+00:00,36.236568450927734,36.24237823486328,36.22079849243164,36.23030090332031
2025-02-17 20:00:00+00:00,36.237098693847656,36.24610137939453,36.04999923706055,36.230499267578125
2025-02-18 00:00:00+00:00,36.23699188232422,36.252601623535156,36.19660186767578,36.2376708984375
2025-02-18 04:00:00+00:00,36.24263000488281,36.26580810546875,36.0989990234375,36.25790023803711
2025-02-18 08:00:00+00:00,36.260948181152344,36.2755012512207,36.104000091552734,36.13399887084961
2025-02-18 12:00:00+00:00,36.271759033203125,36.27444839477539,36.10300064086914,36.26380157470703
2025-02-18 16:00:00+00:00,36.26729965209961,36.2755012512207,36.246299743652344,36.262699127197266
2025-02-18 20:00:00+00:00,36.27033996582031,36.30120086669922,36.153099060058594,36.286399841308594
2025-02-19 00:00:00+00:00,36.278419494628906,36.30670166015625,36.21549987792969,36.282958984375
2025-02-19 04:00:00+00:00,36.28287124633789,36.301700592041016,36.12099838256836,36.298301696777344
2025-02-19 08:00:00+00:00,36.2952995300293,36.308040618896484,36.13800048828125,36.30569839477539
2025-02-19 12:00:00+00:00,36.29899978637695,36.30601119995117,36.145999908447266,36.298301696777344
2025-02-19 16:00:00+00:00,36.29545974731445,36.30229949951172,36.25270080566406,36.28541946411133
2025-02-19 20:00:00+00:00,36.28923034667969,36.318199157714844,36.17380142211914,36.28194046020508
2025-02-20 00:00:00+00:00,36.29658889770508,36.3213005065918,36.213401794433594,36.30635070800781
2025-02-20 04:00:00+00:00,36.31346130371094,36.32550048828125,36.14099884033203,36.31380081176758
2025-02-20 08:00:00+00:00,36.31230163574219,36.321189880371094,36.14899826049805,36.31740188598633
2025-02-20 12:00:00+00:00,36.317508697509766,36.31919860839844,36.13199996948242,36.29349899291992
2025-02-20 16:00:00+00:00,36.29172897338867,36.29880142211914,36.26655960083008,36.2859001159668
2025-02-20 20:00:00+00:00,36.28755187988281,36.400299072265625,36.162200927734375,36.383201599121094
2025-02-21 00:00:00+00:00,36.38949966430664,36.427398681640625,36.33599853515625,36.396060943603516
2025-02-21 04:00:00+00:00,36.39720153808594,36.42388153076172,36.35599899291992,36.407798767089844
2025-02-21 08:00:00+00:00,36.40475845336914,36.410701751708984,36.2239990234375,36.403900146484375
2025-02-21 12:00:00+00:00,36.403900146484375,36.46588134765625,36.21900177001953,36.456050872802734
2025-02-21 16:00:00+00:00,36.4556999206543,36.541439056396484,36.36909866333008,36.44889831542969
2025-02-21 20:00:00+00:00,36.4438591003418,36.458038330078125,36.293800354003906,36.38639831542969
2025-02-24 00:00:00+00:00,36.44799041748047,36.47760009765625,36.34920120239258,36.42959976196289
2025-02-24 04:00:00+00:00,36.43267822265625,36.44729995727539,36.25600051879883,36.4208984375
2025-02-24 08:00:00+00:00,36.41899108886719,36.44490051269531,36.25,36.43239974975586
2025-02-24 12:00:00+00:00,36.43210983276367,36.447349548339844,36.26300048828125,36.44095993041992
2025-02-24 16:00:00+00:00,36.441280364990234,36.44783020019531,36.263999938964844,36.27199935913086
2025-02-24 20:00:00+00:00,36.27199935913086,36.63629913330078,36.22100067138672,36.444698333740234
2025-02-25 00:00:00+00:00,36.453548431396484,36.472801208496094,36.30099868774414,36.457000732421875
2025-02-25 04:00:00+00:00,36.45719909667969,36.46229934692383,36.30099868774414,36.457801818847656
2025-02-25 08:00:00+00:00,36.457801818847656,36.463871002197266,36.34600067138672,36.44179916381836
2025-02-25 12:00:00+00:00,36.45539855957031,36.46202850341797,36.374000549316406,36.450401306152344
2025-02-25 16:00:00+00:00,36.450199127197266,36.45389938354492,36.41469955444336,36.44110107421875
2025-02-25 20:00:00+00:00,36.43915939331055,36.51539993286133,36.30739974975586,36.46052169799805
2025-02-26 00:00:00+00:00,36.45753860473633,36.466800689697266,36.434200286865234,36.45907974243164
2025-02-26 04:00:00+00:00,36.45907974243164,36.462371826171875,36.35599899291992,36.4539794921875
2025-02-26 08:00:00+00:00,36.4539794921875,36.45642852783203,36.33000183105469,36.43579864501953
2025-02-26 12:00:00+00:00,36.43302917480469,36.45582962036133,36.33100128173828,36.455299377441406
2025-02-26 16:00:00+00:00,36.45161056518555,36.457801818847656,36.39609909057617,36.45560073852539
2025-02-26 20:00:00+00:00,36.45610046386719,36.470401763916016,36.36119842529297,36.45399856567383
2025-02-27 00:00:00+00:00,36.45671844482422,36.46139907836914,36.42768096923828,36.45600128173828
2025-02-27 04:00:00+00:00,36.45606994628906,36.45989990234375,36.35499954223633,36.43899917602539
2025-02-27 08:00:00+00:00,36.44009017944336,36.44403076171875,36.34299850463867,36.41579818725586
2025-02-27 12:00:00+00:00,36.43000030517578,36.435638427734375,36.34600067138672,36.418701171875
2025-02-27 16:00:00+00:00,36.41899871826172,36.441001892089844,36.377498626708984,36.418540954589844
2025-02-27 20:00:00+00:00,36.417999267578125,36.53139877319336,36.30649948120117,36.50680160522461
2025-02-28 00:00:00+00:00,36.50349044799805,36.53070068359375,36.435001373291016,36.50920104980469
2025-02-28 04:00:00+00:00,36.50920104980469,36.53131103515625,36.369998931884766,36.52642059326172
2025-02-28 08:00:00+00:00,36.527488708496094,36.53030014038086,36.358001708984375,36.51340103149414
2025-02-28 12:00:00+00:00,36.51350021362305,36.526859283447266,36.36000061035156,36.51612854003906
2025-02-28 16:00:00+00:00,36.51179885864258,36.529991149902344,36.45800018310547,36.51858139038086
2025-02-28 20:00:00+00:00,36.51765823364258,36.56829833984375,36.35850143432617,36.39350128173828
2025-03-03 00:00:00+00:00,36.513710021972656,36.52157974243164,36.472198486328125,36.510379791259766
2025-03-03 04:00:00+00:00,36.49340057373047,36.52764892578125,36.375,36.460601806640625
2025-03-03 08:00:00+00:00,36.46485900878906,36.48991012573242,36.3849983215332,36.46712875366211
2025-03-03 12:00:00+00:00,36.468101501464844,36.46892166137695,36.3489990234375,36.425899505615234
2025-03-03 16:00:00+00:00,36.42539978027344,36.45249938964844,36.31949996948242,36.39759826660156
2025-03-03 20:00:00+00:00,36.42308044433594,36.481998443603516,36.28900146484375,36.43709945678711
2025-03-04 00:00:00+00:00,36.42662048339844,36.47959899902344,36.262298583984375,36.39649963378906
2025-03-04 04:00:00+00:00,36.42789840698242,36.514991760253906,36.2682991027832,36.41299819946289
2025-03-04 08:00:00+00:00,36.48501968383789,36.48529815673828,36.3849983215332,36.391998291015625
2025-03-04 12:00:00+00:00,36.391998291015625,36.465370178222656,36.361000061035156,36.448699951171875
2025-03-04 16:00:00+00:00,36.44723129272461,36.45001983642578,36.36669921875,36.431800842285156
2025-03-04 20:00:00+00:00,36.4334716796875,36.47999954223633,36.34239959716797,36.44438171386719
2025-03-05 00:00:00+00:00,36.43840026855469,36.46269989013672,36.384498596191406,36.457000732421875
2025-03-05 04:00:00+00:00,36.44144058227539,36.46110153198242,36.35499954223633,36.411399841308594
2025-03-05 08:00:00+00:00,36.434818267822266,36.44586181640625,36.3380012512207,36.36600112915039
2025-03-05 12:00:00+00:00,36.434391021728516,36.44742965698242,36.3380012512207,36.42808151245117
2025-03-05 16:00:00+00:00,36.42580032348633,36.446998596191406,36.34600067138672,36.40340042114258
2025-03-05 20:00:00+00:00,36.40340042114258,36.467498779296875,36.27149963378906,36.42340087890625
2025-03-06 00:00:00+00:00,36.43109893798828,36.47869873046875,36.29560089111328,36.403900146484375
2025-03-06 04:00:00+00:00,36.40409851074219,36.45800018310547,36.322601318359375,36.44425964355469
2025-03-06 08:00:00+00:00,36.44157028198242,36.45392990112305,36.39979934692383,36.432498931884766
2025-03-06 12:00:00+00:00,36.43259811401367,36.443809509277344,36.35499954223633,36.412109375
2025-03-06 16:00:00+00:00,36.4121208190918,36.42150115966797,36.322200775146484,36.38713836669922
2025-03-06 20:00:00+00:00,36.38766098022461,36.537200927734375,36.310001373291016,36.49760055541992
2025-03-07 00:00:00+00:00,36.4959602355957,36.507301330566406,36.404998779296875,36.47298812866211
2025-03-07 04:00:00+00:00,36.48046112060547,36.49530029296875,36.323001861572266,36.47200012207031
2025-03-07 08:00:00+00:00,36.471710205078125,36.47710037231445,36.27799987792969,36.43777084350586
2025-03-07 12:00:00+00:00,36.435699462890625,36.4611701965332,36.314998626708984,36.44221115112305
2025-03-07 16:00:00+00:00,36.44221115112305,36.4656982421875,36.410701751708984,36.44123077392578
2025-03-07 20:00:00+00:00,36.44340133666992,36.49549865722656,36.3213005065918,36.483001708984375
2025-03-10 00:00:00+00:00,36.486698150634766,36.51689910888672,36.4739990234375,36.49909973144531
2025-03-10 04:00:00+00:00,36.48379135131836,36.529991149902344,36.482078552246094,36.51919937133789
2025-03-10 08:00:00+00:00,36.519981384277344,36.555030822753906,36.510501861572266,36.54153060913086
2025-03-10 12:00:00+00:00,36.54153060913086,36.55371856689453,36.470001220703125,36.54349899291992
2025-03-10 16:00:00+00:00,36.54821014404297,36.56380081176758,36.46659851074219,36.53200149536133
2025-03-10 20:00:00+00:00,36.530799865722656,36.5760612487793,36.395301818847656,36.561100006103516
2025-03-11 00:00:00+00:00,36.5684814453125,36.58140182495117,36.5419807434082,36.562801361083984
2025-03-11 04:00:00+00:00,36.5703010559082,36.5844612121582,36.486000061035156,36.57640075683594
2025-03-11 08:00:00+00:00,36.57429122924805,36.58689880371094,36.487998962402344,36.542999267578125
2025-03-11 12:00:00+00:00,36.50699996948242,36.5894889831543,36.498600006103516,36.57659912109375
2025-03-11 16:00:00+00:00,36.57524871826172,36.598201751708984,36.325801849365234,36.57170104980469
2025-03-11 20:00:00+00:00,36.568199157714844,36.64720153808594,36.33530044555664,36.58280944824219
2025-03-12 00:00:00+00:00,36.58523178100586,36.61309814453125,36.5547981262207,36.59619903564453
2025-03-12 04:00:00+00:00,36.588741302490234,36.61199951171875,36.51499938964844,36.540000915527344
2025-03-12 08:00:00+00:00,36.57490158081055,36.614498138427734,36.520999908447266,36.53799819946289
2025-03-12 12:00:00+00:00,36.53799819946289,36.613250732421875,36.52000045776367,36.5908317565918
2025-03-12 16:00:00+00:00,36.59349822998047,36.59659957885742,36.53089904785156,36.56589889526367
2025-03-12 20:00:00+00:00,36.572601318359375,36.5968017578125,36.44609832763672,36.56019973754883
2025-03-13 00:00:00+00:00,36.571739196777344,36.591400146484375,36.558319091796875,36.56629943847656
2025-03-13 04:00:00+00:00,36.58327865600586,36.61405944824219,36.5653190612793,36.608360290527344
2025-03-13 08:00:00+00:00,36.60803985595703,36.61310958862305,36.595001220703125,36.60982894897461
2025-03-13 12:00:00+00:00,36.60717010498047,36.61378860473633,36.566001892089844,36.605201721191406
2025-03-13 16:00:00+00:00,36.60441970825195,36.616798400878906,36.560001373291016,36.59579849243164
2025-03-13 20:00:00+00:00,36.59489822387695,36.71879959106445,36.51139831542969,36.68050003051758
2025-03-14 00:00:00+00:00,36.67742156982422,36.79199981689453,36.51259994506836,36.67924118041992
2025-03-14 04:00:00+00:00,36.67770004272461,36.68312072753906,36.520999908447266,36.5369987487793
2025-03-14 08:00:00+00:00,36.68098831176758,36.682960510253906,36.51100158691406,36.527000427246094
2025-03-14 12:00:00+00:00,36.66999816894531,36.675811767578125,36.512001037597656,36.66883087158203
2025-03-14 16:00:00+00:00,36.6711311340332,36.672401428222656,36.63399887084961,36.66080093383789
2025-03-14 20:00:00+00:00,36.66109085083008,36.66400909423828,36.44956970214844,36.44956970214844
2025-03-17 00:00:00+00:00,36.64527130126953,36.67972183227539,36.60260009765625,36.668338775634766
2025-03-17 04:00:00+00:00,36.668338775634766,36.68886184692383,36.584999084472656,36.684669494628906
2025-03-17 08:00:00+00:00,36.68458938598633,36.68778991699219,36.58100128173828,36.6609001159668
2025-03-17 12:00:00+00:00,36.66469955444336,36.67142868041992,36.577999114990234,36.6242790222168
2025-03-17 16:00:00+00:00,36.62392044067383,36.627498626708984,36.58399963378906,36.61402130126953
2025-03-17 20:00:00+00:00,36.61370086669922,36.65299987792969,36.49330139160156,36.63719940185547
2025-03-18 00:00:00+00:00,36.63758850097656,36.66239929199219,36.560001373291016,36.638389587402344
2025-03-18 04:00:00+00:00,36.649898529052734,36.68410110473633,36.55099868774414,36.652400970458984
2025-03-18 08:00:00+00:00,36.6528205871582,36.6638298034668,36.558998107910156,36.58399963378906
2025-03-18 12:00:00+00:00,36.6520881652832,36.70491027832031,36.55400085449219,36.68299865722656
2025-03-18 16:00:00+00:00,36.68156051635742,36.68629837036133,36.632999420166016,36.67100143432617
2025-03-18 20:00:00+00:00,36.66807174682617,36.74209976196289,36.53779983520508,36.68519973754883
2025-03-19 00:00:00+00:00,36.693321228027344,36.72428894042969,36.62289810180664,36.70640182495117
2025-03-19 04:00:00+00:00,36.70209884643555,41.013240814208984,36.56990051269531,38.96699905395508
2025-03-19 08:00:00+00:00,39.14699172973633,39.302101135253906,37.95000076293945,38.036109924316406
2025-03-19 12:00:00+00:00,38.04698944091797,38.12879943847656,37.55149841308594,37.661598205566406
2025-03-19 16:00:00+00:00,37.683799743652344,38.02190017700195,37.54899978637695,37.92795944213867
2025-03-19 20:00:00+00:00,37.9421501159668,38.084800720214844,37.46480178833008,37.989898681640625
2025-03-20 00:00:00+00:00,37.99250030517578,37.99300003051758,37.51319885253906,37.89540100097656
2025-03-20 04:00:00+00:00,37.89550018310547,38.00849151611328,37.502201080322266,37.9769287109375
2025-03-20 08:00:00+00:00,37.9718017578125,38.00558853149414,37.84299850463867,37.99409866333008
2025-03-20 12:00:00+00:00,37.9959602355957,38.01021957397461,37.35499954223633,37.942440032958984
2025-03-20 16:00:00+00:00,37.93709945678711,37.98659896850586,37.68009948730469,37.887298583984375
2025-03-20 20:00:00+00:00,37.888999938964844,37.99995040893555,37.752498626708984,37.90570068359375
2025-03-21 00:00:00+00:00,37.967071533203125,37.99369812011719,37.76580047607422,37.96419906616211
2025-03-21 04:00:00+00:00,37.96516036987305,38.0154914855957,37.83399963378906,38.00040054321289
2025-03-21 08:00:00+00:00,38.00448989868164,38.02088928222656,37.821998596191406,38.00725173950195
2025-03-21 12:00:00+00:00,38.00680160522461,38.14210891723633,37.50559997558594,37.79100036621094
2025-03-21 16:00:00+00:00,37.8389892578125,37.84479904174805,37.463600158691406,37.81700134277344
2025-03-21 20:00:00+00:00,37.80466079711914,37.80466079711914,37.7619514465332,37.7619514465332
2025-03-24 00:00:00+00:00,37.982200622558594,38.019100189208984,37.87630081176758,38.00310134887695
2025-03-24 04:00:00+00:00,38.00379943847656,38.03459167480469,37.624000549316406,37.823490142822266
2025-03-24 08:00:00+00:00,37.815948486328125,38.00120162963867,37.664398193359375,37.98609924316406
2025-03-24 12:00:00+00:00,37.97869873046875,38.00558853149414,37.89899826049805,38.00320053100586
2025-03-24 16:00:00+00:00,38.00328826904297,38.00648880004883,37.83599853515625,37.9557991027832
2025-03-24 20:00:00+00:00,37.9015007019043,38.002201080322266,37.735599517822266,37.79169845581055
2025-03-25 00:00:00+00:00,37.99380111694336,38.02640151977539,37.703399658203125,37.97975158691406
2025-03-25 04:00:00+00:00,37.98160171508789,37.99987030029297,37.76969909667969,37.971500396728516
2025-03-25 08:00:00+00:00,37.97671890258789,37.99625015258789,37.845001220703125,37.9010009765625
2025-03-25 12:00:00+00:00,37.9010009765625,38.00345993041992,37.875999450683594,37.997318267822266
2025-03-25 16:00:00+00:00,37.99763107299805,38.00149917602539,37.88410186767578,37.95349884033203
2025-03-25 20:00:00+00:00,37.96770095825195,38.03799819946289,37.82469940185547,37.9547004699707
2025-03-26 00:00:00+00:00,37.99290084838867,38.09629821777344,37.828399658203125,38.009300231933594
2025-03-26 04:00:00+00:00,37.998199462890625,38.01490020751953,37.85649871826172,37.93000030517578
2025-03-26 08:00:00+00:00,38.00584030151367,38.01007080078125,37.91999816894531,37.93000030517578
2025-03-26 12:00:00+00:00,38.00450134277344,38.01068878173828,37.922000885009766,38.007598876953125
2025-03-26 16:00:00+00:00,38.007408142089844,38.00905990600586,37.936100006103516,37.97711944580078
2025-03-26 20:00:00+00:00,37.98377990722656,38.09700012207031,37.833499908447266,37.97249984741211
2025-03-27 00:00:00+00:00,37.97969055175781,38.06560134887695,37.87120056152344,37.98141860961914
2025-03-27 04:00:00+00:00,37.981319427490234,38.039100646972656,37.8317985534668,37.930999755859375
2025-03-27 08:00:00+00:00,37.997798919677734,38.01388931274414,37.917999267578125,37.930999755859375
2025-03-27 12:00:00+00:00,37.930999755859375,38.011329650878906,37.90700149536133,38.00790023803711
2025-03-27 16:00:00+00:00,38.00748825073242,38.017799377441406,37.96799850463867,38.00299835205078
2025-03-27 20:00:00+00:00,37.99829864501953,38.04819869995117,37.81809997558594,37.86840057373047
2025-03-28 00:00:00+00:00,38.014949798583984,38.067501068115234,37.82630157470703,37.9994010925293
2025-03-28 04:00:00+00:00,38.010799407958984,38.03252029418945,37.82509994506836,38.00339889526367
2025-03-28 08:00:00+00:00,38.003501892089844,38.01210021972656,37.99089813232422,38.00410079956055
2025-03-28 12:00:00+00:00,38.00648880004883,38.01409912109375,37.83259963989258,37.999900817871094
2025-03-28 16:00:00+00:00,38.0015983581543,38.02389907836914,37.847900390625,37.96849822998047
2025-03-28 20:00:00+00:00,38.001800537109375,38.006500244140625,37.80799865722656,37.87590026855469
2025-03-31 00:00:00+01:00,37.97480010986328,37.99140167236328,37.810001373291016,37.93870162963867
2025-03-31 04:00:00+01:00,37.95790100097656,37.963401794433594,37.6776008605957,37.78990173339844
2025-03-31 08:00:00+01:00,37.78900146484375,37.96699142456055,37.69089889526367,37.96308898925781
2025-03-31 12:00:00+01:00,37.96207809448242,37.96561813354492,37.81449890136719,37.9574089050293
2025-03-31 16:00:00+01:00,37.95930099487305,37.97999954223633,37.85820007324219,37.956729888916016
2025-03-31 20:00:00+01:00,37.95697021484375,37.970001220703125,37.7953987121582,37.80500030517578
2025-04-01 00:00:00+01:00,37.82419967651367,37.950599670410156,37.75510025024414,37.919368743896484
2025-04-01 04:00:00+01:00,37.88949966430664,37.952598571777344,37.74689865112305,37.936100006103516
2025-04-01 08:00:00+01:00,37.93737030029297,37.96369934082031,37.765499114990234,37.929500579833984
2025-04-01 12:00:00+01:00,37.929500579833984,37.9317512512207,37.78609848022461,37.902400970458984
2025-04-01 16:00:00+01:00,37.89720916748047,37.97999954223633,37.733699798583984,37.883201599121094
2025-04-01 20:00:00+01:00,37.874698638916016,37.97489929199219,37.762298583984375,37.968101501464844
2025-04-02 00:00:00+01:00,37.88692855834961,37.96480178833008,37.708900451660156,37.94620132446289
2025-04-02 04:00:00+01:00,37.945098876953125,37.987701416015625,37.75389862060547,37.92959976196289
2025-04-02 08:00:00+01:00,37.92845153808594,37.94049835205078,37.74020004272461,37.92210006713867
2025-04-02 12:00:00+01:00,37.91965103149414,37.93571853637695,37.810001373291016,37.883201599121094
2025-04-02 16:00:00+01:00,37.932830810546875,37.93484115600586,37.80699920654297,37.91511154174805
2025-04-02 20:00:00+01:00,37.91511154174805,37.9567985534668,37.7318000793457,37.84280014038086
2025-04-03 00:00:00+01:00,37.84550094604492,37.96649169921875,37.700401306152344,37.894901275634766
2025-04-03 04:00:00+01:00,37.93230056762695,37.95330047607422,37.73820114135742,37.91025161743164
2025-04-03 08:00:00+01:00,37.90119934082031,37.95009994506836,37.83100128173828,37.94152069091797
2025-04-03 12:00:00+01:00,37.94002914428711,37.95249938964844,37.849998474121094,37.94295120239258
2025-04-03 16:00:00+01:00,37.943199157714844,37.9906005859375,37.85129928588867,37.92171096801758
2025-04-03 20:00:00+01:00,37.91120147705078,38.0177001953125,37.734500885009766,37.997100830078125
2025-04-04 00:00:00+01:00,37.98632049560547,38.02629852294922,37.83060073852539,37.996299743652344
2025-04-04 04:00:00+01:00,37.99549865722656,38.00954055786133,37.7494010925293,38.00550079345703
2025-04-04 08:00:00+01:00,38.00870132446289,38.01055145263672,37.8390007019043,38.00809860229492
2025-04-04 12:00:00+01:00,38.00645065307617,38.09000015258789,37.84000015258789,38.007598876953125
2025-04-04 16:00:00+01:00,38.0069694519043,38.112300872802734,37.80080032348633,37.872398376464844
2025-04-04 20:00:00+01:00,37.87009811401367,38.10940170288086,37.804901123046875,37.990699768066406
2025-04-07 00:00:00+01:00,37.994049072265625,38.012699127197266,37.88959884643555,38.001808166503906
2025-04-07 04:00:00+01:00,38.001808166503906,38.00981140136719,37.91600036621094,37.99869918823242
2025-04-07 08:00:00+01:00,38.00788879394531,38.01259994506836,37.92100143432617,38.00469970703125
2025-04-07 12:00:00+01:00,38.007408142089844,38.01179122924805,37.832000732421875,37.99449920654297
2025-04-07 16:00:00+01:00,38.00273895263672,38.082698822021484,37.84130096435547,37.98720169067383
2025-04-07 20:00:00+01:00,37.852298736572266,38.01449966430664,37.814998626708984,37.870201110839844
2025-04-08 00:00:00+01:00,37.997398376464844,38.04819869995117,37.91170120239258,37.99570083618164
2025-04-08 04:00:00+01:00,37.99335861206055,38.007198333740234,37.90999984741211,37.990299224853516
2025-04-08 08:00:00+01:00,37.98746871948242,38.01123809814453,37.90999984741211,37.99319839477539
2025-04-08 12:00:00+01:00,38.00621032714844,38.009620666503906,37.92100143432617,38.006500244140625
2025-04-08 16:00:00+01:00,38.00518035888672,38.00883102416992,37.970001220703125,38.001529693603516
2025-04-08 20:00:00+01:00,38.00162887573242,38.04821014404297,37.643699645996094,37.92932891845703
2025-04-09 00:00:00+01:00,37.921180725097656,38.1150016784668,37.797000885009766,37.86759948730469
2025-04-09 04:00:00+01:00,37.890499114990234,38.257999420166016,37.77069854736328,38.00703811645508
2025-04-09 08:00:00+01:00,38.00695037841797,38.00925827026367,37.922000885009766,38.00553894042969
2025-04-09 12:00:00+01:00,38.00580978393555,38.01110076904297,37.92399978637695,37.999698638916016
2025-04-09 16:00:00+01:00,38.00503921508789,38.01182174682617,37.77880096435547,37.94449996948242
2025-04-09 20:00:00+01:00,37.934051513671875,37.9900016784668,37.79719924926758,37.93880081176758
2025-04-10 00:00:00+01:00,37.94078063964844,38.00699996948242,37.79059982299805,37.9835205078125
2025-04-10 04:00:00+01:00,37.96549987792969,38.00149917602539,37.81660079956055,37.935699462890625
2025-04-10 08:00:00+01:00,37.93434143066406,37.9623908996582,37.83599853515625,37.93090057373047
2025-04-10 12:00:00+01:00,37.920101165771484,37.94279861450195,37.82400131225586,37.90489959716797
2025-04-10 16:00:00+01:00,37.90769958496094,37.92580032348633,37.83549880981445,37.90800094604492
2025-04-10 20:00:00+01:00,37.91223907470703,38.05329895019531,37.79719924926758,38.01409912109375
2025-04-11 00:00:00+01:00,38.01443099975586,38.1265983581543,37.89139938354492,38.071800231933594
2025-04-11 04:00:00+01:00,38.07109832763672,38.14849853515625,37.880401611328125,38.05720138549805
2025-04-11 08:00:00+01:00,38.056819915771484,38.06201934814453,37.89099884033203,38.00640106201172
2025-04-11 12:00:00+01:00,38.04869842529297,38.06039810180664,37.887001037597656,38.04140090942383
2025-04-11 16:00:00+01:00,38.05363082885742,38.14310073852539,37.888999938964844,38.04909896850586
2025-04-11 20:00:00+01:00,38.04352951049805,38.14630126953125,37.89350128173828,38.05427169799805
2025-04-14 00:00:00+01:00,37.86288070678711,38.01900863647461,37.86288070678711,37.99205017089844
2025-04-14 04:00:00+01:00,37.99456024169922,38.08319854736328,37.821998596191406,38.006290435791016
2025-04-14 08:00:00+01:00,38.006290435791016,38.0446891784668,37.917999267578125,38.037498474121094
2025-04-14 12:00:00+01:00,38.0388298034668,38.064701080322266,37.96099853515625,38.04880142211914
2025-04-14 16:00:00+01:00,38.04890060424805,38.05078887939453,37.9635009765625,38.015499114990234
2025-04-14 20:00:00+01:00,38.007999420166016,38.04290008544922,37.864898681640625,37.89820098876953
2025-04-15 00:00:00+01:00,37.986148834228516,38.05910110473633,37.7510986328125,38.00651931762695
2025-04-15 04:00:00+01:00,37.957401275634766,38.06039810180664,37.84379959106445,38.04399871826172
2025-04-15 08:00:00+01:00,38.042701721191406,38.101661682128906,37.9630012512207,38.082801818847656
2025-04-15 12:00:00+01:00,38.090911865234375,38.099300384521484,38.0,38.095298767089844
2025-04-15 16:00:00+01:00,38.097328186035156,38.09859848022461,37.965999603271484,38.036399841308594
2025-04-15 20:00:00+01:00,38.052040100097656,38.14550018310547,37.935001373291016,38.075599670410156
2025-04-16 00:00:00+01:00,38.087059020996094,38.23820114135742,37.943199157714844,38.10210037231445
2025-04-16 04:00:00+01:00,38.10517120361328,38.11857986450195,38.003299713134766,38.11439895629883
2025-04-16 08:00:00+01:00,38.115440368652344,38.131370544433594,38.03499984741211,38.1244010925293
2025-04-16 12:00:00+01:00,38.12520980834961,38.18199920654297,38.03300094604492,38.13059997558594
2025-04-16 16:00:00+01:00,38.12929916381836,38.13140106201172,38.04650115966797,38.111900329589844
2025-04-16 20:00:00+01:00,38.12992858886719,38.15399932861328,38.00299835205078,38.13840103149414
2025-04-17 00:00:00+01:00,38.12751007080078,38.15253829956055,38.08570098876953,38.14836883544922
2025-04-17 04:00:00+01:00,38.13460159301758,38.154701232910156,38.02299880981445,38.13159942626953
2025-04-17 08:00:00+01:00,38.055999755859375,38.15769958496094,38.040000915527344,38.137969970703125
2025-04-17 12:00:00+01:00,38.13764953613281,38.14540100097656,37.965999603271484,38.04460144042969
2025-04-17 16:00:00+01:00,38.0494384765625,38.06840133666992,37.90829849243164,37.98040008544922
2025-04-17 20:00:00+01:00,37.98550033569336,38.05043029785156,37.80189895629883,37.96744918823242
2025-04-18 00:00:00+01:00,38.03089904785156,38.05139923095703,37.983001708984375,38.050628662109375
2025-04-18 04:00:00+01:00,38.05133056640625,38.15922164916992,37.867801666259766,38.13570022583008
2025-04-18 08:00:00+01:00,38.1380500793457,38.182369232177734,37.9739990234375,38.17679977416992
2025-04-18 12:00:00+01:00,38.17679977416992,38.17972946166992,38.007999420166016,38.13479995727539
2025-04-18 16:00:00+01:00,38.167049407958984,38.182899475097656,37.83489990234375,38.0644416809082
2025-04-18 20:00:00+01:00,38.0942497253418,38.095088958740234,38.02867126464844,38.064849853515625
2025-04-21 00:00:00+01:00,38.08811950683594,38.20970153808594,38.030601501464844,38.19559860229492
2025-04-21 04:00:00+01:00,38.195838928222656,38.21260070800781,37.95690155029297,38.17898178100586
2025-04-21 08:00:00+01:00,38.17898178100586,38.20204162597656,38.084999084472656,38.19820022583008
2025-04-21 12:00:00+01:00,38.19810104370117,38.212581634521484,38.108001708984375,38.19029998779297
2025-04-21 16:00:00+01:00,38.18782043457031,38.213531494140625,38.10110092163086,38.17776870727539
2025-04-21 20:00:00+01:00,38.17776870727539,38.23659896850586,38.0906982421875,38.214599609375
2025-04-22 00:00:00+01:00,38.23569869995117,38.23749923706055,38.12670135498047,38.210201263427734
2025-04-22 04:00:00+01:00,38.183998107910156,38.25965881347656,38.11000061035156,38.25600051879883
2025-04-22 08:00:00+01:00,38.25709915161133,38.260398864746094,38.130001068115234,38.24300003051758
2025-04-22 12:00:00+01:00,38.25606155395508,38.2606201171875,38.13100051879883,38.25899887084961
2025-04-22 16:00:00+01:00,38.25762939453125,38.25920104980469,38.15119934082031,38.24789810180664
2025-04-22 20:00:00+01:00,38.247798919677734,38.36259841918945,38.119598388671875,38.27151107788086
2025-04-23 00:00:00+01:00,38.26264190673828,38.293701171875,38.184200286865234,38.280799865722656
2025-04-23 04:00:00+01:00,38.281898498535156,38.28623962402344,38.161399841308594,38.26688003540039
2025-04-23 08:00:00+01:00,38.26958084106445,38.29069900512695,38.191001892089844,38.28792190551758
2025-04-23 12:00:00+01:00,38.27840042114258,38.289798736572266,38.154998779296875,38.27040100097656
2025-04-23 16:00:00+01:00,38.272918701171875,38.27959060668945,38.23350143432617,38.272361755371094
2025-04-23 20:00:00+01:00,38.2677001953125,38.32550048828125,38.135501861572266,38.28390121459961
2025-04-24 00:00:00+01:00,38.293399810791016,38.36009979248047,38.157798767089844,38.285240173339844
2025-04-24 04:00:00+01:00,38.285438537597656,38.30699920654297,38.0807991027832,38.262001037597656
2025-04-24 08:00:00+01:00,38.27899932861328,38.31970977783203,38.20800018310547,38.31760025024414
2025-04-24 12:00:00+01:00,38.31779861450195,38.319698333740234,38.220001220703125,38.31079864501953
2025-04-24 16:00:00+01:00,38.31393051147461,38.31930160522461,38.2593994140625,38.30995178222656
2025-04-24 20:00:00+01:00,38.310081481933594,38.42559814453125,38.14189910888672,38.386600494384766
2025-04-25 00:00:00+01:00,38.41551971435547,38.483001708984375,38.28519821166992,38.40768814086914
2025-04-25 04:00:00+01:00,38.40768814086914,38.4228401184082,38.24700164794922,38.41279983520508
2025-04-25 08:00:00+01:00,38.41899871826172,38.42279052734375,38.24700164794922,38.41899871826172
2025-04-25 12:00:00+01:00,38.419498443603516,38.42110061645508,38.23500061035156,38.41913986206055
2025-04-25 16:00:00+01:00,38.419151306152344,38.422210693359375,38.33330154418945,38.40729904174805
2025-04-25 20:00:00+01:00,38.40658187866211,38.472599029541016,38.34360122680664,38.39469909667969
2025-04-28 00:00:00+01:00,38.39630889892578,38.447200775146484,38.24209976196289,38.445289611816406
2025-04-28 04:00:00+01:00,38.44599914550781,38.452789306640625,38.327999114990234,38.450401306152344
2025-04-28 08:00:00+01:00,38.450599670410156,38.45140075683594,38.347999572753906,38.441200256347656
2025-04-28 12:00:00+01:00,38.43927001953125,38.44599914550781,38.33599853515625,38.4296989440918
2025-04-28 16:00:00+01:00,38.430381774902344,38.436100006103516,38.09989929199219,38.41958999633789
2025-04-28 20:00:00+01:00,38.41958999633789,38.46049880981445,38.303199768066406,38.4098014831543
2025-04-29 00:00:00+01:00,38.38309860229492,38.45050048828125,38.261199951171875,38.40277099609375
2025-04-29 04:00:00+01:00,38.264400482177734,38.45819854736328,38.26240158081055,38.4404182434082
2025-04-29 08:00:00+01:00,38.43899917602539,38.44887924194336,38.310001373291016,38.44282150268555
2025-04-29 12:00:00+01:00,38.44343948364258,38.45320129394531,38.349998474121094,38.44540023803711
2025-04-29 16:00:00+01:00,38.443199157714844,38.45869827270508,38.3650016784668,38.434608459472656
2025-04-29 20:00:00+01:00,38.436309814453125,38.57040023803711,38.302101135253906,38.414100646972656
2025-04-30 00:00:00+01:00,38.480018615722656,38.64596176147461,38.26350021362305,38.46269989013672
2025-04-30 04:00:00+01:00,38.461158752441406,38.50170135498047,38.369998931884766,38.49300003051758
2025-04-30 08:00:00+01:00,38.500999450683594,38.50263977050781,38.362998962402344,38.49480056762695
2025-04-30 12:00:00+01:00,38.491539001464844,38.498600006103516,38.3390007019043,38.44820022583008
2025-04-30 16:00:00+01:00,38.45249938964844,38.493499755859375,38.34600067138672,38.48429870605469
2025-04-30 20:00:00+01:00,38.484500885009766,38.50630187988281,38.32400131225586,38.49150085449219
2025-05-01 00:00:00+01:00,38.48310852050781,38.53329849243164,38.40879821777344,38.48466110229492
2025-05-01 04:00:00+01:00,38.46379852294922,38.495399475097656,38.367000579833984,38.467899322509766
2025-05-01 08:00:00+01:00,38.46786117553711,38.480499267578125,38.36000061035156,38.44499969482422
2025-05-01 12:00:00+01:00,38.45494842529297,38.45811080932617,38.33250045776367,38.43613052368164
2025-05-01 16:00:00+01:00,38.43613052368164,38.470001220703125,38.394500732421875,38.444000244140625
2025-05-01 20:00:00+01:00,38.43790054321289,38.57400131225586,38.38330078125,38.550048828125
2025-05-02 00:00:00+01:00,38.559051513671875,38.57419967651367,38.51850128173828,38.54838943481445
2025-05-02 04:00:00+01:00,38.54835891723633,38.566200256347656,38.48500061035156,38.542198181152344
2025-05-02 08:00:00+01:00,38.54090881347656,38.56489944458008,38.36600112915039,38.56169891357422
2025-05-02 12:00:00+01:00,38.56243896484375,38.570289611816406,38.39400100708008,38.56549835205078
2025-05-02 16:00:00+01:00,38.56452941894531,38.57054138183594,38.50429916381836,38.56092834472656
2025-05-02 20:00:00+01:00,38.56092834472656,38.5723991394043,38.51591110229492,38.56747817993164
2025-05-05 00:00:00+01:00,38.49850082397461,38.604801177978516,38.44839859008789,38.535099029541016
2025-05-05 04:00:00+01:00,38.53519821166992,38.592098236083984,38.45159912109375,38.586700439453125
2025-05-05 08:00:00+01:00,38.58689880371094,38.596309661865234,38.50400161743164,38.585208892822266
2025-05-05 12:00:00+01:00,38.58790969848633,38.58940124511719,38.492000579833984,38.56291961669922
2025-05-05 16:00:00+01:00,38.562461853027344,38.59199905395508,38.441898345947266,38.54032897949219
2025-05-05 20:00:00+01:00,38.54391860961914,38.59844970703125,38.413299560546875,38.476200103759766
2025-05-06 00:00:00+01:00,38.4093017578125,38.6068000793457,38.34640121459961,38.59442138671875
2025-05-06 04:00:00+01:00,38.5942497253418,38.61479949951172,38.41339874267578,38.601600646972656
2025-05-06 08:00:00+01:00,38.61180114746094,38.61289978027344,38.483001708984375,38.597801208496094
2025-05-06 12:00:00+01:00,38.60565185546875,38.60969924926758,38.48400115966797,38.59809875488281
2025-05-06 16:00:00+01:00,38.607730865478516,38.616798400878906,38.48899841308594,38.60145950317383
2025-05-06 20:00:00+01:00,38.60145950317383,38.6797981262207,38.516998291015625,38.6156005859375
2025-05-07 00:00:00+01:00,38.61370849609375,38.640201568603516,38.60485076904297,38.63529968261719
2025-05-07 04:00:00+01:00,38.63274002075195,38.64588165283203,38.520999908447266,38.61069869995117
2025-05-07 08:00:00+01:00,38.631099700927734,38.64469909667969,38.53200149536133,38.63119888305664
2025-05-07 12:00:00+01:00,38.64091110229492,38.64419937133789,38.5099983215332,38.63359832763672
2025-05-07 16:00:00+01:00,38.63302993774414,38.639801025390625,38.590999603271484,38.63650131225586
2025-05-07 20:00:00+01:00,38.63534927368164,38.65129852294922,38.597999572753906,38.620731353759766
2025-05-08 00:00:00+01:00,38.62065124511719,38.66427993774414,38.58580017089844,38.644901275634766
2025-05-08 04:00:00+01:00,38.62873077392578,38.65480041503906,38.36262130737305,38.627281188964844
2025-05-08 08:00:00+01:00,38.630401611328125,38.64970016479492,38.500999450683594,38.551998138427734
2025-05-08 12:00:00+01:00,38.63520050048828,38.63705825805664,38.5,38.62015151977539
2025-05-08 16:00:00+01:00,38.623619079589844,38.63140106201172,38.53499984741211,38.62099838256836
2025-05-08 20:00:00+01:00,38.6232795715332,38.73139953613281,38.236000061035156,38.71110153198242
2025-05-09 00:00:00+01:00,38.67610168457031,38.74449920654297,38.50510025024414,38.685699462890625
2025-05-09 04:00:00+01:00,38.68989944458008,38.74250030517578,38.57600021362305,38.7335205078125
2025-05-09 08:00:00+01:00,38.73392105102539,38.750099182128906,38.56999969482422,38.746238708496094
2025-05-09 12:00:00+01:00,38.74427032470703,38.7495002746582,38.571998596191406,38.73720169067383
2025-05-09 16:00:00+01:00,38.73720169067383,38.749000549316406,38.73189926147461,38.74399185180664
2025-05-09 20:00:00+01:00,38.734901428222656,38.75413131713867,38.69261169433594,38.73189926147461
2025-05-12 00:00:00+01:00,38.71889114379883,38.741600036621094,38.69350051879883,38.727630615234375
2025-05-12 04:00:00+01:00,38.72380065917969,38.75339889526367,38.64699935913086,38.73775863647461
2025-05-12 08:00:00+01:00,38.73780822753906,38.773399353027344,38.64500045776367,38.769901275634766
2025-05-12 12:00:00+01:00,38.767608642578125,38.773101806640625,38.6510009765625,38.76139831542969
2025-05-12 16:00:00+01:00,38.763938903808594,38.76860046386719,38.709999084472656,38.75270080566406
2025-05-12 20:00:00+01:00,38.75376892089844,38.797000885009766,38.6693000793457,38.77653121948242
2025-05-13 00:00:00+01:00,38.78684997558594,38.808101654052734,38.645599365234375,38.77233123779297
2025-05-13 04:00:00+01:00,38.77233123779297,38.80509948730469,38.68920135498047,38.795799255371094
2025-05-13 08:00:00+01:00,38.79650115966797,38.80110168457031,38.69900131225586,38.78620147705078
2025-05-13 12:00:00+01:00,38.78630065917969,38.786399841308594,38.665000915527344,38.76789855957031
2025-05-13 16:00:00+01:00,38.767391204833984,38.79970169067383,38.72200012207031,38.78334045410156
2025-05-13 20:00:00+01:00,38.7788200378418,38.79800033569336,38.66469955444336,38.78139877319336
2025-05-14 00:00:00+01:00,38.78139877319336,38.792091369628906,38.67919921875,38.76599884033203
2025-05-14 04:00:00+01:00,38.77455139160156,38.80939865112305,38.696998596191406,38.802608489990234
2025-05-14 08:00:00+01:00,38.802608489990234,38.8036003112793,38.65800094604492,38.769100189208984
2025-05-14 12:00:00+01:00,38.767799377441406,38.77021026611328,38.62300109863281,38.745201110839844
2025-05-14 16:00:00+01:00,38.744510650634766,38.784000396728516,38.69900131225586,38.7318000793457
2025-05-14 20:00:00+01:00,38.73860168457031,38.77090072631836,38.5984992980957,38.766700744628906
2025-05-15 00:00:00+01:00,38.765899658203125,38.785499572753906,38.535099029541016,38.77330017089844
2025-05-15 04:00:00+01:00,38.774200439453125,38.77619934082031,38.650001525878906,38.74055099487305
2025-05-15 08:00:00+01:00,38.738548278808594,38.74415969848633,38.57899856567383,38.619998931884766
2025-05-15 12:00:00+01:00,38.67639923095703,38.705501556396484,38.56800079345703,38.67580032348633
2025-05-15 16:00:00+01:00,38.67509841918945,38.7130012512207,38.63999938964844,38.6885986328125
2025-05-15 20:00:00+01:00,38.684730529785156,38.839500427246094,38.58430099487305,38.83789825439453
2025-05-16 00:00:00+01:00,38.82360076904297,38.852298736572266,38.57379913330078,38.812599182128906
2025-05-16 04:00:00+01:00,38.816898345947266,38.861698150634766,38.76639938354492,38.83539962768555
2025-05-16 08:00:00+01:00,38.830711364746094,38.83829879760742,38.780399322509766,38.805999755859375
2025-05-16 12:00:00+01:00,38.80393981933594,38.83729934692383,38.702999114990234,38.823001861572266
2025-05-16 16:00:00+01:00,38.832489013671875,38.867000579833984,38.79399871826172,38.82820129394531
2025-05-16 20:00:00+01:00,38.82233810424805,38.89849853515625,38.78229904174805,38.852699279785156
2025-05-19 00:00:00+01:00,38.83810043334961,38.860599517822266,38.75400161743164,38.75590133666992
2025-05-19 04:00:00+01:00,38.81370162963867,38.865360260009766,38.75339889526367,38.8036003112793
2025-05-19 08:00:00+01:00,38.83060836791992,38.84700012207031,38.73720169067383,38.829498291015625
2025-05-19 12:00:00+01:00,38.83169937133789,38.85940170288086,38.805999755859375,38.82659912109375
2025-05-19 16:00:00+01:00,38.826698303222656,38.869998931884766,38.81605911254883,38.83283996582031
2025-05-19 20:00:00+01:00,38.832149505615234,38.890838623046875,38.59476852416992,38.79930114746094
2025-05-20 00:00:00+01:00,38.80390167236328,38.86090087890625,38.787899017333984,38.80720138549805
2025-05-20 04:00:00+01:00,38.80556106567383,38.86970138549805,38.742000579833984,38.860198974609375
2025-05-20 08:00:00+01:00,38.860130310058594,38.86869812011719,38.762001037597656,38.849998474121094
2025-05-20 12:00:00+01:00,38.850830078125,38.851898193359375,38.736000061035156,38.83470153808594
2025-05-20 16:00:00+01:00,38.83287811279297,38.83646011352539,38.779598236083984,38.79199981689453
2025-05-20 20:00:00+01:00,38.78810119628906,38.84339904785156,38.6713981628418,38.82059860229492
2025-05-21 00:00:00+01:00,38.82099914550781,38.842201232910156,38.664100646972656,38.69580078125
2025-05-21 04:00:00+01:00,38.72370147705078,38.887901306152344,38.658199310302734,38.874488830566406
2025-05-21 08:00:00+01:00,38.874488830566406,38.8755989074707,38.71699905395508,38.82435989379883
2025-05-21 12:00:00+01:00,38.825401306152344,38.8349609375,38.71799850463867,38.79249954223633
2025-05-21 16:00:00+01:00,38.80513000488281,38.85150146484375,38.757999420166016,38.819271087646484
2025-05-21 20:00:00+01:00,38.83000183105469,38.868099212646484,38.721500396728516,38.796199798583984
2025-05-22 00:00:00+01:00,38.807498931884766,38.84239959716797,38.69779968261719,38.80942153930664
2025-05-22 04:00:00+01:00,38.831199645996094,38.84629821777344,38.707000732421875,38.83237838745117
2025-05-22 08:00:00+01:00,38.834388732910156,38.92290115356445,38.75,38.91965103149414
2025-05-22 12:00:00+01:00,38.91962814331055,38.929100036621094,38.81700134277344,38.918800354003906
2025-05-22 16:00:00+01:00,38.91326904296875,38.92290115356445,38.880001068115234,38.90748977661133
2025-05-22 20:00:00+01:00,38.90748977661133,39.060001373291016,38.77519989013672,39.025299072265625
2025-05-23 00:00:00+01:00,39.02545928955078,39.141361236572266,38.873199462890625,39.02320098876953
2025-05-23 04:00:00+01:00,39.02399826049805,39.03010177612305,38.93600082397461,39.028499603271484
2025-05-23 08:00:00+01:00,39.02819061279297,39.03034973144531,39.00550079345703,39.028900146484375
2025-05-23 12:00:00+01:00,39.027801513671875,39.03157043457031,38.86600112915039,39.02330017089844
2025-05-23 16:00:00+01:00,39.02587890625,39.030418395996094,39.01340103149414,39.02449035644531
2025-05-23 20:00:00+01:00,39.02370071411133,39.028228759765625,38.80110168457031,39.020301818847656
2025-05-26 00:00:00+01:00,38.97330856323242,39.01750183105469,38.94929885864258,38.98497009277344
2025-05-26 04:00:00+01:00,39.00559997558594,39.03559875488281,38.9109992980957,39.004119873046875
2025-05-26 08:00:00+01:00,38.997398376464844,39.019309997558594,38.83000183105469,38.90340042114258
2025-05-26 12:00:00+01:00,38.931270599365234,38.96659851074219,38.79499816894531,38.9463005065918
2025-05-26 16:00:00+01:00,38.954010009765625,38.975399017333984,38.84090042114258,38.9600715637207
2025-05-26 20:00:00+01:00,38.9600715637207,39.061798095703125,38.792598724365234,38.99789810180664
2025-05-27 00:00:00+01:00,38.88639831542969,39.01430130004883,38.843299865722656,38.962528228759766
2025-05-27 04:00:00+01:00,38.95854949951172,38.96950149536133,38.881439208984375,38.931461334228516
2025-05-27 08:00:00+01:00,38.93526077270508,39.06147003173828,38.914878845214844,39.002010345458984
2025-05-27 12:00:00+01:00,39.002010345458984,39.0277214050293,38.93899917602539,39.00981903076172
2025-05-27 16:00:00+01:00,39.00981140136719,39.04854965209961,38.93682098388672,38.95964050292969
2025-05-27 20:00:00+01:00,38.96160888671875,39.07929992675781,38.78601837158203,39.031551361083984
2025-05-28 00:00:00+01:00,39.03150177001953,39.14149856567383,38.878299713134766,39.04859161376953
2025-05-28 04:00:00+01:00,39.046871185302734,39.07666015625,38.86000061035156,39.0500602722168
2025-05-28 08:00:00+01:00,39.0500602722168,39.07500076293945,38.9370002746582,39.06890106201172
2025-05-28 12:00:00+01:00,39.06386184692383,39.07933044433594,38.972999572753906,39.06529998779297
2025-05-28 16:00:00+01:00,39.06529998779297,39.08300018310547,38.9900016784668,39.07273864746094
2025-05-28 20:00:00+01:00,39.07350158691406,39.1057014465332,38.837398529052734,39.0925407409668
2025-05-29 00:00:00+01:00,39.09503936767578,39.11819076538086,39.00680160522461,39.0853385925293
2025-05-29 04:00:00+01:00,39.085689544677734,39.106990814208984,38.99800109863281,39.088199615478516
2025-05-29 08:00:00+01:00,39.088199615478516,39.113800048828125,39.00899887084961,39.11149978637695
2025-05-29 12:00:00+01:00,39.10150146484375,39.11391830444336,39.01100158691406,39.0974006652832
2025-05-29 16:00:00+01:00,39.097511291503906,39.11000061035156,39.058998107910156,39.09560012817383
2025-05-29 20:00:00+01:00,39.098609924316406,39.23249816894531,39.06050109863281,39.20526123046875
2025-05-30 00:00:00+01:00,39.20512008666992,39.27272033691406,39.052101135253906,39.231998443603516
2025-05-30 04:00:00+01:00,39.23176956176758,39.251399993896484,39.13420104980469,39.234378814697266
2025-05-30 08:00:00+01:00,39.23527908325195,39.24290084838867,39.22249984741211,39.23875045776367
2025-05-30 12:00:00+01:00,39.23685836791992,39.3109016418457,39.06100082397461,39.23910140991211
2025-05-30 16:00:00+01:00,39.238399505615234,39.293949127197266,38.955318450927734,39.17559814453125
2025-05-30 20:00:00+01:00,39.20669937133789,39.24919891357422,39.0984992980957,39.20479965209961
2025-06-02 00:00:00+01:00,39.241268157958984,39.256160736083984,39.09260177612305,39.241580963134766
2025-06-02 04:00:00+01:00,39.241580963134766,39.25883102416992,39.013999938964844,39.20698928833008
2025-06-02 08:00:00+01:00,39.20698928833008,39.22200012207031,39.09700012207031,39.18682861328125
2025-06-02 12:00:00+01:00,39.18659973144531,39.195491790771484,39.08399963378906,39.17049026489258
2025-06-02 16:00:00+01:00,39.16680145263672,39.21379852294922,39.132999420166016,39.170799255371094
2025-06-02 20:00:00+01:00,39.17279815673828,39.221099853515625,39.03200149536133,39.16510009765625
2025-06-03 00:00:00+01:00,39.03139877319336,39.21870040893555,39.00120162963867,39.119598388671875
2025-06-03 04:00:00+01:00,39.15530014038086,39.20500183105469,38.887001037597656,39.177268981933594
2025-06-03 08:00:00+01:00,39.177268981933594,39.19179916381836,39.066001892089844,39.14849853515625
2025-06-03 12:00:00+01:00,39.14999008178711,39.151798248291016,39.01499938964844,39.12730026245117
2025-06-03 16:00:00+01:00,39.12860107421875,39.1438102722168,39.07080078125,39.11349105834961
2025-06-03 20:00:00+01:00,39.11349105834961,39.16350173950195,39.00619888305664,39.10530090332031
2025-06-04 00:00:00+01:00,39.109100341796875,39.147499084472656,39.08340072631836,39.10490036010742
2025-06-04 04:00:00+01:00,39.12200164794922,39.15999984741211,39.0359992980957,39.14070129394531
2025-06-04 08:00:00+01:00,39.13867950439453,39.152530670166016,39.03499984741211,39.12350082397461
2025-06-04 12:00:00+01:00,39.12250900268555,39.129798889160156,39.027000427246094,39.123199462890625
2025-06-04 16:00:00+01:00,39.1249885559082,39.18579864501953,39.04159927368164,39.14738845825195
2025-06-04 20:00:00+01:00,39.14577865600586,39.280799865722656,39.0443000793457,39.28049850463867
2025-06-05 00:00:00+01:00,39.266300201416016,39.338558197021484,39.21910095214844,39.274600982666016
2025-06-05 04:00:00+01:00,39.28620147705078,39.335601806640625,39.2322998046875,39.32889938354492
2025-06-05 08:00:00+01:00,39.33039093017578,39.345611572265625,39.311798095703125,39.34061813354492
2025-06-05 12:00:00+01:00,39.3401985168457,39.3473014831543,39.23699951171875,39.26079177856445
2025-06-05 16:00:00+01:00,39.262489318847656,39.284061431884766,39.186798095703125,39.260990142822266
2025-06-05 20:00:00+01:00,39.26319885253906,39.31449890136719,39.150699615478516,39.257999420166016
2025-06-06 00:00:00+01:00,39.2578010559082,39.285499572753906,39.218101501464844,39.263999938964844
2025-06-06 04:00:00+01:00,39.28200149536133,39.295799255371094,39.184200286865234,39.28499984741211
2025-06-06 08:00:00+01:00,39.2843017578125,39.294498443603516,39.11330032348633,39.227989196777344
2025-06-06 12:00:00+01:00,39.2303581237793,39.236000061035156,39.15829849243164,39.212398529052734
2025-06-06 16:00:00+01:00,39.215240478515625,39.2599983215332,39.17729949951172,39.20560073852539
2025-06-06 20:00:00+01:00,39.19070053100586,39.33430099487305,39.099098205566406,39.33430099487305
2025-06-09 00:00:00+01:00,39.13010025024414,39.256500244140625,38.964900970458984,39.21689987182617
2025-06-09 04:00:00+01:00,39.24679946899414,39.25790023803711,39.16910171508789,39.20542907714844
2025-06-09 08:00:00+01:00,39.20439910888672,39.235591888427734,39.192298889160156,39.22568130493164
2025-06-09 12:00:00+01:00,39.22761917114258,39.23469924926758,39.20830154418945,39.2199592590332
2025-06-09 16:00:00+01:00,39.22325134277344,39.238800048828125,39.18000030517578,39.205318450927734
2025-06-09 20:00:00+01:00,39.19731903076172,39.31800079345703,39.1156005859375,39.26089859008789
2025-06-10 00:00:00+01:00,39.24100112915039,39.33140182495117,39.18330001831055,39.27080154418945
2025-06-10 04:00:00+01:00,39.26020050048828,39.30030059814453,39.119998931884766,39.21849060058594
2025-06-10 08:00:00+01:00,39.2169189453125,39.2309684753418,39.11600112915039,39.22700119018555
2025-06-10 12:00:00+01:00,39.22526931762695,39.22850036621094,39.125,39.19599914550781
2025-06-10 16:00:00+01:00,39.206298828125,39.21242141723633,39.12820053100586,39.187599182128906
2025-06-10 20:00:00+01:00,39.19049835205078,39.2067985534668,38.980499267578125,39.16669845581055
2025-06-11 00:00:00+01:00,39.163299560546875,39.21049880981445,39.11859893798828,39.14440155029297
2025-06-11 04:00:00+01:00,39.15024185180664,39.20050048828125,39.06100082397461,39.18519973754883
2025-06-11 08:00:00+01:00,39.18627166748047,39.20180130004883,39.08300018310547,39.19350051879883
2025-06-11 12:00:00+01:00,39.193199157714844,39.197601318359375,39.05400085449219,39.16400146484375
2025-06-11 16:00:00+01:00,39.16339874267578,39.18000030517578,38.95429992675781,39.151798248291016
2025-06-11 20:00:00+01:00,39.15250015258789,39.196800231933594,39.03459930419922,39.13779830932617
2025-06-12 00:00:00+01:00,39.13140106201172,39.19889831542969,39.027099609375,39.1505012512207
2025-06-12 04:00:00+01:00,39.17570114135742,39.245670318603516,39.144100189208984,39.234920501708984
2025-06-12 08:00:00+01:00,39.232879638671875,39.3615608215332,39.22829818725586,39.31681823730469
2025-06-12 12:00:00+01:00,39.31692123413086,39.34785079956055,39.23899841308594,39.34368896484375
2025-06-12 16:00:00+01:00,39.342201232910156,39.36650085449219,39.268001556396484,39.33729934692383
2025-06-12 20:00:00+01:00,39.3307991027832,39.45191955566406,39.25,39.33140182495117
2025-06-13 00:00:00+01:00,39.35710144042969,39.59471893310547,39.286598205566406,39.417381286621094
2025-06-13 04:00:00+01:00,39.41781997680664,39.484798431396484,39.249000549316406,39.373600006103516
2025-06-13 08:00:00+01:00,39.418800354003906,39.44969940185547,39.23899841308594,39.41889953613281
2025-06-13 12:00:00+01:00,39.42892074584961,39.43864822387695,39.255001068115234,39.422821044921875
2025-06-13 16:00:00+01:00,39.4193000793457,39.42689895629883,39.18450164794922,39.270599365234375
2025-06-13 20:00:00+01:00,39.26850128173828,39.42660140991211,39.17679977416992,39.4093017578125
2025-06-16 00:00:00+01:00,39.41643142700195,39.481201171875,39.263999938964844,39.420841217041016
2025-06-16 04:00:00+01:00,39.42095184326172,39.48699188232422,39.28099822998047,39.387081146240234
2025-06-16 08:00:00+01:00,39.387081146240234,39.43410110473633,39.288700103759766,39.39400100708008
2025-06-16 12:00:00+01:00,39.394500732421875,39.40345001220703,39.27299880981445,39.3651008605957
2025-06-16 16:00:00+01:00,39.365360260009766,39.393001556396484,39.30039978027344,39.35749816894531
2025-06-16 20:00:00+01:00,39.351959228515625,39.390499114990234,39.19219970703125,39.34960174560547
2025-06-17 00:00:00+01:00,39.387901306152344,39.4119987487793,39.25120162963867,39.36399841308594
2025-06-17 04:00:00+01:00,39.40739822387695,39.41299819946289,39.2599983215332,39.36800003051758
2025-06-17 08:00:00+01:00,39.370361328125,39.41456985473633,39.27299880981445,39.398399353027344
2025-06-17 12:00:00+01:00,39.400001525878906,39.43730163574219,39.290000915527344,39.41939926147461
2025-06-17 16:00:00+01:00,39.41899108886719,39.48305130004883,39.33100128173828,39.47475814819336
2025-06-17 20:00:00+01:00,39.46549987792969,39.53200149536133,39.3578987121582,39.511409759521484
2025-06-18 00:00:00+01:00,39.51387023925781,39.52799987792969,39.467498779296875,39.5054817199707
2025-06-18 04:00:00+01:00,39.50400161743164,39.5382194519043,39.40599822998047,39.42499923706055
2025-06-18 08:00:00+01:00,39.52349853515625,39.53926086425781,39.39699935913086,39.535438537597656
2025-06-18 12:00:00+01:00,39.536800384521484,39.539100646972656,39.388999938964844,39.51982116699219
2025-06-18 16:00:00+01:00,39.51618957519531,39.53398895263672,39.39699935913086,39.514801025390625
2025-06-18 20:00:00+01:00,39.511600494384766,39.53710174560547,39.35459899902344,39.50669860839844
2025-06-19 00:00:00+01:00,39.50920104980469,39.545501708984375,39.41699981689453,39.52909851074219
2025-06-19 04:00:00+01:00,39.52907180786133,39.56306076049805,39.40299987792969,39.4900016784668
2025-06-19 08:00:00+01:00,39.55796813964844,39.58639907836914,39.446800231933594,39.5526008605957
2025-06-19 12:00:00+01:00,39.55270004272461,39.569950103759766,39.45000076293945,39.56489944458008
2025-06-19 16:00:00+01:00,39.56800079345703,39.569400787353516,39.47100067138672,39.47100067138672
2025-06-19 20:00:00+01:00,39.47100067138672,39.673301696777344,39.357200622558594,39.564998626708984
2025-06-20 00:00:00+01:00,39.64487838745117,39.695438385009766,39.474300384521484,39.56999969482422
2025-06-20 04:00:00+01:00,39.64690017700195,39.67918014526367,39.49300003051758,39.66740036010742
2025-06-20 08:00:00+01:00,39.595001220703125,39.68040084838867,39.50600051879883,39.679901123046875
2025-06-20 12:00:00+01:00,39.540000915527344,39.68370056152344,39.52399826049805,39.67279815673828
2025-06-20 16:00:00+01:00,39.67470169067383,39.67903137207031,39.564998626708984,39.6682014465332
2025-06-20 20:00:00+01:00,39.65999984741211,39.67789840698242,39.58259963989258,39.64459991455078
2025-06-23 00:00:00+01:00,39.711181640625,39.726341247558594,39.6797981262207,39.70948028564453
2025-06-23 04:00:00+01:00,39.70941925048828,39.72793960571289,39.604000091552734,39.64400100708008
2025-06-23 08:00:00+01:00,39.725799560546875,39.730709075927734,39.56800079345703,39.72800064086914
2025-06-23 12:00:00+01:00,39.71839904785156,39.72919845581055,39.60350036621094,39.7247200012207
2025-06-23 16:00:00+01:00,39.72600173950195,39.742000579833984,39.281898498535156,39.581298828125
2025-06-23 20:00:00+01:00,39.58509826660156,39.709999084472656,39.47850036621094,39.638519287109375
2025-06-24 00:00:00+01:00,39.52370071411133,39.67720031738281,39.44020080566406,39.66749954223633
2025-06-24 04:00:00+01:00,39.670799255371094,39.67290115356445,39.432899475097656,39.61970138549805
2025-06-24 08:00:00+01:00,39.61970138549805,39.67129898071289,39.49100112915039,39.553001403808594
2025-06-24 12:00:00+01:00,39.636131286621094,39.66999816894531,39.50199890136719,39.60969161987305
2025-06-24 16:00:00+01:00,39.60905838012695,39.625,39.50899887084961,39.51300048828125
2025-06-24 20:00:00+01:00,39.5966911315918,39.66999816894531,39.440101623535156,39.62220001220703
2025-06-25 00:00:00+01:00,39.499000549316406,39.66999816894531,39.464298248291016,39.499000549316406
2025-06-25 04:00:00+01:00,39.499000549316406,39.63425064086914,39.499000549316406,39.63343048095703
2025-06-25 08:00:00+01:00,39.63346862792969,39.75062942504883,39.54600143432617,39.74660110473633
2025-06-25 12:00:00+01:00,39.7476692199707,39.75154113769531,39.619998931884766,39.73590087890625
2025-06-25 16:00:00+01:00,39.74504852294922,39.7510986328125,39.638999938964844,39.72819137573242
2025-06-25 20:00:00+01:00,39.72819137573242,39.76300048828125,39.63999938964844,39.74378967285156
2025-06-26 00:00:00+01:00,39.74092102050781,39.77180099487305,39.66699981689453,39.74380111694336
2025-06-26 04:00:00+01:00,39.74330139160156,39.775299072265625,39.650001525878906,39.770301818847656
2025-06-26 08:00:00+01:00,39.76887130737305,39.791099548339844,39.66699981689453,39.67499923706055
2025-06-26 12:00:00+01:00,39.7475700378418,39.77870178222656,39.66899871826172,39.76749038696289
2025-06-26 16:00:00+01:00,39.76546859741211,39.7769889831543,39.68899917602539,39.75994873046875
2025-06-26 20:00:00+01:00,39.75339889526367,39.87030029296875,39.62519836425781,39.71979904174805
2025-06-27 00:00:00+01:00,39.715301513671875,39.856300354003906,39.684898376464844,39.791900634765625
2025-06-27 04:00:00+01:00,39.72999954223633,39.88414001464844,39.72460174560547,39.844200134277344
2025-06-27 08:00:00+01:00,39.8828010559082,39.884700775146484,39.7130012512207,39.879119873046875
2025-06-27 12:00:00+01:00,39.880821228027344,39.88544845581055,39.73899841308594,39.88043975830078
2025-06-27 16:00:00+01:00,39.88304138183594,39.883399963378906,39.84600067138672,39.87810134887695
2025-06-27 20:00:00+01:00,39.87664031982422,39.905399322509766,39.82286834716797,39.867698669433594
2025-06-30 00:00:00+01:00,39.87799072265625,39.89228820800781,39.797698974609375,39.8802490234375
2025-06-30 04:00:00+01:00,39.87779998779297,39.907901763916016,39.78799819946289,39.90169906616211
2025-06-30 08:00:00+01:00,39.89799880981445,39.90340042114258,39.66469955444336,39.689998626708984
2025-06-30 12:00:00+01:00,39.732200622558594,39.80229949951172,39.63600158691406,39.78860092163086
2025-06-30 16:00:00+01:00,39.78907012939453,39.82429885864258,39.74769973754883,39.78739929199219
2025-06-30 20:00:00+01:00,39.796470642089844,39.84830093383789,39.69929885864258,39.79079818725586
2025-07-01 00:00:00+01:00,39.798789978027344,39.83250045776367,39.766300201416016,39.806060791015625
2025-07-01 04:00:00+01:00,39.806400299072266,39.893978118896484,39.709999084472656,39.86050033569336
2025-07-01 08:00:00+01:00,39.860599517822266,39.87300109863281,39.73500061035156,39.86170959472656
2025-07-01 12:00:00+01:00,39.8615608215332,39.86573028564453,39.74100112915039,39.82720184326172
2025-07-01 16:00:00+01:00,39.82236099243164,39.837501525878906,39.779998779296875,39.8213005065918
2025-07-01 20:00:00+01:00,39.82099914550781,39.841800689697266,39.69179916381836,39.799198150634766
2025-07-02 00:00:00+01:00,39.78409957885742,39.86280059814453,39.62810134887695,39.81779861450195
2025-07-02 04:00:00+01:00,39.80780029296875,39.847999572753906,39.68600082397461,39.724998474121094
2025-07-02 08:00:00+01:00,39.81222915649414,39.83671188354492,39.691001892089844,39.7942008972168
2025-07-02 12:00:00+01:00,39.79338836669922,39.804161071777344,39.68600082397461,39.777320861816406
2025-07-02 16:00:00+01:00,39.778900146484375,39.787498474121094,39.690799713134766,39.76169967651367
2025-07-02 20:00:00+01:00,39.76436996459961,39.92020034790039,39.646400451660156,39.90800094604492
2025-07-03 00:00:00+01:00,39.852901458740234,39.917999267578125,39.768699645996094,39.87919998168945
2025-07-03 04:00:00+01:00,39.90380096435547,39.91749954223633,39.78269958496094,39.872798919677734
2025-07-03 08:00:00+01:00,39.87620162963867,39.91331100463867,39.770599365234375,39.878700256347656
2025-07-03 12:00:00+01:00,39.87620162963867,39.87969970703125,39.711700439453125,39.82347106933594
2025-07-03 16:00:00+01:00,39.82347869873047,39.83300018310547,39.79119873046875,39.81100082397461
2025-07-03 20:00:00+01:00,39.81290817260742,39.910160064697266,39.6619987487793,39.796478271484375
2025-07-04 00:00:00+01:00,39.79629135131836,39.875999450683594,39.71969985961914,39.835899353027344
2025-07-04 04:00:00+01:00,39.83580017089844,39.87300109863281,39.683998107910156,39.83319854736328
2025-07-04 08:00:00+01:00,39.83430099487305,39.865501403808594,39.65700149536133,39.65700149536133
2025-07-04 12:00:00+01:00,39.820308685302734,39.85749816894531,39.654998779296875,39.804298400878906
2025-07-04 16:00:00+01:00,39.7963981628418,39.89500045776367,39.73759841918945,39.86014175415039
2025-07-04 20:00:00+01:00,39.860260009765625,39.89440155029297,39.72700119018555,39.844600677490234
2025-07-07 00:00:00+01:00,39.8942985534668,39.988990783691406,39.82809829711914,39.919898986816406
2025-07-07 04:00:00+01:00,39.959598541259766,39.998199462890625,39.83000183105469,39.979698181152344
2025-07-07 08:00:00+01:00,39.9794807434082,40.015201568603516,39.88199996948242,39.98469924926758
2025-07-07 12:00:00+01:00,39.9853401184082,39.9994010925293,39.893001556396484,39.99224090576172
2025-07-07 16:00:00+01:00,39.993621826171875,39.998199462890625,39.93299865722656,39.96929931640625
2025-07-07 20:00:00+01:00,39.977508544921875,40.00389862060547,39.78099822998047,39.98674011230469
2025-07-08 00:00:00+01:00,39.994300842285156,40.003700256347656,39.95000076293945,39.963199615478516
2025-07-08 04:00:00+01:00,39.97460174560547,40.019901275634766,39.89500045776367,40.01041030883789
2025-07-08 08:00:00+01:00,40.00905990600586,40.03960037231445,39.9119987487793,40.0192985534668
2025-07-08 12:00:00+01:00,40.01927947998047,40.02370071411133,39.91999816894531,40.019798278808594
2025-07-08 16:00:00+01:00,40.02125930786133,40.02370071411133,39.959999084472656,40.01810073852539
2025-07-08 20:00:00+01:00,40.018001556396484,40.05059814453125,39.905601501464844,40.032020568847656
2025-07-09 00:00:00+01:00,40.03002166748047,40.05939865112305,39.934200286865234,40.036598205566406
2025-07-09 04:00:00+01:00,40.03321075439453,40.071800231933594,39.92599868774414,39.9630012512207
2025-07-09 08:00:00+01:00,40.043251037597656,40.04859924316406,39.91999816894531,39.9640007019043
2025-07-09 12:00:00+01:00,40.04410171508789,40.04819869995117,39.957000732421875,40.046600341796875
2025-07-09 16:00:00+01:00,40.04690170288086,40.049198150634766,39.89070129394531,40.02885055541992
2025-07-09 20:00:00+01:00,40.02494812011719,40.05009841918945,39.905799865722656,40.004398345947266
2025-07-10 00:00:00+01:00,39.90700149536133,40.06050109863281,39.89870071411133,40.04209899902344
2025-07-10 04:00:00+01:00,40.02640151977539,40.0635986328125,39.89080047607422,40.05373001098633
2025-07-10 08:00:00+01:00,39.95600128173828,40.07099914550781,39.95600128173828,40.051700592041016
2025-07-10 12:00:00+01:00,40.01449966430664,40.07289123535156,39.96099853515625,40.059200286865234
2025-07-10 16:00:00+01:00,40.06045913696289,40.0689811706543,39.959999084472656,40.061378479003906
2025-07-10 20:00:00+01:00,40.058990478515625,40.16299819946289,39.92940139770508,40.14616012573242
2025-07-11 00:00:00+01:00,40.15180969238281,40.2755012512207,40.047401428222656,40.13010025024414
2025-07-11 04:00:00+01:00,40.14469909667969,40.17250061035156,39.99300003051758,40.17026138305664
2025-07-11 08:00:00+01:00,40.16590118408203,40.17427062988281,39.99599838256836,40.17156982421875
2025-07-11 12:00:00+01:00,40.168209075927734,40.174659729003906,40.000999450683594,40.17219924926758
2025-07-11 16:00:00+01:00,40.172401428222656,40.17559814453125,40.140098571777344,40.16352844238281
2025-07-11 20:00:00+01:00,40.16352844238281,40.17449951171875,40.12580108642578,40.15810012817383
2025-07-14 00:00:00+01:00,40.127201080322266,40.2130012512207,40.018798828125,40.15420150756836
2025-07-14 04:00:00+01:00,40.15439987182617,40.22529983520508,40.07600021362305,40.20940017700195
2025-07-14 08:00:00+01:00,40.20808029174805,40.21826171875,40.07699966430664,40.0880012512207
2025-07-14 12:00:00+01:00,40.208839416503906,40.22930145263672,40.0629997253418,40.22060012817383
2025-07-14 16:00:00+01:00,40.1879997253418,40.23469924926758,39.99879837036133,40.150428771972656
2025-07-14 20:00:00+01:00,40.167049407958984,40.22589874267578,40.02909851074219,40.20729064941406
2025-07-15 00:00:00+01:00,40.21503829956055,40.2504997253418,40.07080078125,40.16279983520508
2025-07-15 04:00:00+01:00,40.20389175415039,40.230499267578125,40.06589889526367,40.22639846801758
2025-07-15 08:00:00+01:00,40.22608947753906,40.229400634765625,40.08599853515625,40.213199615478516
2025-07-15 12:00:00+01:00,40.21269989013672,40.22090148925781,40.08100128173828,40.17900085449219
2025-07-15 16:00:00+01:00,40.19839859008789,40.22679901123047,40.07099914550781,40.21699905395508
2025-07-15 20:00:00+01:00,40.21670150756836,40.26959991455078,40.06209945678711,40.24470138549805
2025-07-16 00:00:00+01:00,40.248748779296875,40.25550079345703,40.209999084472656,40.24409866333008
2025-07-16 04:00:00+01:00,40.2317008972168,40.253501892089844,40.112998962402344,40.24599838256836
2025-07-16 08:00:00+01:00,40.246700286865234,40.26599884033203,40.11899948120117,40.24720001220703
2025-07-16 12:00:00+01:00,40.25239944458008,40.25809860229492,40.15700149536133,40.246910095214844
2025-07-16 16:00:00+01:00,40.24953842163086,40.25608825683594,40.1057014465332,40.238929748535156
2025-07-16 20:00:00+01:00,40.24449157714844,40.280601501464844,40.02289962768555,40.20309829711914
2025-07-17 00:00:00+01:00,40.192501068115234,40.25941848754883,40.102298736572266,40.20199966430664
2025-07-17 04:00:00+01:00,40.13970184326172,40.28139114379883,40.020999908447266,40.28030014038086
2025-07-17 08:00:00+01:00,40.27912902832031,40.28580093383789,40.15760040283203,40.281700134277344
2025-07-17 12:00:00+01:00,40.28260040283203,40.28409957885742,40.189998626708984,40.28200149536133
2025-07-17 16:00:00+01:00,40.279701232910156,40.28260040283203,40.20669937133789,40.213600158691406
2025-07-17 20:00:00+01:00,40.21875,40.47066879272461,40.15010070800781,40.317501068115234
2025-07-18 00:00:00+01:00,40.33509826660156,40.34450149536133,40.14099884033203,40.22100067138672
2025-07-18 04:00:00+01:00,40.18159866333008,40.378150939941406,40.13240051269531,40.373809814453125
2025-07-18 08:00:00+01:00,40.29199981689453,40.380218505859375,40.20899963378906,40.37751007080078
2025-07-18 12:00:00+01:00,40.29499816894531,40.380218505859375,40.17770004272461,40.37424850463867
2025-07-18 16:00:00+01:00,40.37760925292969,40.37799835205078,40.25600051879883,40.36909866333008
2025-07-18 20:00:00+01:00,40.36846923828125,40.39459991455078,40.276100158691406,40.36130142211914
2025-07-21 00:00:00+01:00,40.3826904296875,40.423301696777344,40.244998931884766,40.38079071044922
2025-07-21 04:00:00+01:00,40.380958557128906,40.435508728027344,40.22119903564453,40.385501861572266
2025-07-21 08:00:00+01:00,40.38560104370117,40.39918899536133,40.290000915527344,40.31399917602539
2025-07-21 12:00:00+01:00,40.39632034301758,40.39929962158203,40.26300048828125,40.38420104980469
2025-07-21 16:00:00+01:00,40.38420104980469,40.39120101928711,40.36000061035156,40.370601654052734
2025-07-21 20:00:00+01:00,40.37200164794922,40.41170120239258,40.20899963378906,40.374298095703125
2025-07-22 00:00:00+01:00,40.375099182128906,40.430301666259766,40.27640151977539,40.386268615722656
2025-07-22 04:00:00+01:00,40.37931823730469,40.41999816894531,40.29399871826172,40.415000915527344
2025-07-22 08:00:00+01:00,40.33300018310547,40.427799224853516,40.32600021362305,40.3390007019043
2025-07-22 12:00:00+01:00,40.42169952392578,40.427799224853516,40.33300018310547,40.334999084472656
2025-07-22 16:00:00+01:00,40.41904067993164,40.42168045043945,40.32600021362305,40.32600021362305
2025-07-22 20:00:00+01:00,40.40898895263672,40.439998626708984,40.21730041503906,40.409698486328125
2025-07-23 00:00:00+01:00,40.402671813964844,40.45800018310547,40.246498107910156,40.40739822387695
2025-07-23 04:00:00+01:00,40.43659973144531,40.457298278808594,40.308799743652344,40.446998596191406
2025-07-23 08:00:00+01:00,40.44860076904297,40.45446014404297,40.33100128173828,40.452598571777344
2025-07-23 12:00:00+01:00,40.45289993286133,40.4547004699707,40.35499954223633,40.45140075683594
2025-07-23 16:00:00+01:00,40.451351165771484,40.454898834228516,40.38010025024414,40.44948959350586
2025-07-23 20:00:00+01:00,40.44670104980469,40.46210861206055,40.278099060058594,40.41230010986328
2025-07-24 00:00:00+01:00,40.42190170288086,40.47669982910156,40.262298583984375,40.415199279785156
2025-07-24 04:00:00+01:00,40.313499450683594,40.479530334472656,40.24290084838867,40.476810455322266
2025-07-24 08:00:00+01:00,40.47706985473633,40.48078918457031,40.4557991027832,40.46413040161133
2025-07-24 12:00:00+01:00,40.47024154663086,40.479488372802734,40.45539855957031,40.4716911315918
2025-07-24 16:00:00+01:00,40.47121047973633,40.47657012939453,40.45159912109375,40.46630859375
2025-07-24 20:00:00+01:00,40.469398498535156,40.92816925048828,40.30540084838867,40.53030014038086
2025-07-25 00:00:00+01:00,40.52989959716797,40.567901611328125,40.337398529052734,40.49250030517578
2025-07-25 04:00:00+01:00,40.492000579833984,40.554908752441406,40.38600158691406,40.55120086669922
2025-07-25 08:00:00+01:00,40.551300048828125,40.55498123168945,40.38800048828125,40.553001403808594
2025-07-25 12:00:00+01:00,40.5536994934082,40.55440139770508,40.38399887084961,40.551570892333984
2025-07-25 16:00:00+01:00,40.551490783691406,40.5536003112793,40.50899887084961,40.54999923706055
2025-07-25 20:00:00+01:00,40.54909896850586,40.5906982421875,40.508201599121094,40.55889892578125
2025-07-28 00:00:00+01:00,40.51662826538086,40.55030059814453,40.43370056152344,40.52109909057617
2025-07-28 04:00:00+01:00,40.5213508605957,40.55649948120117,40.42900085449219,40.53668975830078
2025-07-28 08:00:00+01:00,40.53934097290039,40.5640983581543,40.446998596191406,40.5430908203125
2025-07-28 12:00:00+01:00,40.54549026489258,40.56169891357422,40.36240005493164,40.554691314697266
2025-07-28 16:00:00+01:00,40.55670166015625,40.56230163574219,40.5452995300293,40.55910110473633
2025-07-28 20:00:00+01:00,40.55160140991211,40.565391540527344,40.35150146484375,40.537879943847656
2025-07-29 00:00:00+01:00,40.53805923461914,40.56999969482422,40.444000244140625,40.52159881591797
2025-07-29 04:00:00+01:00,40.52149963378906,40.57210159301758,40.42100143432617,40.56679916381836
2025-07-29 08:00:00+01:00,40.56370162963867,40.57400894165039,40.474998474121094,40.49399948120117
2025-07-29 12:00:00+01:00,40.569068908691406,40.57440185546875,40.467098236083984,40.573299407958984
2025-07-29 16:00:00+01:00,40.57014083862305,40.57429885864258,40.50400161743164,40.55788040161133
2025-07-29 20:00:00+01:00,40.5629997253418,40.582298278808594,40.45600128173828,40.544620513916016
2025-07-30 00:00:00+01:00,40.53987121582031,40.5786018371582,40.40060043334961,40.56023025512695
2025-07-30 04:00:00+01:00,40.56024932861328,40.58250045776367,40.48099899291992,40.57992935180664
2025-07-30 08:00:00+01:00,40.50400161743164,40.58359909057617,40.47999954223633,40.576908111572266
2025-07-30 12:00:00+01:00,40.5620002746582,40.585121154785156,40.45819854736328,40.57963180541992
2025-07-30 16:00:00+01:00,40.57963180541992,40.58769989013672,40.51139831542969,40.57040023803711
2025-07-30 20:00:00+01:00,40.57939910888672,40.61240005493164,40.46699905395508,40.58469009399414
2025-07-31 00:00:00+01:00,40.58333969116211,40.607200622558594,40.41619873046875,40.58679962158203
2025-07-31 04:00:00+01:00,40.575801849365234,40.592369079589844,40.43519973754883,40.547298431396484
2025-07-31 08:00:00+01:00,40.56840133666992,40.594730377197266,40.49800109863281,40.59239959716797
2025-07-31 12:00:00+01:00,40.589298248291016,40.59510040283203,40.505001068115234,40.589900970458984
2025-07-31 16:00:00+01:00,40.58903884887695,40.59389877319336,40.551998138427734,40.58930969238281
2025-07-31 20:00:00+01:00,40.58932876586914,40.677799224853516,40.37459945678711,40.66550064086914
2025-08-01 00:00:00+01:00,40.66648864746094,40.673500061035156,40.619998931884766,40.66334915161133
2025-08-01 04:00:00+01:00,40.65970993041992,40.66740036010742,40.499000549316406,40.58100128173828
2025-08-01 08:00:00+01:00,40.662200927734375,40.694000244140625,40.5,40.666099548339844
2025-08-01 12:00:00+01:00,40.66297149658203,40.66859817504883,40.5,40.651248931884766
2025-08-01 16:00:00+01:00,40.65290069580078,40.660301208496094,40.608001708984375,40.647281646728516
2025-08-01 20:00:00+01:00,40.63859176635742,40.6505012512207,40.57699966430664,40.6150016784668
2025-08-04 00:00:00+01:00,40.66284942626953,40.6880989074707,40.58409881591797,40.67060089111328
2025-08-04 04:00:00+01:00,40.66790008544922,40.677799224853516,40.63750076293945,40.66933059692383
2025-08-04 08:00:00+01:00,40.66835021972656,40.67853927612305,40.65810012817383,40.67314910888672
2025-08-04 12:00:00+01:00,40.675201416015625,40.67879867553711,40.60300064086914,40.678199768066406
2025-08-04 16:00:00+01:00,40.67850112915039,40.6786994934082,40.599998474121094,40.675201416015625
2025-08-04 20:00:00+01:00,40.67449951171875,40.6870002746582,40.4817008972168,40.64902114868164
2025-08-05 00:00:00+01:00,40.64590072631836,40.68579864501953,40.5880012512207,40.63010025024414
2025-08-05 04:00:00+01:00,40.64870834350586,40.68709945678711,40.45909881591797,40.67940139770508
2025-08-05 08:00:00+01:00,40.6776008605957,40.6879997253418,40.58300018310547,40.59700012207031
2025-08-05 12:00:00+01:00,40.67728042602539,40.6803092956543,40.57899856567383,40.66669845581055
2025-08-05 16:00:00+01:00,40.62900161743164,40.67539978027344,40.59389877319336,40.658199310302734
2025-08-05 20:00:00+01:00,40.65850067138672,40.672000885009766,40.5015983581543,40.629798889160156
2025-08-06 00:00:00+01:00,40.62929916381836,40.67259979248047,40.56570053100586,40.63199996948242
2025-08-06 04:00:00+01:00,40.63180160522461,40.69049835205078,40.577701568603516,40.61199951171875
2025-08-06 08:00:00+01:00,40.67499923706055,40.6894416809082,40.55799865722656,40.64970016479492
2025-08-06 12:00:00+01:00,40.64952087402344,40.66189956665039,40.564998626708984,40.65821838378906
2025-08-06 16:00:00+01:00,40.65549850463867,40.66059875488281,40.612998962402344,40.64728927612305
2025-08-06 20:00:00+01:00,40.651180267333984,40.67110061645508,40.48609924316406,40.63745880126953
2025-08-07 00:00:00+01:00,40.64741134643555,40.685699462890625,40.549198150634766,40.62540054321289
2025-08-07 04:00:00+01:00,40.65589904785156,40.68550109863281,40.50149917602539,40.67509841918945
2025-08-07 08:00:00+01:00,40.67652893066406,40.677398681640625,40.551998138427734,40.63100051879883
2025-08-07 12:00:00+01:00,40.63703918457031,40.650001525878906,40.52899932861328,40.61840057373047
2025-08-07 16:00:00+01:00,40.619911193847656,40.622501373291016,40.55345916748047,40.57709884643555
2025-08-07 20:00:00+01:00,40.57789993286133,40.696998596191406,40.425899505615234,40.543800354003906
2025-08-08 00:00:00+01:00,40.567501068115234,40.742698669433594,40.567501068115234,40.69200134277344
2025-08-08 04:00:00+01:00,40.71989822387695,40.72779846191406,40.5620002746582,40.68339920043945
2025-08-08 08:00:00+01:00,40.68233108520508,40.697330474853516,40.50699996948242,40.68470001220703
2025-08-08 12:00:00+01:00,40.68619918823242,40.69540023803711,40.512001037597656,40.67660140991211
2025-08-08 16:00:00+01:00,40.673301696777344,40.6898307800293,40.637001037597656,40.68146896362305
2025-08-08 20:00:00+01:00,40.68867111206055,40.691490173339844,40.64910888671875,40.65420913696289
2025-08-11 00:00:00+01:00,40.73918914794922,40.792999267578125,40.692901611328125,40.69609832763672
2025-08-11 04:00:00+01:00,40.722801208496094,40.757999420166016,40.62200164794922,40.7135009765625
2025-08-11 08:00:00+01:00,40.67610168457031,40.71760940551758,40.619998931884766,40.70405960083008
2025-08-11 12:00:00+01:00,40.70249938964844,40.708499908447266,40.58100128173828,40.69350051879883
2025-08-11 16:00:00+01:00,40.69348907470703,40.70648956298828,40.67369842529297,40.70280075073242
2025-08-11 20:00:00+01:00,40.70289993286133,40.7692985534668,40.514801025390625,40.70825958251953
2025-08-12 00:00:00+01:00,40.70429992675781,40.71575164794922,40.652099609375,40.70457077026367
2025-08-12 04:00:00+01:00,40.702308654785156,40.73550033569336,40.60200119018555,40.70241165161133
2025-08-12 08:00:00+01:00,40.702091217041016,40.744300842285156,40.56269836425781,40.72629928588867
2025-08-12 12:00:00+01:00,40.72684097290039,40.74599838256836,40.62099838256836,40.72959899902344
2025-08-12 16:00:00+01:00,40.73030090332031,40.751800537109375,40.67829895019531,40.733299255371094
2025-08-12 20:00:00+01:00,40.72819900512695,40.770599365234375,40.58190155029297,40.73175048828125
2025-08-13 00:00:00+01:00,40.76649856567383,40.77090072631836,40.5906982421875,40.71390151977539
2025-08-13 04:00:00+01:00,40.75239944458008,40.75310134887695,40.635501861572266,40.72610092163086
2025-08-13 08:00:00+01:00,40.72869873046875,40.742801666259766,40.643001556396484,40.73500061035156
2025-08-13 12:00:00+01:00,40.73740005493164,40.76586151123047,40.65399932861328,40.76005935668945
2025-08-13 16:00:00+01:00,40.75790023803711,40.79349899291992,40.66999816894531,40.74610137939453
2025-08-13 20:00:00+01:00,40.745399475097656,40.79050064086914,40.6781005859375,40.754451751708984
2025-08-14 00:00:00+01:00,40.75416946411133,40.78239822387695,40.66859817504883,40.743751525878906
2025-08-14 04:00:00+01:00,40.762489318847656,40.80244827270508,40.66600036621094,40.78409957885742
2025-08-14 08:00:00+01:00,40.78535842895508,40.79698181152344,40.70100021362305,40.70399856567383
2025-08-14 12:00:00+01:00,40.70500183105469,40.795230865478516,40.661598205566406,40.785301208496094
2025-08-14 16:00:00+01:00,40.788429260253906,40.81848907470703,40.70100021362305,40.79869842529297
2025-08-14 20:00:00+01:00,40.787109375,40.86899948120117,40.632301330566406,40.810001373291016
2025-08-15 00:00:00+01:00,40.81050109863281,40.867801666259766,40.71549987792969,40.810001373291016
2025-08-15 04:00:00+01:00,40.810001373291016,40.888118743896484,40.70000076293945,40.861881256103516
2025-08-15 08:00:00+01:00,40.86825180053711,40.91699981689453,40.709999084472656,40.89070129394531
2025-08-15 12:00:00+01:00,40.89070129394531,40.898460388183594,40.72999954223633,40.89229965209961
2025-08-15 16:00:00+01:00,40.892398834228516,40.89540100097656,40.769901275634766,40.83140182495117
2025-08-15 20:00:00+01:00,40.85710144042969,40.88930130004883,40.75490188598633,40.79800033569336
2025-08-18 00:00:00+01:00,40.86518096923828,40.90119934082031,40.75339889526367,40.862701416015625
2025-08-18 04:00:00+01:00,40.87868881225586,40.902801513671875,40.77009963989258,40.89070129394531
2025-08-18 08:00:00+01:00,40.891029357910156,40.89353942871094,40.76409912109375,40.80400085449219
2025-08-18 12:00:00+01:00,40.88372039794922,40.890079498291016,40.792999267578125,40.87696075439453
2025-08-18 16:00:00+01:00,40.87602996826172,40.88740158081055,40.86199951171875,40.869510650634766
2025-08-18 20:00:00+01:00,40.869510650634766,40.885501861572266,40.72330093383789,40.85786819458008
2025-08-19 00:00:00+01:00,40.86309814453125,40.89942169189453,40.780399322509766,40.86240005493164
2025-08-19 04:00:00+01:00,40.85210037231445,40.905818939208984,40.78340148925781,40.88750076293945
2025-08-19 08:00:00+01:00,40.88869857788086,40.8949089050293,40.80099868774414,40.886199951171875
2025-08-19 12:00:00+01:00,40.851200103759766,40.89580154418945,40.77439880371094,40.88690185546875
2025-08-19 16:00:00+01:00,40.88901901245117,40.8896598815918,40.86920166015625,40.88058853149414
2025-08-19 20:00:00+01:00,40.883331298828125,40.894500732421875,40.78850173950195,40.871768951416016
2025-08-20 00:00:00+01:00,40.8720703125,40.89500045776367,40.865169525146484,40.880638122558594
2025-08-20 04:00:00+01:00,40.87099838256836,40.922000885009766,40.78850173950195,40.91699981689453
2025-08-20 08:00:00+01:00,40.91490173339844,40.92259979248047,40.83300018310547,40.87969970703125
2025-08-20 12:00:00+01:00,40.899600982666016,40.929500579833984,40.8380012512207,40.92449951171875
2025-08-20 16:00:00+01:00,40.92538833618164,40.926998138427734,40.83700180053711,40.83700180053711
2025-08-20 20:00:00+01:00,40.91334915161133,40.94089889526367,40.801300048828125,40.84000015258789
2025-08-21 00:00:00+01:00,40.910728454589844,40.93299865722656,40.83000183105469,40.92490005493164
2025-08-21 04:00:00+01:00,40.92449951171875,40.93648910522461,40.84000015258789,40.924400329589844
2025-08-21 08:00:00+01:00,40.929100036621094,40.93941879272461,40.849998474121094,40.93812942504883
2025-08-21 12:00:00+01:00,40.937889099121094,40.93989944458008,40.85200119018555,40.902801513671875
2025-08-21 16:00:00+01:00,40.93648910522461,40.9379997253418,40.83000183105469,40.927818298339844
2025-08-21 20:00:00+01:00,40.932498931884766,41.01839828491211,40.843299865722656,41.013099670410156
2025-08-22 00:00:00+01:00,41.003448486328125,41.01380157470703,40.98680114746094,41.00625991821289
2025-08-22 04:00:00+01:00,41.00239944458008,41.0128288269043,40.84400177001953,41.008140563964844
2025-08-22 08:00:00+01:00,41.0106086730957,41.01430130004883,40.84400177001953,41.00931930541992
2025-08-22 12:00:00+01:00,41.00931930541992,41.01430130004883,40.845001220703125,41.01129913330078
2025-08-22 16:00:00+01:00,41.01129913330078,41.013999938964844,40.92190170288086,40.978919982910156
2025-08-22 20:00:00+01:00,40.98337936401367,40.994998931884766,40.708499908447266,40.93069839477539
2025-08-25 00:00:00+01:00,40.92953872680664,41.01060104370117,40.86000061035156,40.93470001220703
2025-08-25 04:00:00+01:00,40.95465087890625,41.00230026245117,40.895999908447266,40.99700164794922
2025-08-25 08:00:00+01:00,40.99700164794922,41.003990173339844,40.836700439453125,40.98059844970703
2025-08-25 12:00:00+01:00,40.922000885009766,41.00410079956055,40.904998779296875,40.987098693847656
2025-08-25 16:00:00+01:00,40.98699951171875,41.009498596191406,40.888999938964844,40.986671447753906
2025-08-25 20:00:00+01:00,40.986671447753906,41.015499114990234,40.85850143432617,40.964298248291016
2025-08-26 00:00:00+01:00,41.00199890136719,41.02040100097656,40.95940017700195,41.00429916381836
2025-08-26 04:00:00+01:00,41.00170135498047,41.02153015136719,40.904998779296875,41.01539993286133
2025-08-26 08:00:00+01:00,41.01557159423828,41.02986145019531,40.9119987487793,41.0265998840332
2025-08-26 12:00:00+01:00,41.02587890625,41.034400939941406,40.91999816894531,41.03419876098633
2025-08-26 16:00:00+01:00,41.0335693359375,41.03459930419922,40.980098724365234,41.02870178222656
2025-08-26 20:00:00+01:00,41.02745819091797,41.04100036621094,40.95389938354492,41.02199172973633
2025-08-27 00:00:00+01:00,41.03316116333008,41.04100036621094,41.01765060424805,41.02779006958008
2025-08-27 04:00:00+01:00,41.028499603271484,41.04199981689453,40.948001861572266,41.02989959716797
2025-08-27 08:00:00+01:00,41.03746032714844,41.0432014465332,40.95500183105469,40.9640007019043
2025-08-27 12:00:00+01:00,41.038421630859375,41.05540084838867,40.959999084472656,41.04399871826172
2025-08-27 16:00:00+01:00,41.044029235839844,41.0443000793457,40.980098724365234,41.03586959838867
2025-08-27 20:00:00+01:00,41.03586959838867,41.05970001220703,40.951698303222656,41.03868103027344
2025-08-28 00:00:00+01:00,41.040428161621094,41.061100006103516,41.02471160888672,41.051300048828125
2025-08-28 04:00:00+01:00,41.050498962402344,41.05162048339844,40.936500549316406,41.04888916015625
2025-08-28 08:00:00+01:00,41.04880142211914,41.0536994934082,40.96799850463867,41.0463981628418
2025-08-28 12:00:00+01:00,41.04410171508789,41.054901123046875,40.95399856567383,41.04222106933594
2025-08-28 16:00:00+01:00,41.02510070800781,41.04280090332031,40.99869918823242,41.01036834716797
2025-08-28 20:00:00+01:00,41.008121490478516,41.148101806640625,40.93429946899414,41.1349983215332
2025-08-29 00:00:00+01:00,41.13669967651367,41.14699935913086,41.12199020385742,41.14215850830078
2025-08-29 04:00:00+01:00,41.140220642089844,41.15850067138672,41.060001373291016,41.143978118896484
2025-08-29 08:00:00+01:00,41.143978118896484,41.150089263916016,40.95000076293945,41.145999908447266
2025-08-29 12:00:00+01:00,41.14609909057617,41.176998138427734,40.95800018310547,41.14651870727539
2025-08-29 16:00:00+01:00,41.14842987060547,41.14929962158203,41.03350067138672,41.14459991455078
2025-08-29 20:00:00+01:00,41.12689971923828,41.14550018310547,40.999698638916016,41.10049819946289
2025-09-01 00:00:00+01:00,41.12604904174805,41.15439987182617,41.0443000793457,41.1349983215332
2025-09-01 04:00:00+01:00,41.130401611328125,41.144500732421875,40.96739959716797,41.11299133300781
2025-09-01 08:00:00+01:00,41.11056900024414,41.1254997253418,40.98400115966797,41.11009979248047
2025-09-01 12:00:00+01:00,41.10633087158203,41.12324905395508,40.97249984741211,41.07899856567383
2025-09-01 16:00:00+01:00,41.11296081542969,41.13800048828125,41.00419998168945,41.105899810791016
2025-09-01 20:00:00+01:00,41.10765838623047,41.14419937133789,40.95709991455078,41.12569046020508
2025-09-02 00:00:00+01:00,41.13597869873047,41.149898529052734,41.08530044555664,41.14630889892578
2025-09-02 04:00:00+01:00,41.14731979370117,41.15520095825195,41.03969955444336,41.13249969482422
2025-09-02 08:00:00+01:00,41.141719818115234,41.159400939941406,41.05699920654297,41.14950180053711
2025-09-02 12:00:00+01:00,41.15420150756836,41.207000732421875,41.060001373291016,41.14690017700195
2025-09-02 16:00:00+01:00,41.14625930786133,41.15800094604492,41.064998626708984,41.149478912353516
2025-09-02 20:00:00+01:00,41.149478912353516,41.17390060424805,41.03390121459961,41.16059875488281
2025-09-03 00:00:00+01:00,41.15800094604492,41.172298431396484,41.146968841552734,41.16749954223633
2025-09-03 04:00:00+01:00,41.16749954223633,41.17110061645508,41.08000183105469,41.161991119384766
2025-09-03 08:00:00+01:00,41.161991119384766,41.16859817504883,41.07500076293945,41.144798278808594
2025-09-03 12:00:00+01:00,41.162200927734375,41.16999816894531,41.07500076293945,41.16590118408203
2025-09-03 16:00:00+01:00,41.166019439697266,41.16699981689453,41.12099838256836,41.15583038330078
2025-09-03 20:00:00+01:00,41.15562057495117,41.16299819946289,41.040000915527344,41.13059997558594
2025-09-04 00:00:00+01:00,41.14165115356445,41.16910171508789,41.04719924926758,41.15829849243164
2025-09-04 04:00:00+01:00,41.15829849243164,41.16978073120117,41.07500076293945,41.16899871826172
2025-09-04 08:00:00+01:00,41.168121337890625,41.17753982543945,41.08100128173828,41.0880012512207
2025-09-04 12:00:00+01:00,41.17190933227539,41.18429946899414,41.07500076293945,41.158119201660156
2025-09-04 16:00:00+01:00,41.15938949584961,41.165000915527344,41.14550018310547,41.153560638427734
2025-09-04 20:00:00+01:00,41.15264892578125,41.253440856933594,41.05229949951172,41.248531341552734
2025-09-05 00:00:00+01:00,41.24851989746094,41.260501861572266,41.22623825073242,41.23435974121094
2025-09-05 04:00:00+01:00,41.234310150146484,41.252201080322266,41.07619857788086,41.25019836425781
2025-09-05 08:00:00+01:00,41.25008010864258,41.27799987792969,41.08300018310547,41.12900161743164
2025-09-05 12:00:00+01:00,41.2495002746582,41.284000396728516,41.08100128173828,41.2484016418457
2025-09-05 16:00:00+01:00,41.252410888671875,41.25310134887695,41.233001708984375,41.249698638916016
2025-09-05 20:00:00+01:00,41.24760055541992,41.25,41.140098571777344,41.20000076293945
2025-09-08 00:00:00+01:00,41.253501892089844,41.259708404541016,41.21699905395508,41.245460510253906
2025-09-08 04:00:00+01:00,41.25785827636719,41.264949798583984,41.178001403808594,41.26390075683594
2025-09-08 08:00:00+01:00,41.26232147216797,41.26613998413086,41.17900085449219,41.26490020751953
2025-09-08 12:00:00+01:00,41.26100158691406,41.297298431396484,41.18000030517578,41.25870132446289
2025-09-08 16:00:00+01:00,41.262901306152344,41.26369857788086,41.21900177001953,41.251708984375
2025-09-08 20:00:00+01:00,41.251708984375,41.276798248291016,41.14360046386719,41.2761116027832
2025-09-09 00:00:00+01:00,41.275779724121094,41.277801513671875,41.22600173950195,41.262020111083984
2025-09-09 04:00:00+01:00,41.26129913330078,41.277801513671875,41.17499923706055,41.272701263427734
2025-09-09 08:00:00+01:00,41.27125930786133,41.275611877441406,41.191001892089844,41.25590133666992
2025-09-09 12:00:00+01:00,41.27069854736328,41.27653884887695,41.17570114135742,41.24720001220703
2025-09-09 16:00:00+01:00,41.27381896972656,41.27410125732422,41.194000244140625,41.24279022216797
2025-09-09 20:00:00+01:00,41.24298095703125,41.28049850463867,41.15589904785156,41.220001220703125
2025-09-10 00:00:00+01:00,41.22669982910156,41.27799987792969,41.22600173950195,41.26295852661133
2025-09-10 04:00:00+01:00,41.271148681640625,41.28300094604492,41.194000244140625,41.27899932861328
2025-09-10 08:00:00+01:00,41.28157043457031,41.285301208496094,41.198001861572266,41.27983856201172
2025-09-10 12:00:00+01:00,41.278099060058594,41.28850173950195,41.19900131225586,41.271400451660156
2025-09-10 16:00:00+01:00,41.28419876098633,41.28487014770508,41.17499923706055,41.256221771240234
2025-09-10 20:00:00+01:00,41.256221771240234,41.27750015258789,41.13169860839844,41.26129913330078
2025-09-11 00:00:00+01:00,41.25822830200195,41.285499572753906,41.142398834228516,41.261600494384766
2025-09-11 04:00:00+01:00,41.27560043334961,41.29153060913086,41.20100021362305,41.29100036621094
2025-09-11 08:00:00+01:00,41.29100036621094,41.29481887817383,41.174198150634766,41.28778839111328
2025-09-11 12:00:00+01:00,41.28778839111328,41.32099914550781,41.185298919677734,41.29010009765625
2025-09-11 16:00:00+01:00,41.29058837890625,41.29240036010742,41.250999450683594,41.28091812133789
2025-09-11 20:00:00+01:00,41.28007888793945,41.35350036621094,41.16510009765625,41.312400817871094
2025-09-12 00:00:00+01:00,41.31842041015625,41.343299865722656,41.3031005859375,41.32331085205078
2025-09-12 04:00:00+01:00,41.31840133666992,41.36899948120117,41.196998596191406,41.36661148071289
2025-09-12 08:00:00+01:00,41.36478042602539,41.37044143676758,41.196998596191406,41.36865997314453
2025-09-12 12:00:00+01:00,41.367088317871094,41.3708381652832,41.196998596191406,41.368499755859375
2025-09-12 16:00:00+01:00,41.3691291809082,41.374298095703125,41.20500183105469,41.34769821166992
2025-09-12 20:00:00+01:00,41.35850143432617,41.36600112915039,41.25899887084961,41.33449935913086
2025-09-15 00:00:00+01:00,41.32440185546875,41.379478454589844,41.224098205566406,41.351768493652344
2025-09-15 04:00:00+01:00,41.351768493652344,41.37779998779297,41.276100158691406,41.35070037841797
2025-09-15 08:00:00+01:00,41.37464904785156,41.37771987915039,41.222999572753906,41.30500030517578
2025-09-15 12:00:00+01:00,41.3025016784668,41.3065299987793,41.19599914550781,41.233001708984375
2025-09-15 16:00:00+01:00,41.28091812133789,41.32600021362305,41.233001708984375,41.27914047241211
2025-09-15 20:00:00+01:00,41.279701232910156,41.327999114990234,41.20949935913086,41.28337860107422
2025-09-16 00:00:00+01:00,41.30373001098633,41.314998626708984,41.289920806884766,41.304908752441406
2025-09-16 04:00:00+01:00,41.307899475097656,41.32899856567383,41.229000091552734,41.31869888305664
2025-09-16 08:00:00+01:00,41.31880187988281,41.32040023803711,41.17610168457031,41.28929901123047
2025-09-16 12:00:00+01:00,41.29499053955078,41.30474853515625,41.18899917602539,41.28110122680664
2025-09-16 16:00:00+01:00,41.28081130981445,41.28200149536133,41.22090148925781,41.265201568603516
2025-09-16 20:00:00+01:00,41.26408004760742,41.32337951660156,41.07680130004883,41.26839828491211
2025-09-17 00:00:00+01:00,41.23400115966797,41.30739974975586,41.21229934692383,41.2776985168457
2025-09-17 04:00:00+01:00,41.30670166015625,41.30950164794922,41.207000732421875,41.21699905395508
2025-09-17 08:00:00+01:00,41.295799255371094,41.298988342285156,41.19200134277344,41.2130012512207
2025-09-17 12:00:00+01:00,41.289398193359375,41.2952995300293,41.19499969482422,41.278160095214844
2025-09-17 16:00:00+01:00,41.280330657958984,41.28499984741211,41.20209884643555,41.27259826660156
2025-09-17 20:00:00+01:00,41.26416015625,41.30500030517578,41.1077995300293,41.26839828491211
2025-09-18 00:00:00+01:00,41.24760055541992,41.308101654052734,41.24760055541992,41.29975891113281
2025-09-18 04:00:00+01:00,41.29975128173828,41.341590881347656,41.17219924926758,41.24599838256836
2025-09-18 08:00:00+01:00,41.322330474853516,41.33042907714844,41.222999572753906,41.30870056152344
2025-09-18 12:00:00+01:00,41.30904006958008,41.31806182861328,41.16740036010742,41.299598693847656
2025-09-18 16:00:00+01:00,41.30086135864258,41.30649948120117,41.28226089477539,41.297000885009766
2025-09-18 20:00:00+01:00,41.298301696777344,41.40299987792969,41.16130065917969,41.35860061645508
2025-09-19 00:00:00+01:00,41.37139892578125,41.40250015258789,41.33769989013672,41.37950897216797
2025-09-19 04:00:00+01:00,41.37950897216797,41.4056396484375,41.23400115966797,41.39120101928711
2025-09-19 08:00:00+01:00,41.38951110839844,41.39921188354492,41.21900177001953,41.382301330566406
2025-09-19 12:00:00+01:00,41.38692092895508,41.39942932128906,41.215999603271484,41.35799026489258
2025-09-19 16:00:00+01:00,41.35749053955078,41.394100189208984,41.31800079345703,41.36962127685547
2025-09-19 20:00:00+01:00,41.37919998168945,41.391929626464844,41.328800201416016,41.346900939941406
2025-09-22 00:00:00+01:00,41.35879898071289,41.400001525878906,41.34450149536133,41.385799407958984
2025-09-22 04:00:00+01:00,41.38600158691406,41.397300720214844,41.2130012512207,41.29199981689453
2025-09-22 08:00:00+01:00,41.37070083618164,41.38726043701172,41.27899932861328,41.3828010559082
2025-09-22 12:00:00+01:00,41.37779998779297,41.39139938354492,41.2869987487793,41.36429977416992
2025-09-22 16:00:00+01:00,41.3661994934082,41.3739013671875,41.25,41.352989196777344
2025-09-22 20:00:00+01:00,41.354400634765625,41.39799880981445,41.26559829711914,41.33549880981445
2025-09-23 00:00:00+01:00,41.33509826660156,41.3932991027832,41.312198638916016,41.3745002746582
2025-09-23 04:00:00+01:00,41.36840057373047,41.46049880981445,41.325599670410156,41.41960906982422
2025-09-23 08:00:00+01:00,41.417999267578125,41.42290115356445,41.31700134277344,41.33399963378906
2025-09-23 12:00:00+01:00,41.38399887084961,41.415260314941406,41.30500030517578,41.407100677490234
2025-09-23 16:00:00+01:00,41.40700149536133,41.43265914916992,41.365760803222656,41.40412139892578
2025-09-23 20:00:00+01:00,41.39931869506836,41.42179870605469,41.244998931884766,41.390098571777344
2025-09-24 00:00:00+01:00,41.39120101928711,41.433998107910156,41.345401763916016,41.429500579833984
2025-09-24 04:00:00+01:00,41.42464828491211,41.44200134277344,41.3390007019043,41.43001174926758
2025-09-24 08:00:00+01:00,41.43001174926758,41.466148376464844,41.349998474121094,41.44430160522461
2025-09-24 12:00:00+01:00,41.44459915161133,41.464111328125,41.361000061035156,41.45920181274414
2025-09-24 16:00:00+01:00,41.459590911865234,41.46030044555664,41.429100036621094,41.445518493652344
2025-09-24 20:00:00+01:00,41.445350646972656,41.47090148925781,41.361900329589844,41.45420837402344
2025-09-25 00:00:00+01:00,41.45254135131836,41.474700927734375,41.437801361083984,41.44906997680664
2025-09-25 04:00:00+01:00,41.455101013183594,41.47330093383789,41.361900329589844,41.46269989013672
2025-09-25 08:00:00+01:00,41.465599060058594,41.474979400634766,41.391998291015625,41.45280075073242
2025-09-25 12:00:00+01:00,41.46649169921875,41.47896957397461,41.39099884033203,41.477989196777344
2025-09-25 16:00:00+01:00,41.477989196777344,41.47930145263672,41.4370002746582,41.47819900512695
2025-09-25 20:00:00+01:00,41.474700927734375,41.57389831542969,41.394500732421875,41.54890060424805
2025-09-26 00:00:00+01:00,41.54233932495117,41.571998596191406,41.477989196777344,41.56399154663086
2025-09-26 04:00:00+01:00,41.5643196105957,41.566001892089844,41.40700149536133,41.56060028076172
2025-09-26 08:00:00+01:00,41.561100006103516,41.570491790771484,41.4109992980957,41.4119987487793
2025-09-26 12:00:00+01:00,41.56462860107422,41.58700180053711,41.40999984741211,41.5536994934082
2025-09-26 16:00:00+01:00,41.56964874267578,41.58300018310547,41.51890182495117,41.563411712646484
2025-09-26 20:00:00+01:00,41.564701080322266,41.572601318359375,41.50046920776367,41.535499572753906
2025-09-29 00:00:00+01:00,41.55731964111328,41.57619857788086,41.527198791503906,41.5619010925293
2025-09-29 04:00:00+01:00,41.563838958740234,41.575199127197266,41.41299819946289,41.49800109863281
2025-09-29 08:00:00+01:00,41.53559875488281,41.62699890136719,41.49300003051758,41.5
2025-09-29 12:00:00+01:00,41.57722854614258,41.580509185791016,41.474998474121094,41.57659912109375
2025-09-29 16:00:00+01:00,41.57801055908203,41.582698822021484,41.52193832397461,41.56792068481445
2025-09-29 20:00:00+01:00,41.564300537109375,41.587501525878906,41.31480026245117,41.569400787353516
2025-09-30 00:00:00+01:00,41.571990966796875,41.58420181274414,41.55550003051758,41.58150100708008
2025-09-30 04:00:00+01:00,41.57278823852539,41.58660125732422,41.50400161743164,41.58235168457031
2025-09-30 08:00:00+01:00,41.58235168457031,41.58639907836914,41.4900016784668,41.55889892578125
2025-09-30 12:00:00+01:00,41.58523941040039,41.585758209228516,41.4744987487793,41.575599670410156
2025-09-30 16:00:00+01:00,41.579769134521484,41.58190155029297,41.53900146484375,41.57339859008789
2025-09-30 20:00:00+01:00,41.56769943237305,41.58330154418945,41.48910140991211,41.57229995727539
2025-10-01 00:00:00+01:00,41.56044006347656,41.584999084472656,41.52280044555664,41.57109069824219
2025-10-01 04:00:00+01:00,41.57123947143555,41.59519958496094,41.50199890136719,41.59291076660156
2025-10-01 08:00:00+01:00,41.59379959106445,41.59400177001953,41.49800109863281,41.589900970458984
2025-10-01 12:00:00+01:00,41.5901985168457,41.62799835205078,41.4640007019043,41.58140182495117
2025-10-01 16:00:00+01:00,41.5826416015625,41.596900939941406,41.56039810180664,41.578399658203125
2025-10-01 20:00:00+01:00,41.57838821411133,41.60350036621094,41.28300094604492,41.582801818847656
2025-10-02 00:00:00+01:00,41.57194900512695,41.597900390625,41.56999969482422,41.5890007019043
2025-10-02 04:00:00+01:00,41.59239959716797,41.60401916503906,41.50699996948242,41.59989929199219
2025-10-02 08:00:00+01:00,41.600860595703125,41.611541748046875,41.505001068115234,41.60340118408203
2025-10-02 12:00:00+01:00,41.60948181152344,41.637001037597656,41.518001556396484,41.609100341796875
2025-10-02 16:00:00+01:00,41.60886001586914,41.60969924926758,41.584800720214844,41.59621810913086
2025-10-02 20:00:00+01:00,41.59849166870117,41.66550064086914,41.41579818725586,41.64699172973633
2025-10-03 00:00:00+01:00,41.64860153198242,41.682899475097656,41.57080078125,41.66144943237305
2025-10-03 04:00:00+01:00,41.66144943237305,41.68220138549805,41.51499938964844,41.679500579833984
2025-10-03 08:00:00+01:00,41.67557144165039,41.68429946899414,41.507999420166016,41.68190002441406
2025-10-03 12:00:00+01:00,41.6793212890625,41.68429946899414,41.51900100708008,41.682899475097656
2025-10-03 16:00:00+01:00,41.68313980102539,41.68320083618164,41.63600158691406,41.676841735839844
2025-10-03 20:00:00+01:00,41.666099548339844,41.69990158081055,41.53131866455078,41.65409851074219
2025-10-06 00:00:00+01:00,41.65660095214844,41.695350646972656,41.65660095214844,41.67499923706055
2025-10-06 04:00:00+01:00,41.68241882324219,41.6915397644043,41.604000091552734,41.686500549316406
2025-10-06 08:00:00+01:00,41.68960952758789,41.73099899291992,41.60599899291992,41.67729949951172
2025-10-06 12:00:00+01:00,41.69382858276367,41.694358825683594,41.611000061035156,41.69309997558594
2025-10-06 16:00:00+01:00,41.69309997558594,41.69309997558594,41.664798736572266,41.6776008605957
2025-10-06 20:00:00+01:00,41.677978515625,41.70050048828125,41.60409927368164,41.6796989440918
2025-10-07 00:00:00+01:00,41.6769905090332,41.72949981689453,41.64670181274414,41.69340133666992
2025-10-07 04:00:00+01:00,41.69340133666992,41.71979904174805,41.60200119018555,41.700199127197266
2025-10-07 08:00:00+01:00,41.69913864135742,41.703800201416016,41.61399841308594,41.70235061645508
2025-10-07 12:00:00+01:00,41.694400787353516,41.71179962158203,41.61600112915039,41.70199966430664
2025-10-07 16:00:00+01:00,41.70259094238281,41.712501525878906,41.62200164794922,41.6880989074707
2025-10-07 20:00:00+01:00,41.68397903442383,41.738250732421875,41.479278564453125,41.69036102294922
2025-10-08 00:00:00+01:00,41.705448150634766,41.718040466308594,41.68891906738281,41.710811614990234
2025-10-08 04:00:00+01:00,41.697879791259766,41.713199615478516,41.62300109863281,41.707401275634766
2025-10-08 08:00:00+01:00,41.71012878417969,41.714900970458984,41.624000549316406,41.70560073852539
2025-10-08 12:00:00+01:00,41.71004104614258,41.71556091308594,41.624000549316406,41.713600158691406
2025-10-08 16:00:00+01:00,41.713951110839844,41.7140998840332,41.67570114135742,41.69227981567383
2025-10-08 20:00:00+01:00,41.695098876953125,41.727699279785156,41.5640983581543,41.71329879760742
2025-10-09 00:00:00+01:00,41.72148895263672,41.74800109863281,41.611900329589844,41.70431900024414
2025-10-09 04:00:00+01:00,41.71099853515625,41.720401763916016,41.5620002746582,41.71879959106445
2025-10-09 08:00:00+01:00,41.71781921386719,41.72446060180664,41.63199996948242,41.71760177612305
2025-10-09 12:00:00+01:00,41.72174072265625,41.72536087036133,41.63600158691406,41.71900177001953
2025-10-09 16:00:00+01:00,41.72330856323242,41.7239990234375,41.70500183105469,41.70970153808594
2025-10-09 20:00:00+01:00,41.70737838745117,41.838600158691406,41.45819854736328,41.81529998779297
2025-10-10 00:00:00+01:00,41.821990966796875,41.832000732421875,41.79710006713867,41.80080032348633
2025-10-10 04:00:00+01:00,41.800819396972656,41.82389831542969,41.736000061035156,41.82162857055664
2025-10-10 08:00:00+01:00,41.822601318359375,41.82514953613281,41.805999755859375,41.81964111328125
2025-10-10 12:00:00+01:00,41.82255935668945,41.825199127197266,41.64500045776367,41.823699951171875
2025-10-10 16:00:00+01:00,41.822059631347656,41.82830047607422,41.792598724365234,41.82170104980469
2025-10-10 20:00:00+01:00,41.81761932373047,41.84120178222656,41.77349853515625,41.81209945678711
2025-10-13 00:00:00+01:00,41.80231857299805,41.814430236816406,41.746700286865234,41.810970306396484
2025-10-13 04:00:00+01:00,41.810970306396484,41.82210159301758,41.69200134277344,41.8059196472168
2025-10-13 08:00:00+01:00,41.8059196472168,41.812801361083984,41.66299819946289,41.720001220703125
2025-10-13 12:00:00+01:00,41.720001220703125,41.80585861206055,41.7130012512207,41.797080993652344
2025-10-13 16:00:00+01:00,41.79841995239258,41.80070114135742,41.727699279785156,41.7769889831543
2025-10-13 20:00:00+01:00,41.773040771484375,41.81549835205078,41.642398834228516,41.78820037841797
2025-10-14 00:00:00+01:00,41.792701721191406,41.81290054321289,41.77075958251953,41.7712516784668
2025-10-14 04:00:00+01:00,41.78532028198242,41.83327865600586,41.64229965209961,41.83190155029297
2025-10-14 08:00:00+01:00,41.83209991455078,41.832359313964844,41.737998962402344,41.827301025390625
2025-10-14 12:00:00+01:00,41.8260612487793,41.831600189208984,41.72100067138672,41.82500076293945
2025-10-14 16:00:00+01:00,41.82938003540039,41.82938003540039,41.78200149536133,41.81639862060547
2025-10-14 20:00:00+01:00,41.810909271240234,41.82809829711914,41.710899353027344,41.808799743652344
2025-10-15 00:00:00+01:00,41.80363082885742,41.84769821166992,41.62730026245117,41.827880859375
2025-10-15 04:00:00+01:00,41.817081451416016,41.837398529052734,41.72600173950195,41.83190155029297
2025-10-15 08:00:00+01:00,41.832000732421875,41.84471130371094,41.74800109863281,41.84239959716797
2025-10-15 12:00:00+01:00,41.8385009765625,41.84286880493164,41.731998443603516,41.84067916870117
2025-10-15 16:00:00+01:00,41.84049987792969,41.84379959106445,41.81880187988281,41.82476043701172
2025-10-15 20:00:00+01:00,41.829078674316406,41.86259841918945,41.6963996887207,41.83198928833008
2025-10-16 00:00:00+01:00,41.82997131347656,41.861698150634766,41.79750061035156,41.83198928833008
2025-10-16 04:00:00+01:00,41.829681396484375,41.84749984741211,41.73699951171875,41.817100524902344
2025-10-16 08:00:00+01:00,41.83580017089844,41.85580825805664,41.755001068115234,41.77000045776367
2025-10-16 12:00:00+01:00,41.849239349365234,41.85430145263672,41.76599884033203,41.85309982299805
2025-10-16 16:00:00+01:00,41.85309982299805,41.85309982299805,41.79600143432617,41.83660125732422
2025-10-16 20:00:00+01:00,41.838138580322266,41.9379997253418,41.69340133666992,41.7672004699707
2025-10-17 00:00:00+01:00,41.82229995727539,41.95240020751953,41.698699951171875,41.91379928588867
2025-10-17 04:00:00+01:00,41.9140510559082,41.94889831542969,41.77899932861328,41.779998779296875
2025-10-17 08:00:00+01:00,41.94612121582031,41.95061111450195,41.779998779296875,41.945438385009766
2025-10-17 12:00:00+01:00,41.94919967651367,41.949798583984375,41.77799987792969,41.948299407958984
2025-10-17 16:00:00+01:00,41.94799041748047,41.94879913330078,41.88029861450195,41.92787170410156
2025-10-17 20:00:00+01:00,41.92805862426758,41.946510314941406,41.68439865112305,41.89509963989258
2025-10-20 00:00:00+01:00,41.91360092163086,41.972511291503906,41.721099853515625,41.94969940185547
2025-10-20 04:00:00+01:00,41.94757843017578,41.95330047607422,41.856998443603516,41.86899948120117
2025-10-20 08:00:00+01:00,41.95261001586914,41.958438873291016,41.85900115966797,41.957801818847656
2025-10-20 12:00:00+01:00,41.955421447753906,41.96099853515625,41.869998931884766,41.95709991455078
2025-10-20 16:00:00+01:00,41.95798873901367,41.958099365234375,41.8489990234375,41.93130111694336
2025-10-20 20:00:00+01:00,41.93190002441406,41.97877883911133,41.5973014831543,41.85559844970703
2025-10-21 00:00:00+01:00,41.923458099365234,41.95399856567383,41.71649932861328,41.94562911987305
2025-10-21 04:00:00+01:00,41.94562911987305,41.964298248291016,41.80495834350586,41.95920181274414
2025-10-21 08:00:00+01:00,41.95909881591797,41.96799850463867,41.78810119628906,41.96318054199219
2025-10-21 12:00:00+01:00,41.965579986572266,41.9676399230957,41.88100051879883,41.9651985168457
2025-10-21 16:00:00+01:00,41.96586990356445,41.96670150756836,41.83649826049805,41.96099853515625
2025-10-21 20:00:00+01:00,41.955909729003906,42.01884841918945,41.84489822387695,41.95199966430664
2025-10-22 00:00:00+01:00,41.95698928833008,41.99480056762695,41.93798065185547,41.95787811279297
2025-10-22 04:00:00+01:00,41.95785903930664,41.974998474121094,41.87699890136719,41.972999572753906
2025-10-22 08:00:00+01:00,41.97370147705078,41.976768493652344,41.89099884033203,41.971500396728516
2025-10-22 12:00:00+01:00,41.9567985534668,41.976600646972656,41.87699890136719,41.97460174560547
2025-10-22 16:00:00+01:00,41.97323989868164,41.97589874267578,41.958290100097656,41.95954132080078
2025-10-22 20:00:00+01:00,41.960121154785156,41.980499267578125,41.76129913330078,41.95830154418945
2025-10-23 00:00:00+01:00,41.958431243896484,42.000091552734375,41.9385986328125,41.98059844970703
2025-10-23 04:00:00+01:00,41.9807014465332,41.985450744628906,41.89799880981445,41.980491638183594
2025-10-23 08:00:00+01:00,41.981910705566406,41.98429870605469,41.89099884033203,41.9804801940918
2025-10-23 12:00:00+01:00,41.96421813964844,41.98469924926758,41.900001525878906,41.982059478759766
2025-10-23 16:00:00+01:00,41.98326873779297,41.98500061035156,41.8306884765625,41.95228958129883
2025-10-23 20:00:00+01:00,41.933929443359375,42.16633987426758,41.73680114746094,42.00870895385742
2025-10-24 00:00:00+01:00,42.00862121582031,42.06127166748047,41.8286018371582,42.0369987487793
2025-10-24 04:00:00+01:00,42.053550720214844,42.058528900146484,41.891998291015625,42.054019927978516
2025-10-24 08:00:00+01:00,42.0526008605957,42.057701110839844,41.80500030517578,41.96739959716797
2025-10-24 12:00:00+01:00,41.96799850463867,41.98067092895508,41.78099822998047,41.94049835205078
2025-10-24 16:00:00+01:00,41.94430160522461,41.948001861572266,41.891998291015625,41.93790054321289
2025-10-24 20:00:00+01:00,41.9381103515625,41.939701080322266,41.891998291015625,41.919700622558594
2025-10-27 00:00:00+00:00,41.99121856689453,42.020301818847656,41.97969055175781,41.99681854248047
2025-10-27 04:00:00+00:00,41.99789810180664,42.00040054321289,41.82500076293945,41.97079849243164
2025-10-27 08:00:00+00:00,41.97311019897461,41.97549819946289,41.834999084472656,41.917701721191406
2025-10-27 12:00:00+00:00,41.91292953491211,41.935420989990234,41.546260833740234,41.92179870605469
2025-10-27 16:00:00+00:00,41.922080993652344,41.924800872802734,41.90068054199219,41.90700149536133
2025-10-27 20:00:00+00:00,41.90407943725586,41.9882698059082,41.767398834228516,41.9487190246582
2025-10-28 00:00:00+00:00,41.948760986328125,41.96934127807617,41.90999984741211,41.959800720214844
2025-10-28 04:00:00+00:00,41.95954132080078,41.96500015258789,41.81100082397461,41.9510383605957
2025-10-28 08:00:00+00:00,41.9510383605957,41.96799850463867,41.797000885009766,41.960201263427734
2025-10-28 12:00:00+00:00,41.9593505859375,41.96699905395508,41.90999984741211,41.95880126953125
2025-10-28 16:00:00+00:00,41.96001052856445,41.9635009765625,41.84090042114258,41.90589904785156
2025-10-28 20:00:00+00:00,41.92654037475586,41.95750045776367,41.815101623535156,41.948699951171875
2025-10-29 00:00:00+00:00,41.94997024536133,41.9557991027832,41.90999984741211,41.95109176635742
2025-10-29 04:00:00+00:00,41.95077896118164,41.95669937133789,41.91310119628906,41.93479919433594
2025-10-29 08:00:00+00:00,41.93230056762695,41.9640998840332,41.92829895019531,41.95209884643555
2025-10-29 12:00:00+00:00,41.95362854003906,41.95732879638672,41.92293930053711,41.943538665771484
2025-10-29 16:00:00+00:00,41.94390106201172,41.9474983215332,41.8286018371582,41.92729949951172
2025-10-29 20:00:00+00:00,41.902000427246094,42.01300048828125,41.7932014465332,41.98910140991211
2025-10-30 00:00:00+00:00,41.97166061401367,42.007999420166016,41.890098571777344,41.99359893798828
2025-10-30 04:00:00+00:00,41.99369812011719,42.00510025024414,41.849998474121094,41.9546012878418
2025-10-30 08:00:00+00:00,41.98284149169922,41.99380111694336,41.88199996948242,41.893001556396484
2025-10-30 12:00:00+00:00,41.94919967651367,41.988929748535156,41.84199905395508,41.977298736572266
2025-10-30 16:00:00+00:00,41.974609375,41.98040008544922,41.90999984741211,41.96440124511719
2025-10-30 20:00:00+00:00,41.96738052368164,42.035701751708984,41.816200256347656,42.02429962158203
2025-10-31 00:00:00+00:00,41.99882888793945,42.036800384521484,41.84040069580078,42.010501861572266
2025-10-31 04:00:00+00:00,42.010398864746094,42.076900482177734,41.84049987792969,42.070701599121094
2025-10-31 08:00:00+00:00,41.915000915527344,42.076568603515625,41.88100051879883,42.03340148925781
2025-10-31 12:00:00+00:00,42.04861831665039,42.056400299072266,41.887001037597656,42.04256057739258
2025-10-31 16:00:00+00:00,42.04570007324219,42.051998138427734,42.033599853515625,42.05099868774414
2025-10-31 20:00:00+00:00,42.04899978637695,42.059600830078125,41.95000076293945,41.95000076293945
2025-11-03 00:00:00+00:00,42.05830001831055,42.065399169921875,42.030059814453125,42.05970001220703
2025-11-03 04:00:00+00:00,42.059600830078125,42.08449935913086,41.959999084472656,41.979000091552734
2025-11-03 08:00:00+00:00,41.983001708984375,42.064178466796875,41.96699905395508,41.970001220703125
2025-11-03 12:00:00+00:00,42.05039978027344,42.057369232177734,41.93579864501953,42.04119873046875
2025-11-03 16:00:00+00:00,42.0443000793457,42.059600830078125,41.95000076293945,42.04862976074219
2025-11-03 20:00:00+00:00,42.044891357421875,42.083900451660156,41.8931884765625,42.053001403808594
2025-11-04 00:00:00+00:00,42.05699157714844,42.08340072631836,42.04180145263672,42.05849838256836
2025-11-04 04:00:00+00:00,42.05830001831055,42.101829528808594,41.97600173950195,42.07973861694336
2025-11-04 08:00:00+00:00,42.07973861694336,42.091251373291016,41.994998931884766,42.08380126953125
2025-11-04 12:00:00+00:00,42.08673858642578,42.090110778808594,41.94300079345703,42.08369064331055
2025-11-04 16:00:00+00:00,42.083499908447266,42.08879852294922,42.036598205566406,42.08879852294922
2025-11-04 20:00:00+00:00,42.08866882324219,42.12873077392578,41.875999450683594,42.07038879394531
2025-11-05 00:00:00+00:00,42.07762908935547,42.085201263427734,42.06449890136719,42.07828903198242
2025-11-05 04:00:00+00:00,42.078548431396484,42.12269973754883,41.99700164794922,42.11249923706055
2025-11-05 08:00:00+00:00,42.11259841918945,42.113868713378906,42.00699996948242,42.087398529052734
2025-11-05 12:00:00+00:00,42.105838775634766,42.105838775634766,42.007999420166016,42.09429931640625
2025-11-05 16:00:00+00:00,42.09149932861328,42.09590148925781,42.040000915527344,42.08610153198242
2025-11-05 20:00:00+00:00,42.08169174194336,42.11199951171875,41.97809982299805,42.076499938964844
2025-11-06 00:00:00+00:00,42.08810043334961,42.12950134277344,42.040000915527344,42.090999603271484
2025-11-06 04:00:00+00:00,42.084598541259766,42.12329864501953,41.92499923706055,42.114200592041016
2025-11-06 08:00:00+00:00,42.11410140991211,42.125099182128906,41.95100021362305,42.113800048828125
2025-11-06 12:00:00+00:00,42.11634826660156,42.1201286315918,41.94300079345703,42.115501403808594
2025-11-06 16:00:00+00:00,42.11539840698242,42.11899948120117,42.07099914550781,42.09798049926758
2025-11-06 20:00:00+00:00,42.10625076293945,42.19430160522461,41.96620178222656,42.1693000793457
2025-11-07 00:00:00+00:00,42.17076110839844,42.21609878540039,42.099998474121094,42.18709945678711
2025-11-07 04:00:00+00:00,42.18764114379883,42.199100494384766,42.025001525878906,42.19350051879883
2025-11-07 08:00:00+00:00,42.19580078125,42.21260070800781,42.03300094604492,42.20610046386719
2025-11-07 12:00:00+00:00,42.203800201416016,42.215309143066406,42.042999267578125,42.21329879760742
2025-11-07 16:00:00+00:00,42.21223068237305,42.21390151977539,42.16780090332031,42.19894027709961
2025-11-07 20:00:00+00:00,42.20500183105469,42.22697830200195,42.09585952758789,42.18960189819336
2025-11-10 00:00:00+00:00,42.22980880737305,42.23550033569336,42.210811614990234,42.22959899902344
2025-11-10 04:00:00+00:00,42.229698181152344,42.23419952392578,42.05500030517578,42.227630615234375
2025-11-10 08:00:00+00:00,42.17319869995117,42.23040008544922,42.06399917602539,42.064998626708984
2025-11-10 12:00:00+00:00,42.2151985168457,42.2322998046875,42.0629997253418,42.22959899902344
2025-11-10 16:00:00+00:00,42.22719955444336,42.233299255371094,42.2156982421875,42.22999954223633
2025-11-10 20:00:00+00:00,42.228118896484375,42.2489013671875,42.18009948730469,42.22309875488281
2025-11-11 00:00:00+00:00,42.224220275878906,42.23469924926758,42.20542907714844,42.22800827026367
2025-11-11 04:00:00+00:00,42.21849822998047,42.23500061035156,42.064998626708984,42.20309829711914
2025-11-11 08:00:00+00:00,42.22079849243164,42.2333984375,42.150001525878906,42.227901458740234
2025-11-11 12:00:00+00:00,42.2307014465332,42.243900299072266,42.1510009765625,42.22460174560547
2025-11-11 16:00:00+00:00,42.22629928588867,42.22779846191406,42.207401275634766,42.22010040283203
2025-11-11 20:00:00+00:00,42.21641159057617,42.30989074707031,41.824981689453125,42.230098724365234
2025-11-12 00:00:00+00:00,42.226409912109375,42.24489974975586,42.20935821533203,42.23168182373047
2025-11-12 04:00:00+00:00,42.23168182373047,42.24290084838867,42.138999938964844,42.23529815673828
2025-11-12 08:00:00+00:00,42.23936080932617,42.24399185180664,42.15999984741211,42.239498138427734
2025-11-12 12:00:00+00:00,42.21699905395508,42.24427032470703,42.15700149536133,42.237098693847656
2025-11-12 16:00:00+00:00,42.235801696777344,42.24259948730469,42.17741012573242,42.20867156982422
2025-11-12 20:00:00+00:00,42.20867156982422,42.26388931274414,41.894798278808594,42.23640060424805
2025-11-13 00:00:00+00:00,42.233970642089844,42.25019073486328,42.18484878540039,42.246131896972656
2025-11-13 04:00:00+00:00,42.24599838256836,42.25130081176758,42.154998779296875,42.24531936645508
2025-11-13 08:00:00+00:00,42.248199462890625,42.25809860229492,42.16699981689453,42.251399993896484
2025-11-13 12:00:00+00:00,42.252891540527344,42.254581451416016,42.16999816894531,42.25199890136719
2025-11-13 16:00:00+00:00,42.247169494628906,42.25320053100586,42.23939895629883,42.247798919677734
2025-11-13 20:00:00+00:00,42.244300842285156,42.31529998779297,42.10380172729492,42.260250091552734
2025-11-14 00:00:00+00:00,42.26055908203125,42.324501037597656,42.11940002441406,42.3218994140625
2025-11-14 04:00:00+00:00,42.30110168457031,42.32939910888672,42.16400146484375,42.32706832885742
2025-11-14 08:00:00+00:00,42.32712173461914,42.330848693847656,42.165000915527344,42.32809829711914
2025-11-14 12:00:00+00:00,42.32849884033203,42.339298248291016,42.165000915527344,42.32851028442383
2025-11-14 16:00:00+00:00,42.3289909362793,42.3296012878418,42.21440124511719,42.315399169921875
2025-11-14 20:00:00+00:00,42.31529998779297,42.377891540527344,41.86711120605469,42.24250030517578
2025-11-17 00:00:00+00:00,42.31026840209961,42.32674026489258,42.16859817504883,42.30931854248047
2025-11-17 04:00:00+00:00,42.309478759765625,42.33610153198242,42.152000427246094,42.33348083496094
2025-11-17 08:00:00+00:00,42.3344612121582,42.33549880981445,42.24300003051758,42.329498291015625
2025-11-17 12:00:00+00:00,42.327880859375,42.329498291015625,42.19499969482422,42.30942153930664
2025-11-17 16:00:00+00:00,42.30915832519531,42.3135986328125,42.28580093383789,42.30110168457031
2025-11-17 20:00:00+00:00,42.30189895629883,42.32389831542969,42.13766098022461,42.28310012817383
2025-11-18 00:00:00+00:00,42.30044937133789,42.3224983215332,42.279701232910156,42.29159927368164
2025-11-18 04:00:00+00:00,42.305999755859375,42.345829010009766,42.24380111694336,42.339599609375
2025-11-18 08:00:00+00:00,42.34239959716797,42.34320068359375,42.25899887084961,42.32210159301758
2025-11-18 12:00:00+00:00,42.339290618896484,42.34284973144531,42.2599983215332,42.33340072631836
2025-11-18 16:00:00+00:00,42.33501052856445,42.339439392089844,42.31520080566406,42.326499938964844
2025-11-18 20:00:00+00:00,42.32699966430664,42.35749816894531,42.22090148925781,42.3026008605957
2025-11-19 00:00:00+00:00,42.298458099365234,42.351898193359375,42.24509811401367,42.344600677490234
2025-11-19 04:00:00+00:00,42.34806823730469,42.35538101196289,42.31520080566406,42.338199615478516
2025-11-19 08:00:00+00:00,42.33829879760742,42.35451889038086,42.337799072265625,42.35245132446289
2025-11-19 12:00:00+00:00,42.35218811035156,42.35810089111328,42.275001525878906,42.35689926147461
2025-11-19 16:00:00+00:00,42.35200119018555,42.367401123046875,42.207401275634766,42.349098205566406
2025-11-19 20:00:00+00:00,42.3489990234375,42.361900329589844,42.165809631347656,42.32529830932617
2025-11-20 00:00:00+00:00,42.31100082397461,42.35609817504883,42.303001403808594,42.34590148925781
2025-11-20 04:00:00+00:00,42.34590148925781,42.370201110839844,42.275150299072266,42.28799819946289
2025-11-20 08:00:00+00:00,42.36149978637695,42.375999450683594,42.2869987487793,42.364898681640625
2025-11-20 12:00:00+00:00,42.36968994140625,42.37080001831055,42.27119827270508,42.3650016784668
2025-11-20 16:00:00+00:00,42.364898681640625,42.36980056762695,42.34920120239258,42.361900329589844
2025-11-20 20:00:00+00:00,42.35945129394531,42.4452018737793,42.2666015625,42.4385986328125
2025-11-21 00:00:00+00:00,42.440250396728516,42.44628143310547,42.412200927734375,42.43980026245117
2025-11-21 04:00:00+00:00,42.43836975097656,42.44361114501953,42.28200149536133,42.442298889160156
2025-11-21 08:00:00+00:00,42.4427604675293,42.4453010559082,42.28200149536133,42.43989944458008
2025-11-21 12:00:00+00:00,42.443851470947266,42.44485092163086,42.28099822998047,42.442298889160156
2025-11-21 16:00:00+00:00,42.440101623535156,42.44449996948242,42.38959884643555,42.42570877075195
2025-11-21 20:00:00+00:00,42.42435836791992,42.46039962768555,42.381160736083984,42.435298919677734
2025-11-24 00:00:00+00:00,42.42338180541992,42.448001861572266,42.37710189819336,42.41910171508789
2025-11-24 04:00:00+00:00,42.42890167236328,42.452701568603516,42.28300094604492,42.44779968261719
2025-11-24 08:00:00+00:00,42.44810104370117,42.44866943359375,42.35900115966797,42.362998962402344
2025-11-24 12:00:00+00:00,42.44200134277344,42.44200134277344,42.34400177001953,42.421600341796875
2025-11-24 16:00:00+00:00,42.420658111572266,42.428199768066406,42.29827880859375,42.39720153808594
2025-11-24 20:00:00+00:00,42.390419006347656,42.445499420166016,42.29079818725586,42.4275016784668
2025-11-25 00:00:00+00:00,42.43014907836914,42.44499969482422,42.400001525878906,42.42940139770508
2025-11-25 04:00:00+00:00,42.421409606933594,42.45616912841797,42.354000091552734,42.44432830810547
2025-11-25 08:00:00+00:00,42.44343185424805,42.446739196777344,42.34700012207031,42.35900115966797
2025-11-25 12:00:00+00:00,42.43906021118164,42.43939971923828,42.334999084472656,42.42190170288086
2025-11-25 16:00:00+00:00,42.422000885009766,42.42219924926758,42.268798828125,42.41400146484375
2025-11-25 20:00:00+00:00,42.41559982299805,42.46770095825195,42.24509811401367,42.439308166503906
2025-11-26 00:00:00+00:00,42.4453010559082,42.47090148925781,42.400001525878906,42.44879913330078
2025-11-26 04:00:00+00:00,42.44879913330078,42.47296905517578,42.33399963378906,42.46390151977539
2025-11-26 08:00:00+00:00,42.463680267333984,42.46799850463867,42.32400131225586,42.44602966308594
2025-11-26 12:00:00+00:00,42.44670104980469,42.46065902709961,42.32500076293945,42.442501068115234
2025-11-26 16:00:00+00:00,42.443931579589844,42.45069885253906,42.3380012512207,42.42610168457031
2025-11-26 20:00:00+00:00,42.428009033203125,42.45009994506836,42.33530044555664,42.44179916381836
2025-11-27 00:00:00+00:00,42.42634963989258,42.44779968261719,42.340999603271484,42.42829895019531
2025-11-27 04:00:00+00:00,42.44110107421875,42.45677185058594,42.33530044555664,42.43190002441406
2025-11-27 08:00:00+00:00,42.44208908081055,42.457801818847656,42.33530044555664,42.4390983581543
2025-11-27 12:00:00+00:00,42.43730163574219,42.44990158081055,42.34299850463867,42.421409606933594
2025-11-27 16:00:00+00:00,42.421409606933594,42.4379997253418,42.41299819946289,42.430198669433594
2025-11-27 20:00:00+00:00,42.42327117919922,42.49665832519531,42.3401985168457,42.486698150634766
2025-11-28 00:00:00+00:00,42.464900970458984,42.488800048828125,42.385799407958984,42.45869827270508
2025-11-28 04:00:00+00:00,42.458900451660156,42.537601470947266,42.345001220703125,42.49769973754883
2025-11-28 08:00:00+00:00,42.501548767089844,42.5123405456543,42.345001220703125,42.50400161743164
2025-11-28 12:00:00+00:00,42.503501892089844,42.50849914550781,42.31999969482422,42.480899810791016
2025-11-28 16:00:00+00:00,42.47959899902344,42.497398376464844,42.46070098876953,42.48067855834961
2025-11-28 20:00:00+00:00,42.47359848022461,42.497798919677734,42.375701904296875,42.473201751708984
2025-12-01 00:00:00+00:00,42.47420120239258,42.49810028076172,42.464088439941406,42.47560119628906
2025-12-01 04:00:00+00:00,42.47560119628906,42.52946090698242,42.41999816894531,42.511199951171875
2025-12-01 08:00:00+00:00,42.51342010498047,42.51482009887695,42.37099838256836,42.46030044555664
2025-12-01 12:00:00+00:00,42.46464157104492,42.464969635009766,42.356998443603516,42.428001403808594
2025-12-01 16:00:00+00:00,42.42890167236328,42.47999954223633,42.37186813354492,42.427268981933594
2025-12-01 20:00:00+00:00,42.42924880981445,42.489078521728516,42.27130126953125,42.43050003051758
2025-12-02 00:00:00+00:00,42.42945098876953,42.47999954223633,42.415000915527344,42.44309997558594
2025-12-02 04:00:00+00:00,42.438758850097656,42.47600173950195,42.35499954223633,42.4465217590332
2025-12-02 08:00:00+00:00,42.444488525390625,42.4465217590332,42.33000183105469,42.41709899902344
2025-12-02 12:00:00+00:00,42.42070007324219,42.45186996459961,42.332000732421875,42.44810104370117
2025-12-02 16:00:00+00:00,42.45186996459961,42.47999954223633,42.40840148925781,42.42179870605469
2025-12-02 20:00:00+00:00,42.415870666503906,42.486900329589844,42.22090148925781,42.47460174560547
2025-12-03 00:00:00+00:00,42.46120071411133,42.48040008544922,42.41999816894531,42.46440124511719
2025-12-03 04:00:00+00:00,42.470298767089844,42.480018615722656,42.35100173950195,42.44797134399414
2025-12-03 08:00:00+00:00,42.4461784362793,42.453548431396484,42.356998443603516,42.44540023803711
2025-12-03 12:00:00+00:00,42.44179916381836,42.4603385925293,42.35100173950195,42.44580078125
2025-12-03 16:00:00+00:00,42.445701599121094,42.45790100097656,42.415000915527344,42.426700592041016
2025-12-03 20:00:00+00:00,42.426700592041016,42.446998596191406,42.37160110473633,42.42898941040039
2025-12-04 00:00:00+00:00,42.42898941040039,42.494998931884766,42.41767120361328,42.45389938354492
2025-12-04 04:00:00+00:00,42.45389938354492,42.47999954223633,42.375,42.4657096862793
2025-12-04 08:00:00+00:00,42.465999603271484,42.46638870239258,42.32469940185547,42.44390106201172
2025-12-04 12:00:00+00:00,42.44575119018555,42.449100494384766,42.362998962402344,42.445499420166016
2025-12-04 16:00:00+00:00,42.44451904296875,42.49399948120117,42.337398529052734,42.4109001159668
2025-12-04 20:00:00+00:00,42.41817092895508,42.51499938964844,42.27880096435547,42.49259948730469
2025-12-05 00:00:00+00:00,42.46651077270508,42.52190017700195,42.331199645996094,42.45920181274414
2025-12-05 04:00:00+00:00,42.45930099487305,42.56489944458008,42.35599899291992,42.52470016479492
2025-12-05 08:00:00+00:00,42.519500732421875,42.52922821044922,42.33000183105469,42.5078010559082
2025-12-05 12:00:00+00:00,42.50917053222656,42.51729965209961,42.34299850463867,42.49414825439453
2025-12-05 16:00:00+00:00,42.4900016784668,42.536800384521484,42.48680114746094,42.51470184326172
2025-12-05 20:00:00+00:00,42.511329650878906,42.54650115966797,42.44300079345703,42.5192985534668
2025-12-08 00:00:00+00:00,42.532901763916016,42.57550048828125,42.51810073852539,42.550899505615234
2025-12-08 04:00:00+00:00,42.571380615234375,42.57400131225586,42.43199920654297,42.472999572753906
2025-12-08 08:00:00+00:00,42.54581832885742,42.56557083129883,42.4640007019043,42.55659866333008
2025-12-08 12:00:00+00:00,42.56011962890625,42.5819206237793,42.4119987487793,42.553199768066406
2025-12-08 16:00:00+00:00,42.5546989440918,42.56650161743164,42.518001556396484,42.558998107910156
2025-12-08 20:00:00+00:00,42.55759048461914,42.577999114990234,42.37950134277344,42.52199935913086
2025-12-09 00:00:00+00:00,42.55350112915039,42.555999755859375,42.49100112915039,42.512001037597656
2025-12-09 04:00:00+00:00,42.517478942871094,42.59098815917969,42.465999603271484,42.553001403808594
2025-12-09 08:00:00+00:00,42.57958984375,42.58660888671875,42.483001708984375,42.50699996948242
2025-12-09 12:00:00+00:00,42.580970764160156,42.59640121459961,42.483001708984375,42.587730407714844
2025-12-09 16:00:00+00:00,42.587928771972656,42.59199905395508,42.546600341796875,42.57740020751953
2025-12-09 20:00:00+00:00,42.58250045776367,42.602500915527344,42.42829895019531,42.549198150634766
2025-12-10 00:00:00+00:00,42.51810073852539,42.592899322509766,42.4724006652832,42.59040069580078
2025-12-10 04:00:00+00:00,42.590301513671875,42.60499954223633,42.4724006652832,42.57400131225586
2025-12-10 08:00:00+00:00,42.59907150268555,42.60186004638672,42.51100158691406,42.579498291015625
2025-12-10 12:00:00+00:00,42.59400177001953,42.60744094848633,42.51599884033203,42.604591369628906
2025-12-10 16:00:00+00:00,42.60456848144531,42.60820007324219,42.53120040893555,42.59149932861328
2025-12-10 20:00:00+00:00,42.58858871459961,42.6171989440918,42.50899887084961,42.60110092163086
2025-12-11 00:00:00+00:00,42.602970123291016,42.61149978637695,42.580299377441406,42.6088981628418
2025-12-11 04:00:00+00:00,42.60879898071289,42.61500930786133,42.53099822998047,42.60900115966797
2025-12-11 08:00:00+00:00,42.612911224365234,42.61885070800781,42.52470016479492,42.61370086669922
2025-12-11 12:00:00+00:00,42.61360168457031,42.61825180053711,42.53099822998047,42.601898193359375
2025-12-11 16:00:00+00:00,42.5989990234375,42.60850143432617,42.5838508605957,42.59342956542969
2025-12-11 20:00:00+00:00,42.593441009521484,42.69049835205078,42.45949935913086,42.63349914550781
2025-12-12 00:00:00+00:00,42.61157989501953,42.67879867553711,42.576900482177734,42.648399353027344
2025-12-12 04:00:00+00:00,42.64849853515625,42.69369888305664,42.52000045776367,42.69049835205078
2025-12-12 08:00:00+00:00,42.691139221191406,42.69477844238281,42.525001525878906,42.53499984741211
2025-12-12 12:00:00+00:00,42.69371032714844,42.69691848754883,42.534000396728516,42.69169998168945
2025-12-12 16:00:00+00:00,42.68960189819336,42.695098876953125,42.67599868774414,42.69340133666992
2025-12-12 20:00:00+00:00,42.69169998168945,42.69499969482422,42.6486701965332,42.69029998779297
2025-12-15 00:00:00+00:00,42.67924118041992,42.695098876953125,42.66740036010742,42.69287872314453
2025-12-15 04:00:00+00:00,42.68439865112305,42.701839447021484,42.61000061035156,42.6974983215332
2025-12-15 08:00:00+00:00,42.700660705566406,42.70370101928711,42.61199951171875,42.695499420166016
2025-12-15 12:00:00+00:00,42.696998596191406,42.70000076293945,42.61600112915039,42.69580078125
2025-12-15 16:00:00+00:00,42.692501068115234,42.70009994506836,42.67620086669922,42.690399169921875
2025-12-15 20:00:00+00:00,42.688411712646484,42.71049880981445,42.59170150756836,42.6786994934082
2025-12-16 00:00:00+00:00,42.68291091918945,42.696998596191406,42.66920852661133,42.688411712646484
2025-12-16 04:00:00+00:00,42.68790054321289,42.7140998840332,42.62099838256836,42.70930099487305
2025-12-16 08:00:00+00:00,42.711551666259766,42.714019775390625,42.619998931884766,42.712398529052734
2025-12-16 12:00:00+00:00,42.713340759277344,42.71438980102539,42.62699890136719,42.707008361816406
2025-12-16 16:00:00+00:00,42.70920181274414,42.711299896240234,42.66350173950195,42.69084930419922
2025-12-16 20:00:00+00:00,42.6904296875,42.71189880371094,42.568599700927734,42.686100006103516
2025-12-17 00:00:00+00:00,42.69839859008789,42.71049880981445,42.668521881103516,42.704490661621094
2025-12-17 04:00:00+00:00,42.67911148071289,42.723060607910156,42.63800048828125,42.6968994140625
2025-12-17 08:00:00+00:00,42.720298767089844,42.72377014160156,42.63999938964844,42.6974983215332
2025-12-17 12:00:00+00:00,42.72209167480469,42.72990036010742,42.63999938964844,42.7168083190918
2025-12-17 16:00:00+00:00,42.71656036376953,42.73400115966797,42.702999114990234,42.712501525878906
2025-12-17 20:00:00+00:00,42.71195983886719,42.733001708984375,42.47930145263672,42.719200134277344
2025-12-18 00:00:00+00:00,42.72959899902344,42.736698150634766,42.69900131225586,42.714500427246094
2025-12-18 04:00:00+00:00,42.72809982299805,42.7338981628418,42.632999420166016,42.729000091552734
2025-12-18 08:00:00+00:00,42.71900177001953,42.74509811401367,42.650001525878906,42.72999954223633
2025-12-18 12:00:00+00:00,42.71649932861328,42.73501968383789,42.65299987792969,42.72898864746094
2025-12-18 16:00:00+00:00,42.727500915527344,42.7322998046875,42.70840072631836,42.73012924194336
2025-12-18 20:00:00+00:00,42.72861099243164,42.8306999206543,42.65879821777344,42.7932014465332
2025-12-19 00:00:00+00:00,42.79563903808594,42.80500030517578,42.726898193359375,42.80289840698242
2025-12-19 04:00:00+00:00,42.8017692565918,42.809818267822266,42.650001525878906,42.80500030517578
2025-12-19 08:00:00+00:00,42.80339813232422,42.81999969482422,42.650001525878906,42.80849838256836
2025-12-19 12:00:00+00:00,42.807498931884766,42.80929946899414,42.64699935913086,42.807701110839844
2025-12-19 16:00:00+00:00,42.80820083618164,42.80939865112305,42.74869918823242,42.791988372802734
2025-12-19 20:00:00+00:00,42.791168212890625,42.80649948120117,42.704498291015625,42.742698669433594
2025-12-22 00:00:00+00:00,42.81224060058594,42.81449890136719,42.744598388671875,42.801361083984375
2025-12-22 04:00:00+00:00,42.801429748535156,42.816749572753906,42.71099853515625,42.809200286865234
2025-12-22 08:00:00+00:00,42.812801361083984,42.81386184692383,42.71900177001953,42.8036003112793
2025-12-22 12:00:00+00:00,42.808799743652344,42.817901611328125,42.72800064086914,42.81460189819336
2025-12-22 16:00:00+00:00,42.81779861450195,42.820899963378906,42.7784309387207,42.80220031738281
2025-12-22 20:00:00+00:00,42.80495071411133,42.827598571777344,42.61159896850586,42.797298431396484
2025-12-23 00:00:00+00:00,42.809810638427734,42.827999114990234,42.78879928588867,42.81449890136719
2025-12-23 04:00:00+00:00,42.81460189819336,42.82640075683594,42.73099899291992,42.81549835205078
2025-12-23 08:00:00+00:00,42.819400787353516,42.8288688659668,42.73099899291992,42.749000549316406
2025-12-23 12:00:00+00:00,42.750999450683594,42.832401275634766,42.73099899291992,42.82500076293945
2025-12-23 16:00:00+00:00,42.82619857788086,42.82820129394531,42.80915069580078,42.81840133666992
2025-12-23 20:00:00+00:00,42.81679916381836,42.85860061645508,42.68009948730469,42.83300018310547
2025-12-24 00:00:00+00:00,42.83671188354492,42.88420104980469,42.82160186767578,42.84519958496094
2025-12-24 04:00:00+00:00,42.84510040283203,42.849300384521484,42.72800064086914,42.84336853027344
2025-12-24 08:00:00+00:00,42.749000549316406,42.84973907470703,42.72800064086914,42.75
2025-12-24 12:00:00+00:00,42.84489822387695,42.85036849975586,42.72600173950195,42.84379959106445
2025-12-24 16:00:00+00:00,42.84400177001953,42.84648895263672,42.81882858276367,42.840301513671875
2025-12-24 20:00:00+00:00,42.83980178833008,42.84489822387695,42.61470031738281,42.794151306152344
2025-12-25 00:00:00+00:00,42.79410171508789,42.843379974365234,42.60020065307617,42.80889892578125
2025-12-25 04:00:00+00:00,42.80889892578125,42.8456916809082,42.65549850463867,42.82979965209961
2025-12-25 08:00:00+00:00,42.83977127075195,42.84320068359375,42.76649856567383,42.840999603271484
2025-12-25 12:00:00+00:00,42.84109878540039,42.84349822998047,42.76900100708008,42.84120178222656
2025-12-25 16:00:00+00:00,42.84120178222656,42.84130096435547,42.83300018310547,42.84080123901367
2025-12-25 20:00:00+00:00,42.84080123901367,42.866600036621094,42.67190170288086,42.822898864746094
2025-12-26 00:00:00+00:00,42.82752990722656,42.87900161743164,42.753299713134766,42.8651008605957
2025-12-26 04:00:00+00:00,42.86589813232422,42.92422866821289,42.75199890136719,42.77000045776367
2025-12-26 08:00:00+00:00,42.923431396484375,42.92470169067383,42.766998291015625,42.77000045776367
2025-12-26 12:00:00+00:00,42.92190170288086,42.925628662109375,42.76499938964844,42.90510177612305
2025-12-26 16:00:00+00:00,42.904998779296875,42.9188117980957,42.89950180053711,42.91761016845703
2025-12-26 20:00:00+00:00,42.91761016845703,42.91762924194336,42.66659927368164,42.871360778808594
2025-12-29 00:00:00+00:00,42.91482162475586,42.9427490234375,42.870201110839844,42.92390060424805
2025-12-29 04:00:00+00:00,42.92369842529297,42.93349838256836,42.849998474121094,42.93080139160156
2025-12-29 08:00:00+00:00,42.93048858642578,42.93442916870117,42.85200119018555,42.91579818725586
2025-12-29 12:00:00+00:00,42.93408966064453,42.93497085571289,42.85200119018555,42.93009948730469
2025-12-29 16:00:00+00:00,42.9297981262207,42.932701110839844,42.91360092163086,42.922218322753906
2025-12-29 20:00:00+00:00,42.92245101928711,42.949798583984375,42.84659957885742,42.9275016784668
2025-12-30 00:00:00+00:00,42.92314910888672,42.97549819946289,42.91059875488281,42.938201904296875
2025-12-30 04:00:00+00:00,42.940101623535156,42.9468994140625,42.849998474121094,42.93299865722656
2025-12-30 08:00:00+00:00,42.94200134277344,42.94586944580078,42.858001708984375,42.867000579833984
2025-12-30 12:00:00+00:00,42.93716812133789,42.944000244140625,42.86199951171875,42.93939971923828
2025-12-30 16:00:00+00:00,42.939300537109375,42.94350051879883,42.88010025024414,42.930301666259766
2025-12-30 20:00:00+00:00,42.93040084838867,42.96110153198242,42.77909851074219,42.95370101928711
2025-12-31 00:00:00+00:00,42.958290100097656,42.97209930419922,42.93000030517578,42.93149948120117
2025-12-31 04:00:00+00:00,42.93674850463867,42.9650993347168,42.83700180053711,42.957130432128906
2025-12-31 08:00:00+00:00,42.958560943603516,42.968101501464844,42.73899841308594,42.948299407958984
2025-12-31 12:00:00+00:00,42.96017074584961,43.002899169921875,42.84600067138672,42.958370208740234
2025-12-31 16:00:00+00:00,42.962398529052734,42.96440124511719,42.9005012512207,42.94580078125
2025-12-31 20:00:00+00:00,42.909671783447266,43.03308868408203,42.79180145263672,42.963741302490234
2026-01-01 00:00:00+00:00,42.963741302490234,42.963741302490234,42.963741302490234,42.963741302490234
2026-01-01 04:00:00+00:00,42.963741302490234,42.963741302490234,42.963741302490234,42.963741302490234
2026-01-01 08:00:00+00:00,42.963741302490234,42.963741302490234,42.963741302490234,42.963741302490234
2026-01-01 16:00:00+00:00,42.94620132446289,42.94620132446289,42.9005012512207,42.94620132446289
2026-01-01 20:00:00+00:00,42.94620132446289,42.987998962402344,42.77880096435547,42.935001373291016
2026-01-02 00:00:00+00:00,42.93450164794922,43.01380157470703,42.892799377441406,42.9995002746582
2026-01-02 04:00:00+00:00,42.99959945678711,43.0352897644043,42.861000061035156,43.0259895324707
2026-01-02 08:00:00+00:00,43.0265007019043,43.031978607177734,42.874000549316406,43.01169967651367
2026-01-02 12:00:00+00:00,42.89799880981445,43.038719177246094,42.8650016784668,43.02799987792969
2026-01-02 16:00:00+00:00,43.02479934692383,43.03730010986328,42.9906005859375,43.02560043334961
2026-01-02 20:00:00+00:00,43.029510498046875,43.051300048828125,42.973388671875,43.03049850463867
2026-01-05 00:00:00+00:00,43.02399826049805,43.04679870605469,43.01179885864258,43.02750015258789
2026-01-05 04:00:00+00:00,43.02629852294922,43.04584884643555,42.94900131225586,43.04399871826172
2026-01-05 08:00:00+00:00,43.042999267578125,43.045711517333984,42.96200180053711,43.00519943237305
2026-01-05 12:00:00+00:00,43.040000915527344,43.04410171508789,42.95100021362305,43.023101806640625
2026-01-05 16:00:00+00:00,43.02190017700195,43.03139877319336,42.98925018310547,42.99620056152344
2026-01-05 20:00:00+00:00,43.002830505371094,43.04750061035156,42.89229965209961,43.0177001953125
2026-01-06 00:00:00+00:00,43.0269889831543,43.05580139160156,43.010101318359375,43.03990173339844
2026-01-06 04:00:00+00:00,43.039398193359375,43.048099517822266,42.959999084472656,43.03936004638672
2026-01-06 08:00:00+00:00,43.042781829833984,43.0463981628418,42.96200180053711,43.042701721191406
2026-01-06 12:00:00+00:00,43.04199981689453,43.042999267578125,42.957000732421875,43.03443145751953
2026-01-06 16:00:00+00:00,43.03548812866211,43.03879928588867,43.00743103027344,43.013999938964844
2026-01-06 20:00:00+00:00,43.01123046875,43.05030059814453,42.93370056152344,43.02532958984375
2026-01-07 00:00:00+00:00,43.040000915527344,43.0625,43.00130081176758,43.019100189208984
2026-01-07 04:00:00+00:00,43.01020050048828,43.066898345947266,42.95199966430664,43.0526008605957
2026-01-07 08:00:00+00:00,43.053768157958984,43.05609893798828,42.94900131225586,43.03450012207031
2026-01-07 12:00:00+00:00,43.049930572509766,43.05183029174805,42.957000732421875,43.034400939941406
2026-01-07 16:00:00+00:00,43.03450012207031,43.0463981628418,43.005401611328125,43.02560043334961
2026-01-07 20:00:00+00:00,43.0255012512207,43.040000915527344,42.96160125732422,43.02119827270508
2026-01-08 00:00:00+00:00,43.02217102050781,43.05500030517578,43.00120162963867,43.02980041503906
2026-01-08 04:00:00+00:00,43.02180099487305,43.06105041503906,42.95399856567383,43.0442008972168
2026-01-08 08:00:00+00:00,43.050899505615234,43.05284881591797,42.9630012512207,43.052101135253906
2026-01-08 12:00:00+00:00,43.051979064941406,43.05308151245117,42.9630012512207,43.03282165527344
2026-01-08 16:00:00+00:00,43.03229904174805,43.045799255371094,43.01969909667969,43.035301208496094
2026-01-08 20:00:00+00:00,43.03010940551758,43.143001556396484,42.964298248291016,43.12889862060547
2026-01-09 00:00:00+00:00,43.10593032836914,43.15679931640625,43.09040069580078,43.147701263427734
2026-01-09 04:00:00+00:00,43.148101806640625,43.15409851074219,42.959999084472656,42.98899841308594
2026-01-09 08:00:00+00:00,43.09870147705078,43.14427947998047,42.959999084472656,43.12289810180664
2026-01-09 12:00:00+00:00,43.121299743652344,43.146080017089844,42.959999084472656,43.137901306152344
2026-01-09 16:00:00+00:00,42.99399948120117,43.14350128173828,42.959999084472656,43.125099182128906
2026-01-09 20:00:00+00:00,43.106048583984375,43.13840103149414,42.959999084472656,43.04050064086914
2026-01-12 00:00:00+00:00,43.13690185546875,43.13959884643555,43.093299865722656,43.13019943237305
2026-01-12 04:00:00+00:00,43.10380172729492,43.15230178833008,43.04199981689453,43.13800048828125
2026-01-12 08:00:00+00:00,43.13460159301758,43.138511657714844,43.047000885009766,43.1343994140625
2026-01-12 12:00:00+00:00,43.130130767822266,43.134498596191406,43.04600143432617,43.117069244384766
2026-01-12 16:00:00+00:00,43.106201171875,43.12379837036133,43.087398529052734,43.09149932861328
2026-01-12 20:00:00+00:00,43.0948486328125,43.14550018310547,43.03120040893555,43.12580108642578
2026-01-13 00:00:00+00:00,43.13520050048828,43.154991149902344,43.11000061035156,43.133399963378906
2026-01-13 04:00:00+00:00,43.13349914550781,43.15530014038086,43.060001373291016,43.131099700927734
2026-01-13 08:00:00+00:00,43.137969970703125,43.16653060913086,43.0620002746582,43.15850067138672
2026-01-13 12:00:00+00:00,43.163028717041016,43.165000915527344,43.071998596191406,43.15290069580078
2026-01-13 16:00:00+00:00,43.15620040893555,43.161800384521484,43.130401611328125,43.14970016479492
2026-01-13 20:00:00+00:00,43.149898529052734,43.16790008544922,43.04819869995117,43.12919998168945
2026-01-14 00:00:00+00:00,43.15250015258789,43.16490173339844,43.119300842285156,43.126800537109375
2026-01-14 04:00:00+00:00,43.134151458740234,43.17362976074219,43.06399917602539,43.16510009765625
2026-01-14 08:00:00+00:00,43.16239929199219,43.17884826660156,43.082000732421875,43.16630172729492
2026-01-14 12:00:00+00:00,43.17346954345703,43.1864013671875,43.08599853515625,43.18349838256836
2026-01-14 16:00:00+00:00,43.178199768066406,43.1879997253418,43.1515007019043,43.17250061035156
2026-01-14 20:00:00+00:00,43.17169952392578,43.19129943847656,43.07210159301758,43.15330123901367
2026-01-15 00:00:00+00:00,43.15359878540039,43.1879997253418,43.05889892578125,43.17070007324219
2026-01-15 04:00:00+00:00,43.18439865112305,43.19369888305664,43.05820083618164,43.19179916381836
2026-01-15 08:00:00+00:00,43.188880920410156,43.19820022583008,43.10900115966797,43.1870002746582
2026-01-15 12:00:00+00:00,43.18907928466797,43.201698303222656,43.106998443603516,43.19169998168945
2026-01-15 16:00:00+00:00,43.19160079956055,43.19340133666992,43.1692008972168,43.18479919433594
2026-01-15 20:00:00+00:00,43.181800842285156,43.28329849243164,43.084598541259766,43.267250061035156
2026-01-16 00:00:00+00:00,43.266990661621094,43.275001525878906,43.24470138549805,43.27050018310547
2026-01-16 04:00:00+00:00,43.270198822021484,43.27851867675781,43.08599853515625,43.27349853515625
2026-01-16 08:00:00+00:00,43.273399353027344,43.27845001220703,43.08100128173828,43.27799987792969
2026-01-16 12:00:00+00:00,43.27669906616211,43.28219985961914,43.08399963378906,43.275299072265625
2026-01-16 16:00:00+00:00,43.277000427246094,43.27899932861328,43.25809860229492,43.267459869384766
2026-01-16 20:00:00+00:00,43.27320098876953,43.27840042114258,43.21479034423828,43.27349853515625
2026-01-19 00:00:00+00:00,43.26708984375,43.27330017089844,43.23640060424805,43.257198333740234
2026-01-19 04:00:00+00:00,43.26369857788086,43.2760009765625,43.18899917602539,43.269500732421875
2026-01-19 08:00:00+00:00,43.20000076293945,43.274200439453125,43.183998107910156,43.27239990234375
2026-01-19 12:00:00+00:00,43.27320098876953,43.27592086791992,43.18899917602539,43.257850646972656
2026-01-19 16:00:00+00:00,43.257808685302734,43.264801025390625,43.235801696777344,43.25082015991211
2026-01-19 20:00:00+00:00,43.25249099731445,43.27799987792969,43.187801361083984,43.25910186767578
2026-01-20 00:00:00+00:00,43.2598991394043,43.277000427246094,43.2376594543457,43.2510986328125
2026-01-20 04:00:00+00:00,43.26129913330078,43.285621643066406,43.19499969482422,43.28520965576172
2026-01-20 08:00:00+00:00,43.268699645996094,43.287620544433594,43.20100021362305,43.27949905395508
2026-01-20 12:00:00+00:00,43.28229904174805,43.2947998046875,43.20399856567383,43.28139877319336
2026-01-20 16:00:00+00:00,43.28070068359375,43.282501220703125,43.254798889160156,43.267398834228516
2026-01-20 20:00:00+00:00,43.266990661621094,43.29079818725586,43.16279983520508,43.273338317871094
2026-01-21 00:00:00+00:00,43.273319244384766,43.38999938964844,43.25809860229492,43.26390075683594
2026-01-21 04:00:00+00:00,43.28559875488281,43.2947998046875,43.207000732421875,43.29384994506836
2026-01-21 08:00:00+00:00,43.27870178222656,43.29650115966797,43.2130012512207,43.2947998046875
2026-01-21 12:00:00+00:00,43.2947998046875,43.315799713134766,43.2130012512207,43.289798736572266
2026-01-21 16:00:00+00:00,43.29082107543945,43.295799255371094,43.269901275634766,43.285099029541016
2026-01-21 20:00:00+00:00,43.28559875488281,43.30329895019531,43.187599182128906,43.28730010986328
2026-01-22 00:00:00+00:00,43.287620544433594,43.30500030517578,43.26900100708008,43.287200927734375
2026-01-22 04:00:00+00:00,43.287200927734375,43.30820083618164,43.22200012207031,43.30540084838867
2026-01-22 08:00:00+00:00,43.304901123046875,43.30739974975586,43.20800018310547,43.215999603271484
2026-01-22 12:00:00+00:00,43.290008544921875,43.290618896484375,43.202999114990234,43.25899124145508
2026-01-22 16:00:00+00:00,43.2588996887207,43.277099609375,43.22529983520508,43.24140167236328
2026-01-22 20:00:00+00:00,43.25265884399414,43.349369049072266,43.180301666259766,43.30929946899414
2026-01-23 00:00:00+00:00,43.339900970458984,43.35540008544922,43.25,43.31610107421875
2026-01-23 04:00:00+00:00,43.339698791503906,43.37398910522461,43.20000076293945,43.363311767578125
2026-01-23 08:00:00+00:00,43.36280059814453,43.36592102050781,43.19499969482422,43.34939956665039
2026-01-23 12:00:00+00:00,43.35200119018555,43.38079833984375,43.20000076293945,43.36819839477539
2026-01-23 16:00:00+00:00,43.368099212646484,43.3828010559082,43.292999267578125,43.358699798583984
2026-01-23 20:00:00+00:00,43.358699798583984,43.38990020751953,43.29499816894531,43.37220001220703
2026-01-26 00:00:00+00:00,43.383548736572266,43.394100189208984,43.359100341796875,43.38880157470703
2026-01-26 04:00:00+00:00,43.382301330566406,43.38890075683594,43.28099822998047,43.37799835205078
2026-01-26 08:00:00+00:00,43.37810134887695,43.384849548339844,43.257999420166016,43.37179946899414
2026-01-26 12:00:00+00:00,43.3685188293457,43.384910583496094,43.2869987487793,43.36417007446289
2026-01-26 16:00:00+00:00,43.36149978637695,43.37089920043945,43.31019973754883,43.35710144042969
2026-01-26 20:00:00+00:00,43.35523986816406,43.402801513671875,43.239898681640625,43.35530090332031
2026-01-27 00:00:00+00:00,43.379051208496094,43.390499114990234,43.356201171875,43.38719940185547
2026-01-27 04:00:00+00:00,43.377418518066406,43.395599365234375,43.30500030517578,43.39080047607422
2026-01-27 08:00:00+00:00,43.39088821411133,43.41299819946289,43.31100082397461,43.38859939575195
2026-01-27 12:00:00+00:00,43.39384841918945,43.404300689697266,43.323001861572266,43.402000427246094
2026-01-27 16:00:00+00:00,43.401878356933594,43.40330123901367,43.36835861206055,43.39970016479492
2026-01-27 20:00:00+00:00,43.39799880981445,43.41844940185547,43.31449890136719,43.41469955444336
2026-01-28 00:00:00+00:00,43.4015007019043,43.41360092163086,43.38090133666992,43.4056396484375
2026-01-28 04:00:00+00:00,43.40700149536133,43.4144401550293,43.32099914550781,43.409698486328125
2026-01-28 08:00:00+00:00,43.40959930419922,43.45240020751953,43.33300018310547,43.41236114501953
2026-01-28 12:00:00+00:00,43.41270065307617,43.43130111694336,43.33399963378906,43.408599853515625
2026-01-28 16:00:00+00:00,43.40620040893555,43.41239929199219,43.33869934082031,43.39630126953125
2026-01-28 20:00:00+00:00,43.39643859863281,43.422000885009766,43.27479934692383,43.38779830932617
2026-01-29 00:00:00+00:00,43.393768310546875,43.422298431396484,43.3827018737793,43.410709381103516
2026-01-29 04:00:00+00:00,43.410709381103516,43.42422103881836,43.33300018310547,43.3489990234375
2026-01-29 08:00:00+00:00,43.419578552246094,43.42517852783203,43.340999603271484,43.42070007324219
2026-01-29 12:00:00+00:00,43.423828125,43.42649841308594,43.34400177001953,43.4197998046875
2026-01-29 16:00:00+00:00,43.42243957519531,43.424198150634766,43.289798736572266,43.36820983886719
2026-01-29 20:00:00+00:00,43.37385940551758,43.483001708984375,43.3213996887207,43.43439865112305
2026-01-30 00:00:00+00:00,43.43391036987305,43.46620178222656,43.37969970703125,43.44260025024414
2026-01-30 04:00:00+00:00,43.442298889160156,43.499000549316406,43.34000015258789,43.49803161621094
2026-01-30 08:00:00+00:00,43.49782943725586,43.5099983215332,43.3390007019043,43.496700286865234
2026-01-30 12:00:00+00:00,43.497398376464844,43.516300201416016,43.3390007019043,43.49679946899414
2026-02-02 16:00:00+00:00,43.4557991027832,43.46900177001953,43.4547004699707,43.46540069580078
2026-02-02 20:00:00+00:00,43.458919525146484,43.49250030517578,43.338600158691406,43.45100021362305
2026-02-03 00:00:00+00:00,43.451988220214844,43.47949981689453,43.42179870605469,43.442501068115234
2026-02-03 04:00:00+00:00,43.44169998168945,43.50120162963867,43.38199996948242,43.48820114135742
2026-02-03 08:00:00+00:00,43.49148941040039,43.49729919433594,43.409000396728516,43.492698669433594
2026-02-03 12:00:00+00:00,43.496238708496094,43.49789810180664,43.409000396728516,43.47930145263672
2026-02-03 16:00:00+00:00,43.48080062866211,43.49169921875,43.423099517822266,43.47420120239258
2026-02-03 20:00:00+00:00,43.47328186035156,43.497798919677734,43.35100173950195,43.471500396728516
2026-02-04 00:00:00+00:00,43.48970031738281,43.49991989135742,43.46480178833008,43.474998474121094
2026-02-04 04:00:00+00:00,43.474998474121094,43.51198959350586,43.42599868774414,43.51029968261719
2026-02-04 08:00:00+00:00,43.50904083251953,43.511199951171875,43.415000915527344,43.42399978637695
2026-02-04 12:00:00+00:00,43.49800109863281,43.512298583984375,43.42399978637695,43.506919860839844
2026-02-04 16:00:00+00:00,43.50870132446289,43.5275993347168,43.48540115356445,43.524200439453125
2026-02-04 20:00:00+00:00,43.52239990234375,43.53010177612305,43.298500061035156,43.508399963378906
2026-02-05 00:00:00+00:00,43.5159912109375,43.527801513671875,43.49420166015625,43.505001068115234
2026-02-05 04:00:00+00:00,43.51877975463867,43.537200927734375,43.45100021362305,43.53350067138672
2026-02-05 08:00:00+00:00,43.52880096435547,43.53960037231445,43.45399856567383,43.537601470947266
2026-02-05 12:00:00+00:00,43.53493118286133,43.54610061645508,43.41490173339844,43.53499984741211
2026-02-05 16:00:00+00:00,43.5349006652832,43.53919982910156,43.51789855957031,43.532711029052734
2026-02-05 20:00:00+00:00,43.53252029418945,43.61410140991211,43.41109848022461,43.58440017700195
2026-02-06 00:00:00+00:00,43.60776901245117,43.62099075317383,43.582401275634766,43.610599517822266
2026-02-06 04:00:00+00:00,43.61111068725586,43.61471939086914,43.44200134277344,43.61016845703125
2026-02-06 08:00:00+00:00,43.61240005493164,43.61479949951172,43.4379997253418,43.61000061035156
2026-02-06 12:00:00+00:00,43.61048889160156,43.614688873291016,43.45199966430664,43.61091995239258
2026-02-06 16:00:00+00:00,43.60710144042969,43.613399505615234,43.53969955444336,43.596500396728516
2026-02-06 20:00:00+00:00,43.59640121459961,43.62519836425781,43.44020080566406,43.605499267578125
2026-02-09 00:00:00+00:00,43.537899017333984,43.67449951171875,43.17580032348633,43.6072998046875
2026-02-09 04:00:00+00:00,43.6072998046875,43.619598388671875,43.477500915527344,43.600101470947266
2026-02-09 08:00:00+00:00,43.599151611328125,43.60070037841797,43.50699996948242,43.58769989013672
2026-02-09 12:00:00+00:00,43.59120178222656,43.597198486328125,43.50199890136719,43.59400177001953
2026-02-09 16:00:00+00:00,43.589298248291016,43.59709930419922,43.56909942626953,43.585201263427734
2026-02-09 20:00:00+00:00,43.580169677734375,43.615501403808594,43.424598693847656,43.57320022583008
2026-02-10 00:00:00+00:00,43.551700592041016,43.61040115356445,43.49580001831055,43.586700439453125
2026-02-10 04:00:00+00:00,43.58760070800781,43.619998931884766,43.499000549316406,43.61180114746094
2026-02-10 08:00:00+00:00,43.61750030517578,43.63290023803711,43.53900146484375,43.62889862060547
2026-02-10 12:00:00+00:00,43.62820053100586,43.63690185546875,43.551998138427734,43.63079833984375
2026-02-10 16:00:00+00:00,43.63079833984375,43.6327018737793,43.60960006713867,43.62260055541992
2026-02-10 20:00:00+00:00,43.618019104003906,43.640499114990234,43.5077018737793,43.59920120239258
2026-02-11 00:00:00+00:00,43.61027908325195,43.635501861572266,43.597999572753906,43.62379837036133
2026-02-11 04:00:00+00:00,43.625301361083984,43.64297103881836,43.55500030517578,43.642269134521484
2026-02-11 08:00:00+00:00,43.56399917602539,43.64400100708008,43.5629997253418,43.63880157470703
2026-02-11 12:00:00+00:00,43.63943099975586,43.65079879760742,43.5620002746582,43.62950134277344
2026-02-11 16:00:00+00:00,43.61840057373047,43.640201568603516,43.61029815673828,43.62860107421875
2026-02-11 20:00:00+00:00,43.62879943847656,43.63890075683594,43.54999923706055,43.6239013671875
2026-02-12 00:00:00+00:00,43.62017059326172,43.643001556396484,43.60089874267578,43.618099212646484
2026-02-12 04:00:00+00:00,43.63949966430664,43.65018844604492,43.54899978637695,43.64720153808594
2026-02-12 08:00:00+00:00,43.647239685058594,43.67620086669922,43.534000396728516,43.648799896240234
2026-02-12 12:00:00+00:00,43.64870071411133,43.66230010986328,43.56800079345703,43.63639831542969
2026-02-12 16:00:00+00:00,43.636199951171875,43.65053176879883,43.625301361083984,43.6411018371582
2026-02-12 20:00:00+00:00,43.6416015625,43.73139953613281,43.46549987792969,43.72819900512695
2026-02-13 00:00:00+00:00,43.718589782714844,43.73860168457031,43.63999938964844,43.73609924316406
2026-02-13 04:00:00+00:00,43.73421859741211,43.73957061767578,43.54899978637695,43.560001373291016
2026-02-13 08:00:00+00:00,43.737430572509766,43.73979949951172,43.547000885009766,43.73500061035156
2026-02-13 12:00:00+00:00,43.73749923706055,43.73970031738281,43.560001373291016,43.73466110229492
2026-02-13 16:00:00+00:00,43.73249816894531,43.738651275634766,43.68920135498047,43.72420120239258
2026-02-13 20:00:00+00:00,43.7239990234375,43.73638916015625,43.59852981567383,43.67060089111328
2026-02-16 00:00:00+00:00,43.690521240234375,43.7150993347168,43.61880111694336,43.7135009765625
2026-02-16 04:00:00+00:00,43.7067985534668,43.729400634765625,43.625,43.717098236083984
2026-02-16 08:00:00+00:00,43.717201232910156,43.71894073486328,43.62200164794922,43.70309829711914
2026-02-16 12:00:00+00:00,43.702091217041016,43.71009826660156,43.62699890136719,43.707801818847656
2026-02-16 16:00:00+00:00,43.70790100097656,43.70909881591797,43.683799743652344,43.69546127319336
2026-02-16 20:00:00+00:00,43.6939697265625,43.722900390625,43.576499938964844,43.71009826660156
2026-02-17 00:00:00+00:00,43.69466018676758,43.72549819946289,43.67470169067383,43.70909881591797
2026-02-17 04:00:00+00:00,43.71446990966797,43.733829498291016,43.63999938964844,43.66899871826172
2026-02-17 08:00:00+00:00,43.73249816894531,43.733299255371094,43.64899826049805,43.6609992980957
2026-02-17 12:00:00+00:00,43.720401763916016,43.72880172729492,43.63999938964844,43.72480010986328
2026-02-17 16:00:00+00:00,43.72809982299805,43.72829818725586,43.70029830932617,43.725799560546875
2026-02-17 20:00:00+00:00,43.72220993041992,43.751800537109375,43.61790084838867,43.73460006713867
2026-02-18 00:00:00+00:00,43.71990966796875,43.744598388671875,43.70399856567383,43.73789978027344
2026-02-18 04:00:00+00:00,43.7333984375,43.75749969482422,43.66400146484375,43.756099700927734
2026-02-18 08:00:00+00:00,43.753299713134766,43.75736999511719,43.66899871826172,43.74980163574219
2026-02-18 12:00:00+00:00,43.752498626708984,43.75960159301758,43.676998138427734,43.75379943847656
2026-02-18 16:00:00+00:00,43.753700256347656,43.7599983215332,43.739898681640625,43.742000579833984
2026-02-18 20:00:00+00:00,43.742000579833984,43.777198791503906,43.688201904296875,43.76409912109375
2026-02-19 00:00:00+00:00,43.75331115722656,43.76972961425781,43.73609924316406,43.753849029541016
2026-02-19 04:00:00+00:00,43.75450134277344,43.76900100708008,43.68899917602539,43.76179885864258
2026-02-19 08:00:00+00:00,43.768009185791016,43.77109909057617,43.689998626708984,43.76089859008789
2026-02-19 12:00:00+00:00,43.76530075073242,43.78129959106445,43.68899917602539,43.75920104980469
2026-02-19 16:00:00+00:00,43.762699127197266,43.762901306152344,43.726619720458984,43.75239944458008
2026-02-19 20:00:00+00:00,43.75230026245117,43.84550094604492,43.68510055541992,43.8390007019043
2026-02-20 00:00:00+00:00,43.83140182495117,43.84394073486328,43.75,43.8390007019043
2026-02-20 04:00:00+00:00,43.8380012512207,43.84407043457031,43.69200134277344,43.832698822021484
2026-02-20 08:00:00+00:00,43.832698822021484,43.84469985961914,43.680999755859375,43.84212112426758
2026-02-20 12:00:00+00:00,43.84120178222656,43.84648895263672,43.69300079345703,43.83919906616211
2026-02-20 16:00:00+00:00,43.8390998840332,43.84239959716797,43.75,43.814300537109375
2026-02-20 20:00:00+00:00,43.814998626708984,43.837989807128906,43.72010040283203,43.823001861572266
2026-02-23 00:00:00+00:00,43.82154083251953,43.83470153808594,43.80070114135742,43.81800079345703
2026-02-23 04:00:00+00:00,43.81800079345703,43.8385009765625,43.74409866333008,43.827999114990234
2026-02-23 08:00:00+00:00,43.82630157470703,43.83729934692383,43.73500061035156,43.83319854736328
2026-02-23 12:00:00+00:00,43.83401107788086,43.84429931640625,43.7515983581543,43.83539962768555
2026-02-23 16:00:00+00:00,43.83699035644531,43.846099853515625,43.78099822998047,43.8302001953125
2026-02-23 20:00:00+00:00,43.82899856567383,43.85049819946289,43.708099365234375,43.83580017089844
2026-02-24 00:00:00+00:00,43.83586120605469,43.85369873046875,43.76499938964844,43.8390998840332
2026-02-24 04:00:00+00:00,43.84429931640625,43.85700988769531,43.76570129394531,43.85396957397461
2026-02-24 08:00:00+00:00,43.85612106323242,43.86069869995117,43.770999908447266,43.77899932861328
2026-02-24 12:00:00+00:00,43.852970123291016,43.85850143432617,43.72249984741211,43.85409927368164
2026-02-24 16:00:00+00:00,43.850799560546875,43.85609817504883,43.824100494384766,43.83562088012695
2026-02-24 20:00:00+00:00,43.83699035644531,43.855098724365234,43.717201232910156,43.834999084472656
2026-02-25 00:00:00+00:00,43.83591842651367,43.859100341796875,43.82160186767578,43.83300018310547
2026-02-25 04:00:00+00:00,43.833099365234375,43.86960983276367,43.770999908447266,43.8651008605957
2026-02-25 08:00:00+00:00,43.84109878540039,43.874298095703125,43.78139877319336,43.864601135253906
2026-02-25 12:00:00+00:00,43.86825180053711,43.87260055541992,43.78379821777344,43.8568000793457
2026-02-25 16:00:00+00:00,43.85356903076172,43.8714714050293,43.80630111694336,43.851600646972656
2026-02-25 20:00:00+00:00,43.808998107910156,43.86869812011719,43.705101013183594,43.85380172729492
2026-02-26 00:00:00+00:00,43.84016036987305,43.876800537109375,43.78099822998047,43.86859893798828
2026-02-26 04:00:00+00:00,43.869300842285156,43.883480072021484,43.7869987487793,43.80799865722656
2026-02-26 08:00:00+00:00,43.88111114501953,43.88291931152344,43.7947998046875,43.87881088256836
2026-02-26 12:00:00+00:00,43.88011932373047,43.8843994140625,43.79719924926758,43.8827018737793
2026-02-26 16:00:00+00:00,43.882999420166016,43.8849983215332,43.8380012512207,43.87910079956055
2026-02-26 20:00:00+00:00,43.88100051879883,43.970619201660156,43.69390106201172,43.95539855957031
2026-02-27 00:00:00+00:00,43.94681930541992,43.96080017089844,43.929019927978516,43.94150161743164
2026-02-27 04:00:00+00:00,43.94956970214844,43.95909881591797,43.80099868774414,43.95790100097656
2026-02-27 08:00:00+00:00,43.957969665527344,44.00040054321289,43.791099548339844,43.95800018310547
2026-02-27 12:00:00+00:00,43.95589828491211,43.979400634765625,43.793800354003906,43.9482307434082
2026-02-27 16:00:00+00:00,43.948760986328125,43.958648681640625,43.89120101928711,43.931480407714844
2026-02-27 20:00:00+00:00,43.93313980102539,43.95798873901367,43.7682991027832,43.9203987121582
2026-03-02 00:00:00+00:00,43.96656036376953,43.97066879272461,43.84619903564453,43.95970153808594
2026-03-02 04:00:00+00:00,43.96049880981445,43.98780059814453,43.87910079956055,43.967098236083984
2026-03-02 08:00:00+00:00,43.964500427246094,43.96929931640625,43.859500885009766,43.880001068115234
2026-03-02 12:00:00+00:00,43.95840835571289,43.9651985168457,43.83150100708008,43.937400817871094
2026-03-02 16:00:00+00:00,43.936988830566406,43.964500427246094,43.900001525878906,43.930999755859375
2026-03-02 20:00:00+00:00,43.94219970703125,43.97800064086914,43.855098724365234,43.95399856567383
2026-03-03 00:00:00+00:00,43.95069885253906,43.979000091552734,43.938201904296875,43.96590042114258
2026-03-03 04:00:00+00:00,43.96620178222656,43.97079849243164,43.87070083618164,43.95830154418945
2026-03-03 08:00:00+00:00,43.95846176147461,43.98899841308594,43.87049865722656,43.977901458740234
2026-03-03 12:00:00+00:00,43.9759407043457,43.979698181152344,43.88890075683594,43.97549819946289
2026-03-03 16:00:00+00:00,43.97840118408203,43.97990036010742,43.799198150634766,43.948001861572266
2026-03-03 20:00:00+00:00,43.946998596191406,43.98830032348633,43.759620666503906,43.95109939575195
2026-03-04 00:00:00+00:00,43.93906021118164,43.98440170288086,43.80149841308594,43.980499267578125
2026-03-04 04:00:00+00:00,43.982398986816406,43.98939895629883,43.86399841308594,43.98059844970703
2026-03-04 08:00:00+00:00,43.9718017578125,43.98550033569336,43.8672981262207,43.88800048828125
2026-03-04 12:00:00+00:00,43.96247863769531,43.987300872802734,43.882999420166016,43.96617889404297
2026-03-04 16:00:00+00:00,43.96139907836914,43.96780014038086,43.93410110473633,43.957401275634766
2026-03-04 20:00:00+00:00,43.95750045776367,43.99150085449219,43.85810089111328,43.974098205566406
2026-03-05 00:00:00+00:00,43.94874954223633,43.99140167236328,43.946800231933594,43.986000061035156
2026-03-05 04:00:00+00:00,43.98759841918945,43.99259948730469,43.88600158691406,43.98640060424805
2026-03-05 08:00:00+00:00,43.98638916015625,43.99898910522461,43.904998779296875,43.9807014465332
2026-03-05 12:00:00+00:00,43.9900016784668,44.006500244140625,43.902000427246094,43.99729919433594
2026-03-05 16:00:00+00:00,43.99732971191406,43.999969482421875,43.95000076293945,43.983699798583984
2026-03-05 20:00:00+00:00,43.98360061645508,44.07320022583008,43.795799255371094,43.95880126953125
2026-03-06 00:00:00+00:00,44.00334930419922,44.07352828979492,43.9453010559082,44.06740188598633
2026-03-06 04:00:00+00:00,44.0620002746582,44.074378967285156,43.907501220703125,44.07149887084961
2026-03-06 08:00:00+00:00,44.07310104370117,44.0760612487793,43.907501220703125,44.0614013671875
2026-03-06 12:00:00+00:00,44.072731018066406,44.07844161987305,43.907501220703125,44.070491790771484
2026-03-06 16:00:00+00:00,44.070098876953125,44.07789993286133,43.9900016784668,44.066898345947266
2026-03-06 20:00:00+00:00,44.0640983581543,44.078269958496094,43.9900016784668,44.04869842529297
2026-03-09 00:00:00+00:00,44.075069427490234,44.088279724121094,43.96609878540039,44.075950622558594
2026-03-09 04:00:00+00:00,44.0713005065918,44.08449172973633,43.994998931884766,44.0836296081543
2026-03-09 08:00:00+00:00,44.08393859863281,44.08443832397461,43.98860168457031,44.081199645996094
2026-03-09 12:00:00+00:00,44.08325958251953,44.084739685058594,43.989498138427734,44.06269836425781
2026-03-09 16:00:00+00:00,44.063201904296875,44.071990966796875,43.959999084472656,44.03810119628906
2026-03-09 20:00:00+00:00,44.04359817504883,44.09049987792969,43.74679946899414,44.07789993286133
2026-03-10 00:00:00+00:00,44.07135009765625,44.08530044555664,44.03609848022461,44.05609893798828
2026-03-10 04:00:00+00:00,44.055999755859375,44.084999084472656,43.94599914550781,44.05139923095703
2026-03-10 08:00:00+00:00,44.05064010620117,44.05604934692383,43.95899963378906,44.047298431396484
2026-03-10 12:00:00+00:00,44.04710006713867,44.05464172363281,43.95199966430664,44.03226089477539
2026-03-10 16:00:00+00:00,44.03459930419922,44.07448959350586,43.999298095703125,44.063499450683594
2026-03-10 20:00:00+00:00,44.06039810180664,44.09400177001953,43.94820022583008,44.089500427246094
2026-03-11 00:00:00+00:00,44.08890151977539,44.09450149536133,44.03889083862305,44.079689025878906
2026-03-11 04:00:00+00:00,44.0797004699707,44.084720611572266,44.049800872802734,44.084041595458984
2026-03-11 08:00:00+00:00,44.08409881591797,44.09275817871094,44.064998626708984,44.08620071411133
2026-03-11 12:00:00+00:00,44.083499908447266,44.09682083129883,43.99599838256836,44.08420181274414
2026-03-11 16:00:00+00:00,44.08327865600586,44.09749984741211,44.04180145263672,44.06515884399414
2026-03-11 20:00:00+00:00,44.06513977050781,44.105499267578125,43.96049880981445,44.09859848022461
2026-03-12 00:00:00+00:00,44.078800201416016,44.114200592041016,44.07477951049805,44.10319900512695
2026-03-12 04:00:00+00:00,44.099300384521484,44.117401123046875,43.98400115966797,44.109901428222656
2026-03-12 08:00:00+00:00,44.11349868774414,44.12810134887695,44.0166015625,44.110809326171875
2026-03-12 12:00:00+00:00,44.11415100097656,44.1875,44.02000045776367,44.1078987121582
2026-03-12 16:00:00+00:00,44.1078987121582,44.20050048828125,44.09000015258789,44.10940170288086
2026-03-12 20:00:00+00:00,44.106998443603516,44.197879791259766,43.96110153198242,44.185298919677734
2026-03-13 00:00:00+00:00,44.1774787902832,44.1974983215332,44.163841247558594,44.188201904296875
2026-03-13 04:00:00+00:00,44.188201904296875,44.21689987182617,44.02000045776367,44.1879997253418
2026-03-13 08:00:00+00:00,44.188899993896484,44.189701080322266,44.02000045776367,44.18840026855469
2026-03-13 12:00:00+00:00,44.18886184692383,44.19868850708008,44.09299850463867,44.18960189819336
2026-03-13 16:00:00+00:00,44.18727111816406,44.217498779296875,44.11600112915039,44.186100006103516
2026-03-13 20:00:00+00:00,44.18600082397461,44.21969985961914,44.131500244140625,44.15800094604492
2026-03-16 00:00:00+00:00,44.17871856689453,44.19990158081055,44.08729934692383,44.19369888305664
2026-03-16 04:00:00+00:00,44.1856803894043,44.19490051269531,44.08290100097656,44.183101654052734
2026-03-16 08:00:00+00:00,44.18682098388672,44.19430160522461,44.09239959716797,44.17789840698242
2026-03-16 12:00:00+00:00,44.180599212646484,44.187068939208984,44.073001861572266,44.15760040283203
2026-03-16 16:00:00+00:00,44.15829849243164,44.174800872802734,44.1150016784668,44.158599853515625
2026-03-16 20:00:00+00:00,44.15909957885742,44.20249938964844,44.00749969482422,44.17599868774414
2026-03-17 00:00:00+00:00,44.1769905090332,44.19200134277344,44.10200119018555,44.177101135253906
2026-03-17 04:00:00+00:00,44.183998107910156,44.20479965209961,44.09960174560547,44.202999114990234
2026-03-17 08:00:00+00:00,44.2046012878418,44.20819854736328,44.1068000793457,44.20479965209961
2026-03-17 12:00:00+00:00,44.2050895690918,44.20920181274414,44.1150016784668,44.1952018737793
2026-03-17 16:00:00+00:00,44.19499969482422,44.208099365234375,44.16109848022461,44.17620086669922
2026-03-17 20:00:00+00:00,44.177490234375,44.221099853515625,44.07379913330078,44.21549987792969
2026-03-18 00:00:00+00:00,44.2044792175293,44.217201232910156,44.159000396728516,44.20370101928711
2026-03-18 04:00:00+00:00,44.19879913330078,44.21839904785156,44.119998931884766,44.21609878540039
2026-03-18 08:00:00+00:00,44.21149826049805,44.218299865722656,44.119598388671875,44.138999938964844
2026-03-18 12:00:00+00:00,44.21799850463867,44.22169876098633,44.13010025024414,44.21500015258789
2026-03-18 16:00:00+00:00,44.20790100097656,44.21915817260742,44.14799880981445,44.176998138427734
2026-03-18 20:00:00+00:00,44.19499969482422,44.34389877319336,44.074798583984375,44.31480026245117
2026-03-19 00:00:00+00:00,44.30503845214844,44.32509994506836,44.280399322509766,44.312110900878906
2026-03-19 04:00:00+00:00,44.2943000793457,44.32619857788086,44.220001220703125,44.31290054321289
2026-03-19 08:00:00+00:00,44.31549835205078,44.321468353271484,44.124000549316406,44.31560134887695
2026-03-19 12:00:00+00:00,44.31420135498047,44.32176971435547,44.20000076293945,44.3140983581543
2026-03-19 16:00:00+00:00,44.31639862060547,44.331600189208984,44.141998291015625,44.24250030517578
2026-03-19 20:00:00+00:00,44.24745178222656,44.30780029296875,44.18830108642578,44.291900634765625
2026-03-20 00:00:00+00:00,44.29315948486328,44.30780029296875,44.27000045776367,44.303199768066406
2026-03-20 04:00:00+00:00,44.30329895019531,44.30998992919922,44.13800048828125,44.281700134277344
2026-03-20 08:00:00+00:00,44.28744125366211,44.3025016784668,44.10599899291992,44.292701721191406
2026-03-20 12:00:00+00:00,44.29280090332031,44.31829833984375,44.23809814453125,44.29759979248047
2026-03-20 16:00:00+00:00,44.29759979248047,44.3129997253418,44.26300048828125,44.2953987121582
2026-03-20 20:00:00+00:00,44.29716873168945,44.317989349365234,44.2552490234375,44.2942008972168
2026-03-23 00:00:00+00:00,44.29029083251953,44.31990051269531,44.284400939941406,44.31650161743164
2026-03-23 04:00:00+00:00,44.31660079956055,44.3296012878418,44.21900177001953,44.328758239746094
2026-03-23 08:00:00+00:00,44.327999114990234,44.358299255371094,44.215599060058594,44.3135986328125
2026-03-23 12:00:00+00:00,44.314151763916016,44.34450149536133,44.221900939941406,44.30870056152344
2026-03-23 16:00:00+00:00,44.30427932739258,44.31930160522461,44.28929901123047,44.30459976196289
2026-03-23 20:00:00+00:00,44.29866027832031,44.34550094604492,44.18980026245117,44.33789825439453
2026-03-24 00:00:00+00:00,44.33430862426758,44.344600677490234,44.31623840332031,44.33407974243164
2026-03-24 04:00:00+00:00,44.339698791503906,44.3755989074707,44.25379943847656,44.342899322509766
2026-03-24 08:00:00+00:00,44.345890045166016,44.359901428222656,44.25920104980469,44.268001556396484
2026-03-24 12:00:00+00:00,44.34278106689453,44.34843063354492,44.25920104980469,44.34239959716797
2026-03-24 16:00:00+00:00,44.339900970458984,44.34579849243164,44.3286018371582,44.339298248291016
2026-03-24 20:00:00+00:00,44.33898162841797,44.35530090332031,44.2052001953125,44.32320022583008
2026-03-25 00:00:00+00:00,44.328880310058594,44.35860061645508,44.30889892578125,44.336700439453125
2026-03-25 04:00:00+00:00,44.33464813232422,44.36830139160156,44.163700103759766,44.28499984741211
2026-03-25 08:00:00+00:00,44.35089111328125,44.410499572753906,44.26129913330078,44.35089874267578
2026-03-25 12:00:00+00:00,44.350799560546875,44.35776901245117,44.26750183105469,44.339500427246094
2026-03-25 16:00:00+00:00,44.3557014465332,44.36439895629883,44.32400131225586,44.33734130859375
2026-03-25 20:00:00+00:00,44.33734130859375,44.356998443603516,44.18330001831055,44.354698181152344
2026-03-26 00:00:00+00:00,44.34714126586914,44.36669921875,44.33115005493164,44.364498138427734
2026-03-26 04:00:00+00:00,44.361900329589844,44.367801666259766,44.27790069580078,44.36539840698242
2026-03-26 08:00:00+00:00,44.2869987487793,44.36709976196289,44.24399948120117,44.359500885009766
2026-03-26 12:00:00+00:00,44.364288330078125,44.36656951904297,44.27199935913086,44.35329818725586
2026-03-26 16:00:00+00:00,44.35340118408203,44.36069869995117,44.31399917602539,44.345298767089844
2026-03-26 20:00:00+00:00,44.34257125854492,44.464298248291016,44.19279861450195,44.45220184326172
2026-03-27 00:00:00+00:00,44.45248031616211,44.4656982421875,44.43008041381836,44.453399658203125
2026-03-27 04:00:00+00:00,44.44858932495117,44.47209930419922,44.292999267578125,44.4552001953125
2026-03-27 08:00:00+00:00,44.45698928833008,44.46044158935547,44.280601501464844,44.457801818847656
2026-03-27 12:00:00+00:00,44.45500183105469,44.46329879760742,44.280601501464844,44.45500183105469
2026-03-27 16:00:00+00:00,44.45840072631836,44.45930099487305,44.349998474121094,44.44839859008789
2026-03-27 20:00:00+00:00,44.44900131225586,44.46308135986328,44.401771545410156,44.43299865722656
2026-03-30 00:00:00+01:00,44.41469955444336,44.46540069580078,44.307098388671875,44.46099853515625
2026-03-30 04:00:00+01:00,44.46189880371094,44.46670150756836,44.32600021362305,44.462989807128906
2026-03-30 08:00:00+01:00,44.463741302490234,44.485599517822266,44.375999450683594,44.442901611328125
2026-03-30 12:00:00+01:00,44.468658447265625,44.4698486328125,44.379600524902344,44.467769622802734
2026-03-30 16:00:00+01:00,44.46879959106445,44.46957015991211,44.42539978027344,44.44620132446289
2026-03-30 20:00:00+01:00,44.44779968261719,44.4734001159668,44.23107147216797,44.46260070800781
2026-03-31 00:00:00+01:00,44.46479034423828,44.47809982299805,44.44676971435547,44.470401763916016
2026-03-31 04:00:00+01:00,44.470298767089844,44.478599548339844,44.381500244140625,44.47626876831055
2026-03-31 08:00:00+01:00,44.47626876831055,44.479610443115234,44.38639831542969,44.47489929199219
2026-03-31 12:00:00+01:00,44.474998474121094,44.47977828979492,44.396400451660156,44.47919845581055
2026-03-31 16:00:00+01:00,44.47916030883789,44.479400634765625,44.309898376464844,44.439701080322266
2026-03-31 20:00:00+01:00,44.43980026245117,44.47916030883789,44.21620178222656,44.45880126953125
2026-04-01 00:00:00+01:00,44.45759963989258,44.492000579833984,44.32699966430664,44.48550033569336
2026-04-01 04:00:00+01:00,44.47896957397461,44.48820877075195,44.37799835205078,44.47087860107422
2026-04-01 08:00:00+01:00,44.46839904785156,44.4829216003418,44.37080001831055,44.47650146484375
2026-04-01 12:00:00+01:00,44.47985076904297,44.480899810791016,44.37860107421875,44.4744987487793
2026-04-01 16:00:00+01:00,44.47761154174805,44.488399505615234,44.46614074707031,44.4744987487793
2026-04-01 20:00:00+01:00,44.474700927734375,44.49480056762695,44.30009841918945,44.46818161010742
2026-04-02 00:00:00+01:00,44.481990814208984,44.49700164794922,44.43899917602539,44.491451263427734
2026-04-02 04:00:00+01:00,44.49198913574219,44.49951171875,44.40599822998047,44.49837875366211
2026-04-02 08:00:00+01:00,44.49528884887695,44.49980163574219,44.4098014831543,44.472198486328125
2026-04-02 12:00:00+01:00,44.4833984375,44.49869918823242,44.401798248291016,44.48500061035156
2026-04-02 16:00:00+01:00,44.486419677734375,44.494300842285156,44.448001861572266,44.48109817504883
2026-04-02 20:00:00+01:00,44.47270965576172,44.58565139770508,44.43170928955078,44.524818420410156
2026-04-03 00:00:00+01:00,44.524879455566406,44.57699966430664,44.383201599121094,44.549800872802734
2026-04-03 04:00:00+01:00,44.549198150634766,44.59130096435547,44.41460037231445,44.58707046508789
2026-04-03 08:00:00+01:00,44.58707046508789,44.5920295715332,44.42300033569336,44.59120178222656
2026-04-03 12:00:00+01:00,44.5897216796875,44.59212875366211,44.424400329589844,44.586299896240234
2026-04-03 16:00:00+01:00,44.58884811401367,44.59170150756836,44.42300033569336,44.56169891357422
2026-04-03 20:00:00+01:00,44.55794906616211,44.59809875488281,44.45349884033203,44.582401275634766
2026-04-06 00:00:00+01:00,44.5554084777832,44.599300384521484,44.53350067138672,44.59629821777344
2026-04-06 04:00:00+01:00,44.59809875488281,44.59960174560547,44.500999450683594,44.593299865722656
2026-04-06 08:00:00+01:00,44.5925407409668,44.5974006652832,44.33829879760742,44.58829879760742
2026-04-06 12:00:00+01:00,44.588199615478516,44.593719482421875,44.50040054321289,44.583099365234375
2026-04-06 16:00:00+01:00,44.58509826660156,44.586700439453125,44.54600143432617,44.57590103149414
2026-04-06 20:00:00+01:00,44.57299041748047,44.5968017578125,44.42169952392578,44.570499420166016
2026-04-07 00:00:00+01:00,44.58720016479492,44.60820007324219,44.48630142211914,44.6078987121582
2026-04-07 04:00:00+01:00,44.60810089111328,44.626399993896484,44.512001037597656,44.60163116455078
2026-04-07 08:00:00+01:00,44.6037483215332,44.61098861694336,44.51240158081055,44.61069869995117
2026-04-07 12:00:00+01:00,44.527000427246094,44.61220169067383,44.515499114990234,44.6072998046875
2026-04-07 16:00:00+01:00,44.609718322753906,44.61140060424805,44.59339904785156,44.6088981628418
2026-04-07 20:00:00+01:00,44.60879898071289,44.609718322753906,44.39039993286133,44.51639938354492
2026-04-08 00:00:00+01:00,44.51340103149414,44.598899841308594,44.32740020751953,44.53609848022461
2026-04-08 04:00:00+01:00,44.53609848022461,44.57830047607422,44.41699981689453,44.486000061035156
2026-04-08 08:00:00+01:00,44.54022979736328,44.56779861450195,44.43199920654297,44.48699951171875
2026-04-08 12:00:00+01:00,44.51982879638672,44.6260986328125,44.39630126953125,44.46200180053711
2026-04-08 16:00:00+01:00,44.4958381652832,44.527198791503906,44.45029830932617,44.524200439453125
2026-04-08 20:00:00+01:00,44.524600982666016,44.542999267578125,44.15850067138672,44.34410095214844
2026-04-09 00:00:00+01:00,44.458709716796875,44.50600051879883,44.31740188598633,44.48809814453125
2026-04-09 04:00:00+01:00,44.48789978027344,44.61399841308594,44.38199996948242,44.56562042236328
2026-04-09 08:00:00+01:00,44.483001708984375,44.594459533691406,44.47380065917969,44.58879852294922
2026-04-09 12:00:00+01:00,44.58951187133789,44.61970138549805,44.474998474121094,44.571998596191406
2026-04-09 16:00:00+01:00,44.57659912109375,44.59450149536133,44.5,44.55939865112305
2026-04-09 20:00:00+01:00,44.55929946899414,44.6593017578125,44.418399810791016,44.64149856567383
2026-04-10 00:00:00+01:00,44.648799896240234,44.648799896240234,44.51139831542969,44.63199996948242
2026-04-10 04:00:00+01:00,44.631900787353516,44.687801361083984,44.507999420166016,44.67210006713867
2026-04-10 08:00:00+01:00,44.674930572509766,44.687400817871094,44.51250076293945,44.67620086669922
2026-04-10 12:00:00+01:00,44.6761589050293,44.693199157714844,44.5099983215332,44.66780090332031
2026-04-10 16:00:00+01:00,44.672698974609375,44.67290115356445,44.540000915527344,44.631099700927734
2026-04-10 20:00:00+01:00,44.63731002807617,44.65800094604492,44.398101806640625,44.65800094604492
2026-04-13 00:00:00+01:00,44.621498107910156,44.700401306152344,44.5349006652832,44.6879997253418
2026-04-13 04:00:00+01:00,44.68077850341797,44.72010040283203,44.60599899291992,44.71556091308594
2026-04-13 08:00:00+01:00,44.71556091308594,44.734100341796875,44.63159942626953,44.71664810180664
2026-04-13 12:00:00+01:00,44.714698791503906,44.73400115966797,44.62799835205078,44.715999603271484
2026-04-13 16:00:00+01:00,44.71828842163086,44.71849822998047,44.672000885009766,44.69990158081055
2026-04-13 20:00:00+01:00,44.688201904296875,44.705501556396484,44.49380111694336,44.692100524902344
2026-04-14 00:00:00+01:00,44.66748809814453,44.70800018310547,44.639400482177734,44.672401428222656
2026-04-14 04:00:00+01:00,44.67250061035156,44.7228889465332,44.62889862060547,44.715999603271484
2026-04-14 08:00:00+01:00,44.71849822998047,44.734901428222656,44.63679885864258,44.729698181152344
2026-04-14 12:00:00+01:00,44.7322998046875,44.739200592041016,44.62200164794922,44.71799850463867
2026-04-14 16:00:00+01:00,44.713199615478516,44.72890090942383,44.685001373291016,44.71739959716797
2026-04-14 20:00:00+01:00,44.71229934692383,44.73680114746094,44.553001403808594,44.71289825439453
2026-04-15 00:00:00+01:00,44.711700439453125,44.73630142211914,44.699501037597656,44.73469924926758
2026-04-15 04:00:00+01:00,44.7135009765625,44.79439926147461,44.645999908447266,44.74565124511719
2026-04-15 08:00:00+01:00,44.74810028076172,44.753700256347656,44.66460037231445,44.75217819213867
2026-04-15 12:00:00+01:00,44.75299072265625,44.78010177612305,44.6593017578125,44.74338912963867
2026-04-15 16:00:00+01:00,44.74739074707031,44.753299713134766,44.72460174560547,44.74720001220703
2026-04-15 20:00:00+01:00,44.74480056762695,44.758201599121094,44.57849884033203,44.6963996887207
2026-04-16 00:00:00+01:00,44.69070053100586,44.77050018310547,44.56679916381836,44.753761291503906
2026-04-16 04:00:00+01:00,44.75699996948242,44.840599060058594,44.659000396728516,44.685001373291016
2026-04-16 08:00:00+01:00,44.76251983642578,44.792198181152344,44.6775016784668,44.76250076293945
2026-04-16 12:00:00+01:00,44.762508392333984,44.802101135253906,44.68299865722656,44.75920104980469
2026-04-16 16:00:00+01:00,44.762611389160156,44.765098571777344,44.70500183105469,44.754119873046875
2026-04-16 20:00:00+01:00,44.758880615234375,44.85179901123047,44.57080078125,44.8378791809082
2026-04-17 00:00:00+01:00,44.84117126464844,44.85649871826172,44.7599983215332,44.839111328125
2026-04-17 04:00:00+01:00,44.829689025878906,44.864200592041016,44.70029830932617,44.86240005493164
2026-04-17 08:00:00+01:00,44.863800048828125,44.88240051269531,44.69620132446289,44.85200119018555
2026-04-17 12:00:00+01:00,44.86370086669922,44.86479187011719,44.685001373291016,44.845001220703125
2026-04-17 16:00:00+01:00,44.84260177612305,44.86050033569336,44.7963981628418,44.857398986816406
2026-04-17 20:00:00+01:00,44.858299255371094,44.86050033569336,44.69459915161133,44.8473014831543
2026-04-20 00:00:00+01:00,44.826541900634766,44.8672981262207,44.752601623535156,44.85390090942383
2026-04-20 04:00:00+01:00,44.85300064086914,44.87498092651367,44.7859992980957,44.87200164794922
2026-04-20 08:00:00+01:00,44.87889862060547,44.89889907836914,44.797000885009766,44.874298095703125
2026-04-20 12:00:00+01:00,44.87799835205078,44.90439987182617,44.79499816894531,44.870418548583984
2026-04-20 16:00:00+01:00,44.86640167236328,44.876930236816406,44.81169891357422,44.83489990234375
2026-04-20 20:00:00+01:00,44.836978912353516,44.883399963378906,44.62009811401367,44.8307991027832
2026-04-21 00:00:00+01:00,44.83150100708008,44.890499114990234,44.758201599121094,44.88169860839844
2026-04-21 04:00:00+01:00,44.88199996948242,44.95610046386719,44.80379867553711,44.89268112182617
2026-04-21 08:00:00+01:00,44.89268112182617,44.951698303222656,44.77399826049805,44.89360046386719
2026-04-21 12:00:00+01:00,44.89390182495117,44.91279983520508,44.79899978637695,44.88119888305664
2026-04-21 16:00:00+01:00,44.883399963378906,44.89350128173828,44.83639907836914,44.862098693847656
2026-04-21 20:00:00+01:00,44.85041046142578,44.92319869995117,44.72959899902344,44.91178894042969
2026-04-22 00:00:00+01:00,44.91899871826172,44.930301666259766,44.86000061035156,44.90869903564453
2026-04-22 04:00:00+01:00,44.908599853515625,44.92436981201172,44.79800033569336,44.845001220703125
2026-04-22 08:00:00+01:00,44.924049377441406,44.9286003112793,44.79600143432617,44.91748809814453
2026-04-22 12:00:00+01:00,44.921348571777344,44.92470169067383,44.79800033569336,44.92369842529297
2026-04-22 16:00:00+01:00,44.91511917114258,44.924400329589844,44.81399917602539,44.91310119628906
2026-04-22 20:00:00+01:00,44.91276931762695,44.93199920654297,44.76259994506836,44.918190002441406
2026-04-23 00:00:00+01:00,44.909400939941406,44.92959976196289,44.89384078979492,44.90483856201172
2026-04-23 04:00:00+01:00,44.905120849609375,44.92491149902344,44.845001220703125,44.92380142211914
2026-04-23 08:00:00+01:00,44.92401123046875,44.96120071411133,44.80799865722656,44.92380142211914
2026-04-23 12:00:00+01:00,44.92277145385742,44.92430114746094,44.83700180053711,44.919559478759766
2026-04-23 16:00:00+01:00,44.919559478759766,44.92340087890625,44.902000427246094,44.9114990234375
2026-04-23 20:00:00+01:00,44.9150505065918,44.98210144042969,44.78150177001953,44.97169876098633
2026-04-24 00:00:00+01:00,44.972198486328125,45.000701904296875,44.80120086669922,44.997501373291016
2026-04-24 04:00:00+01:00,44.99689865112305,45.02429962158203,44.858001708984375,45.023799896240234
2026-04-24 08:00:00+01:00,45.023399353027344,45.02479934692383,44.849998474121094,45.019500732421875
2026-04-24 12:00:00+01:00,45.022300720214844,45.0247688293457,44.8489990234375,45.019798278808594
2026-04-24 16:00:00+01:00,45.02320861816406,45.02470016479492,44.994598388671875,45.015098571777344
2026-04-24 20:00:00+01:00,45.01499938964844,45.02143096923828,44.89630126953125,44.9900016784668
2026-04-27 00:00:00+01:00,45.00579833984375,45.02519989013672,44.907798767089844,45.02450180053711
2026-04-27 04:00:00+01:00,45.024200439453125,45.03812026977539,44.904701232910156,44.939998626708984
2026-04-27 08:00:00+01:00,45.02544021606445,45.03409957885742,44.91469955444336,45.02690124511719
2026-04-27 12:00:00+01:00,45.02690887451172,45.027801513671875,44.88800048828125,45.02119827270508
2026-04-27 16:00:00+01:00,45.021488189697266,45.02280044555664,44.9900016784668,45.01308822631836
2026-04-27 20:00:00+01:00,45.013099670410156,45.040401458740234,44.83319854736328,45.03049850463867
2026-04-28 00:00:00+01:00,45.01279830932617,45.04090118408203,45.000301361083984,45.02989959716797
2026-04-28 04:00:00+01:00,45.02980041503906,45.05110168457031,44.89929962158203,45.04983139038086
2026-04-28 08:00:00+01:00,45.050289154052734,45.05474853515625,44.955101013183594,45.04499816894531
2026-04-28 12:00:00+01:00,45.05403137207031,45.054901123046875,44.96500015258789,45.052799224853516
2026-04-28 16:00:00+01:00,45.051700592041016,45.054100036621094,45.011199951171875,45.02238082885742
2026-04-28 20:00:00+01:00,45.02436828613281,45.07149887084961,44.91469955444336,45.05086135864258
2026-04-29 00:00:00+01:00,45.05120086669922,45.067298889160156,45.03260040283203,45.06340026855469
2026-04-29 04:00:00+01:00,45.0614013671875,45.06930160522461,44.986000061035156,45.06877136230469
2026-04-29 08:00:00+01:00,45.0655517578125,45.070098876953125,44.98059844970703,45.06769943237305
2026-04-29 12:00:00+01:00,45.068931579589844,45.07014083862305,44.9640007019043,45.063201904296875
2026-04-29 16:00:00+01:00,45.06956100463867,45.09120178222656,45.02399826049805,45.06230163574219
2026-04-29 20:00:00+01:00,45.06352996826172,45.19375991821289,44.8921012878418,45.15298843383789
2026-04-30 00:00:00+01:00,45.15290069580078,45.18410873413086,45.060001373291016,45.17850112915039
2026-04-30 04:00:00+01:00,45.17839813232422,45.20650100708008,45.11000061035156,45.18210983276367
2026-04-30 08:00:00+01:00,45.18299865722656,45.18709945678711,45.166900634765625,45.17789840698242
2026-04-30 12:00:00+01:00,45.17993927001953,45.195899963378906,45.0,45.1797981262207
2026-04-30 16:00:00+01:00,45.184268951416016,45.18537902832031,45.13800048828125,45.1797981262207
2026-04-30 20:00:00+01:00,45.18259811401367,45.18729019165039,44.950801849365234,45.115699768066406
2026-05-01 00:00:00+01:00,45.13710021972656,45.15760040283203,45.05730056762695,45.13460159301758
2026-05-01 04:00:00+01:00,45.134700775146484,45.18050003051758,45.065799713134766,45.17729949951172
2026-05-01 08:00:00+01:00,45.174591064453125,45.183448791503906,45.15769958496094,45.17932891845703
2026-05-01 12:00:00+01:00,45.170589447021484,45.1815299987793,45.139488220214844,45.172401428222656
2026-05-01 16:00:00+01:00,45.17570877075195,45.1786994934082,45.099998474121094,45.16559982299805
2026-05-01 20:00:00+01:00,45.15835189819336,45.191898345947266,45.12590026855469,45.17100143432617
2026-05-04 04:00:00+01:00,45.183998107910156,45.200801849365234,45.051998138427734,45.192169189453125
2026-05-04 08:00:00+01:00,45.19207000732422,45.214900970458984,45.05889892578125,45.196998596191406
2026-05-04 12:00:00+01:00,45.196998596191406,45.20199966430664,45.064998626708984,45.198001861572266
2026-05-04 16:00:00+01:00,45.19580078125,45.20235061645508,45.16059875488281,45.19110107421875
2026-05-04 20:00:00+01:00,45.19353103637695,45.21630096435547,44.9906005859375,45.20220184326172
2026-05-05 00:00:00+01:00,45.18872833251953,45.222198486328125,45.171199798583984,45.21179962158203
2026-05-05 04:00:00+01:00,45.21390151977539,45.21979904174805,45.12900161743164,45.13800048828125
2026-05-05 08:00:00+01:00,45.21620178222656,45.21969985961914,45.12900161743164,45.21480178833008
2026-05-05 12:00:00+01:00,45.214900970458984,45.22919845581055,45.12900161743164,45.21480178833008
2026-05-05 16:00:00+01:00,45.21921920776367,45.219398498535156,45.1973991394043,45.21289825439453
2026-05-05 20:00:00+01:00,45.211891174316406,45.238399505615234,45.1234016418457,45.225101470947266
2026-05-06 00:00:00+01:00,45.214149475097656,45.2338981628418,45.195499420166016,45.202598571777344
2026-05-06 04:00:00+01:00,45.22840118408203,45.23649978637695,45.099998474121094,45.218299865722656
2026-05-06 08:00:00+01:00,45.23371887207031,45.25640106201172,45.11199951171875,45.22019958496094
2026-05-06 12:00:00+01:00,45.21849822998047,45.22690963745117,45.11399841308594,45.21770095825195
2026-05-06 16:00:00+01:00,45.21744918823242,45.220001220703125,45.17530059814453,45.207401275634766
2026-05-06 20:00:00+01:00,45.20750045776367,45.24300003051758,45.08300018310547,45.21580123901367
2026-05-07 00:00:00+01:00,45.20573043823242,45.239200592041016,45.19129943847656,45.214599609375
2026-05-07 04:00:00+01:00,45.20663070678711,45.24789047241211,45.10300064086914,45.24369812011719
2026-05-07 08:00:00+01:00,45.246280670166016,45.3114013671875,45.10499954223633,45.23970031738281
2026-05-07 12:00:00+01:00,45.240299224853516,45.24760055541992,45.14459991455078,45.24620056152344
2026-05-07 16:00:00+01:00,45.24678039550781,45.2477912902832,45.20800018310547,45.243900299072266
2026-05-07 20:00:00+01:00,45.242401123046875,45.3494987487793,45.0609016418457,45.26240158081055
2026-05-08 00:00:00+01:00,45.26856994628906,45.352699279785156,45.14149856567383,45.29949951171875
2026-05-08 04:00:00+01:00,45.29180145263672,45.36429977416992,45.18299865722656,45.36351013183594
2026-05-08 08:00:00+01:00,45.361000061035156,45.387298583984375,45.179901123046875,45.3578987121582
2026-05-08 12:00:00+01:00,45.32490158081055,45.36909866333008,45.179901123046875,45.359798431396484
2026-05-08 16:00:00+01:00,45.363670349121094,45.36479949951172,45.2400016784668,45.35169982910156
2026-05-08 20:00:00+01:00,45.351600646972656,45.36439895629883,45.28070068359375,45.34479904174805
2026-05-11 00:00:00+01:00,45.3289909362793,45.381099700927734,45.31769943237305,45.372798919677734
2026-05-11 04:00:00+01:00,45.37409973144531,45.38100051879883,45.22800064086914,45.376800537109375
2026-05-11 08:00:00+01:00,45.380699157714844,45.40380096435547,45.29499816894531,45.374000549316406
2026-05-11 12:00:00+01:00,45.379798889160156,45.380401611328125,45.28799819946289,45.36940002441406
2026-05-11 16:00:00+01:00,45.37411117553711,45.37725067138672,45.33169937133789,45.35990905761719
2026-05-11 20:00:00+01:00,45.36063003540039,45.370399475097656,45.199501037597656,45.337100982666016
2026-05-12 00:00:00+01:00,45.36899948120117,45.38909912109375,45.28020095825195,45.38589859008789
2026-05-12 04:00:00+01:00,45.385799407958984,45.398780822753906,45.30699920654297,45.39780044555664
2026-05-12 08:00:00+01:00,45.397979736328125,45.432701110839844,45.310001373291016,45.314998626708984
2026-05-12 12:00:00+01:00,45.37139892578125,45.399898529052734,45.314998626708984,45.39495849609375
2026-05-12 16:00:00+01:00,45.39912033081055,45.41130065917969,45.37099838256836,45.394901275634766
2026-05-12 20:00:00+01:00,45.39469909667969,45.41598892211914,45.206199645996094,45.38330078125
2026-05-13 00:00:00+01:00,45.377601623535156,45.411800384521484,45.377601623535156,45.395198822021484
2026-05-13 04:00:00+01:00,45.40850067138672,45.43899917602539,45.323001861572266,45.41429901123047
2026-05-13 08:00:00+01:00,45.415771484375,45.42539978027344,45.29399871826172,45.41603088378906
2026-05-13 12:00:00+01:00,45.41019821166992,45.42070007324219,45.33000183105469,45.41189956665039
2026-05-13 16:00:00+01:00,45.409400939941406,45.41709899902344,45.36180114746094,45.4039192199707
2026-05-13 20:00:00+01:00,45.39120101928711,45.44660186767578,45.21649932861328,45.4269905090332
2026-05-14 00:00:00+01:00,45.42478942871094,45.43349838256836,45.38275146484375,45.41429138183594
2026-05-14 04:00:00+01:00,45.41423034667969,45.43429946899414,45.345001220703125,45.4297981262207
2026-05-14 08:00:00+01:00,45.43362045288086,45.44670104980469,45.347999572753906,45.425899505615234
2026-05-14 12:00:00+01:00,45.429710388183594,45.45140075683594,45.334999084472656,45.430870056152344
2026-05-14 16:00:00+01:00,45.42610168457031,45.436100006103516,45.414100646972656,45.41699981689453
2026-05-14 20:00:00+01:00,45.429691314697266,45.53689956665039,45.27640151977539,45.48149871826172
2026-05-15 00:00:00+01:00,45.51570129394531,45.54800033569336,45.43000030517578,45.537601470947266
2026-05-15 04:00:00+01:00,45.52878952026367,45.54420852661133,45.38800048828125,45.540000915527344
2026-05-15 08:00:00+01:00,45.537689208984375,45.54487991333008,45.375,45.54349899291992
2026-05-15 12:00:00+01:00,45.543460845947266,45.544898986816406,45.387001037597656,45.544498443603516
2026-05-15 16:00:00+01:00,45.5443115234375,45.54499816894531,45.446998596191406,45.54330062866211
2026-05-15 20:00:00+01:00,45.54193878173828,45.55009841918945,45.32040023803711,45.4901008605957
2026-05-18 00:00:00+01:00,45.52368927001953,45.58143997192383,45.47829818725586,45.5724983215332
2026-05-18 04:00:00+01:00,45.541770935058594,45.57865905761719,45.444000244140625,45.44900131225586
2026-05-18 08:00:00+01:00,45.54499816894531,45.579620361328125,45.44300079345703,45.545799255371094
2026-05-18 12:00:00+01:00,45.57374954223633,45.57963943481445,45.44770050048828,45.575199127197266
2026-05-18 16:00:00+01:00,45.57863998413086,45.57912063598633,45.556541442871094,45.57419967651367
2026-05-18 20:00:00+01:00,45.571998596191406,45.57550048828125,45.44889831542969,45.571800231933594
2026-05-19 00:00:00+01:00,45.56111145019531,45.58150100708008,45.55099105834961,45.57429885864258
2026-05-19 04:00:00+01:00,45.57429885864258,45.58026885986328,45.45100021362305,45.5723991394043
2026-05-19 08:00:00+01:00,45.57394027709961,45.576969146728516,45.44990158081055,45.570499420166016
2026-05-19 12:00:00+01:00,45.571739196777344,45.57447052001953,45.4468994140625,45.5706787109375
2026-05-19 16:00:00+01:00,45.5706787109375,45.57550811767578,45.52199935913086,45.56779861450195
2026-05-19 20:00:00+01:00,45.56769943237305,45.59049987792969,45.482601165771484,45.57749938964844
2026-05-20 00:00:00+01:00,45.58470153808594,45.59429931640625,45.54671096801758,45.57490158081055
2026-05-20 04:00:00+01:00,45.58580017089844,45.59654998779297,45.46500015258789,45.59130096435547
2026-05-20 08:00:00+01:00,45.50809860229492,45.597801208496094,45.50699996948242,45.59572982788086
2026-05-20 12:00:00+01:00,45.59080123901367,45.59711837768555,45.501399993896484,45.59627151489258
2026-05-20 16:00:00+01:00,45.5925407409668,45.59638977050781,45.477500915527344,45.581298828125
2026-05-20 20:00:00+01:00,45.57419967651367,45.59130096435547,45.456199645996094,45.5885009765625
2026-05-21 00:00:00+01:00,45.577999114990234,45.617801666259766,45.47560119628906,45.60335159301758
2026-05-21 04:00:00+01:00,45.610198974609375,45.614070892333984,45.52050018310547,45.6077995300293
2026-05-21 08:00:00+01:00,45.61354064941406,45.64469909667969,45.51580047607422,45.6124382019043
2026-05-21 12:00:00+01:00,45.61418914794922,45.62770080566406,45.519901275634766,45.61199951171875
2026-05-21 16:00:00+01:00,45.61063003540039,45.616249084472656,45.39789962768555,45.585899353027344
2026-05-21 20:00:00+01:00,45.582000732421875,45.75279998779297,45.459999084472656,45.6531982421875
2026-05-22 00:00:00+01:00,45.63959884643555,45.73760986328125,45.522300720214844,45.73569869995117
2026-05-22 04:00:00+01:00,45.675899505615234,45.742431640625,45.540000915527344,45.74026870727539
2026-05-22 08:00:00+01:00,45.741050720214844,45.778900146484375,45.54100036621094,45.736698150634766
2026-05-22 12:00:00+01:00,45.738399505615234,45.74169921875,45.5359992980957,45.7327995300293
2026-05-22 16:00:00+01:00,45.73625183105469,45.74232864379883,45.7150993347168,45.73500061035156
2026-05-22 20:00:00+01:00,45.73500061035156,45.74290084838867,45.65800857543945,45.70690155029297
2026-05-25 00:00:00+01:00,45.670249938964844,45.73258972167969,45.45759963989258,45.726898193359375
2026-05-25 04:00:00+01:00,45.72669982910156,45.73154067993164,45.375,45.70159912109375
2026-05-25 08:00:00+01:00,45.701568603515625,45.73521041870117,45.608001708984375,45.714298248291016
2026-05-25 12:00:00+01:00,45.71942138671875,45.72748947143555,45.60609817504883,45.69797134399414
2026-05-25 16:00:00+01:00,45.699378967285156,45.73740005493164,45.58689880371094,45.69710159301758
2026-05-25 20:00:00+01:00,45.683170318603516,45.90340042114258,45.57160186767578,45.896400451660156
2026-05-26 00:00:00+01:00,45.89107894897461,45.91429901123047,45.83039855957031,45.8856315612793
2026-05-26 04:00:00+01:00,45.88568115234375,45.91830062866211,45.844200134277344,45.90079879760742
2026-05-26 08:00:00+01:00,45.896148681640625,45.90462112426758,45.814998626708984,45.902000427246094
2026-05-26 12:00:00+01:00,45.89820098876953,45.915000915527344,45.82120132446289,45.9015007019043
2026-05-26 16:00:00+01:00,45.90378952026367,45.90510177612305,45.86240005493164,45.89789962768555
2026-05-26 20:00:00+01:00,45.89242935180664,45.90399932861328,45.70859909057617,45.8931999206543
2026-05-27 00:00:00+01:00,45.894901275634766,45.91019821166992,45.86600875854492,45.894100189208984
2026-05-27 04:00:00+01:00,45.8932991027832,45.89963912963867,45.81129837036133,45.89739990234375
2026-05-27 08:00:00+01:00,45.899261474609375,45.903438568115234,45.82500076293945,45.899600982666016
2026-05-27 12:00:00+01:00,45.90346145629883,45.90346145629883,45.82699966430664,45.89590072631836
2026-05-27 16:00:00+01:00,45.89590072631836,45.902488708496094,45.858001708984375,45.896400451660156
2026-05-27 20:00:00+01:00,45.896400451660156,45.90816116333008,45.86909866333008,45.89649963378906
2026-05-28 00:00:00+01:00,45.895999908447266,45.90250015258789,45.869590759277344,45.895599365234375
2026-05-28 04:00:00+01:00,45.893341064453125,45.90520095825195,45.82699966430664,45.89500045776367
2026-05-28 08:00:00+01:00,45.89496994018555,45.901180267333984,45.81999969482422,45.897098541259766
2026-05-28 12:00:00+01:00,45.89934158325195,45.90188980102539,45.82099914550781,45.89051818847656
2026-05-28 16:00:00+01:00,45.89527130126953,45.89949035644531,45.875,45.87950134277344
2026-05-28 20:00:00+01:00,45.879600524902344,45.9019889831543,45.69860076904297,45.88949966430664
2026-05-29 00:00:00+01:00,45.88850021362305,45.89360046386719,45.8662109375,45.88959884643555
2026-05-29 04:00:00+01:00,45.88999938964844,45.91569900512695,45.84299850463867,45.88610076904297
2026-05-29 08:00:00+01:00,45.89004135131836,45.89070129394531,45.72999954223633,45.87799835205078
2026-05-29 12:00:00+01:00,45.882728576660156,45.89080047607422,45.8385009765625,45.879398345947266
2026-05-29 16:00:00+01:00,45.88486862182617,45.9005012512207,45.87181854248047,45.88949966430664
2026-05-29 20:00:00+01:00,45.88969039916992,45.89646911621094,45.741798400878906,45.741798400878906
2026-06-01 00:00:00+01:00,45.89619827270508,45.9098014831543,45.850799560546875,45.89440155029297
2026-06-01 04:00:00+01:00,45.894901275634766,45.920249938964844,45.80799865722656,45.9150505065918
2026-06-01 08:00:00+01:00,45.91310119628906,45.91749954223633,45.77399826049805,45.903900146484375
2026-06-01 12:00:00+01:00,45.90380096435547,45.90813064575195,45.800498962402344,45.900901794433594
2026-06-01 16:00:00+01:00,45.90237045288086,45.90436935424805,45.87739944458008,45.89580154418945
2026-06-01 20:00:00+01:00,45.88816833496094,45.93280029296875,45.76729965209961,45.92380142211914
2026-06-02 00:00:00+01:00,45.909000396728516,45.93790054321289,45.88140106201172,45.92679977416992
2026-06-02 04:00:00+01:00,45.91270065307617,45.94350051879883,45.823001861572266,45.91619873046875
2026-06-02 08:00:00+01:00,45.92164993286133,45.93136978149414,45.82870101928711,45.92509841918945
2026-06-02 12:00:00+01:00,45.925201416015625,45.93003845214844,45.82849884033203,45.9202995300293
2026-06-02 16:00:00+01:00,45.92441940307617,45.927581787109375,45.881500244140625,45.91460037231445
2026-06-02 20:00:00+01:00,45.912200927734375,45.94710159301758,45.762901306152344,45.933990478515625
2026-06-03 00:00:00+01:00,45.93402862548828,45.954200744628906,45.91339874267578,45.941001892089844
2026-06-03 04:00:00+01:00,45.94990158081055,45.954830169677734,45.76559829711914,45.95465850830078
2026-06-03 08:00:00+01:00,45.95465850830078,45.95722961425781,45.861900329589844,45.95370101928711
2026-06-03 12:00:00+01:00,45.95370101928711,45.95718002319336,45.86090087890625,45.95370101928711
2026-06-03 16:00:00+01:00,45.95668029785156,45.95954895019531,45.93510055541992,45.94990158081055
2026-06-03 20:00:00+01:00,45.95000076293945,45.97309875488281,45.81520080566406,45.95830154418945
2026-06-04 00:00:00+01:00,45.96554183959961,45.9911994934082,45.9297981262207,45.973201751708984
2026-06-04 04:00:00+01:00,45.963600158691406,45.97629928588867,45.885101318359375,45.97066116333008
2026-06-04 08:00:00+01:00,45.9722785949707,45.974430084228516,45.88180160522461,45.958499908447266
2026-06-04 12:00:00+01:00,45.96992874145508,45.9833984375,45.88199996948242,45.96189880371094
2026-06-04 16:00:00+01:00,45.96261978149414,45.97050094604492,45.92100143432617,45.96609878540039
2026-06-04 20:00:00+01:00,45.966148376464844,46.070499420166016,45.8557014465332,46.03818130493164
2026-06-05 00:00:00+01:00,46.03554153442383,46.07699966430664,45.9556999206543,46.05459976196289
2026-06-05 04:00:00+01:00,46.05080032348633,46.08388900756836,45.90620040893555,46.080780029296875
2026-06-05 08:00:00+01:00,46.080780029296875,46.084571838378906,45.90620040893555,46.0797004699707
2026-06-05 12:00:00+01:00,46.07809829711914,46.091800689697266,45.90620040893555,46.0796012878418
2026-06-05 16:00:00+01:00,46.08345031738281,46.086700439453125,46.031700134277344,46.075599670410156
2026-06-05 20:00:00+01:00,46.07429885864258,46.07809829711914,45.8588981628418,46.041500091552734
2026-06-08 00:00:00+01:00,46.07481002807617,46.0994987487793,46.06060028076172,46.0807991027832
2026-06-08 04:00:00+01:00,46.089599609375,46.10319900512695,46.007301330566406,46.097999572753906
2026-06-08 08:00:00+01:00,46.097801208496094,46.12910079956055,46.007999420166016,46.09510040283203
2026-06-08 12:00:00+01:00,46.09614944458008,46.1008415222168,45.986900329589844,46.0984001159668
2026-06-08 16:00:00+01:00,46.09709930419922,46.100830078125,46.07640075683594,46.09360122680664
2026-06-08 20:00:00+01:00,46.09469985961914,46.13610076904297,45.97850036621094,46.09400177001953
2026-06-09 00:00:00+01:00,46.097389221191406,46.12459945678711,46.065101623535156,46.107398986816406
2026-06-09 04:00:00+01:00,46.1172981262207,46.11891174316406,46.03200149536133,46.10240173339844
2026-06-09 08:00:00+01:00,46.11542892456055,46.155601501464844,46.025001525878906,46.08869934082031
2026-06-09 12:00:00+01:00,46.11674118041992,46.155601501464844,46.02159881591797,46.11410140991211
2026-06-09 16:00:00+01:00,46.118080139160156,46.118080139160156,46.047298431396484,46.114200592041016
2026-06-09 20:00:00+01:00,46.11370086669922,46.125999450683594,45.9818000793457,46.105499267578125
2026-06-10 00:00:00+01:00,46.11439895629883,46.12540054321289,46.04029846191406,46.12200164794922
2026-06-10 04:00:00+01:00,46.122100830078125,46.1368408203125,46.042999267578125,46.13471984863281
2026-06-10 08:00:00+01:00,46.13471984863281,46.13703155517578,46.042999267578125,46.1338996887207
2026-06-10 12:00:00+01:00,46.13420104980469,46.137149810791016,46.042999267578125,46.13249969482422
2026-06-10 16:00:00+01:00,46.136878967285156,46.136878967285156,46.087398529052734,46.132198333740234
2026-06-10 20:00:00+01:00,46.132999420166016,46.159400939941406,45.961299896240234,46.145599365234375
2026-06-11 00:00:00+01:00,46.11833953857422,46.163299560546875,46.116798400878906,46.1416015625
2026-06-11 04:00:00+01:00,46.141700744628906,46.15433120727539,46.05500030517578,46.150901794433594
2026-06-11 08:00:00+01:00,46.15060043334961,46.154911041259766,46.05939865112305,46.132110595703125
2026-06-11 12:00:00+01:00,46.132110595703125,46.154720306396484,46.05390167236328,46.1505012512207
2026-06-11 16:00:00+01:00,46.154659271240234,46.154659271240234,46.12110137939453,46.147300720214844
2026-06-11 20:00:00+01:00,46.148799896240234,46.23550033569336,46.022098541259766,46.154300689697266
2026-06-12 00:00:00+01:00,46.1713981628418,46.25490188598633,46.1713981628418,46.24769973754883
2026-06-12 04:00:00+01:00,46.21549987792969,46.263729095458984,46.08620071411133,46.263729095458984
2026-06-12 08:00:00+01:00,46.26346969604492,46.26750183105469,46.077598571777344,46.250099182128906
2026-06-12 12:00:00+01:00,46.257659912109375,46.30509948730469,46.08570098876953,46.25960159301758
2026-06-12 16:00:00+01:00,46.263580322265625,46.263580322265625,46.22999954223633,46.25040054321289
2026-06-12 20:00:00+01:00,46.250518798828125,46.26570129394531,46.231998443603516,46.26060104370117
2026-06-15 00:00:00+01:00,46.26470184326172,46.279598236083984,46.23640060424805,46.269798278808594
2026-06-15 04:00:00+01:00,46.26279830932617,46.28889846801758,46.17660140991211,46.27764129638672
2026-06-15 08:00:00+01:00,46.27764129638672,46.28007888793945,46.19200134277344,46.272701263427734
2026-06-15 12:00:00+01:00,46.27429962158203,46.28107833862305,46.19200134277344,46.2775993347168
2026-06-15 16:00:00+01:00,46.2775993347168,46.279701232910156,46.23899841308594,46.27799987792969
2026-06-15 20:00:00+01:00,46.27690124511719,46.28839874267578,46.088401794433594,46.265201568603516
2026-06-16 00:00:00+01:00,46.25120162963867,46.3036003112793,46.2052001953125,46.295501708984375
2026-06-16 04:00:00+01:00,46.290191650390625,46.30730056762695,46.202301025390625,46.2943000793457
2026-06-16 08:00:00+01:00,46.29706954956055,46.299720764160156,46.20330047607422,46.2942008972168
2026-06-16 12:00:00+01:00,46.287559509277344,46.2994499206543,46.20439910888672,46.29209899902344
2026-06-16 16:00:00+01:00,46.29848098754883,46.29848098754883,46.25239944458008,46.28499984741211
2026-06-16 20:00:00+01:00,46.28499984741211,46.31999969482422,46.160400390625,46.303199768066406
2026-06-17 00:00:00+01:00,46.29790115356445,46.32109832763672,46.26369857788086,46.30390167236328
2026-06-17 04:00:00+01:00,46.30609893798828,46.32720184326172,46.21900177001953,46.30139923095703
2026-06-17 08:00:00+01:00,46.315059661865234,46.34000015258789,46.22700119018555,46.310699462890625
2026-06-17 12:00:00+01:00,46.316078186035156,46.38100051879883,46.22700119018555,46.313899993896484
2026-06-17 16:00:00+01:00,46.31610107421875,46.31610107421875,46.25981903076172,46.301700592041016
2026-06-17 20:00:00+01:00,46.29261016845703,46.442100524902344,46.1515007019043,46.42525863647461
2026-06-18 00:00:00+01:00,46.42539978027344,46.45280075073242,46.37089920043945,46.43960189819336
2026-06-18 04:00:00+01:00,46.43960189819336,46.44377899169922,46.349998474121094,46.43730163574219
2026-06-18 08:00:00+01:00,46.43716049194336,46.444278717041016,46.24290084838867,46.44070053100586
2026-06-18 12:00:00+01:00,46.44070053100586,46.444671630859375,46.32400131225586,46.439300537109375
2026-06-18 16:00:00+01:00,46.44340896606445,46.44340896606445,46.39899826049805,46.43769836425781
2026-06-18 20:00:00+01:00,46.43769836425781,46.44300079345703,46.24300003051758,46.43050003051758
2026-06-19 00:00:00+01:00,46.42919921875,46.44129943847656,46.39699935913086,46.43239974975586
2026-06-19 04:00:00+01:00,46.43320083618164,46.450401306152344,46.27399826049805,46.442970275878906
2026-06-19 08:00:00+01:00,46.439300537109375,46.474098205566406,46.26499938964844,46.44219970703125
2026-06-19 12:00:00+01:00,46.440399169921875,46.46950149536133,46.26499938964844,46.444068908691406
2026-06-19 16:00:00+01:00,46.44169998168945,46.444068908691406,46.314701080322266,46.430198669433594
2026-06-19 20:00:00+01:00,46.42597961425781,46.44350051879883,46.33449935913086,46.42890167236328
2026-06-22 00:00:00+01:00,46.44459915161133,46.47380065917969,46.39070129394531,46.44900131225586
2026-06-22 04:00:00+01:00,46.44850158691406,46.46379852294922,46.374298095703125,46.45709991455078
2026-06-22 08:00:00+01:00,46.45719909667969,46.462730407714844,46.37260055541992,46.457401275634766
2026-06-22 12:00:00+01:00,46.45439147949219,46.46213912963867,46.37260055541992,46.45830154418945
2026-06-22 16:00:00+01:00,46.46112060546875,46.49409866333008,46.431400299072266,46.45330047607422
2026-06-22 20:00:00+01:00,46.45151901245117,46.47529983520508,46.37580108642578,46.46500015258789
2026-06-23 00:00:00+01:00,46.45463943481445,46.4900016784668,46.44694137573242,46.46030044555664
2026-06-23 04:00:00+01:00,46.470401763916016,46.47930908203125,46.388999938964844,46.475799560546875
2026-06-23 08:00:00+01:00,46.47610092163086,46.47977828979492,46.37900161743164,46.475399017333984
2026-06-23 12:00:00+01:00,46.47888946533203,46.47977066040039,46.38800048828125,46.47269821166992
2026-06-23 16:00:00+01:00,46.47650146484375,46.477298736572266,46.44559860229492,46.47050094604492
2026-06-23 20:00:00+01:00,46.470401763916016,46.47679901123047,46.309898376464844,46.47090148925781
2026-06-24 00:00:00+01:00,46.448490142822266,46.493900299072266,46.37089920043945,46.474998474121094
2026-06-24 04:00:00+01:00,46.463401794433594,46.49549865722656,46.39680099487305,46.40800094604492
2026-06-24 08:00:00+01:00,46.491798400878906,46.501399993896484,46.39550018310547,46.49319839477539
2026-06-24 12:00:00+01:00,46.49250030517578,46.49750900268555,46.39550018310547,46.49259948730469
2026-06-24 16:00:00+01:00,46.49692153930664,46.49692153930664,46.47547912597656,46.48720169067383
2026-06-24 20:00:00+01:00,46.48759841918945,46.514400482177734,46.37480163574219,46.50809860229492
2026-06-25 00:00:00+01:00,46.49372863769531,46.52119827270508,46.48468017578125,46.50379943847656
2026-06-25 04:00:00+01:00,46.503501892089844,46.51539993286133,46.43000030517578,46.5098991394043
2026-06-25 08:00:00+01:00,46.51070022583008,46.51478958129883,46.42900085449219,46.5077018737793
2026-06-25 12:00:00+01:00,46.513648986816406,46.5147705078125,46.43000030517578,46.51422882080078
2026-06-25 16:00:00+01:00,46.51422882080078,46.51422882080078,46.497501373291016,46.50299835205078
2026-06-25 20:00:00+01:00,46.50579833984375,46.61909866333008,46.222999572753906,46.579498291015625
2026-06-26 00:00:00+01:00,46.539100646972656,46.62099838256836,46.508399963378906,46.56420135498047
2026-06-26 04:00:00+01:00,46.59149932861328,46.622798919677734,46.44499969482422,46.60900115966797
2026-06-26 08:00:00+01:00,46.61989974975586,46.62403106689453,46.44499969482422,46.566200256347656
2026-06-26 12:00:00+01:00,46.62398910522461,46.62504959106445,46.44279861450195,46.619598388671875
2026-06-26 16:00:00+01:00,46.62417984008789,46.62417984008789,46.45500183105469,46.619998931884766
2026-06-26 20:00:00+01:00,46.62009811401367,46.63750076293945,46.545501708984375,46.54629898071289
2026-06-29 00:00:00+01:00,46.596378326416016,46.64350128173828,46.41910171508789,46.63119888305664
2026-06-29 04:00:00+01:00,46.638301849365234,46.64289855957031,46.52840042114258,46.637298583984375
2026-06-29 08:00:00+01:00,46.639949798583984,46.6786994934082,46.529300689697266,46.63740158081055
2026-06-29 12:00:00+01:00,46.63740158081055,46.69839859008789,46.52949905395508,46.63650131225586
2026-06-29 16:00:00+01:00,46.635398864746094,46.64039993286133,46.590999603271484,46.63130187988281
2026-06-29 20:00:00+01:00,46.63140106201172,46.652801513671875,46.52259826660156,46.627601623535156
2026-06-30 00:00:00+01:00,46.627540588378906,46.66740036010742,46.570499420166016,46.63949966430664
2026-06-30 04:00:00+01:00,46.65061950683594,46.658531188964844,46.613800048828125,46.65740966796875
2026-06-30 08:00:00+01:00,46.65740966796875,46.659698486328125,46.64616012573242,46.655399322509766
2026-06-30 12:00:00+01:00,46.65800857543945,46.65985107421875,46.64461135864258,46.655128479003906
2026-06-30 16:00:00+01:00,46.65504837036133,46.65504837036133,46.63166046142578,46.64179992675781
2026-06-30 20:00:00+01:00,46.64590072631836,46.6693000793457,46.53329849243164,46.654998779296875
2026-07-01 00:00:00+01:00,46.654998779296875,46.67449951171875,46.60540008544922,46.65760040283203
2026-07-01 04:00:00+01:00,46.65679931640625,46.67692947387695,46.58700180053711,46.6619987487793
2026-07-01 08:00:00+01:00,46.67190170288086,46.67612838745117,46.555301666259766,46.66849899291992
2026-07-01 12:00:00+01:00,46.667598724365234,46.67197036743164,46.55939865112305,46.6609992980957
2026-07-01 16:00:00+01:00,46.665008544921875,46.66749954223633,46.650299072265625,46.6598014831543
2026-07-01 20:00:00+01:00,46.65959930419922,46.6879997253418,46.43339920043945,46.684200286865234
2026-07-02 00:00:00+01:00,46.67023849487305,46.69300079345703,46.65330123901367,46.67250061035156
2026-07-02 04:00:00+01:00,46.68619918823242,46.69343185424805,46.60100173950195,46.69197082519531
2026-07-02 08:00:00+01:00,46.69197082519531,46.69472885131836,46.60609817504883,46.69219970703125
2026-07-02 12:00:00+01:00,46.694419860839844,46.694740295410156,46.605098724365234,46.68980026245117
2026-07-02 16:00:00+01:00,46.69422912597656,46.69422912597656,46.67919921875,46.68769836425781
2026-07-02 20:00:00+01:00,46.687801361083984,46.742801666259766,46.40299987792969,46.726200103759766
2026-07-03 00:00:00+01:00,46.72600173950195,46.79930114746094,46.579200744628906,46.78329849243164
2026-07-03 04:00:00+01:00,46.79520034790039,46.80295181274414,46.62689971923828,46.80244827270508
2026-07-03 08:00:00+01:00,46.80244827270508,46.8048095703125,46.6349983215332,46.799598693847656
2026-07-03 12:00:00+01:00,46.799598693847656,46.80479049682617,46.63100051879883,46.800201416015625
2026-07-03 16:00:00+01:00,46.80141067504883,46.80141067504883,46.78820037841797,46.799400329589844
2026-07-03 20:00:00+01:00,46.79949951171875,46.807899475097656,46.670799255371094,46.75299835205078
2026-07-06 00:00:00+01:00,46.785400390625,46.81999969482422,46.777198791503906,46.81290054321289
2026-07-06 04:00:00+01:00,46.8114013671875,46.822200775146484,46.71950149536133,46.81930160522461
2026-07-06 08:00:00+01:00,46.81760025024414,46.855201721191406,46.72060012817383,46.733001708984375
2026-07-06 12:00:00+01:00,46.81719970703125,46.83980178833008,46.72060012817383,46.81740188598633
2026-07-06 16:00:00+01:00,46.818599700927734,46.821388244628906,46.76499938964844,46.807899475097656
2026-07-06 20:00:00+01:00,46.79901885986328,46.82040023803711,46.71739959716797,46.81919860839844
2026-07-07 00:00:00+01:00,46.79833984375,46.84379959106445,46.71289825439453,46.83319854736328
2026-07-07 04:00:00+01:00,46.83330154418945,46.839271545410156,46.720001220703125,46.834800720214844
2026-07-07 08:00:00+01:00,46.83366012573242,46.83974075317383,46.744998931884766,46.83660125732422
2026-07-07 12:00:00+01:00,46.82379913330078,46.83979034423828,46.74399948120117,46.834800720214844
2026-07-07 16:00:00+01:00,46.83911895751953,46.83911895751953,46.78300094604492,46.83300018310547
2026-07-07 20:00:00+01:00,46.824058532714844,46.84000015258789,46.704200744628906,46.83599853515625
2026-07-08 00:00:00+01:00,46.8190803527832,46.86180114746094,46.78919982910156,46.84519958496094
2026-07-08 04:00:00+01:00,46.84624099731445,46.8572998046875,46.76300048828125,46.85380172729492
2026-07-08 08:00:00+01:00,46.85419845581055,46.874298095703125,46.762001037597656,46.85100173950195
2026-07-08 12:00:00+01:00,46.85240173339844,46.85737991333008,46.762001037597656,46.852500915527344
2026-07-08 16:00:00+01:00,46.856441497802734,46.856441497802734,46.759300231933594,46.849098205566406
2026-07-08 20:00:00+01:00,46.8484992980957,46.872501373291016,46.68989944458008,46.84592819213867
2026-07-09 00:00:00+01:00,46.845279693603516,46.87799835205078,46.822898864746094,46.85879898071289
2026-07-09 04:00:00+01:00,46.85298156738281,46.87300109863281,46.7661018371582,46.872291564941406
2026-07-09 08:00:00+01:00,46.87015914916992,46.87474822998047,46.775001525878906,46.87160110473633
2026-07-09 12:00:00+01:00,46.86899948120117,46.874900817871094,46.77050018310547,46.87030029296875
2026-07-09 16:00:00+01:00,46.870201110839844,46.874549865722656,46.8390998840332,46.86880111694336
2026-07-09 20:00:00+01:00,46.86880111694336,46.95750045776367,46.73569869995117,46.9370002746582
2026-07-10 00:00:00+01:00,46.94049835205078,46.9734992980957,46.88990020751953,46.92290115356445
2026-07-10 04:00:00+01:00,46.92599868774414,46.991600036621094,46.804298400878906,46.98189163208008
2026-07-10 08:00:00+01:00,46.98186111450195,46.98421859741211,46.8120002746582,46.9807014465332
2026-07-10 12:00:00+01:00,46.98149871826172,46.984840393066406,46.81740188598633,46.97959899902344
2026-07-10 16:00:00+01:00,46.983558654785156,46.983558654785156,46.919498443603516,46.97779846191406
2026-07-10 20:00:00+01:00,46.97740173339844,46.9922981262207,46.86650085449219,46.977500915527344
2026-07-13 00:00:00+01:00,46.53779983520508,47.005401611328125,46.41899871826172,46.988800048828125
2026-07-13 04:00:00+01:00,46.98820114135742,47.0018310546875,46.910099029541016,46.99917984008789
2026-07-13 08:00:00+01:00,46.99917984008789,47.001739501953125,46.90439987182617,46.995201110839844
2026-07-13 12:00:00+01:00,46.99530029296875,47.00170135498047,46.89970016479492,46.998199462890625
2026-07-13 16:00:00+01:00,47.000518798828125,47.000518798828125,46.91600036621094,46.99449920654297
2026-07-13 20:00:00+01:00,46.99440002441406,47.067298889160156,46.79209899902344,46.99720001220703
2026-07-14 00:00:00+01:00,47.000099182128906,47.045501708984375,46.878501892089844,47.02939987182617
2026-07-14 04:00:00+01:00,47.02949905395508,47.037899017333984,46.909000396728516,47.03499984741211
2026-07-14 08:00:00+01:00,47.03350067138672,47.0372314453125,46.92300033569336,47.025001525878906
2026-07-14 12:00:00+01:00,47.032901763916016,47.037418365478516,46.92530059814453,47.031898498535156
2026-07-14 16:00:00+01:00,47.03493118286133,47.03493118286133,47.020301818847656,47.02669906616211
2026-07-14 20:00:00+01:00,47.028900146484375,47.03179931640625,46.840999603271484,47.00389862060547
2026-07-15 00:00:00+01:00,46.98398971557617,47.03499984741211,46.873600006103516,47.02619934082031
2026-07-15 04:00:00+01:00,47.02560043334961,47.03179931640625,46.93920135498047,47.0275993347168
2026-07-15 08:00:00+01:00,47.03007888793945,47.033668518066406,47.01441955566406,47.02616882324219
2026-07-15 12:00:00+01:00,47.026100158691406,47.0342903137207,46.99290084838867,47.02439880371094
2026-07-15 16:00:00+01:00,47.02653121948242,47.03150177001953,47.01728057861328,47.02119827270508
2026-07-15 20:00:00+01:00,47.0275993347168,47.04410171508789,46.924400329589844,47.03580093383789
2026-07-16 00:00:00+01:00,47.02288055419922,47.042301177978516,46.995399475097656,47.03049850463867
2026-07-16 04:00:00+01:00,47.02989959716797,47.05451965332031,46.96630096435547,47.04999923706055
2026-07-16 08:00:00+01:00,47.05405044555664,47.055118560791016,46.96630096435547,46.974998474121094
2026-07-16 12:00:00+01:00,47.04990005493164,47.0548210144043,46.96630096435547,47.05030059814453
2026-07-16 16:00:00+01:00,47.054100036621094,47.054100036621094,47.03260040283203,47.04750061035156
2026-07-16 20:00:00+01:00,47.04909896850586,47.11589813232422,46.86040115356445,47.09177017211914
2026-07-17 00:00:00+01:00,47.09149169921875,47.15610122680664,46.94810104370117,47.13740158081055
2026-07-17 04:00:00+01:00,47.113399505615234,47.162601470947266,46.97949981689453,47.1599006652832
2026-07-17 08:00:00+01:00,47.1599006652832,47.17100143432617,46.979400634765625,47.161800384521484
2026-07-17 12:00:00+01:00,46.98899841308594,47.16497039794922,46.979400634765625,47.15679931640625
2026-07-17 16:00:00+01:00,47.16434860229492,47.167598724365234,47.12089920043945,47.159698486328125
2026-07-17 20:00:00+01:00,47.160400390625,47.160701751708984,46.94089889526367,47.13740158081055
2026-07-20 00:00:00+01:00,47.14891815185547,47.17319869995117,47.0620002746582,47.163700103759766
2026-07-20 04:00:00+01:00,47.15774154663086,47.1810417175293,47.09400177001953,47.176998138427734
2026-07-20 08:00:00+01:00,47.17829895019531,47.18204116821289,47.084999084472656,47.17940139770508
2026-07-20 12:00:00+01:00,47.179100036621094,47.182369232177734,47.082801818847656,47.177799224853516
2026-07-20 16:00:00+01:00,47.18178939819336,47.18178939819336,47.137001037597656,47.17499923706055
2026-07-20 20:00:00+01:00,47.172298431396484,47.18299865722656,46.9635009765625,47.169700622558594
2026-07-21 00:00:00+01:00,47.173240661621094,47.2057991027832,47.13529968261719,47.17823028564453
2026-07-21 04:00:00+01:00,47.17831039428711,47.200130462646484,47.11000061035156,47.1953010559082
2026-07-21 08:00:00+01:00,47.19532012939453,47.19963836669922,47.11130142211914,47.19540023803711
2026-07-21 12:00:00+01:00,47.194679260253906,47.19932174682617,47.10900115966797,47.19459915161133
2026-07-21 16:00:00+01:00,47.19660186767578,47.197731018066406,47.16780090332031,47.189998626708984
2026-07-21 20:00:00+01:00,47.18061065673828,47.19879913330078,46.96760177612305,47.179100036621094
2026-07-22 00:00:00+01:00,47.18619918823242,47.22249984741211,47.14670181274414,47.2140007019043
2026-07-22 04:00:00+01:00,47.20690155029297,47.21799850463867,47.18513870239258,47.2158203125
2026-07-22 08:00:00+01:00,47.2122917175293,47.21726989746094,47.2046012878418,47.216800689697266
2026-07-22 12:00:00+01:00,47.212501525878906,47.21775817871094,47.12689971923828,47.209800720214844
2026-07-22 16:00:00+01:00,47.21379089355469,47.214599609375,47.19480895996094,47.2047004699707
2026-07-22 20:00:00+01:00,47.2046012878418,47.213401794433594,47.12799835205078,47.207401275634766
2026-07-23 00:00:00+01:00,47.18069839477539,47.24190139770508,47.07830047607422,47.22129821777344
