Datetime,Open,High,Low,Close
2024-07-23 00:00:00+00:00,2.7466790676116943,2.7466790676116943,2.674736976623535,2.685751438140869
2024-07-23 04:00:00+00:00,2.6816089153289795,2.6842730045318604,2.590489387512207,2.6286261081695557
2024-07-23 08:00:00+00:00,2.635488986968994,2.6472036838531494,2.515226125717163,2.552450656890869
2024-07-23 12:00:00+00:00,2.5496885776519775,2.6762614250183105,2.5204262733459473,2.639089345932007
2024-07-23 16:00:00+00:00,2.64212965965271,2.6958277225494385,2.522273540496826,2.5293359756469727
2024-07-23 20:00:00+00:00,2.53375506401062,2.6127266883850098,2.530384063720703,2.5565946102142334
2024-07-24 00:00:00+00:00,2.5606184005737305,2.6569221019744873,2.5606184005737305,2.638043165206909
2024-07-24 04:00:00+00:00,2.6336922645568848,2.6345551013946533,2.57873272895813,2.604541540145874
2024-07-24 08:00:00+00:00,2.612750768661499,2.650860548019409,2.561920404434204,2.59848690032959
2024-07-24 12:00:00+00:00,2.598332643508911,2.677459716796875,2.54266619682312,2.5914578437805176
2024-07-24 16:00:00+00:00,2.573867082595825,2.662482500076294,2.5561256408691406,2.5746893882751465
2024-07-24 20:00:00+00:00,2.571699380874634,2.6158318519592285,2.4717299938201904,2.500771999359131
2024-07-25 00:00:00+00:00,2.49741268157959,2.543626308441162,2.453378677368164,2.4774398803710938
2024-07-25 04:00:00+00:00,2.4814064502716064,2.5457475185394287,2.473679304122925,2.5259435176849365
2024-07-25 08:00:00+00:00,2.5328478813171387,2.574108123779297,2.4742040634155273,2.4786934852600098
2024-07-25 12:00:00+00:00,2.4788215160369873,2.5435338020324707,2.3761069774627686,2.5303001403808594
2024-07-25 16:00:00+00:00,2.5348498821258545,2.5352532863616943,2.3733763694763184,2.378943920135498
2024-07-25 20:00:00+00:00,2.380688428878784,2.522576332092285,2.3383982181549072,2.511666774749756
2024-07-26 00:00:00+00:00,2.513761281967163,2.6100311279296875,2.513761281967163,2.5738749504089355
2024-07-26 04:00:00+00:00,2.5682544708251953,2.59187388420105,2.5548794269561768,2.5798346996307373
2024-07-26 08:00:00+00:00,2.567331552505493,2.6460072994232178,2.567331552505493,2.6366233825683594
2024-07-26 12:00:00+00:00,2.6406667232513428,2.6406667232513428,2.5600881576538086,2.622910976409912
2024-07-26 16:00:00+00:00,2.61393666267395,2.6378333568573,2.5911054611206055,2.626652240753174
2024-07-26 20:00:00+00:00,2.627542495727539,2.6695845127105713,2.595442533493042,2.6695845127105713
2024-07-27 00:00:00+00:00,2.6607346534729004,2.6607346534729004,2.5816965103149414,2.5843217372894287
2024-07-27 04:00:00+00:00,2.5832009315490723,2.623265027999878,2.5751395225524902,2.6100594997406006
2024-07-27 08:00:00+00:00,2.606895923614502,2.6889445781707764,2.606895923614502,2.6426188945770264
2024-07-27 12:00:00+00:00,2.6449294090270996,2.692095994949341,2.554237127304077,2.5634281635284424
2024-07-27 16:00:00+00:00,2.5657567977905273,2.567409038543701,2.4385170936584473,2.4657914638519287
2024-07-27 20:00:00+00:00,2.460975170135498,2.5715816020965576,2.427856683731079,2.489412546157837
2024-07-28 00:00:00+00:00,2.482940196990967,2.5017240047454834,2.453521251678467,2.4769701957702637
2024-07-28 04:00:00+00:00,2.4730114936828613,2.4730114936828613,2.4327659606933594,2.471621036529541
2024-07-28 08:00:00+00:00,2.4718117713928223,2.492732524871826,2.4518332481384277,2.4583327770233154
2024-07-28 12:00:00+00:00,2.4487133026123047,2.450016736984253,2.4151995182037354,2.428783893585205
2024-07-28 16:00:00+00:00,2.4263148307800293,2.4538071155548096,2.422222852706909,2.4349327087402344
2024-07-28 20:00:00+00:00,2.431986093521118,2.4327597618103027,2.3912718296051025,2.411670207977295
2024-07-29 00:00:00+00:00,2.4127464294433594,2.537614107131958,2.412649154663086,2.5150864124298096
2024-07-29 04:00:00+00:00,2.5128262042999268,2.5574288368225098,2.5027668476104736,2.5438146591186523
2024-07-29 08:00:00+00:00,2.545708179473877,2.5600409507751465,2.5049827098846436,2.5175225734710693
2024-07-29 12:00:00+00:00,2.5175223350524902,2.5449047088623047,2.4005465507507324,2.409013271331787
2024-07-29 16:00:00+00:00,2.407513380050659,2.429739475250244,2.375324010848999,2.4212987422943115
2024-07-29 20:00:00+00:00,2.420396089553833,2.421124219894409,2.2872583866119385,2.2872583866119385
2024-07-30 00:00:00+00:00,2.2862026691436768,2.344127893447876,2.285430908203125,2.3436994552612305
2024-07-30 04:00:00+00:00,2.342742681503296,2.384819269180298,2.342026472091675,2.3820061683654785
2024-07-30 08:00:00+00:00,2.379039764404297,2.383575916290283,2.338376998901367,2.3399178981781006
2024-07-30 12:00:00+00:00,2.337599039077759,2.355734348297119,2.309446334838867,2.3516736030578613
2024-07-30 16:00:00+00:00,2.349788188934326,2.349788188934326,2.264153242111206,2.2826931476593018
2024-07-30 20:00:00+00:00,2.2773685455322266,2.309079647064209,2.2591090202331543,2.2862355709075928
2024-07-31 00:00:00+00:00,2.2882347106933594,2.3349597454071045,2.266847610473633,2.3129568099975586
2024-07-31 04:00:00+00:00,2.3126978874206543,2.3314907550811768,2.264305353164673,2.3147952556610107
2024-07-31 08:00:00+00:00,2.3094587326049805,2.3116455078125,2.2686069011688232,2.286513566970825
2024-07-31 12:00:00+00:00,2.2878761291503906,2.345022439956665,2.2845613956451416,2.294045925140381
2024-07-31 16:00:00+00:00,2.284193515777588,2.3279030323028564,2.2045657634735107,2.2045657634735107
2024-07-31 20:00:00+00:00,2.1966991424560547,2.2044808864593506,2.1593289375305176,2.1786763668060303
2024-08-01 00:00:00+00:00,2.1765284538269043,2.1909303665161133,2.087940216064453,2.087940216064453
2024-08-01 04:00:00+00:00,2.0891377925872803,2.1024169921875,1.9864901304244995,2.002732515335083
2024-08-01 08:00:00+00:00,2.005673885345459,2.0195958614349365,1.962570071220398,1.984939455986023
2024-08-01 12:00:00+00:00,1.9843220710754395,2.0345659255981445,1.9132264852523804,1.9363303184509277
2024-08-01 16:00:00+00:00,1.9254534244537354,1.9292038679122925,1.8506766557693481,1.8824409246444702
2024-08-01 20:00:00+00:00,1.8780360221862793,1.9993118047714233,1.8669812679290771,1.969810962677002
2024-08-02 00:00:00+00:00,1.959329605102539,1.9723809957504272,1.8910632133483887,1.9317576885223389
2024-08-02 04:00:00+00:00,1.929335117340088,1.9299381971359253,1.8388652801513672,1.8679066896438599
2024-08-02 08:00:00+00:00,1.868764877319336,1.914478063583374,1.8579214811325073,1.8979350328445435
2024-08-02 12:00:00+00:00,1.8943570852279663,1.949405312538147,1.7818219661712646,1.8346925973892212
2024-08-02 16:00:00+00:00,1.8323017358779907,1.8653459548950195,1.7820792198181152,1.7859293222427368
2024-08-02 20:00:00+00:00,1.7927266359329224,1.8198217153549194,1.6483255624771118,1.6597955226898193
2024-08-03 00:00:00+00:00,1.6640981435775757,1.686044454574585,1.6048187017440796,1.686044454574585
2024-08-03 04:00:00+00:00,1.6881693601608276,1.712759256362915,1.6722394227981567,1.684844732284546
2024-08-03 08:00:00+00:00,1.6835964918136597,1.7134596109390259,1.680406093597412,1.7084932327270508
2024-08-03 12:00:00+00:00,1.7061702013015747,1.7308423519134521,1.6562576293945312,1.6567394733428955
2024-08-03 16:00:00+00:00,1.6450855731964111,1.6579183340072632,1.562300205230713,1.564034104347229
2024-08-03 20:00:00+00:00,1.5528091192245483,1.6126316785812378,1.5457184314727783,1.6003576517105103
2024-08-04 00:00:00+00:00,1.5967856645584106,1.6277295351028442,1.575291395187378,1.60421621799469
2024-08-04 04:00:00+00:00,1.601352334022522,1.6043031215667725,1.5382171869277954,1.5395543575286865
2024-08-04 08:00:00+00:00,1.5351930856704712,1.6045125722885132,1.5301847457885742,1.5944017171859741
2024-08-04 12:00:00+00:00,1.595055103302002,1.6191717386245728,1.5060573816299438,1.5060573816299438
2024-08-04 16:00:00+00:00,1.5005309581756592,1.5254836082458496,1.3730428218841553,1.5121474266052246
2024-08-04 20:00:00+00:00,1.5018481016159058,1.5242730379104614,1.4372594356536865,1.4372594356536865
2024-08-05 00:00:00+00:00,1.438410758972168,1.4532595872879028,1.2600654363632202,1.2797973155975342
2024-08-05 04:00:00+00:00,1.2746127843856812,1.2984777688980103,1.1114298105239868,1.2354204654693604
2024-08-05 08:00:00+00:00,1.2313679456710815,1.2313679456710815,1.088379144668579,1.115040898323059
2024-08-05 12:00:00+00:00,1.1247211694717407,1.3468852043151855,1.1247211694717407,1.3210794925689697
2024-08-05 16:00:00+00:00,1.3324003219604492,1.3736828565597534,1.2731032371520996,1.2762094736099243
2024-08-05 20:00:00+00:00,1.2932642698287964,1.3136582374572754,1.2662391662597656,1.2662391662597656
2024-08-06 00:00:00+00:00,1.2620065212249756,1.3932055234909058,1.2620065212249756,1.380670428276062
2024-08-06 04:00:00+00:00,1.3734509944915771,1.4494987726211548,1.3615139722824097,1.4293361902236938
2024-08-06 08:00:00+00:00,1.4267140626907349,1.4267140626907349,1.3582947254180908,1.3784699440002441
2024-08-06 12:00:00+00:00,1.3800535202026367,1.4437607526779175,1.354286789894104,1.424213171005249
2024-08-06 16:00:00+00:00,1.4291199445724487,1.4537005424499512,1.40934419631958,1.4223722219467163
2024-08-06 20:00:00+00:00,1.4201589822769165,1.4687342643737793,1.4121981859207153,1.4126908779144287
2024-08-07 00:00:00+00:00,1.4149287939071655,1.570981502532959,1.3768036365509033,1.570981502532959
2024-08-07 04:00:00+00:00,1.575728178024292,1.7211096286773682,1.5719797611236572,1.692428469657898
2024-08-07 08:00:00+00:00,1.7012343406677246,1.7713000774383545,1.7012343406677246,1.732621669769287
2024-08-07 12:00:00+00:00,1.7279150485992432,1.7578645944595337,1.63310706615448,1.645340919494629
2024-08-07 16:00:00+00:00,1.6440263986587524,1.6440263986587524,1.5519436597824097,1.5692826509475708
2024-08-07 20:00:00+00:00,1.5693979263305664,1.6260195970535278,1.5668518543243408,1.6053332090377808
2024-08-08 00:00:00+00:00,1.6026567220687866,1.7630925178527832,1.5561115741729736,1.6995540857315063
2024-08-08 04:00:00+00:00,1.689729928970337,1.711708664894104,1.6620937585830688,1.6800000667572021
2024-08-08 08:00:00+00:00,1.6758402585983276,1.7116953134536743,1.665991187095642,1.699236512184143
2024-08-08 12:00:00+00:00,1.6995481252670288,1.7640714645385742,1.6677489280700684,1.715835452079773
2024-08-08 16:00:00+00:00,1.7198028564453125,1.7295087575912476,1.6709569692611694,1.6799393892288208
2024-08-08 20:00:00+00:00,1.6778013706207275,1.9292436838150024,1.6778013706207275,1.926702857017517
2024-08-09 00:00:00+00:00,1.9163562059402466,1.9332975149154663,1.82833731174469,1.8403394222259521
2024-08-09 04:00:00+00:00,1.8449978828430176,1.8640336990356445,1.7916903495788574,1.8448801040649414
2024-08-09 08:00:00+00:00,1.8528921604156494,1.880700707435608,1.8309601545333862,1.8485755920410156
2024-08-09 12:00:00+00:00,1.8489362001419067,1.8676843643188477,1.7788054943084717,1.7788054943084717
2024-08-09 16:00:00+00:00,1.7715463638305664,1.822719931602478,1.7715463638305664,1.8084052801132202
2024-08-09 20:00:00+00:00,1.8043954372406006,1.8277935981750488,1.7715179920196533,1.8205047845840454
2024-08-10 00:00:00+00:00,1.819401741027832,1.8545705080032349,1.7712721824645996,1.7905097007751465
2024-08-10 04:00:00+00:00,1.7831138372421265,1.8148735761642456,1.7679423093795776,1.8148735761642456
2024-08-10 08:00:00+00:00,1.8180960416793823,1.8306421041488647,1.7987055778503418,1.826457142829895
2024-08-10 12:00:00+00:00,1.823949933052063,1.823949933052063,1.7745612859725952,1.7961418628692627
2024-08-10 16:00:00+00:00,1.7908562421798706,1.798872470855713,1.7771273851394653,1.7939043045043945
2024-08-10 20:00:00+00:00,1.794945240020752,1.8450653553009033,1.794945240020752,1.814038872718811
2024-08-11 00:00:00+00:00,1.8120726346969604,1.8847955465316772,1.807090163230896,1.8513274192810059
2024-08-11 04:00:00+00:00,1.8526690006256104,1.8538861274719238,1.8251057863235474,1.8427207469940186
2024-08-11 08:00:00+00:00,1.8440136909484863,1.8686373233795166,1.7995586395263672,1.8052818775177002
2024-08-11 12:00:00+00:00,1.802727460861206,1.802727460861206,1.7158095836639404,1.7158095836639404
2024-08-11 16:00:00+00:00,1.7096655368804932,1.7343195676803589,1.6785413026809692,1.6786967515945435
2024-08-11 20:00:00+00:00,1.6726315021514893,1.6777369976043701,1.626634120941162,1.630940318107605
2024-08-12 00:00:00+00:00,1.6284836530685425,1.673723578453064,1.6284836530685425,1.6584757566452026
2024-08-12 04:00:00+00:00,1.6575559377670288,1.7327061891555786,1.6318800449371338,1.7228420972824097
2024-08-12 08:00:00+00:00,1.7259175777435303,1.808118462562561,1.7081208229064941,1.807880163192749
2024-08-12 12:00:00+00:00,1.8127762079238892,1.8127762079238892,1.7055128812789917,1.7409751415252686
2024-08-12 16:00:00+00:00,1.7475396394729614,1.7544463872909546,1.6846805810928345,1.7001615762710571
2024-08-12 20:00:00+00:00,1.7024389505386353,1.7510520219802856,1.678126335144043,1.7304670810699463
2024-08-13 00:00:00+00:00,1.7239603996276855,1.7381196022033691,1.6545910835266113,1.6553094387054443
2024-08-13 04:00:00+00:00,1.6583282947540283,1.6945621967315674,1.6491230726242065,1.6739556789398193
2024-08-13 08:00:00+00:00,1.6711630821228027,1.6729882955551147,1.648163914680481,1.6558425426483154
2024-08-13 12:00:00+00:00,1.6616132259368896,1.6901938915252686,1.6549596786499023,1.6626416444778442
2024-08-13 16:00:00+00:00,1.6619768142700195,1.7430403232574463,1.6619768142700195,1.695441484451294
2024-08-13 20:00:00+00:00,1.6944621801376343,1.7196431159973145,1.691640019416809,1.7028833627700806
2024-08-14 00:00:00+00:00,1.7020900249481201,1.7134335041046143,1.6762235164642334,1.6960017681121826
2024-08-14 04:00:00+00:00,1.6885108947753906,1.693500280380249,1.6649994850158691,1.685889720916748
2024-08-14 08:00:00+00:00,1.6858463287353516,1.7064000368118286,1.6699496507644653,1.6989258527755737
2024-08-14 12:00:00+00:00,1.6923586130142212,1.7371004819869995,1.6005008220672607,1.61818265914917
2024-08-14 16:00:00+00:00,1.612982153892517,1.6182403564453125,1.5660358667373657,1.571516990661621
2024-08-14 20:00:00+00:00,1.5705183744430542,1.5921865701675415,1.5648542642593384,1.5792077779769897
2024-08-15 00:00:00+00:00,1.5761795043945312,1.5957045555114746,1.5667450428009033,1.5747215747833252
2024-08-15 04:00:00+00:00,1.5744242668151855,1.5744242668151855,1.5219224691390991,1.53714120388031
2024-08-15 08:00:00+00:00,1.5346428155899048,1.5631288290023804,1.5277577638626099,1.552472710609436
2024-08-15 12:00:00+00:00,1.5548548698425293,1.59264075756073,1.5515415668487549,1.572246789932251
2024-08-15 16:00:00+00:00,1.5676599740982056,1.5777314901351929,1.4393960237503052,1.4649955034255981
2024-08-15 20:00:00+00:00,1.4688917398452759,1.484597086906433,1.438300609588623,1.4800950288772583
2024-08-16 00:00:00+00:00,1.4753934144973755,1.501517653465271,1.4552735090255737,1.466686487197876
2024-08-16 04:00:00+00:00,1.4677739143371582,1.4983789920806885,1.4668171405792236,1.4901471138000488
2024-08-16 08:00:00+00:00,1.4915658235549927,1.4915658235549927,1.4416413307189941,1.4416413307189941
2024-08-16 12:00:00+00:00,1.4419710636138916,1.4419710636138916,1.3477777242660522,1.3618831634521484
2024-08-16 16:00:00+00:00,1.366091251373291,1.410975694656372,1.3548773527145386,1.409523367881775
2024-08-16 20:00:00+00:00,1.4056220054626465,1.4292370080947876,1.3918910026550293,1.3941528797149658
2024-08-17 00:00:00+00:00,1.3914204835891724,1.4233192205429077,1.3825575113296509,1.4046692848205566
2024-08-17 04:00:00+00:00,1.404534935951233,1.412557601928711,1.3902968168258667,1.3912322521209717
2024-08-17 08:00:00+00:00,1.3939028978347778,1.4058195352554321,1.366889476776123,1.3709486722946167
2024-08-17 12:00:00+00:00,1.3708053827285767,1.4529556035995483,1.3708053827285767,1.4156843423843384
2024-08-17 16:00:00+00:00,1.4156070947647095,1.4339255094528198,1.3980257511138916,1.404170036315918
2024-08-17 20:00:00+00:00,1.4061356782913208,1.437229037284851,1.4035307168960571,1.4197468757629395
2024-08-18 00:00:00+00:00,1.4206143617630005,1.439206838607788,1.4034730195999146,1.4047025442123413
2024-08-18 04:00:00+00:00,1.3997893333435059,1.4195467233657837,1.390580415725708,1.390580415725708
2024-08-18 08:00:00+00:00,1.3911195993423462,1.4407215118408203,1.3911195993423462,1.4330363273620605
2024-08-18 12:00:00+00:00,1.434644341468811,1.446656346321106,1.4241728782653809,1.4429916143417358
2024-08-18 16:00:00+00:00,1.442784309387207,1.4741952419281006,1.4245597124099731,1.4589909315109253
2024-08-18 20:00:00+00:00,1.4602601528167725,1.4653582572937012,1.3910702466964722,1.3917251825332642
2024-08-19 00:00:00+00:00,1.3899133205413818,1.3899133205413818,1.3514959812164307,1.3810803890228271
2024-08-19 04:00:00+00:00,1.3839672803878784,1.3839672803878784,1.3603347539901733,1.369011640548706
2024-08-19 08:00:00+00:00,1.3682442903518677,1.382727026939392,1.3310270309448242,1.348218321800232
2024-08-19 12:00:00+00:00,1.3545823097229004,1.3929704427719116,1.3515467643737793,1.3929704427719116
2024-08-19 16:00:00+00:00,1.3834468126296997,1.4255328178405762,1.3721500635147095,1.4223337173461914
2024-08-19 20:00:00+00:00,1.4217690229415894,1.4403349161148071,1.4188787937164307,1.4381895065307617
2024-08-20 00:00:00+00:00,1.4353508949279785,1.4765623807907104,1.4201982021331787,1.4553680419921875
2024-08-20 04:00:00+00:00,1.4553738832473755,1.6123104095458984,1.4553738832473755,1.6123104095458984
2024-08-20 08:00:00+00:00,1.6124467849731445,1.6124467849731445,1.5713298320770264,1.5738855600357056
2024-08-20 12:00:00+00:00,1.575880527496338,1.5931220054626465,1.5188231468200684,1.5344830751419067
2024-08-20 16:00:00+00:00,1.5308566093444824,1.553080439567566,1.5188255310058594,1.5518300533294678
2024-08-20 20:00:00+00:00,1.5478324890136719,1.5637282133102417,1.5329629182815552,1.557286024093628
2024-08-21 00:00:00+00:00,1.5562483072280884,1.5732680559158325,1.5266886949539185,1.5355565547943115
2024-08-21 04:00:00+00:00,1.5361777544021606,1.5724536180496216,1.5319939851760864,1.5644807815551758
2024-08-21 08:00:00+00:00,1.5650560855865479,1.5650560855865479,1.527166485786438,1.5288136005401611
2024-08-21 12:00:00+00:00,1.52546226978302,1.5283061265945435,1.4747096300125122,1.4903701543807983
2024-08-21 16:00:00+00:00,1.4877668619155884,1.5944582223892212,1.4846429824829102,1.5937772989273071
2024-08-21 20:00:00+00:00,1.5986257791519165,1.6014206409454346,1.5588473081588745,1.5606601238250732
2024-08-22 00:00:00+00:00,1.561738133430481,1.5676602125167847,1.5326608419418335,1.554516077041626
2024-08-22 04:00:00+00:00,1.5555981397628784,1.6010832786560059,1.5555981397628784,1.5929863452911377
2024-08-22 08:00:00+00:00,1.591794729232788,1.6527442932128906,1.5856828689575195,1.6424376964569092
2024-08-22 12:00:00+00:00,1.6422256231307983,1.6507710218429565,1.605322241783142,1.6146163940429688
2024-08-22 16:00:00+00:00,1.6131670475006104,1.6425868272781372,1.6116667985916138,1.6116667985916138
2024-08-22 20:00:00+00:00,1.6106038093566895,1.6314284801483154,1.6106038093566895,1.6194934844970703
2024-08-23 00:00:00+00:00,1.6203069686889648,1.6432831287384033,1.6080353260040283,1.6087011098861694
2024-08-23 04:00:00+00:00,1.606918215751648,1.6444071531295776,1.6062568426132202,1.6315767765045166
2024-08-23 08:00:00+00:00,1.6315838098526,1.6463065147399902,1.5950376987457275,1.5950376987457275
2024-08-23 12:00:00+00:00,1.5952248573303223,1.6918405294418335,1.5952248573303223,1.6362515687942505
2024-08-23 16:00:00+00:00,1.6349689960479736,1.759619116783142,1.6315184831619263,1.7508379220962524
2024-08-23 20:00:00+00:00,1.7594578266143799,1.8826576471328735,1.7594578266143799,1.8360668420791626
2024-08-24 00:00:00+00:00,1.8458853960037231,1.847757339477539,1.7910703420639038,1.8311364650726318
2024-08-24 04:00:00+00:00,1.8341447114944458,1.9028517007827759,1.8341447114944458,1.8936601877212524
2024-08-24 08:00:00+00:00,1.889867901802063,1.9461783170700073,1.8742698431015015,1.916569709777832
2024-08-24 12:00:00+00:00,1.9053081274032593,1.9497605562210083,1.897117257118225,1.9442403316497803
2024-08-24 16:00:00+00:00,1.944176197052002,2.0167734622955322,1.944176197052002,1.9766696691513062
2024-08-24 20:00:00+00:00,1.9791969060897827,1.9899773597717285,1.9232579469680786,1.9685916900634766
2024-08-25 00:00:00+00:00,1.9677420854568481,1.9677420854568481,1.8948885202407837,1.9243736267089844
2024-08-25 04:00:00+00:00,1.9298226833343506,1.9467617273330688,1.8509734869003296,1.8722424507141113
2024-08-25 08:00:00+00:00,1.8710397481918335,1.9173150062561035,1.8710397481918335,1.8862700462341309
2024-08-25 12:00:00+00:00,1.8855726718902588,1.9361016750335693,1.8855726718902588,1.9003698825836182
2024-08-25 16:00:00+00:00,1.902099609375,1.914219617843628,1.8951315879821777,1.9135777950286865
2024-08-25 20:00:00+00:00,1.913328766822815,1.9435337781906128,1.9044018983840942,1.9044018983840942
2024-08-26 00:00:00+00:00,1.910780429840088,1.93023681640625,1.8373606204986572,1.86557137966156
2024-08-26 04:00:00+00:00,1.8698530197143555,1.8876843452453613,1.8295804262161255,1.8603612184524536
2024-08-26 08:00:00+00:00,1.8606599569320679,1.9351640939712524,1.8606599569320679,1.9180240631103516
2024-08-26 12:00:00+00:00,1.9142470359802246,1.928978443145752,1.8419430255889893,1.852647066116333
2024-08-26 16:00:00+00:00,1.843981385231018,1.8564555644989014,1.7867027521133423,1.7883790731430054
2024-08-26 20:00:00+00:00,1.7885080575942993,1.8058124780654907,1.7680920362472534,1.7720013856887817
2024-08-27 00:00:00+00:00,1.7711659669876099,1.8054358959197998,1.7711659669876099,1.8033117055892944
2024-08-27 04:00:00+00:00,1.805783987045288,1.8203295469284058,1.764555811882019,1.773481845855713
2024-08-27 08:00:00+00:00,1.7749109268188477,1.7779096364974976,1.7086228132247925,1.7140412330627441
2024-08-27 12:00:00+00:00,1.7151583433151245,1.7257745265960693,1.6645481586456299,1.7080620527267456
2024-08-27 16:00:00+00:00,1.701760172843933,1.7266607284545898,1.6881779432296753,1.6881779432296753
2024-08-27 20:00:00+00:00,1.6877923011779785,1.6877923011779785,1.5592252016067505,1.5766708850860596
2024-08-28 00:00:00+00:00,1.57291579246521,1.5868481397628784,1.522342324256897,1.5868481397628784
2024-08-28 04:00:00+00:00,1.5933352708816528,1.5938971042633057,1.5574638843536377,1.5574638843536377
2024-08-28 08:00:00+00:00,1.5541893243789673,1.6526762247085571,1.5541893243789673,1.6106173992156982
2024-08-28 12:00:00+00:00,1.6074459552764893,1.6283462047576904,1.5509148836135864,1.5586994886398315
2024-08-28 16:00:00+00:00,1.5353211164474487,1.6095961332321167,1.4916130304336548,1.5877325534820557
2024-08-28 20:00:00+00:00,1.5759705305099487,1.5939699411392212,1.5538986921310425,1.582252860069275
2024-08-29 00:00:00+00:00,1.583837628364563,1.5962365865707397,1.5697157382965088,1.5731133222579956
2024-08-29 04:00:00+00:00,1.5748417377471924,1.6101282835006714,1.5679596662521362,1.6036911010742188
2024-08-29 08:00:00+00:00,1.601995825767517,1.637381672859192,1.5840816497802734,1.620941162109375
2024-08-29 12:00:00+00:00,1.6166832447052002,1.6708284616470337,1.6046404838562012,1.6544382572174072
2024-08-29 16:00:00+00:00,1.6599937677383423,1.6756216287612915,1.5402967929840088,1.5489392280578613
2024-08-29 20:00:00+00:00,1.5548218488693237,1.5659019947052002,1.527830958366394,1.5401854515075684
2024-08-30 00:00:00+00:00,1.5360405445098877,1.5603243112564087,1.5303049087524414,1.5361459255218506
2024-08-30 04:00:00+00:00,1.5341877937316895,1.551112413406372,1.5253477096557617,1.537263035774231
2024-08-30 08:00:00+00:00,1.53884756565094,1.5529775619506836,1.5324592590332031,1.5338727235794067
2024-08-30 12:00:00+00:00,1.5347636938095093,1.562841534614563,1.4479795694351196,1.4500765800476074
2024-08-30 16:00:00+00:00,1.4464638233184814,1.541000247001648,1.4464638233184814,1.5200839042663574
2024-08-30 20:00:00+00:00,1.5206935405731201,1.56258225440979,1.5189626216888428,1.5510313510894775
2024-08-31 00:00:00+00:00,1.545165777206421,1.5665704011917114,1.545165777206421,1.5497698783874512
2024-08-31 04:00:00+00:00,1.5491832494735718,1.5544242858886719,1.5287387371063232,1.530949592590332
2024-08-31 08:00:00+00:00,1.531907558441162,1.5374798774719238,1.5043131113052368,1.5371391773223877
2024-08-31 12:00:00+00:00,1.5360374450683594,1.5505332946777344,1.5207871198654175,1.528635025024414
2024-08-31 16:00:00+00:00,1.5289937257766724,1.5289937257766724,1.5035922527313232,1.5099774599075317
2024-08-31 20:00:00+00:00,1.5087718963623047,1.527117133140564,1.5058726072311401,1.5177022218704224
2024-09-01 00:00:00+00:00,1.5167615413665771,1.5235340595245361,1.481629729270935,1.5040532350540161
2024-09-01 04:00:00+00:00,1.5034422874450684,1.5065809488296509,1.4741710424423218,1.4916795492172241
2024-09-01 08:00:00+00:00,1.4942291975021362,1.4942291975021362,1.460176706314087,1.4767889976501465
2024-09-01 12:00:00+00:00,1.4781051874160767,1.485859751701355,1.4237067699432373,1.4813635349273682
2024-09-01 16:00:00+00:00,1.4804397821426392,1.4906803369522095,1.4420515298843384,1.4802557229995728
2024-09-01 20:00:00+00:00,1.4840571880340576,1.4949431419372559,1.3905091285705566,1.4001023769378662
2024-09-02 00:00:00+00:00,1.3971201181411743,1.4284826517105103,1.393484115600586,1.4187737703323364
2024-09-02 04:00:00+00:00,1.4225142002105713,1.425852656364441,1.3905794620513916,1.395005464553833
2024-09-02 08:00:00+00:00,1.3960254192352295,1.4696201086044312,1.3941503763198853,1.4599437713623047
2024-09-02 12:00:00+00:00,1.459681749343872,1.4929765462875366,1.4444262981414795,1.4814821481704712
2024-09-02 16:00:00+00:00,1.4786381721496582,1.5337584018707275,1.4674900770187378,1.498453974723816
2024-09-02 20:00:00+00:00,1.4978634119033813,1.5514909029006958,1.4950982332229614,1.5413190126419067
2024-09-03 00:00:00+00:00,1.5402365922927856,1.6295949220657349,1.5299097299575806,1.5869520902633667
2024-09-03 04:00:00+00:00,1.5909746885299683,1.5955076217651367,1.5728561878204346,1.5930726528167725
2024-09-03 08:00:00+00:00,1.594538688659668,1.5958201885223389,1.5769587755203247,1.5919101238250732
2024-09-03 12:00:00+00:00,1.5919338464736938,1.6089999675750732,1.4990732669830322,1.4990732669830322
2024-09-03 16:00:00+00:00,1.502002239227295,1.546966552734375,1.4922910928726196,1.5208274126052856
2024-09-03 20:00:00+00:00,1.5196118354797363,1.526532530784607,1.493906855583191,1.493906855583191
2024-09-04 00:00:00+00:00,1.4906258583068848,1.512176513671875,1.434705376625061,1.512176513671875
2024-09-04 04:00:00+00:00,1.5112028121948242,1.5362544059753418,1.487776279449463,1.5253055095672607
2024-09-04 08:00:00+00:00,1.5276302099227905,1.5282177925109863,1.463302493095398,1.4834980964660645
2024-09-04 12:00:00+00:00,1.4851654767990112,1.6001503467559814,1.4851654767990112,1.6001503467559814
2024-09-04 16:00:00+00:00,1.5980322360992432,1.6284339427947998,1.5836175680160522,1.597839593887329
2024-09-04 20:00:00+00:00,1.601186990737915,1.6412560939788818,1.5896363258361816,1.6359846591949463
2024-09-05 00:00:00+00:00,1.6376928091049194,1.6376928091049194,1.561379313468933,1.561379313468933
2024-09-05 04:00:00+00:00,1.5596013069152832,1.6051236391067505,1.5596013069152832,1.6013041734695435
2024-09-05 08:00:00+00:00,1.5992318391799927,1.6058608293533325,1.5795798301696777,1.5818721055984497
2024-09-05 12:00:00+00:00,1.5823259353637695,1.6279875040054321,1.5366774797439575,1.5534511804580688
2024-09-05 16:00:00+00:00,1.5530983209609985,1.55935537815094,1.508807897567749,1.508807897567749
2024-09-05 20:00:00+00:00,1.5098903179168701,1.536257266998291,1.5066068172454834,1.530837059020996
2024-09-06 00:00:00+00:00,1.5329575538635254,1.5632134675979614,1.5216972827911377,1.5484639406204224
2024-09-06 04:00:00+00:00,1.5467123985290527,1.5492510795593262,1.4959043264389038,1.5169503688812256
2024-09-06 08:00:00+00:00,1.5155136585235596,1.5358699560165405,1.5074948072433472,1.5308983325958252
2024-09-06 12:00:00+00:00,1.5304553508758545,1.5991199016571045,1.507879376411438,1.5273395776748657
2024-09-06 16:00:00+00:00,1.5273882150650024,1.5273882150650024,1.456237554550171,1.4694644212722778
2024-09-06 20:00:00+00:00,1.4667900800704956,1.4986175298690796,1.407439112663269,1.492436170578003
2024-09-07 00:00:00+00:00,1.4884169101715088,1.5269266366958618,1.4819833040237427,1.4895659685134888
2024-09-07 04:00:00+00:00,1.4875155687332153,1.510452151298523,1.4851781129837036,1.5006550550460815
2024-09-07 08:00:00+00:00,1.5036593675613403,1.5126169919967651,1.4968907833099365,1.4975732564926147
2024-09-07 12:00:00+00:00,1.4999431371688843,1.5313860177993774,1.4999431371688843,1.527467131614685
2024-09-07 16:00:00+00:00,1.5269591808319092,1.5278472900390625,1.4741404056549072,1.507120966911316
2024-09-07 20:00:00+00:00,1.503017544746399,1.503017544746399,1.4650254249572754,1.4804112911224365
2024-09-08 00:00:00+00:00,1.478554129600525,1.4972920417785645,1.4728362560272217,1.4943636655807495
2024-09-08 04:00:00+00:00,1.4972904920578003,1.5205891132354736,1.4939274787902832,1.5202234983444214
2024-09-08 08:00:00+00:00,1.5171626806259155,1.5396555662155151,1.5081841945648193,1.5204784870147705
2024-09-08 12:00:00+00:00,1.518964171409607,1.5193263292312622,1.4984935522079468,1.4994641542434692
2024-09-08 16:00:00+00:00,1.4907931089401245,1.5137361288070679,1.4862228631973267,1.5051050186157227
2024-09-08 20:00:00+00:00,1.5056097507476807,1.58400559425354,1.5018473863601685,1.5677123069763184
2024-09-09 00:00:00+00:00,1.573073148727417,1.584580659866333,1.5312236547470093,1.5344072580337524
2024-09-09 04:00:00+00:00,1.5332787036895752,1.5405242443084717,1.5188285112380981,1.5405242443084717
2024-09-09 08:00:00+00:00,1.5395169258117676,1.5599836111068726,1.5347187519073486,1.5404411554336548
2024-09-09 12:00:00+00:00,1.5400489568710327,1.5593808889389038,1.521268367767334,1.5593808889389038
2024-09-09 16:00:00+00:00,1.5589052438735962,1.6828902959823608,1.5589052438735962,1.6828902959823608
2024-09-09 20:00:00+00:00,1.6799594163894653,1.7185381650924683,1.6518042087554932,1.6692333221435547
2024-09-10 00:00:00+00:00,1.6703298091888428,1.683240294456482,1.6536637544631958,1.6536637544631958
2024-09-10 04:00:00+00:00,1.6520841121673584,1.7100774049758911,1.6504617929458618,1.7051424980163574
2024-09-10 08:00:00+00:00,1.7017513513565063,1.7108622789382935,1.6701864004135132,1.683574914932251
2024-09-10 12:00:00+00:00,1.6822707653045654,1.6822707653045654,1.6494249105453491,1.6543552875518799
2024-09-10 16:00:00+00:00,1.6503727436065674,1.6764137744903564,1.6291074752807617,1.6687605381011963
2024-09-10 20:00:00+00:00,1.6619212627410889,1.662693977355957,1.6468100547790527,1.6485595703125
2024-09-11 00:00:00+00:00,1.647985816001892,1.647985816001892,1.5955129861831665,1.6056373119354248
2024-09-11 04:00:00+00:00,1.6053149700164795,1.6053149700164795,1.5587563514709473,1.5718997716903687
2024-09-11 08:00:00+00:00,1.5700123310089111,1.5700123310089111,1.53564453125,1.5592076778411865
2024-09-11 12:00:00+00:00,1.5596476793289185,1.5809681415557861,1.5053521394729614,1.5346966981887817
2024-09-11 16:00:00+00:00,1.5356950759887695,1.5790847539901733,1.5356950759887695,1.5475866794586182
2024-09-11 20:00:00+00:00,1.5472252368927002,1.557128667831421,1.5383819341659546,1.5440531969070435
2024-09-12 00:00:00+00:00,1.542053461074829,1.5837326049804688,1.542053461074829,1.5617364645004272
2024-09-12 04:00:00+00:00,1.5584126710891724,1.5729964971542358,1.5424526929855347,1.5537585020065308
2024-09-12 08:00:00+00:00,1.5538066625595093,1.5575145483016968,1.537567377090454,1.540077567100525
2024-09-12 12:00:00+00:00,1.5409178733825684,1.5614537000656128,1.518871545791626,1.518871545791626
2024-09-12 16:00:00+00:00,1.519905924797058,1.5564533472061157,1.519905924797058,1.5564533472061157
2024-09-12 20:00:00+00:00,1.5559148788452148,1.564990758895874,1.5421818494796753,1.5604051351547241
2024-09-13 00:00:00+00:00,1.5608398914337158,1.5688257217407227,1.542016863822937,1.544236421585083
2024-09-13 04:00:00+00:00,1.5420316457748413,1.550085425376892,1.5290056467056274,1.5400309562683105
2024-09-13 08:00:00+00:00,1.5371772050857544,1.547696828842163,1.5281758308410645,1.5311591625213623
2024-09-13 12:00:00+00:00,1.5289814472198486,1.6061320304870605,1.5119277238845825,1.591121792793274
2024-09-13 16:00:00+00:00,1.5971624851226807,1.6206823587417603,1.573218822479248,1.6065165996551514
2024-09-13 20:00:00+00:00,1.6118528842926025,1.659624695777893,1.611544132232666,1.6366404294967651
2024-09-14 00:00:00+00:00,1.6380809545516968,1.6438945531845093,1.6211791038513184,1.6334404945373535
2024-09-14 04:00:00+00:00,1.6319329738616943,1.6414774656295776,1.607508897781372,1.6098511219024658
2024-09-14 08:00:00+00:00,1.6091670989990234,1.6139914989471436,1.5750999450683594,1.5787686109542847
2024-09-14 12:00:00+00:00,1.5788778066635132,1.592965841293335,1.5781890153884888,1.5819941759109497
2024-09-14 16:00:00+00:00,1.5800323486328125,1.5869866609573364,1.5573217868804932,1.5608131885528564
2024-09-14 20:00:00+00:00,1.5588905811309814,1.573180079460144,1.5580954551696777,1.5667470693588257
2024-09-15 00:00:00+00:00,1.566775918006897,1.5942320823669434,1.566775918006897,1.5827244520187378
2024-09-15 04:00:00+00:00,1.5812662839889526,1.5936990976333618,1.577181100845337,1.5936990976333618
2024-09-15 08:00:00+00:00,1.5956228971481323,1.5956228971481323,1.5596880912780762,1.5650804042816162
2024-09-15 12:00:00+00:00,1.564681053161621,1.5877459049224854,1.561988353729248,1.578528642654419
2024-09-15 16:00:00+00:00,1.5772924423217773,1.5772924423217773,1.529543399810791,1.5412859916687012
2024-09-15 20:00:00+00:00,1.5401135683059692,1.5401135683059692,1.4945809841156006,1.5042195320129395
2024-09-16 00:00:00+00:00,1.500089406967163,1.5036147832870483,1.4736807346343994,1.5023691654205322
2024-09-16 04:00:00+00:00,1.5024300813674927,1.5171798467636108,1.4976675510406494,1.5163898468017578
2024-09-16 08:00:00+00:00,1.5125808715820312,1.5172300338745117,1.4866420030593872,1.4932688474655151
2024-09-16 12:00:00+00:00,1.4988313913345337,1.5010145902633667,1.4647945165634155,1.4875432252883911
2024-09-16 16:00:00+00:00,1.485870361328125,1.5146733522415161,1.4740285873413086,1.5018974542617798
2024-09-16 20:00:00+00:00,1.496003270149231,1.5114134550094604,1.4768648147583008,1.507401943206787
2024-09-17 00:00:00+00:00,1.5085158348083496,1.5274440050125122,1.493901252746582,1.518291711807251
2024-09-17 04:00:00+00:00,1.5172624588012695,1.529197096824646,1.5074366331100464,1.5156680345535278
2024-09-17 08:00:00+00:00,1.5183296203613281,1.5306817293167114,1.5066757202148438,1.526891827583313
2024-09-17 12:00:00+00:00,1.525385856628418,1.5780742168426514,1.509382963180542,1.5602871179580688
2024-09-17 16:00:00+00:00,1.5598276853561401,1.5600417852401733,1.5141699314117432,1.5239802598953247
2024-09-17 20:00:00+00:00,1.524080753326416,1.538913607597351,1.5221937894821167,1.5348408222198486
2024-09-18 00:00:00+00:00,1.5360541343688965,1.5579227209091187,1.5137507915496826,1.5508555173873901
2024-09-18 04:00:00+00:00,1.5499818325042725,1.5547670125961304,1.5308711528778076,1.5375951528549194
2024-09-18 08:00:00+00:00,1.5353915691375732,1.5353915691375732,1.4844143390655518,1.5010753870010376
2024-09-18 12:00:00+00:00,1.4981130361557007,1.5067414045333862,1.4642186164855957,1.46746027469635
2024-09-18 16:00:00+00:00,1.462888479232788,1.5403409004211426,1.462888479232788,1.4913983345031738
2024-09-18 20:00:00+00:00,1.4882755279541016,1.6168534755706787,1.4781728982925415,1.6168534755706787
2024-09-19 00:00:00+00:00,1.6256022453308105,1.6898962259292603,1.6024293899536133,1.6762230396270752
2024-09-19 04:00:00+00:00,1.6784882545471191,1.72630774974823,1.656524896621704,1.71596360206604
2024-09-19 08:00:00+00:00,1.7171554565429688,1.7347439527511597,1.686221957206726,1.7347439527511597
2024-09-19 12:00:00+00:00,1.7322362661361694,1.7509897947311401,1.719640851020813,1.7210309505462646
2024-09-19 16:00:00+00:00,1.725414514541626,1.8135415315628052,1.725414514541626,1.7594239711761475
2024-09-19 20:00:00+00:00,1.7618058919906616,1.775769591331482,1.7273461818695068,1.7712693214416504
2024-09-20 00:00:00+00:00,1.777888298034668,1.7962957620620728,1.7321759462356567,1.7858973741531372
2024-09-20 04:00:00+00:00,1.7889751195907593,1.897784948348999,1.7846063375473022,1.8712482452392578
2024-09-20 08:00:00+00:00,1.850390911102295,1.850390911102295,1.7911838293075562,1.800807237625122
2024-09-20 12:00:00+00:00,1.797458529472351,1.8133471012115479,1.7631233930587769,1.7924357652664185
2024-09-20 16:00:00+00:00,1.7915230989456177,1.794325828552246,1.7475579977035522,1.7705663442611694
2024-09-20 20:00:00+00:00,1.76984441280365,1.7907357215881348,1.7669906616210938,1.7762608528137207
2024-09-21 00:00:00+00:00,1.7783194780349731,1.7829406261444092,1.7224119901657104,1.7224119901657104
2024-09-21 04:00:00+00:00,1.719167947769165,1.7249534130096436,1.6696627140045166,1.723862886428833
2024-09-21 08:00:00+00:00,1.725935697555542,1.7267850637435913,1.6999620199203491,1.710594892501831
2024-09-21 12:00:00+00:00,1.7096037864685059,1.7639974355697632,1.7080634832382202,1.7437398433685303
2024-09-21 16:00:00+00:00,1.7435165643692017,1.7626863718032837,1.7377445697784424,1.747038722038269
2024-09-21 20:00:00+00:00,1.747875452041626,1.7822904586791992,1.7360126972198486,1.77957022190094
2024-09-22 00:00:00+00:00,1.778070330619812,1.778070330619812,1.7244360446929932,1.7329248189926147
2024-09-22 04:00:00+00:00,1.7325289249420166,1.736785650253296,1.7111865282058716,1.7232584953308105
2024-09-22 08:00:00+00:00,1.7228708267211914,1.7332267761230469,1.6823616027832031,1.6945593357086182
2024-09-22 12:00:00+00:00,1.6958067417144775,1.6985448598861694,1.6559962034225464,1.6637978553771973
2024-09-22 16:00:00+00:00,1.6629846096038818,1.6912319660186768,1.6492799520492554,1.6864733695983887
2024-09-22 20:00:00+00:00,1.682759404182434,1.7121658325195312,1.6286348104476929,1.693619966506958
2024-09-23 00:00:00+00:00,1.6944074630737305,1.7849600315093994,1.6814243793487549,1.7785054445266724
2024-09-23 04:00:00+00:00,1.7740920782089233,1.7796587944030762,1.6983951330184937,1.7000679969787598
2024-09-23 08:00:00+00:00,1.6989825963974,1.7255096435546875,1.6868940591812134,1.696273684501648
2024-09-23 12:00:00+00:00,1.696763515472412,1.7422913312911987,1.6812087297439575,1.7392951250076294
2024-09-23 16:00:00+00:00,1.7540919780731201,1.7617087364196777,1.719384789466858,1.7456670999526978
2024-09-23 20:00:00+00:00,1.7451930046081543,1.7571247816085815,1.729750156402588,1.7406005859375
2024-09-24 00:00:00+00:00,1.7446677684783936,1.7806878089904785,1.707916021347046,1.772704005241394
2024-09-24 04:00:00+00:00,1.7787222862243652,1.8108725547790527,1.734373688697815,1.8108725547790527
2024-09-24 08:00:00+00:00,1.8319274187088013,1.920389175415039,1.8319274187088013,1.9176421165466309
2024-09-24 12:00:00+00:00,1.9190739393234253,1.9553314447402954,1.891115665435791,1.9265708923339844
2024-09-24 16:00:00+00:00,1.9274204969406128,2.0327019691467285,1.926637053489685,2.003115653991699
2024-09-24 20:00:00+00:00,2.0079877376556396,2.0191843509674072,1.9788862466812134,1.9953861236572266
2024-09-25 00:00:00+00:00,1.9907896518707275,2.0713772773742676,1.9696125984191895,2.0607264041900635
2024-09-25 04:00:00+00:00,2.0510683059692383,2.0510683059692383,1.9700744152069092,1.9719772338867188
2024-09-25 08:00:00+00:00,1.9692031145095825,1.9972189664840698,1.9690207242965698,1.9953396320343018
2024-09-25 12:00:00+00:00,1.995524287223816,2.0807878971099854,1.9744844436645508,2.0176494121551514
2024-09-25 16:00:00+00:00,2.020967960357666,2.127346992492676,2.0120344161987305,2.1139025688171387
2024-09-25 20:00:00+00:00,2.1001994609832764,2.1220290660858154,2.0157382488250732,2.0232207775115967
2024-09-26 00:00:00+00:00,2.023613691329956,2.1076302528381348,1.989214539527893,2.099571943283081
2024-09-26 04:00:00+00:00,2.0969347953796387,2.1818199157714844,2.0831761360168457,2.1779260635375977
2024-09-26 08:00:00+00:00,2.1728622913360596,2.251451015472412,2.172470808029175,2.2335097789764404
2024-09-26 12:00:00+00:00,2.2328858375549316,2.2636466026306152,2.1946566104888916,2.2636466026306152
2024-09-26 16:00:00+00:00,2.26985764503479,2.2797398567199707,2.2018511295318604,2.20223069190979
2024-09-26 20:00:00+00:00,2.2002854347229004,2.2134175300598145,2.170260429382324,2.207465171813965
2024-09-27 00:00:00+00:00,2.210022211074829,2.2654972076416016,2.1931827068328857,2.2420310974121094
2024-09-27 04:00:00+00:00,2.2431514263153076,2.352012872695923,2.2431514263153076,2.316901683807373
2024-09-27 08:00:00+00:00,2.3201417922973633,2.4173567295074463,2.3201417922973633,2.337583541870117
2024-09-27 12:00:00+00:00,2.3439745903015137,2.3994905948638916,2.3175108432769775,2.342697858810425
2024-09-27 16:00:00+00:00,2.3391177654266357,2.3391177654266357,2.263679265975952,2.263679265975952
2024-09-27 20:00:00+00:00,2.266746759414673,2.300873041152954,2.266746759414673,2.2683310508728027
2024-09-28 00:00:00+00:00,2.270772695541382,2.3735430240631104,2.270772695541382,2.3358845710754395
2024-09-28 04:00:00+00:00,2.336076259613037,2.336076259613037,2.230220317840576,2.234459400177002
2024-09-28 08:00:00+00:00,2.2350614070892334,2.3125805854797363,2.224989175796509,2.3115041255950928
2024-09-28 12:00:00+00:00,2.3075978755950928,2.3356435298919678,2.2745041847229004,2.3153817653656006
2024-09-28 16:00:00+00:00,2.3150224685668945,2.3440961837768555,2.3018417358398438,2.3259737491607666
2024-09-28 20:00:00+00:00,2.324979543685913,2.373504877090454,2.2780253887176514,2.373504877090454
2024-09-29 00:00:00+00:00,2.3704822063446045,2.4032962322235107,2.3028013706207275,2.3918895721435547
2024-09-29 04:00:00+00:00,2.3884923458099365,2.3884923458099365,2.2885007858276367,2.2885007858276367
2024-09-29 08:00:00+00:00,2.2929883003234863,2.3001604080200195,2.2539849281311035,2.292203903198242
2024-09-29 12:00:00+00:00,2.290632724761963,2.301975727081299,2.2638649940490723,2.2847471237182617
2024-09-29 16:00:00+00:00,2.281458854675293,2.409487009048462,2.2628986835479736,2.409487009048462
2024-09-29 20:00:00+00:00,2.455066442489624,2.557321071624756,2.4426419734954834,2.453653335571289
2024-09-30 00:00:00+00:00,2.453281879425049,2.4744460582733154,2.382685899734497,2.470581293106079
2024-09-30 04:00:00+00:00,2.4676036834716797,2.4795219898223877,2.412687301635742,2.4149417877197266
2024-09-30 08:00:00+00:00,2.4125213623046875,2.4125213623046875,2.3415415287017822,2.3833742141723633
2024-09-30 12:00:00+00:00,2.383387327194214,2.469987154006958,2.3757452964782715,2.4004383087158203
2024-09-30 16:00:00+00:00,2.414989709854126,2.505192518234253,2.414989709854126,2.484394073486328
2024-09-30 20:00:00+00:00,2.4907331466674805,2.6152048110961914,2.4454429149627686,2.4674899578094482
2024-10-01 00:00:00+00:00,2.458867311477661,2.528491497039795,2.4412734508514404,2.527676582336426
2024-10-01 04:00:00+00:00,2.5308167934417725,2.592160940170288,2.521242380142212,2.57847261428833
2024-10-01 08:00:00+00:00,2.575126886367798,2.589226484298706,2.5350446701049805,2.562847375869751
2024-10-01 12:00:00+00:00,2.5566935539245605,2.578674077987671,2.2866873741149902,2.411165952682495
2024-10-01 16:00:00+00:00,2.4033138751983643,2.434515953063965,2.1949896812438965,2.2691614627838135
2024-10-01 20:00:00+00:00,2.2739014625549316,2.32165789604187,2.2321178913116455,2.3009092807769775
2024-10-02 00:00:00+00:00,2.299420118331909,2.393582820892334,2.267591714859009,2.3530871868133545
2024-10-02 04:00:00+00:00,2.350100517272949,2.4828410148620605,2.334059715270996,2.455009937286377
2024-10-02 08:00:00+00:00,2.453382730484009,2.4856951236724854,2.2851510047912598,2.2851510047912598
2024-10-02 12:00:00+00:00,2.2782866954803467,2.313082695007324,2.1937191486358643,2.2672646045684814
2024-10-02 16:00:00+00:00,2.2771613597869873,2.3246912956237793,2.114766836166382,2.2012572288513184
2024-10-02 20:00:00+00:00,2.1769447326660156,2.2546260356903076,2.1558003425598145,2.20477294921875
2024-10-03 00:00:00+00:00,2.2092525959014893,2.2907612323760986,2.2034480571746826,2.242603302001953
2024-10-03 04:00:00+00:00,2.239893674850464,2.239893674850464,2.1089844703674316,2.1089844703674316
2024-10-03 08:00:00+00:00,2.107971668243408,2.146493911743164,2.0173020362854004,2.090627431869507
2024-10-03 12:00:00+00:00,2.085183620452881,2.1466147899627686,1.988674521446228,2.056065082550049
2024-10-03 16:00:00+00:00,2.0544915199279785,2.074108600616455,1.9788620471954346,2.074108600616455
2024-10-03 20:00:00+00:00,2.0758588314056396,2.0829694271087646,2.0094592571258545,2.0393385887145996
2024-10-04 00:00:00+00:00,2.0385870933532715,2.105776071548462,2.0133216381073,2.030607223510742
2024-10-04 04:00:00+00:00,2.03230619430542,2.174179792404175,2.030644416809082,2.150195837020874
2024-10-04 08:00:00+00:00,2.1465280055999756,2.1882848739624023,2.1325080394744873,2.1882848739624023
2024-10-04 12:00:00+00:00,2.190444231033325,2.2784154415130615,2.1473584175109863,2.2698569297790527
2024-10-04 16:00:00+00:00,2.2698304653167725,2.3337223529815674,2.2508130073547363,2.3206117153167725
2024-10-04 20:00:00+00:00,2.3200063705444336,2.358161687850952,2.2845652103424072,2.2898952960968018
2024-10-05 00:00:00+00:00,2.293861150741577,2.35172176361084,2.293506145477295,2.294623613357544
2024-10-05 04:00:00+00:00,2.2908685207366943,2.3848650455474854,2.2780208587646484,2.339503049850464
2024-10-05 08:00:00+00:00,2.331949472427368,2.362767457962036,2.3181040287017822,2.3358983993530273
2024-10-05 12:00:00+00:00,2.336190700531006,2.3547134399414062,2.2774851322174072,2.291869640350342
2024-10-05 16:00:00+00:00,2.2910373210906982,2.2910373210906982,2.235046148300171,2.2396349906921387
2024-10-05 20:00:00+00:00,2.2381739616394043,2.2507312297821045,2.1950886249542236,2.2507312297821045
2024-10-06 00:00:00+00:00,2.2500767707824707,2.286755084991455,2.23418927192688,2.247645378112793
2024-10-06 04:00:00+00:00,2.245070695877075,2.254369020462036,2.2201361656188965,2.228541135787964
2024-10-06 08:00:00+00:00,2.228081464767456,2.276811361312866,2.220473051071167,2.276811361312866
2024-10-06 12:00:00+00:00,2.2745490074157715,2.437037706375122,2.2663400173187256,2.415104627609253
2024-10-06 16:00:00+00:00,2.4181718826293945,2.4760289192199707,2.4096691608428955,2.429126501083374
2024-10-06 20:00:00+00:00,2.431020736694336,2.57535719871521,2.4240620136260986,2.566685914993286
2024-10-07 00:00:00+00:00,2.5630319118499756,2.6904287338256836,2.5540754795074463,2.666386365890503
2024-10-07 04:00:00+00:00,2.661775588989258,2.71966290473938,2.6207900047302246,2.670804977416992
2024-10-07 08:00:00+00:00,2.6678693294525146,2.706692695617676,2.600214958190918,2.615415334701538
2024-10-07 12:00:00+00:00,2.624579668045044,2.789623975753784,2.576467752456665,2.7066404819488525
2024-10-07 16:00:00+00:00,2.732637643814087,2.7674648761749268,2.662745475769043,2.6979682445526123
2024-10-07 20:00:00+00:00,2.6958577632904053,2.6958577632904053,2.532177686691284,2.532177686691284
2024-10-08 00:00:00+00:00,2.5309641361236572,2.593485116958618,2.529646873474121,2.579078197479248
2024-10-08 04:00:00+00:00,2.5835328102111816,2.5929272174835205,2.4567627906799316,2.4649455547332764
2024-10-08 08:00:00+00:00,2.4534378051757812,2.5138847827911377,2.4446544647216797,2.5077850818634033
2024-10-08 12:00:00+00:00,2.508244752883911,2.5178823471069336,2.4330365657806396,2.477984666824341
2024-10-08 16:00:00+00:00,2.4732398986816406,2.505781888961792,2.4298386573791504,2.46909236907959
2024-10-08 20:00:00+00:00,2.4623281955718994,2.491832971572876,2.4289350509643555,2.4568490982055664
2024-10-09 00:00:00+00:00,2.46024489402771,2.5516560077667236,2.451113700866699,2.4686079025268555
2024-10-09 04:00:00+00:00,2.4612345695495605,2.520430564880371,2.438976764678955,2.513469696044922
2024-10-09 08:00:00+00:00,2.512871742248535,2.5285332202911377,2.4804201126098633,2.5184524059295654
2024-10-09 12:00:00+00:00,2.519883632659912,2.5207290649414062,2.336230993270874,2.4280476570129395
2024-10-09 16:00:00+00:00,2.434884786605835,2.434884786605835,2.3355014324188232,2.348036289215088
2024-10-09 20:00:00+00:00,2.3458292484283447,2.3475992679595947,2.310180902481079,2.3234565258026123
2024-10-10 00:00:00+00:00,2.3277008533477783,2.3535423278808594,2.3034255504608154,2.347121000289917
2024-10-10 04:00:00+00:00,2.351120948791504,2.379744052886963,2.3313543796539307,2.3660690784454346
2024-10-10 08:00:00+00:00,2.3574321269989014,2.4249179363250732,2.2345621585845947,2.4249179363250732
2024-10-10 12:00:00+00:00,2.4283440113067627,2.4473612308502197,2.271557092666626,2.3066999912261963
2024-10-10 16:00:00+00:00,2.316054582595825,2.3903870582580566,2.2507472038269043,2.3800976276397705
2024-10-10 20:00:00+00:00,2.381803512573242,2.447247266769409,2.381803512573242,2.4320333003997803
2024-10-11 00:00:00+00:00,2.432767152786255,2.5245559215545654,2.4245595932006836,2.489793539047241
2024-10-11 04:00:00+00:00,2.4885170459747314,2.568816661834717,2.47247314453125,2.5228254795074463
2024-10-11 08:00:00+00:00,2.522101402282715,2.5310235023498535,2.478882074356079,2.5254924297332764
2024-10-11 12:00:00+00:00,2.5214462280273438,2.6980459690093994,2.5203113555908203,2.6802868843078613
2024-10-11 16:00:00+00:00,2.681549072265625,2.780658721923828,2.6758174896240234,2.744748830795288
2024-10-11 20:00:00+00:00,2.7478880882263184,2.788769006729126,2.7385642528533936,2.7538788318634033
2024-10-12 00:00:00+00:00,2.758463144302368,2.801314115524292,2.6997063159942627,2.6997063159942627
2024-10-12 04:00:00+00:00,2.7079741954803467,2.7303619384765625,2.6734020709991455,2.701531410217285
2024-10-12 08:00:00+00:00,2.6989893913269043,2.768805742263794,2.696249008178711,2.73555326461792
2024-10-12 12:00:00+00:00,2.7258412837982178,2.792229175567627,2.7004008293151855,2.7157654762268066
2024-10-12 16:00:00+00:00,2.735058069229126,2.758375406265259,2.6969306468963623,2.728308916091919
2024-10-12 20:00:00+00:00,2.7253804206848145,2.7505340576171875,2.6715266704559326,2.6744766235351562
2024-10-13 00:00:00+00:00,2.6718015670776367,2.778949499130249,2.6718015670776367,2.732179880142212
2024-10-13 04:00:00+00:00,2.7344915866851807,2.815646171569824,2.731639862060547,2.815646171569824
2024-10-13 08:00:00+00:00,2.801086187362671,2.854525089263916,2.705796480178833,2.705796480178833
2024-10-13 12:00:00+00:00,2.7072699069976807,2.737483263015747,2.6649720668792725,2.6764791011810303
2024-10-13 16:00:00+00:00,2.680266857147217,2.728874921798706,2.6042697429656982,2.614283323287964
2024-10-13 20:00:00+00:00,2.6074953079223633,2.724356174468994,2.60426926612854,2.6640655994415283
2024-10-14 00:00:00+00:00,2.659837007522583,2.8175032138824463,2.600958824157715,2.8175032138824463
2024-10-14 04:00:00+00:00,2.821516752243042,2.846586227416992,2.7766788005828857,2.8142497539520264
2024-10-14 08:00:00+00:00,2.817500352859497,2.87679123878479,2.784000873565674,2.855297803878784
2024-10-14 12:00:00+00:00,2.8496055603027344,2.9590048789978027,2.8224546909332275,2.9535531997680664
2024-10-14 16:00:00+00:00,2.947392702102661,2.947392702102661,2.80411958694458,2.826115131378174
2024-10-14 20:00:00+00:00,2.824309825897217,2.854851484298706,2.7866463661193848,2.8269684314727783
2024-10-15 00:00:00+00:00,2.824687957763672,2.8510613441467285,2.7532598972320557,2.754074811935425
2024-10-15 04:00:00+00:00,2.7599101066589355,2.7726850509643555,2.714254379272461,2.7293951511383057
2024-10-15 08:00:00+00:00,2.7332849502563477,2.7409486770629883,2.60910964012146,2.60910964012146
2024-10-15 12:00:00+00:00,2.642373561859131,2.8034257888793945,2.621591091156006,2.6674177646636963
2024-10-15 16:00:00+00:00,2.6731808185577393,2.7272231578826904,2.6444389820098877,2.6530251502990723
2024-10-15 20:00:00+00:00,2.651043176651001,2.651043176651001,2.560948371887207,2.642066240310669
2024-10-16 00:00:00+00:00,2.648221254348755,2.7021281719207764,2.603787899017334,2.6100502014160156
2024-10-16 04:00:00+00:00,2.6045732498168945,2.613492012023926,2.5126185417175293,2.524400234222412
2024-10-16 08:00:00+00:00,2.5330088138580322,2.6563446521759033,2.5330088138580322,2.6067938804626465
2024-10-16 12:00:00+00:00,2.6025614738464355,2.6238269805908203,2.530841588973999,2.538337469100952
2024-10-16 16:00:00+00:00,2.5430665016174316,2.6066079139709473,2.5246822834014893,2.603721857070923
2024-10-16 20:00:00+00:00,2.6047775745391846,2.7080490589141846,2.6047775745391846,2.6372570991516113
2024-10-17 00:00:00+00:00,2.644458532333374,2.6596527099609375,2.6050493717193604,2.639188289642334
2024-10-17 04:00:00+00:00,2.646101236343384,2.6546037197113037,2.524526834487915,2.5494534969329834
2024-10-17 08:00:00+00:00,2.5561416149139404,2.58341383934021,2.515523910522461,2.5194122791290283
2024-10-17 12:00:00+00:00,2.526423692703247,2.6059484481811523,2.526423692703247,2.589268207550049
2024-10-17 16:00:00+00:00,2.586714029312134,2.587177038192749,2.453763008117676,2.4923899173736572
2024-10-17 20:00:00+00:00,2.504032850265503,2.575537919998169,2.504032850265503,2.5416483879089355
2024-10-18 00:00:00+00:00,2.5473289489746094,2.702502489089966,2.539541244506836,2.6730191707611084
2024-10-18 04:00:00+00:00,2.69325590133667,2.722801923751831,2.613572120666504,2.628239154815674
2024-10-18 08:00:00+00:00,2.625138282775879,2.665868043899536,2.6119329929351807,2.6393895149230957
2024-10-18 12:00:00+00:00,2.648282527923584,2.6741204261779785,2.610309362411499,2.657792806625366
2024-10-18 16:00:00+00:00,2.64871883392334,2.6849942207336426,2.633312463760376,2.6483142375946045
2024-10-18 20:00:00+00:00,2.6497998237609863,2.6601569652557373,2.6107840538024902,2.6601569652557373
2024-10-19 00:00:00+00:00,2.66155743598938,2.742192029953003,2.6508476734161377,2.6943752765655518
2024-10-19 04:00:00+00:00,2.6936185359954834,2.7078824043273926,2.6518468856811523,2.655731201171875
2024-10-19 08:00:00+00:00,2.664032459259033,2.675532341003418,2.627685546875,2.628732204437256
2024-10-19 12:00:00+00:00,2.6327764987945557,2.652623176574707,2.6252591609954834,2.6302666664123535
2024-10-19 16:00:00+00:00,2.6288552284240723,2.6288552284240723,2.5848255157470703,2.585134744644165
2024-10-19 20:00:00+00:00,2.5882301330566406,2.6441664695739746,2.5882301330566406,2.6441664695739746
2024-10-20 00:00:00+00:00,2.647231101989746,2.678074836730957,2.577277421951294,2.6011805534362793
2024-10-20 04:00:00+00:00,2.5999011993408203,2.6324737071990967,2.5886096954345703,2.617828369140625
2024-10-20 08:00:00+00:00,2.6216299533843994,2.65968918800354,2.6072754859924316,2.6418468952178955
2024-10-20 12:00:00+00:00,2.642119884490967,2.667177438735962,2.589672327041626,2.6608803272247314
2024-10-20 16:00:00+00:00,2.6606860160827637,2.7081172466278076,2.6477763652801514,2.666396379470825
2024-10-20 20:00:00+00:00,2.662166118621826,2.7390856742858887,2.660672664642334,2.7116262912750244
2024-10-21 00:00:00+00:00,2.7142884731292725,2.7753565311431885,2.6738476753234863,2.6801681518554688
2024-10-21 04:00:00+00:00,2.6738643646240234,2.7123754024505615,2.6471896171569824,2.6562445163726807
2024-10-21 08:00:00+00:00,2.6605210304260254,2.6690473556518555,2.5869007110595703,2.5899481773376465
2024-10-21 12:00:00+00:00,2.5918996334075928,2.602168321609497,2.5132992267608643,2.527972459793091
2024-10-21 16:00:00+00:00,2.527963876724243,2.537757635116577,2.4926915168762207,2.5362815856933594
2024-10-21 20:00:00+00:00,2.5277233123779297,2.5450363159179688,2.502797842025757,2.5032620429992676
2024-10-22 00:00:00+00:00,2.501962423324585,2.5364959239959717,2.478419780731201,2.520873785018921
2024-10-22 04:00:00+00:00,2.521097183227539,2.5538535118103027,2.513183116912842,2.53855299949646
2024-10-22 08:00:00+00:00,2.528595447540283,2.531348466873169,2.448559522628784,2.470580816268921
2024-10-22 12:00:00+00:00,2.47288179397583,2.4858579635620117,2.38798189163208,2.43074107170105
2024-10-22 16:00:00+00:00,2.427117109298706,2.4302446842193604,2.3864150047302246,2.426523447036743
2024-10-22 20:00:00+00:00,2.4256510734558105,2.4494547843933105,2.418621778488159,2.418621778488159
2024-10-23 00:00:00+00:00,2.4243640899658203,2.4336636066436768,2.386807441711426,2.40604567527771
2024-10-23 04:00:00+00:00,2.4070639610290527,2.432507038116455,2.3887789249420166,2.399228811264038
2024-10-23 08:00:00+00:00,2.3966667652130127,2.4270148277282715,2.363342046737671,2.4079253673553467
2024-10-23 12:00:00+00:00,2.4108662605285645,2.452690362930298,2.386898994445801,2.4064178466796875
2024-10-23 16:00:00+00:00,2.4062540531158447,2.474571466445923,2.348438262939453,2.4729161262512207
2024-10-23 20:00:00+00:00,2.471160650253296,2.5449442863464355,2.471160650253296,2.5096702575683594
2024-10-24 00:00:00+00:00,2.5088415145874023,2.5920753479003906,2.498382806777954,2.564617395401001
2024-10-24 04:00:00+00:00,2.563687324523926,2.5692989826202393,2.5064053535461426,2.5064053535461426
2024-10-24 08:00:00+00:00,2.508737802505493,2.525217294692993,2.4673311710357666,2.510209560394287
2024-10-24 12:00:00+00:00,2.5082576274871826,2.5884597301483154,2.5024607181549072,2.5024607181549072
2024-10-24 16:00:00+00:00,2.509178400039673,2.5354630947113037,2.5058703422546387,2.5289084911346436
2024-10-24 20:00:00+00:00,2.5317039489746094,2.5987799167633057,2.51647686958313,2.555758237838745
2024-10-25 00:00:00+00:00,2.5551345348358154,2.5603911876678467,2.4719200134277344,2.520446300506592
2024-10-25 04:00:00+00:00,2.5240721702575684,2.528923511505127,2.471066474914551,2.4717750549316406
2024-10-25 08:00:00+00:00,2.473299264907837,2.5851950645446777,2.433364152908325,2.5765976905822754
2024-10-25 12:00:00+00:00,2.5772290229797363,2.5865838527679443,2.4253320693969727,2.4253320693969727
2024-10-25 16:00:00+00:00,2.433537006378174,2.5064079761505127,2.405446767807007,2.447417736053467
2024-10-25 20:00:00+00:00,2.4465982913970947,2.4966657161712646,2.2666008472442627,2.302921772003174
2024-10-26 00:00:00+00:00,2.301079750061035,2.31477952003479,2.24933123588562,2.31294584274292
2024-10-26 04:00:00+00:00,2.3099379539489746,2.343768358230591,2.2948951721191406,2.331134557723999
2024-10-26 08:00:00+00:00,2.326181173324585,2.392676830291748,2.326181173324585,2.383524179458618
2024-10-26 12:00:00+00:00,2.3826637268066406,2.3871872425079346,2.3287532329559326,2.3287532329559326
2024-10-26 16:00:00+00:00,2.327714681625366,2.3855068683624268,2.31618332862854,2.374699115753174
2024-10-26 20:00:00+00:00,2.3748302459716797,2.385255813598633,2.3562564849853516,2.3592116832733154
2024-10-27 00:00:00+00:00,2.358177661895752,2.4006779193878174,2.3338212966918945,2.3795559406280518
2024-10-27 04:00:00+00:00,2.3790981769561768,2.394054651260376,2.371609926223755,2.3814680576324463
2024-10-27 08:00:00+00:00,2.3817520141601562,2.4034104347229004,2.373023271560669,2.3747119903564453
2024-10-27 12:00:00+00:00,2.375004291534424,2.4424476623535156,2.375004291534424,2.430250883102417
2024-10-27 16:00:00+00:00,2.431548595428467,2.441336154937744,2.3990097045898438,2.4121499061584473
2024-10-27 20:00:00+00:00,2.4143991470336914,2.509880781173706,2.412132740020752,2.489203453063965
2024-10-28 00:00:00+00:00,2.4887421131134033,2.4887421131134033,2.389256477355957,2.389256477355957
2024-10-28 04:00:00+00:00,2.3865065574645996,2.4255590438842773,2.3480165004730225,2.411349058151245
2024-10-28 08:00:00+00:00,2.4050281047821045,2.446075677871704,2.4028360843658447,2.416689872741699
2024-10-28 12:00:00+00:00,2.4176547527313232,2.420711040496826,2.3073253631591797,2.3073253631591797
2024-10-28 16:00:00+00:00,2.28930926322937,2.3400585651397705,2.264957904815674,2.3264505863189697
2024-10-28 20:00:00+00:00,2.320934295654297,2.526855230331421,2.320934295654297,2.463831663131714
2024-10-29 00:00:00+00:00,2.465698003768921,2.5993313789367676,2.4456627368927,2.5562820434570312
2024-10-29 04:00:00+00:00,2.564148426055908,2.617417812347412,2.564148426055908,2.604992389678955
2024-10-29 08:00:00+00:00,2.6132302284240723,2.6638174057006836,2.6132302284240723,2.62738299369812
2024-10-29 12:00:00+00:00,2.630722999572754,2.639908790588379,2.599429130554199,2.6246631145477295
2024-10-29 16:00:00+00:00,2.6313207149505615,2.688926935195923,2.6072754859924316,2.609325408935547
2024-10-29 20:00:00+00:00,2.604454278945923,2.607853412628174,2.5547118186950684,2.607853412628174
2024-10-30 00:00:00+00:00,2.6111273765563965,2.6628968715667725,2.5687923431396484,2.6547892093658447
2024-10-30 04:00:00+00:00,2.6470088958740234,2.657703399658203,2.589552164077759,2.589552164077759
2024-10-30 08:00:00+00:00,2.5888047218322754,2.614086389541626,2.543426752090454,2.543426752090454
2024-10-30 12:00:00+00:00,2.536870241165161,2.61116361618042,2.530296802520752,2.5510597229003906
2024-10-30 16:00:00+00:00,2.545865058898926,2.5771708488464355,2.545865058898926,2.5563201904296875
2024-10-30 20:00:00+00:00,2.5551681518554688,2.603595018386841,2.546731472015381,2.581057071685791
2024-10-31 00:00:00+00:00,2.5824685096740723,2.592647075653076,2.548875570297241,2.5509932041168213
2024-10-31 04:00:00+00:00,2.5532968044281006,2.592505931854248,2.547546148300171,2.587423086166382
2024-10-31 08:00:00+00:00,2.5897488594055176,2.5897488594055176,2.542757511138916,2.5775704383850098
2024-10-31 12:00:00+00:00,2.5760068893432617,2.5816075801849365,2.472930431365967,2.498542547225952
2024-10-31 16:00:00+00:00,2.495044231414795,2.495044231414795,2.3844358921051025,2.3844358921051025
2024-10-31 20:00:00+00:00,2.366596221923828,2.393012523651123,2.3579602241516113,2.381288528442383
2024-11-01 00:00:00+00:00,2.3831493854522705,2.389333963394165,2.332174777984619,2.337348699569702
2024-11-01 04:00:00+00:00,2.336634397506714,2.3450496196746826,2.2702834606170654,2.2813265323638916
2024-11-01 08:00:00+00:00,2.2831814289093018,2.333818197250366,2.28205943107605,2.325470209121704
2024-11-01 12:00:00+00:00,2.3288912773132324,2.4288675785064697,2.2706756591796875,2.291780471801758
2024-11-01 16:00:00+00:00,2.292778253555298,2.3156776428222656,2.2400009632110596,2.2587075233459473
2024-11-01 20:00:00+00:00,2.2588438987731934,2.2774927616119385,2.182825803756714,2.198169469833374
2024-11-02 00:00:00+00:00,2.203892230987549,2.240300416946411,2.203892230987549,2.217564344406128
2024-11-02 04:00:00+00:00,2.2225534915924072,2.229074239730835,2.204439401626587,2.2108094692230225
2024-11-02 08:00:00+00:00,2.2167906761169434,2.2171971797943115,2.188340425491333,2.1919474601745605
2024-11-02 12:00:00+00:00,2.195044755935669,2.2011826038360596,2.121664524078369,2.124950885772705
2024-11-02 16:00:00+00:00,2.1331787109375,2.171452045440674,2.1331787109375,2.1637368202209473
2024-11-02 20:00:00+00:00,2.1643548011779785,2.1935782432556152,2.1597187519073486,2.1748251914978027
2024-11-03 00:00:00+00:00,2.175419569015503,2.17655611038208,2.0464584827423096,2.067976474761963
2024-11-03 04:00:00+00:00,2.064532518386841,2.1145713329315186,2.064532518386841,2.088397741317749
2024-11-03 08:00:00+00:00,2.089062213897705,2.102473735809326,2.0563814640045166,2.0670762062072754
2024-11-03 12:00:00+00:00,2.071027994155884,2.0715763568878174,1.965920329093933,2.00019907951355
2024-11-03 16:00:00+00:00,2.003948926925659,2.0361242294311523,1.968461513519287,2.0332493782043457
2024-11-03 20:00:00+00:00,2.0441062450408936,2.092210292816162,2.034956216812134,2.0799036026000977
2024-11-04 00:00:00+00:00,2.0759549140930176,2.122065544128418,2.038675546646118,2.0797595977783203
2024-11-04 04:00:00+00:00,2.0792603492736816,2.088590621948242,2.034060001373291,2.057990074157715
2024-11-04 08:00:00+00:00,2.0581626892089844,2.084719181060791,2.0278067588806152,2.069178342819214
2024-11-04 12:00:00+00:00,2.064082384109497,2.0843467712402344,2.004216432571411,2.0118372440338135
2024-11-04 16:00:00+00:00,2.004526138305664,2.0293924808502197,1.9765576124191284,1.990199327468872
2024-11-04 20:00:00+00:00,1.9911017417907715,1.9920107126235962,1.89677894115448,1.9204314947128296
2024-11-05 00:00:00+00:00,1.9337363243103027,1.9804859161376953,1.9337363243103027,1.9765862226486206
2024-11-05 04:00:00+00:00,1.980844497680664,2.0520544052124023,1.980844497680664,2.0399234294891357
2024-11-05 08:00:00+00:00,2.0441248416900635,2.0761265754699707,2.0324807167053223,2.0744943618774414
2024-11-05 12:00:00+00:00,2.0732178688049316,2.149614095687866,2.0623672008514404,2.1363091468811035
2024-11-05 16:00:00+00:00,2.1432244777679443,2.1664302349090576,2.0792176723480225,2.0792176723480225
2024-11-05 20:00:00+00:00,2.0845110416412354,2.108825206756592,2.0647904872894287,2.1033596992492676
2024-11-06 00:00:00+00:00,2.1056735515594482,2.4214131832122803,2.1055281162261963,2.4089860916137695
2024-11-06 04:00:00+00:00,2.4147374629974365,2.494389772415161,2.3776464462280273,2.383579969406128
2024-11-06 08:00:00+00:00,2.3729851245880127,2.387450695037842,2.2681517601013184,2.383380651473999
2024-11-06 12:00:00+00:00,2.386657238006592,2.399517774581909,2.325734853744507,2.3269503116607666
2024-11-06 16:00:00+00:00,2.315617084503174,2.3788630962371826,2.3008205890655518,2.3788630962371826
2024-11-06 20:00:00+00:00,2.3745198249816895,2.463029146194458,2.346446990966797,2.4105100631713867
2024-11-07 00:00:00+00:00,2.4104604721069336,2.471123695373535,2.3944854736328125,2.4056317806243896
2024-11-07 04:00:00+00:00,2.398651361465454,2.406663417816162,2.312049150466919,2.3478033542633057
2024-11-07 08:00:00+00:00,2.3422892093658447,2.348985195159912,2.3172659873962402,2.321840524673462
2024-11-07 12:00:00+00:00,2.3156182765960693,2.3637449741363525,2.291877031326294,2.3637449741363525
2024-11-07 16:00:00+00:00,2.3694205284118652,2.3976118564605713,2.3434154987335205,2.3610923290252686
2024-11-07 20:00:00+00:00,2.370211601257324,2.407142162322998,2.3340651988983154,2.3840014934539795
2024-11-08 00:00:00+00:00,2.423858404159546,2.501680850982666,2.318092107772827,2.33607816696167
2024-11-08 04:00:00+00:00,2.337368965148926,2.3539743423461914,2.2997589111328125,2.335891008377075
2024-11-08 08:00:00+00:00,2.328660488128662,2.380537748336792,2.3083715438842773,2.370298147201538
2024-11-08 12:00:00+00:00,2.3571953773498535,2.3812663555145264,2.2990024089813232,2.316678524017334
2024-11-08 16:00:00+00:00,2.3165745735168457,2.3313045501708984,2.2080094814300537,2.323185920715332
2024-11-08 20:00:00+00:00,2.3179848194122314,2.344155788421631,2.2770907878875732,2.3246915340423584
2024-11-09 00:00:00+00:00,2.3211777210235596,2.3683509826660156,2.2720086574554443,2.2720086574554443
2024-11-09 04:00:00+00:00,2.2712490558624268,2.3714911937713623,2.2712490558624268,2.3714911937713623
2024-11-09 08:00:00+00:00,2.3618438243865967,2.4918437004089355,2.3618438243865967,2.4918437004089355
2024-11-09 12:00:00+00:00,2.5366690158843994,2.5366690158843994,2.379483938217163,2.4315788745880127
2024-11-09 16:00:00+00:00,2.426623821258545,2.445413112640381,2.380016326904297,2.4238927364349365
2024-11-09 20:00:00+00:00,2.4242286682128906,2.5119874477386475,2.419043779373169,2.479088068008423
2024-11-10 00:00:00+00:00,2.4751455783843994,2.529958724975586,2.4533610343933105,2.5070688724517822
2024-11-10 04:00:00+00:00,2.50730037689209,2.584925889968872,2.4694719314575195,2.489478826522827
2024-11-10 08:00:00+00:00,2.51357102394104,2.571324586868286,2.4957668781280518,2.571324586868286
2024-11-10 12:00:00+00:00,2.5701231956481934,2.7610292434692383,2.5140891075134277,2.700178861618042
2024-11-10 16:00:00+00:00,2.701211452484131,2.8561131954193115,2.6698098182678223,2.6943352222442627
2024-11-10 20:00:00+00:00,2.707304000854492,2.747781753540039,2.566478967666626,2.747781753540039
2024-11-11 00:00:00+00:00,2.753753185272217,3.1801624298095703,2.746835231781006,3.1275582313537598
2024-11-11 04:00:00+00:00,3.1123979091644287,3.1352672576904297,2.9447193145751953,3.031428575515747
2024-11-11 08:00:00+00:00,3.0279529094696045,3.094501495361328,3.0027952194213867,3.09218430519104
2024-11-11 12:00:00+00:00,3.093395233154297,3.111395835876465,2.9611105918884277,3.034024953842163
2024-11-11 16:00:00+00:00,3.0340726375579834,3.1271650791168213,3.0340726375579834,3.1271650791168213
2024-11-11 20:00:00+00:00,3.1142497062683105,3.2094812393188477,3.0258395671844482,3.1375012397766113
2024-11-12 00:00:00+00:00,3.12833833694458,3.12833833694458,2.982717990875244,3.072645902633667
2024-11-12 04:00:00+00:00,3.083414316177368,3.2793073654174805,3.0823683738708496,3.2131412029266357
2024-11-12 08:00:00+00:00,3.21866774559021,3.264260768890381,2.919992685317993,2.975947141647339
2024-11-12 12:00:00+00:00,2.967785120010376,2.9949746131896973,2.8388314247131348,2.909996747970581
2024-11-12 16:00:00+00:00,2.8945252895355225,3.1191108226776123,2.8346941471099854,3.0905041694641113
2024-11-12 20:00:00+00:00,3.0847227573394775,3.332200765609741,3.0707991123199463,3.3095173835754395
2024-11-13 00:00:00+00:00,3.289191484451294,3.289191484451294,2.999199390411377,3.008045196533203
2024-11-13 04:00:00+00:00,2.990933895111084,3.045377016067505,2.889699697494507,2.9970755577087402
2024-11-13 08:00:00+00:00,2.9964234828948975,3.0640978813171387,2.942842721939087,3.044701337814331
2024-11-13 12:00:00+00:00,3.0434935092926025,3.760674476623535,2.995305061340332,3.7418503761291504
2024-11-13 16:00:00+00:00,3.766658306121826,4.597438812255859,3.6283516883850098,4.210959434509277
2024-11-13 20:00:00+00:00,4.21129846572876,4.264804363250732,3.928480386734009,4.188689231872559
2024-11-14 00:00:00+00:00,4.171673774719238,4.276144981384277,3.9682834148406982,4.095326900482178
2024-11-14 04:00:00+00:00,4.078873634338379,4.291529178619385,4.030928134918213,4.0742998123168945
2024-11-14 08:00:00+00:00,4.057326316833496,4.291141986846924,3.939215660095215,4.036703586578369
2024-11-14 12:00:00+00:00,4.025977611541748,4.113105297088623,3.795781373977661,3.8795368671417236
2024-11-14 16:00:00+00:00,3.9242677688598633,4.081225872039795,3.9156014919281006,3.9907760620117188
2024-11-14 20:00:00+00:00,4.017702102661133,4.076199054718018,3.558668613433838,3.6065831184387207
2024-11-15 00:00:00+00:00,3.58139967918396,3.6847970485687256,3.4440503120422363,3.549260377883911
2024-11-15 04:00:00+00:00,3.541041612625122,3.5920557975769043,3.382314443588257,3.5761702060699463
2024-11-15 08:00:00+00:00,3.556187391281128,3.745854616165161,3.539062023162842,3.7024104595184326
2024-11-15 12:00:00+00:00,3.6861674785614014,3.730860471725464,3.494905710220337,3.5041344165802
2024-11-15 16:00:00+00:00,3.515596389770508,3.789015054702759,3.515596389770508,3.768805980682373
2024-11-15 20:00:00+00:00,3.778549909591675,3.9533324241638184,3.7701425552368164,3.894111156463623
2024-11-16 00:00:00+00:00,3.865354061126709,3.926971673965454,3.83768630027771,3.8912851810455322
2024-11-16 04:00:00+00:00,3.9206020832061768,3.9611480236053467,3.734036684036255,3.7560083866119385
2024-11-16 08:00:00+00:00,3.755703926086426,3.784386157989502,3.7224693298339844,3.7597455978393555
2024-11-16 12:00:00+00:00,3.7687952518463135,3.7912938594818115,3.604112148284912,3.61125111579895
2024-11-16 16:00:00+00:00,3.6180200576782227,3.663238763809204,3.5872113704681396,3.636373996734619
2024-11-16 20:00:00+00:00,3.636587142944336,3.666261911392212,3.5824880599975586,3.610196590423584
2024-11-17 00:00:00+00:00,3.601532220840454,3.6734964847564697,3.3825998306274414,3.4166173934936523
2024-11-17 04:00:00+00:00,3.4408352375030518,3.9216747283935547,3.4408352375030518,3.907747507095337
2024-11-17 08:00:00+00:00,3.865339994430542,3.9087705612182617,3.7488694190979004,3.761683940887451
2024-11-17 12:00:00+00:00,3.7545788288116455,3.908677339553833,3.7542412281036377,3.873181104660034
2024-11-17 16:00:00+00:00,3.8584604263305664,3.8739089965820312,3.700688123703003,3.73149037361145
2024-11-17 20:00:00+00:00,3.7315244674682617,3.77691912651062,3.570464849472046,3.6077067852020264
2024-11-18 00:00:00+00:00,3.6149065494537354,3.649449348449707,3.5738484859466553,3.649449348449707
2024-11-18 04:00:00+00:00,3.6593430042266846,3.674642562866211,3.5858263969421387,3.6371264457702637
2024-11-18 08:00:00+00:00,3.6277718544006348,3.696260452270508,3.550621509552002,3.550621509552002
2024-11-18 12:00:00+00:00,3.561609983444214,3.5978145599365234,3.4768872261047363,3.578585147857666
2024-11-18 16:00:00+00:00,3.541964054107666,3.541964054107666,3.390718698501587,3.4085910320281982
2024-11-18 20:00:00+00:00,3.4054577350616455,3.489551067352295,3.392406940460205,3.4410459995269775
2024-11-19 00:00:00+00:00,3.444174289703369,3.520653247833252,3.429326295852661,3.429326295852661
2024-11-19 04:00:00+00:00,3.400296449661255,3.427290439605713,3.343625545501709,3.427290439605713
2024-11-19 08:00:00+00:00,3.427891731262207,3.4552109241485596,3.3898422718048096,3.405865430831909
2024-11-19 12:00:00+00:00,3.4044992923736572,3.518224000930786,3.3660786151885986,3.4534919261932373
2024-11-19 16:00:00+00:00,3.4617421627044678,3.5363073348999023,3.454322576522827,3.454322576522827
2024-11-19 20:00:00+00:00,3.448309898376465,3.4751064777374268,3.229384422302246,3.2969441413879395
2024-11-20 00:00:00+00:00,3.295569658279419,3.3078622817993164,3.2170684337615967,3.272387742996216
2024-11-20 04:00:00+00:00,3.2845818996429443,3.354010820388794,3.239315986633301,3.3508570194244385
2024-11-20 08:00:00+00:00,3.348679780960083,3.3632161617279053,3.2420668601989746,3.279071092605591
2024-11-20 12:00:00+00:00,3.2768518924713135,3.3366730213165283,3.183328151702881,3.230973482131958
2024-11-20 16:00:00+00:00,3.238766670227051,3.243453025817871,3.042985677719116,3.0768227577209473
2024-11-20 20:00:00+00:00,3.0719683170318604,3.137317657470703,3.041532516479492,3.0426950454711914
2024-11-21 00:00:00+00:00,3.0418174266815186,3.1768014430999756,2.99218487739563,3.0919625759124756
2024-11-21 04:00:00+00:00,3.0917248725891113,3.2251689434051514,3.067870616912842,3.1973536014556885
2024-11-21 08:00:00+00:00,3.1992058753967285,3.1992058753967285,3.0455286502838135,3.110330104827881
2024-11-21 12:00:00+00:00,3.106978416442871,3.3403232097625732,3.1064977645874023,3.2262001037597656
2024-11-21 16:00:00+00:00,3.225801706314087,3.3303284645080566,3.225801706314087,3.2696988582611084
2024-11-21 20:00:00+00:00,3.265871524810791,3.289912462234497,3.212157726287842,3.269700765609741
2024-11-22 00:00:00+00:00,3.2440710067749023,3.336526393890381,3.1392624378204346,3.336526393890381
2024-11-22 04:00:00+00:00,3.3555281162261963,3.417734146118164,3.263338327407837,3.263338327407837
2024-11-22 08:00:00+00:00,3.259108304977417,3.3373260498046875,3.259108304977417,3.3373260498046875
2024-11-22 12:00:00+00:00,3.3463122844696045,3.352666139602661,3.1127970218658447,3.155930280685425
2024-11-22 16:00:00+00:00,3.1474788188934326,3.1495418548583984,3.0545783042907715,3.0748064517974854
2024-11-22 20:00:00+00:00,3.083467960357666,3.2420127391815186,3.0821664333343506,3.2053627967834473
2024-11-23 00:00:00+00:00,3.207712173461914,3.238097906112671,3.1476638317108154,3.217552661895752
2024-11-23 04:00:00+00:00,3.224533796310425,3.4127748012542725,3.224533796310425,3.364588499069214
2024-11-23 08:00:00+00:00,3.3750815391540527,3.466749668121338,3.3574724197387695,3.3973982334136963
2024-11-23 12:00:00+00:00,3.391617774963379,3.569821357727051,3.390366792678833,3.467024087905884
2024-11-23 16:00:00+00:00,3.4427711963653564,3.4764647483825684,3.2716786861419678,3.2763803005218506
2024-11-23 20:00:00+00:00,3.2697043418884277,3.340754508972168,3.1776766777038574,3.2739739418029785
2024-11-24 00:00:00+00:00,3.2592318058013916,3.450030565261841,3.2592318058013916,3.3688719272613525
2024-11-24 04:00:00+00:00,3.369103193283081,3.382871389389038,3.277125358581543,3.291020154953003
2024-11-24 08:00:00+00:00,3.294311761856079,3.3016626834869385,3.146634817123413,3.1494197845458984
2024-11-24 12:00:00+00:00,3.1365647315979004,3.1654343605041504,3.056429862976074,3.094381809234619
2024-11-24 16:00:00+00:00,3.0752274990081787,3.13421630859375,3.065976142883301,3.101555347442627
2024-11-24 20:00:00+00:00,3.0995118618011475,3.2046473026275635,3.098728895187378,3.1711554527282715
2024-11-25 00:00:00+00:00,3.166430711746216,3.192305564880371,3.08424711227417,3.1844241619110107
2024-11-25 04:00:00+00:00,3.1847970485687256,3.2447478771209717,3.169147253036499,3.2393529415130615
2024-11-25 08:00:00+00:00,3.2435927391052246,3.28904390335083,3.2280008792877197,3.2360339164733887
2024-11-25 12:00:00+00:00,3.236401319503784,3.5695061683654785,3.2266290187835693,3.351548671722412
2024-11-25 16:00:00+00:00,3.3678455352783203,3.3678455352783203,3.155470371246338,3.2233855724334717
2024-11-25 20:00:00+00:00,3.218427896499634,3.257115364074707,3.076235294342041,3.181173324584961
2024-11-26 00:00:00+00:00,3.1781439781188965,3.371483087539673,3.1781439781188965,3.3509628772735596
2024-11-26 04:00:00+00:00,3.3549628257751465,3.3615832328796387,3.233663320541382,3.233663320541382
2024-11-26 08:00:00+00:00,3.2353227138519287,3.2379305362701416,2.943216323852539,2.9918150901794434
2024-11-26 12:00:00+00:00,3.0163631439208984,3.0586886405944824,2.969163417816162,3.0060765743255615
2024-11-26 16:00:00+00:00,2.983241081237793,3.055781841278076,2.920475482940674,2.9237313270568848
2024-11-26 20:00:00+00:00,2.9446568489074707,3.0257599353790283,2.9446568489074707,3.006565809249878
2024-11-27 00:00:00+00:00,3.0148816108703613,3.0655133724212646,2.9702987670898438,3.0272669792175293
2024-11-27 04:00:00+00:00,3.027406692504883,3.0894505977630615,3.0073554515838623,3.0894505977630615
2024-11-27 08:00:00+00:00,3.0807549953460693,3.0957796573638916,3.0463438034057617,3.0551249980926514
2024-11-27 12:00:00+00:00,3.05661940574646,3.155135154724121,3.0002946853637695,3.1491053104400635
2024-11-27 16:00:00+00:00,3.1419427394866943,3.146883249282837,3.093811511993408,3.1220481395721436
2024-11-27 20:00:00+00:00,3.120082139968872,3.1692042350769043,3.111578941345215,3.1171092987060547
2024-11-28 00:00:00+00:00,3.1173322200775146,3.2043681144714355,3.103560209274292,3.1505985260009766
2024-11-28 04:00:00+00:00,3.1465537548065186,3.156863212585449,3.07926344871521,3.090228796005249
2024-11-28 08:00:00+00:00,3.086270570755005,3.1238155364990234,3.0542681217193604,3.089106798171997
2024-11-28 12:00:00+00:00,3.090329170227051,3.090329170227051,2.991441488265991,2.991441488265991
2024-11-28 16:00:00+00:00,2.996502637863159,3.070817232131958,2.996502637863159,3.0615687370300293
2024-11-28 20:00:00+00:00,3.0656144618988037,3.098874092102051,3.04097318649292,3.0809214115142822
2024-11-29 00:00:00+00:00,3.0810248851776123,3.2325549125671387,3.0680508613586426,3.206559419631958
2024-11-29 04:00:00+00:00,3.1940531730651855,3.2114744186401367,3.1193015575408936,3.1193015575408936
2024-11-29 08:00:00+00:00,3.1250598430633545,3.209887981414795,3.1250598430633545,3.2056944370269775
2024-11-29 12:00:00+00:00,3.2038426399230957,3.2981526851654053,3.1972832679748535,3.2981526851654053
2024-11-29 16:00:00+00:00,3.284524917602539,3.3192262649536133,3.260007381439209,3.303184747695923
2024-11-29 20:00:00+00:00,3.315048933029175,3.324404239654541,3.2816333770751953,3.2816333770751953
2024-11-30 00:00:00+00:00,3.284832239151001,3.292935848236084,3.2303407192230225,3.254063844680786
2024-11-30 04:00:00+00:00,3.251368284225464,3.303473711013794,3.228152275085449,3.2692675590515137
2024-11-30 08:00:00+00:00,3.2739338874816895,3.2948689460754395,3.173936128616333,3.2005186080932617
2024-11-30 12:00:00+00:00,3.1950149536132812,3.2412633895874023,3.1825273036956787,3.2049973011016846
2024-11-30 16:00:00+00:00,3.212984561920166,3.2262792587280273,3.179590940475464,3.2082486152648926
2024-11-30 20:00:00+00:00,3.211473226547241,3.2577621936798096,3.182910680770874,3.182910680770874
2024-12-01 00:00:00+00:00,3.182410955429077,3.2557311058044434,3.069549798965454,3.1009936332702637
2024-12-01 04:00:00+00:00,3.0895090103149414,3.1390445232391357,3.076597213745117,3.1390445232391357
2024-12-01 08:00:00+00:00,3.1367111206054688,3.2031731605529785,3.130413055419922,3.173405647277832
2024-12-01 12:00:00+00:00,3.176093339920044,3.3190979957580566,3.1698737144470215,3.3190979957580566
2024-12-01 16:00:00+00:00,3.350850820541382,3.3779706954956055,3.2582411766052246,3.316502809524536
2024-12-01 20:00:00+00:00,3.3038904666900635,3.4365875720977783,3.286155939102173,3.4314181804656982
2024-12-02 00:00:00+00:00,3.426815986633301,3.4613077640533447,3.2766873836517334,3.2766873836517334
2024-12-02 04:00:00+00:00,3.239933729171753,3.245722532272339,3.1408512592315674,3.1431939601898193
2024-12-02 08:00:00+00:00,3.1339967250823975,3.1352570056915283,3.021838665008545,3.0492923259735107
2024-12-02 12:00:00+00:00,3.042569398880005,3.1298084259033203,3.0077097415924072,3.1177704334259033
2024-12-02 16:00:00+00:00,3.141613483428955,3.162907123565674,3.026125192642212,3.052028179168701
2024-12-02 20:00:00+00:00,3.054525136947632,3.1193294525146484,3.0345447063446045,3.1193294525146484
2024-12-03 00:00:00+00:00,3.1176767349243164,3.168553590774536,3.1035468578338623,3.1558165550231934
2024-12-03 04:00:00+00:00,3.1488118171691895,3.26466703414917,3.140693187713623,3.199611186981201
2024-12-03 08:00:00+00:00,3.215933084487915,3.239527463912964,3.1363046169281006,3.163262367248535
2024-12-03 12:00:00+00:00,3.171372890472412,3.198218584060669,3.0061142444610596,3.1114485263824463
2024-12-03 16:00:00+00:00,3.1008098125457764,3.158607244491577,3.0593316555023193,3.124447822570801
2024-12-03 20:00:00+00:00,3.125753164291382,3.3500795364379883,3.125753164291382,3.2880659103393555
2024-12-04 00:00:00+00:00,3.2862939834594727,3.3434951305389404,3.2862939834594727,3.3036928176879883
2024-12-04 04:00:00+00:00,3.300720691680908,3.3595168590545654,3.2861204147338867,3.3464958667755127
2024-12-04 08:00:00+00:00,3.3460888862609863,3.4269039630889893,3.328730344772339,3.4150121212005615
2024-12-04 12:00:00+00:00,3.40278959274292,3.4138708114624023,3.2458484172821045,3.308616876602173
2024-12-04 16:00:00+00:00,3.2832891941070557,3.293074369430542,3.131687641143799,3.247234344482422
2024-12-04 20:00:00+00:00,3.2479310035705566,3.291088342666626,3.124504566192627,3.1718263626098633
2024-12-05 00:00:00+00:00,3.1924140453338623,3.3302488327026367,3.064516305923462,3.2393014430999756
2024-12-05 04:00:00+00:00,3.2445390224456787,3.352843999862671,3.2445390224456787,3.296846628189087
2024-12-05 08:00:00+00:00,3.2922699451446533,3.322957992553711,3.273848295211792,3.2981882095336914
2024-12-05 12:00:00+00:00,3.3078904151916504,3.3550469875335693,3.275942087173462,3.275942087173462
2024-12-05 16:00:00+00:00,3.2837932109832764,3.3395280838012695,3.238152027130127,3.238152027130127
2024-12-05 20:00:00+00:00,3.227870225906372,3.4200994968414307,3.212529182434082,3.344116449356079
2024-12-06 00:00:00+00:00,3.315154552459717,3.543764352798462,3.2913265228271484,3.5328471660614014
2024-12-06 04:00:00+00:00,3.5075361728668213,3.509890556335449,3.4150290489196777,3.504408121109009
2024-12-06 08:00:00+00:00,3.517343759536743,3.5915470123291016,3.346729278564453,3.365323066711426
2024-12-06 12:00:00+00:00,3.3901426792144775,3.4610092639923096,3.2948620319366455,3.4182310104370117
2024-12-06 16:00:00+00:00,3.4353768825531006,3.541046619415283,3.416579246520996,3.4786105155944824
2024-12-06 20:00:00+00:00,3.5029313564300537,3.5431735515594482,3.4791195392608643,3.4912428855895996
2024-12-07 00:00:00+00:00,3.485157012939453,3.527893304824829,3.4459142684936523,3.4663259983062744
2024-12-07 04:00:00+00:00,3.454498291015625,3.472029209136963,3.4178826808929443,3.472029209136963
2024-12-07 08:00:00+00:00,3.488795042037964,3.709000587463379,3.483227252960205,3.6737279891967773
2024-12-07 12:00:00+00:00,3.6686315536499023,3.797706365585327,3.613234281539917,3.7772185802459717
2024-12-07 16:00:00+00:00,3.7860028743743896,3.950568437576294,3.7253215312957764,3.950568437576294
2024-12-07 20:00:00+00:00,3.953098773956299,3.997804641723633,3.8868181705474854,3.8868181705474854
2024-12-08 00:00:00+00:00,3.882883310317993,3.9035682678222656,3.8390698432922363,3.8844728469848633
2024-12-08 04:00:00+00:00,3.886046886444092,3.9157721996307373,3.7549281120300293,3.7683749198913574
2024-12-08 08:00:00+00:00,3.765103816986084,3.765103816986084,3.6744203567504883,3.742490768432617
2024-12-08 12:00:00+00:00,3.743793487548828,3.7505714893341064,3.6739399433135986,3.703197717666626
2024-12-08 16:00:00+00:00,3.7011446952819824,3.7344887256622314,3.645936965942383,3.6868629455566406
2024-12-08 20:00:00+00:00,3.696471691131592,3.7360877990722656,3.690932035446167,3.7313849925994873
2024-12-09 00:00:00+00:00,3.718538761138916,3.718538761138916,3.6106064319610596,3.63552188873291
2024-12-09 04:00:00+00:00,3.646442413330078,3.706038236618042,3.5660486221313477,3.603285312652588
2024-12-09 08:00:00+00:00,3.590703010559082,3.590703010559082,3.3429012298583984,3.3523266315460205
2024-12-09 12:00:00+00:00,3.3298559188842773,3.528010606765747,3.320829391479492,3.4272422790527344
2024-12-09 16:00:00+00:00,3.415386199951172,3.515233039855957,3.4122848510742188,3.4122848510742188
2024-12-09 20:00:00+00:00,3.399501323699951,3.399501323699951,2.8035733699798584,3.0701420307159424
2024-12-10 00:00:00+00:00,3.00534987449646,3.1322619915008545,2.81905460357666,2.94252610206604
2024-12-10 04:00:00+00:00,2.929044485092163,3.006450891494751,2.8819408416748047,2.9926271438598633
2024-12-10 08:00:00+00:00,2.9882068634033203,3.0006887912750244,2.8983757495880127,2.91516375541687
2024-12-10 12:00:00+00:00,2.9177796840667725,2.9180402755737305,2.718137502670288,2.718137502670288
2024-12-10 16:00:00+00:00,2.7060294151306152,2.839121103286743,2.6630704402923584,2.7964062690734863
2024-12-10 20:00:00+00:00,2.7922253608703613,2.883824110031128,2.7922253608703613,2.858518362045288
2024-12-11 00:00:00+00:00,2.8541746139526367,2.892910957336426,2.7735226154327393,2.8740861415863037
2024-12-11 04:00:00+00:00,2.874929904937744,2.903878688812256,2.8442845344543457,2.8893449306488037
2024-12-11 08:00:00+00:00,2.881993293762207,2.980184316635132,2.86981201171875,2.9608051776885986
2024-12-11 12:00:00+00:00,2.9650814533233643,3.063135862350464,2.9439594745635986,3.056274652481079
2024-12-11 16:00:00+00:00,3.0459325313568115,3.1127264499664307,3.0414183139801025,3.0750033855438232
2024-12-11 20:00:00+00:00,3.0731935501098633,3.085677146911621,3.038292407989502,3.046795606613159
2024-12-12 00:00:00+00:00,3.051624059677124,3.1904571056365967,3.0315613746643066,3.164273738861084
2024-12-12 04:00:00+00:00,3.147099494934082,3.1811819076538086,3.1027321815490723,3.1104536056518555
2024-12-12 08:00:00+00:00,3.1064841747283936,3.1501100063323975,3.0472474098205566,3.070427656173706
2024-12-12 12:00:00+00:00,3.064446210861206,3.1229398250579834,3.0518667697906494,3.0680625438690186
2024-12-12 16:00:00+00:00,3.074049472808838,3.120328903198242,2.9807846546173096,3.007652997970581
2024-12-12 20:00:00+00:00,2.9853317737579346,3.01741361618042,2.9401092529296875,2.949601888656616
2024-12-13 00:00:00+00:00,2.9490904808044434,2.9658148288726807,2.9010581970214844,2.9434807300567627
2024-12-13 04:00:00+00:00,2.942293882369995,2.94289231300354,2.8755717277526855,2.9141039848327637
2024-12-13 08:00:00+00:00,2.9152464866638184,2.947219133377075,2.9092941284179688,2.9237060546875
2024-12-13 12:00:00+00:00,2.921231985092163,2.990689754486084,2.8968560695648193,2.8968560695648193
2024-12-13 16:00:00+00:00,2.8844165802001953,2.9403164386749268,2.8616955280303955,2.92928147315979
2024-12-13 20:00:00+00:00,2.9293508529663086,2.9582440853118896,2.900317430496216,2.9582440853118896
2024-12-14 00:00:00+00:00,2.9518864154815674,2.971395254135132,2.8978569507598877,2.8978569507598877
2024-12-14 04:00:00+00:00,2.9009499549865723,2.949970245361328,2.8771398067474365,2.9158639907836914
2024-12-14 08:00:00+00:00,2.912137269973755,2.9496419429779053,2.8870787620544434,2.9445934295654297
2024-12-14 12:00:00+00:00,2.9398508071899414,2.9398508071899414,2.8146743774414062,2.865494966506958
2024-12-14 16:00:00+00:00,2.868574619293213,2.868574619293213,2.7779574394226074,2.8067140579223633
2024-12-14 20:00:00+00:00,2.8095390796661377,2.854835033416748,2.7609140872955322,2.843506097793579
2024-12-15 00:00:00+00:00,2.837306022644043,2.8577818870544434,2.800305128097534,2.800305128097534
2024-12-15 04:00:00+00:00,2.7989721298217773,2.8428215980529785,2.710520029067993,2.712291955947876
2024-12-15 08:00:00+00:00,2.721759080886841,2.8394463062286377,2.7211501598358154,2.8309381008148193
2024-12-15 12:00:00+00:00,2.844254970550537,2.8767826557159424,2.8283333778381348,2.864208221435547
2024-12-15 16:00:00+00:00,2.86765456199646,2.8760504722595215,2.8434271812438965,2.8509724140167236
2024-12-15 20:00:00+00:00,2.849189281463623,2.8691868782043457,2.7179760932922363,2.8529109954833984
2024-12-16 00:00:00+00:00,2.850022077560425,2.9145116806030273,2.8123958110809326,2.815103054046631
2024-12-16 04:00:00+00:00,2.8147976398468018,2.832813262939453,2.756251573562622,2.757861852645874
2024-12-16 08:00:00+00:00,2.758669376373291,2.7665927410125732,2.659447431564331,2.659447431564331
2024-12-16 12:00:00+00:00,2.6590144634246826,2.7159786224365234,2.653780937194824,2.6754515171051025
2024-12-16 16:00:00+00:00,2.6837551593780518,2.8147776126861572,2.6837551593780518,2.7699480056762695
2024-12-16 20:00:00+00:00,2.769564628601074,2.798842668533325,2.7477211952209473,2.7546229362487793
2024-12-17 00:00:00+00:00,2.7473385334014893,2.7680437564849854,2.6819190979003906,2.7680437564849854
2024-12-17 04:00:00+00:00,2.7732088565826416,2.7802324295043945,2.7337143421173096,2.7594215869903564
2024-12-17 08:00:00+00:00,2.76246976852417,2.8266446590423584,2.76246976852417,2.7959678173065186
2024-12-17 12:00:00+00:00,2.7980480194091797,2.8269615173339844,2.6885087490081787,2.6967554092407227
2024-12-17 16:00:00+00:00,2.693910598754883,2.862001657485962,2.693910598754883,2.8116700649261475
2024-12-17 20:00:00+00:00,2.8031504154205322,2.808842897415161,2.6850697994232178,2.7026875019073486
2024-12-18 00:00:00+00:00,2.7048866748809814,2.777878999710083,2.6803250312805176,2.6964073181152344
2024-12-18 04:00:00+00:00,2.6769964694976807,2.680372714996338,2.5119457244873047,2.5531840324401855
2024-12-18 08:00:00+00:00,2.5424065589904785,2.5713889598846436,2.5318565368652344,2.5569913387298584
2024-12-18 12:00:00+00:00,2.5593082904815674,2.562443494796753,2.496600389480591,2.511960983276367
2024-12-18 16:00:00+00:00,2.5157933235168457,2.5708796977996826,2.4919590950012207,2.499279499053955
2024-12-18 20:00:00+00:00,2.4480020999908447,2.4480020999908447,2.300636053085327,2.303048849105835
2024-12-19 00:00:00+00:00,2.3092241287231445,2.317042827606201,2.1607038974761963,2.2970762252807617
2024-12-19 04:00:00+00:00,2.2958946228027344,2.2958946228027344,2.250999927520752,2.2649011611938477
2024-12-19 08:00:00+00:00,2.2569165229797363,2.3014912605285645,2.230192184448242,2.2954273223876953
2024-12-19 12:00:00+00:00,2.296590566635132,2.3077259063720703,2.158277750015259,2.20096492767334
2024-12-19 16:00:00+00:00,2.1923460960388184,2.2581772804260254,2.0464348793029785,2.0583817958831787
2024-12-19 20:00:00+00:00,2.058255672454834,2.1318488121032715,2.04441499710083,2.086143732070923
2024-12-20 00:00:00+00:00,2.0750467777252197,2.1510298252105713,2.0049829483032227,2.109931707382202
2024-12-20 04:00:00+00:00,2.106069803237915,2.1131222248077393,1.9840458631515503,2.0396275520324707
2024-12-20 08:00:00+00:00,2.028712034225464,2.028712034225464,1.7451436519622803,1.7451436519622803
2024-12-20 12:00:00+00:00,1.7471554279327393,1.9495450258255005,1.7379904985427856,1.9495213031768799
2024-12-20 16:00:00+00:00,1.9463924169540405,2.0596511363983154,1.9434045553207397,2.0473239421844482
2024-12-20 20:00:00+00:00,2.0382957458496094,2.1363654136657715,2.0229556560516357,2.098440647125244
2024-12-21 00:00:00+00:00,2.1043784618377686,2.1789867877960205,2.102402687072754,2.14923095703125
2024-12-21 04:00:00+00:00,2.1549246311187744,2.2477779388427734,2.143442392349243,2.2322323322296143
2024-12-21 08:00:00+00:00,2.2294037342071533,2.2294037342071533,2.143953323364258,2.150590658187866
2024-12-21 12:00:00+00:00,2.1437230110168457,2.1437230110168457,1.970350980758667,2.015327215194702
2024-12-21 16:00:00+00:00,2.0078537464141846,2.0078537464141846,1.8864837884902954,1.8995505571365356
2024-12-21 20:00:00+00:00,1.908244252204895,1.94012451171875,1.8668016195297241,1.8894013166427612
2024-12-22 00:00:00+00:00,1.876484751701355,1.8916360139846802,1.8505606651306152,1.867783546447754
2024-12-22 04:00:00+00:00,1.8763045072555542,1.8961851596832275,1.8204264640808105,1.886878490447998
2024-12-22 08:00:00+00:00,1.885535478591919,1.9890767335891724,1.885535478591919,1.9657444953918457
2024-12-22 12:00:00+00:00,1.9671119451522827,2.0211281776428223,1.899062991142273,1.9468375444412231
2024-12-22 16:00:00+00:00,1.9507633447647095,1.9856780767440796,1.907954454421997,1.907954454421997
2024-12-22 20:00:00+00:00,1.896889328956604,1.9548759460449219,1.8731675148010254,1.913971185684204
2024-12-23 00:00:00+00:00,1.914819359779358,1.970689058303833,1.8622245788574219,1.970689058303833
2024-12-23 04:00:00+00:00,1.9764022827148438,1.9764022827148438,1.876790165901184,1.9029597043991089
2024-12-23 08:00:00+00:00,1.9037269353866577,1.9528392553329468,1.8987354040145874,1.9009732007980347
2024-12-23 12:00:00+00:00,1.9014638662338257,1.9114406108856201,1.852156639099121,1.8590511083602905
2024-12-23 16:00:00+00:00,1.8580150604248047,1.956953525543213,1.8580150604248047,1.9367488622665405
2024-12-23 20:00:00+00:00,1.9547348022460938,2.0399417877197266,1.9427316188812256,2.0247292518615723
2024-12-24 00:00:00+00:00,2.0303072929382324,2.0303072929382324,1.952250361442566,2.008450746536255
2024-12-24 04:00:00+00:00,2.0067877769470215,2.0236916542053223,1.9766613245010376,1.9888120889663696
2024-12-24 08:00:00+00:00,1.9881259202957153,1.9982142448425293,1.9663376808166504,1.9883768558502197
2024-12-24 12:00:00+00:00,1.9963053464889526,2.091763973236084,1.9786536693572998,2.074896812438965
2024-12-24 16:00:00+00:00,2.074794292449951,2.0852389335632324,2.0207996368408203,2.0207996368408203
2024-12-24 20:00:00+00:00,2.010448694229126,2.057521104812622,1.9868714809417725,2.0541725158691406
2024-12-25 00:00:00+00:00,2.0508313179016113,2.076681613922119,2.0420453548431396,2.0528597831726074
2024-12-25 04:00:00+00:00,2.0534205436706543,2.0555009841918945,2.0069522857666016,2.009983539581299
2024-12-25 08:00:00+00:00,2.0070910453796387,2.0484015941619873,1.9876912832260132,1.988365650177002
2024-12-25 12:00:00+00:00,1.9787150621414185,2.0218231678009033,1.970542311668396,1.9894782304763794
2024-12-25 16:00:00+00:00,1.9880142211914062,1.9928680658340454,1.9655601978302002,1.9887924194335938
2024-12-25 20:00:00+00:00,1.9872978925704956,1.9955954551696777,1.946997880935669,1.9791204929351807
2024-12-26 00:00:00+00:00,1.9809186458587646,2.0023703575134277,1.9334111213684082,1.9353398084640503
2024-12-26 04:00:00+00:00,1.9261523485183716,1.9283455610275269,1.907413125038147,1.9148365259170532
2024-12-26 08:00:00+00:00,1.9113141298294067,1.9113141298294067,1.8465243577957153,1.8566442728042603
2024-12-26 12:00:00+00:00,1.8509262800216675,1.8666678667068481,1.8363639116287231,1.845710277557373
2024-12-26 16:00:00+00:00,1.8475100994110107,1.8737550973892212,1.8314242362976074,1.841335415840149
2024-12-26 20:00:00+00:00,1.8401182889938354,1.8629387617111206,1.819928765296936,1.8365901708602905
2024-12-27 00:00:00+00:00,1.8365029096603394,1.8625737428665161,1.8284043073654175,1.8530009984970093
2024-12-27 04:00:00+00:00,1.8540436029434204,1.8603076934814453,1.8034193515777588,1.8203566074371338
2024-12-27 08:00:00+00:00,1.8463773727416992,1.929802417755127,1.8424147367477417,1.913784384727478
2024-12-27 12:00:00+00:00,1.921533465385437,1.921533465385437,1.827830195426941,1.836272120475769
2024-12-27 16:00:00+00:00,1.8333349227905273,1.8690359592437744,1.810806393623352,1.8510977029800415
2024-12-27 20:00:00+00:00,1.8519392013549805,1.8519392013549805,1.8094266653060913,1.821619987487793
2024-12-28 00:00:00+00:00,1.8275907039642334,1.8282281160354614,1.802514672279358,1.8164795637130737
2024-12-28 04:00:00+00:00,1.8163368701934814,1.8421430587768555,1.8051087856292725,1.8229843378067017
2024-12-28 08:00:00+00:00,1.8201781511306763,1.8657712936401367,1.8201781511306763,1.857522964477539
2024-12-28 12:00:00+00:00,1.8577779531478882,1.9377071857452393,1.8546899557113647,1.8975809812545776
2024-12-28 16:00:00+00:00,1.8976305723190308,1.9625388383865356,1.8976305723190308,1.9087824821472168
2024-12-28 20:00:00+00:00,1.907623529434204,1.9338451623916626,1.89971923828125,1.9217640161514282
2024-12-29 00:00:00+00:00,1.919396996498108,1.9443126916885376,1.9071455001831055,1.9106098413467407
2024-12-29 04:00:00+00:00,1.9134681224822998,1.92498779296875,1.8879802227020264,1.9204907417297363
2024-12-29 08:00:00+00:00,1.9257075786590576,1.9257075786590576,1.8895726203918457,1.889803409576416
2024-12-29 12:00:00+00:00,1.8867549896240234,1.896613597869873,1.8567434549331665,1.8665928840637207
2024-12-29 16:00:00+00:00,1.864738941192627,1.864738941192627,1.841304898262024,1.8549398183822632
2024-12-29 20:00:00+00:00,1.8504077196121216,1.8504077196121216,1.8164646625518799,1.8344519138336182
2024-12-30 00:00:00+00:00,1.8269275426864624,1.8882137537002563,1.8269275426864624,1.864743947982788
2024-12-30 04:00:00+00:00,1.8735010623931885,1.9081041812896729,1.8467105627059937,1.8942713737487793
2024-12-30 08:00:00+00:00,1.8970035314559937,1.9214026927947998,1.8709675073623657,1.897009253501892
2024-12-30 12:00:00+00:00,1.9023795127868652,1.9290136098861694,1.8028508424758911,1.8263622522354126
2024-12-30 16:00:00+00:00,1.8123074769973755,1.9090241193771362,1.7851369380950928,1.8975409269332886
2024-12-30 20:00:00+00:00,1.8982759714126587,1.9140840768814087,1.8104203939437866,1.8235514163970947
2024-12-31 00:00:00+00:00,1.817522644996643,1.817522644996643,1.755224347114563,1.7599859237670898
2024-12-31 04:00:00+00:00,1.7607440948486328,1.7947407960891724,1.7410902976989746,1.7758959531784058
2024-12-31 08:00:00+00:00,1.7815310955047607,1.846955418586731,1.7809492349624634,1.8407976627349854
2024-12-31 12:00:00+00:00,1.8448772430419922,1.942459225654602,1.8311519622802734,1.910135269165039
2024-12-31 16:00:00+00:00,1.9157674312591553,1.928536295890808,1.863186240196228,1.878004789352417
2024-12-31 20:00:00+00:00,1.8747445344924927,1.9003275632858276,1.8509948253631592,1.8586301803588867
2025-01-01 00:00:00+00:00,1.858460545539856,1.9097576141357422,1.8531452417373657,1.8539159297943115
2025-01-01 04:00:00+00:00,1.854204773902893,1.854204773902893,1.8195250034332275,1.8297970294952393
2025-01-01 08:00:00+00:00,1.829713225364685,1.829713225364685,1.7612993717193604,1.7894253730773926
2025-01-01 12:00:00+00:00,1.7849290370941162,1.8077802658081055,1.7770419120788574,1.801477074623108
2025-01-01 16:00:00+00:00,1.806082010269165,1.8300975561141968,1.7798467874526978,1.8253412246704102
2025-01-01 20:00:00+00:00,1.8461180925369263,1.8726935386657715,1.84087336063385,1.8545187711715698
2025-01-02 00:00:00+00:00,1.8550291061401367,1.9164342880249023,1.8520177602767944,1.908852458000183
2025-01-02 04:00:00+00:00,1.912407636642456,1.9683854579925537,1.9089853763580322,1.9637893438339233
2025-01-02 08:00:00+00:00,1.9613702297210693,2.044459104537964,1.9483728408813477,2.0412442684173584
2025-01-02 12:00:00+00:00,2.0400218963623047,2.0417287349700928,1.9992327690124512,2.011087417602539
2025-01-02 16:00:00+00:00,2.010042190551758,2.0318095684051514,1.993861198425293,1.997201919555664
2025-01-02 20:00:00+00:00,2.000818967819214,2.0240681171417236,1.9796085357666016,2.0226171016693115
2025-01-03 00:00:00+00:00,2.0208587646484375,2.0208587646484375,1.9816269874572754,1.988369345664978
2025-01-03 04:00:00+00:00,1.9927257299423218,1.9927257299423218,1.948761224746704,1.9549051523208618
2025-01-03 08:00:00+00:00,1.9514439105987549,2.0275580883026123,1.9487000703811646,2.0275580883026123
2025-01-03 12:00:00+00:00,2.045555353164673,2.104163408279419,2.030311346054077,2.0960586071014404
2025-01-03 16:00:00+00:00,2.117630958557129,2.200629711151123,2.1111319065093994,2.1565425395965576
2025-01-03 20:00:00+00:00,2.156883955001831,2.1652753353118896,2.1275691986083984,2.1595537662506104
2025-01-04 00:00:00+00:00,2.1627700328826904,2.1718344688415527,2.1327579021453857,2.1629433631896973
2025-01-04 04:00:00+00:00,2.154365301132202,2.165839672088623,2.137720823287964,2.1580471992492676
2025-01-04 08:00:00+00:00,2.1583621501922607,2.1583621501922607,2.125697612762451,2.134735345840454
2025-01-04 12:00:00+00:00,2.1350300312042236,2.1599233150482178,2.0978729724884033,2.105926752090454
2025-01-04 16:00:00+00:00,2.115987539291382,2.137894868850708,2.1143336296081543,2.1345345973968506
2025-01-04 20:00:00+00:00,2.13533091545105,2.1772329807281494,2.13533091545105,2.172358512878418
2025-01-05 00:00:00+00:00,2.1725614070892334,2.1926960945129395,2.150186061859131,2.1868231296539307
2025-01-05 04:00:00+00:00,2.1860218048095703,2.1926302909851074,2.160761594772339,2.163367509841919
2025-01-05 08:00:00+00:00,2.159999370574951,2.1602540016174316,2.1042447090148926,2.113682985305786
2025-01-05 12:00:00+00:00,2.115602493286133,2.123502731323242,2.080963373184204,2.116187810897827
2025-01-05 16:00:00+00:00,2.114917516708374,2.1189372539520264,2.080641746520996,2.089578151702881
2025-01-05 20:00:00+00:00,2.099940538406372,2.1159863471984863,2.0877633094787598,2.1013941764831543
2025-01-06 00:00:00+00:00,2.10516357421875,2.130807876586914,2.064894914627075,2.105973482131958
2025-01-06 04:00:00+00:00,2.1088809967041016,2.118245840072632,2.0681309700012207,2.0753567218780518
2025-01-06 08:00:00+00:00,2.0758917331695557,2.0774741172790527,2.027535915374756,2.06650972366333
2025-01-06 12:00:00+00:00,2.068523645401001,2.140220880508423,2.03574800491333,2.1273884773254395
2025-01-06 16:00:00+00:00,2.1404218673706055,2.1501660346984863,2.0989227294921875,2.1196863651275635
2025-01-06 20:00:00+00:00,2.1190764904022217,2.1196439266204834,2.074972152709961,2.083409070968628
2025-01-07 00:00:00+00:00,2.082200527191162,2.0982019901275635,2.0626070499420166,2.068387985229492
2025-01-07 04:00:00+00:00,2.0643129348754883,2.0755984783172607,2.0569076538085938,2.0733537673950195
2025-01-07 08:00:00+00:00,2.0707390308380127,2.0924572944641113,2.0270581245422363,2.039170026779175
2025-01-07 12:00:00+00:00,2.039299726486206,2.044276237487793,1.9108660221099854,1.9243264198303223
2025-01-07 16:00:00+00:00,1.9120326042175293,1.9144841432571411,1.8679907321929932,1.870091438293457
2025-01-07 20:00:00+00:00,1.8667024374008179,1.8798173666000366,1.8478425741195679,1.8543713092803955
2025-01-08 00:00:00+00:00,1.8533666133880615,1.8840444087982178,1.8453302383422852,1.849815011024475
2025-01-08 04:00:00+00:00,1.8533010482788086,1.8773893117904663,1.8181546926498413,1.8403477668762207
2025-01-08 08:00:00+00:00,1.8431404829025269,1.876692533493042,1.8364602327346802,1.8547652959823608
2025-01-08 12:00:00+00:00,1.8528382778167725,1.8556549549102783,1.823798418045044,1.8326795101165771
2025-01-08 16:00:00+00:00,1.829452633857727,1.829452633857727,1.6713817119598389,1.6955666542053223
2025-01-08 20:00:00+00:00,1.699932336807251,1.7297248840332031,1.6722347736358643,1.7104105949401855
2025-01-09 00:00:00+00:00,1.7025796175003052,1.7307617664337158,1.677356481552124,1.6793701648712158
2025-01-09 04:00:00+00:00,1.679747462272644,1.691555142402649,1.5855610370635986,1.5855610370635986
2025-01-09 08:00:00+00:00,1.587005853652954,1.6357272863388062,1.5842078924179077,1.6096255779266357
2025-01-09 12:00:00+00:00,1.6069765090942383,1.6239032745361328,1.5155420303344727,1.6222209930419922
2025-01-09 16:00:00+00:00,1.628507375717163,1.628507375717163,1.5243277549743652,1.5243277549743652
2025-01-09 20:00:00+00:00,1.5240899324417114,1.5434743165969849,1.498202919960022,1.5390878915786743
2025-01-10 00:00:00+00:00,1.5635374784469604,1.5796723365783691,1.562515139579773,1.5756114721298218
2025-01-10 04:00:00+00:00,1.579396367073059,1.625253438949585,1.5772968530654907,1.625253438949585
2025-01-10 08:00:00+00:00,1.61649489402771,1.629152774810791,1.5863820314407349,1.5870139598846436
2025-01-10 12:00:00+00:00,1.5886114835739136,1.6075090169906616,1.5265471935272217,1.556005597114563
2025-01-10 16:00:00+00:00,1.5543349981307983,1.607366681098938,1.5286483764648438,1.5838061571121216
2025-01-10 20:00:00+00:00,1.584087610244751,1.584087610244751,1.5540592670440674,1.5571484565734863
2025-01-11 00:00:00+00:00,1.556913137435913,1.5621206760406494,1.5313843488693237,1.5366010665893555
2025-01-11 04:00:00+00:00,1.5364267826080322,1.5581470727920532,1.5299452543258667,1.5547218322753906
2025-01-11 08:00:00+00:00,1.5546648502349854,1.583964467048645,1.5539360046386719,1.580802083015442
2025-01-11 12:00:00+00:00,1.5817139148712158,1.5853617191314697,1.554770588874817,1.5551979541778564
2025-01-11 16:00:00+00:00,1.5560595989227295,1.5636612176895142,1.5453718900680542,1.5615806579589844
2025-01-11 20:00:00+00:00,1.5611917972564697,1.632753610610962,1.5583573579788208,1.5766667127609253
2025-01-12 00:00:00+00:00,1.5768576860427856,1.5807199478149414,1.5522149801254272,1.5537045001983643
2025-01-12 04:00:00+00:00,1.5552468299865723,1.559923529624939,1.5351430177688599,1.5542263984680176
2025-01-12 08:00:00+00:00,1.5546915531158447,1.5567011833190918,1.5257840156555176,1.5548906326293945
2025-01-12 12:00:00+00:00,1.555700421333313,1.5824521780014038,1.5441607236862183,1.5824521780014038
2025-01-12 16:00:00+00:00,1.5844266414642334,1.5844266414642334,1.5568757057189941,1.5636452436447144
2025-01-12 20:00:00+00:00,1.563219666481018,1.5681273937225342,1.5319805145263672,1.546574592590332
2025-01-13 00:00:00+00:00,1.5453863143920898,1.5895992517471313,1.470771312713623,1.4770351648330688
2025-01-13 04:00:00+00:00,1.4772095680236816,1.51295006275177,1.4452533721923828,1.4726548194885254
2025-01-13 08:00:00+00:00,1.4751732349395752,1.4798444509506226,1.4172892570495605,1.4491888284683228
2025-01-13 12:00:00+00:00,1.448548674583435,1.4729455709457397,1.4110350608825684,1.4442310333251953
2025-01-13 16:00:00+00:00,1.4443950653076172,1.446472406387329,1.3626841306686401,1.4133015871047974
2025-01-13 20:00:00+00:00,1.4123998880386353,1.4943022727966309,1.4000232219696045,1.490889310836792
2025-01-14 00:00:00+00:00,1.4905407428741455,1.5036184787750244,1.4738203287124634,1.481294870376587
2025-01-14 04:00:00+00:00,1.4852453470230103,1.5091780424118042,1.4852453470230103,1.4968972206115723
2025-01-14 08:00:00+00:00,1.4998403787612915,1.5444059371948242,1.4998403787612915,1.5055314302444458
2025-01-14 12:00:00+00:00,1.50778067111969,1.5308226346969604,1.5024811029434204,1.5141777992248535
2025-01-14 16:00:00+00:00,1.5103687047958374,1.545472264289856,1.493858814239502,1.5403419733047485
2025-01-14 20:00:00+00:00,1.5352133512496948,1.5719778537750244,1.5268054008483887,1.5484310388565063
2025-01-15 00:00:00+00:00,1.551654577255249,1.5547899007797241,1.5249723196029663,1.5406055450439453
2025-01-15 04:00:00+00:00,1.5463755130767822,1.5520217418670654,1.5257480144500732,1.5375008583068848
2025-01-15 08:00:00+00:00,1.5369112491607666,1.5473510026931763,1.5046309232711792,1.5223802328109741
2025-01-15 12:00:00+00:00,1.5220496654510498,1.6770249605178833,1.5194469690322876,1.6726351976394653
2025-01-15 16:00:00+00:00,1.683250904083252,1.7630412578582764,1.683250904083252,1.7567161321640015
2025-01-15 20:00:00+00:00,1.759358286857605,1.7749170064926147,1.7319059371948242,1.770331859588623
2025-01-16 00:00:00+00:00,1.7722580432891846,1.7722580432891846,1.710320234298706,1.7116508483886719
2025-01-16 04:00:00+00:00,1.719416856765747,1.7690682411193848,1.7114840745925903,1.7690682411193848
2025-01-16 08:00:00+00:00,1.7623786926269531,1.7690515518188477,1.714997410774231,1.7690515518188477
2025-01-16 12:00:00+00:00,1.7746928930282593,1.8434553146362305,1.734973430633545,1.7591609954833984
2025-01-16 16:00:00+00:00,1.7759461402893066,1.8376296758651733,1.7751914262771606,1.824549913406372
2025-01-16 20:00:00+00:00,1.8298311233520508,1.8298311233520508,1.7506420612335205,1.7645151615142822
2025-01-17 00:00:00+00:00,1.7649035453796387,1.8287886381149292,1.7556160688400269,1.793935775756836
2025-01-17 04:00:00+00:00,1.7958747148513794,1.8191616535186768,1.7930103540420532,1.8048346042633057
2025-01-17 08:00:00+00:00,1.8125145435333252,1.8773462772369385,1.8125145435333252,1.8497079610824585
2025-01-17 12:00:00+00:00,1.8506931066513062,1.8652546405792236,1.8317699432373047,1.845386266708374
2025-01-17 16:00:00+00:00,1.840463399887085,1.8723843097686768,1.8303431272506714,1.84312105178833
2025-01-17 20:00:00+00:00,1.8411589860916138,1.9113622903823853,1.8411589860916138,1.875125527381897
2025-01-18 00:00:00+00:00,1.8757798671722412,1.9826323986053467,1.8757798671722412,1.8809115886688232
2025-01-18 04:00:00+00:00,1.8828771114349365,1.9323160648345947,1.8441927433013916,1.8523070812225342
2025-01-18 08:00:00+00:00,1.848625659942627,1.867514967918396,1.806625485420227,1.833169937133789
2025-01-18 12:00:00+00:00,1.8348299264907837,1.8486733436584473,1.7767866849899292,1.84653639793396
2025-01-18 16:00:00+00:00,1.8339704275131226,1.8514083623886108,1.7726380825042725,1.7806050777435303
2025-01-18 20:00:00+00:00,1.7856926918029785,1.7856926918029785,1.743564486503601,1.7722203731536865
2025-01-19 00:00:00+00:00,1.7680566310882568,1.8060482740402222,1.7606779336929321,1.7810734510421753
2025-01-19 04:00:00+00:00,1.765850305557251,1.7906543016433716,1.737855315208435,1.737855315208435
2025-01-19 08:00:00+00:00,1.7243108749389648,1.7243108749389648,1.5667914152145386,1.5667914152145386
2025-01-19 12:00:00+00:00,1.5716990232467651,1.6408796310424805,1.570307731628418,1.628933310508728
2025-01-19 16:00:00+00:00,1.6311827898025513,1.7305983304977417,1.629271388053894,1.7172693014144897
2025-01-19 20:00:00+00:00,1.7268040180206299,1.7671571969985962,1.5155253410339355,1.5373706817626953
2025-01-20 00:00:00+00:00,1.4857038259506226,1.4903442859649658,1.409213662147522,1.4379656314849854
2025-01-20 04:00:00+00:00,1.4366304874420166,1.5875407457351685,1.422347068786621,1.5669314861297607
2025-01-20 08:00:00+00:00,1.5535026788711548,1.5907320976257324,1.524541974067688,1.5464153289794922
2025-01-20 12:00:00+00:00,1.550417423248291,1.550417423248291,1.461892008781433,1.461892008781433
2025-01-20 16:00:00+00:00,1.4657703638076782,1.489079475402832,1.3740999698638916,1.4255273342132568
2025-01-20 20:00:00+00:00,1.420732855796814,1.4366235733032227,1.377867579460144,1.3921438455581665
2025-01-21 00:00:00+00:00,1.3892549276351929,1.3970345258712769,1.3315322399139404,1.3486018180847168
2025-01-21 04:00:00+00:00,1.340849757194519,1.376063346862793,1.3171138763427734,1.3507252931594849
2025-01-21 08:00:00+00:00,1.348186731338501,1.430208444595337,1.3449327945709229,1.430208444595337
2025-01-21 12:00:00+00:00,1.4194726943969727,1.4434889554977417,1.3992124795913696,1.4264142513275146
2025-01-21 16:00:00+00:00,1.4323350191116333,1.5218243598937988,1.4296867847442627,1.4874598979949951
2025-01-21 20:00:00+00:00,1.4906030893325806,1.4999839067459106,1.4449928998947144,1.4535751342773438
2025-01-22 00:00:00+00:00,1.4505813121795654,1.457772135734558,1.427671194076538,1.4471384286880493
2025-01-22 04:00:00+00:00,1.448980689048767,1.4534430503845215,1.4255512952804565,1.4398064613342285
2025-01-22 08:00:00+00:00,1.4423370361328125,1.4560258388519287,1.4261233806610107,1.453203797340393
2025-01-22 12:00:00+00:00,1.4492263793945312,1.4492263793945312,1.4092835187911987,1.4216103553771973
2025-01-22 16:00:00+00:00,1.416812539100647,1.4427134990692139,1.4010895490646362,1.4399691820144653
2025-01-22 20:00:00+00:00,1.4391382932662964,1.483777403831482,1.4139655828475952,1.4182394742965698
2025-01-23 00:00:00+00:00,1.4172991514205933,1.4282673597335815,1.3805208206176758,1.3805208206176758
2025-01-23 04:00:00+00:00,1.390663743019104,1.4292274713516235,1.3790442943572998,1.4292274713516235
2025-01-23 08:00:00+00:00,1.4271657466888428,1.427531361579895,1.3940558433532715,1.405822515487671
2025-01-23 12:00:00+00:00,1.4054514169692993,1.4356515407562256,1.375829815864563,1.4141225814819336
2025-01-23 16:00:00+00:00,1.417056918144226,1.4481440782546997,1.3570445775985718,1.3570445775985718
2025-01-23 20:00:00+00:00,1.3587976694107056,1.4274803400039673,1.3528331518173218,1.419071078300476
2025-01-24 00:00:00+00:00,1.419356346130371,1.435994267463684,1.3577959537506104,1.378623127937317
2025-01-24 04:00:00+00:00,1.3802484273910522,1.4463400840759277,1.377760410308838,1.4394702911376953
2025-01-24 08:00:00+00:00,1.4368423223495483,1.4642689228057861,1.4310882091522217,1.459211826324463
2025-01-24 12:00:00+00:00,1.459937334060669,1.4704524278640747,1.4289591312408447,1.4332786798477173
2025-01-24 16:00:00+00:00,1.4374771118164062,1.4415850639343262,1.407965898513794,1.4094691276550293
2025-01-24 20:00:00+00:00,1.4108617305755615,1.4142732620239258,1.2719024419784546,1.2800744771957397
2025-01-25 00:00:00+00:00,1.2839828729629517,1.2934015989303589,1.2285969257354736,1.2934015989303589
2025-01-25 04:00:00+00:00,1.2926379442214966,1.326943278312683,1.275115728378296,1.275115728378296
2025-01-25 08:00:00+00:00,1.2759785652160645,1.2919604778289795,1.2598360776901245,1.2919604778289795
2025-01-25 12:00:00+00:00,1.2891799211502075,1.315764307975769,1.2744076251983643,1.3132877349853516
2025-01-25 16:00:00+00:00,1.3154569864273071,1.3225462436676025,1.2958394289016724,1.303368330001831
2025-01-25 20:00:00+00:00,1.304681420326233,1.3077701330184937,1.2782357931137085,1.2782357931137085
2025-01-26 00:00:00+00:00,1.2777879238128662,1.294539451599121,1.2749354839324951,1.2941306829452515
2025-01-26 04:00:00+00:00,1.2941287755966187,1.3021082878112793,1.2766807079315186,1.2789009809494019
2025-01-26 08:00:00+00:00,1.2806332111358643,1.2841030359268188,1.25420343875885,1.2841030359268188
2025-01-26 12:00:00+00:00,1.2819507122039795,1.2950106859207153,1.2719218730926514,1.2862799167633057
2025-01-26 16:00:00+00:00,1.2860347032546997,1.3019827604293823,1.2782241106033325,1.293424367904663
2025-01-26 20:00:00+00:00,1.2930536270141602,1.2949267625808716,1.210738182067871,1.2140802145004272
2025-01-27 00:00:00+00:00,1.2079522609710693,1.2079522609710693,1.1479485034942627,1.1601253747940063
2025-01-27 04:00:00+00:00,1.1627461910247803,1.1627461910247803,1.0914239883422852,1.1239635944366455
2025-01-27 08:00:00+00:00,1.1182923316955566,1.1182923316955566,1.0831307172775269,1.1046570539474487
2025-01-27 12:00:00+00:00,1.103026032447815,1.1482855081558228,1.0992933511734009,1.1349084377288818
2025-01-27 16:00:00+00:00,1.1334364414215088,1.1361361742019653,1.0993366241455078,1.102608323097229
2025-01-27 20:00:00+00:00,1.1084178686141968,1.185784101486206,1.1084178686141968,1.1796536445617676
2025-01-28 00:00:00+00:00,1.1840317249298096,1.200103521347046,1.168670415878296,1.1813576221466064
2025-01-28 04:00:00+00:00,1.1811820268630981,1.194754719734192,1.1550283432006836,1.1550283432006836
2025-01-28 08:00:00+00:00,1.156096339225769,1.156096339225769,1.136909008026123,1.136909008026123
2025-01-28 12:00:00+00:00,1.136966586112976,1.1463687419891357,1.1186853647232056,1.1186853647232056
2025-01-28 16:00:00+00:00,1.1174458265304565,1.1174458265304565,1.0291026830673218,1.0291026830673218
2025-01-28 20:00:00+00:00,1.0364652872085571,1.0677952766418457,0.9814985990524292,1.0677952766418457
2025-01-29 00:00:00+00:00,1.0580869913101196,1.371192216873169,1.0580869913101196,1.2692737579345703
2025-01-29 04:00:00+00:00,1.2699801921844482,1.3462390899658203,1.244150161743164,1.3235224485397339
2025-01-29 08:00:00+00:00,1.322899580001831,1.3656837940216064,1.3046233654022217,1.3412768840789795
2025-01-29 12:00:00+00:00,1.3335920572280884,1.337556004524231,1.1769682168960571,1.1969561576843262
2025-01-29 16:00:00+00:00,1.2000023126602173,1.2825655937194824,1.1683703660964966,1.2565727233886719
2025-01-29 20:00:00+00:00,1.2361067533493042,1.2808364629745483,1.1824800968170166,1.1824800968170166
2025-01-30 00:00:00+00:00,1.1852277517318726,1.2254606485366821,1.176121711730957,1.2247005701065063
2025-01-30 04:00:00+00:00,1.2270785570144653,1.2270785570144653,1.1843475103378296,1.189809799194336
2025-01-30 08:00:00+00:00,1.1960020065307617,1.2165915966033936,1.190941333770752,1.2072073221206665
2025-01-30 12:00:00+00:00,1.2052265405654907,1.2558608055114746,1.1854629516601562,1.2066859006881714
2025-01-30 16:00:00+00:00,1.2065380811691284,1.245043158531189,1.1966989040374756,1.2020503282546997
2025-01-30 20:00:00+00:00,1.2015825510025024,1.2015825510025024,1.1598496437072754,1.1598496437072754
2025-01-31 00:00:00+00:00,1.1554193496704102,1.185763955116272,1.1354358196258545,1.185763955116272
2025-01-31 04:00:00+00:00,1.1860724687576294,1.1937329769134521,1.163511872291565,1.163511872291565
2025-01-31 08:00:00+00:00,1.1649209260940552,1.206262230873108,1.1594058275222778,1.206262230873108
2025-01-31 12:00:00+00:00,1.2088903188705444,1.2755792140960693,1.2048511505126953,1.2755792140960693
2025-01-31 16:00:00+00:00,1.2769696712493896,1.305871844291687,1.1259256601333618,1.1786227226257324
2025-01-31 20:00:00+00:00,1.177852988243103,1.1786315441131592,1.1215132474899292,1.1403522491455078
2025-02-01 00:00:00+00:00,1.1360914707183838,1.1739006042480469,1.1183006763458252,1.1183006763458252
2025-02-01 04:00:00+00:00,1.119755506515503,1.1436975002288818,1.1081771850585938,1.1151283979415894
2025-02-01 08:00:00+00:00,1.1143981218338013,1.1198716163635254,1.0864627361297607,1.1004594564437866
2025-02-01 12:00:00+00:00,1.100557565689087,1.1146845817565918,1.0817352533340454,1.087543249130249
2025-02-01 16:00:00+00:00,1.0897222757339478,1.0972743034362793,1.0196892023086548,1.0289644002914429
2025-02-01 20:00:00+00:00,1.0299899578094482,1.0400640964508057,0.9985842704772949,1.0124772787094116
2025-02-02 00:00:00+00:00,1.0098702907562256,1.0233780145645142,0.9830936789512634,0.9849382042884827
2025-02-02 04:00:00+00:00,0.9847177863121033,1.0249327421188354,0.9847177863121033,1.0129979848861694
2025-02-02 08:00:00+00:00,1.0131969451904297,1.0160435438156128,0.9776816368103027,0.9834901094436646
2025-02-02 12:00:00+00:00,0.9815645217895508,1.0578876733779907,0.9713437557220459,1.0494883060455322
2025-02-02 16:00:00+00:00,1.039914608001709,1.0417089462280273,0.9348779916763306,0.978654146194458
2025-02-02 20:00:00+00:00,0.9853894710540771,1.0096169710159302,0.8957676887512207,0.9481816291809082
2025-02-03 00:00:00+00:00,0.9426407814025879,0.9426407814025879,0.693430483341217,0.7382621765136719
2025-02-03 04:00:00+00:00,0.7313925623893738,0.758606493473053,0.6881089210510254,0.758606493473053
2025-02-03 08:00:00+00:00,0.7595981359481812,0.7703549265861511,0.7279583215713501,0.7419376969337463
2025-02-03 12:00:00+00:00,0.7430198192596436,0.8094869256019592,0.7004588842391968,0.8045085668563843
2025-02-03 16:00:00+00:00,0.8074495196342468,0.8621618151664734,0.8038551211357117,0.8610862493515015
2025-02-03 20:00:00+00:00,0.868418276309967,0.8940567374229431,0.8426244258880615,0.8612516522407532
2025-02-04 00:00:00+00:00,0.8619730472564697,0.8870328068733215,0.8421738147735596,0.8451194763183594
2025-02-04 04:00:00+00:00,0.8470442295074463,0.8489130735397339,0.7507354021072388,0.7507354021072388
2025-02-04 08:00:00+00:00,0.7492311000823975,0.7721759676933289,0.7492311000823975,0.7659638524055481
2025-02-04 12:00:00+00:00,0.7657846212387085,0.8108482360839844,0.7657846212387085,0.8048790693283081
2025-02-04 16:00:00+00:00,0.7991872429847717,0.8416122198104858,0.7969015836715698,0.8099886775016785
2025-02-04 20:00:00+00:00,0.8010206818580627,0.8045614361763,0.7598198652267456,0.8045614361763
2025-02-05 00:00:00+00:00,0.8029972314834595,0.8355793952941895,0.7973480820655823,0.8337967991828918
2025-02-05 04:00:00+00:00,0.8320251703262329,0.8486198782920837,0.8269901275634766,0.83260178565979
2025-02-05 08:00:00+00:00,0.8349050879478455,0.8423774838447571,0.8222023844718933,0.836688756942749
2025-02-05 12:00:00+00:00,0.8387696146965027,0.8406034708023071,0.8161865472793579,0.821593165397644
2025-02-05 16:00:00+00:00,0.82371985912323,0.82371985912323,0.7849205732345581,0.8063006401062012
2025-02-05 20:00:00+00:00,0.8062952756881714,0.8062952756881714,0.7748216986656189,0.7947837114334106
2025-02-06 00:00:00+00:00,0.7963884472846985,0.8124479651451111,0.7912490963935852,0.8010578751564026
2025-02-06 04:00:00+00:00,0.8009291887283325,0.8165432810783386,0.7989796996116638,0.8067241907119751
2025-02-06 08:00:00+00:00,0.804441511631012,0.8140285015106201,0.7889281511306763,0.793907642364502
2025-02-06 12:00:00+00:00,0.7938557267189026,0.7938557267189026,0.7399824261665344,0.7399824261665344
2025-02-06 16:00:00+00:00,0.7407155632972717,0.7408764362335205,0.7166135311126709,0.7186863422393799
2025-02-06 20:00:00+00:00,0.7198252081871033,0.7295230627059937,0.7061428427696228,0.7123396396636963
2025-02-07 00:00:00+00:00,0.714663565158844,0.7413505911827087,0.714663565158844,0.724723756313324
2025-02-07 04:00:00+00:00,0.7255131006240845,0.7325022220611572,0.7085117101669312,0.7325022220611572
2025-02-07 08:00:00+00:00,0.7323865294456482,0.7560593485832214,0.7289995551109314,0.7484637498855591
2025-02-07 12:00:00+00:00,0.7510244250297546,0.7808443307876587,0.7411981225013733,0.7487550377845764
2025-02-07 16:00:00+00:00,0.7442901730537415,0.7495163679122925,0.719157874584198,0.7206721305847168
2025-02-07 20:00:00+00:00,0.716975212097168,0.716975212097168,0.6501753330230713,0.6785069704055786
2025-02-08 00:00:00+00:00,0.678056001663208,0.6832437515258789,0.6659420132637024,0.6689300537109375
2025-02-08 04:00:00+00:00,0.6692489385604858,0.6854363083839417,0.6618452668190002,0.6850057244300842
2025-02-08 08:00:00+00:00,0.6857575178146362,0.6890701055526733,0.6741219162940979,0.6873384118080139
2025-02-08 12:00:00+00:00,0.6886605024337769,0.7262893915176392,0.6837347745895386,0.7061807513237
2025-02-08 16:00:00+00:00,0.7073046565055847,0.7326346039772034,0.7000601291656494,0.7236114740371704
2025-02-08 20:00:00+00:00,0.7246779203414917,0.7250780463218689,0.7115235924720764,0.719759464263916
2025-02-09 00:00:00+00:00,0.7175979018211365,0.7333896160125732,0.6976079344749451,0.7299842834472656
2025-02-09 04:00:00+00:00,0.7293595671653748,0.7293595671653748,0.7019472122192383,0.7075923085212708
2025-02-09 08:00:00+00:00,0.7070387005805969,0.710456371307373,0.6994735598564148,0.6994735598564148
2025-02-09 12:00:00+00:00,0.6946499347686768,0.7020533680915833,0.6767781376838684,0.6956538558006287
2025-02-09 16:00:00+00:00,0.6951743960380554,0.698487401008606,0.6742852330207825,0.6742852330207825
2025-02-09 20:00:00+00:00,0.6736814975738525,0.6760993599891663,0.6137694716453552,0.6446820497512817
2025-02-10 00:00:00+00:00,0.6610231399536133,0.665717363357544,0.6222856044769287,0.6540793180465698
2025-02-10 04:00:00+00:00,0.6537419557571411,0.6670277714729309,0.642609715461731,0.6454175710678101
2025-02-10 08:00:00+00:00,0.6476954221725464,0.6658762693405151,0.6476954221725464,0.6658762693405151
2025-02-10 12:00:00+00:00,0.664331316947937,0.6807420253753662,0.6559141874313354,0.6675390601158142
2025-02-10 16:00:00+00:00,0.6730063557624817,0.6847166419029236,0.665868878364563,0.6718517541885376
2025-02-10 20:00:00+00:00,0.673279881477356,0.6844443678855896,0.6522325277328491,0.6560227870941162
2025-02-11 00:00:00+00:00,0.6577679514884949,0.6873096823692322,0.6575127243995667,0.6598767042160034
2025-02-11 04:00:00+00:00,0.6625412702560425,0.6918725371360779,0.6625412702560425,0.6871535778045654
2025-02-11 08:00:00+00:00,0.6890140175819397,0.6943601965904236,0.6633277535438538,0.6656060218811035
2025-02-11 12:00:00+00:00,0.6667354106903076,0.6667354106903076,0.6297959089279175,0.6437361836433411
2025-02-11 16:00:00+00:00,0.6425744891166687,0.6502373218536377,0.6171582341194153,0.6171582341194153
2025-02-11 20:00:00+00:00,0.6182262301445007,0.6299310922622681,0.616311252117157,0.6263933777809143
2025-02-12 00:00:00+00:00,0.6270052194595337,0.6299777626991272,0.5921052694320679,0.6046100854873657
2025-02-12 04:00:00+00:00,0.6043334603309631,0.6073693037033081,0.5808040499687195,0.5874781608581543
2025-02-12 08:00:00+00:00,0.5889813899993896,0.5975998640060425,0.5795148611068726,0.5941325426101685
2025-02-12 12:00:00+00:00,0.596001148223877,0.6074479222297668,0.5604639649391174,0.5754595994949341
2025-02-12 16:00:00+00:00,0.5741053819656372,0.6013045310974121,0.5613794326782227,0.5970309972763062
2025-02-12 20:00:00+00:00,0.5972256064414978,0.6210304498672485,0.5908562541007996,0.6039842963218689
2025-02-13 00:00:00+00:00,0.6047608256340027,0.6257864236831665,0.6020500659942627,0.6203590035438538
2025-02-13 04:00:00+00:00,0.6210533380508423,0.6210533380508423,0.5965147614479065,0.5965147614479065
2025-02-13 08:00:00+00:00,0.5941338539123535,0.6011742353439331,0.5848946571350098,0.5878326296806335
2025-02-13 12:00:00+00:00,0.5900965929031372,0.5921430587768555,0.5768843293190002,0.5825037956237793
2025-02-13 16:00:00+00:00,0.5815525650978088,0.6118543148040771,0.5744940638542175,0.6047158241271973
2025-02-13 20:00:00+00:00,0.6038434505462646,0.6054195761680603,0.5812007784843445,0.5904802680015564
2025-02-14 00:00:00+00:00,0.5905392169952393,0.6115859150886536,0.5864747166633606,0.6115859150886536
2025-02-14 04:00:00+00:00,0.6105106472969055,0.6458310484886169,0.6105106472969055,0.6431400179862976
2025-02-14 08:00:00+00:00,0.6426165699958801,0.7207550406455994,0.6424870491027832,0.706027090549469
2025-02-14 12:00:00+00:00,0.7085641026496887,0.742796778678894,0.6959835290908813,0.742796778678894
2025-02-14 16:00:00+00:00,0.7439387440681458,0.7880243062973022,0.7288798689842224,0.7704114317893982
2025-02-14 20:00:00+00:00,0.7721005082130432,0.7721005082130432,0.7125346660614014,0.7276725172996521
2025-02-15 00:00:00+00:00,0.7229504585266113,0.7252047061920166,0.7011584639549255,0.7177451848983765
2025-02-15 04:00:00+00:00,0.7089196443557739,0.7107447981834412,0.6911569237709045,0.6961886882781982
2025-02-15 08:00:00+00:00,0.6969460248947144,0.7148991227149963,0.6852192878723145,0.6925048828125
2025-02-15 12:00:00+00:00,0.6936817169189453,0.7023470401763916,0.6833961009979248,0.6843260526657104
2025-02-15 16:00:00+00:00,0.6854248642921448,0.695968747138977,0.6812055110931396,0.6896974444389343
2025-02-15 20:00:00+00:00,0.6874544620513916,0.6901541948318481,0.677212119102478,0.6888337135314941
2025-02-16 00:00:00+00:00,0.6878911852836609,0.694987952709198,0.679824948310852,0.694987952709198
2025-02-16 04:00:00+00:00,0.6977658271789551,0.7020164728164673,0.6705143451690674,0.6705143451690674
2025-02-16 08:00:00+00:00,0.6712363958358765,0.688348114490509,0.6700066924095154,0.6876185536384583
2025-02-16 12:00:00+00:00,0.6889486908912659,0.6889486908912659,0.6595690846443176,0.6702841520309448
2025-02-16 16:00:00+00:00,0.6695791482925415,0.6714552640914917,0.6500179171562195,0.6589691042900085
2025-02-16 20:00:00+00:00,0.658552348613739,0.6650668382644653,0.6483081579208374,0.6587250828742981
2025-02-17 00:00:00+00:00,0.6593164801597595,0.6733778715133667,0.6586576104164124,0.669435977935791
2025-02-17 04:00:00+00:00,0.671264111995697,0.6714621782302856,0.6410132646560669,0.653904139995575
2025-02-17 08:00:00+00:00,0.657338559627533,0.6985072493553162,0.657338559627533,0.6858459711074829
2025-02-17 12:00:00+00:00,0.6864426136016846,0.6974443197250366,0.6569421291351318,0.6569421291351318
2025-02-17 16:00:00+00:00,0.6575303673744202,0.6600505709648132,0.6201016306877136,0.6251668334007263
2025-02-17 20:00:00+00:00,0.624188244342804,0.6466577649116516,0.6241069436073303,0.6303012371063232
2025-02-18 00:00:00+00:00,0.6318973302841187,0.6357560157775879,0.6228338479995728,0.6270532011985779
2025-02-18 04:00:00+00:00,0.6273585557937622,0.6292299032211304,0.6070147752761841,0.6136447191238403
2025-02-18 08:00:00+00:00,0.6143885254859924,0.6301795840263367,0.6062960028648376,0.6289045214653015
2025-02-18 12:00:00+00:00,0.628944456577301,0.6306533813476562,0.5844417810440063,0.5853784084320068
2025-02-18 16:00:00+00:00,0.5864836573600769,0.5992671251296997,0.5799779295921326,0.5992671251296997
2025-02-18 20:00:00+00:00,0.5975230932235718,0.618369996547699,0.5975230932235718,0.6160550117492676
2025-02-19 00:00:00+00:00,0.6159039735794067,0.6205766201019287,0.6137104034423828,0.6175823211669922
2025-02-19 04:00:00+00:00,0.6174424290657043,0.6370444893836975,0.6086346507072449,0.6369403600692749
2025-02-19 08:00:00+00:00,0.6351898908615112,0.6374489068984985,0.6251850128173828,0.6312025189399719
2025-02-19 12:00:00+00:00,0.6317476630210876,0.6324947476387024,0.6163840293884277,0.6234349608421326
2025-02-19 16:00:00+00:00,0.6205735802650452,0.628312349319458,0.6137502193450928,0.6151301264762878
2025-02-19 20:00:00+00:00,0.6150616407394409,0.6204855442047119,0.5993666648864746,0.6084319949150085
2025-02-20 00:00:00+00:00,0.6089271903038025,0.6262766122817993,0.6078304648399353,0.6225010752677917
2025-02-20 04:00:00+00:00,0.6211669445037842,0.6278115510940552,0.6099771857261658,0.6154224872589111
2025-02-20 08:00:00+00:00,0.6153672933578491,0.6254720687866211,0.6119226217269897,0.6242310404777527
2025-02-20 12:00:00+00:00,0.6256977319717407,0.6281366944313049,0.602421760559082,0.6034380197525024
2025-02-20 16:00:00+00:00,0.6038955450057983,0.6323806047439575,0.6026387214660645,0.6303439140319824
2025-02-20 20:00:00+00:00,0.6321548223495483,0.6465421915054321,0.6300999522209167,0.6448167562484741
2025-02-21 00:00:00+00:00,0.6455305814743042,0.6525806188583374,0.6373244524002075,0.6402942538261414
2025-02-21 04:00:00+00:00,0.6399557590484619,0.6578927040100098,0.6399557590484619,0.6518751978874207
2025-02-21 08:00:00+00:00,0.6516290903091431,0.6865332722663879,0.6516290903091431,0.6756148338317871
2025-02-21 12:00:00+00:00,0.6771689653396606,0.7205595970153809,0.6767739057540894,0.679926872253418
2025-02-21 16:00:00+00:00,0.6789208650588989,0.691550076007843,0.6333357095718384,0.6360641121864319
2025-02-21 20:00:00+00:00,0.6378519535064697,0.6543659567832947,0.6324887275695801,0.6423258185386658
2025-02-22 00:00:00+00:00,0.6412331461906433,0.650749683380127,0.6346157789230347,0.6390257477760315
2025-02-22 04:00:00+00:00,0.6390475630760193,0.6447281837463379,0.6353240013122559,0.6401365995407104
2025-02-22 08:00:00+00:00,0.6396006345748901,0.6803076863288879,0.6396006345748901,0.6770654320716858
2025-02-22 12:00:00+00:00,0.6804007887840271,0.7016662955284119,0.6709442734718323,0.6997956037521362
2025-02-22 16:00:00+00:00,0.7038118243217468,0.7120711803436279,0.694084882736206,0.7029802203178406
2025-02-22 20:00:00+00:00,0.702498733997345,0.7170181274414062,0.6974642872810364,0.703374445438385
2025-02-23 00:00:00+00:00,0.7035035490989685,0.7035035490989685,0.6836552619934082,0.6842086315155029
2025-02-23 04:00:00+00:00,0.683490514755249,0.687718391418457,0.6742737293243408,0.6864438056945801
2025-02-23 08:00:00+00:00,0.6853978633880615,0.6853978633880615,0.6663179397583008,0.6664026975631714
2025-02-23 12:00:00+00:00,0.6672186255455017,0.6726639270782471,0.6597638726234436,0.6597638726234436
2025-02-23 16:00:00+00:00,0.6590031385421753,0.6676916480064392,0.6590031385421753,0.6603783965110779
2025-02-23 20:00:00+00:00,0.6603376865386963,0.6616889238357544,0.6520115733146667,0.6597425937652588
2025-02-24 00:00:00+00:00,0.6594652533531189,0.6665842533111572,0.6362993717193604,0.6378475427627563
2025-02-24 04:00:00+00:00,0.636213481426239,0.638239324092865,0.6227762699127197,0.6240483522415161
2025-02-24 08:00:00+00:00,0.6249187588691711,0.6249187588691711,0.6041336059570312,0.6127617359161377
2025-02-24 12:00:00+00:00,0.6139295697212219,0.62552809715271,0.597420334815979,0.6016666889190674
2025-02-24 16:00:00+00:00,0.6054812669754028,0.6117226481437683,0.590308666229248,0.5916562080383301
2025-02-24 20:00:00+00:00,0.5917169451713562,0.6017255187034607,0.5465238690376282,0.5552808046340942
2025-02-25 00:00:00+00:00,0.5560421347618103,0.559596061706543,0.5344750285148621,0.5479428172111511
2025-02-25 04:00:00+00:00,0.5431433916091919,0.5475929379463196,0.5150224566459656,0.5285853743553162
2025-02-25 08:00:00+00:00,0.5259914994239807,0.5338690876960754,0.5068866014480591,0.5334400534629822
2025-02-25 12:00:00+00:00,0.533169686794281,0.5381708741188049,0.5120885968208313,0.5352345705032349
2025-02-25 16:00:00+00:00,0.5313836932182312,0.5474355816841125,0.5288301706314087,0.5443073511123657
2025-02-25 20:00:00+00:00,0.5463453531265259,0.5631505846977234,0.5463453531265259,0.5487673878669739
2025-02-26 00:00:00+00:00,0.5494935512542725,0.5827102065086365,0.5494935512542725,0.572009265422821
2025-02-26 04:00:00+00:00,0.571918249130249,0.571918249130249,0.5571902394294739,0.5587742924690247
2025-02-26 08:00:00+00:00,0.5597379207611084,0.5616380572319031,0.5460608005523682,0.546725332736969
2025-02-26 12:00:00+00:00,0.5464879870414734,0.5717304944992065,0.5378462076187134,0.5700542330741882
2025-02-26 16:00:00+00:00,0.5699620842933655,0.5704671740531921,0.5385046601295471,0.5449647903442383
2025-02-26 20:00:00+00:00,0.5459375381469727,0.5901116728782654,0.5459375381469727,0.5747298002243042
2025-02-27 00:00:00+00:00,0.5779990553855896,0.5917578339576721,0.5706803202629089,0.5917578339576721
2025-02-27 04:00:00+00:00,0.5906941890716553,0.6177181601524353,0.5813586711883545,0.610912561416626
2025-02-27 08:00:00+00:00,0.6099976897239685,0.6099976897239685,0.5914207100868225,0.5914207100868225
2025-02-27 12:00:00+00:00,0.5937705636024475,0.5972299575805664,0.5833057165145874,0.5919507741928101
2025-02-27 16:00:00+00:00,0.5928046703338623,0.5944893956184387,0.5745093822479248,0.5756157636642456
2025-02-27 20:00:00+00:00,0.5764114260673523,0.5877761840820312,0.5649921298027039,0.5831664800643921
2025-02-28 00:00:00+00:00,0.5847951173782349,0.5868711471557617,0.5562379360198975,0.5562379360198975
2025-02-28 04:00:00+00:00,0.5549050569534302,0.5772855281829834,0.5488443374633789,0.5613163709640503
2025-02-28 08:00:00+00:00,0.5608013868331909,0.5767991542816162,0.5542886853218079,0.5665745735168457
2025-02-28 12:00:00+00:00,0.5654758810997009,0.6156201958656311,0.5571931004524231,0.6143460273742676
2025-02-28 16:00:00+00:00,0.6144033670425415,0.628834068775177,0.6111917495727539,0.6180164813995361
2025-02-28 20:00:00+00:00,0.6196770071983337,0.642555296421051,0.6190531849861145,0.6263303160667419
2025-03-01 00:00:00+00:00,0.6291428804397583,0.6593024730682373,0.6191441416740417,0.6593024730682373
2025-03-01 04:00:00+00:00,0.6578471064567566,0.6614764928817749,0.6456263065338135,0.6463996171951294
2025-03-01 08:00:00+00:00,0.6456802487373352,0.6456802487373352,0.613908588886261,0.6143460869789124
2025-03-01 12:00:00+00:00,0.6144334077835083,0.6216643452644348,0.5988212823867798,0.6015574336051941
2025-03-01 16:00:00+00:00,0.6014825105667114,0.6036351919174194,0.5908323526382446,0.5958970189094543
2025-03-01 20:00:00+00:00,0.5977498292922974,0.6179024577140808,0.5962131023406982,0.61102694272995
2025-03-02 00:00:00+00:00,0.6118744611740112,0.6266435384750366,0.6095454692840576,0.6266435384750366
2025-03-02 04:00:00+00:00,0.6275566816329956,0.634229302406311,0.6175157427787781,0.6317158341407776
2025-03-02 08:00:00+00:00,0.6317728161811829,0.673201858997345,0.6272861361503601,0.673201858997345
2025-03-02 12:00:00+00:00,0.6725575923919678,0.7072598934173584,0.6496317386627197,0.6923982501029968
2025-03-02 16:00:00+00:00,0.6914116740226746,0.7819656729698181,0.6891413927078247,0.7696539759635925
2025-03-02 20:00:00+00:00,0.7622677087783813,0.7664349675178528,0.7495601177215576,0.7606766819953918
2025-03-03 00:00:00+00:00,0.7602536082267761,0.7683578133583069,0.7420010566711426,0.7683578133583069
2025-03-03 04:00:00+00:00,0.7673476338386536,0.7876453399658203,0.7384504079818726,0.768290102481842
2025-03-03 08:00:00+00:00,0.7655826807022095,0.7792794704437256,0.7578126192092896,0.767612636089325
2025-03-03 12:00:00+00:00,0.7687311768531799,0.7789912819862366,0.7282592058181763,0.7284273505210876
2025-03-03 16:00:00+00:00,0.7244380116462708,0.7244380116462708,0.6703745722770691,0.6703745722770691
2025-03-03 20:00:00+00:00,0.6586428284645081,0.6639431715011597,0.6384376883506775,0.6462221741676331
2025-03-04 00:00:00+00:00,0.6433261036872864,0.6466864943504333,0.587291955947876,0.6103329658508301
2025-03-04 04:00:00+00:00,0.6055238842964172,0.6208428740501404,0.6004372835159302,0.6064768433570862
2025-03-04 08:00:00+00:00,0.6045013070106506,0.6051019430160522,0.5859264731407166,0.5927598476409912
2025-03-04 12:00:00+00:00,0.5904411673545837,0.5973857045173645,0.5683426260948181,0.5811251997947693
2025-03-04 16:00:00+00:00,0.5819200873374939,0.583085834980011,0.5404750108718872,0.5784910917282104
2025-03-04 20:00:00+00:00,0.5785983204841614,0.5944390892982483,0.563398540019989,0.5779982209205627
2025-03-05 00:00:00+00:00,0.5747122764587402,0.5760395526885986,0.5626810193061829,0.5643038153648376
2025-03-05 04:00:00+00:00,0.5627874732017517,0.5787158608436584,0.5627874732017517,0.5737203359603882
2025-03-05 08:00:00+00:00,0.5734051465988159,0.6124266982078552,0.5734051465988159,0.5827136635780334
2025-03-05 12:00:00+00:00,0.582589864730835,0.5939935445785522,0.5627444982528687,0.5640925168991089
2025-03-05 16:00:00+00:00,0.5653747320175171,0.5847844481468201,0.5540792346000671,0.5839530229568481
2025-03-05 20:00:00+00:00,0.5840921998023987,0.5879766345024109,0.5812239050865173,0.5816240310668945
2025-03-06 00:00:00+00:00,0.5822652578353882,0.5870482921600342,0.5728816986083984,0.5810855627059937
2025-03-06 04:00:00+00:00,0.5811241269111633,0.5933632254600525,0.5764477252960205,0.5837693214416504
2025-03-06 08:00:00+00:00,0.5841911435127258,0.5997189879417419,0.5841911435127258,0.5997189879417419
2025-03-06 12:00:00+00:00,0.5994561314582825,0.5994561314582825,0.5788645148277283,0.5885506868362427
2025-03-06 16:00:00+00:00,0.5901291966438293,0.5913452506065369,0.5595338344573975,0.570514976978302
2025-03-06 20:00:00+00:00,0.5675353407859802,0.5766124129295349,0.5629079341888428,0.5720280408859253
2025-03-07 00:00:00+00:00,0.5718094706535339,0.5766471028327942,0.5317407846450806,0.5585876107215881
2025-03-07 04:00:00+00:00,0.5587242841720581,0.5587242841720581,0.542742133140564,0.5483795404434204
2025-03-07 08:00:00+00:00,0.5490682721138,0.5634564161300659,0.5446782112121582,0.5564613342285156
2025-03-07 12:00:00+00:00,0.5561830997467041,0.5643977522850037,0.5468384027481079,0.5525948405265808
2025-03-07 16:00:00+00:00,0.5528106689453125,0.5705212354660034,0.5367677211761475,0.5624682903289795
2025-03-07 20:00:00+00:00,0.5626316666603088,0.5626316666603088,0.5307714939117432,0.5341857671737671
2025-03-08 00:00:00+00:00,0.5329983234405518,0.538018524646759,0.5188157558441162,0.5214247703552246
2025-03-08 04:00:00+00:00,0.5213176608085632,0.5262222290039062,0.5159608721733093,0.5164064764976501
2025-03-08 08:00:00+00:00,0.51691073179245,0.5371783375740051,0.51691073179245,0.5205755233764648
2025-03-08 12:00:00+00:00,0.521070659160614,0.5260873436927795,0.5159022212028503,0.5246710777282715
2025-03-08 16:00:00+00:00,0.5233737230300903,0.5363473296165466,0.5131034851074219,0.5355523824691772
2025-03-08 20:00:00+00:00,0.5363715887069702,0.5413113832473755,0.5277097821235657,0.5341455340385437
2025-03-09 00:00:00+00:00,0.5337187647819519,0.5382815003395081,0.5137569904327393,0.5192009210586548
2025-03-09 04:00:00+00:00,0.5210551619529724,0.527736246585846,0.5111430287361145,0.5166831612586975
2025-03-09 08:00:00+00:00,0.5149185657501221,0.5149185657501221,0.4800567626953125,0.4829760193824768
2025-03-09 12:00:00+00:00,0.48510831594467163,0.4851111173629761,0.46697336435317993,0.46697336435317993
2025-03-09 16:00:00+00:00,0.4677916467189789,0.471832275390625,0.43193158507347107,0.4498389661312103
2025-03-09 20:00:00+00:00,0.44852352142333984,0.4518956243991852,0.4391224980354309,0.4417429566383362
2025-03-10 00:00:00+00:00,0.44199204444885254,0.46304261684417725,0.44199204444885254,0.45358121395111084
2025-03-10 04:00:00+00:00,0.45313504338264465,0.4677613377571106,0.45313504338264465,0.4645484685897827
2025-03-10 08:00:00+00:00,0.4658917784690857,0.4842773377895355,0.4623255431652069,0.47841405868530273
2025-03-10 12:00:00+00:00,0.48238611221313477,0.4909398853778839,0.45701801776885986,0.4661596715450287
2025-03-10 16:00:00+00:00,0.4636520445346832,0.4636520445346832,0.42657583951950073,0.445965975522995
2025-03-10 20:00:00+00:00,0.44632279872894287,0.44839349389076233,0.4292104244232178,0.4310978055000305
2025-03-11 00:00:00+00:00,0.4288369417190552,0.4364888668060303,0.3994431495666504,0.4343482255935669
2025-03-11 04:00:00+00:00,0.4330761134624481,0.4476129710674286,0.43181899189949036,0.44359761476516724
2025-03-11 08:00:00+00:00,0.44460511207580566,0.45197439193725586,0.44237765669822693,0.44952693581581116
2025-03-11 12:00:00+00:00,0.4496067762374878,0.45796912908554077,0.4306718111038208,0.45425936579704285
2025-03-11 16:00:00+00:00,0.4534989297389984,0.46993955969810486,0.4442474842071533,0.4643179178237915
2025-03-11 20:00:00+00:00,0.4640566408634186,0.4640566408634186,0.4471887946128845,0.44727981090545654
2025-03-12 00:00:00+00:00,0.4481666386127472,0.45762571692466736,0.4362519085407257,0.4362519085407257
2025-03-12 04:00:00+00:00,0.435090571641922,0.4457329213619232,0.4291958212852478,0.44526243209838867
2025-03-12 08:00:00+00:00,0.44462063908576965,0.45875978469848633,0.4424232244491577,0.44791722297668457
2025-03-12 12:00:00+00:00,0.45029041171073914,0.46889564394950867,0.43735742568969727,0.4466523826122284
2025-03-12 16:00:00+00:00,0.44555720686912537,0.4584079086780548,0.44555720686912537,0.45701590180397034
2025-03-12 20:00:00+00:00,0.4563864469528198,0.47767511010169983,0.45291805267333984,0.4774138033390045
2025-03-13 00:00:00+00:00,0.4819597601890564,0.49716463685035706,0.47345253825187683,0.49716463685035706
2025-03-13 04:00:00+00:00,0.4904240369796753,0.4904240369796753,0.4687674343585968,0.47980940341949463
2025-03-13 08:00:00+00:00,0.4777883291244507,0.49431586265563965,0.47586485743522644,0.4765550494194031
2025-03-13 12:00:00+00:00,0.47749727964401245,0.48096325993537903,0.46475884318351746,0.47216156125068665
2025-03-13 16:00:00+00:00,0.47196245193481445,0.47196245193481445,0.45597347617149353,0.4605253338813782
2025-03-13 20:00:00+00:00,0.4597369134426117,0.47343942523002625,0.454656720161438,0.47139155864715576
2025-03-14 00:00:00+00:00,0.4703742265701294,0.48521944880485535,0.4703742265701294,0.48502668738365173
2025-03-14 04:00:00+00:00,0.483895868062973,0.4933639466762543,0.4803292155265808,0.49024760723114014
2025-03-14 08:00:00+00:00,0.4902629852294922,0.4968944787979126,0.48910796642303467,0.493807315826416
2025-03-14 12:00:00+00:00,0.49356240034103394,0.5245906710624695,0.4891040325164795,0.5215830206871033
2025-03-14 16:00:00+00:00,0.5233292579650879,0.52586829662323,0.5084503293037415,0.5090278387069702
2025-03-14 20:00:00+00:00,0.5086410641670227,0.515234112739563,0.502114474773407,0.5084181427955627
2025-03-15 00:00:00+00:00,0.5078257918357849,0.5113344192504883,0.503349781036377,0.5112233757972717
2025-03-15 04:00:00+00:00,0.5113589763641357,0.5142667293548584,0.502061665058136,0.5032172799110413
2025-03-15 08:00:00+00:00,0.5031420588493347,0.5058842301368713,0.49372029304504395,0.4995940923690796
2025-03-15 12:00:00+00:00,0.4996895492076874,0.5048508644104004,0.4960198998451233,0.5007148385047913
2025-03-15 16:00:00+00:00,0.50272536277771,0.5054184794425964,0.49478787183761597,0.49657830595970154
2025-03-15 20:00:00+00:00,0.4973222315311432,0.5056525468826294,0.4973222315311432,0.5006860494613647
2025-03-16 00:00:00+00:00,0.5010913014411926,0.5010913014411926,0.49446168541908264,0.4998266398906708
2025-03-16 04:00:00+00:00,0.5003982782363892,0.5003982782363892,0.4902949035167694,0.4924814999103546
2025-03-16 08:00:00+00:00,0.49287495017051697,0.4966621994972229,0.4791867434978485,0.4791867434978485
2025-03-16 12:00:00+00:00,0.48232248425483704,0.48236605525016785,0.4689636826515198,0.47361019253730774
2025-03-16 16:00:00+00:00,0.4734540283679962,0.4855492413043976,0.4654182195663452,0.46590128540992737
2025-03-16 20:00:00+00:00,0.4656008183956146,0.4702320098876953,0.46154335141181946,0.4655805826187134
2025-03-17 00:00:00+00:00,0.4654289782047272,0.48069289326667786,0.4654289782047272,0.48055756092071533
2025-03-17 04:00:00+00:00,0.48092541098594666,0.48643818497657776,0.4737262427806854,0.48643818497657776
2025-03-17 08:00:00+00:00,0.4861705005168915,0.4889041781425476,0.48053067922592163,0.48619595170021057
2025-03-17 12:00:00+00:00,0.48656392097473145,0.4894207715988159,0.474022775888443,0.4797927737236023
2025-03-17 16:00:00+00:00,0.4818841516971588,0.5106663703918457,0.48014187812805176,0.5087056159973145
2025-03-17 20:00:00+00:00,0.5081273317337036,0.5081273317337036,0.497755765914917,0.5015480518341064
2025-03-18 00:00:00+00:00,0.50077885389328,0.50077885389328,0.4771255552768707,0.4782019853591919
2025-03-18 04:00:00+00:00,0.4777106046676636,0.4816974997520447,0.4712167978286743,0.47523829340934753
2025-03-18 08:00:00+00:00,0.47562527656555176,0.4799194037914276,0.4622914493083954,0.4622914493083954
2025-03-18 12:00:00+00:00,0.4625878930091858,0.463125616312027,0.45380958914756775,0.45380958914756775
2025-03-18 16:00:00+00:00,0.4543187916278839,0.4625750482082367,0.4512407183647156,0.4625750482082367
2025-03-18 20:00:00+00:00,0.4633944034576416,0.4802396595478058,0.4621463119983673,0.4802396595478058
2025-03-19 00:00:00+00:00,0.4805006682872772,0.4859308898448944,0.47915178537368774,0.4846722185611725
2025-03-19 04:00:00+00:00,0.4849487543106079,0.4849487543106079,0.47859975695610046,0.47859975695610046
2025-03-19 08:00:00+00:00,0.47809040546417236,0.4944818913936615,0.47809040546417236,0.4944818913936615
2025-03-19 12:00:00+00:00,0.493854284286499,0.5027410984039307,0.493854284286499,0.5001192092895508
2025-03-19 16:00:00+00:00,0.5001039505004883,0.5051445960998535,0.48462042212486267,0.49870920181274414
2025-03-19 20:00:00+00:00,0.5000649690628052,0.5207451581954956,0.49914270639419556,0.5171592831611633
2025-03-20 00:00:00+00:00,0.5180743932723999,0.5216959714889526,0.4980047941207886,0.4981057941913605
2025-03-20 04:00:00+00:00,0.4981416165828705,0.4994276165962219,0.4932103753089905,0.49516841769218445
2025-03-20 08:00:00+00:00,0.49464109539985657,0.4997486472129822,0.48343464732170105,0.48851653933525085
2025-03-20 12:00:00+00:00,0.4875144958496094,0.4961930811405182,0.4854969382286072,0.48745861649513245
2025-03-20 16:00:00+00:00,0.4879415035247803,0.4932870864868164,0.4822320342063904,0.49051958322525024
2025-03-20 20:00:00+00:00,0.490087628364563,0.5062177181243896,0.4889335632324219,0.5062177181243896
2025-03-21 00:00:00+00:00,0.5060135722160339,0.5301617383956909,0.5060135722160339,0.5209599137306213
2025-03-21 04:00:00+00:00,0.5213648080825806,0.5233269333839417,0.5014415383338928,0.5031319856643677
2025-03-21 08:00:00+00:00,0.5039089322090149,0.5042190551757812,0.4853515326976776,0.48840105533599854
2025-03-21 12:00:00+00:00,0.4895155727863312,0.49358072876930237,0.4833381175994873,0.4842020571231842
2025-03-21 16:00:00+00:00,0.4827098250389099,0.4959154427051544,0.4827098250389099,0.4901215136051178
2025-03-21 20:00:00+00:00,0.4890782833099365,0.5037743449211121,0.4876442551612854,0.4877645969390869
2025-03-22 00:00:00+00:00,0.4890425503253937,0.4944705665111542,0.48656073212623596,0.4944705665111542
2025-03-22 04:00:00+00:00,0.49334627389907837,0.5166333913803101,0.49334627389907837,0.5139060020446777
2025-03-22 08:00:00+00:00,0.516503095626831,0.5232917666435242,0.5159704685211182,0.5207988023757935
2025-03-22 12:00:00+00:00,0.5216568112373352,0.5227218270301819,0.5067806839942932,0.521785318851471
2025-03-22 16:00:00+00:00,0.5211820602416992,0.525763213634491,0.5174329876899719,0.5193357467651367
2025-03-22 20:00:00+00:00,0.5180454850196838,0.5191556215286255,0.5082644820213318,0.5082644820213318
2025-03-23 00:00:00+00:00,0.5068077445030212,0.5177493095397949,0.5061843991279602,0.5165581107139587
2025-03-23 04:00:00+00:00,0.5165433883666992,0.5171648859977722,0.5069321393966675,0.5127153396606445
2025-03-23 08:00:00+00:00,0.5132247805595398,0.5348753929138184,0.5100058317184448,0.5320424437522888
2025-03-23 12:00:00+00:00,0.5328131318092346,0.5328131318092346,0.5095732808113098,0.5107435584068298
2025-03-23 16:00:00+00:00,0.5099477767944336,0.5115038156509399,0.4991605281829834,0.5014698505401611
2025-03-23 20:00:00+00:00,0.5019047856330872,0.5127240419387817,0.501703679561615,0.5127240419387817
2025-03-24 00:00:00+00:00,0.5128887891769409,0.5430799126625061,0.5067970752716064,0.5430799126625061
2025-03-24 04:00:00+00:00,0.5446300506591797,0.5558167695999146,0.5446300506591797,0.5476791262626648
2025-03-24 08:00:00+00:00,0.547166109085083,0.5584105253219604,0.5465412735939026,0.557564914226532
2025-03-24 12:00:00+00:00,0.5566871166229248,0.5765613913536072,0.5531421303749084,0.5617413520812988
2025-03-24 16:00:00+00:00,0.5612736344337463,0.5655180215835571,0.5525925159454346,0.5568735003471375
2025-03-24 20:00:00+00:00,0.5561987161636353,0.5575520992279053,0.5510454773902893,0.5552054643630981
2025-03-25 00:00:00+00:00,0.5558263659477234,0.5690072178840637,0.5431141257286072,0.5431141257286072
2025-03-25 04:00:00+00:00,0.5420243740081787,0.5507546067237854,0.5391786098480225,0.5482863783836365
2025-03-25 08:00:00+00:00,0.5488166213035583,0.553345799446106,0.5403282046318054,0.5403282046318054
2025-03-25 12:00:00+00:00,0.5392741560935974,0.5489550232887268,0.5349866151809692,0.5432851910591125
2025-03-25 16:00:00+00:00,0.5434485673904419,0.551906943321228,0.5420284271240234,0.5498393774032593
2025-03-25 20:00:00+00:00,0.5494216680526733,0.5530565977096558,0.545389711856842,0.5496221780776978
2025-03-26 00:00:00+00:00,0.5487040877342224,0.5522119998931885,0.5395908951759338,0.5399996638298035
2025-03-26 04:00:00+00:00,0.5406408309936523,0.5752754211425781,0.5406272411346436,0.5752754211425781
2025-03-26 08:00:00+00:00,0.5731434226036072,0.5889633893966675,0.5570602416992188,0.5830941796302795
2025-03-26 12:00:00+00:00,0.5819388628005981,0.5819388628005981,0.5395523905754089,0.5395523905754089
2025-03-26 16:00:00+00:00,0.538293182849884,0.543236494064331,0.5273034572601318,0.5346639156341553
2025-03-26 20:00:00+00:00,0.5344827175140381,0.5390229225158691,0.5248120427131653,0.5276851654052734
2025-03-27 00:00:00+00:00,0.5273019671440125,0.5574456453323364,0.52719646692276,0.5574456453323364
2025-03-27 04:00:00+00:00,0.5565445423126221,0.5591492056846619,0.5425594449043274,0.5441446304321289
2025-03-27 08:00:00+00:00,0.544565737247467,0.5480988621711731,0.5186970233917236,0.5188066363334656
2025-03-27 12:00:00+00:00,0.5184723734855652,0.5314708352088928,0.5112962126731873,0.5218760371208191
2025-03-27 16:00:00+00:00,0.5210095047950745,0.5256316065788269,0.5174599885940552,0.5206045508384705
2025-03-27 20:00:00+00:00,0.5197015404701233,0.5255755186080933,0.5167206525802612,0.5203555226325989
2025-03-28 00:00:00+00:00,0.5199728012084961,0.5256779193878174,0.5139351487159729,0.5174497365951538
2025-03-28 04:00:00+00:00,0.5175179839134216,0.5175179839134216,0.4879162609577179,0.48841363191604614
2025-03-28 08:00:00+00:00,0.4889256954193115,0.49031296372413635,0.4768018424510956,0.4787748157978058
2025-03-28 12:00:00+00:00,0.47910964488983154,0.4797481596469879,0.4643387496471405,0.46481215953826904
2025-03-28 16:00:00+00:00,0.4663417339324951,0.46700143814086914,0.4569033682346344,0.4582816958427429
2025-03-28 20:00:00+00:00,0.45823875069618225,0.4623037278652191,0.4542366564273834,0.4611479341983795
2025-03-29 00:00:00+00:00,0.461965411901474,0.4660092890262604,0.4521815776824951,0.4598173499107361
2025-03-29 04:00:00+00:00,0.45918381214141846,0.45924121141433716,0.444225549697876,0.4444957673549652
2025-03-29 08:00:00+00:00,0.4450172483921051,0.4485774040222168,0.4320499300956726,0.4341360330581665
2025-03-29 12:00:00+00:00,0.43495669960975647,0.44123944640159607,0.4317011833190918,0.4320550858974457
2025-03-29 16:00:00+00:00,0.4322777986526489,0.43235304951667786,0.4242321848869324,0.4272536635398865
2025-03-29 20:00:00+00:00,0.4273236393928528,0.43220824003219604,0.42241576313972473,0.43220824003219604
2025-03-30 00:00:00+00:00,0.4315960109233856,0.4387133717536926,0.42896366119384766,0.4355786442756653
2025-03-30 04:00:00+00:00,0.4357049763202667,0.4410732090473175,0.43496474623680115,0.43808963894844055
2025-03-30 08:00:00+00:00,0.4382522702217102,0.4425320625305176,0.43531110882759094,0.43686461448669434
2025-03-30 12:00:00+00:00,0.4368853271007538,0.43798452615737915,0.43076443672180176,0.4346064627170563
2025-03-30 16:00:00+00:00,0.4343522787094116,0.44343096017837524,0.4294469654560089,0.4388287663459778
2025-03-30 20:00:00+00:00,0.43874242901802063,0.44133317470550537,0.43120649456977844,0.4357699453830719
2025-03-31 00:00:00+00:00,0.4364871084690094,0.4409436881542206,0.4264337718486786,0.43150174617767334
2025-03-31 04:00:00+00:00,0.431741327047348,0.4385235905647278,0.42470914125442505,0.42470914125442505
2025-03-31 08:00:00+00:00,0.42760831117630005,0.43019965291023254,0.41870731115341187,0.4275549650192261
2025-03-31 12:00:00+00:00,0.42755624651908875,0.4368886351585388,0.4216797649860382,0.4355008006095886
2025-03-31 16:00:00+00:00,0.43532633781433105,0.43558189272880554,0.420009583234787,0.4202215373516083
2025-03-31 20:00:00+00:00,0.4202626645565033,0.4222610592842102,0.41460251808166504,0.4199667274951935
2025-04-01 00:00:00+00:00,0.4208666980266571,0.4338131546974182,0.420605331659317,0.4294271469116211
2025-04-01 04:00:00+00:00,0.43057680130004883,0.43745651841163635,0.43028467893600464,0.4315914511680603
2025-04-01 08:00:00+00:00,0.4321887493133545,0.4442804753780365,0.42443761229515076,0.42536070942878723
2025-04-01 12:00:00+00:00,0.4254995286464691,0.43630918860435486,0.4170425534248352,0.43558087944984436
2025-04-01 16:00:00+00:00,0.4360285699367523,0.4360285699367523,0.4204825162887573,0.4220946431159973
2025-04-01 20:00:00+00:00,0.42244645953178406,0.42781534790992737,0.41854938864707947,0.4228205978870392
2025-04-02 00:00:00+00:00,0.4222198724746704,0.42281296849250793,0.4032239615917206,0.41054368019104004
2025-04-02 04:00:00+00:00,0.4110812842845917,0.41608375310897827,0.40311816334724426,0.4067313075065613
2025-04-02 08:00:00+00:00,0.4064685106277466,0.41954439878463745,0.4064685106277466,0.4136407971382141
2025-04-02 12:00:00+00:00,0.41436436772346497,0.4206920564174652,0.40585148334503174,0.4193677008152008
2025-04-02 16:00:00+00:00,0.42011645436286926,0.4221688508987427,0.4081953763961792,0.4164218008518219
2025-04-02 20:00:00+00:00,0.41648736596107483,0.42944273352622986,0.37086138129234314,0.37521007657051086
2025-04-03 00:00:00+00:00,0.3755303621292114,0.3914162814617157,0.3755303621292114,0.3891485333442688
2025-04-03 04:00:00+00:00,0.38905829191207886,0.3912886679172516,0.37523457407951355,0.3792753219604492
2025-04-03 08:00:00+00:00,0.3795655071735382,0.381206750869751,0.36034104228019714,0.3636842668056488
2025-04-03 12:00:00+00:00,0.3627544343471527,0.36652272939682007,0.35465413331985474,0.36652272939682007
2025-04-03 16:00:00+00:00,0.36807987093925476,0.3766605854034424,0.3660726547241211,0.3766605854034424
2025-04-03 20:00:00+00:00,0.37703922390937805,0.38408440351486206,0.37703922390937805,0.3835069537162781
2025-04-04 00:00:00+00:00,0.38447409868240356,0.38826891779899597,0.38155707716941833,0.38819125294685364
2025-04-04 04:00:00+00:00,0.3877204656600952,0.38789817690849304,0.3803466260433197,0.3822454810142517
2025-04-04 08:00:00+00:00,0.3818329870700836,0.3844352662563324,0.36307698488235474,0.3684677481651306
2025-04-04 12:00:00+00:00,0.3699582517147064,0.3863767385482788,0.3671024441719055,0.38059163093566895
2025-04-04 16:00:00+00:00,0.38015323877334595,0.38772982358932495,0.3754618763923645,0.3813008666038513
2025-04-04 20:00:00+00:00,0.38282108306884766,0.3901967406272888,0.38242796063423157,0.3871845006942749
2025-04-05 00:00:00+00:00,0.38793256878852844,0.3927753269672394,0.38455066084861755,0.3864215314388275
2025-04-05 04:00:00+00:00,0.38628631830215454,0.39126312732696533,0.38369330763816833,0.39126312732696533
2025-04-05 08:00:00+00:00,0.39214763045310974,0.39241451025009155,0.387481689453125,0.3874889612197876
2025-04-05 12:00:00+00:00,0.3875945210456848,0.3883347809314728,0.37756961584091187,0.3785589039325714
2025-04-05 16:00:00+00:00,0.37848496437072754,0.3828389644622803,0.37787681818008423,0.37951669096946716
2025-04-05 20:00:00+00:00,0.3800674080848694,0.385886013507843,0.3800674080848694,0.385886013507843
2025-04-06 00:00:00+00:00,0.3854891359806061,0.3854891359806061,0.37872403860092163,0.37926119565963745
2025-04-06 04:00:00+00:00,0.37925904989242554,0.38236477971076965,0.3755660653114319,0.3755660653114319
2025-04-06 08:00:00+00:00,0.3754417300224304,0.3793560862541199,0.3707992434501648,0.3723445236682892
2025-04-06 12:00:00+00:00,0.3722638189792633,0.37311092019081116,0.35336989164352417,0.36333924531936646
2025-04-06 16:00:00+00:00,0.36363887786865234,0.36363887786865234,0.3379637598991394,0.34137895703315735
2025-04-06 20:00:00+00:00,0.3418391942977905,0.3418391942977905,0.3295100927352905,0.33471792936325073
2025-04-07 00:00:00+00:00,0.33461347222328186,0.34430837631225586,0.32506680488586426,0.326213002204895
2025-04-07 04:00:00+00:00,0.32799503207206726,0.33546367287635803,0.30872347950935364,0.315692275762558
2025-04-07 08:00:00+00:00,0.3160334527492523,0.33461838960647583,0.31524327397346497,0.3272803723812103
2025-04-07 12:00:00+00:00,0.32729318737983704,0.3572135865688324,0.3268405795097351,0.3462754189968109
2025-04-07 16:00:00+00:00,0.3460729718208313,0.3533306419849396,0.34171703457832336,0.3461202085018158
2025-04-07 20:00:00+00:00,0.3451726734638214,0.35094305872917175,0.3438206911087036,0.3445414900779724
2025-04-08 00:00:00+00:00,0.34367263317108154,0.35565879940986633,0.3413485884666443,0.3464455306529999
2025-04-08 04:00:00+00:00,0.34618037939071655,0.34760618209838867,0.33794093132019043,0.34067395329475403
2025-04-08 08:00:00+00:00,0.3402249217033386,0.343392550945282,0.3358325660228729,0.343392550945282
2025-04-08 12:00:00+00:00,0.34386304020881653,0.3448580801486969,0.332652747631073,0.33348387479782104
2025-04-08 16:00:00+00:00,0.33350422978401184,0.33472940325737,0.3202430009841919,0.32206401228904724
2025-04-08 20:00:00+00:00,0.32148444652557373,0.32613617181777954,0.31744036078453064,0.3191762864589691
2025-04-09 00:00:00+00:00,0.3183131814002991,0.3223651647567749,0.305787056684494,0.31938692927360535
2025-04-09 04:00:00+00:00,0.32172831892967224,0.3362450897693634,0.32087671756744385,0.3362450897693634
2025-04-09 08:00:00+00:00,0.33709144592285156,0.338981568813324,0.32913172245025635,0.3303225040435791
2025-04-09 12:00:00+00:00,0.3299708962440491,0.3353295922279358,0.3260738253593445,0.33439844846725464
2025-04-09 16:00:00+00:00,0.3347918689250946,0.37143978476524353,0.3347918689250946,0.36772432923316956
2025-04-09 20:00:00+00:00,0.36893191933631897,0.3770175576210022,0.36893191933631897,0.3713606297969818
2025-04-10 00:00:00+00:00,0.3713605999946594,0.3720918893814087,0.3616984486579895,0.36483195424079895
2025-04-10 04:00:00+00:00,0.3648068606853485,0.37565112113952637,0.3631875813007355,0.3732127845287323
2025-04-10 08:00:00+00:00,0.3731965720653534,0.3737996816635132,0.36185216903686523,0.36334311962127686
2025-04-10 12:00:00+00:00,0.363452672958374,0.37003979086875916,0.35537028312683105,0.3561849296092987
2025-04-10 16:00:00+00:00,0.35577526688575745,0.36032551527023315,0.3536611497402191,0.35889512300491333
2025-04-10 20:00:00+00:00,0.35835257172584534,0.3676179051399231,0.35830971598625183,0.3663428723812103
2025-04-11 00:00:00+00:00,0.36573758721351624,0.3769965171813965,0.3651004731655121,0.37481459975242615
2025-04-11 04:00:00+00:00,0.37435418367385864,0.3887714147567749,0.3714316785335541,0.3773899972438812
2025-04-11 08:00:00+00:00,0.3755553066730499,0.38826340436935425,0.3755553066730499,0.38444632291793823
2025-04-11 12:00:00+00:00,0.3840614855289459,0.3915152847766876,0.3824411928653717,0.3915152847766876
2025-04-11 16:00:00+00:00,0.3902304470539093,0.39904138445854187,0.38693779706954956,0.39653390645980835
2025-04-11 20:00:00+00:00,0.39639872312545776,0.40882280468940735,0.3932678997516632,0.39643189311027527
2025-04-12 00:00:00+00:00,0.39566266536712646,0.3974943459033966,0.3896283805370331,0.39354079961776733
2025-04-12 04:00:00+00:00,0.39265725016593933,0.42626941204071045,0.3911130726337433,0.42526862025260925
2025-04-12 08:00:00+00:00,0.42608657479286194,0.43446770310401917,0.4191298186779022,0.42231160402297974
2025-04-12 12:00:00+00:00,0.42236146330833435,0.4444458484649658,0.42158809304237366,0.44393932819366455
2025-04-12 16:00:00+00:00,0.4468565881252289,0.46461665630340576,0.44340255856513977,0.46296727657318115
2025-04-12 20:00:00+00:00,0.4617500603199005,0.4781808853149414,0.4586370289325714,0.4662861227989197
2025-04-13 00:00:00+00:00,0.46657389402389526,0.4735470414161682,0.45367586612701416,0.4536893367767334
2025-04-13 04:00:00+00:00,0.4533199071884155,0.46033385396003723,0.45005831122398376,0.45779353380203247
2025-04-13 08:00:00+00:00,0.4565631151199341,0.4761144816875458,0.45505306124687195,0.4668392241001129
2025-04-13 12:00:00+00:00,0.46465417742729187,0.4730651080608368,0.45699700713157654,0.45735129714012146
2025-04-13 16:00:00+00:00,0.4588698446750641,0.4750533699989319,0.45642250776290894,0.45985981822013855
2025-04-13 20:00:00+00:00,0.45877546072006226,0.46240234375,0.4388878643512726,0.44564831256866455
2025-04-14 00:00:00+00:00,0.44551077485084534,0.4780201017856598,0.44551077485084534,0.45852839946746826
2025-04-14 04:00:00+00:00,0.4576537311077118,0.4595063328742981,0.4472361207008362,0.4485044479370117
2025-04-14 08:00:00+00:00,0.44899114966392517,0.4526025950908661,0.44338953495025635,0.4497349262237549
2025-04-14 12:00:00+00:00,0.44710901379585266,0.4536532163619995,0.4282599687576294,0.428268700838089
2025-04-14 16:00:00+00:00,0.4289182126522064,0.4418310821056366,0.42127862572669983,0.436120867729187
2025-04-14 20:00:00+00:00,0.4358161985874176,0.4362429976463318,0.4273231625556946,0.4306690990924835
2025-04-15 00:00:00+00:00,0.4306776821613312,0.43576398491859436,0.4265817105770111,0.4285629987716675
2025-04-15 04:00:00+00:00,0.4293646812438965,0.43217021226882935,0.42230844497680664,0.4273119866847992
2025-04-15 08:00:00+00:00,0.42717990279197693,0.4333174526691437,0.4109880030155182,0.41262099146842957
2025-04-15 12:00:00+00:00,0.4128229320049286,0.414914071559906,0.40132617950439453,0.40186697244644165
2025-04-15 16:00:00+00:00,0.4024728834629059,0.4024728834629059,0.39299923181533813,0.39447346329689026
2025-04-15 20:00:00+00:00,0.39503270387649536,0.3963319957256317,0.3875598907470703,0.3883422315120697
2025-04-16 00:00:00+00:00,0.3889765441417694,0.3889765441417694,0.37732642889022827,0.3795092701911926
2025-04-16 04:00:00+00:00,0.37918269634246826,0.37948113679885864,0.3696841895580292,0.3697252869606018
2025-04-16 08:00:00+00:00,0.369953989982605,0.3752914369106293,0.3684118390083313,0.373279869556427
2025-04-16 12:00:00+00:00,0.3728141784667969,0.38016271591186523,0.36888015270233154,0.37416961789131165
2025-04-16 16:00:00+00:00,0.3737369775772095,0.3808789849281311,0.36424583196640015,0.3808789849281311
2025-04-16 20:00:00+00:00,0.3803751766681671,0.38599637150764465,0.3766922354698181,0.37775635719299316
2025-04-17 00:00:00+00:00,0.37892434000968933,0.3809407651424408,0.37337544560432434,0.3768506348133087
2025-04-17 04:00:00+00:00,0.37736666202545166,0.38315290212631226,0.3756110966205597,0.37834301590919495
2025-04-17 08:00:00+00:00,0.37929728627204895,0.3811304569244385,0.37510424852371216,0.37660524249076843
2025-04-17 12:00:00+00:00,0.3763570785522461,0.3809911608695984,0.36974868178367615,0.37865403294563293
2025-04-17 16:00:00+00:00,0.37859106063842773,0.4009547233581543,0.37856027483940125,0.3794664144515991
2025-04-17 20:00:00+00:00,0.37910547852516174,0.38422322273254395,0.3738638162612915,0.37555307149887085
2025-04-18 00:00:00+00:00,0.37642937898635864,0.38470450043678284,0.37642937898635864,0.3816840350627899
2025-04-18 04:00:00+00:00,0.38074803352355957,0.39469701051712036,0.37866562604904175,0.39469701051712036
2025-04-18 08:00:00+00:00,0.3951015770435333,0.4105716049671173,0.39336487650871277,0.40229058265686035
2025-04-18 12:00:00+00:00,0.4023195803165436,0.408344566822052,0.39788818359375,0.3989408016204834
2025-04-18 16:00:00+00:00,0.39965933561325073,0.40154749155044556,0.3956787884235382,0.3968506157398224
2025-04-18 20:00:00+00:00,0.39576733112335205,0.4024287760257721,0.395317405462265,0.4024287760257721
2025-04-19 00:00:00+00:00,0.4019877314567566,0.4038400948047638,0.3925851583480835,0.4033033847808838
2025-04-19 04:00:00+00:00,0.4028124511241913,0.40733036398887634,0.4005124270915985,0.4023655354976654
2025-04-19 08:00:00+00:00,0.40254923701286316,0.4076288342475891,0.4018339216709137,0.40260013937950134
2025-04-19 12:00:00+00:00,0.40269938111305237,0.4102742373943329,0.4020034074783325,0.4073876738548279
2025-04-19 16:00:00+00:00,0.40834948420524597,0.4151582717895508,0.4052734971046448,0.4087912440299988
2025-04-19 20:00:00+00:00,0.40874576568603516,0.4180983901023865,0.40799304842948914,0.4168097674846649
2025-04-20 00:00:00+00:00,0.41722163558006287,0.4308576285839081,0.41446632146835327,0.42949536442756653
2025-04-20 04:00:00+00:00,0.43027350306510925,0.4403795599937439,0.42811617255210876,0.4301525056362152
2025-04-20 08:00:00+00:00,0.4302866458892822,0.4302866458892822,0.4185050129890442,0.41874179244041443
2025-04-20 12:00:00+00:00,0.4188663959503174,0.4309239983558655,0.4188663959503174,0.41968461871147156
2025-04-20 16:00:00+00:00,0.4194928705692291,0.4305427670478821,0.41938504576683044,0.4297972023487091
2025-04-20 20:00:00+00:00,0.4304518699645996,0.4382933974266052,0.426373153924942,0.42831626534461975
2025-04-21 00:00:00+00:00,0.4284031391143799,0.45814216136932373,0.4284031391143799,0.43673670291900635
2025-04-21 04:00:00+00:00,0.4365832507610321,0.44915664196014404,0.4357755482196808,0.4402632713317871
2025-04-21 08:00:00+00:00,0.4401121735572815,0.44546589255332947,0.4351523518562317,0.4359627962112427
2025-04-21 12:00:00+00:00,0.43556904792785645,0.4461584687232971,0.43505269289016724,0.44177407026290894
2025-04-21 16:00:00+00:00,0.44382309913635254,0.4465017318725586,0.4315527081489563,0.4376240372657776
2025-04-21 20:00:00+00:00,0.4374634325504303,0.43835631012916565,0.42204999923706055,0.42376354336738586
2025-04-22 00:00:00+00:00,0.4228299856185913,0.4419935941696167,0.416088342666626,0.42936065793037415
2025-04-22 04:00:00+00:00,0.42862075567245483,0.437286913394928,0.41948628425598145,0.437286913394928
2025-04-22 08:00:00+00:00,0.43969789147377014,0.4490303695201874,0.4343022406101227,0.4482520520687103
2025-04-22 12:00:00+00:00,0.4474793076515198,0.4767647981643677,0.44711360335350037,0.46736690402030945
2025-04-22 16:00:00+00:00,0.4713921546936035,0.4772091507911682,0.46613672375679016,0.4721018970012665
2025-04-22 20:00:00+00:00,0.4737114906311035,0.5035585165023804,0.4737114906311035,0.5018389821052551
2025-04-23 00:00:00+00:00,0.5015210509300232,0.5548967123031616,0.5015210509300232,0.5548967123031616
2025-04-23 04:00:00+00:00,0.5558744072914124,0.5573545098304749,0.5426903963088989,0.544564425945282
2025-04-23 08:00:00+00:00,0.5452671647071838,0.5663565397262573,0.5399888753890991,0.5581768751144409
2025-04-23 12:00:00+00:00,0.5590865612030029,0.5821635127067566,0.5411857962608337,0.5487104654312134
2025-04-23 16:00:00+00:00,0.5516255497932434,0.5580056309700012,0.5375630259513855,0.5383805632591248
2025-04-23 20:00:00+00:00,0.5388529896736145,0.5438224077224731,0.5332326889038086,0.5374850034713745
2025-04-24 00:00:00+00:00,0.5392270684242249,0.5397667288780212,0.5166963934898376,0.5166963934898376
2025-04-24 04:00:00+00:00,0.5156517624855042,0.5380065441131592,0.5136018395423889,0.5267022848129272
2025-04-24 08:00:00+00:00,0.5254281163215637,0.5277805924415588,0.5104778409004211,0.5229778289794922
2025-04-24 12:00:00+00:00,0.5234547853469849,0.5541507601737976,0.5234547853469849,0.5455277562141418
2025-04-24 16:00:00+00:00,0.5435968637466431,0.5545673966407776,0.5332982540130615,0.5457152724266052
2025-04-24 20:00:00+00:00,0.5461469888687134,0.5582600235939026,0.5434949398040771,0.5571003556251526
2025-04-25 00:00:00+00:00,0.5553591251373291,0.5641506910324097,0.547014057636261,0.549524188041687
2025-04-25 04:00:00+00:00,0.55018550157547,0.573133647441864,0.5461633205413818,0.573133647441864
2025-04-25 08:00:00+00:00,0.5741047859191895,0.6269649863243103,0.5741047859191895,0.6255804300308228
2025-04-25 12:00:00+00:00,0.6262205839157104,0.6665981411933899,0.6205264925956726,0.6402601599693298
2025-04-25 16:00:00+00:00,0.6414409279823303,0.6502701044082642,0.6208556294441223,0.621918261051178
2025-04-25 20:00:00+00:00,0.6229910850524902,0.6406084299087524,0.6186758875846863,0.6377043724060059
2025-04-26 00:00:00+00:00,0.6392584443092346,0.7138492465019226,0.6392584443092346,0.6906328201293945
2025-04-26 04:00:00+00:00,0.6945479512214661,0.6988887190818787,0.6587638258934021,0.690782904624939
2025-04-26 08:00:00+00:00,0.6845883727073669,0.6875190734863281,0.6394526958465576,0.6394526958465576
2025-04-26 12:00:00+00:00,0.6408333778381348,0.6572247743606567,0.6317411065101624,0.6572247743606567
2025-04-26 16:00:00+00:00,0.6559758186340332,0.6570703983306885,0.648615837097168,0.6493180990219116
2025-04-26 20:00:00+00:00,0.6503500938415527,0.6561885476112366,0.6463186740875244,0.6511579155921936
2025-04-27 00:00:00+00:00,0.6517501473426819,0.6528095006942749,0.6245207190513611,0.6470443606376648
2025-04-27 04:00:00+00:00,0.6489598751068115,0.6489598751068115,0.6317841410636902,0.6416347622871399
2025-04-27 08:00:00+00:00,0.6409224271774292,0.642522394657135,0.6219282746315002,0.6239114999771118
2025-04-27 12:00:00+00:00,0.6233871579170227,0.6314757466316223,0.6123278141021729,0.6196504235267639
2025-04-27 16:00:00+00:00,0.6204286217689514,0.6403586268424988,0.6148202419281006,0.6279953718185425
2025-04-27 20:00:00+00:00,0.6291933059692383,0.6342097520828247,0.6143074631690979,0.614325225353241
2025-04-28 00:00:00+00:00,0.6154586672782898,0.6247771978378296,0.598756730556488,0.6199074387550354
2025-04-28 04:00:00+00:00,0.6206583380699158,0.6523584127426147,0.6198447942733765,0.6500410437583923
2025-04-28 08:00:00+00:00,0.6513645052909851,0.6662677526473999,0.6455801129341125,0.6561160683631897
2025-04-28 12:00:00+00:00,0.6578255295753479,0.6578255295753479,0.6032994389533997,0.6034591794013977
2025-04-28 16:00:00+00:00,0.6039633750915527,0.6247726678848267,0.5988237857818604,0.6214941143989563
2025-04-28 20:00:00+00:00,0.6212463974952698,0.6287755966186523,0.615240216255188,0.6168144345283508
2025-04-29 00:00:00+00:00,0.6184871792793274,0.6253162026405334,0.6058467626571655,0.610641360282898
2025-04-29 04:00:00+00:00,0.6101372838020325,0.6177657842636108,0.5945345759391785,0.6177355647087097
2025-04-29 08:00:00+00:00,0.6176504492759705,0.6176504492759705,0.5843054056167603,0.5935818552970886
2025-04-29 12:00:00+00:00,0.5948006510734558,0.6059039831161499,0.5816308856010437,0.6025224924087524
2025-04-29 16:00:00+00:00,0.6028605699539185,0.6168994307518005,0.6026107668876648,0.6133183240890503
2025-04-29 20:00:00+00:00,0.6149851679801941,0.6169401407241821,0.5915058851242065,0.6017884016036987
2025-04-30 00:00:00+00:00,0.603298008441925,0.6180617809295654,0.603298008441925,0.6101614236831665
2025-04-30 04:00:00+00:00,0.6116253137588501,0.615494430065155,0.5946535468101501,0.5967122912406921
2025-04-30 08:00:00+00:00,0.5957505106925964,0.6124009490013123,0.5956704616546631,0.6092591285705566
2025-04-30 12:00:00+00:00,0.6102635860443115,0.6102635860443115,0.5673791170120239,0.5941952466964722
2025-04-30 16:00:00+00:00,0.5928246378898621,0.6063767075538635,0.5850252509117126,0.6047515273094177
2025-04-30 20:00:00+00:00,0.6047327518463135,0.6337470412254333,0.6047327518463135,0.6337470412254333
2025-05-01 00:00:00+00:00,0.6324082612991333,0.6577206254005432,0.6298800706863403,0.6360256671905518
2025-05-01 04:00:00+00:00,0.6346705555915833,0.6415253281593323,0.6287863850593567,0.6301046013832092
2025-05-01 08:00:00+00:00,0.630217969417572,0.6589897274971008,0.6197523474693298,0.6432502269744873
2025-05-01 12:00:00+00:00,0.6446444392204285,0.6518473029136658,0.6283750534057617,0.6367684006690979
2025-05-01 16:00:00+00:00,0.6346268057823181,0.6399332880973816,0.6183057427406311,0.6187504529953003
2025-05-01 20:00:00+00:00,0.6181580424308777,0.6283051371574402,0.6116372346878052,0.6148892641067505
2025-05-02 00:00:00+00:00,0.6159016489982605,0.6405361294746399,0.6141597628593445,0.6258569955825806
2025-05-02 04:00:00+00:00,0.6260006427764893,0.6265085339546204,0.604966402053833,0.6053522229194641
2025-05-02 08:00:00+00:00,0.6006220579147339,0.6134036779403687,0.5998699069023132,0.6087234616279602
2025-05-02 12:00:00+00:00,0.6070700287818909,0.6213149428367615,0.6030282378196716,0.6173080801963806
2025-05-02 16:00:00+00:00,0.6159133911132812,0.6503238677978516,0.6159133911132812,0.6347843408584595
2025-05-02 20:00:00+00:00,0.6348966360092163,0.6545177102088928,0.6348966360092163,0.6432278752326965
2025-05-03 00:00:00+00:00,0.6439054012298584,0.6460513472557068,0.6279748678207397,0.6299970149993896
2025-05-03 04:00:00+00:00,0.6288317441940308,0.6298973560333252,0.6049983501434326,0.6079313158988953
2025-05-03 08:00:00+00:00,0.6079938411712646,0.6079938411712646,0.5826645493507385,0.5833923816680908
2025-05-03 12:00:00+00:00,0.5836347937583923,0.5950230360031128,0.5836347937583923,0.5909291505813599
2025-05-03 16:00:00+00:00,0.5903939604759216,0.5903939604759216,0.570039689540863,0.5775288343429565
2025-05-03 20:00:00+00:00,0.578372061252594,0.578372061252594,0.5691039562225342,0.5709514617919922
2025-05-04 00:00:00+00:00,0.5692211985588074,0.5736637711524963,0.5617997050285339,0.5633925795555115
2025-05-04 04:00:00+00:00,0.5625075697898865,0.569746196269989,0.5593774914741516,0.5607291460037231
2025-05-04 08:00:00+00:00,0.561349630355835,0.5635198354721069,0.5531730055809021,0.5576648116111755
2025-05-04 12:00:00+00:00,0.5576460957527161,0.5644442439079285,0.5494896769523621,0.5536248683929443
2025-05-04 16:00:00+00:00,0.5538730621337891,0.5558971166610718,0.538921594619751,0.5412025451660156
2025-05-04 20:00:00+00:00,0.5417872071266174,0.5521645545959473,0.5417872071266174,0.5503926277160645
2025-05-05 00:00:00+00:00,0.5491199493408203,0.5587162375450134,0.5387137532234192,0.5529677867889404
2025-05-05 04:00:00+00:00,0.5526542067527771,0.5657916069030762,0.5516077280044556,0.5576268434524536
2025-05-05 08:00:00+00:00,0.5586676597595215,0.5621874332427979,0.5352603197097778,0.5411466360092163
2025-05-05 12:00:00+00:00,0.5409477353096008,0.5445639491081238,0.5342462658882141,0.5356507897377014
2025-05-05 16:00:00+00:00,0.5352407097816467,0.556850254535675,0.5352407097816467,0.5459479093551636
2025-05-05 20:00:00+00:00,0.5442018508911133,0.5558411478996277,0.5356401801109314,0.5478227734565735
2025-05-06 00:00:00+00:00,0.5479289889335632,0.5579687356948853,0.5389428734779358,0.5575491189956665
2025-05-06 04:00:00+00:00,0.556925892829895,0.567767858505249,0.5568193197250366,0.5610076785087585
2025-05-06 08:00:00+00:00,0.560072124004364,0.560072124004364,0.5234593749046326,0.5234593749046326
2025-05-06 12:00:00+00:00,0.5269204378128052,0.5442718863487244,0.5250644683837891,0.534055769443512
2025-05-06 16:00:00+00:00,0.5336329936981201,0.5508087873458862,0.5284597277641296,0.5408508777618408
2025-05-06 20:00:00+00:00,0.5406103134155273,0.5641162395477295,0.5267179608345032,0.5612233281135559
2025-05-07 00:00:00+00:00,0.5629620552062988,0.5870601534843445,0.5629620552062988,0.5800709128379822
2025-05-07 04:00:00+00:00,0.5804145336151123,0.5809743404388428,0.5617588758468628,0.5753527283668518
2025-05-07 08:00:00+00:00,0.5764252543449402,0.5784541964530945,0.5646669268608093,0.5711538195610046
2025-05-07 12:00:00+00:00,0.5719518661499023,0.5719518661499023,0.5489727854728699,0.5494131445884705
2025-05-07 16:00:00+00:00,0.5491103529930115,0.5553971529006958,0.534731924533844,0.5460180640220642
2025-05-07 20:00:00+00:00,0.5464879870414734,0.5844249725341797,0.5461146831512451,0.5756032466888428
2025-05-08 00:00:00+00:00,0.5754411220550537,0.6063239574432373,0.5754411220550537,0.5996255278587341
2025-05-08 04:00:00+00:00,0.6012287735939026,0.6234365105628967,0.6002012491226196,0.6223371624946594
2025-05-08 08:00:00+00:00,0.6209198236465454,0.6455236673355103,0.6209198236465454,0.6358422636985779
2025-05-08 12:00:00+00:00,0.6366481781005859,0.657380223274231,0.6340911984443665,0.6514462232589722
2025-05-08 16:00:00+00:00,0.6518247127532959,0.676886260509491,0.6507615447044373,0.6728063225746155
2025-05-08 20:00:00+00:00,0.6757763028144836,0.70615553855896,0.6718183755874634,0.6868448853492737
2025-05-09 00:00:00+00:00,0.6904697418212891,0.711699366569519,0.6702886819839478,0.6702886819839478
2025-05-09 04:00:00+00:00,0.6650689244270325,0.7235050797462463,0.6570332050323486,0.7014229893684387
2025-05-09 08:00:00+00:00,0.7089198231697083,0.7624870538711548,0.7089198231697083,0.7441422343254089
2025-05-09 12:00:00+00:00,0.7443286776542664,0.749326229095459,0.7176027297973633,0.7251909971237183
2025-05-09 16:00:00+00:00,0.7264135479927063,0.7353411912918091,0.7061412930488586,0.7300022840499878
2025-05-09 20:00:00+00:00,0.729896605014801,0.7510578632354736,0.7271857261657715,0.740082859992981
2025-05-10 00:00:00+00:00,0.7496948838233948,0.8454585671424866,0.7496948838233948,0.8454585671424866
2025-05-10 04:00:00+00:00,0.845016360282898,0.8815141320228577,0.822186291217804,0.8791326880455017
2025-05-10 08:00:00+00:00,0.8840506672859192,0.912169337272644,0.8422065377235413,0.8453328609466553
2025-05-10 12:00:00+00:00,0.8451269268989563,0.8779135942459106,0.8451269268989563,0.8551416397094727
2025-05-10 16:00:00+00:00,0.8538514375686646,0.945225715637207,0.8498044013977051,0.9391731023788452
2025-05-10 20:00:00+00:00,0.935874342918396,0.9661954045295715,0.9291555285453796,0.9449127912521362
2025-05-11 00:00:00+00:00,0.943037748336792,0.9438396096229553,0.8925203084945679,0.9036792516708374
2025-05-11 04:00:00+00:00,0.9037979245185852,0.9178568124771118,0.8644683957099915,0.8689432740211487
2025-05-11 08:00:00+00:00,0.8701891303062439,0.9104881286621094,0.868171215057373,0.9034384489059448
2025-05-11 12:00:00+00:00,0.905862033367157,0.9174095392227173,0.8863105773925781,0.8960213661193848
2025-05-11 16:00:00+00:00,0.8936797380447388,0.9094564914703369,0.8848297595977783,0.8956009745597839
2025-05-11 20:00:00+00:00,0.8928595185279846,0.9295111894607544,0.8895912170410156,0.9109968543052673
2025-05-12 00:00:00+00:00,0.9109358191490173,1.0984553098678589,0.9109358191490173,1.0984553098678589
2025-05-12 04:00:00+00:00,1.1032155752182007,1.2695765495300293,1.0886870622634888,1.215820550918579
2025-05-12 08:00:00+00:00,1.2121086120605469,1.303026795387268,1.1832102537155151,1.185609221458435
2025-05-12 12:00:00+00:00,1.1848077774047852,1.2159160375595093,1.1173391342163086,1.1242090463638306
2025-05-12 16:00:00+00:00,1.1223903894424438,1.1815040111541748,1.0939669609069824,1.1167759895324707
2025-05-12 20:00:00+00:00,1.1166542768478394,1.1594524383544922,1.1083990335464478,1.1438872814178467
2025-05-13 00:00:00+00:00,1.1468656063079834,1.1468656063079834,1.0761759281158447,1.0793156623840332
2025-05-13 04:00:00+00:00,1.076056957244873,1.1359930038452148,1.0670130252838135,1.135359287261963
2025-05-13 08:00:00+00:00,1.1403831243515015,1.1892971992492676,1.1259205341339111,1.1602067947387695
2025-05-13 12:00:00+00:00,1.154496431350708,1.1935385465621948,1.0953866243362427,1.1233816146850586
2025-05-13 16:00:00+00:00,1.1361545324325562,1.1875604391098022,1.1361545324325562,1.1661971807479858
2025-05-13 20:00:00+00:00,1.1704747676849365,1.220170259475708,1.1460732221603394,1.1856811046600342
2025-05-14 00:00:00+00:00,1.1748474836349487,1.1748474836349487,1.1081366539001465,1.1310012340545654
2025-05-14 04:00:00+00:00,1.1314479112625122,1.1814976930618286,1.12596595287323,1.1310029029846191
2025-05-14 08:00:00+00:00,1.1238945722579956,1.141688585281372,1.0887914896011353,1.1071819067001343
2025-05-14 12:00:00+00:00,1.106113076210022,1.1087934970855713,1.0660889148712158,1.0791015625
2025-05-14 16:00:00+00:00,1.0821579694747925,1.1205648183822632,1.0406391620635986,1.1158185005187988
2025-05-14 20:00:00+00:00,1.117083191871643,1.1481910943984985,1.1134235858917236,1.131895661354065
2025-05-15 00:00:00+00:00,1.1318778991699219,1.1399072408676147,1.1054824590682983,1.1169782876968384
2025-05-15 04:00:00+00:00,1.118967890739441,1.1382232904434204,1.0488749742507935,1.0488749742507935
2025-05-15 08:00:00+00:00,1.0452892780303955,1.0918664932250977,1.0257174968719482,1.0409104824066162
2025-05-15 12:00:00+00:00,1.0443902015686035,1.063093900680542,0.9807073473930359,1.0468484163284302
2025-05-15 16:00:00+00:00,1.0440226793289185,1.0772786140441895,1.0105010271072388,1.0182380676269531
2025-05-15 20:00:00+00:00,1.0191031694412231,1.0222223997116089,0.9526523947715759,0.9836536645889282
2025-05-16 00:00:00+00:00,0.9850860238075256,1.020569086074829,0.9769227504730225,1.0141992568969727
2025-05-16 04:00:00+00:00,1.0133839845657349,1.0343317985534668,0.9991753101348877,1.0222514867782593
2025-05-16 08:00:00+00:00,1.0215345621109009,1.058868408203125,1.0017027854919434,1.0547899007797241
2025-05-16 12:00:00+00:00,1.0541023015975952,1.1364035606384277,1.0512906312942505,1.1105844974517822
2025-05-16 16:00:00+00:00,1.116406798362732,1.1242642402648926,1.028502345085144,1.0340462923049927
2025-05-16 20:00:00+00:00,1.0317106246948242,1.0340337753295898,0.993272066116333,1.0055195093154907
2025-05-17 00:00:00+00:00,1.004319667816162,1.0082919597625732,0.95643150806427,0.9697543382644653
2025-05-17 04:00:00+00:00,0.9712765216827393,0.987231969833374,0.945813775062561,0.946940004825592
2025-05-17 08:00:00+00:00,0.9503881335258484,0.9774208664894104,0.9402464628219604,0.9695765972137451
2025-05-17 12:00:00+00:00,0.9671226143836975,0.9674494862556458,0.9431386590003967,0.9450770020484924
2025-05-17 16:00:00+00:00,0.9439255595207214,0.9543092250823975,0.9276312589645386,0.9337112903594971
2025-05-17 20:00:00+00:00,0.9361920356750488,0.9564629793167114,0.9245688319206238,0.931581974029541
2025-05-18 00:00:00+00:00,0.9321451783180237,0.9546403288841248,0.9287662506103516,0.9432556629180908
2025-05-18 04:00:00+00:00,0.9423478841781616,0.9935274720191956,0.9423453211784363,0.9886991381645203
2025-05-18 08:00:00+00:00,0.9903225898742676,1.0598366260528564,0.9903225898742676,1.0188884735107422
2025-05-18 12:00:00+00:00,1.0135036706924438,1.0911734104156494,1.0087478160858154,1.0838220119476318
2025-05-18 16:00:00+00:00,1.0872784852981567,1.0925037860870361,0.9686287641525269,0.9690160751342773
2025-05-18 20:00:00+00:00,0.961620032787323,1.072107195854187,0.95035320520401,1.072107195854187
2025-05-19 00:00:00+00:00,1.0677570104599,1.0706696510314941,0.970016598701477,0.9740645885467529
2025-05-19 04:00:00+00:00,0.9759694337844849,0.9807131886482239,0.9357584714889526,0.9723687767982483
2025-05-19 08:00:00+00:00,0.9709617495536804,0.9709617495536804,0.9370682835578918,0.9429202675819397
2025-05-19 12:00:00+00:00,0.9422869086265564,0.9862679839134216,0.9325457811355591,0.9757711887359619
2025-05-19 16:00:00+00:00,0.9762556552886963,1.0132081508636475,0.9646130204200745,0.9812570810317993
2025-05-19 20:00:00+00:00,0.9813918471336365,0.9953679442405701,0.9700186252593994,0.9953679442405701
2025-05-20 00:00:00+00:00,0.9942176342010498,1.015009880065918,0.9695776700973511,0.9769911170005798
2025-05-20 04:00:00+00:00,0.9781831502914429,0.9967108964920044,0.9543401598930359,0.9543401598930359
2025-05-20 08:00:00+00:00,0.9542229771614075,0.9574987888336182,0.9324522614479065,0.9436877965927124
2025-05-20 12:00:00+00:00,0.9446359872817993,0.959181547164917,0.9349879622459412,0.959181547164917
2025-05-20 16:00:00+00:00,0.959273636341095,0.993212103843689,0.9465931057929993,0.9881800413131714
2025-05-20 20:00:00+00:00,0.9821592569351196,0.9920419454574585,0.9637967348098755,0.9740477204322815
2025-05-21 00:00:00+00:00,0.9750070571899414,1.004241704940796,0.9727558493614197,0.9919405579566956
2025-05-21 04:00:00+00:00,0.9900177121162415,1.0231462717056274,0.9736561179161072,0.9788567423820496
2025-05-21 08:00:00+00:00,0.9800712466239929,1.0043634176254272,0.9618388414382935,1.0043634176254272
2025-05-21 12:00:00+00:00,1.0061919689178467,1.080367088317871,1.0061919689178467,1.080367088317871
2025-05-21 16:00:00+00:00,1.086787462234497,1.1797611713409424,1.086787462234497,1.1528294086456299
2025-05-21 20:00:00+00:00,1.1518490314483643,1.1518490314483643,1.1113510131835938,1.1155047416687012
2025-05-22 00:00:00+00:00,1.1175509691238403,1.1581284999847412,1.1082838773727417,1.1502997875213623
2025-05-22 04:00:00+00:00,1.1530017852783203,1.1693392992019653,1.1093950271606445,1.1609418392181396
2025-05-22 08:00:00+00:00,1.1594789028167725,1.1743272542953491,1.1329480409622192,1.1544853448867798
2025-05-22 12:00:00+00:00,1.146294355392456,1.1914443969726562,1.1326452493667603,1.1586031913757324
2025-05-22 16:00:00+00:00,1.1625409126281738,1.1823375225067139,1.140399694442749,1.140399694442749
2025-05-22 20:00:00+00:00,1.142710566520691,1.1952565908432007,1.1315333843231201,1.1952565908432007
2025-05-23 00:00:00+00:00,1.2009327411651611,1.38425874710083,1.1951299905776978,1.355176568031311
2025-05-23 04:00:00+00:00,1.3588581085205078,1.3588581085205078,1.2125141620635986,1.2156423330307007
2025-05-23 08:00:00+00:00,1.2198156118392944,1.286003828048706,1.1733626127243042,1.1733626127243042
2025-05-23 12:00:00+00:00,1.1664798259735107,1.2300922870635986,1.1311430931091309,1.1730082035064697
2025-05-23 16:00:00+00:00,1.1724789142608643,1.2043098211288452,1.162420392036438,1.1749598979949951
2025-05-23 20:00:00+00:00,1.1624451875686646,1.176027774810791,1.1074914932250977,1.110477328300476
2025-05-24 00:00:00+00:00,1.1132005453109741,1.162980079650879,1.113143801689148,1.152643084526062
2025-05-24 04:00:00+00:00,1.155860185623169,1.1683812141418457,1.1096242666244507,1.1114882230758667
2025-05-24 08:00:00+00:00,1.1156452894210815,1.1400851011276245,1.0917332172393799,1.1294013261795044
2025-05-24 12:00:00+00:00,1.1289817094802856,1.1308715343475342,1.0886790752410889,1.1008230447769165
2025-05-24 16:00:00+00:00,1.1058555841445923,1.1174049377441406,1.0894392728805542,1.1095023155212402
2025-05-24 20:00:00+00:00,1.1104035377502441,1.1247674226760864,1.0946203470230103,1.1176668405532837
2025-05-25 00:00:00+00:00,1.1207778453826904,1.1312421560287476,1.0792343616485596,1.1091197729110718
2025-05-25 04:00:00+00:00,1.1019327640533447,1.1113417148590088,1.064916968345642,1.0796128511428833
2025-05-25 08:00:00+00:00,1.0763221979141235,1.0763221979141235,1.0589979887008667,1.0622549057006836
2025-05-25 12:00:00+00:00,1.0633997917175293,1.0766104459762573,1.0179846286773682,1.030601978302002
2025-05-25 16:00:00+00:00,1.0314602851867676,1.0547412633895874,1.0186141729354858,1.0547412633895874
2025-05-25 20:00:00+00:00,1.05589759349823,1.106100082397461,1.0460162162780762,1.1041042804718018
2025-05-26 00:00:00+00:00,1.1141427755355835,1.1761637926101685,1.1134814023971558,1.142899513244629
2025-05-26 04:00:00+00:00,1.1360220909118652,1.1710247993469238,1.131418228149414,1.1690585613250732
2025-05-26 08:00:00+00:00,1.1696925163269043,1.1696925163269043,1.1208438873291016,1.125370740890503
2025-05-26 12:00:00+00:00,1.1270215511322021,1.1456156969070435,1.1052446365356445,1.1377776861190796
2025-05-26 16:00:00+00:00,1.138063907623291,1.1530516147613525,1.1079765558242798,1.1133884191513062
2025-05-26 20:00:00+00:00,1.1114866733551025,1.134582281112671,1.1095685958862305,1.1248542070388794
2025-05-27 00:00:00+00:00,1.1268328428268433,1.1376537084579468,1.0837055444717407,1.1207036972045898
2025-05-27 04:00:00+00:00,1.1191065311431885,1.1244373321533203,1.0992317199707031,1.1200041770935059
2025-05-27 08:00:00+00:00,1.1291828155517578,1.141633152961731,1.1199049949645996,1.1317474842071533
2025-05-27 12:00:00+00:00,1.132070779800415,1.1578619480133057,1.1116085052490234,1.1358118057250977
2025-05-27 16:00:00+00:00,1.1376935243606567,1.1589926481246948,1.1304031610488892,1.1361401081085205
2025-05-27 20:00:00+00:00,1.136346697807312,1.1438937187194824,1.1003718376159668,1.110424280166626
2025-05-28 00:00:00+00:00,1.1085128784179688,1.130239725112915,1.0936226844787598,1.1050056219100952
2025-05-28 04:00:00+00:00,1.101444959640503,1.1059809923171997,1.085458755493164,1.0890616178512573
2025-05-28 08:00:00+00:00,1.0896873474121094,1.10542893409729,1.0780938863754272,1.10542893409729
2025-05-28 12:00:00+00:00,1.106182336807251,1.1289207935333252,1.0652521848678589,1.0713169574737549
2025-05-28 16:00:00+00:00,1.071691870689392,1.1170015335083008,1.071691870689392,1.095594882965088
2025-05-28 20:00:00+00:00,1.095414400100708,1.1333106756210327,1.0921918153762817,1.1232317686080933
2025-05-29 00:00:00+00:00,1.122654914855957,1.1810672283172607,1.113372802734375,1.135597825050354
2025-05-29 04:00:00+00:00,1.1383498907089233,1.1405247449874878,1.1047099828720093,1.1106842756271362
2025-05-29 08:00:00+00:00,1.1095622777938843,1.119505763053894,1.105197548866272,1.1056666374206543
2025-05-29 12:00:00+00:00,1.105345368385315,1.105345368385315,1.069172978401184,1.0794332027435303
2025-05-29 16:00:00+00:00,1.0790719985961914,1.0845441818237305,1.0574504137039185,1.0610325336456299
2025-05-29 20:00:00+00:00,1.0629539489746094,1.08048677444458,1.0514861345291138,1.0539491176605225
2025-05-30 00:00:00+00:00,1.0557737350463867,1.0621271133422852,1.0008158683776855,1.0273211002349854
2025-05-30 04:00:00+00:00,1.0261958837509155,1.029326319694519,1.0019335746765137,1.0074787139892578
2025-05-30 08:00:00+00:00,1.005720615386963,1.0299131870269775,0.9963515996932983,1.0270256996154785
2025-05-30 12:00:00+00:00,1.0244519710540771,1.0245829820632935,0.9857528209686279,0.9949469566345215
2025-05-30 16:00:00+00:00,0.9907958507537842,0.9926906228065491,0.9357914328575134,0.9605824947357178
2025-05-30 20:00:00+00:00,0.9589365124702454,0.9589365124702454,0.8901447057723999,0.8901447057723999
2025-05-31 00:00:00+00:00,0.8882623314857483,0.8882623314857483,0.8262279629707336,0.8329665660858154
2025-05-31 04:00:00+00:00,0.833486795425415,0.8484771847724915,0.8157452344894409,0.8287920355796814
2025-05-31 08:00:00+00:00,0.8280797004699707,0.8280797004699707,0.7887735962867737,0.794463574886322
2025-05-31 12:00:00+00:00,0.7931751012802124,0.8521097898483276,0.7922707796096802,0.8363845944404602
2025-05-31 16:00:00+00:00,0.8362848162651062,0.8705391883850098,0.8362848162651062,0.864526093006134
2025-05-31 20:00:00+00:00,0.8658832907676697,0.8666788339614868,0.8478637933731079,0.852400004863739
2025-06-01 00:00:00+00:00,0.8520281314849854,0.8571463823318481,0.8362702131271362,0.8432715535163879
2025-06-01 04:00:00+00:00,0.8412262201309204,0.8523561358451843,0.8328896760940552,0.8423258066177368
2025-06-01 08:00:00+00:00,0.8424952030181885,0.8424952030181885,0.8155437111854553,0.8305935263633728
2025-06-01 12:00:00+00:00,0.8294152617454529,0.8516020774841309,0.8174989819526672,0.8447792530059814
2025-06-01 16:00:00+00:00,0.845704197883606,0.8687149286270142,0.8425760269165039,0.8680291175842285
2025-06-01 20:00:00+00:00,0.8679218888282776,0.8866828083992004,0.8586107492446899,0.8728942275047302
2025-06-02 00:00:00+00:00,0.8738561272621155,0.8895377516746521,0.856902003288269,0.861303448677063
2025-06-02 04:00:00+00:00,0.8616603016853333,0.8722636699676514,0.8529127240180969,0.8649093508720398
2025-06-02 08:00:00+00:00,0.8654079437255859,0.8720117211341858,0.8449388742446899,0.8526143431663513
2025-06-02 12:00:00+00:00,0.8510267734527588,0.8650376796722412,0.844301164150238,0.8586233854293823
2025-06-02 16:00:00+00:00,0.8602548241615295,0.8864033818244934,0.8509572148323059,0.8647992014884949
2025-06-02 20:00:00+00:00,0.8688448071479797,0.9621953964233398,0.8688448071479797,0.9494996070861816
2025-06-03 00:00:00+00:00,0.9479415416717529,1.001422643661499,0.9438791275024414,0.9694494605064392
2025-06-03 04:00:00+00:00,0.9693153500556946,0.9791966676712036,0.9564383029937744,0.9773691296577454
2025-06-03 08:00:00+00:00,0.9766685366630554,0.993101179599762,0.9647800326347351,0.9852365851402283
2025-06-03 12:00:00+00:00,0.9865409731864929,1.043421983718872,0.982316792011261,1.043421983718872
2025-06-03 16:00:00+00:00,1.041966199874878,1.041966199874878,1.0044269561767578,1.0287851095199585
2025-06-03 20:00:00+00:00,1.0303514003753662,1.0303514003753662,0.97068190574646,0.9720123410224915
2025-06-04 00:00:00+00:00,0.9726054072380066,0.9935972094535828,0.9658035039901733,0.9772621393203735
2025-06-04 04:00:00+00:00,0.9750763773918152,0.9864264726638794,0.9702028036117554,0.9731770753860474
2025-06-04 08:00:00+00:00,0.9748277068138123,0.9853301048278809,0.9599025249481201,0.9612282514572144
2025-06-04 12:00:00+00:00,0.9593296051025391,0.9666893482208252,0.9475818872451782,0.9666893482208252
2025-06-04 16:00:00+00:00,0.9641717076301575,0.9641717076301575,0.918519139289856,0.918519139289856
2025-06-04 20:00:00+00:00,0.9169695377349854,0.9169695377349854,0.8829082250595093,0.8829082250595093
2025-06-05 00:00:00+00:00,0.8822999000549316,0.8981303572654724,0.8822999000549316,0.884731113910675
2025-06-05 04:00:00+00:00,0.8843581080436707,0.88871830701828,0.8740017414093018,0.8832196593284607
2025-06-05 08:00:00+00:00,0.8825497031211853,0.8856921195983887,0.8657402396202087,0.8701738715171814
2025-06-05 12:00:00+00:00,0.8719079494476318,0.8978924751281738,0.850400447845459,0.8604018688201904
2025-06-05 16:00:00+00:00,0.8592681884765625,0.8592681884765625,0.8152720332145691,0.8245325088500977
2025-06-05 20:00:00+00:00,0.8235849738121033,0.8355295658111572,0.801133394241333,0.8275893926620483
2025-06-06 00:00:00+00:00,0.8268030881881714,0.8332518339157104,0.8170542120933533,0.8327974677085876
2025-06-06 04:00:00+00:00,0.8318219184875488,0.8573191165924072,0.8297802209854126,0.8447299003601074
2025-06-06 08:00:00+00:00,0.8442394137382507,0.8548990488052368,0.8423455357551575,0.8448671698570251
2025-06-06 12:00:00+00:00,0.8443070650100708,0.8761918544769287,0.8437290787696838,0.8616940975189209
2025-06-06 16:00:00+00:00,0.8623003363609314,0.8636932969093323,0.821499764919281,0.8220371603965759
2025-06-06 20:00:00+00:00,0.8222236633300781,0.8311992883682251,0.8149185180664062,0.8156569004058838
2025-06-07 00:00:00+00:00,0.8148728609085083,0.8705568909645081,0.8146992325782776,0.8683730363845825
2025-06-07 04:00:00+00:00,0.8693907260894775,0.9208347797393799,0.865700900554657,0.9035195708274841
2025-06-07 08:00:00+00:00,0.9030159711837769,0.9038975238800049,0.8743634819984436,0.8813312649726868
2025-06-07 12:00:00+00:00,0.8825756311416626,0.8864867687225342,0.8705589771270752,0.8720824122428894
2025-06-07 16:00:00+00:00,0.8725845813751221,0.8725845813751221,0.8537858724594116,0.8655657172203064
2025-06-07 20:00:00+00:00,0.8656520247459412,0.8778460621833801,0.8631339073181152,0.8727796077728271
2025-06-08 00:00:00+00:00,0.8728774189949036,0.8906401991844177,0.869586706161499,0.8721875548362732
2025-06-08 04:00:00+00:00,0.8719111680984497,0.8763583302497864,0.8542117476463318,0.8542117476463318
2025-06-08 08:00:00+00:00,0.8537977337837219,0.8612685203552246,0.8450127840042114,0.8612685203552246
2025-06-08 12:00:00+00:00,0.8623778223991394,0.8759847283363342,0.8502093553543091,0.872225284576416
2025-06-08 16:00:00+00:00,0.8707602620124817,0.9037757515907288,0.8707602620124817,0.8986611366271973
2025-06-08 20:00:00+00:00,0.8991526961326599,0.9280967712402344,0.8895339965820312,0.8895339965820312
2025-06-09 00:00:00+00:00,0.8896028995513916,0.9024071097373962,0.8829245567321777,0.8873751163482666
2025-06-09 04:00:00+00:00,0.8890955448150635,0.8938455581665039,0.8729499578475952,0.8867586851119995
2025-06-09 08:00:00+00:00,0.8909657001495361,0.927933931350708,0.882752537727356,0.9167873859405518
2025-06-09 12:00:00+00:00,0.9179723262786865,0.9253945350646973,0.8965969681739807,0.9152066707611084
2025-06-09 16:00:00+00:00,0.9117055535316467,0.9438582062721252,0.9117055535316467,0.9320548176765442
2025-06-09 20:00:00+00:00,0.933780312538147,1.029490351676941,0.933780312538147,1.0260967016220093
2025-06-10 00:00:00+00:00,1.0275777578353882,1.0383423566818237,1.0078133344650269,1.0191130638122559
2025-06-10 04:00:00+00:00,1.0208494663238525,1.040968656539917,1.0110212564468384,1.034317970275879
2025-06-10 08:00:00+00:00,1.0350490808486938,1.070446491241455,1.0164029598236084,1.065014362335205
2025-06-10 12:00:00+00:00,1.064907193183899,1.0732382535934448,0.9947478771209717,1.0030659437179565
2025-06-10 16:00:00+00:00,1.00499427318573,1.032124638557434,0.9918182492256165,1.0090590715408325
2025-06-10 20:00:00+00:00,1.0110660791397095,1.031632423400879,1.0031276941299438,1.0274571180343628
2025-06-11 00:00:00+00:00,1.0279629230499268,1.0279629230499268,0.9996406435966492,1.0153522491455078
2025-06-11 04:00:00+00:00,1.0142738819122314,1.0171889066696167,1.0053797960281372,1.0157169103622437
2025-06-11 08:00:00+00:00,1.0160307884216309,1.0181496143341064,0.9901869297027588,0.9957278966903687
2025-06-11 12:00:00+00:00,0.9982122778892517,1.0387758016586304,0.9935905337333679,1.035522222518921
2025-06-11 16:00:00+00:00,1.0389901399612427,1.0389901399612427,0.9870351552963257,0.9870351552963257
2025-06-11 20:00:00+00:00,0.9838615655899048,0.9883900284767151,0.935883104801178,0.9531220197677612
2025-06-12 00:00:00+00:00,0.955046534538269,0.955046534538269,0.9379538893699646,0.9400181174278259
2025-06-12 04:00:00+00:00,0.939597487449646,0.9600293636322021,0.9322711825370789,0.947590172290802
2025-06-12 08:00:00+00:00,0.943915605545044,0.9444757699966431,0.924720287322998,0.9262268543243408
2025-06-12 12:00:00+00:00,0.9260983467102051,0.9499797821044922,0.9158557653427124,0.9158557653427124
2025-06-12 16:00:00+00:00,0.9174861311912537,0.9508992433547974,0.8972679972648621,0.8972679972648621
2025-06-12 20:00:00+00:00,0.9003015756607056,0.9035102725028992,0.8768643140792847,0.889060914516449
2025-06-13 00:00:00+00:00,0.8839069604873657,0.8839069604873657,0.7985843420028687,0.8287628293037415
2025-06-13 04:00:00+00:00,0.8262149095535278,0.8320257067680359,0.8116085529327393,0.8189912438392639
2025-06-13 08:00:00+00:00,0.8193113207817078,0.8328071236610413,0.7984959483146667,0.8112959265708923
2025-06-13 12:00:00+00:00,0.8110242486000061,0.8391956090927124,0.8015701174736023,0.8318872451782227
2025-06-13 16:00:00+00:00,0.8320564031600952,0.8515725135803223,0.8225469589233398,0.8313701152801514
2025-06-13 20:00:00+00:00,0.8333688378334045,0.8558920621871948,0.8333688378334045,0.8522770404815674
2025-06-14 00:00:00+00:00,0.8530130982398987,0.8578831553459167,0.8439517021179199,0.8556947708129883
2025-06-14 04:00:00+00:00,0.8548392653465271,0.8615742325782776,0.8458397388458252,0.8571803569793701
2025-06-14 08:00:00+00:00,0.8556107878684998,0.8556107878684998,0.842366635799408,0.8430343866348267
2025-06-14 12:00:00+00:00,0.8439121246337891,0.8588746786117554,0.8363515138626099,0.8386444449424744
2025-06-14 16:00:00+00:00,0.8417383432388306,0.8455374836921692,0.8245652914047241,0.8326550126075745
2025-06-14 20:00:00+00:00,0.8320464491844177,0.8435251116752625,0.8209881782531738,0.8331787586212158
2025-06-15 00:00:00+00:00,0.8337292671203613,0.845311164855957,0.8337213397026062,0.8445357084274292
2025-06-15 04:00:00+00:00,0.8448234796524048,0.8537127375602722,0.8337593674659729,0.836921215057373
2025-06-15 08:00:00+00:00,0.8359468579292297,0.8514547348022461,0.8287128806114197,0.8514547348022461
2025-06-15 12:00:00+00:00,0.8502705097198486,0.8633357286453247,0.8429991602897644,0.8552027940750122
2025-06-15 16:00:00+00:00,0.8556047677993774,0.8559632301330566,0.841180682182312,0.8417468070983887
2025-06-15 20:00:00+00:00,0.84236079454422,0.85862135887146,0.827660858631134,0.851830005645752
2025-06-16 00:00:00+00:00,0.8512397408485413,0.8808097839355469,0.8412562012672424,0.874988317489624
2025-06-16 04:00:00+00:00,0.8762052655220032,0.9015944600105286,0.8760336637496948,0.8984715342521667
2025-06-16 08:00:00+00:00,0.8991988301277161,0.8991988301277161,0.8809312582015991,0.8906570672988892
2025-06-16 12:00:00+00:00,0.8897456526756287,0.9005517363548279,0.8792356848716736,0.8829906582832336
2025-06-16 16:00:00+00:00,0.8821407556533813,0.9000301361083984,0.8821407556533813,0.8905836939811707
2025-06-16 20:00:00+00:00,0.8884246945381165,0.8990318775177002,0.8359768986701965,0.8359768986701965
2025-06-17 00:00:00+00:00,0.8331775069236755,0.8623049855232239,0.8191201686859131,0.8541674017906189
2025-06-17 04:00:00+00:00,0.8562012314796448,0.8575725555419922,0.8284562230110168,0.8348373770713806
2025-06-17 08:00:00+00:00,0.8334103226661682,0.8334103226661682,0.8080297708511353,0.8099898099899292
2025-06-17 12:00:00+00:00,0.8100653290748596,0.8188726902008057,0.7678946852684021,0.769032895565033
2025-06-17 16:00:00+00:00,0.7698248624801636,0.7968559265136719,0.752478301525116,0.7965385913848877
2025-06-17 20:00:00+00:00,0.7954217791557312,0.7954217791557312,0.7683466672897339,0.7723038792610168
2025-06-18 00:00:00+00:00,0.7729264497756958,0.786935031414032,0.7716186046600342,0.7798018455505371
2025-06-18 04:00:00+00:00,0.7799937725067139,0.7918634414672852,0.7799937725067139,0.7852911353111267
2025-06-18 08:00:00+00:00,0.7856506705284119,0.7893021702766418,0.757879376411438,0.7737006545066833
2025-06-18 12:00:00+00:00,0.7742974758148193,0.7818906903266907,0.7369951009750366,0.779113233089447
2025-06-18 16:00:00+00:00,0.7750959992408752,0.7864779233932495,0.7717096209526062,0.7756007313728333
2025-06-18 20:00:00+00:00,0.7719326615333557,0.8005539774894714,0.7717190980911255,0.7913208603858948
2025-06-19 00:00:00+00:00,0.7919535636901855,0.8048672080039978,0.7855868935585022,0.7983995079994202
2025-06-19 04:00:00+00:00,0.8006520867347717,0.8113440275192261,0.7915441393852234,0.793110728263855
2025-06-19 08:00:00+00:00,0.7929839491844177,0.7967187762260437,0.7865356802940369,0.7895204424858093
2025-06-19 12:00:00+00:00,0.789546012878418,0.789546012878418,0.7767043113708496,0.7790845632553101
2025-06-19 16:00:00+00:00,0.779509425163269,0.798246443271637,0.7758589386940002,0.7877327799797058
2025-06-19 20:00:00+00:00,0.7871368527412415,0.7991222143173218,0.7828911542892456,0.7930135726928711
2025-06-20 00:00:00+00:00,0.7936264872550964,0.794584333896637,0.7870050668716431,0.7899572849273682
2025-06-20 04:00:00+00:00,0.7893384099006653,0.8078432679176331,0.7770823240280151,0.8066063523292542
2025-06-20 08:00:00+00:00,0.8073500394821167,0.8176074624061584,0.7980584502220154,0.8060075640678406
2025-06-20 12:00:00+00:00,0.8062421083450317,0.8163952827453613,0.7780600190162659,0.779775857925415
2025-06-20 16:00:00+00:00,0.7772120237350464,0.7772120237350464,0.7399378418922424,0.7591833472251892
2025-06-20 20:00:00+00:00,0.7622045278549194,0.7802213430404663,0.756866455078125,0.7607345581054688
2025-06-21 00:00:00+00:00,0.7611703276634216,0.7782604098320007,0.7597379684448242,0.7753891348838806
2025-06-21 04:00:00+00:00,0.775530219078064,0.7758824825286865,0.7682463526725769,0.7723526954650879
2025-06-21 08:00:00+00:00,0.773840069770813,0.775146484375,0.7634894847869873,0.7639170289039612
2025-06-21 12:00:00+00:00,0.7632485032081604,0.764085590839386,0.7174203395843506,0.7240892648696899
2025-06-21 16:00:00+00:00,0.7259113192558289,0.7261996865272522,0.6998521685600281,0.7025942802429199
2025-06-21 20:00:00+00:00,0.7020470499992371,0.7127375602722168,0.6834913492202759,0.6966580152511597
2025-06-22 00:00:00+00:00,0.7012401223182678,0.7135253548622131,0.6892483234405518,0.6895604729652405
2025-06-22 04:00:00+00:00,0.691983699798584,0.7096704840660095,0.691983699798584,0.704861581325531
2025-06-22 08:00:00+00:00,0.7055984735488892,0.7055984735488892,0.6891500353813171,0.6930129528045654
2025-06-22 12:00:00+00:00,0.6936748623847961,0.6945986151695251,0.6567617654800415,0.6671950817108154
2025-06-22 16:00:00+00:00,0.6671767830848694,0.6683980822563171,0.6513748168945312,0.6532500386238098
2025-06-22 20:00:00+00:00,0.6536979675292969,0.6867360472679138,0.6393973231315613,0.6862912774085999
2025-06-23 00:00:00+00:00,0.6869859099388123,0.6965978145599365,0.6844390630722046,0.6938998699188232
2025-06-23 04:00:00+00:00,0.693654477596283,0.7046284675598145,0.693654477596283,0.6998077630996704
2025-06-23 08:00:00+00:00,0.7005490064620972,0.7012027502059937,0.6890363693237305,0.6959828734397888
2025-06-23 12:00:00+00:00,0.6962018013000488,0.7190023064613342,0.6915208697319031,0.7000026106834412
2025-06-23 16:00:00+00:00,0.6988554000854492,0.7470813989639282,0.677688717842102,0.7470813989639282
2025-06-23 20:00:00+00:00,0.7474513649940491,0.8396956920623779,0.7458293437957764,0.8325939774513245
2025-06-24 00:00:00+00:00,0.832172691822052,0.8394423723220825,0.8292046189308167,0.8360141515731812
2025-06-24 04:00:00+00:00,0.8333620429039001,0.8783872723579407,0.8263314962387085,0.8539460301399231
2025-06-24 08:00:00+00:00,0.8541779518127441,0.8743439316749573,0.8477922081947327,0.8579278588294983
2025-06-24 12:00:00+00:00,0.8600574731826782,0.8749495148658752,0.8585216403007507,0.8655004501342773
2025-06-24 16:00:00+00:00,0.8668974041938782,0.8762528896331787,0.8304760456085205,0.8332866430282593
2025-06-24 20:00:00+00:00,0.8362682461738586,0.8688904643058777,0.8351372480392456,0.8688904643058777
2025-06-25 00:00:00+00:00,0.8690241575241089,0.8916424512863159,0.8656062483787537,0.8737730979919434
2025-06-25 04:00:00+00:00,0.8726586103439331,0.8726586103439331,0.8603850603103638,0.8662410974502563
2025-06-25 08:00:00+00:00,0.8670968413352966,0.8670968413352966,0.8437426090240479,0.8523445129394531
2025-06-25 12:00:00+00:00,0.8513315916061401,0.8622503280639648,0.8084439635276794,0.8084439635276794
2025-06-25 16:00:00+00:00,0.8085207343101501,0.812897264957428,0.7942113280296326,0.8073855042457581
2025-06-25 20:00:00+00:00,0.8057715892791748,0.8138892650604248,0.7875270247459412,0.7954093813896179
2025-06-26 00:00:00+00:00,0.7947978973388672,0.8215758800506592,0.7921154499053955,0.7990162372589111
2025-06-26 04:00:00+00:00,0.7988590002059937,0.8073527216911316,0.7945296764373779,0.8035919070243835
2025-06-26 08:00:00+00:00,0.8035892248153687,0.8058854341506958,0.7719489932060242,0.7733632922172546
2025-06-26 12:00:00+00:00,0.7716063261032104,0.7731950879096985,0.7520813941955566,0.7630516290664673
2025-06-26 16:00:00+00:00,0.763656497001648,0.763656497001648,0.752824068069458,0.7571284770965576
2025-06-26 20:00:00+00:00,0.7542659640312195,0.7717652916908264,0.7536554336547852,0.7548209428787231
2025-06-27 00:00:00+00:00,0.7555256485939026,0.7819811701774597,0.7536653876304626,0.7809035181999207
2025-06-27 04:00:00+00:00,0.7794308662414551,0.796894907951355,0.7755776643753052,0.7756261229515076
2025-06-27 08:00:00+00:00,0.7772418856620789,0.7884576916694641,0.7600302696228027,0.7636591792106628
2025-06-27 12:00:00+00:00,0.7625075578689575,0.7752082943916321,0.7616997957229614,0.7719497680664062
2025-06-27 16:00:00+00:00,0.7714840769767761,0.780895471572876,0.7568836808204651,0.7603981494903564
2025-06-27 20:00:00+00:00,0.760530948638916,0.7748761177062988,0.760530948638916,0.7729695439338684
2025-06-28 00:00:00+00:00,0.7735116481781006,0.7815433740615845,0.7722338438034058,0.7805727124214172
2025-06-28 04:00:00+00:00,0.7802680134773254,0.7913969159126282,0.7768661379814148,0.7913969159126282
2025-06-28 08:00:00+00:00,0.7929207682609558,0.8113560676574707,0.7912034392356873,0.8036834597587585
2025-06-28 12:00:00+00:00,0.8035492897033691,0.8074361085891724,0.7950571775436401,0.8045394420623779
2025-06-28 16:00:00+00:00,0.8106753826141357,0.8353360891342163,0.8101038932800293,0.8277550339698792
2025-06-28 20:00:00+00:00,0.8285096287727356,0.842771053314209,0.8184636831283569,0.830642580986023
2025-06-29 00:00:00+00:00,0.8250328898429871,0.8296632766723633,0.8157392740249634,0.81630539894104
2025-06-29 04:00:00+00:00,0.8155851364135742,0.8191913962364197,0.8120211362838745,0.8144623041152954
2025-06-29 08:00:00+00:00,0.8166099190711975,0.8403424024581909,0.8128151893615723,0.8235562443733215
2025-06-29 12:00:00+00:00,0.8251495957374573,0.8582470417022705,0.8230339884757996,0.8325355052947998
2025-06-29 16:00:00+00:00,0.8325099349021912,0.8397997617721558,0.8282827734947205,0.8346587419509888
2025-06-29 20:00:00+00:00,0.8335243463516235,0.8972095251083374,0.8245430588722229,0.8722882866859436
2025-06-30 00:00:00+00:00,0.8701708316802979,0.876714289188385,0.8564450740814209,0.8607915043830872
2025-06-30 04:00:00+00:00,0.8607913851737976,0.8754894733428955,0.8547965884208679,0.8717268705368042
2025-06-30 08:00:00+00:00,0.8716142773628235,0.8716142773628235,0.8449517488479614,0.8449517488479614
2025-06-30 12:00:00+00:00,0.8433370590209961,0.8795557618141174,0.8335462212562561,0.8693394064903259
2025-06-30 16:00:00+00:00,0.8683587908744812,0.8835566639900208,0.8626298904418945,0.8835566639900208
2025-06-30 20:00:00+00:00,0.8841740489006042,0.894854724407196,0.862290620803833,0.863798975944519
2025-07-01 00:00:00+00:00,0.8647264838218689,0.8678297996520996,0.8495931625366211,0.8509183526039124
2025-07-01 04:00:00+00:00,0.8516325950622559,0.8516325950622559,0.8233043551445007,0.8338649868965149
2025-07-01 08:00:00+00:00,0.8332420587539673,0.8332420587539673,0.8064177632331848,0.8066673874855042
2025-07-01 12:00:00+00:00,0.8074542284011841,0.8146330714225769,0.8010856509208679,0.8029534220695496
2025-07-01 16:00:00+00:00,0.8032957315444946,0.8056308031082153,0.7896817326545715,0.7925775051116943
2025-07-01 20:00:00+00:00,0.7917711734771729,0.7961722016334534,0.7817286252975464,0.7826461791992188
2025-07-02 00:00:00+00:00,0.7832621932029724,0.796322762966156,0.7815495729446411,0.7867431044578552
2025-07-02 04:00:00+00:00,0.7875310778617859,0.8104329109191895,0.785729169845581,0.7988276481628418
2025-07-02 08:00:00+00:00,0.7993080019950867,0.8146131038665771,0.7993080019950867,0.8055732846260071
2025-07-02 12:00:00+00:00,0.8064540028572083,0.8489648699760437,0.7949064373970032,0.8486118316650391
2025-07-02 16:00:00+00:00,0.8498347997665405,0.8952028155326843,0.8498347997665405,0.8921637535095215
2025-07-02 20:00:00+00:00,0.8962098360061646,0.9283074736595154,0.8962098360061646,0.9090796113014221
2025-07-03 00:00:00+00:00,0.9095202684402466,0.9330424666404724,0.9081907868385315,0.9204769134521484
2025-07-03 04:00:00+00:00,0.9179038405418396,0.9534682631492615,0.9151890277862549,0.9315478801727295
2025-07-03 08:00:00+00:00,0.9315493106842041,0.9453547596931458,0.9245084524154663,0.9250407814979553
2025-07-03 12:00:00+00:00,0.9265616536140442,0.937349259853363,0.8807183504104614,0.8807183504104614
2025-07-03 16:00:00+00:00,0.8846368789672852,0.9090871214866638,0.8846368789672852,0.9090871214866638
2025-07-03 20:00:00+00:00,0.9101876020431519,0.9263383746147156,0.9101876020431519,0.9207068681716919
2025-07-04 00:00:00+00:00,0.922820508480072,0.9367564916610718,0.9017402529716492,0.9017402529716492
2025-07-04 04:00:00+00:00,0.9007339477539062,0.9078191518783569,0.8697332143783569,0.8697332143783569
2025-07-04 08:00:00+00:00,0.8682120442390442,0.8807690143585205,0.8642653226852417,0.8666679263114929
2025-07-04 12:00:00+00:00,0.8668181896209717,0.8712247610092163,0.8368704319000244,0.8370682597160339
2025-07-04 16:00:00+00:00,0.836935818195343,0.8410487771034241,0.82459557056427,0.8282743692398071
2025-07-04 20:00:00+00:00,0.8277825117111206,0.8526645302772522,0.8277825117111206,0.8450930714607239
2025-07-05 00:00:00+00:00,0.8460527062416077,0.8569551706314087,0.8373578190803528,0.8457634449005127
2025-07-05 04:00:00+00:00,0.845221757888794,0.8630638122558594,0.839874267578125,0.8535308837890625
2025-07-05 08:00:00+00:00,0.855597734451294,0.855597734451294,0.8284085988998413,0.8354442715644836
2025-07-05 12:00:00+00:00,0.8349558711051941,0.8372918367385864,0.8272188901901245,0.8282973170280457
2025-07-05 16:00:00+00:00,0.8282837271690369,0.8324665427207947,0.8153001666069031,0.825718343257904
2025-07-05 20:00:00+00:00,0.8252466917037964,0.8488908410072327,0.8244959115982056,0.8455635905265808
2025-07-06 00:00:00+00:00,0.8459287285804749,0.850600004196167,0.8388258814811707,0.8406330943107605
2025-07-06 04:00:00+00:00,0.8406861424446106,0.8583390712738037,0.8341628909111023,0.855553388595581
2025-07-06 08:00:00+00:00,0.8553458452224731,0.866231381893158,0.8489236235618591,0.866231381893158
2025-07-06 12:00:00+00:00,0.867660403251648,0.901473343372345,0.8616114258766174,0.8881404995918274
2025-07-06 16:00:00+00:00,0.889426052570343,0.8927488327026367,0.8795353770256042,0.8795353770256042
2025-07-06 20:00:00+00:00,0.8802452683448792,0.9010279774665833,0.8730718493461609,0.8776658177375793
2025-07-07 00:00:00+00:00,0.8782445788383484,0.9021689891815186,0.8765406012535095,0.882800817489624
2025-07-07 04:00:00+00:00,0.8832765221595764,0.8836138844490051,0.8611285090446472,0.8677146434783936
2025-07-07 08:00:00+00:00,0.8704196214675903,0.873953640460968,0.8545294404029846,0.8568437695503235
2025-07-07 12:00:00+00:00,0.8561922907829285,0.8589854836463928,0.8408870697021484,0.8471143841743469
2025-07-07 16:00:00+00:00,0.8464224338531494,0.85941481590271,0.8412401080131531,0.84611976146698
2025-07-07 20:00:00+00:00,0.8418998122215271,0.8453168869018555,0.8290536999702454,0.841366708278656
2025-07-08 00:00:00+00:00,0.8413708806037903,0.8424330353736877,0.8278264403343201,0.8380499482154846
2025-07-08 04:00:00+00:00,0.8369786143302917,0.851155161857605,0.8330211043357849,0.8444488048553467
2025-07-08 08:00:00+00:00,0.8448331952095032,0.8482217788696289,0.8380957245826721,0.8432681560516357
2025-07-08 12:00:00+00:00,0.8418347835540771,0.8558202385902405,0.8347123265266418,0.8380390405654907
2025-07-08 16:00:00+00:00,0.8376175165176392,0.8688670992851257,0.8332884907722473,0.8597860336303711
2025-07-08 20:00:00+00:00,0.8624502420425415,0.8624502420425415,0.8461769819259644,0.8485627174377441
2025-07-09 00:00:00+00:00,0.8480475544929504,0.8480475544929504,0.8370472192764282,0.8407976031303406
2025-07-09 04:00:00+00:00,0.8402037024497986,0.853522777557373,0.8387330174446106,0.8513451814651489
2025-07-09 08:00:00+00:00,0.8500221371650696,0.8628888130187988,0.8485937714576721,0.8609434962272644
2025-07-09 12:00:00+00:00,0.8597140908241272,0.8727986812591553,0.855140209197998,0.8571251630783081
2025-07-09 16:00:00+00:00,0.8581164479255676,0.9204835295677185,0.8581164479255676,0.9204835295677185
2025-07-09 20:00:00+00:00,0.9225671291351318,0.9616305232048035,0.9096416234970093,0.959240734577179
2025-07-10 00:00:00+00:00,0.9601704478263855,0.9628843069076538,0.9452791810035706,0.9600690007209778
2025-07-10 04:00:00+00:00,0.9614350199699402,0.9669917225837708,0.949761688709259,0.9597073793411255
2025-07-10 08:00:00+00:00,0.9605475664138794,0.979897141456604,0.9594500064849854,0.9737062454223633
2025-07-10 12:00:00+00:00,0.9741343259811401,0.9832795858383179,0.9663066267967224,0.9681822657585144
2025-07-10 16:00:00+00:00,0.9679616093635559,1.0219882726669312,0.9679616093635559,0.9941095113754272
2025-07-10 20:00:00+00:00,0.999662458896637,1.0650627613067627,0.9980311393737793,1.0494412183761597
2025-07-11 00:00:00+00:00,1.0476837158203125,1.058275580406189,1.0306055545806885,1.0551334619522095
2025-07-11 04:00:00+00:00,1.0512956380844116,1.0708116292953491,1.0123515129089355,1.0133572816848755
2025-07-11 08:00:00+00:00,1.014981746673584,1.0466680526733398,1.0145167112350464,1.0247019529342651
2025-07-11 12:00:00+00:00,1.0251864194869995,1.0428355932235718,0.996832549571991,0.996832549571991
2025-07-11 16:00:00+00:00,1.0041152238845825,1.027213215827942,1.0041152238845825,1.025225281715393
2025-07-11 20:00:00+00:00,1.0256143808364868,1.0256143808364868,0.9398605823516846,0.9603102207183838
2025-07-12 00:00:00+00:00,0.9600987434387207,0.985032320022583,0.9453991651535034,0.9820458292961121
2025-07-12 04:00:00+00:00,0.9844387769699097,0.9856244325637817,0.9615381360054016,0.9749049544334412
2025-07-12 08:00:00+00:00,0.9753862023353577,0.9777276515960693,0.960155725479126,0.960155725479126
2025-07-12 12:00:00+00:00,0.9607052206993103,0.9631325006484985,0.9127191305160522,0.9135515093803406
2025-07-12 16:00:00+00:00,0.9139928817749023,0.962713897228241,0.9139928817749023,0.9603076577186584
2025-07-12 20:00:00+00:00,0.9612256288528442,0.9612326622009277,0.9464734792709351,0.9563974142074585
2025-07-13 00:00:00+00:00,0.9553364515304565,0.9809098243713379,0.9511944055557251,0.9716944098472595
2025-07-13 04:00:00+00:00,0.9697158932685852,0.9799972176551819,0.9667083024978638,0.9674181342124939
2025-07-13 08:00:00+00:00,0.9679975509643555,0.9824728965759277,0.9553512334823608,0.9824728965759277
2025-07-13 12:00:00+00:00,0.9842332005500793,1.0123648643493652,0.9776216745376587,1.0006928443908691
2025-07-13 16:00:00+00:00,1.000648856163025,1.0325775146484375,0.9910500049591064,1.0208698511123657
2025-07-13 20:00:00+00:00,1.0132746696472168,1.0234730243682861,0.9866787791252136,0.9964345097541809
2025-07-14 00:00:00+00:00,0.9954627752304077,1.054589033126831,0.9952332973480225,1.0501703023910522
2025-07-14 04:00:00+00:00,1.0438909530639648,1.0918091535568237,1.0380977392196655,1.0780344009399414
2025-07-14 08:00:00+00:00,1.0727524757385254,1.0727524757385254,1.0439720153808594,1.0456130504608154
2025-07-14 12:00:00+00:00,1.0467417240142822,1.0505640506744385,1.0039472579956055,1.0039472579956055
2025-07-14 16:00:00+00:00,1.0054986476898193,1.0369277000427246,1.0036463737487793,1.0078527927398682
2025-07-14 20:00:00+00:00,1.0072894096374512,1.0167278051376343,0.9966894388198853,1.0103622674942017
2025-07-15 00:00:00+00:00,1.0103505849838257,1.0176421403884888,0.9683675765991211,0.9719163775444031
2025-07-15 04:00:00+00:00,0.9718935489654541,1.0072078704833984,0.9684213995933533,0.9919020533561707
2025-07-15 08:00:00+00:00,0.9892513751983643,0.9982786178588867,0.9755905866622925,0.9970068335533142
2025-07-15 12:00:00+00:00,1.0057471990585327,1.04777991771698,0.9882375597953796,1.037099003791809
2025-07-15 16:00:00+00:00,1.037798523902893,1.0533989667892456,1.0048928260803223,1.0081957578659058
2025-07-15 20:00:00+00:00,1.0074666738510132,1.0693835020065308,1.0074666738510132,1.0693835020065308
2025-07-16 00:00:00+00:00,1.072876214981079,1.1072548627853394,1.0440771579742432,1.046812891960144
2025-07-16 04:00:00+00:00,1.0482184886932373,1.087484359741211,1.0389604568481445,1.084484338760376
2025-07-16 08:00:00+00:00,1.0838631391525269,1.1058166027069092,1.0760483741760254,1.1058166027069092
2025-07-16 12:00:00+00:00,1.1035534143447876,1.1254699230194092,1.087584376335144,1.0939390659332275
2025-07-16 16:00:00+00:00,1.0947548151016235,1.1341099739074707,1.093316912651062,1.0967556238174438
2025-07-16 20:00:00+00:00,1.100599765777588,1.132193922996521,1.0790349245071411,1.080835223197937
2025-07-17 00:00:00+00:00,1.0788588523864746,1.1096493005752563,1.0447216033935547,1.0497961044311523
2025-07-17 04:00:00+00:00,1.049234390258789,1.086361050605774,1.0483872890472412,1.0818802118301392
2025-07-17 08:00:00+00:00,1.0810770988464355,1.1165788173675537,1.0741435289382935,1.100893259048462
2025-07-17 12:00:00+00:00,1.0991406440734863,1.1088027954101562,1.068794846534729,1.0832301378250122
2025-07-17 16:00:00+00:00,1.0831948518753052,1.0831948518753052,1.0450494289398193,1.0450494289398193
2025-07-17 20:00:00+00:00,1.040318489074707,1.0829079151153564,1.0241738557815552,1.0704004764556885
2025-07-18 00:00:00+00:00,1.0682792663574219,1.1016429662704468,1.0570148229599,1.096388816833496
2025-07-18 04:00:00+00:00,1.097643494606018,1.1329106092453003,1.0925780534744263,1.1217936277389526
2025-07-18 08:00:00+00:00,1.1191750764846802,1.1344881057739258,1.0616636276245117,1.0664232969284058
2025-07-18 12:00:00+00:00,1.0709102153778076,1.0967010259628296,1.0313163995742798,1.03335440158844
2025-07-18 16:00:00+00:00,1.0332621335983276,1.0451092720031738,1.0096278190612793,1.0171414613723755
2025-07-18 20:00:00+00:00,1.0150079727172852,1.0184452533721924,0.9824130535125732,1.011744737625122
2025-07-19 00:00:00+00:00,1.0110738277435303,1.0347429513931274,0.9893937110900879,1.0329378843307495
2025-07-19 04:00:00+00:00,1.0324628353118896,1.0627331733703613,1.0316357612609863,1.0513157844543457
2025-07-19 08:00:00+00:00,1.0490435361862183,1.0585728883743286,1.0404542684555054,1.0501534938812256
2025-07-19 12:00:00+00:00,1.0493217706680298,1.0729403495788574,1.0458613634109497,1.0681638717651367
2025-07-19 16:00:00+00:00,1.0669362545013428,1.0800031423568726,1.0505732297897339,1.0766578912734985
2025-07-19 20:00:00+00:00,1.0790618658065796,1.0860966444015503,1.0682306289672852,1.074796438217163
2025-07-20 00:00:00+00:00,1.0763764381408691,1.1009184122085571,1.0697211027145386,1.0941836833953857
2025-07-20 04:00:00+00:00,1.0948820114135742,1.1030173301696777,1.084948182106018,1.09621000289917
2025-07-20 08:00:00+00:00,1.0957645177841187,1.1197669506072998,1.0957645177841187,1.1157032251358032
2025-07-20 12:00:00+00:00,1.1120498180389404,1.27047598361969,1.1120498180389404,1.27047598361969
2025-07-20 16:00:00+00:00,1.271905541419983,1.289947748184204,1.2229071855545044,1.2507373094558716
2025-07-20 20:00:00+00:00,1.2482645511627197,1.2482645511627197,1.1927490234375,1.2151035070419312
2025-07-21 00:00:00+00:00,1.2136975526809692,1.2431808710098267,1.1828845739364624,1.2350414991378784
2025-07-21 04:00:00+00:00,1.2405685186386108,1.2527918815612793,1.2338733673095703,1.2349680662155151
2025-07-21 08:00:00+00:00,1.235667109489441,1.2613937854766846,1.2211607694625854,1.2467349767684937
2025-07-21 12:00:00+00:00,1.2443784475326538,1.3150160312652588,1.2362359762191772,1.2915135622024536
2025-07-21 16:00:00+00:00,1.2689093351364136,1.2689093351364136,1.2046010494232178,1.2075293064117432
2025-07-21 20:00:00+00:00,1.2080268859863281,1.2480219602584839,1.2080268859863281,1.239241600036621
2025-07-22 00:00:00+00:00,1.2420727014541626,1.3058078289031982,1.2133047580718994,1.25156831741333
2025-07-22 04:00:00+00:00,1.251517653465271,1.251517653465271,1.207557201385498,1.213746428489685
2025-07-22 08:00:00+00:00,1.2128182649612427,1.2128182649612427,1.1737416982650757,1.2023650407791138
2025-07-22 12:00:00+00:00,1.201289176940918,1.2051957845687866,1.1572556495666504,1.190415620803833
2025-07-22 16:00:00+00:00,1.1887755393981934,1.2193599939346313,1.1718164682388306,1.1718164682388306
2025-07-22 20:00:00+00:00,1.1732159852981567,1.2725567817687988,1.1732159852981567,1.2725567817687988
2025-07-23 00:00:00+00:00,1.270382046699524,1.2969380617141724,1.2325451374053955,1.244647741317749
2025-07-23 04:00:00+00:00,1.2448192834854126,1.3075577020645142,1.2448192834854126,1.2711278200149536
2025-07-23 08:00:00+00:00,1.2676897048950195,1.2994369268417358,1.2367249727249146,1.241561770439148
2025-07-23 12:00:00+00:00,1.23880934715271,1.2492432594299316,1.1665555238723755,1.2099558115005493
2025-07-23 16:00:00+00:00,1.204642415046692,1.204642415046692,1.1614092588424683,1.1643718481063843
2025-07-23 20:00:00+00:00,1.157057523727417,1.1757025718688965,1.1066316366195679,1.1599687337875366
2025-07-24 00:00:00+00:00,1.16086745262146,1.1778913736343384,1.1509881019592285,1.1636039018630981
2025-07-24 04:00:00+00:00,1.1594042778015137,1.1594042778015137,1.031534194946289,1.066609501838684
2025-07-24 08:00:00+00:00,1.071927547454834,1.0992329120635986,1.060534119606018,1.0964652299880981
2025-07-24 12:00:00+00:00,1.0952603816986084,1.1145433187484741,1.0413473844528198,1.0925190448760986
2025-07-24 16:00:00+00:00,1.0939894914627075,1.0952517986297607,1.0520520210266113,1.0771808624267578
2025-07-24 20:00:00+00:00,1.0715547800064087,1.0810271501541138,1.0288335084915161,1.0288335084915161
2025-07-25 00:00:00+00:00,1.028464436531067,1.035102128982544,0.9969510436058044,1.0139518976211548
2025-07-25 04:00:00+00:00,1.0169273614883423,1.037587285041809,1.0017305612564087,1.0235483646392822
2025-07-25 08:00:00+00:00,1.0357164144515991,1.0669361352920532,1.0357164144515991,1.057030439376831
2025-07-25 12:00:00+00:00,1.056254267692566,1.063101053237915,1.0044299364089966,1.0194653272628784
2025-07-25 16:00:00+00:00,1.0163754224777222,1.040566325187683,1.0133075714111328,1.032329797744751
2025-07-25 20:00:00+00:00,1.0316962003707886,1.0728670358657837,1.0316962003707886,1.0728670358657837
2025-07-26 00:00:00+00:00,1.0728267431259155,1.0756189823150635,1.0589474439620972,1.0731981992721558
2025-07-26 04:00:00+00:00,1.0729047060012817,1.0741562843322754,1.06283700466156,1.0714712142944336
2025-07-26 08:00:00+00:00,1.0684558153152466,1.0898535251617432,1.0684558153152466,1.0778374671936035
2025-07-26 12:00:00+00:00,1.0765053033828735,1.0875985622406006,1.0696027278900146,1.0784690380096436
2025-07-26 16:00:00+00:00,1.0811880826950073,1.0832465887069702,1.0642426013946533,1.0831605195999146
2025-07-26 20:00:00+00:00,1.0830788612365723,1.08339262008667,1.0603586435317993,1.0603586435317993
2025-07-27 00:00:00+00:00,1.0607385635375977,1.0797282457351685,1.0597350597381592,1.0739020109176636
2025-07-27 04:00:00+00:00,1.0734093189239502,1.0939353704452515,1.0734093189239502,1.0787816047668457
2025-07-27 08:00:00+00:00,1.0801503658294678,1.0964455604553223,1.0673713684082031,1.0846155881881714
2025-07-27 12:00:00+00:00,1.0849772691726685,1.0901732444763184,1.071090579032898,1.0901732444763184
2025-07-27 16:00:00+00:00,1.0928058624267578,1.1258295774459839,1.0920161008834839,1.1061276197433472
2025-07-27 20:00:00+00:00,1.108254313468933,1.141963243484497,1.105309247970581,1.1241660118103027
2025-07-28 00:00:00+00:00,1.1246808767318726,1.1485711336135864,1.105132818222046,1.1485711336135864
2025-07-28 04:00:00+00:00,1.1465141773223877,1.1689931154251099,1.136520266532898,1.1389504671096802
2025-07-28 08:00:00+00:00,1.1421504020690918,1.1482365131378174,1.1296167373657227,1.1379643678665161
2025-07-28 12:00:00+00:00,1.1373746395111084,1.146034836769104,1.0759190320968628,1.0818294286727905
2025-07-28 16:00:00+00:00,1.0780397653579712,1.083187460899353,1.0546828508377075,1.05991792678833
2025-07-28 20:00:00+00:00,1.0617187023162842,1.0617187023162842,1.0216994285583496,1.0216994285583496
2025-07-29 00:00:00+00:00,1.0262523889541626,1.0458012819290161,1.0112534761428833,1.0280702114105225
2025-07-29 04:00:00+00:00,1.0305696725845337,1.0783618688583374,1.0291093587875366,1.0775443315505981
2025-07-29 08:00:00+00:00,1.0753793716430664,1.075538992881775,1.02556312084198,1.0322108268737793
2025-07-29 12:00:00+00:00,1.0344799757003784,1.0460519790649414,0.9886069297790527,1.0006409883499146
2025-07-29 16:00:00+00:00,0.9975776076316833,1.000633955001831,0.9792430400848389,0.9836641550064087
2025-07-29 20:00:00+00:00,0.9812556505203247,0.9856212139129639,0.9661062359809875,0.9834752082824707
2025-07-30 00:00:00+00:00,0.9846489429473877,0.9917716979980469,0.9672320485115051,0.9915422797203064
2025-07-30 04:00:00+00:00,0.9869590997695923,0.9921744465827942,0.9736926555633545,0.9764187932014465
2025-07-30 08:00:00+00:00,0.9768239855766296,0.98592609167099,0.9346564412117004,0.9346564412117004
2025-07-30 12:00:00+00:00,0.9366118311882019,0.9662797451019287,0.9293509721755981,0.963239312171936
2025-07-30 16:00:00+00:00,0.9640390872955322,0.9848141670227051,0.9266995191574097,0.9679117798805237
2025-07-30 20:00:00+00:00,0.966727077960968,0.9755979180335999,0.9482136368751526,0.9672523736953735
2025-07-31 00:00:00+00:00,0.9667385816574097,0.9907010793685913,0.9620745182037354,0.989648699760437
2025-07-31 04:00:00+00:00,0.9892794489860535,0.9959501028060913,0.9858140349388123,0.9951689839363098
2025-07-31 08:00:00+00:00,0.995076596736908,1.0087568759918213,0.9895378351211548,0.9895378351211548
2025-07-31 12:00:00+00:00,0.9895817041397095,0.9898302555084229,0.9443782567977905,0.9591653347015381
2025-07-31 16:00:00+00:00,0.9576970338821411,0.9823210835456848,0.9472970962524414,0.9491949677467346
2025-07-31 20:00:00+00:00,0.9480515122413635,0.9487005472183228,0.9170894622802734,0.9187678694725037
2025-08-01 00:00:00+00:00,0.9178752899169922,0.920734167098999,0.8861815929412842,0.9138672947883606
2025-08-01 04:00:00+00:00,0.9132940173149109,0.9132940173149109,0.8881785273551941,0.8998382091522217
2025-08-01 08:00:00+00:00,0.8946456909179688,0.9015159010887146,0.8855844140052795,0.9004753232002258
2025-08-01 12:00:00+00:00,0.8997299671173096,0.9146352410316467,0.8805899620056152,0.9112394452095032
2025-08-01 16:00:00+00:00,0.911191463470459,0.9204031825065613,0.8902133703231812,0.9116741418838501
2025-08-01 20:00:00+00:00,0.9108973145484924,0.9108973145484924,0.8568194508552551,0.8795443773269653
2025-08-02 00:00:00+00:00,0.8797060251235962,0.888230562210083,0.8767877221107483,0.8876599073410034
2025-08-02 04:00:00+00:00,0.8890106678009033,0.8940174579620361,0.859780490398407,0.8908917903900146
2025-08-02 08:00:00+00:00,0.8868077397346497,0.8868077397346497,0.8587465286254883,0.8677471876144409
2025-08-02 12:00:00+00:00,0.8667006492614746,0.8686307668685913,0.8476309180259705,0.8476309180259705
2025-08-02 16:00:00+00:00,0.8472059369087219,0.8552985787391663,0.8225437998771667,0.837206244468689
2025-08-02 20:00:00+00:00,0.8374840021133423,0.857886791229248,0.8374840021133423,0.8555988073348999
2025-08-03 00:00:00+00:00,0.8547777533531189,0.8741058707237244,0.8472816348075867,0.8729414939880371
2025-08-03 04:00:00+00:00,0.8725404739379883,0.8794127702713013,0.8700578212738037,0.8776673078536987
2025-08-03 08:00:00+00:00,0.8783355951309204,0.8980775475502014,0.8783355951309204,0.8927663564682007
2025-08-03 12:00:00+00:00,0.8905500769615173,0.8924959897994995,0.8860135674476624,0.8919522166252136
2025-08-03 16:00:00+00:00,0.892108678817749,0.8982551097869873,0.8881651759147644,0.8923804759979248
2025-08-03 20:00:00+00:00,0.8914786577224731,0.9014533758163452,0.8901417851448059,0.8971684575080872
2025-08-04 00:00:00+00:00,0.8978621363639832,0.920047402381897,0.8978621363639832,0.9135423302650452
2025-08-04 04:00:00+00:00,0.9127970337867737,0.920351505279541,0.9097508192062378,0.9197503328323364
2025-08-04 08:00:00+00:00,0.9194238781929016,0.9278020858764648,0.9089516401290894,0.9096249341964722
2025-08-04 12:00:00+00:00,0.9097207188606262,0.9316191673278809,0.9086572527885437,0.914177656173706
2025-08-04 16:00:00+00:00,0.9161741733551025,0.9365575909614563,0.9090603590011597,0.9103524088859558
2025-08-04 20:00:00+00:00,0.9098337292671204,0.9313836693763733,0.9096952676773071,0.9257470369338989
2025-08-05 00:00:00+00:00,0.9255933165550232,0.9275124669075012,0.9002295732498169,0.9002295732498169
2025-08-05 04:00:00+00:00,0.8991208076477051,0.9012157320976257,0.8783968091011047,0.8787081241607666
2025-08-05 08:00:00+00:00,0.8793426156044006,0.9162627458572388,0.8771105408668518,0.9134084582328796
2025-08-05 12:00:00+00:00,0.9136694073677063,0.9136694073677063,0.8654508590698242,0.8654508590698242
2025-08-05 16:00:00+00:00,0.8651275038719177,0.8765597343444824,0.864952802658081,0.8652747869491577
2025-08-05 20:00:00+00:00,0.8667337894439697,0.873593270778656,0.8555899858474731,0.8720846176147461
2025-08-06 00:00:00+00:00,0.8716544508934021,0.8716544508934021,0.8522636890411377,0.8558027744293213
2025-08-06 04:00:00+00:00,0.8552529215812683,0.8839829564094543,0.8500839471817017,0.8818129301071167
2025-08-06 08:00:00+00:00,0.8824579119682312,0.8841935396194458,0.8726703524589539,0.8742799162864685
2025-08-06 12:00:00+00:00,0.874484121799469,0.8891360759735107,0.8684715628623962,0.8891360759735107
2025-08-06 16:00:00+00:00,0.8976349830627441,0.9135269522666931,0.8863035440444946,0.8997456431388855
2025-08-06 20:00:00+00:00,0.9009696245193481,0.9035050272941589,0.8946751952171326,0.9035050272941589
2025-08-07 00:00:00+00:00,0.9036431908607483,0.908954381942749,0.8951094150543213,0.8963562846183777
2025-08-07 04:00:00+00:00,0.895855188369751,0.9086534380912781,0.8947916626930237,0.9030119776725769
2025-08-07 08:00:00+00:00,0.903958797454834,0.935897171497345,0.899787187576294,0.9343944191932678
2025-08-07 12:00:00+00:00,0.9348649382591248,0.9357898235321045,0.9159409403800964,0.9245672821998596
2025-08-07 16:00:00+00:00,0.9250471591949463,0.9292640686035156,0.9089457988739014,0.9277799725532532
2025-08-07 20:00:00+00:00,0.9318289756774902,0.9549078941345215,0.9315453767776489,0.9529802203178406
2025-08-08 00:00:00+00:00,0.953529417514801,0.9637885689735413,0.9477008581161499,0.9562327265739441
2025-08-08 04:00:00+00:00,0.956863284111023,0.9624781012535095,0.9407981038093567,0.9624781012535095
2025-08-08 08:00:00+00:00,0.9614108800888062,0.9667336940765381,0.9486933350563049,0.9667336940765381
2025-08-08 12:00:00+00:00,0.9677090048789978,0.9776652455329895,0.9347980618476868,0.941142737865448
2025-08-08 16:00:00+00:00,0.9446336030960083,0.9822161793708801,0.942503809928894,0.9739381670951843
2025-08-08 20:00:00+00:00,0.9775993227958679,0.9830990433692932,0.971656084060669,0.9745795130729675
2025-08-09 00:00:00+00:00,0.9751131534576416,0.9758897423744202,0.9651129245758057,0.9651129245758057
2025-08-09 04:00:00+00:00,0.9656370282173157,1.0094926357269287,0.9649220705032349,0.9974134564399719
2025-08-09 08:00:00+00:00,0.9984264969825745,1.0173200368881226,0.9965762495994568,1.0049328804016113
2025-08-09 12:00:00+00:00,1.0049949884414673,1.0225039720535278,0.9934866428375244,1.0035624504089355
2025-08-09 16:00:00+00:00,1.0049335956573486,1.0196888446807861,0.9967597126960754,1.015284776687622
2025-08-09 20:00:00+00:00,1.0157469511032104,1.0299278497695923,1.0063729286193848,1.0106641054153442
2025-08-10 00:00:00+00:00,1.0093457698822021,1.0294145345687866,1.0059881210327148,1.0285322666168213
2025-08-10 04:00:00+00:00,1.0250970125198364,1.0354775190353394,0.9791021943092346,0.9806520342826843
2025-08-10 08:00:00+00:00,0.9702261686325073,0.9847584366798401,0.9653040766716003,0.9741169214248657
2025-08-10 12:00:00+00:00,0.970607340335846,0.995098888874054,0.9642934203147888,0.9850941896438599
2025-08-10 16:00:00+00:00,0.9832369089126587,1.0227930545806885,0.9825923442840576,1.021929383277893
2025-08-10 20:00:00+00:00,1.0207862854003906,1.0217481851577759,0.9943556785583496,1.0089702606201172
2025-08-11 00:00:00+00:00,1.007555365562439,1.0358288288116455,0.9977937340736389,1.0266278982162476
2025-08-11 04:00:00+00:00,1.026747465133667,1.031882882118225,0.9815314412117004,0.9815314412117004
2025-08-11 08:00:00+00:00,0.9778972864151001,0.9897556900978088,0.952852189540863,0.952852189540863
2025-08-11 12:00:00+00:00,0.9546311497688293,0.9568073153495789,0.9342424273490906,0.9530085325241089
2025-08-11 16:00:00+00:00,0.9542421698570251,0.9685219526290894,0.9414275884628296,0.9415331482887268
2025-08-11 20:00:00+00:00,0.9341440200805664,0.9365655183792114,0.9056550860404968,0.9128517508506775
2025-08-12 00:00:00+00:00,0.9110385775566101,0.9301081299781799,0.9110385775566101,0.916632890701294
2025-08-12 04:00:00+00:00,0.9151949882507324,0.923599898815155,0.9039404392242432,0.9130098819732666
2025-08-12 08:00:00+00:00,0.9132657051086426,0.9144130945205688,0.8886985182762146,0.8977817893028259
2025-08-12 12:00:00+00:00,0.8997768759727478,0.9532522559165955,0.896531879901886,0.9532522559165955
2025-08-12 16:00:00+00:00,0.9556606411933899,0.9873226284980774,0.9520671367645264,0.9825020432472229
2025-08-12 20:00:00+00:00,0.9912014603614807,0.9964615702629089,0.9835653901100159,0.9892802834510803
2025-08-13 00:00:00+00:00,0.9890414476394653,1.0244804620742798,0.988103449344635,1.0220893621444702
2025-08-13 04:00:00+00:00,1.0190513134002686,1.028504729270935,1.0038211345672607,1.0193300247192383
2025-08-13 08:00:00+00:00,1.0224288702011108,1.0439695119857788,1.0224288702011108,1.0403860807418823
2025-08-13 12:00:00+00:00,1.0428035259246826,1.0537339448928833,1.0230026245117188,1.0341181755065918
2025-08-13 16:00:00+00:00,1.034365177154541,1.0412448644638062,1.023229718208313,1.0412448644638062
2025-08-13 20:00:00+00:00,1.0425552129745483,1.0448989868164062,1.0246737003326416,1.0348304510116577
2025-08-14 00:00:00+00:00,1.0330923795700073,1.066228985786438,1.029112458229065,1.0631717443466187
2025-08-14 04:00:00+00:00,1.0628939867019653,1.0642309188842773,1.0211354494094849,1.021316647529602
2025-08-14 08:00:00+00:00,1.0224385261535645,1.0224385261535645,1.002055287361145,1.0070710182189941
2025-08-14 12:00:00+00:00,1.0075196027755737,1.0145037174224854,0.940262496471405,0.940262496471405
2025-08-14 16:00:00+00:00,0.9388421177864075,0.9388421177864075,0.9091598987579346,0.9234365224838257
2025-08-14 20:00:00+00:00,0.92071932554245,0.9239715337753296,0.9030718207359314,0.9195281267166138
2025-08-15 00:00:00+00:00,0.918860912322998,0.9443991780281067,0.9187171459197998,0.9390119314193726
2025-08-15 04:00:00+00:00,0.9389527440071106,0.940735936164856,0.9306030869483948,0.9325456023216248
2025-08-15 08:00:00+00:00,0.9344602227210999,0.9376972913742065,0.9177788496017456,0.9215946793556213
2025-08-15 12:00:00+00:00,0.9201119542121887,0.9228398203849792,0.8607146739959717,0.8633212447166443
2025-08-15 16:00:00+00:00,0.8589181900024414,0.8802743554115295,0.8507540225982666,0.8665538430213928
2025-08-15 20:00:00+00:00,0.8670606017112732,0.8856967687606812,0.8670606017112732,0.8738797903060913
2025-08-16 00:00:00+00:00,0.8781511187553406,0.8853514194488525,0.878073513507843,0.8825100660324097
2025-08-16 04:00:00+00:00,0.8816089034080505,0.8862317800521851,0.8770962953567505,0.8838340044021606
2025-08-16 08:00:00+00:00,0.8827568888664246,0.8853009343147278,0.8748456835746765,0.8748480081558228
2025-08-16 12:00:00+00:00,0.8721548914909363,0.8844859600067139,0.8657646179199219,0.8826048970222473
2025-08-16 16:00:00+00:00,0.8820967674255371,0.884476363658905,0.8774401545524597,0.8812609910964966
2025-08-16 20:00:00+00:00,0.8811743855476379,0.8890084624290466,0.8801019191741943,0.8848329782485962
2025-08-17 00:00:00+00:00,0.8854979872703552,0.890161395072937,0.8769683837890625,0.8889644145965576
2025-08-17 04:00:00+00:00,0.8881767988204956,0.8988714218139648,0.8864348530769348,0.8913803100585938
2025-08-17 08:00:00+00:00,0.8935354351997375,0.9057436585426331,0.8908237814903259,0.9057436585426331
2025-08-17 12:00:00+00:00,0.9074323773384094,0.9374580383300781,0.9042751789093018,0.9372775554656982
2025-08-17 16:00:00+00:00,0.9389628767967224,0.9567566514015198,0.913209855556488,0.913209855556488
2025-08-17 20:00:00+00:00,0.9114081859588623,0.9339597821235657,0.9106740951538086,0.9146987199783325
2025-08-18 00:00:00+00:00,0.9128557443618774,0.9128557443618774,0.8656965494155884,0.8683302402496338
2025-08-18 04:00:00+00:00,0.8794891238212585,0.8882781267166138,0.8653744459152222,0.8659550547599792
2025-08-18 08:00:00+00:00,0.8652804493904114,0.8732143640518188,0.8536685705184937,0.8718416690826416
2025-08-18 12:00:00+00:00,0.8744732141494751,0.8834247589111328,0.8637591004371643,0.874926745891571
2025-08-18 16:00:00+00:00,0.8745344281196594,0.8831372857093811,0.8642951250076294,0.8769484758377075
2025-08-18 20:00:00+00:00,0.8784473538398743,0.8870462775230408,0.8680134415626526,0.8682456016540527
2025-08-19 00:00:00+00:00,0.8684510588645935,0.8836403489112854,0.8443386554718018,0.8443386554718018
2025-08-19 04:00:00+00:00,0.844451367855072,0.8552353978157043,0.8379268050193787,0.8463162183761597
2025-08-19 08:00:00+00:00,0.8469356894493103,0.8688984513282776,0.8429374694824219,0.866639256477356
2025-08-19 12:00:00+00:00,0.8692311644554138,0.8706011772155762,0.8316639065742493,0.8350061178207397
2025-08-19 16:00:00+00:00,0.8351247906684875,0.8398563265800476,0.8151692748069763,0.8276153802871704
2025-08-19 20:00:00+00:00,0.8255795240402222,0.8369680643081665,0.8238869905471802,0.8246193528175354
2025-08-20 00:00:00+00:00,0.8249159455299377,0.841644287109375,0.8225396871566772,0.8322057723999023
2025-08-20 04:00:00+00:00,0.832456648349762,0.8403542637825012,0.8285878896713257,0.8289660215377808
2025-08-20 08:00:00+00:00,0.8286378383636475,0.8456361293792725,0.8259294033050537,0.8315873742103577
2025-08-20 12:00:00+00:00,0.834990382194519,0.8584063649177551,0.8146424889564514,0.8524621725082397
2025-08-20 16:00:00+00:00,0.8527163863182068,0.8724395036697388,0.8475075960159302,0.8724395036697388
2025-08-20 20:00:00+00:00,0.8727970123291016,0.8750535249710083,0.8681110739707947,0.8697320818901062
2025-08-21 00:00:00+00:00,0.8710066080093384,0.8809980750083923,0.8626245260238647,0.874476969242096
2025-08-21 04:00:00+00:00,0.8716815114021301,0.8764512538909912,0.861950159072876,0.8685815930366516
2025-08-21 08:00:00+00:00,0.869028627872467,0.869028627872467,0.8518071174621582,0.8518071174621582
2025-08-21 12:00:00+00:00,0.8531104922294617,0.8624825477600098,0.8387861251831055,0.8387861251831055
2025-08-21 16:00:00+00:00,0.8366905450820923,0.8558077812194824,0.8331195116043091,0.8434716463088989
2025-08-21 20:00:00+00:00,0.8433939814567566,0.8538020849227905,0.8417826890945435,0.848776638507843
2025-08-22 00:00:00+00:00,0.8496226072311401,0.8632695078849792,0.8413471579551697,0.8413652181625366
2025-08-22 04:00:00+00:00,0.8430618047714233,0.853147566318512,0.8367033004760742,0.8446412682533264
2025-08-22 08:00:00+00:00,0.8445414304733276,0.8481369614601135,0.8246451616287231,0.8253088593482971
2025-08-22 12:00:00+00:00,0.8242394924163818,0.9000110030174255,0.7958794236183167,0.8925581574440002
2025-08-22 16:00:00+00:00,0.8866140246391296,0.9216935634613037,0.8866140246391296,0.9216935634613037
2025-08-22 20:00:00+00:00,0.919830858707428,0.9326350092887878,0.9185948967933655,0.9323365688323975
2025-08-23 00:00:00+00:00,0.9325869679450989,0.9329633116722107,0.8862528204917908,0.88683021068573
2025-08-23 04:00:00+00:00,0.8910841345787048,0.9251168370246887,0.8910841345787048,0.9117758274078369
2025-08-23 08:00:00+00:00,0.910677433013916,0.9150987863540649,0.8913195729255676,0.8925262689590454
2025-08-23 12:00:00+00:00,0.8913909792900085,0.9010526537895203,0.8870309591293335,0.9010526537895203
2025-08-23 16:00:00+00:00,0.9006407260894775,0.9040949940681458,0.8914986252784729,0.9038520455360413
2025-08-23 20:00:00+00:00,0.9039584994316101,0.9087995886802673,0.8987507820129395,0.9040733575820923
2025-08-24 00:00:00+00:00,0.904987096786499,0.9160722494125366,0.9038140773773193,0.906109094619751
2025-08-24 04:00:00+00:00,0.9072573184967041,0.9084867835044861,0.8815949559211731,0.8845496773719788
2025-08-24 08:00:00+00:00,0.8826496005058289,0.8852956891059875,0.8648132085800171,0.8690345883369446
2025-08-24 12:00:00+00:00,0.868070662021637,0.8853175044059753,0.8669028878211975,0.8746110796928406
2025-08-24 16:00:00+00:00,0.873611569404602,0.9189410209655762,0.8702272176742554,0.8774756789207458
2025-08-24 20:00:00+00:00,0.877204418182373,0.877204418182373,0.8505920767784119,0.8642246723175049
2025-08-25 00:00:00+00:00,0.8651970624923706,0.8917019963264465,0.8492873907089233,0.8856158256530762
2025-08-25 04:00:00+00:00,0.8834524154663086,0.8854355812072754,0.8346645832061768,0.8346645832061768
2025-08-25 08:00:00+00:00,0.8375034332275391,0.844050407409668,0.8167347311973572,0.826623260974884
2025-08-25 12:00:00+00:00,0.8265994191169739,0.8274016976356506,0.8107327222824097,0.8107327222824097
2025-08-25 16:00:00+00:00,0.8090397119522095,0.8154665231704712,0.7901121377944946,0.7901121377944946
2025-08-25 20:00:00+00:00,0.7867865562438965,0.7870621085166931,0.7602735757827759,0.7776381969451904
2025-08-26 00:00:00+00:00,0.7778279185295105,0.7868033051490784,0.7711783647537231,0.7711909413337708
2025-08-26 04:00:00+00:00,0.7707027792930603,0.7868233919143677,0.7700676918029785,0.7868233919143677
2025-08-26 08:00:00+00:00,0.7850238680839539,0.7875418663024902,0.7750150561332703,0.7789411544799805
2025-08-26 12:00:00+00:00,0.779811441898346,0.8039733171463013,0.7755038738250732,0.7947984337806702
2025-08-26 16:00:00+00:00,0.7950994372367859,0.8133720755577087,0.7950994372367859,0.8133720755577087
2025-08-26 20:00:00+00:00,0.8137766718864441,0.8160139918327332,0.8043363690376282,0.8119852542877197
2025-08-27 00:00:00+00:00,0.8123646378517151,0.8290972113609314,0.8090113401412964,0.8290972113609314
2025-08-27 04:00:00+00:00,0.8282614350318909,0.838037371635437,0.8063018918037415,0.8072395920753479
2025-08-27 08:00:00+00:00,0.8070039749145508,0.8200360536575317,0.8058305978775024,0.8197347521781921
2025-08-27 12:00:00+00:00,0.8195117712020874,0.8276396989822388,0.8086965084075928,0.825295627117157
2025-08-27 16:00:00+00:00,0.8286194205284119,0.8335731029510498,0.8178005218505859,0.8211839199066162
2025-08-27 20:00:00+00:00,0.8198477029800415,0.8312879204750061,0.8147880434989929,0.8171114921569824
2025-08-28 00:00:00+00:00,0.8170581459999084,0.8267614841461182,0.8149559497833252,0.8218875527381897
2025-08-28 04:00:00+00:00,0.8228582143783569,0.8349357843399048,0.8220036625862122,0.8324078321456909
2025-08-28 08:00:00+00:00,0.8355017900466919,0.8395764231681824,0.827055037021637,0.8352985978126526
2025-08-28 12:00:00+00:00,0.8356250524520874,0.8501375913619995,0.8323578238487244,0.8360695242881775
2025-08-28 16:00:00+00:00,0.8381058573722839,0.8456198573112488,0.8265188932418823,0.8265188932418823
2025-08-28 20:00:00+00:00,0.8229575753211975,0.8525453209877014,0.8229575753211975,0.8512094020843506
2025-08-29 00:00:00+00:00,0.851969838142395,0.8524411916732788,0.8381562829017639,0.8518577814102173
2025-08-29 04:00:00+00:00,0.8514221906661987,0.8538118004798889,0.8134796023368835,0.8158616423606873
2025-08-29 08:00:00+00:00,0.8143090009689331,0.8148679137229919,0.795983612537384,0.8054764866828918
2025-08-29 12:00:00+00:00,0.805231511592865,0.8211072683334351,0.7964942455291748,0.796967089176178
2025-08-29 16:00:00+00:00,0.7935628890991211,0.7935628890991211,0.7746742367744446,0.7859252095222473
2025-08-29 20:00:00+00:00,0.7852184176445007,0.7970951199531555,0.7776709794998169,0.7937533855438232
2025-08-30 00:00:00+00:00,0.7936379313468933,0.8139225244522095,0.7817602753639221,0.8114247918128967
2025-08-30 04:00:00+00:00,0.8148467540740967,0.8148467540740967,0.8062446713447571,0.8112099766731262
2025-08-30 08:00:00+00:00,0.8110209107398987,0.8112571239471436,0.803498387336731,0.8085768222808838
2025-08-30 12:00:00+00:00,0.8102274537086487,0.813320517539978,0.7948923110961914,0.8119557499885559
2025-08-30 16:00:00+00:00,0.8114526271820068,0.8114526271820068,0.8021787405014038,0.8045336008071899
2025-08-30 20:00:00+00:00,0.8043640851974487,0.8083246946334839,0.800418496131897,0.8061385750770569
2025-08-31 00:00:00+00:00,0.8066470623016357,0.8147218227386475,0.8066470623016357,0.8114058971405029
2025-08-31 04:00:00+00:00,0.81158047914505,0.81158047914505,0.8037128448486328,0.8095614910125732
2025-08-31 08:00:00+00:00,0.8094472289085388,0.8146817088127136,0.806477427482605,0.8121747374534607
2025-08-31 12:00:00+00:00,0.812768280506134,0.812768280506134,0.8011813759803772,0.809808075428009
2025-08-31 16:00:00+00:00,0.8104023337364197,0.8128134608268738,0.8034389019012451,0.8057143092155457
2025-08-31 20:00:00+00:00,0.8047250509262085,0.8079660534858704,0.785209596157074,0.7853413820266724
2025-09-01 00:00:00+00:00,0.7839412093162537,0.7840863466262817,0.7643184065818787,0.7658281326293945
2025-09-01 04:00:00+00:00,0.766662061214447,0.7876029014587402,0.754302978515625,0.787545382976532
2025-09-01 08:00:00+00:00,0.7925993204116821,0.8059141039848328,0.7825857996940613,0.7840309143066406
2025-09-01 12:00:00+00:00,0.7835270166397095,0.7884833812713623,0.7710747718811035,0.7710747718811035
2025-09-01 16:00:00+00:00,0.7712965607643127,0.7727265954017639,0.7622244954109192,0.7695481181144714
2025-09-01 20:00:00+00:00,0.7705744504928589,0.7705744504928589,0.7360668182373047,0.7574620246887207
2025-09-02 00:00:00+00:00,0.7610771059989929,0.7742400169372559,0.7529394626617432,0.7729998230934143
2025-09-02 04:00:00+00:00,0.7730231881141663,0.7853774428367615,0.7718387246131897,0.7751060724258423
2025-09-02 08:00:00+00:00,0.7765364050865173,0.7874364256858826,0.7763106822967529,0.7850754857063293
2025-09-02 12:00:00+00:00,0.7845904231071472,0.8149528503417969,0.7656402587890625,0.7898023724555969
2025-09-02 16:00:00+00:00,0.7886494398117065,0.8146660327911377,0.7886494398117065,0.798076331615448
2025-09-02 20:00:00+00:00,0.798789381980896,0.8201526403427124,0.79816734790802,0.8187861442565918
2025-09-03 00:00:00+00:00,0.8188703060150146,0.8190377354621887,0.8066941499710083,0.8111310601234436
2025-09-03 04:00:00+00:00,0.8112870454788208,0.8112870454788208,0.7963579893112183,0.7993943691253662
2025-09-03 08:00:00+00:00,0.7993419170379639,0.8040333986282349,0.7945908904075623,0.8029805421829224
2025-09-03 12:00:00+00:00,0.8026400804519653,0.8140801191329956,0.7969226837158203,0.8123637437820435
2025-09-03 16:00:00+00:00,0.8141452074050903,0.8220242857933044,0.8103160858154297,0.8220242857933044
2025-09-03 20:00:00+00:00,0.8230153918266296,0.82430499792099,0.815346360206604,0.8166263103485107
2025-09-04 00:00:00+00:00,0.8165374994277954,0.8237040042877197,0.8076556921005249,0.8076556921005249
2025-09-04 04:00:00+00:00,0.8073813319206238,0.8129997849464417,0.7976202368736267,0.8059487342834473
2025-09-04 08:00:00+00:00,0.8062029480934143,0.8126506209373474,0.7964153289794922,0.7972472310066223
2025-09-04 12:00:00+00:00,0.7964346408843994,0.8009900450706482,0.7807024717330933,0.7835229635238647
2025-09-04 16:00:00+00:00,0.7830362319946289,0.786461591720581,0.7758581042289734,0.7763689160346985
2025-09-04 20:00:00+00:00,0.7784014344215393,0.7940520644187927,0.7784014344215393,0.784246563911438
2025-09-05 00:00:00+00:00,0.7841929197311401,0.79828941822052,0.7840273380279541,0.79828941822052
2025-09-05 04:00:00+00:00,0.7991254329681396,0.812837541103363,0.7959309816360474,0.812837541103363
2025-09-05 08:00:00+00:00,0.8129254579544067,0.8137943744659424,0.8060699105262756,0.81284099817276
2025-09-05 12:00:00+00:00,0.8130177855491638,0.8264420628547668,0.7936143279075623,0.8054983019828796
2025-09-05 16:00:00+00:00,0.8049622178077698,0.8148540258407593,0.8033111691474915,0.8133758902549744
2025-09-05 20:00:00+00:00,0.8157556056976318,0.823678195476532,0.8157556056976318,0.818941593170166
2025-09-06 00:00:00+00:00,0.8184943795204163,0.822818398475647,0.8169013857841492,0.8193214535713196
2025-09-06 04:00:00+00:00,0.8195358514785767,0.8195358514785767,0.8083196878433228,0.8092142939567566
2025-09-06 08:00:00+00:00,0.8102161884307861,0.8108476996421814,0.7995280623435974,0.8025251626968384
2025-09-06 12:00:00+00:00,0.8037081360816956,0.8095750212669373,0.8009818196296692,0.8034485578536987
2025-09-06 16:00:00+00:00,0.8034631609916687,0.8126188516616821,0.8034631609916687,0.8060599565505981
2025-09-06 20:00:00+00:00,0.8061906695365906,0.8180439472198486,0.8061906695365906,0.8150606155395508
2025-09-07 00:00:00+00:00,0.8153733611106873,0.8251601457595825,0.8153733611106873,0.8190865516662598
2025-09-07 04:00:00+00:00,0.8213604092597961,0.8274343013763428,0.8186992406845093,0.8208184242248535
2025-09-07 08:00:00+00:00,0.8197146058082581,0.8356039524078369,0.8170104622840881,0.8356039524078369
2025-09-07 12:00:00+00:00,0.8356940150260925,0.8362909555435181,0.8295621275901794,0.8321230411529541
2025-09-07 16:00:00+00:00,0.831743597984314,0.832402765750885,0.8179993033409119,0.8233970999717712
2025-09-07 20:00:00+00:00,0.8227671980857849,0.8385935425758362,0.8192904591560364,0.8324773907661438
2025-09-08 00:00:00+00:00,0.8320952653884888,0.8449950814247131,0.825676679611206,0.8388285636901855
2025-09-08 04:00:00+00:00,0.8359590172767639,0.8410828113555908,0.8317659497261047,0.8333406448364258
2025-09-08 08:00:00+00:00,0.8342629671096802,0.8532015085220337,0.8342629671096802,0.8464486002922058
2025-09-08 12:00:00+00:00,0.8458014130592346,0.8658809661865234,0.8417064547538757,0.8625238537788391
2025-09-08 16:00:00+00:00,0.8661385178565979,0.872613787651062,0.8568841814994812,0.8571781516075134
2025-09-08 20:00:00+00:00,0.8574705719947815,0.8707036972045898,0.854047417640686,0.870254635810852
2025-09-09 00:00:00+00:00,0.8702048659324646,0.8799049258232117,0.8595664501190186,0.8722710013389587
2025-09-09 04:00:00+00:00,0.8761952519416809,0.903377115726471,0.8712955117225647,0.8935046195983887
2025-09-09 08:00:00+00:00,0.8948655724525452,0.9004311561584473,0.8926495313644409,0.8958300352096558
2025-09-09 12:00:00+00:00,0.8953244090080261,0.9024426341056824,0.85549396276474,0.8575202226638794
2025-09-09 16:00:00+00:00,0.8592895269393921,0.8693075180053711,0.8558641076087952,0.8690902590751648
2025-09-09 20:00:00+00:00,0.8673970103263855,0.8759218454360962,0.8637405633926392,0.8759218454360962
2025-09-10 00:00:00+00:00,0.874244749546051,0.8933696746826172,0.8682774305343628,0.8909376859664917
2025-09-10 04:00:00+00:00,0.8921701312065125,0.8956350684165955,0.8787256479263306,0.8839571475982666
2025-09-10 08:00:00+00:00,0.8839499354362488,0.8880836367607117,0.8769845366477966,0.8789868354797363
2025-09-10 12:00:00+00:00,0.8796237111091614,0.9061775803565979,0.8796237111091614,0.8943055868148804
2025-09-10 16:00:00+00:00,0.8934029936790466,0.8964208364486694,0.8798778653144836,0.8800381422042847
2025-09-10 20:00:00+00:00,0.8816576600074768,0.8950916528701782,0.8816576600074768,0.8950916528701782
2025-09-11 00:00:00+00:00,0.894879937171936,0.899353563785553,0.8918487429618835,0.8988544940948486
2025-09-11 04:00:00+00:00,0.8993679881095886,0.8995108604431152,0.892656147480011,0.8958058953285217
2025-09-11 08:00:00+00:00,0.8959543704986572,0.8959543704986572,0.886852502822876,0.886852502822876
2025-09-11 12:00:00+00:00,0.8860562443733215,0.8910627961158752,0.8763433694839478,0.8803899884223938
2025-09-11 16:00:00+00:00,0.8814104199409485,0.8925732970237732,0.8814104199409485,0.8925732970237732
2025-09-11 20:00:00+00:00,0.893277645111084,0.9076884388923645,0.8913350701332092,0.9076884388923645
2025-09-12 00:00:00+00:00,0.9093789458274841,0.9298840165138245,0.908930242061615,0.9193012118339539
2025-09-12 04:00:00+00:00,0.9220528602600098,0.9295099377632141,0.917713463306427,0.9190409183502197
2025-09-12 08:00:00+00:00,0.9182165265083313,0.9186007380485535,0.8981086015701294,0.8981086015701294
2025-09-12 12:00:00+00:00,0.8974679708480835,0.9099020957946777,0.8940210342407227,0.9056516289710999
2025-09-12 16:00:00+00:00,0.9060652852058411,0.9579607844352722,0.9059485197067261,0.9542896151542664
2025-09-12 20:00:00+00:00,0.9535766243934631,0.9535766243934631,0.939690113067627,0.9501045942306519
2025-09-13 00:00:00+00:00,0.9511672854423523,0.9698828458786011,0.9468741416931152,0.9591504335403442
2025-09-13 04:00:00+00:00,0.9590847492218018,0.9635783433914185,0.9490329623222351,0.9507484436035156
2025-09-13 08:00:00+00:00,0.9498783349990845,0.9850418567657471,0.9498783349990845,0.9831769466400146
2025-09-13 12:00:00+00:00,0.9823676943778992,0.9878501892089844,0.9573164582252502,0.9675917625427246
2025-09-13 16:00:00+00:00,0.9687249660491943,0.9778522849082947,0.9611797332763672,0.9711636900901794
2025-09-13 20:00:00+00:00,0.9706230163574219,0.9810426831245422,0.9706230163574219,0.9764460921287537
2025-09-14 00:00:00+00:00,0.9763397574424744,0.97906494140625,0.9537363052368164,0.9611548781394958
2025-09-14 04:00:00+00:00,0.9587162733078003,0.9664929509162903,0.9499711990356445,0.9623367786407471
2025-09-14 08:00:00+00:00,0.9617688655853271,0.9650488495826721,0.9399839639663696,0.9414759874343872
2025-09-14 12:00:00+00:00,0.9401434063911438,0.9438847899436951,0.9157111644744873,0.9173416495323181
2025-09-14 16:00:00+00:00,0.9157814979553223,0.9409081339836121,0.9157814979553223,0.9306817054748535
2025-09-14 20:00:00+00:00,0.930670440196991,0.9398987889289856,0.9259184002876282,0.9282454252243042
2025-09-15 00:00:00+00:00,0.9293811917304993,0.9348682761192322,0.9182561635971069,0.9348682761192322
2025-09-15 04:00:00+00:00,0.9354952573776245,0.9383167028427124,0.8934440612792969,0.8934440612792969
2025-09-15 08:00:00+00:00,0.894897997379303,0.894897997379303,0.8742099404335022,0.8805635571479797
2025-09-15 12:00:00+00:00,0.8809022903442383,0.886009693145752,0.8688086867332458,0.8729614615440369
2025-09-15 16:00:00+00:00,0.8744233250617981,0.8767872452735901,0.861775279045105,0.8737449049949646
2025-09-15 20:00:00+00:00,0.8730877637863159,0.8806669116020203,0.8730877637863159,0.8806214928627014
2025-09-16 00:00:00+00:00,0.8789399266242981,0.8843634724617004,0.8773714900016785,0.8809305429458618
2025-09-16 04:00:00+00:00,0.8793787360191345,0.8952342867851257,0.8735414743423462,0.8925224542617798
2025-09-16 08:00:00+00:00,0.8925451636314392,0.8979163765907288,0.8917022347450256,0.8919546008110046
2025-09-16 12:00:00+00:00,0.8918060064315796,0.9071877598762512,0.8865194916725159,0.9063900709152222
2025-09-16 16:00:00+00:00,0.9078460335731506,0.9283156394958496,0.9056037664413452,0.9268895387649536
2025-09-16 20:00:00+00:00,0.9279879331588745,0.9660392999649048,0.9234347343444824,0.9631257653236389
2025-09-17 00:00:00+00:00,0.9622548818588257,0.9666038751602173,0.9422346949577332,0.9422346949577332
2025-09-17 04:00:00+00:00,0.9401806592941284,0.9401806592941284,0.9218356013298035,0.9277538061141968
2025-09-17 08:00:00+00:00,0.9285554885864258,0.9285554885864258,0.9074058532714844,0.9164209961891174
2025-09-17 12:00:00+00:00,0.9169684052467346,0.9194443225860596,0.9102707505226135,0.9116353988647461
2025-09-17 16:00:00+00:00,0.9117829203605652,0.9470848441123962,0.9050730466842651,0.9417006969451904
2025-09-17 20:00:00+00:00,0.9428437948226929,0.9659691452980042,0.9260806441307068,0.9597449898719788
2025-09-18 00:00:00+00:00,0.9611272811889648,0.9689350128173828,0.9525868892669678,0.9649006128311157
2025-09-18 04:00:00+00:00,0.965216875076294,0.965216875076294,0.9403648376464844,0.9421456456184387
2025-09-18 08:00:00+00:00,0.9414053559303284,0.9533094167709351,0.9412471652030945,0.9452701210975647
2025-09-18 12:00:00+00:00,0.9458594918251038,0.9598827958106995,0.9453461766242981,0.9598827958106995
2025-09-18 16:00:00+00:00,0.9594132304191589,0.9642571806907654,0.9461391568183899,0.9474390745162964
2025-09-18 20:00:00+00:00,0.9485401511192322,0.955152690410614,0.9447087049484253,0.9550740718841553
2025-09-19 00:00:00+00:00,0.9554425477981567,0.9874034523963928,0.9463393092155457,0.9463393092155457
2025-09-19 04:00:00+00:00,0.943729817867279,0.9488809108734131,0.9350404739379883,0.9462890028953552
2025-09-19 08:00:00+00:00,0.9450095891952515,0.9493293762207031,0.9242706894874573,0.9263951182365417
2025-09-19 12:00:00+00:00,0.921914279460907,0.9240952730178833,0.8960504531860352,0.901406466960907
2025-09-19 16:00:00+00:00,0.9009610414505005,0.9047608375549316,0.8917092680931091,0.8954491019248962
2025-09-19 20:00:00+00:00,0.8938620090484619,0.9052885174751282,0.891218900680542,0.8985331058502197
2025-09-20 00:00:00+00:00,0.8985449075698853,0.9017246961593628,0.8877059817314148,0.8907129168510437
2025-09-20 04:00:00+00:00,0.8904719948768616,0.9037402868270874,0.8896693587303162,0.8986956477165222
2025-09-20 08:00:00+00:00,0.8996133804321289,0.8996133804321289,0.8845141530036926,0.8891709446907043
2025-09-20 12:00:00+00:00,0.8900631666183472,0.9122117161750793,0.8888559937477112,0.905653715133667
2025-09-20 16:00:00+00:00,0.9071516990661621,0.9087100625038147,0.8930903077125549,0.8938902020454407
2025-09-20 20:00:00+00:00,0.8955224752426147,0.903677225112915,0.8955224752426147,0.898737907409668
2025-09-21 00:00:00+00:00,0.8989793062210083,0.9035064578056335,0.8968336582183838,0.9035064578056335
2025-09-21 04:00:00+00:00,0.9041159749031067,0.9069304466247559,0.8991079926490784,0.9041165709495544
2025-09-21 08:00:00+00:00,0.903332531452179,0.9036992788314819,0.8849350810050964,0.8939918279647827
2025-09-21 12:00:00+00:00,0.8950213193893433,0.9096301794052124,0.8943849205970764,0.8954861164093018
2025-09-21 16:00:00+00:00,0.894771933555603,0.895954430103302,0.883996307849884,0.8886131644248962
2025-09-21 20:00:00+00:00,0.8896175026893616,0.8896175026893616,0.8769519925117493,0.879544198513031
2025-09-22 00:00:00+00:00,0.8766852617263794,0.8792803883552551,0.839624285697937,0.84266197681427
2025-09-22 04:00:00+00:00,0.8403467535972595,0.844144344329834,0.7972554564476013,0.8000208735466003
2025-09-22 08:00:00+00:00,0.7973294258117676,0.7989698052406311,0.7879148721694946,0.7905377745628357
2025-09-22 12:00:00+00:00,0.7914025783538818,0.8046534657478333,0.7850969433784485,0.7864207029342651
2025-09-22 16:00:00+00:00,0.786067545413971,0.7914063334465027,0.781107485294342,0.781107485294342
2025-09-22 20:00:00+00:00,0.7808066010475159,0.7956898808479309,0.7808066010475159,0.7949704527854919
2025-09-23 00:00:00+00:00,0.7964547276496887,0.8008776307106018,0.7731403112411499,0.7914438247680664
2025-09-23 04:00:00+00:00,0.7900391221046448,0.8057306408882141,0.7838398218154907,0.8006722927093506
2025-09-23 08:00:00+00:00,0.8006318211555481,0.8038998246192932,0.7939698696136475,0.7977604269981384
2025-09-23 12:00:00+00:00,0.7977100014686584,0.8026427030563354,0.7909984588623047,0.794396162033081
2025-09-23 16:00:00+00:00,0.7947044968605042,0.8007562756538391,0.7818512320518494,0.7818512320518494
2025-09-23 20:00:00+00:00,0.7820783853530884,0.7921448945999146,0.7807237505912781,0.7838330864906311
2025-09-24 00:00:00+00:00,0.7829951643943787,0.7937718033790588,0.771419107913971,0.7742601633071899
2025-09-24 04:00:00+00:00,0.7729377150535583,0.7989228963851929,0.7667352557182312,0.7985822558403015
2025-09-24 08:00:00+00:00,0.7995153069496155,0.8043777942657471,0.7952903509140015,0.8017899394035339
2025-09-24 12:00:00+00:00,0.8025496602058411,0.8094442486763,0.7964021563529968,0.7993570566177368
2025-09-24 16:00:00+00:00,0.7982774972915649,0.8005001544952393,0.7926356196403503,0.7958373427391052
2025-09-24 20:00:00+00:00,0.7958516478538513,0.7959015965461731,0.786034345626831,0.7879721522331238
2025-09-25 00:00:00+00:00,0.7887061238288879,0.790614664554596,0.7702249884605408,0.7719879150390625
2025-09-25 04:00:00+00:00,0.7743846774101257,0.7765426635742188,0.759911298751831,0.7671616673469543
2025-09-25 08:00:00+00:00,0.7664263844490051,0.7702724933624268,0.7550256252288818,0.7556155920028687
2025-09-25 12:00:00+00:00,0.7556485533714294,0.7683572769165039,0.7470825910568237,0.7587028741836548
2025-09-25 16:00:00+00:00,0.7587850689888,0.7599233984947205,0.7243270874023438,0.7412800192832947
2025-09-25 20:00:00+00:00,0.7400177121162415,0.7400177121162415,0.7252824306488037,0.7276908755302429
2025-09-26 00:00:00+00:00,0.7295685410499573,0.741756796836853,0.7295685410499573,0.74036705493927
2025-09-26 04:00:00+00:00,0.7413890957832336,0.7428186535835266,0.7322094440460205,0.7333405017852783
2025-09-26 08:00:00+00:00,0.7332613468170166,0.7376031875610352,0.721787691116333,0.7318012118339539
2025-09-26 12:00:00+00:00,0.7302387356758118,0.7434571981430054,0.7221634387969971,0.7375689148902893
2025-09-26 16:00:00+00:00,0.7385073900222778,0.758769154548645,0.7385073900222778,0.748640239238739
2025-09-26 20:00:00+00:00,0.749017059803009,0.7551187872886658,0.7478753328323364,0.7538195848464966
2025-09-27 00:00:00+00:00,0.7542826533317566,0.7542826533317566,0.7491090297698975,0.7521889209747314
2025-09-27 04:00:00+00:00,0.7507706880569458,0.7524853944778442,0.7452158331871033,0.7452959418296814
2025-09-27 08:00:00+00:00,0.7451237440109253,0.7451237440109253,0.7381923198699951,0.7424401640892029
2025-09-27 12:00:00+00:00,0.742644727230072,0.7461329102516174,0.7371898293495178,0.74537193775177
2025-09-27 16:00:00+00:00,0.7468897104263306,0.7475013732910156,0.7350106835365295,0.73691725730896
2025-09-27 20:00:00+00:00,0.7368059158325195,0.7448046207427979,0.7362359166145325,0.736838698387146
2025-09-28 00:00:00+00:00,0.736299455165863,0.736488401889801,0.726503312587738,0.7297499775886536
2025-09-28 04:00:00+00:00,0.7298398613929749,0.7323532104492188,0.724426805973053,0.7269206047058105
2025-09-28 08:00:00+00:00,0.7270544171333313,0.7275282740592957,0.7170596718788147,0.7176066637039185
2025-09-28 12:00:00+00:00,0.718364953994751,0.7268772125244141,0.7104089260101318,0.7257760763168335
2025-09-28 16:00:00+00:00,0.7266657948493958,0.733579695224762,0.7241969704627991,0.7318902015686035
2025-09-28 20:00:00+00:00,0.7321284413337708,0.7485957741737366,0.7321284413337708,0.7467834949493408
2025-09-29 00:00:00+00:00,0.7458676695823669,0.7458676695823669,0.7362723350524902,0.7390918731689453
2025-09-29 04:00:00+00:00,0.7390810251235962,0.7390810251235962,0.723584771156311,0.7268882393836975
2025-09-29 08:00:00+00:00,0.7268711924552917,0.7269284725189209,0.7049498558044434,0.7055373787879944
2025-09-29 12:00:00+00:00,0.7044620513916016,0.7324387431144714,0.6976792216300964,0.7197828888893127
2025-09-29 16:00:00+00:00,0.7180917263031006,0.7235023975372314,0.7101972103118896,0.7235023975372314
2025-09-29 20:00:00+00:00,0.7248331904411316,0.7370976805686951,0.7248331904411316,0.7287432551383972
2025-09-30 00:00:00+00:00,0.7287554740905762,0.7293211817741394,0.7160995602607727,0.7198524475097656
2025-09-30 04:00:00+00:00,0.7192175388336182,0.7275564074516296,0.7179058790206909,0.7179058790206909
2025-09-30 08:00:00+00:00,0.7178496718406677,0.7178496718406677,0.7058207988739014,0.7107254266738892
2025-09-30 12:00:00+00:00,0.7105218768119812,0.7105218768119812,0.6911441087722778,0.6967799067497253
2025-09-30 16:00:00+00:00,0.6987094283103943,0.7176451086997986,0.6955478191375732,0.7176451086997986
2025-09-30 20:00:00+00:00,0.7173736691474915,0.7276144027709961,0.7173736691474915,0.7262559533119202
2025-10-01 00:00:00+00:00,0.7276116609573364,0.7302542328834534,0.721967875957489,0.721967875957489
2025-10-01 04:00:00+00:00,0.7214563488960266,0.7255216836929321,0.713648796081543,0.7155277729034424
2025-10-01 08:00:00+00:00,0.7159468531608582,0.7532345652580261,0.7156997919082642,0.7423402070999146
2025-10-01 12:00:00+00:00,0.7452690005302429,0.754584789276123,0.7411006689071655,0.7541031837463379
2025-10-01 16:00:00+00:00,0.7542712092399597,0.7663130164146423,0.7483081817626953,0.7658166289329529
2025-10-01 20:00:00+00:00,0.764394998550415,0.7648133635520935,0.7580606937408447,0.7631310820579529
2025-10-02 00:00:00+00:00,0.7644479274749756,0.7867804169654846,0.7644479274749756,0.7842099070549011
2025-10-02 04:00:00+00:00,0.7847716212272644,0.7901045680046082,0.7806370258331299,0.7806370258331299
2025-10-02 08:00:00+00:00,0.7807036638259888,0.7814846038818359,0.7756438851356506,0.779921293258667
2025-10-02 12:00:00+00:00,0.7762100100517273,0.7801195979118347,0.7592976689338684,0.7709015011787415
2025-10-02 16:00:00+00:00,0.7752343416213989,0.7959386706352234,0.7752343416213989,0.7955304980278015
2025-10-02 20:00:00+00:00,0.7948852181434631,0.7973563075065613,0.7859187126159668,0.7879325747489929
2025-10-03 00:00:00+00:00,0.7851845026016235,0.7851845026016235,0.771023690700531,0.7742855548858643
2025-10-03 04:00:00+00:00,0.7715792059898376,0.7768134474754333,0.7658465504646301,0.768756091594696
2025-10-03 08:00:00+00:00,0.7698630094528198,0.7775259613990784,0.7670732140541077,0.768554151058197
2025-10-03 12:00:00+00:00,0.7681043744087219,0.7837293744087219,0.7618280649185181,0.7837293744087219
2025-10-03 16:00:00+00:00,0.7872470617294312,0.797565758228302,0.7627996206283569,0.7872768044471741
2025-10-03 20:00:00+00:00,0.7867542505264282,0.7962183952331543,0.7827426195144653,0.7858610153198242
2025-10-04 00:00:00+00:00,0.7865113615989685,0.7933900952339172,0.7703656554222107,0.776745617389679
2025-10-04 04:00:00+00:00,0.7779107689857483,0.7997809648513794,0.7754257321357727,0.7881198525428772
2025-10-04 08:00:00+00:00,0.789817750453949,0.789817750453949,0.7656732797622681,0.7689192295074463
2025-10-04 12:00:00+00:00,0.7677032947540283,0.7709729671478271,0.7458308339118958,0.749810516834259
2025-10-04 16:00:00+00:00,0.7472372651100159,0.7554502487182617,0.7431473135948181,0.7525039315223694
2025-10-04 20:00:00+00:00,0.7532157897949219,0.7573322653770447,0.7528949975967407,0.7546024918556213
2025-10-05 00:00:00+00:00,0.7551323771476746,0.7766537666320801,0.7467069625854492,0.7739331126213074
2025-10-05 04:00:00+00:00,0.7724760174751282,0.7948471903800964,0.7699037194252014,0.7946789860725403
2025-10-05 08:00:00+00:00,0.7992562651634216,0.8061919808387756,0.7786489725112915,0.7845799922943115
2025-10-05 12:00:00+00:00,0.7849764823913574,0.7913488149642944,0.7788987755775452,0.7913488149642944
2025-10-05 16:00:00+00:00,0.7933112382888794,0.7933112382888794,0.766448974609375,0.766448974609375
2025-10-05 20:00:00+00:00,0.7656624913215637,0.7683875560760498,0.7621844410896301,0.7635889649391174
2025-10-06 00:00:00+00:00,0.7628684639930725,0.7677704095840454,0.7539219856262207,0.7632067203521729
2025-10-06 04:00:00+00:00,0.7624534964561462,0.7725955247879028,0.7560200095176697,0.7593804597854614
2025-10-06 08:00:00+00:00,0.760899543762207,0.7777224779129028,0.760899543762207,0.7750144600868225
2025-10-06 12:00:00+00:00,0.775436520576477,0.8040722608566284,0.775436520576477,0.8040722608566284
2025-10-06 16:00:00+00:00,0.8043177127838135,0.8112273812294006,0.7980633974075317,0.8038839101791382
2025-10-06 20:00:00+00:00,0.8060019612312317,0.8068807721138,0.8004348874092102,0.8029139637947083
2025-10-07 00:00:00+00:00,0.8042247891426086,0.8069900274276733,0.7990247011184692,0.8018731474876404
2025-10-07 04:00:00+00:00,0.8024850487709045,0.8054635524749756,0.7814575433731079,0.7840666174888611
2025-10-07 08:00:00+00:00,0.7841224670410156,0.7893913984298706,0.7667383551597595,0.7893913984298706
2025-10-07 12:00:00+00:00,0.792334794998169,0.7942524552345276,0.7471683621406555,0.749445378780365
2025-10-07 16:00:00+00:00,0.7490562796592712,0.7614313364028931,0.7398391366004944,0.7442246079444885
2025-10-07 20:00:00+00:00,0.7421066164970398,0.7498965859413147,0.7363389730453491,0.7368091940879822
2025-10-08 00:00:00+00:00,0.7367442846298218,0.7447079420089722,0.7276331782341003,0.7278987765312195
2025-10-08 04:00:00+00:00,0.7273107171058655,0.7316116690635681,0.7231458425521851,0.7276444435119629
2025-10-08 08:00:00+00:00,0.7286324501037598,0.7402691841125488,0.7285739183425903,0.7285739183425903
2025-10-08 12:00:00+00:00,0.7278816103935242,0.7395343780517578,0.722680926322937,0.725692629814148
2025-10-08 16:00:00+00:00,0.7263810634613037,0.7491890788078308,0.7255634069442749,0.7433496713638306
2025-10-08 20:00:00+00:00,0.7435025572776794,0.747248113155365,0.7396783828735352,0.7447608113288879
2025-10-09 00:00:00+00:00,0.7454648613929749,0.7463666796684265,0.7206788063049316,0.7290420532226562
2025-10-09 04:00:00+00:00,0.7280431389808655,0.7377588152885437,0.7206021547317505,0.7229443192481995
2025-10-09 08:00:00+00:00,0.7207531332969666,0.7209580540657043,0.7045708894729614,0.7090407013893127
2025-10-09 12:00:00+00:00,0.7087140679359436,0.7151796817779541,0.6925156712532043,0.6972065567970276
2025-10-09 16:00:00+00:00,0.6962997913360596,0.7047792077064514,0.6916528940200806,0.7036867737770081
2025-10-09 20:00:00+00:00,0.7039475440979004,0.710877001285553,0.703639566898346,0.7071145176887512
2025-10-10 00:00:00+00:00,0.7068776488304138,0.7288981080055237,0.7068776488304138,0.7251269221305847
2025-10-10 04:00:00+00:00,0.7227291464805603,0.7301775813102722,0.7142776846885681,0.7153899669647217
2025-10-10 08:00:00+00:00,0.7148693203926086,0.7264285683631897,0.7127447128295898,0.7264285683631897
2025-10-10 12:00:00+00:00,0.7271484136581421,0.7422032952308655,0.6828997731208801,0.6828997731208801
2025-10-10 16:00:00+00:00,0.6805542707443237,0.6864100694656372,0.65919029712677,0.6621635556221008
2025-10-10 20:00:00+00:00,0.661495566368103,0.6669520139694214,0.22404919564723969,0.4760192930698395
2025-10-11 00:00:00+00:00,0.4619405269622803,0.5048314332962036,0.4607482850551605,0.4907955229282379
2025-10-11 04:00:00+00:00,0.4933978021144867,0.49917247891426086,0.48027467727661133,0.4924312233924866
2025-10-11 08:00:00+00:00,0.49293747544288635,0.5208184123039246,0.4923887550830841,0.5071506500244141
2025-10-11 12:00:00+00:00,0.5083876848220825,0.5161876082420349,0.495224267244339,0.512641966342926
2025-10-11 16:00:00+00:00,0.5100326538085938,0.5128825902938843,0.48061731457710266,0.48061731457710266
2025-10-11 20:00:00+00:00,0.479326069355011,0.4810495972633362,0.461199551820755,0.48022422194480896
2025-10-12 00:00:00+00:00,0.47947514057159424,0.48101213574409485,0.46470093727111816,0.47497260570526123
2025-10-12 04:00:00+00:00,0.4745005667209625,0.48876091837882996,0.47444581985473633,0.48617780208587646
2025-10-12 08:00:00+00:00,0.4857505261898041,0.48642265796661377,0.4734402894973755,0.4777126908302307
2025-10-12 12:00:00+00:00,0.4775505065917969,0.5346673727035522,0.4775505065917969,0.5346673727035522
2025-10-12 16:00:00+00:00,0.5371729731559753,0.5731397271156311,0.5371729731559753,0.5648593902587891
2025-10-12 20:00:00+00:00,0.5669366121292114,0.5697206258773804,0.5489370226860046,0.5521742105484009
2025-10-13 00:00:00+00:00,0.5527769923210144,0.5527769923210144,0.5387411713600159,0.5476877093315125
2025-10-13 04:00:00+00:00,0.5493327975273132,0.5692275166511536,0.5474514961242676,0.5627625584602356
2025-10-13 08:00:00+00:00,0.5618984699249268,0.5681502223014832,0.551780641078949,0.5634597539901733
2025-10-13 12:00:00+00:00,0.5622434020042419,0.5750004053115845,0.5591508746147156,0.5749109983444214
2025-10-13 16:00:00+00:00,0.5760088562965393,0.5979355573654175,0.5746968388557434,0.5973982810974121
2025-10-13 20:00:00+00:00,0.5952028632164001,0.6177964210510254,0.5952028632164001,0.603934645652771
2025-10-14 00:00:00+00:00,0.6049377918243408,0.6108081340789795,0.5880394577980042,0.5905294418334961
2025-10-14 04:00:00+00:00,0.5882470011711121,0.5889543890953064,0.547139048576355,0.547139048576355
2025-10-14 08:00:00+00:00,0.5465822219848633,0.5522988438606262,0.53504878282547,0.546009361743927
2025-10-14 12:00:00+00:00,0.5455561280250549,0.5739870071411133,0.5314038395881653,0.5739870071411133
2025-10-14 16:00:00+00:00,0.5732055902481079,0.5864868760108948,0.5699767470359802,0.5769374370574951
2025-10-14 20:00:00+00:00,0.5764942169189453,0.5852799415588379,0.5723367929458618,0.5823463797569275
2025-10-15 00:00:00+00:00,0.5827175974845886,0.5832460522651672,0.5740821957588196,0.574815571308136
2025-10-15 04:00:00+00:00,0.5747641324996948,0.5942718386650085,0.5742530226707458,0.5876997113227844
2025-10-15 08:00:00+00:00,0.5890620946884155,0.5935690402984619,0.5720351338386536,0.5730739831924438
2025-10-15 12:00:00+00:00,0.5716331601142883,0.5716331601142883,0.5442606210708618,0.5464799404144287
2025-10-15 16:00:00+00:00,0.5479902029037476,0.551787793636322,0.5447968244552612,0.5447968244552612
2025-10-15 20:00:00+00:00,0.5455049276351929,0.5492520332336426,0.5390565991401672,0.5424875020980835
2025-10-16 00:00:00+00:00,0.5426380634307861,0.5508602857589722,0.5426380634307861,0.5466790795326233
2025-10-16 04:00:00+00:00,0.5459287762641907,0.5557553172111511,0.5447617173194885,0.5494531989097595
2025-10-16 08:00:00+00:00,0.5493786334991455,0.5589426755905151,0.5298847556114197,0.5553596019744873
2025-10-16 12:00:00+00:00,0.5565627813339233,0.5582765936851501,0.5269730091094971,0.5269730091094971
2025-10-16 16:00:00+00:00,0.5232157111167908,0.5373818874359131,0.518408477306366,0.5222444534301758
2025-10-16 20:00:00+00:00,0.5217317938804626,0.5248669385910034,0.5142791271209717,0.5228815674781799
2025-10-17 00:00:00+00:00,0.5235115885734558,0.5368615984916687,0.5235115885734558,0.5296330451965332
2025-10-17 04:00:00+00:00,0.5293401479721069,0.5299892425537109,0.48889872431755066,0.49001678824424744
2025-10-17 08:00:00+00:00,0.4869998097419739,0.5036435127258301,0.4774024486541748,0.4984455704689026
2025-10-17 12:00:00+00:00,0.5002059936523438,0.5069106817245483,0.4940260052680969,0.5041089653968811
2025-10-17 16:00:00+00:00,0.5075975060462952,0.5111950039863586,0.4991677701473236,0.5028910040855408
2025-10-17 20:00:00+00:00,0.5027445554733276,0.5143780708312988,0.5023450255393982,0.5064939260482788
2025-10-18 00:00:00+00:00,0.5067911744117737,0.5220425724983215,0.5067911744117737,0.5197526216506958
2025-10-18 04:00:00+00:00,0.5192059278488159,0.5232420563697815,0.5126193761825562,0.5149076581001282
2025-10-18 08:00:00+00:00,0.5129632353782654,0.520757257938385,0.5129632353782654,0.5182092785835266
2025-10-18 12:00:00+00:00,0.5195629000663757,0.5220049023628235,0.5095219612121582,0.5134480595588684
2025-10-18 16:00:00+00:00,0.5135524272918701,0.519871175289154,0.5083988904953003,0.5177245736122131
2025-10-18 20:00:00+00:00,0.518454372882843,0.5207542181015015,0.5159565806388855,0.5160369277000427
2025-10-19 00:00:00+00:00,0.5161327123641968,0.5206972360610962,0.5121166110038757,0.5187938213348389
2025-10-19 04:00:00+00:00,0.519700825214386,0.519700825214386,0.5115238428115845,0.5147119760513306
2025-10-19 08:00:00+00:00,0.5156307220458984,0.5308579802513123,0.5077856779098511,0.5247845649719238
2025-10-19 12:00:00+00:00,0.5250643491744995,0.5343563556671143,0.5190324783325195,0.531940221786499
2025-10-19 16:00:00+00:00,0.5323044061660767,0.5417395234107971,0.5312529802322388,0.536467432975769
2025-10-19 20:00:00+00:00,0.5366978645324707,0.5386159420013428,0.5306986570358276,0.5314493775367737
2025-10-20 00:00:00+00:00,0.5313670039176941,0.5469710826873779,0.5206688046455383,0.5469710826873779
2025-10-20 04:00:00+00:00,0.5489711165428162,0.5559302568435669,0.5430096387863159,0.5513632893562317
2025-10-20 08:00:00+00:00,0.5524072647094727,0.5595206022262573,0.5476943254470825,0.5499117374420166
2025-10-20 12:00:00+00:00,0.5506361722946167,0.5579043030738831,0.5506361722946167,0.5521676540374756
2025-10-20 16:00:00+00:00,0.5462122559547424,0.5486812591552734,0.5414415597915649,0.5467252731323242
2025-10-20 20:00:00+00:00,0.5458765029907227,0.54986572265625,0.5417707562446594,0.5417707562446594
2025-10-21 00:00:00+00:00,0.5415040850639343,0.5434389114379883,0.5289074778556824,0.5289074778556824
2025-10-21 04:00:00+00:00,0.5267248153686523,0.5267248153686523,0.5178157687187195,0.5224401354789734
2025-10-21 08:00:00+00:00,0.5222650170326233,0.5255404114723206,0.516626238822937,0.5226858258247375
2025-10-21 12:00:00+00:00,0.5221204161643982,0.5737788081169128,0.5221204161643982,0.5690061450004578
2025-10-21 16:00:00+00:00,0.5684298872947693,0.5819417834281921,0.5643947720527649,0.5678899884223938
2025-10-21 20:00:00+00:00,0.5665768384933472,0.5665768384933472,0.5253600478172302,0.5271190404891968
2025-10-22 00:00:00+00:00,0.5267367959022522,0.532211184501648,0.5170961022377014,0.519048810005188
2025-10-22 04:00:00+00:00,0.5200014114379883,0.5245540738105774,0.5093589425086975,0.5120934844017029
2025-10-22 08:00:00+00:00,0.5113152265548706,0.5127203464508057,0.5058230757713318,0.5093039274215698
2025-10-22 12:00:00+00:00,0.5097590088844299,0.5159953832626343,0.5023438930511475,0.5093926787376404
2025-10-22 16:00:00+00:00,0.508298933506012,0.5088492035865784,0.49667003750801086,0.496687650680542
2025-10-22 20:00:00+00:00,0.49486446380615234,0.49550801515579224,0.47745421528816223,0.4908665716648102
2025-10-23 00:00:00+00:00,0.4915845990180969,0.5040057897567749,0.4897509515285492,0.5038179159164429
2025-10-23 04:00:00+00:00,0.5036473870277405,0.5124105215072632,0.5033637285232544,0.5106102228164673
2025-10-23 08:00:00+00:00,0.5102197527885437,0.5135380029678345,0.5038610100746155,0.5045425295829773
2025-10-23 12:00:00+00:00,0.5040231347084045,0.5183884501457214,0.5004642009735107,0.5183884501457214
2025-10-23 16:00:00+00:00,0.5179844498634338,0.5300411581993103,0.5142629742622375,0.525612473487854
2025-10-23 20:00:00+00:00,0.5262781381607056,0.527376115322113,0.520203173160553,0.5250163674354553
2025-10-24 00:00:00+00:00,0.525726854801178,0.5313155055046082,0.5239565372467041,0.5242230296134949
2025-10-24 04:00:00+00:00,0.5244821310043335,0.536428689956665,0.5236750245094299,0.5338373780250549
2025-10-24 08:00:00+00:00,0.5344826579093933,0.5408369302749634,0.5302716493606567,0.5337923765182495
2025-10-24 12:00:00+00:00,0.5363839864730835,0.5453975796699524,0.5297361612319946,0.5304306745529175
2025-10-24 16:00:00+00:00,0.5300852060317993,0.5413051843643188,0.5276668667793274,0.5395697355270386
2025-10-24 20:00:00+00:00,0.5389348268508911,0.547833263874054,0.5389348268508911,0.5451453924179077
2025-10-25 00:00:00+00:00,0.5452945232391357,0.5453653335571289,0.5357061624526978,0.5357061624526978
2025-10-25 04:00:00+00:00,0.535208523273468,0.538325309753418,0.5324665307998657,0.532526433467865
2025-10-25 08:00:00+00:00,0.5325994491577148,0.5362555384635925,0.5313877463340759,0.5344529151916504
2025-10-25 12:00:00+00:00,0.5341137051582336,0.5426320433616638,0.5341137051582336,0.5426320433616638
2025-10-25 16:00:00+00:00,0.54237300157547,0.5496278405189514,0.5416532754898071,0.5495908260345459
2025-10-25 20:00:00+00:00,0.5504341721534729,0.5526479482650757,0.5467861294746399,0.5476416945457458
2025-10-26 00:00:00+00:00,0.547390341758728,0.547390341758728,0.5324386358261108,0.533381998538971
2025-10-26 04:00:00+00:00,0.5335961580276489,0.5446160435676575,0.5335961580276489,0.5439848303794861
2025-10-26 08:00:00+00:00,0.5444133877754211,0.5609288215637207,0.5444133877754211,0.5599413514137268
2025-10-26 12:00:00+00:00,0.5609825253486633,0.5620580315589905,0.5570452213287354,0.5593264698982239
2025-10-26 16:00:00+00:00,0.5594372153282166,0.5594372153282166,0.5544171929359436,0.5556825995445251
2025-10-26 20:00:00+00:00,0.5558850765228271,0.5726137757301331,0.5525686740875244,0.5682249665260315
2025-10-27 00:00:00+00:00,0.5694072246551514,0.5740863084793091,0.5657512545585632,0.5665377378463745
2025-10-27 04:00:00+00:00,0.56651771068573,0.5754227042198181,0.5642516613006592,0.5667008757591248
2025-10-27 08:00:00+00:00,0.5671221017837524,0.5671221017837524,0.5533674359321594,0.5564722418785095
2025-10-27 12:00:00+00:00,0.5571704506874084,0.5572661757469177,0.5490928292274475,0.5529769659042358
2025-10-27 16:00:00+00:00,0.5526434779167175,0.5672492384910583,0.5526434779167175,0.5567642450332642
2025-10-27 20:00:00+00:00,0.5562075972557068,0.5576587319374084,0.5496598482131958,0.5526958107948303
2025-10-28 00:00:00+00:00,0.5526002049446106,0.5553681254386902,0.5476824045181274,0.5513806343078613
2025-10-28 12:00:00+00:00,0.5547998547554016,0.557732880115509,0.5460813641548157,0.5519106984138489
2025-10-28 16:00:00+00:00,0.5518774390220642,0.5596827268600464,0.5390607118606567,0.5401050448417664
2025-10-28 20:00:00+00:00,0.5403943061828613,0.5403943061828613,0.5252708196640015,0.5332938432693481
2025-10-29 00:00:00+00:00,0.5327671766281128,0.5344862937927246,0.5269849896430969,0.5269849896430969
2025-10-29 04:00:00+00:00,0.5270010828971863,0.5314991474151611,0.5259653925895691,0.5304520130157471
2025-10-29 08:00:00+00:00,0.5304752588272095,0.5411735773086548,0.5250312685966492,0.5411735773086548
2025-10-29 12:00:00+00:00,0.5413674116134644,0.5522472858428955,0.5308233499526978,0.5310918688774109
2025-10-29 16:00:00+00:00,0.5310696959495544,0.5606392621994019,0.5276955366134644,0.5606124401092529
2025-10-29 20:00:00+00:00,0.5603022575378418,0.5724349617958069,0.5370523929595947,0.5383216142654419
2025-10-30 00:00:00+00:00,0.5382350087165833,0.5479418635368347,0.53518146276474,0.5404402613639832
2025-10-30 04:00:00+00:00,0.5404447913169861,0.5411553978919983,0.5182374119758606,0.5336745977401733
2025-10-30 08:00:00+00:00,0.533602237701416,0.533602237701416,0.5155692100524902,0.5155692100524902
2025-10-30 12:00:00+00:00,0.5151698589324951,0.5154973268508911,0.4897284507751465,0.49025774002075195
2025-10-30 16:00:00+00:00,0.4894517660140991,0.4921864867210388,0.4743632376194,0.47619789838790894
2025-10-30 20:00:00+00:00,0.47474750876426697,0.4927375018596649,0.4743559956550598,0.4927375018596649
2025-10-31 00:00:00+00:00,0.4927302896976471,0.5033908486366272,0.49088576436042786,0.49429333209991455
2025-10-31 04:00:00+00:00,0.4941084682941437,0.5038663148880005,0.4941084682941437,0.5003278851509094
2025-10-31 08:00:00+00:00,0.5004282593727112,0.5071064233779907,0.4972085654735565,0.5071064233779907
2025-10-31 12:00:00+00:00,0.5073313117027283,0.518214762210846,0.5011389851570129,0.514363706111908
2025-10-31 16:00:00+00:00,0.5143568515777588,0.5184630751609802,0.4988078474998474,0.5177772641181946
2025-10-31 20:00:00+00:00,0.5176898837089539,0.5188934803009033,0.5121643543243408,0.5145962238311768
2025-11-01 00:00:00+00:00,0.5145647525787354,0.5196167826652527,0.5090298652648926,0.5195785760879517
2025-11-01 04:00:00+00:00,0.5195674896240234,0.5223791599273682,0.5119571089744568,0.5222890973091125
2025-11-01 08:00:00+00:00,0.5221679210662842,0.5341635346412659,0.5220948457717896,0.5302219986915588
2025-11-01 12:00:00+00:00,0.5305653214454651,0.5355738997459412,0.5277175307273865,0.5329880714416504
2025-11-01 16:00:00+00:00,0.5333654880523682,0.5387236475944519,0.5333654880523682,0.5365526080131531
2025-11-01 20:00:00+00:00,0.5365550518035889,0.5404001474380493,0.5319675803184509,0.5352377891540527
2025-11-02 00:00:00+00:00,0.5352045893669128,0.5352721810340881,0.5301733016967773,0.5303146243095398
2025-11-02 04:00:00+00:00,0.5300934910774231,0.5437493920326233,0.5300245881080627,0.5437071919441223
2025-11-02 08:00:00+00:00,0.5441976189613342,0.5441976189613342,0.5338759422302246,0.5421141982078552
2025-11-02 12:00:00+00:00,0.5425126552581787,0.5429288744926453,0.5274119973182678,0.5293011665344238
2025-11-02 16:00:00+00:00,0.5290489792823792,0.5290489792823792,0.5211415886878967,0.5232819318771362
2025-11-02 20:00:00+00:00,0.5233659744262695,0.5457660555839539,0.5222822427749634,0.5453839302062988
2025-11-03 00:00:00+00:00,0.5441572070121765,0.5441572070121765,0.49859094619750977,0.49859094619750977
2025-11-03 04:00:00+00:00,0.498318076133728,0.5057408809661865,0.48714810609817505,0.4974232017993927
2025-11-03 08:00:00+00:00,0.49727824330329895,0.5029417872428894,0.4890347123146057,0.4896807372570038
2025-11-03 12:00:00+00:00,0.489618182182312,0.4929168224334717,0.446887731552124,0.45042458176612854
2025-11-03 16:00:00+00:00,0.4503685534000397,0.46909061074256897,0.4485475420951843,0.44993117451667786
2025-11-03 20:00:00+00:00,0.44963034987449646,0.44963034987449646,0.4368944466114044,0.44036057591438293
2025-11-04 00:00:00+00:00,0.4403887987136841,0.4518340826034546,0.43803852796554565,0.44216954708099365
2025-11-04 04:00:00+00:00,0.44212257862091064,0.4439493715763092,0.41399678587913513,0.41454026103019714
2025-11-04 08:00:00+00:00,0.41461312770843506,0.4262166917324066,0.41314974427223206,0.4198795258998871
2025-11-04 12:00:00+00:00,0.4205654263496399,0.42072394490242004,0.4034920930862427,0.4074977934360504
2025-11-04 16:00:00+00:00,0.41092026233673096,0.41092026233673096,0.3921342194080353,0.39720457792282104
2025-11-04 20:00:00+00:00,0.3962416350841522,0.4040200114250183,0.37154388427734375,0.4036020040512085
2025-11-05 00:00:00+00:00,0.40308019518852234,0.41775885224342346,0.38637539744377136,0.41773560643196106
2025-11-05 04:00:00+00:00,0.41827628016471863,0.42275378108024597,0.4181831479072571,0.4205409586429596
2025-11-05 08:00:00+00:00,0.4204544723033905,0.4204544723033905,0.4120105803012848,0.41814425587654114
2025-11-05 12:00:00+00:00,0.41815242171287537,0.4279755651950836,0.415569931268692,0.42769506573677063
2025-11-05 16:00:00+00:00,0.4275059998035431,0.4333783686161041,0.42300280928611755,0.42929601669311523
2025-11-05 20:00:00+00:00,0.42928969860076904,0.4396399259567261,0.42662468552589417,0.4377395212650299
2025-11-06 00:00:00+00:00,0.4377139210700989,0.4377139210700989,0.42928314208984375,0.4324226975440979
2025-11-06 04:00:00+00:00,0.4322817921638489,0.43230733275413513,0.4225848913192749,0.42601871490478516
2025-11-06 08:00:00+00:00,0.4260282814502716,0.4280540943145752,0.4231676459312439,0.4266948103904724
2025-11-06 12:00:00+00:00,0.4266433119773865,0.4318293035030365,0.41636088490486145,0.418594092130661
2025-11-06 16:00:00+00:00,0.41870608925819397,0.4289502203464508,0.41520094871520996,0.42701011896133423
2025-11-06 20:00:00+00:00,0.42679640650749207,0.42934688925743103,0.42138975858688354,0.4241923987865448
2025-11-07 00:00:00+00:00,0.42488619685173035,0.4407796859741211,0.42487475275993347,0.4370116591453552
2025-11-07 04:00:00+00:00,0.43700435757637024,0.4483696520328522,0.4323258101940155,0.4483696520328522
2025-11-07 08:00:00+00:00,0.44831961393356323,0.4490630626678467,0.4305112361907959,0.43549850583076477
2025-11-07 12:00:00+00:00,0.4356040358543396,0.4532759189605713,0.42370060086250305,0.45320627093315125
2025-11-07 16:00:00+00:00,0.45256882905960083,0.4939010441303253,0.4521176815032959,0.49293220043182373
2025-11-07 20:00:00+00:00,0.4929116368293762,0.4963899850845337,0.4794480800628662,0.47958382964134216
2025-11-08 00:00:00+00:00,0.48002132773399353,0.4923003911972046,0.4781026840209961,0.47938022017478943
2025-11-08 04:00:00+00:00,0.4791741371154785,0.48496347665786743,0.46638724207878113,0.470997154712677
2025-11-08 08:00:00+00:00,0.47096964716911316,0.4802624583244324,0.46760010719299316,0.4780443608760834
2025-11-08 12:00:00+00:00,0.4781295359134674,0.48366785049438477,0.4613566994667053,0.46514397859573364
2025-11-08 16:00:00+00:00,0.46519142389297485,0.47287431359291077,0.46238407492637634,0.46555644273757935
2025-11-08 20:00:00+00:00,0.46581318974494934,0.4759167432785034,0.4647039473056793,0.47542664408683777
2025-11-09 00:00:00+00:00,0.47541147470474243,0.47541147470474243,0.45331093668937683,0.4540732800960541
2025-11-09 04:00:00+00:00,0.45405229926109314,0.4680231809616089,0.45405229926109314,0.46726125478744507
2025-11-09 08:00:00+00:00,0.46760815382003784,0.47325435280799866,0.45653653144836426,0.47188887000083923
2025-11-09 12:00:00+00:00,0.47193941473960876,0.48328733444213867,0.4713347852230072,0.47992053627967834
2025-11-09 16:00:00+00:00,0.48032277822494507,0.48666098713874817,0.47576266527175903,0.48666098713874817
2025-11-09 20:00:00+00:00,0.48694807291030884,0.48831579089164734,0.4794858396053314,0.48033851385116577
2025-11-10 00:00:00+00:00,0.4803316593170166,0.49383318424224854,0.4787349998950958,0.49063748121261597
2025-11-10 04:00:00+00:00,0.4906337261199951,0.4938807785511017,0.486126184463501,0.48825567960739136
2025-11-10 08:00:00+00:00,0.48813799023628235,0.4976239800453186,0.4839637279510498,0.491420716047287
2025-11-10 12:00:00+00:00,0.4913877248764038,0.4944220781326294,0.48307451605796814,0.4895617663860321
2025-11-10 16:00:00+00:00,0.48961398005485535,0.49661141633987427,0.48323604464530945,0.4937947988510132
2025-11-10 20:00:00+00:00,0.49356886744499207,0.5068230032920837,0.48825302720069885,0.4976297616958618
2025-11-11 00:00:00+00:00,0.49761414527893066,0.5057389140129089,0.4884442090988159,0.5005382895469666
2025-11-11 04:00:00+00:00,0.5005447864532471,0.5010789036750793,0.4769434332847595,0.47708266973495483
2025-11-11 08:00:00+00:00,0.4769771993160248,0.4844208359718323,0.47554677724838257,0.481449693441391
2025-11-11 12:00:00+00:00,0.48178553581237793,0.4850924015045166,0.4772090017795563,0.47799068689346313
2025-11-11 16:00:00+00:00,0.47805264592170715,0.47987085580825806,0.4713873863220215,0.4713873863220215
2025-11-11 20:00:00+00:00,0.4712604582309723,0.4712604582309723,0.45965269207954407,0.46042343974113464
2025-11-12 00:00:00+00:00,0.4604441225528717,0.4664161801338196,0.4579722285270691,0.4663243591785431
2025-11-12 04:00:00+00:00,0.46630656719207764,0.4749011695384979,0.4653366208076477,0.47083109617233276
2025-11-12 08:00:00+00:00,0.47084879875183105,0.48475325107574463,0.47084879875183105,0.4817633330821991
2025-11-12 12:00:00+00:00,0.48169833421707153,0.48904934525489807,0.47537997364997864,0.47537997364997864
2025-11-12 16:00:00+00:00,0.4755312502384186,0.4755312502384186,0.4446212649345398,0.4510137438774109
2025-11-12 20:00:00+00:00,0.45114076137542725,0.4581090211868286,0.4463026821613312,0.44660359621047974
2025-11-13 00:00:00+00:00,0.44663405418395996,0.4638689458370209,0.44663405418395996,0.46260032057762146
2025-11-13 04:00:00+00:00,0.46240875124931335,0.47200626134872437,0.4567784070968628,0.466560959815979
2025-11-13 08:00:00+00:00,0.4666752815246582,0.4686126410961151,0.46033331751823425,0.46368899941444397
2025-11-13 12:00:00+00:00,0.46369439363479614,0.4751782715320587,0.46162086725234985,0.4639950096607208
2025-11-13 16:00:00+00:00,0.46418219804763794,0.46485140919685364,0.4273436963558197,0.4275085926055908
2025-11-13 20:00:00+00:00,0.4274042546749115,0.4443713426589966,0.4225779175758362,0.4422743022441864
2025-11-14 00:00:00+00:00,0.44222453236579895,0.4468317925930023,0.4334245026111603,0.43396711349487305
2025-11-14 04:00:00+00:00,0.43405887484550476,0.44379255175590515,0.41601404547691345,0.44088608026504517
2025-11-14 08:00:00+00:00,0.4408860504627228,0.4408860504627228,0.42241525650024414,0.42404597997665405
2025-11-14 12:00:00+00:00,0.4242062568664551,0.43073615431785583,0.41321393847465515,0.4272553026676178
2025-11-14 16:00:00+00:00,0.42718076705932617,0.43390414118766785,0.42266136407852173,0.4307774007320404
2025-11-14 20:00:00+00:00,0.4308890104293823,0.43139350414276123,0.3999239504337311,0.4035000205039978
2025-11-15 00:00:00+00:00,0.4036335051059723,0.423765629529953,0.4034481644630432,0.4230593144893646
2025-11-15 04:00:00+00:00,0.42315247654914856,0.4306086003780365,0.42160889506340027,0.42211514711380005
2025-11-15 08:00:00+00:00,0.42210546135902405,0.42210546135902405,0.4121977686882019,0.41641488671302795
2025-11-15 12:00:00+00:00,0.4164317548274994,0.4350964426994324,0.4164317548274994,0.4287235736846924
2025-11-15 16:00:00+00:00,0.4286264479160309,0.43098267912864685,0.42447152733802795,0.427532821893692
2025-11-15 20:00:00+00:00,0.4275044798851013,0.4277245104312897,0.42104268074035645,0.42411136627197266
2025-11-16 00:00:00+00:00,0.4240908920764923,0.42993324995040894,0.41582757234573364,0.42979955673217773
2025-11-16 04:00:00+00:00,0.42979925870895386,0.43263307213783264,0.42663881182670593,0.42828744649887085
2025-11-16 08:00:00+00:00,0.42833179235458374,0.4308183789253235,0.4175667464733124,0.41838154196739197
2025-11-16 12:00:00+00:00,0.4183116555213928,0.4205281138420105,0.40957775712013245,0.40957775712013245
2025-11-16 16:00:00+00:00,0.40947583317756653,0.411165714263916,0.4002894461154938,0.40225085616111755
2025-11-16 20:00:00+00:00,0.40225669741630554,0.412922739982605,0.396244615316391,0.41005128622055054
2025-11-17 00:00:00+00:00,0.41005346179008484,0.4177089035511017,0.4059910774230957,0.41606926918029785
2025-11-17 04:00:00+00:00,0.41604554653167725,0.4174480438232422,0.41046348214149475,0.4144580364227295
2025-11-17 08:00:00+00:00,0.4144812524318695,0.41731998324394226,0.4136667549610138,0.4151708483695984
2025-11-17 12:00:00+00:00,0.415168434381485,0.415168434381485,0.3971577286720276,0.4005575180053711
2025-11-17 16:00:00+00:00,0.40064725279808044,0.4080502688884735,0.3861250877380371,0.38783934712409973
2025-11-17 20:00:00+00:00,0.3877124488353729,0.38894689083099365,0.38214942812919617,0.3880400061607361
2025-11-18 00:00:00+00:00,0.38805967569351196,0.4033192992210388,0.3825010657310486,0.40114626288414
2025-11-18 04:00:00+00:00,0.4023571014404297,0.41227877140045166,0.39808499813079834,0.40144914388656616
2025-11-18 08:00:00+00:00,0.4015762507915497,0.40643784403800964,0.4002270996570587,0.4018779993057251
2025-11-18 12:00:00+00:00,0.4019351303577423,0.4120344817638397,0.40083909034729004,0.40984803438186646
2025-11-18 16:00:00+00:00,0.40993306040763855,0.41997790336608887,0.40993306040763855,0.4183730185031891
2025-11-18 20:00:00+00:00,0.41895735263824463,0.4192720651626587,0.40947219729423523,0.416481614112854
2025-11-19 00:00:00+00:00,0.41647905111312866,0.4205009937286377,0.4094471335411072,0.4120197296142578
2025-11-19 04:00:00+00:00,0.4121250510215759,0.4150986075401306,0.4068247079849243,0.4105623662471771
2025-11-19 08:00:00+00:00,0.41064688563346863,0.41458213329315186,0.4085071384906769,0.4090845286846161
2025-11-19 12:00:00+00:00,0.40908923745155334,0.41055476665496826,0.3949739634990692,0.3949739634990692
2025-11-19 16:00:00+00:00,0.39492273330688477,0.3961699306964874,0.37624284625053406,0.3800269067287445
2025-11-19 20:00:00+00:00,0.3799940049648285,0.398227721452713,0.3785281777381897,0.39721766114234924
2025-11-20 00:00:00+00:00,0.39721089601516724,0.40541887283325195,0.3957078158855438,0.4038042724132538
2025-11-20 04:00:00+00:00,0.40374770760536194,0.411965012550354,0.40282657742500305,0.411965012550354
2025-11-20 08:00:00+00:00,0.4119618535041809,0.41238343715667725,0.4059697985649109,0.40850576758384705
2025-11-20 12:00:00+00:00,0.4084900915622711,0.42278429865837097,0.4084900915622711,0.4145796000957489
2025-11-20 16:00:00+00:00,0.4137442111968994,0.4137442111968994,0.3750767409801483,0.3845837712287903
2025-11-20 20:00:00+00:00,0.3845213055610657,0.3950026035308838,0.37819406390190125,0.37819406390190125
2025-11-21 00:00:00+00:00,0.37818971276283264,0.38774359226226807,0.37314069271087646,0.37861791253089905
2025-11-21 04:00:00+00:00,0.37828949093818665,0.38005462288856506,0.34745755791664124,0.3528534173965454
2025-11-21 08:00:00+00:00,0.35294216871261597,0.35723820328712463,0.3344407379627228,0.3344407379627228
2025-11-21 12:00:00+00:00,0.3343891203403473,0.3445037305355072,0.3288925588130951,0.3313300311565399
2025-11-21 16:00:00+00:00,0.33117711544036865,0.34284311532974243,0.3243996798992157,0.32747742533683777
2025-11-21 20:00:00+00:00,0.32761654257774353,0.3300412893295288,0.3124345541000366,0.3283150792121887
2025-11-22 00:00:00+00:00,0.3288685977458954,0.3307398855686188,0.32197487354278564,0.32197487354278564
2025-11-22 04:00:00+00:00,0.3219926059246063,0.3219926059246063,0.30930250883102417,0.3205234110355377
2025-11-22 08:00:00+00:00,0.3204459846019745,0.32758745551109314,0.31331667304039,0.32641729712486267
2025-11-22 12:00:00+00:00,0.32630765438079834,0.32736217975616455,0.31859469413757324,0.32250818610191345
2025-11-22 16:00:00+00:00,0.3226846158504486,0.3294464647769928,0.32266974449157715,0.32883378863334656
2025-11-22 20:00:00+00:00,0.32883378863334656,0.3368479013442993,0.3256615400314331,0.33234739303588867
2025-11-23 00:00:00+00:00,0.3323019742965698,0.33602169156074524,0.3294920325279236,0.33539801836013794
2025-11-23 04:00:00+00:00,0.33539408445358276,0.3444959223270416,0.3348420262336731,0.33661556243896484
2025-11-23 08:00:00+00:00,0.336847186088562,0.3392163813114166,0.33250105381011963,0.33539578318595886
2025-11-23 12:00:00+00:00,0.3354020416736603,0.3396306335926056,0.3329036235809326,0.33952927589416504
2025-11-23 16:00:00+00:00,0.3396029472351074,0.343519389629364,0.33709946274757385,0.3417222499847412
2025-11-23 20:00:00+00:00,0.34166303277015686,0.34186121821403503,0.3347959518432617,0.33482757210731506
2025-11-24 00:00:00+00:00,0.33497893810272217,0.3501497209072113,0.3322402238845825,0.3501463234424591
2025-11-24 04:00:00+00:00,0.3503726124763489,0.353893518447876,0.3422081470489502,0.34636592864990234
2025-11-24 08:00:00+00:00,0.34640440344810486,0.3472006618976593,0.3372543454170227,0.34013620018959045
2025-11-24 12:00:00+00:00,0.3400488793849945,0.3482820689678192,0.3372988998889923,0.34748271107673645
2025-11-24 16:00:00+00:00,0.3475930988788605,0.3683914840221405,0.3474850654602051,0.36673811078071594
2025-11-24 20:00:00+00:00,0.36674779653549194,0.3782065212726593,0.36674779653549194,0.3762342035770416
2025-11-25 00:00:00+00:00,0.37636345624923706,0.37636345624923706,0.36283281445503235,0.366256982088089
2025-11-25 04:00:00+00:00,0.36611056327819824,0.36611056327819824,0.35884660482406616,0.359992653131485
2025-11-25 08:00:00+00:00,0.35989677906036377,0.3621622323989868,0.35691624879837036,0.3576614260673523
2025-11-25 12:00:00+00:00,0.35745376348495483,0.3602082431316376,0.3446372151374817,0.3527608811855316
2025-11-25 16:00:00+00:00,0.3529568910598755,0.36072373390197754,0.34936270117759705,0.35456323623657227
2025-11-25 20:00:00+00:00,0.355448454618454,0.370756059885025,0.35543784499168396,0.36618298292160034
2025-11-26 00:00:00+00:00,0.36625930666923523,0.3700340986251831,0.36113908886909485,0.3611452877521515
2025-11-26 04:00:00+00:00,0.3611803948879242,0.3667362332344055,0.36054566502571106,0.3666978180408478
2025-11-26 08:00:00+00:00,0.3667515218257904,0.3670237362384796,0.35687556862831116,0.357393741607666
2025-11-26 12:00:00+00:00,0.3574342131614685,0.3602958023548126,0.3525034785270691,0.35615235567092896
2025-11-26 16:00:00+00:00,0.35645583271980286,0.39127543568611145,0.35645583271980286,0.38950449228286743
2025-11-26 20:00:00+00:00,0.3902352750301361,0.3917739689350128,0.38235029578208923,0.38662344217300415
2025-11-27 00:00:00+00:00,0.3865811228752136,0.3868342936038971,0.37953436374664307,0.3799780607223511
2025-11-27 04:00:00+00:00,0.379929780960083,0.3867281377315521,0.37967154383659363,0.38297733664512634
2025-11-27 08:00:00+00:00,0.3827821612358093,0.3827821612358093,0.376221626996994,0.37703028321266174
2025-11-27 12:00:00+00:00,0.37705087661743164,0.38543400168418884,0.37565016746520996,0.38543400168418884
2025-11-27 16:00:00+00:00,0.3854423761367798,0.39203596115112305,0.3842461407184601,0.39131784439086914
2025-11-27 20:00:00+00:00,0.39145150780677795,0.39322617650032043,0.3832719326019287,0.3834540545940399
2025-11-28 00:00:00+00:00,0.3834857940673828,0.3858725428581238,0.3785974681377411,0.3830488622188568
2025-11-28 04:00:00+00:00,0.3830510675907135,0.3845943808555603,0.3799119293689728,0.3799119293689728
2025-11-28 08:00:00+00:00,0.37991806864738464,0.392142653465271,0.37991806864738464,0.38600602746009827
2025-11-28 12:00:00+00:00,0.3858841359615326,0.40526649355888367,0.38546377420425415,0.3939261734485626
2025-11-28 16:00:00+00:00,0.3946289122104645,0.3946289122104645,0.378953218460083,0.38441336154937744
2025-11-28 20:00:00+00:00,0.384324312210083,0.384324312210083,0.3798750936985016,0.38055795431137085
2025-11-29 16:00:00+00:00,0.37381476163864136,0.37381476163864136,0.37272876501083374,0.3727899491786957
2025-11-29 20:00:00+00:00,0.37278470396995544,0.382013738155365,0.3717138171195984,0.38039490580558777
2025-11-30 00:00:00+00:00,0.3801175355911255,0.3806126117706299,0.3744182884693146,0.37649157643318176
2025-11-30 04:00:00+00:00,0.37654611468315125,0.37810683250427246,0.3723662495613098,0.3779210150241852
2025-11-30 08:00:00+00:00,0.37793007493019104,0.37994757294654846,0.3766802251338959,0.3782556653022766
2025-11-30 12:00:00+00:00,0.3780980110168457,0.38681358098983765,0.37212249636650085,0.3727503716945648
2025-11-30 16:00:00+00:00,0.37273111939430237,0.37887486815452576,0.37273111939430237,0.3772519826889038
2025-11-30 20:00:00+00:00,0.3772266209125519,0.38009753823280334,0.3680214285850525,0.3680214285850525
2025-12-01 00:00:00+00:00,0.3674772083759308,0.3674772083759308,0.3387320339679718,0.33874714374542236
2025-12-01 04:00:00+00:00,0.33863580226898193,0.3403039276599884,0.3366834223270416,0.33993059396743774
2025-12-01 08:00:00+00:00,0.3397611975669861,0.3412500023841858,0.3344467878341675,0.3344467878341675
2025-12-01 12:00:00+00:00,0.3344769775867462,0.3390026390552521,0.33043205738067627,0.33611392974853516
2025-12-01 16:00:00+00:00,0.33612900972366333,0.33964547514915466,0.33088308572769165,0.3362874388694763
2025-12-01 20:00:00+00:00,0.3362945318222046,0.34625381231307983,0.3362945318222046,0.3455491364002228
2025-12-02 00:00:00+00:00,0.34559565782546997,0.34694376587867737,0.3404298722743988,0.3448773920536041
2025-12-02 04:00:00+00:00,0.3447611629962921,0.34509071707725525,0.341572105884552,0.34395039081573486
2025-12-02 08:00:00+00:00,0.3439539074897766,0.3465568721294403,0.34198495745658875,0.34591996669769287
2025-12-02 12:00:00+00:00,0.34591439366340637,0.3947737514972687,0.34591439366340637,0.39310407638549805
2025-12-02 16:00:00+00:00,0.3934042453765869,0.4215005338191986,0.3934042453765869,0.3996843993663788
2025-12-02 20:00:00+00:00,0.3996884822845459,0.4068906307220459,0.3951590657234192,0.40368422865867615
2025-12-03 00:00:00+00:00,0.4037148654460907,0.40599384903907776,0.4018818736076355,0.40229228138923645
2025-12-03 04:00:00+00:00,0.40229132771492004,0.4067557454109192,0.3984369933605194,0.3984369933605194
2025-12-03 08:00:00+00:00,0.3984054923057556,0.40515848994255066,0.3944060504436493,0.4010758399963379
2025-12-03 12:00:00+00:00,0.40106844902038574,0.4015980362892151,0.3879238963127136,0.39118245244026184
2025-12-03 16:00:00+00:00,0.3913218379020691,0.39742445945739746,0.3895814120769501,0.3927086591720581
2025-12-03 20:00:00+00:00,0.392493337392807,0.4010186195373535,0.3923579156398773,0.3994544744491577
2025-12-04 00:00:00+00:00,0.3996204137802124,0.41100916266441345,0.39930281043052673,0.40461137890815735
2025-12-04 04:00:00+00:00,0.40461409091949463,0.4054364264011383,0.40145814418792725,0.4039551913738251
2025-12-04 08:00:00+00:00,0.4042486548423767,0.4042486548423767,0.3996095359325409,0.40181171894073486
2025-12-04 12:00:00+00:00,0.4017762839794159,0.4079771637916565,0.3977835178375244,0.40772032737731934
2025-12-04 16:00:00+00:00,0.40814292430877686,0.4232173264026642,0.3928491771221161,0.4010394811630249
2025-12-04 20:00:00+00:00,0.3999670445919037,0.40026938915252686,0.382254958152771,0.38261353969573975
2025-12-05 00:00:00+00:00,0.38253873586654663,0.38538658618927,0.3799898326396942,0.3803197741508484
2025-12-05 04:00:00+00:00,0.3805786669254303,0.39200493693351746,0.37981441617012024,0.39170515537261963
2025-12-05 08:00:00+00:00,0.39201849699020386,0.39201849699020386,0.3821117579936981,0.38257935643196106
2025-12-05 12:00:00+00:00,0.3823053538799286,0.38338249921798706,0.37498512864112854,0.3773825168609619
2025-12-05 16:00:00+00:00,0.3769148588180542,0.3769148588180542,0.36095499992370605,0.36707907915115356
2025-12-05 20:00:00+00:00,0.3666628301143646,0.3714291751384735,0.3640196919441223,0.3714291751384735
2025-12-06 00:00:00+00:00,0.3713456392288208,0.37672850489616394,0.3691299557685852,0.37191084027290344
2025-12-06 04:00:00+00:00,0.3717133104801178,0.37293341755867004,0.37027427554130554,0.37240129709243774
2025-12-06 08:00:00+00:00,0.37242016196250916,0.3773072063922882,0.3699999749660492,0.3773072063922882
2025-12-06 12:00:00+00:00,0.37724795937538147,0.38084879517555237,0.37362372875213623,0.37446892261505127
2025-12-06 16:00:00+00:00,0.37492620944976807,0.3758832812309265,0.3719864785671234,0.3745136857032776
2025-12-06 20:00:00+00:00,0.3744935095310211,0.3807474374771118,0.3734249770641327,0.3795660734176636
2025-12-07 00:00:00+00:00,0.37958791851997375,0.38451752066612244,0.37942251563072205,0.38000673055648804
2025-12-07 04:00:00+00:00,0.3800346851348877,0.38112884759902954,0.3772399425506592,0.37728309631347656
2025-12-07 08:00:00+00:00,0.37736791372299194,0.3775014281272888,0.3719994127750397,0.3739463686943054
2025-12-07 12:00:00+00:00,0.3739209771156311,0.37653571367263794,0.36205947399139404,0.3691563308238983
2025-12-07 16:00:00+00:00,0.3724638521671295,0.3845458924770355,0.36863696575164795,0.3814651370048523
2025-12-07 20:00:00+00:00,0.3815723657608032,0.38203755021095276,0.3647097647190094,0.3671777844429016
2025-12-08 00:00:00+00:00,0.36795496940612793,0.3801118731498718,0.36792466044425964,0.3780227601528168
2025-12-08 04:00:00+00:00,0.3782224655151367,0.3880104720592499,0.3782224655151367,0.38487836718559265
2025-12-08 08:00:00+00:00,0.3848322331905365,0.3912772834300995,0.38391539454460144,0.3900850713253021
2025-12-08 12:00:00+00:00,0.3910441994667053,0.3966981768608093,0.3886926472187042,0.391513466835022
2025-12-08 16:00:00+00:00,0.39133304357528687,0.39790934324264526,0.38296806812286377,0.3863990902900696
2025-12-08 20:00:00+00:00,0.3859849274158478,0.393370121717453,0.3850708603858948,0.38903045654296875
2025-12-09 00:00:00+00:00,0.3889639377593994,0.3904864490032196,0.3820694386959076,0.38437870144844055
2025-12-09 04:00:00+00:00,0.3849181532859802,0.3849181532859802,0.3793480396270752,0.3834436237812042
2025-12-09 08:00:00+00:00,0.3837004005908966,0.38595616817474365,0.38187408447265625,0.38500598073005676
2025-12-09 12:00:00+00:00,0.38572070002555847,0.40738439559936523,0.3857188820838928,0.40738439559936523
2025-12-09 16:00:00+00:00,0.40697982907295227,0.4484700560569763,0.40697982907295227,0.44407030940055847
2025-12-09 20:00:00+00:00,0.44404369592666626,0.44404369592666626,0.4254739284515381,0.4373667538166046
2025-12-10 00:00:00+00:00,0.43836596608161926,0.4401439428329468,0.4263826310634613,0.4315776228904724
2025-12-10 04:00:00+00:00,0.4314321279525757,0.4314321279525757,0.42043110728263855,0.4227643609046936
2025-12-10 08:00:00+00:00,0.4229184687137604,0.4234757423400879,0.4025711417198181,0.4056345820426941
2025-12-10 12:00:00+00:00,0.4056577980518341,0.40694931149482727,0.4036141633987427,0.4036141633987427
2025-12-10 16:00:00+00:00,0.40359240770339966,0.4161739945411682,0.403519868850708,0.4095034599304199
2025-12-10 20:00:00+00:00,0.40983396768569946,0.4213145971298218,0.389750599861145,0.3920322358608246
2025-12-11 00:00:00+00:00,0.3917827904224396,0.3917827904224396,0.3716224431991577,0.37224292755126953
2025-12-11 04:00:00+00:00,0.3718489706516266,0.386090487241745,0.37092894315719604,0.3851766884326935
2025-12-11 08:00:00+00:00,0.385177880525589,0.385177880525589,0.3781487047672272,0.38314658403396606
2025-12-11 12:00:00+00:00,0.3833363950252533,0.39166808128356934,0.381007581949234,0.38989391922950745
2025-12-11 16:00:00+00:00,0.39000919461250305,0.4007858633995056,0.38739854097366333,0.3971565365791321
2025-12-11 20:00:00+00:00,0.3972243666648865,0.4130171835422516,0.39666512608528137,0.40300998091697693
2025-12-12 00:00:00+00:00,0.4029899537563324,0.4037809669971466,0.39516276121139526,0.3969328701496124
2025-12-12 04:00:00+00:00,0.3969994783401489,0.3989877998828888,0.3901611566543579,0.395423024892807
2025-12-12 08:00:00+00:00,0.3954061269760132,0.3985375463962555,0.3933369219303131,0.39745283126831055
2025-12-12 12:00:00+00:00,0.39743608236312866,0.4018506109714508,0.3790726065635681,0.3790726065635681
2025-12-12 16:00:00+00:00,0.3779948353767395,0.3848063051700592,0.3692418932914734,0.3811228573322296
2025-12-12 20:00:00+00:00,0.38109108805656433,0.39002323150634766,0.38109108805656433,0.38954898715019226
2025-12-13 00:00:00+00:00,0.389628142118454,0.39479926228523254,0.3890286684036255,0.39278995990753174
2025-12-13 04:00:00+00:00,0.3927328586578369,0.3987483084201813,0.3917054533958435,0.39845186471939087
2025-12-13 08:00:00+00:00,0.39835819602012634,0.40150395035743713,0.39546090364456177,0.3958299458026886
2025-12-13 12:00:00+00:00,0.3957306146621704,0.40056312084198,0.3955724537372589,0.3977104127407074
2025-12-13 16:00:00+00:00,0.3977099061012268,0.3996810019016266,0.3965495228767395,0.3985506296157837
2025-12-13 20:00:00+00:00,0.3985644280910492,0.3992341458797455,0.3962675929069519,0.3966389298439026
2025-12-14 00:00:00+00:00,0.3966105282306671,0.3980382978916168,0.3946411609649658,0.39552053809165955
2025-12-14 04:00:00+00:00,0.3955126106739044,0.3960053026676178,0.38853806257247925,0.394369900226593
2025-12-14 08:00:00+00:00,0.39436742663383484,0.39938411116600037,0.3923470079898834,0.3950280547142029
2025-12-14 12:00:00+00:00,0.395259290933609,0.395259290933609,0.3872487545013428,0.38779470324516296
2025-12-14 16:00:00+00:00,0.38778966665267944,0.3910050690174103,0.38075634837150574,0.38293883204460144
2025-12-14 20:00:00+00:00,0.3825310170650482,0.38522154092788696,0.3773380219936371,0.3793693780899048
2025-12-15 00:00:00+00:00,0.3792806565761566,0.39180058240890503,0.37914448976516724,0.3901103138923645
2025-12-15 04:00:00+00:00,0.39037495851516724,0.39495113492012024,0.38955727219581604,0.3906811773777008
2025-12-15 08:00:00+00:00,0.39262351393699646,0.3974011242389679,0.39247602224349976,0.39554423093795776
2025-12-15 12:00:00+00:00,0.395577996969223,0.4037887156009674,0.37337809801101685,0.3752216696739197
2025-12-15 16:00:00+00:00,0.3746170103549957,0.37507757544517517,0.3641771972179413,0.3672083914279938
2025-12-15 20:00:00+00:00,0.3673431873321533,0.37352243065834045,0.3622942864894867,0.3734806478023529
2025-12-16 00:00:00+00:00,0.3730005621910095,0.37490808963775635,0.366325706243515,0.37012889981269836
2025-12-16 04:00:00+00:00,0.36999788880348206,0.36999788880348206,0.36205723881721497,0.3624289929866791
2025-12-16 08:00:00+00:00,0.36216774582862854,0.37631353735923767,0.36216774582862854,0.3760206997394562
2025-12-16 12:00:00+00:00,0.37680986523628235,0.3768491744995117,0.3681715130805969,0.3768491744995117
2025-12-16 16:00:00+00:00,0.3760038912296295,0.37924516201019287,0.3710988163948059,0.3778194785118103
2025-12-16 20:00:00+00:00,0.3777441382408142,0.38017725944519043,0.3770731985569,0.37882471084594727
2025-12-17 00:00:00+00:00,0.3795609474182129,0.38083991408348083,0.37567833065986633,0.37579724192619324
2025-12-17 04:00:00+00:00,0.3758867681026459,0.3770729899406433,0.37051740288734436,0.3744254410266876
2025-12-17 08:00:00+00:00,0.37446171045303345,0.37446171045303345,0.3698119521141052,0.3723437488079071
2025-12-17 12:00:00+00:00,0.37189051508903503,0.40115565061569214,0.3714294135570526,0.38012591004371643
2025-12-17 16:00:00+00:00,0.38016095757484436,0.38188567757606506,0.3516046702861786,0.3589806854724884
2025-12-17 20:00:00+00:00,0.3590123653411865,0.3598221242427826,0.35190773010253906,0.35388273000717163
2025-12-18 00:00:00+00:00,0.35397839546203613,0.35492679476737976,0.350771427154541,0.3519818186759949
2025-12-18 04:00:00+00:00,0.3518775701522827,0.35388466715812683,0.3452848196029663,0.34806761145591736
2025-12-18 08:00:00+00:00,0.34807658195495605,0.35273265838623047,0.34751108288764954,0.3510269224643707
2025-12-18 12:00:00+00:00,0.35106855630874634,0.3712041676044464,0.34999120235443115,0.36604589223861694
2025-12-18 16:00:00+00:00,0.366045206785202,0.366045206785202,0.32549625635147095,0.32549625635147095
2025-12-18 20:00:00+00:00,0.3253965377807617,0.33628201484680176,0.3253965377807617,0.3293593227863312
2025-12-19 00:00:00+00:00,0.32935866713523865,0.3475373089313507,0.327828586101532,0.3432682454586029
2025-12-19 04:00:00+00:00,0.34330233931541443,0.34833967685699463,0.3400963544845581,0.3441022038459778
2025-12-19 08:00:00+00:00,0.34411901235580444,0.3452199697494507,0.34140169620513916,0.3442719578742981
2025-12-19 12:00:00+00:00,0.3441489636898041,0.36249274015426636,0.34325578808784485,0.35121777653694153
2025-12-19 16:00:00+00:00,0.35126981139183044,0.36050117015838623,0.3460789620876312,0.3574597239494324
2025-12-19 20:00:00+00:00,0.3574964702129364,0.35971885919570923,0.35531774163246155,0.3563997149467468
2025-12-20 00:00:00+00:00,0.35640645027160645,0.3571524918079376,0.3532097637653351,0.35442620515823364
2025-12-20 04:00:00+00:00,0.3544117212295532,0.3544117212295532,0.34949326515197754,0.351404070854187
2025-12-20 08:00:00+00:00,0.351444274187088,0.354038268327713,0.3473856449127197,0.3492152690887451
2025-12-20 12:00:00+00:00,0.34923288226127625,0.3505314886569977,0.34680238366127014,0.3479016125202179
2025-12-20 16:00:00+00:00,0.34795165061950684,0.3497723340988159,0.34720149636268616,0.3483794629573822
2025-12-20 20:00:00+00:00,0.34812644124031067,0.3483503460884094,0.3453769087791443,0.34613609313964844
2025-12-21 00:00:00+00:00,0.3461275100708008,0.3461991250514984,0.3420999348163605,0.345371276140213
2025-12-21 04:00:00+00:00,0.3454156517982483,0.3496510088443756,0.34520602226257324,0.3475203812122345
2025-12-21 08:00:00+00:00,0.3473363518714905,0.34973669052124023,0.346346914768219,0.34655478596687317
2025-12-21 12:00:00+00:00,0.3464544117450714,0.3480225205421448,0.331644207239151,0.33647462725639343
2025-12-21 16:00:00+00:00,0.3361954391002655,0.3392879068851471,0.3340372145175934,0.3367293179035187
2025-12-21 20:00:00+00:00,0.33668088912963867,0.34255287051200867,0.3349074423313141,0.34050634503364563
2025-12-22 00:00:00+00:00,0.3405332565307617,0.34730756282806396,0.33656051754951477,0.3416709303855896
2025-12-22 04:00:00+00:00,0.34163621068000793,0.3424469828605652,0.33837050199508667,0.3385346531867981
2025-12-22 08:00:00+00:00,0.33852458000183105,0.3418863117694855,0.3348131775856018,0.3394908607006073
2025-12-22 12:00:00+00:00,0.3394220173358917,0.34128087759017944,0.3365728259086609,0.3394677937030792
2025-12-22 16:00:00+00:00,0.3397929072380066,0.34045493602752686,0.3275783061981201,0.3277149498462677
2025-12-22 20:00:00+00:00,0.3277553617954254,0.3348318934440613,0.32759493589401245,0.3348318934440613
2025-12-23 00:00:00+00:00,0.3348560035228729,0.33968594670295715,0.33055877685546875,0.3322399854660034
2025-12-23 04:00:00+00:00,0.3321598172187805,0.3321598172187805,0.32218101620674133,0.32220521569252014
2025-12-23 08:00:00+00:00,0.32210955023765564,0.32620248198509216,0.32129350304603577,0.3258451223373413
2025-12-23 12:00:00+00:00,0.3257925808429718,0.3257925808429718,0.31607794761657715,0.3183530867099762
2025-12-23 16:00:00+00:00,0.31834325194358826,0.32609057426452637,0.3182258903980255,0.3252198398113251
2025-12-23 20:00:00+00:00,0.3253321945667267,0.32871752977371216,0.32130154967308044,0.32130154967308044
2025-12-24 00:00:00+00:00,0.32134684920310974,0.3225516676902771,0.31311237812042236,0.31729650497436523
2025-12-24 04:00:00+00:00,0.31733599305152893,0.31972697377204895,0.3124122619628906,0.31941449642181396
2025-12-24 08:00:00+00:00,0.3192511200904846,0.3197874426841736,0.3158847987651825,0.31678780913352966
2025-12-24 12:00:00+00:00,0.3167850375175476,0.3225749731063843,0.3155551552772522,0.32211875915527344
2025-12-24 16:00:00+00:00,0.32221829891204834,0.3224906325340271,0.31938594579696655,0.3219950497150421
2025-12-24 20:00:00+00:00,0.32197174429893494,0.3254588842391968,0.32196733355522156,0.3235100209712982
2025-12-25 00:00:00+00:00,0.32349494099617004,0.32475385069847107,0.321434885263443,0.32424572110176086
2025-12-25 04:00:00+00:00,0.3242085874080658,0.32654717564582825,0.3241012394428253,0.32560840249061584
2025-12-25 08:00:00+00:00,0.32570239901542664,0.326349675655365,0.3158690631389618,0.31676027178764343
2025-12-25 12:00:00+00:00,0.3167649805545807,0.3211113512516022,0.31469154357910156,0.31984901428222656
2025-12-25 16:00:00+00:00,0.3197873830795288,0.3203359544277191,0.31588566303253174,0.31757450103759766
2025-12-25 20:00:00+00:00,0.3180665969848633,0.3194630444049835,0.3054233193397522,0.30746084451675415
2025-12-26 00:00:00+00:00,0.30712154507637024,0.3213813304901123,0.30558064579963684,0.3171146810054779
2025-12-26 04:00:00+00:00,0.31692564487457275,0.3183538615703583,0.31463927030563354,0.314800888299942
2025-12-26 08:00:00+00:00,0.3148175776004791,0.3196795880794525,0.3148175776004791,0.3190597593784332
2025-12-26 12:00:00+00:00,0.3190632164478302,0.3216872215270996,0.31006133556365967,0.31228697299957275
2025-12-26 16:00:00+00:00,0.3123909831047058,0.31476861238479614,0.3097599744796753,0.3140125572681427
2025-12-26 20:00:00+00:00,0.3140559494495392,0.3157497048377991,0.3132822811603546,0.31422752141952515
2025-12-27 00:00:00+00:00,0.31429100036621094,0.31789934635162354,0.31391003727912903,0.31744998693466187
2025-12-27 04:00:00+00:00,0.31746846437454224,0.3175239562988281,0.31411492824554443,0.3152320086956024
2025-12-27 08:00:00+00:00,0.3151131272315979,0.31563159823417664,0.31133630871772766,0.31563159823417664
2025-12-27 12:00:00+00:00,0.315763384103775,0.3159043490886688,0.3131389021873474,0.314159631729126
2025-12-27 16:00:00+00:00,0.31413978338241577,0.31503716111183167,0.31330597400665283,0.31366172432899475
2025-12-27 20:00:00+00:00,0.3136669993400574,0.32009273767471313,0.3134441077709198,0.3200015127658844
2025-12-28 00:00:00+00:00,0.32002800703048706,0.3202432692050934,0.3158680200576782,0.31705158948898315
2025-12-28 04:00:00+00:00,0.31706786155700684,0.31880223751068115,0.31659844517707825,0.3172234892845154
2025-12-28 08:00:00+00:00,0.3172116279602051,0.3175113797187805,0.31524980068206787,0.31647729873657227
2025-12-28 12:00:00+00:00,0.31645524501800537,0.31929677724838257,0.3153972029685974,0.3162548840045929
2025-12-28 16:00:00+00:00,0.31621408462524414,0.3163525462150574,0.3088100850582123,0.3093472421169281
2025-12-28 20:00:00+00:00,0.30935138463974,0.3129025101661682,0.30821797251701355,0.3126736581325531
2025-12-29 00:00:00+00:00,0.31266289949417114,0.32249224185943604,0.31241050362586975,0.32198214530944824
2025-12-29 04:00:00+00:00,0.32194948196411133,0.32194948196411133,0.3147304356098175,0.3161719739437103
2025-12-29 08:00:00+00:00,0.3161555826663971,0.3167326748371124,0.30765053629875183,0.3081361949443817
2025-12-29 12:00:00+00:00,0.30813342332839966,0.30813342332839966,0.29190272092819214,0.2931770980358124
2025-12-29 16:00:00+00:00,0.2931951880455017,0.293557733297348,0.288173645734787,0.29114240407943726
2025-12-29 20:00:00+00:00,0.29118189215660095,0.29118189215660095,0.2875921130180359,0.28920477628707886
2025-12-30 00:00:00+00:00,0.28920313715934753,0.2901155650615692,0.2852637767791748,0.2900081276893616
2025-12-30 04:00:00+00:00,0.28994297981262207,0.29051709175109863,0.2869911789894104,0.2877438962459564
2025-12-30 08:00:00+00:00,0.28774309158325195,0.2911888659000397,0.28772398829460144,0.2880224585533142
2025-12-30 12:00:00+00:00,0.2880534529685974,0.288447767496109,0.2773531973361969,0.2815791368484497
2025-12-30 16:00:00+00:00,0.2816554009914398,0.28496649861335754,0.2781718373298645,0.2813730537891388
2025-12-30 20:00:00+00:00,0.28125786781311035,0.28125786781311035,0.2763037383556366,0.27708831429481506
2025-12-31 00:00:00+00:00,0.27706846594810486,0.277931809425354,0.2734929323196411,0.2745188772678375
2025-12-31 04:00:00+00:00,0.2745305001735687,0.27670955657958984,0.2745305001735687,0.276467889547348
2025-12-31 08:00:00+00:00,0.2764049172401428,0.2769816815853119,0.27358490228652954,0.27419814467430115
2025-12-31 12:00:00+00:00,0.27424418926239014,0.2760745584964752,0.2721397280693054,0.27278050780296326
2025-12-31 16:00:00+00:00,0.2727455794811249,0.2731349766254425,0.26413246989250183,0.2684538960456848
2025-12-31 20:00:00+00:00,0.268375426530838,0.27109283208847046,0.2671627402305603,0.26970940828323364
2026-01-01 00:00:00+00:00,0.2696780264377594,0.27103760838508606,0.2682030200958252,0.2687965929508209
2026-01-01 04:00:00+00:00,0.2686963379383087,0.27164673805236816,0.26826056838035583,0.2708604335784912
2026-01-01 08:00:00+00:00,0.27085253596305847,0.2734164595603943,0.2707298994064331,0.2730434834957123
2026-01-01 12:00:00+00:00,0.273039311170578,0.2797226309776306,0.27138206362724304,0.27968940138816833
2026-01-01 16:00:00+00:00,0.2797546088695526,0.2885712683200836,0.27760395407676697,0.2885712683200836
2026-01-01 20:00:00+00:00,0.28899040818214417,0.3023957908153534,0.2884221374988556,0.3012556731700897
2026-01-02 00:00:00+00:00,0.30123963952064514,0.3015204071998596,0.29116010665893555,0.29860809445381165
2026-01-02 04:00:00+00:00,0.29863256216049194,0.30279541015625,0.29207199811935425,0.2923465073108673
2026-01-02 08:00:00+00:00,0.29238757491111755,0.30281713604927063,0.2911650538444519,0.29526299238204956
2026-01-02 12:00:00+00:00,0.29526233673095703,0.3113076686859131,0.2951878011226654,0.3113076686859131
2026-01-02 16:00:00+00:00,0.31130552291870117,0.33754971623420715,0.309656023979187,0.3205254375934601
2026-01-02 20:00:00+00:00,0.3203112781047821,0.3291071951389313,0.3175728917121887,0.32509586215019226
2026-01-03 00:00:00+00:00,0.3253188729286194,0.33139389753341675,0.32250866293907166,0.331294447183609
2026-01-03 04:00:00+00:00,0.3308468759059906,0.33100470900535583,0.3162130117416382,0.31675514578819275
2026-01-03 08:00:00+00:00,0.3168077766895294,0.325412780046463,0.31634488701820374,0.31912270188331604
2026-01-03 12:00:00+00:00,0.31895530223846436,0.32518917322158813,0.31794285774230957,0.324992835521698
2026-01-03 16:00:00+00:00,0.32502487301826477,0.341129869222641,0.32502487301826477,0.3338901400566101
2026-01-03 20:00:00+00:00,0.3339267373085022,0.3451727330684662,0.3306664526462555,0.33852896094322205
2026-01-04 00:00:00+00:00,0.338430255651474,0.3610484302043915,0.3383985161781311,0.3570695221424103
2026-01-04 04:00:00+00:00,0.3558056652545929,0.3588392436504364,0.34776571393013,0.3577314019203186
2026-01-04 08:00:00+00:00,0.35638636350631714,0.370682954788208,0.35097628831863403,0.36959025263786316
2026-01-04 12:00:00+00:00,0.3704381585121155,0.4254755675792694,0.36641091108322144,0.3988862633705139
2026-01-04 16:00:00+00:00,0.3988877236843109,0.40755629539489746,0.3945462703704834,0.4035011827945709
2026-01-04 20:00:00+00:00,0.40339142084121704,0.4106002748012543,0.4020804166793823,0.40490636229515076
2026-01-05 00:00:00+00:00,0.4050021171569824,0.40701648592948914,0.3954736590385437,0.39603564143180847
2026-01-05 04:00:00+00:00,0.3960530459880829,0.40342649817466736,0.38846060633659363,0.4008767902851105
2026-01-05 08:00:00+00:00,0.40084558725357056,0.40084558725357056,0.38544532656669617,0.3871135115623474
2026-01-05 12:00:00+00:00,0.3871194124221802,0.39974460005760193,0.38675981760025024,0.39946553111076355
2026-01-05 16:00:00+00:00,0.39953047037124634,0.4121986925601959,0.3971458971500397,0.4047618508338928
2026-01-05 20:00:00+00:00,0.40479403734207153,0.4142758250236511,0.40414437651634216,0.4091416001319885
2026-01-06 00:00:00+00:00,0.40916404128074646,0.42782798409461975,0.407208651304245,0.4254831373691559
2026-01-06 04:00:00+00:00,0.425419420003891,0.425419420003891,0.4037168025970459,0.40541765093803406
2026-01-06 08:00:00+00:00,0.40566131472587585,0.44897085428237915,0.40566131472587585,0.4449792802333832
2026-01-06 12:00:00+00:00,0.4448237419128418,0.5004751086235046,0.43007662892341614,0.43007662892341614
2026-01-06 16:00:00+00:00,0.43162277340888977,0.4372049868106842,0.41978368163108826,0.42318207025527954
2026-01-06 20:00:00+00:00,0.42318105697631836,0.4339883327484131,0.42137065529823303,0.421463280916214
2026-01-07 00:00:00+00:00,0.42144742608070374,0.42144742608070374,0.408801406621933,0.4097255766391754
2026-01-07 04:00:00+00:00,0.40971261262893677,0.41733163595199585,0.4043560326099396,0.41733163595199585
2026-01-07 08:00:00+00:00,0.4172990024089813,0.4261179268360138,0.4071352481842041,0.4084732234477997
2026-01-07 12:00:00+00:00,0.4084915518760681,0.4084915518760681,0.39682507514953613,0.39684775471687317
2026-01-07 16:00:00+00:00,0.3968583941459656,0.39840322732925415,0.3889629542827606,0.3924666941165924
2026-01-07 20:00:00+00:00,0.3922671675682068,0.3932034969329834,0.3865436613559723,0.38952893018722534
2026-01-08 00:00:00+00:00,0.3893923759460449,0.3938212990760803,0.38409778475761414,0.3845279812812805
2026-01-08 04:00:00+00:00,0.38453391194343567,0.3896193504333496,0.38426661491394043,0.38877931237220764
2026-01-08 08:00:00+00:00,0.3887670636177063,0.39033040404319763,0.37673282623291016,0.3829319477081299
2026-01-08 12:00:00+00:00,0.38300621509552,0.3896394670009613,0.3766900599002838,0.38942012190818787
2026-01-08 16:00:00+00:00,0.38997548818588257,0.3923429548740387,0.3809390664100647,0.3810781240463257
2026-01-08 20:00:00+00:00,0.3811051547527313,0.3865572512149811,0.37713199853897095,0.3799635171890259
2026-01-09 00:00:00+00:00,0.3799637258052826,0.3841567635536194,0.375071257352829,0.38410961627960205
2026-01-09 04:00:00+00:00,0.38410770893096924,0.3851577639579773,0.38259661197662354,0.38455596566200256
2026-01-09 08:00:00+00:00,0.38463151454925537,0.38863232731819153,0.38121849298477173,0.3856717050075531
2026-01-09 12:00:00+00:00,0.3858364522457123,0.3892921507358551,0.37851667404174805,0.38366785645484924
2026-01-09 16:00:00+00:00,0.38379138708114624,0.39659401774406433,0.3833252191543579,0.3833252191543579
2026-01-09 20:00:00+00:00,0.38321173191070557,0.3900225758552551,0.3826148211956024,0.38711002469062805
2026-01-10 00:00:00+00:00,0.38713085651397705,0.38730588555336,0.37930139899253845,0.379851758480072
2026-01-10 04:00:00+00:00,0.37979862093925476,0.38073301315307617,0.37438446283340454,0.37700626254081726
2026-01-10 08:00:00+00:00,0.3770291209220886,0.383378803730011,0.3769628703594208,0.38226184248924255
2026-01-10 12:00:00+00:00,0.3824586868286133,0.38698989152908325,0.38072481751441956,0.381136029958725
2026-01-10 16:00:00+00:00,0.3811437785625458,0.3821489214897156,0.3784404993057251,0.38119494915008545
2026-01-10 20:00:00+00:00,0.3812432289123535,0.38167819380760193,0.37585118412971497,0.3788609504699707
2026-01-11 00:00:00+00:00,0.3788417875766754,0.383021742105484,0.3769918382167816,0.3820282518863678
2026-01-11 04:00:00+00:00,0.38199397921562195,0.38252320885658264,0.37769395112991333,0.38105499744415283
2026-01-11 08:00:00+00:00,0.3810720443725586,0.3833916485309601,0.38021120429039,0.38264739513397217
2026-01-11 12:00:00+00:00,0.3826465308666229,0.38669100403785706,0.3776853382587433,0.3784942328929901
2026-01-11 16:00:00+00:00,0.3784621059894562,0.38425707817077637,0.3784621059894562,0.3800361156463623
2026-01-11 20:00:00+00:00,0.3800114095211029,0.3800114095211029,0.3706096112728119,0.3757030963897705
2026-01-12 00:00:00+00:00,0.3758273720741272,0.39005470275878906,0.3726200461387634,0.3857983648777008
2026-01-12 04:00:00+00:00,0.3857819437980652,0.38803038001060486,0.37395915389060974,0.3740920126438141
2026-01-12 08:00:00+00:00,0.3740105926990509,0.3750080466270447,0.3670943081378937,0.37229833006858826
2026-01-12 12:00:00+00:00,0.37232470512390137,0.38051772117614746,0.3671228885650635,0.3784683644771576
2026-01-12 16:00:00+00:00,0.3784385621547699,0.3814767003059387,0.37318772077560425,0.37534892559051514
2026-01-12 20:00:00+00:00,0.3753795921802521,0.37727007269859314,0.36719414591789246,0.36873024702072144
2026-01-13 00:00:00+00:00,0.36872607469558716,0.3736426532268524,0.36780691146850586,0.3681338131427765
2026-01-13 04:00:00+00:00,0.3681372404098511,0.375620573759079,0.368136465549469,0.37210312485694885
2026-01-13 08:00:00+00:00,0.3723284900188446,0.38105136156082153,0.37184152007102966,0.3797953128814697
2026-01-13 12:00:00+00:00,0.3795757591724396,0.3948618173599243,0.3790906071662903,0.3906474709510803
2026-01-13 16:00:00+00:00,0.3912230134010315,0.39734184741973877,0.38820669054985046,0.3972136676311493
2026-01-13 20:00:00+00:00,0.3973598778247833,0.43333154916763306,0.39379313588142395,0.4187222421169281
2026-01-14 00:00:00+00:00,0.41872459650039673,0.42403337359428406,0.4163627624511719,0.42360252141952515
2026-01-14 04:00:00+00:00,0.4235101640224457,0.4235101640224457,0.4112336039543152,0.4155307114124298
2026-01-14 08:00:00+00:00,0.41554734110832214,0.42668330669403076,0.41470959782600403,0.41785943508148193
2026-01-14 12:00:00+00:00,0.4179771840572357,0.4190104901790619,0.4101811945438385,0.41356703639030457
2026-01-14 16:00:00+00:00,0.41364622116088867,0.42751574516296387,0.4068230390548706,0.4160325229167938
2026-01-14 20:00:00+00:00,0.41611358523368835,0.4192371070384979,0.40867331624031067,0.41135939955711365
2026-01-15 00:00:00+00:00,0.411376953125,0.411376953125,0.3897764980792999,0.3904902935028076
2026-01-15 04:00:00+00:00,0.3904989957809448,0.39833590388298035,0.3901843726634979,0.39721500873565674
2026-01-15 08:00:00+00:00,0.39724382758140564,0.39968863129615784,0.3920578360557556,0.39243078231811523
2026-01-15 12:00:00+00:00,0.3924199342727661,0.3981923758983612,0.3797277808189392,0.3815120458602905
2026-01-15 16:00:00+00:00,0.3816019892692566,0.38910233974456787,0.37730729579925537,0.3805532157421112
2026-01-15 20:00:00+00:00,0.38058435916900635,0.3873988091945648,0.37987324595451355,0.38581275939941406
2026-01-16 00:00:00+00:00,0.38581061363220215,0.386214017868042,0.3815990090370178,0.3831203281879425
2026-01-16 04:00:00+00:00,0.3831441104412079,0.38486453890800476,0.3801322877407074,0.3832084834575653
2026-01-16 08:00:00+00:00,0.38319307565689087,0.386618971824646,0.3828599750995636,0.3840721547603607
2026-01-16 12:00:00+00:00,0.3840913772583008,0.3845856785774231,0.37035518884658813,0.3721836805343628
2026-01-16 16:00:00+00:00,0.37217241525650024,0.38131749629974365,0.3715067505836487,0.38083624839782715
2026-01-16 20:00:00+00:00,0.38082873821258545,0.388266921043396,0.3776562213897705,0.3881867527961731
2026-01-17 00:00:00+00:00,0.388161301612854,0.388161301612854,0.3829577565193176,0.38435688614845276
2026-01-17 04:00:00+00:00,0.3843539357185364,0.3868720531463623,0.38365471363067627,0.38577479124069214
2026-01-17 08:00:00+00:00,0.3857661187648773,0.38815465569496155,0.3844105303287506,0.3844693899154663
2026-01-17 12:00:00+00:00,0.38448596000671387,0.3882298767566681,0.3827332854270935,0.3882298767566681
2026-01-17 16:00:00+00:00,0.38824766874313354,0.38824766874313354,0.38308465480804443,0.38458096981048584
2026-01-17 20:00:00+00:00,0.3845773935317993,0.3847321569919586,0.37848642468452454,0.37880417704582214
2026-01-18 00:00:00+00:00,0.37880977988243103,0.38530412316322327,0.3754217028617859,0.375914990901947
2026-01-18 04:00:00+00:00,0.37583237886428833,0.3775925040245056,0.37402471899986267,0.3752087950706482
2026-01-18 08:00:00+00:00,0.37519389390945435,0.3793488144874573,0.37428879737854004,0.3782525956630707
2026-01-18 12:00:00+00:00,0.3782169818878174,0.3782169818878174,0.3718227446079254,0.3732099235057831
2026-01-18 16:00:00+00:00,0.3732299208641052,0.37844589352607727,0.37165144085884094,0.371977835893631
2026-01-18 20:00:00+00:00,0.3719848096370697,0.3753451704978943,0.3520509898662567,0.35206323862075806
2026-01-19 00:00:00+00:00,0.35203370451927185,0.35203370451927185,0.32993072271347046,0.3399772346019745
2026-01-19 04:00:00+00:00,0.3399525582790375,0.34341922402381897,0.3360220193862915,0.34341633319854736
2026-01-19 08:00:00+00:00,0.34332141280174255,0.34543973207473755,0.3385833203792572,0.34033846855163574
2026-01-19 12:00:00+00:00,0.3403063714504242,0.34450089931488037,0.33844101428985596,0.34227290749549866
2026-01-19 16:00:00+00:00,0.3422345817089081,0.3542775511741638,0.3421526253223419,0.3534972071647644
2026-01-19 20:00:00+00:00,0.35346731543540955,0.3567040264606476,0.3491293787956238,0.3523264527320862
2026-01-20 00:00:00+00:00,0.3524116575717926,0.3524116575717926,0.34830784797668457,0.34869009256362915
2026-01-20 04:00:00+00:00,0.3486775755882263,0.35232868790626526,0.34217989444732666,0.34217989444732666
2026-01-20 08:00:00+00:00,0.34221261739730835,0.34221261739730835,0.33643051981925964,0.3373790681362152
2026-01-20 12:00:00+00:00,0.33736175298690796,0.3417179584503174,0.33272385597229004,0.33424481749534607
2026-01-20 16:00:00+00:00,0.3345780074596405,0.33683234453201294,0.3278695344924927,0.32910582423210144
2026-01-20 20:00:00+00:00,0.3291425108909607,0.33592379093170166,0.32831189036369324,0.3295585513114929
2026-01-21 00:00:00+00:00,0.32954952120780945,0.34453678131103516,0.32950183749198914,0.34109261631965637
2026-01-21 04:00:00+00:00,0.34109261631965637,0.3421570360660553,0.3391207158565521,0.3397423028945923
2026-01-21 08:00:00+00:00,0.3398285210132599,0.3408386707305908,0.3336732089519501,0.3336732089519501
2026-01-21 12:00:00+00:00,0.3333100378513336,0.34495818614959717,0.3275206387042999,0.3448248505592346
2026-01-21 16:00:00+00:00,0.34466752409935,0.34591200947761536,0.32405978441238403,0.3437097668647766
2026-01-21 20:00:00+00:00,0.343896746635437,0.3504025340080261,0.3378635048866272,0.3381567597389221
2026-01-22 00:00:00+00:00,0.338157057762146,0.3434607684612274,0.33665016293525696,0.33740952610969543
2026-01-22 04:00:00+00:00,0.33743780851364136,0.340873122215271,0.33659082651138306,0.3387157618999481
2026-01-22 08:00:00+00:00,0.33871057629585266,0.3427167236804962,0.3377779722213745,0.3385618031024933
2026-01-22 12:00:00+00:00,0.33857297897338867,0.3388800621032715,0.3267795145511627,0.3297988474369049
2026-01-22 16:00:00+00:00,0.32988595962524414,0.3364114761352539,0.32988595962524414,0.3352513611316681
2026-01-22 20:00:00+00:00,0.3352440893650055,0.3352440893650055,0.33103156089782715,0.3332670331001282
2026-01-23 00:00:00+00:00,0.33324599266052246,0.3401454985141754,0.3331611752510071,0.33917567133903503
2026-01-23 04:00:00+00:00,0.3391967713832855,0.34179970622062683,0.3381805121898651,0.33890461921691895
2026-01-23 08:00:00+00:00,0.33890360593795776,0.3390935957431793,0.33425354957580566,0.3360629081726074
2026-01-23 12:00:00+00:00,0.33610329031944275,0.3364865779876709,0.32810351252555847,0.3364865779876709
2026-01-23 16:00:00+00:00,0.3365928828716278,0.3449397087097168,0.3328291177749634,0.3332595229148865
2026-01-23 20:00:00+00:00,0.33320069313049316,0.3347400724887848,0.32971838116645813,0.33457210659980774
2026-01-24 00:00:00+00:00,0.3345631957054138,0.3372175693511963,0.3314133882522583,0.3361075222492218
2026-01-24 04:00:00+00:00,0.33611029386520386,0.33800745010375977,0.3348737359046936,0.33565935492515564
2026-01-24 08:00:00+00:00,0.3356799781322479,0.3391423225402832,0.3355184495449066,0.33811861276626587
2026-01-24 12:00:00+00:00,0.3381171226501465,0.33876344561576843,0.33306580781936646,0.3330879211425781
2026-01-24 16:00:00+00:00,0.333096444606781,0.33496004343032837,0.33191317319869995,0.3328806757926941
2026-01-24 20:00:00+00:00,0.33290934562683105,0.33533352613449097,0.332863450050354,0.3340848386287689
2026-01-25 00:00:00+00:00,0.33405837416648865,0.3344108462333679,0.3291391134262085,0.3294924795627594
2026-01-25 04:00:00+00:00,0.3294559717178345,0.3308664560317993,0.3288195729255676,0.33004266023635864
2026-01-25 08:00:00+00:00,0.3300534784793854,0.3339464068412781,0.3282337188720703,0.3319835662841797
2026-01-25 12:00:00+00:00,0.33193573355674744,0.33193573355674744,0.32714834809303284,0.3286912441253662
2026-01-25 16:00:00+00:00,0.3287104666233063,0.32878798246383667,0.3108697235584259,0.3109603822231293
2026-01-25 20:00:00+00:00,0.3108721673488617,0.31827935576438904,0.3108721673488617,0.3178914785385132
2026-01-26 00:00:00+00:00,0.31786873936653137,0.32558906078338623,0.3170417547225952,0.32090654969215393
2026-01-26 04:00:00+00:00,0.3209529221057892,0.32629096508026123,0.3209529221057892,0.3262409269809723
2026-01-26 08:00:00+00:00,0.32628434896469116,0.32791268825531006,0.3242756426334381,0.32653674483299255
2026-01-26 12:00:00+00:00,0.3265348970890045,0.33468425273895264,0.3259072005748749,0.3285943865776062
2026-01-26 16:00:00+00:00,0.3284933567047119,0.3307308852672577,0.3264276385307312,0.3280961811542511
2026-01-26 20:00:00+00:00,0.3280961811542511,0.33075669407844543,0.3267282247543335,0.3279125988483429
2026-01-27 00:00:00+00:00,0.3279152512550354,0.3304286599159241,0.3266875147819519,0.32698771357536316
2026-01-27 04:00:00+00:00,0.3269909620285034,0.3282206356525421,0.3253496587276459,0.32697293162345886
2026-01-27 08:00:00+00:00,0.32697996497154236,0.32799267768859863,0.3248307406902313,0.32511407136917114
2026-01-27 12:00:00+00:00,0.32507553696632385,0.3273787498474121,0.3221598267555237,0.3273787498474121
2026-01-27 16:00:00+00:00,0.32738274335861206,0.333530992269516,0.32337677478790283,0.32856613397598267
2026-01-27 20:00:00+00:00,0.3285660147666931,0.3325323462486267,0.3236594498157501,0.3236594498157501
2026-01-28 00:00:00+00:00,0.32366421818733215,0.3246403634548187,0.3206730782985687,0.3230855464935303
2026-01-28 04:00:00+00:00,0.32307684421539307,0.3283918499946594,0.32105761766433716,0.3237408697605133
2026-01-28 08:00:00+00:00,0.3237747848033905,0.32651108503341675,0.32227155566215515,0.32651108503341675
2026-01-28 12:00:00+00:00,0.326800137758255,0.326834112405777,0.31787678599357605,0.3183835446834564
2026-01-28 16:00:00+00:00,0.3182975649833679,0.318729966878891,0.3140498995780945,0.318729966878891
2026-01-28 20:00:00+00:00,0.31844571232795715,0.32383856177330017,0.3171917200088501,0.32034778594970703
2026-01-29 00:00:00+00:00,0.32030752301216125,0.32050102949142456,0.3086237609386444,0.31018325686454773
2026-01-29 04:00:00+00:00,0.31012409925460815,0.3101842701435089,0.3083377182483673,0.3086073398590088
2026-01-29 08:00:00+00:00,0.3084927499294281,0.3084927499294281,0.30201002955436707,0.3029230833053589
2026-01-29 12:00:00+00:00,0.30289244651794434,0.30527451634407043,0.2895212173461914,0.29403379559516907
2026-01-29 16:00:00+00:00,0.29410237073898315,0.30014291405677795,0.28698480129241943,0.2904611825942993
2026-01-29 20:00:00+00:00,0.2904515564441681,0.2953876852989197,0.289387583732605,0.2953876852989197
2026-01-30 00:00:00+00:00,0.2954058349132538,0.2966913878917694,0.287591814994812,0.2900359630584717
2026-01-30 04:00:00+00:00,0.2900453209877014,0.29366764426231384,0.2861030697822571,0.289730429649353
2026-01-30 08:00:00+00:00,0.2897365689277649,0.29336634278297424,0.28698214888572693,0.29336634278297424
2026-01-30 12:00:00+00:00,0.2934180498123169,0.2943181097507477,0.28912872076034546,0.2925730049610138
2026-01-30 16:00:00+00:00,0.2925832271575928,0.294321745634079,0.28372669219970703,0.29132068157196045
2026-01-30 20:00:00+00:00,0.2912786304950714,0.2912786304950714,0.2845732867717743,0.28777727484703064
2026-01-31 00:00:00+00:00,0.28778302669525146,0.28799521923065186,0.2854575216770172,0.2855406403541565
2026-01-31 04:00:00+00:00,0.28556177020072937,0.2860241234302521,0.2780202329158783,0.27933773398399353
2026-01-31 08:00:00+00:00,0.2793213427066803,0.2809062600135803,0.27733340859413147,0.27765336632728577
2026-01-31 12:00:00+00:00,0.27754318714141846,0.2776587903499603,0.2593870460987091,0.2623155415058136
2026-01-31 16:00:00+00:00,0.26244229078292847,0.26537567377090454,0.23840808868408203,0.2422611117362976
2026-01-31 20:00:00+00:00,0.24256063997745514,0.25411438941955566,0.2419617623090744,0.2540833353996277
2026-02-01 00:00:00+00:00,0.25408896803855896,0.25762447714805603,0.2522815465927124,0.25725653767585754
2026-02-01 04:00:00+00:00,0.25728264451026917,0.2582434117794037,0.25393903255462646,0.2573409378528595
2026-02-01 08:00:00+00:00,0.25731220841407776,0.2625294327735901,0.2571659982204437,0.25921738147735596
2026-02-01 12:00:00+00:00,0.25923052430152893,0.25923052430152893,0.2451574206352234,0.24797211587429047
2026-02-01 16:00:00+00:00,0.24799951910972595,0.2529551088809967,0.24412356317043304,0.2474481165409088
2026-02-01 20:00:00+00:00,0.24753251671791077,0.250161737203598,0.2403612583875656,0.24566331505775452
2026-02-02 00:00:00+00:00,0.2454906851053238,0.25414490699768066,0.2405720204114914,0.24937118589878082
2026-02-02 04:00:00+00:00,0.24938464164733887,0.25286445021629333,0.24092108011245728,0.24600617587566376
2026-02-02 08:00:00+00:00,0.24577917158603668,0.2507545053958893,0.24442631006240845,0.25055912137031555
2026-02-02 12:00:00+00:00,0.25038543343544006,0.2631317675113678,0.25036489963531494,0.26164358854293823
2026-02-02 16:00:00+00:00,0.2616274654865265,0.26337018609046936,0.2562372088432312,0.2564314901828766
2026-02-02 20:00:00+00:00,0.2564215362071991,0.2566286027431488,0.254494309425354,0.2551906704902649
2026-02-03 00:00:00+00:00,0.25513818860054016,0.25575655698776245,0.24949759244918823,0.2536657750606537
2026-02-03 04:00:00+00:00,0.2536340057849884,0.25627997517585754,0.2512648403644562,0.2560890018939972
2026-02-03 08:00:00+00:00,0.25614023208618164,0.25824490189552307,0.251657634973526,0.2539418339729309
2026-02-03 12:00:00+00:00,0.25390759110450745,0.25988656282424927,0.2513360381126404,0.2596384584903717
2026-02-03 16:00:00+00:00,0.2595505714416504,0.2595505714416504,0.24222378432750702,0.2538539171218872
2026-02-03 20:00:00+00:00,0.2537272274494171,0.2633168697357178,0.24885565042495728,0.24911339581012726
2026-02-04 00:00:00+00:00,0.2491808831691742,0.2548511326313019,0.24850432574748993,0.25201237201690674
2026-02-04 04:00:00+00:00,0.25200316309928894,0.25317439436912537,0.25068971514701843,0.25205329060554504
2026-02-04 08:00:00+00:00,0.25200507044792175,0.2528908848762512,0.24934469163417816,0.25173377990722656
2026-02-04 12:00:00+00:00,0.25175753235816956,0.2522244453430176,0.24445991218090057,0.2455757111310959
2026-02-04 16:00:00+00:00,0.24559250473976135,0.2522200644016266,0.24201059341430664,0.2522200644016266
2026-02-04 20:00:00+00:00,0.25217509269714355,0.25244003534317017,0.24387331306934357,0.24827758967876434
2026-02-05 00:00:00+00:00,0.24804720282554626,0.2507297396659851,0.2441273331642151,0.2441578060388565
2026-02-05 04:00:00+00:00,0.24413102865219116,0.24507668614387512,0.2389604151248932,0.23897461593151093
2026-02-05 08:00:00+00:00,0.238997220993042,0.24340291321277618,0.22979401051998138,0.23199467360973358
2026-02-05 12:00:00+00:00,0.23197217285633087,0.23535142838954926,0.2160811722278595,0.2238897681236267
2026-02-05 16:00:00+00:00,0.2225864827632904,0.22450028359889984,0.2153404802083969,0.21639390289783478
2026-02-05 20:00:00+00:00,0.21639876067638397,0.21693304181098938,0.20723868906497955,0.20723868906497955
2026-02-06 00:00:00+00:00,0.20722924172878265,0.21392808854579926,0.18686817586421967,0.21077434718608856
2026-02-06 04:00:00+00:00,0.21081450581550598,0.2191057652235031,0.21037212014198303,0.21249771118164062
2026-02-06 08:00:00+00:00,0.21246209740638733,0.2215615063905716,0.21164342761039734,0.22152569890022278
2026-02-06 12:00:00+00:00,0.22152258455753326,0.23229067027568817,0.21956998109817505,0.23127999901771545
2026-02-06 16:00:00+00:00,0.23130473494529724,0.24519096314907074,0.23093335330486298,0.2354235053062439
2026-02-06 20:00:00+00:00,0.2353922724723816,0.2365650087594986,0.23299066722393036,0.23466907441616058
2026-02-07 00:00:00+00:00,0.23459798097610474,0.23459798097610474,0.23063631355762482,0.23418718576431274
2026-02-07 04:00:00+00:00,0.23419995605945587,0.2364388257265091,0.2231246829032898,0.2253473699092865
2026-02-07 08:00:00+00:00,0.22533018887043,0.22669313848018646,0.22477847337722778,0.22625669836997986
2026-02-07 12:00:00+00:00,0.2263181209564209,0.2337149828672409,0.2263181209564209,0.2296791821718216
2026-02-07 16:00:00+00:00,0.22967121005058289,0.23684321343898773,0.22967121005058289,0.2337045669555664
2026-02-07 20:00:00+00:00,0.23382674157619476,0.2352542281150818,0.23246674239635468,0.23378519713878632
2026-02-08 00:00:00+00:00,0.23377543687820435,0.23377543687820435,0.2306840419769287,0.230688214302063
2026-02-08 04:00:00+00:00,0.23069699108600616,0.23088476061820984,0.2293858826160431,0.2306758314371109
2026-02-08 08:00:00+00:00,0.2304888516664505,0.23338696360588074,0.22915448248386383,0.23281873762607574
2026-02-08 12:00:00+00:00,0.23294687271118164,0.2341943085193634,0.23019979894161224,0.23045237362384796
2026-02-08 16:00:00+00:00,0.23044908046722412,0.23058491945266724,0.22449807822704315,0.23029212653636932
2026-02-08 20:00:00+00:00,0.23023396730422974,0.23240520060062408,0.2263127565383911,0.22790732979774475
2026-02-09 00:00:00+00:00,0.22792565822601318,0.23046141862869263,0.22601816058158875,0.23042820394039154
2026-02-09 04:00:00+00:00,0.2304365485906601,0.2304365485906601,0.22448977828025818,0.22547826170921326
2026-02-09 08:00:00+00:00,0.22548805177211761,0.22566549479961395,0.21810059249401093,0.21934598684310913
2026-02-09 12:00:00+00:00,0.21924811601638794,0.22480815649032593,0.2188042253255844,0.22448918223381042
2026-02-09 16:00:00+00:00,0.22446967661380768,0.22867834568023682,0.2227151244878769,0.22678758203983307
2026-02-09 20:00:00+00:00,0.22673659026622772,0.22750571370124817,0.2242857664823532,0.2262285351753235
2026-02-10 00:00:00+00:00,0.22615507245063782,0.22759413719177246,0.223195880651474,0.2240344136953354
2026-02-10 04:00:00+00:00,0.22409549355506897,0.22630004584789276,0.22044311463832855,0.22119645774364471
2026-02-10 08:00:00+00:00,0.22118081152439117,0.22244511544704437,0.21677379310131073,0.21677379310131073
2026-02-10 12:00:00+00:00,0.21692709624767303,0.21763625741004944,0.21477849781513214,0.21658943593502045
2026-02-10 16:00:00+00:00,0.21657563745975494,0.21657563745975494,0.21244817972183228,0.21539586782455444
2026-02-10 20:00:00+00:00,0.215402290225029,0.21688078343868256,0.21413882076740265,0.2166643887758255
2026-02-11 00:00:00+00:00,0.21666690707206726,0.21912209689617157,0.21582123637199402,0.2179671674966812
2026-02-11 04:00:00+00:00,0.21788577735424042,0.21788577735424042,0.20979656279087067,0.2102445662021637
2026-02-11 08:00:00+00:00,0.21023166179656982,0.21023166179656982,0.20712056756019592,0.20830349624156952
2026-02-11 12:00:00+00:00,0.2084721177816391,0.2183106690645218,0.20430460572242737,0.20492388308048248
2026-02-11 16:00:00+00:00,0.2049688845872879,0.20875060558319092,0.2042284905910492,0.20718595385551453
2026-02-11 20:00:00+00:00,0.20720404386520386,0.21123003959655762,0.20525212585926056,0.20735791325569153
2026-02-12 00:00:00+00:00,0.2075520157814026,0.2113979160785675,0.2075520157814026,0.21138982474803925
2026-02-12 04:00:00+00:00,0.21136683225631714,0.2128761261701584,0.20957878232002258,0.2118995636701584
2026-02-12 08:00:00+00:00,0.2119274139404297,0.21608848869800568,0.21019117534160614,0.21409395337104797
2026-02-12 12:00:00+00:00,0.21411249041557312,0.21564868092536926,0.2119024097919464,0.21305763721466064
2026-02-12 16:00:00+00:00,0.21306215226650238,0.21399912238121033,0.20687533915042877,0.21242986619472504
2026-02-12 20:00:00+00:00,0.21239519119262695,0.21615402400493622,0.21044416725635529,0.21581128239631653
2026-02-13 00:00:00+00:00,0.21578241884708405,0.21578241884708405,0.213202103972435,0.21495291590690613
2026-02-13 04:00:00+00:00,0.214985653758049,0.21525658667087555,0.21245211362838745,0.214723140001297
2026-02-13 08:00:00+00:00,0.21471357345581055,0.21687014400959015,0.21417680382728577,0.21452440321445465
2026-02-13 12:00:00+00:00,0.21452221274375916,0.21811725199222565,0.212474524974823,0.21484051644802094
2026-02-13 16:00:00+00:00,0.21481817960739136,0.2206551879644394,0.21481817960739136,0.22002598643302917
2026-02-13 20:00:00+00:00,0.22015845775604248,0.22330017387866974,0.22015845775604248,0.22105751931667328
2026-02-14 00:00:00+00:00,0.2210286259651184,0.22559067606925964,0.22101092338562012,0.2248413860797882
2026-02-14 04:00:00+00:00,0.22482141852378845,0.22498548030853271,0.22282907366752625,0.22471608221530914
2026-02-14 08:00:00+00:00,0.2247101217508316,0.23290030658245087,0.2247101217508316,0.2326698899269104
2026-02-14 12:00:00+00:00,0.2325776219367981,0.23791033029556274,0.2303200662136078,0.23791033029556274
2026-02-14 16:00:00+00:00,0.2379915863275528,0.2535189986228943,0.2379915863275528,0.2523796558380127
2026-02-14 20:00:00+00:00,0.25244560837745667,0.26230326294898987,0.2497532218694687,0.25545984506607056
2026-02-15 00:00:00+00:00,0.2553892731666565,0.2553892731666565,0.24210762977600098,0.24628512561321259
2026-02-15 04:00:00+00:00,0.24635587632656097,0.25052666664123535,0.24591466784477234,0.24814139306545258
2026-02-15 08:00:00+00:00,0.24815060198307037,0.24853956699371338,0.2401828169822693,0.2409643828868866
2026-02-15 12:00:00+00:00,0.2409665584564209,0.24107585847377777,0.2307453155517578,0.2342871129512787
2026-02-15 16:00:00+00:00,0.2341025173664093,0.23504483699798584,0.2264929562807083,0.22751834988594055
2026-02-15 20:00:00+00:00,0.2275359183549881,0.23159419000148773,0.22678899765014648,0.230610653758049
2026-02-16 00:00:00+00:00,0.23062513768672943,0.2324058711528778,0.23034659028053284,0.23143985867500305
2026-02-16 04:00:00+00:00,0.231361985206604,0.23576854169368744,0.231361985206604,0.23273234069347382
2026-02-16 08:00:00+00:00,0.232735738158226,0.23558339476585388,0.23061056435108185,0.23363451659679413
2026-02-16 12:00:00+00:00,0.23355813324451447,0.23738566040992737,0.2273676097393036,0.22853983938694
2026-02-16 16:00:00+00:00,0.22857747972011566,0.23414884507656097,0.2285432517528534,0.2334594577550888
2026-02-16 20:00:00+00:00,0.23337322473526,0.23718006908893585,0.23251338303089142,0.2361164540052414
2026-02-17 00:00:00+00:00,0.23610447347164154,0.2362062931060791,0.23353950679302216,0.23388232290744781
2026-02-17 04:00:00+00:00,0.2338055670261383,0.23383373022079468,0.23096174001693726,0.23354442417621613
2026-02-17 08:00:00+00:00,0.23336893320083618,0.23385107517242432,0.23092813789844513,0.23273338377475739
2026-02-17 12:00:00+00:00,0.23258234560489655,0.23608623445034027,0.22976665198802948,0.2325846403837204
2026-02-17 16:00:00+00:00,0.23267339169979095,0.23825477063655853,0.23115548491477966,0.23242786526679993
2026-02-17 20:00:00+00:00,0.2324761599302292,0.23254123330116272,0.23014096915721893,0.23026348650455475
2026-02-18 00:00:00+00:00,0.23024743795394897,0.23024743795394897,0.2279033660888672,0.22997348010540009
2026-02-18 04:00:00+00:00,0.22996778786182404,0.23327818512916565,0.22885024547576904,0.23316216468811035
2026-02-18 08:00:00+00:00,0.23313869535923004,0.23313869535923004,0.22951604425907135,0.2306494265794754
2026-02-18 12:00:00+00:00,0.23042109608650208,0.23200258612632751,0.22638875246047974,0.23052331805229187
2026-02-18 16:00:00+00:00,0.23047198355197906,0.23047198355197906,0.22104206681251526,0.22105863690376282
2026-02-18 20:00:00+00:00,0.22122658789157867,0.22217993438243866,0.2200411856174469,0.22154246270656586
2026-02-19 00:00:00+00:00,0.22160352766513824,0.22379079461097717,0.2212131917476654,0.2234681248664856
2026-02-19 04:00:00+00:00,0.2234824150800705,0.22412452101707458,0.22148579359054565,0.2222578376531601
2026-02-19 08:00:00+00:00,0.22228729724884033,0.222408726811409,0.21893613040447235,0.21971279382705688
2026-02-19 12:00:00+00:00,0.21971601247787476,0.21987207233905792,0.21572884917259216,0.21630746126174927
2026-02-19 16:00:00+00:00,0.216330885887146,0.2167574167251587,0.21427084505558014,0.21594926714897156
2026-02-19 20:00:00+00:00,0.21595259010791779,0.21679431200027466,0.21538765728473663,0.21652470529079437
2026-02-20 00:00:00+00:00,0.21652734279632568,0.21951021254062653,0.21644434332847595,0.21876581013202667
2026-02-20 04:00:00+00:00,0.21861499547958374,0.2186805158853531,0.21527443826198578,0.21838748455047607
2026-02-20 08:00:00+00:00,0.218384250998497,0.22169820964336395,0.21806856989860535,0.21853381395339966
2026-02-20 12:00:00+00:00,0.21855244040489197,0.22417587041854858,0.21323417127132416,0.2238750010728836
2026-02-20 16:00:00+00:00,0.22386020421981812,0.22668075561523438,0.21975065767765045,0.22405660152435303
2026-02-20 20:00:00+00:00,0.22406524419784546,0.22614319622516632,0.22386662662029266,0.2258751541376114
2026-02-21 00:00:00+00:00,0.22586525976657867,0.22625264525413513,0.22453497350215912,0.22471226751804352
2026-02-21 04:00:00+00:00,0.22474543750286102,0.22683975100517273,0.22462499141693115,0.22517170011997223
2026-02-21 08:00:00+00:00,0.22519952058792114,0.22873234748840332,0.2251194566488266,0.2264813780784607
2026-02-21 12:00:00+00:00,0.22647543251514435,0.22785310447216034,0.2253282517194748,0.22566606104373932
2026-02-21 16:00:00+00:00,0.22551915049552917,0.22551915049552917,0.22385574877262115,0.2240094691514969
2026-02-21 20:00:00+00:00,0.22400842607021332,0.22401243448257446,0.22140292823314667,0.22146500647068024
2026-02-22 00:00:00+00:00,0.2213047295808792,0.2213047295808792,0.2163517326116562,0.21752934157848358
2026-02-22 04:00:00+00:00,0.2175002098083496,0.21777866780757904,0.21607652306556702,0.2175905704498291
2026-02-22 08:00:00+00:00,0.2175874412059784,0.21862949430942535,0.2153785675764084,0.21658065915107727
2026-02-22 12:00:00+00:00,0.21659298241138458,0.21659298241138458,0.21091803908348083,0.2132241576910019
2026-02-22 16:00:00+00:00,0.2131936401128769,0.2131936401128769,0.21057723462581635,0.21064196527004242
2026-02-22 20:00:00+00:00,0.2106306254863739,0.2122873067855835,0.20975448191165924,0.21105962991714478
2026-02-23 00:00:00+00:00,0.21105772256851196,0.21148669719696045,0.19950611889362335,0.2017558217048645
2026-02-23 04:00:00+00:00,0.20175443589687347,0.2069261372089386,0.20107021927833557,0.2060476392507553
2026-02-23 08:00:00+00:00,0.2060459703207016,0.21050333976745605,0.2045435905456543,0.21009616553783417
2026-02-23 12:00:00+00:00,0.21019768714904785,0.21393556892871857,0.2038516402244568,0.2038516402244568
2026-02-23 16:00:00+00:00,0.20381349325180054,0.20437908172607422,0.1995718628168106,0.20065470039844513
2026-02-23 20:00:00+00:00,0.20058655738830566,0.20196029543876648,0.1999930739402771,0.200153648853302
2026-02-24 00:00:00+00:00,0.20014506578445435,0.2019307017326355,0.19810326397418976,0.19859935343265533
2026-02-24 04:00:00+00:00,0.19864928722381592,0.19943052530288696,0.19751159846782684,0.19850994646549225
2026-02-24 08:00:00+00:00,0.19852587580680847,0.19992004334926605,0.19751645624637604,0.19760240614414215
2026-02-24 12:00:00+00:00,0.19773229956626892,0.20033226907253265,0.19323569536209106,0.19938364624977112
2026-02-24 16:00:00+00:00,0.19936351478099823,0.20164021849632263,0.19729644060134888,0.1977713257074356
2026-02-24 20:00:00+00:00,0.19775895774364471,0.19801010191440582,0.19351615011692047,0.19463564455509186
2026-02-25 00:00:00+00:00,0.1946258395910263,0.20344194769859314,0.19452835619449615,0.19544345140457153
2026-02-25 04:00:00+00:00,0.19539126753807068,0.19615010917186737,0.1925874948501587,0.1958971917629242
2026-02-25 08:00:00+00:00,0.1959867626428604,0.20044469833374023,0.19564104080200195,0.20026734471321106
2026-02-25 12:00:00+00:00,0.20029443502426147,0.2140539437532425,0.20021913945674896,0.21318235993385315
2026-02-25 16:00:00+00:00,0.21335634589195251,0.2247118055820465,0.21296490728855133,0.22039945423603058
2026-02-25 20:00:00+00:00,0.22054071724414825,0.22706836462020874,0.21194152534008026,0.2141023427248001
2026-02-26 00:00:00+00:00,0.2141372114419937,0.21833926439285278,0.2141372114419937,0.21575987339019775
2026-02-26 04:00:00+00:00,0.21574264764785767,0.21689075231552124,0.2122395932674408,0.21259942650794983
2026-02-26 08:00:00+00:00,0.21259166300296783,0.2168523073196411,0.20975330471992493,0.2098943293094635
2026-02-26 12:00:00+00:00,0.2099084109067917,0.2146962434053421,0.209352508187294,0.21079662442207336
2026-02-26 16:00:00+00:00,0.21081942319869995,0.21090254187583923,0.203828364610672,0.21065539121627808
2026-02-26 20:00:00+00:00,0.21071134507656097,0.21134966611862183,0.2075040340423584,0.20909884572029114
2026-02-27 00:00:00+00:00,0.20910386741161346,0.21102206408977509,0.20741990208625793,0.21102206408977509
2026-02-27 04:00:00+00:00,0.21092505753040314,0.21497340500354767,0.21092505753040314,0.2138889580965042
2026-02-27 08:00:00+00:00,0.213857963681221,0.21467934548854828,0.2065366953611374,0.2069944590330124
2026-02-27 12:00:00+00:00,0.20696130394935608,0.20747022330760956,0.2049708366394043,0.20743238925933838
2026-02-27 16:00:00+00:00,0.20735880732536316,0.2089581936597824,0.20357267558574677,0.20409949123859406
2026-02-27 20:00:00+00:00,0.20409761369228363,0.20496980845928192,0.20136988162994385,0.20398768782615662
2026-02-28 00:00:00+00:00,0.2039783000946045,0.20427657663822174,0.20187847316265106,0.20232829451560974
2026-02-28 04:00:00+00:00,0.20232410728931427,0.20257841050624847,0.18826137483119965,0.19072642922401428
2026-02-28 08:00:00+00:00,0.19072632491588593,0.19072632491588593,0.18415500223636627,0.18416006863117218
2026-02-28 12:00:00+00:00,0.18405914306640625,0.19085799157619476,0.18373899161815643,0.18473069369792938
2026-02-28 16:00:00+00:00,0.1847350001335144,0.1909775286912918,0.18255257606506348,0.19038580358028412
2026-02-28 20:00:00+00:00,0.19033263623714447,0.1967555284500122,0.1885962039232254,0.19500832259655
2026-03-01 00:00:00+00:00,0.19500641524791718,0.20525005459785461,0.1914101243019104,0.19890096783638
2026-03-01 04:00:00+00:00,0.19892540574073792,0.1995595395565033,0.19618022441864014,0.19842250645160675
2026-03-01 08:00:00+00:00,0.19840915501117706,0.19854038953781128,0.19408592581748962,0.19569545984268188
2026-03-01 12:00:00+00:00,0.19571447372436523,0.19866302609443665,0.19246354699134827,0.19755110144615173
2026-03-01 16:00:00+00:00,0.1975046694278717,0.19793927669525146,0.18900974094867706,0.18924930691719055
2026-03-01 20:00:00+00:00,0.18925218284130096,0.19094932079315186,0.18548886477947235,0.1903654783964157
2026-03-02 00:00:00+00:00,0.19039052724838257,0.19636143743991852,0.19039052724838257,0.19479605555534363
2026-03-02 04:00:00+00:00,0.19476133584976196,0.19511421024799347,0.18809954822063446,0.18968917429447174
2026-03-02 08:00:00+00:00,0.18970021605491638,0.1927594393491745,0.18857742846012115,0.19223608076572418
2026-03-02 12:00:00+00:00,0.19224509596824646,0.2085123360157013,0.19093385338783264,0.20580901205539703
2026-03-02 16:00:00+00:00,0.20594674348831177,0.20942741632461548,0.20044748485088348,0.20329812169075012
2026-03-02 20:00:00+00:00,0.2033025175333023,0.20426587760448456,0.2003190964460373,0.20117613673210144
2026-03-03 00:00:00+00:00,0.20117367804050446,0.20132292807102203,0.19761627912521362,0.20118370652198792
2026-03-03 04:00:00+00:00,0.20116783678531647,0.20328421890735626,0.19833537936210632,0.20328421890735626
2026-03-03 08:00:00+00:00,0.20337516069412231,0.2040816992521286,0.1951913833618164,0.19593167304992676
2026-03-03 12:00:00+00:00,0.19621792435646057,0.19953688979148865,0.19485150277614594,0.1990148276090622
2026-03-03 16:00:00+00:00,0.19901183247566223,0.20571161806583405,0.19901183247566223,0.2034098207950592
2026-03-03 20:00:00+00:00,0.20342616736888885,0.20480790734291077,0.19976116716861725,0.20405061542987823
2026-03-04 00:00:00+00:00,0.20405390858650208,0.2048884928226471,0.2015146166086197,0.20235572755336761
2026-03-04 04:00:00+00:00,0.2025187611579895,0.20490317046642303,0.20161525905132294,0.20490317046642303
2026-03-04 08:00:00+00:00,0.20494763553142548,0.2131287157535553,0.20433983206748962,0.20613184571266174
2026-03-04 12:00:00+00:00,0.2061637043952942,0.21792756021022797,0.2051682323217392,0.21792756021022797
2026-03-04 16:00:00+00:00,0.21804115176200867,0.22208330035209656,0.21532174944877625,0.220363050699234
2026-03-04 20:00:00+00:00,0.22027668356895447,0.22027668356895447,0.2129659652709961,0.21456323564052582
2026-03-05 00:00:00+00:00,0.2145625799894333,0.2147846817970276,0.21139021217823029,0.21234087646007538
2026-03-05 04:00:00+00:00,0.21233968436717987,0.21547044813632965,0.21183881163597107,0.21344955265522003
2026-03-05 08:00:00+00:00,0.2135346531867981,0.22189323604106903,0.2135346531867981,0.21726985275745392
2026-03-05 12:00:00+00:00,0.2173403948545456,0.21866776049137115,0.2120828628540039,0.21233724057674408
2026-03-05 16:00:00+00:00,0.21217960119247437,0.21422220766544342,0.20756687223911285,0.21383337676525116
2026-03-05 20:00:00+00:00,0.21383900940418243,0.21737700700759888,0.21373462677001953,0.21441993117332458
2026-03-06 00:00:00+00:00,0.21443632245063782,0.2176891565322876,0.2141904979944229,0.21753066778182983
2026-03-06 04:00:00+00:00,0.21761469542980194,0.217933788895607,0.2141270786523819,0.21656006574630737
2026-03-06 08:00:00+00:00,0.21653559803962708,0.21653559803962708,0.19809842109680176,0.1984747052192688
2026-03-06 12:00:00+00:00,0.19847175478935242,0.20038534700870514,0.18770477175712585,0.18770477175712585
2026-03-06 16:00:00+00:00,0.18781279027462006,0.19043631851673126,0.18663914501667023,0.18911533057689667
2026-03-06 20:00:00+00:00,0.18910890817642212,0.19028998911380768,0.18871745467185974,0.18904796242713928
2026-03-07 00:00:00+00:00,0.1890437752008438,0.1890639364719391,0.1872182935476303,0.18742822110652924
2026-03-07 04:00:00+00:00,0.1874825358390808,0.18868015706539154,0.18639110028743744,0.18651925027370453
2026-03-07 08:00:00+00:00,0.18657711148262024,0.1865820437669754,0.18275703489780426,0.1829124391078949
2026-03-07 12:00:00+00:00,0.1824931800365448,0.1825164407491684,0.17829479277133942,0.17962747812271118
2026-03-07 16:00:00+00:00,0.17960505187511444,0.17992012202739716,0.17761370539665222,0.17951108515262604
2026-03-07 20:00:00+00:00,0.1795022040605545,0.17962267994880676,0.17642320692539215,0.1777217537164688
2026-03-08 00:00:00+00:00,0.17776958644390106,0.17776958644390106,0.1739368885755539,0.17537090182304382
2026-03-08 04:00:00+00:00,0.1753612607717514,0.17848508059978485,0.17397795617580414,0.17848508059978485
2026-03-08 08:00:00+00:00,0.17841936647891998,0.18129508197307587,0.17756932973861694,0.18035347759723663
2026-03-08 12:00:00+00:00,0.18034492433071136,0.18054047226905823,0.1764295995235443,0.17703793942928314
2026-03-08 16:00:00+00:00,0.17717595398426056,0.180256187915802,0.17614099383354187,0.17933154106140137
2026-03-08 20:00:00+00:00,0.17933915555477142,0.18056565523147583,0.17644815146923065,0.17745432257652283
2026-03-09 00:00:00+00:00,0.1774500012397766,0.18021993339061737,0.17679384350776672,0.17689216136932373
2026-03-09 04:00:00+00:00,0.1768963634967804,0.18105879426002502,0.17515501379966736,0.17727552354335785
2026-03-09 08:00:00+00:00,0.17727938294410706,0.17827235162258148,0.17463697493076324,0.17574918270111084
2026-03-09 12:00:00+00:00,0.17568284273147583,0.17874851822853088,0.17544327676296234,0.17582641541957855
2026-03-09 16:00:00+00:00,0.17581510543823242,0.18071617186069489,0.17438265681266785,0.17703087627887726
2026-03-09 20:00:00+00:00,0.17710624635219574,0.1783885508775711,0.1707397848367691,0.17081479728221893
2026-03-10 00:00:00+00:00,0.17085127532482147,0.1754184514284134,0.17085127532482147,0.17199963331222534
2026-03-10 04:00:00+00:00,0.1719951629638672,0.17282728850841522,0.16870585083961487,0.17053671181201935
2026-03-10 08:00:00+00:00,0.17057357728481293,0.17557908594608307,0.17014352977275848,0.17039696872234344
2026-03-10 12:00:00+00:00,0.17046672105789185,0.17233577370643616,0.16648109257221222,0.17024153470993042
2026-03-10 16:00:00+00:00,0.17026007175445557,0.17152881622314453,0.1658438891172409,0.16669631004333496
2026-03-10 20:00:00+00:00,0.16668878495693207,0.16770997643470764,0.1625615656375885,0.1639365255832672
2026-03-11 00:00:00+00:00,0.1639312505722046,0.16476915776729584,0.16225801408290863,0.1634574979543686
2026-03-11 04:00:00+00:00,0.16345857083797455,0.16504445672035217,0.16261163353919983,0.16373592615127563
2026-03-11 08:00:00+00:00,0.16374249756336212,0.16440752148628235,0.16299375891685486,0.16352716088294983
2026-03-11 12:00:00+00:00,0.16351859271526337,0.1719878762960434,0.16346700489521027,0.166513130068779
2026-03-11 16:00:00+00:00,0.16651414334774017,0.17109103500843048,0.16645468771457672,0.16945700347423553
2026-03-11 20:00:00+00:00,0.16947007179260254,0.16947007179260254,0.1658686399459839,0.16587351262569427
2026-03-12 00:00:00+00:00,0.16591446101665497,0.16650153696537018,0.1635545790195465,0.16358259320259094
2026-03-12 04:00:00+00:00,0.16357168555259705,0.16477838158607483,0.16347287595272064,0.164486363530159
2026-03-12 08:00:00+00:00,0.1644313782453537,0.16771630942821503,0.16429097950458527,0.1665288656949997
2026-03-12 12:00:00+00:00,0.16656041145324707,0.16736459732055664,0.1637270450592041,0.16559602320194244
2026-03-12 16:00:00+00:00,0.16559775173664093,0.16981613636016846,0.1646546721458435,0.169760063290596
2026-03-12 20:00:00+00:00,0.16967633366584778,0.17165379226207733,0.16805517673492432,0.1699601709842682
2026-03-13 00:00:00+00:00,0.16992081701755524,0.17301112413406372,0.169448122382164,0.17229251563549042
2026-03-13 04:00:00+00:00,0.17228493094444275,0.17234747111797333,0.1688208132982254,0.16888731718063354
2026-03-13 08:00:00+00:00,0.16870757937431335,0.17465685307979584,0.16809362173080444,0.17459985613822937
2026-03-13 12:00:00+00:00,0.17445093393325806,0.18128792941570282,0.1731388121843338,0.17333123087882996
2026-03-13 16:00:00+00:00,0.17356134951114655,0.1736203283071518,0.1683340072631836,0.16900648176670074
2026-03-13 20:00:00+00:00,0.1690073013305664,0.17046673595905304,0.16582071781158447,0.1678204983472824
2026-03-14 00:00:00+00:00,0.16783733665943146,0.16941706836223602,0.16692930459976196,0.16856077313423157
2026-03-14 04:00:00+00:00,0.16854283213615417,0.16900667548179626,0.16422170400619507,0.1645430028438568
2026-03-14 08:00:00+00:00,0.16453365981578827,0.16572821140289307,0.1642908751964569,0.16495881974697113
2026-03-14 12:00:00+00:00,0.1649615466594696,0.1667889505624771,0.16392597556114197,0.1667889505624771
2026-03-14 16:00:00+00:00,0.16652852296829224,0.16889216005802155,0.1647658497095108,0.1647658497095108
2026-03-14 20:00:00+00:00,0.16479440033435822,0.1667904406785965,0.1644834280014038,0.16659221053123474
2026-03-15 00:00:00+00:00,0.1665460169315338,0.1700132042169571,0.1661917120218277,0.16670526564121246
2026-03-15 04:00:00+00:00,0.16670846939086914,0.16746573150157928,0.16577649116516113,0.16644515097141266
2026-03-15 08:00:00+00:00,0.16644155979156494,0.16709783673286438,0.1656046360731125,0.16706424951553345
2026-03-15 12:00:00+00:00,0.16706053912639618,0.1675606369972229,0.16509532928466797,0.16626161336898804
2026-03-15 16:00:00+00:00,0.1662898063659668,0.1677010953426361,0.16580729186534882,0.166469007730484
2026-03-15 20:00:00+00:00,0.1664743423461914,0.17021091282367706,0.16627076268196106,0.16989663243293762
2026-03-16 00:00:00+00:00,0.16989266872406006,0.17427267134189606,0.16909125447273254,0.1730738878250122
2026-03-16 04:00:00+00:00,0.17323322594165802,0.18652372062206268,0.17323322594165802,0.18652372062206268
2026-03-16 08:00:00+00:00,0.18647819757461548,0.19254951179027557,0.18155404925346375,0.1829773485660553
2026-03-16 12:00:00+00:00,0.18279363214969635,0.19098927080631256,0.18217983841896057,0.18553410470485687
2026-03-16 16:00:00+00:00,0.18530921638011932,0.1907740831375122,0.18422332406044006,0.1893131136894226
2026-03-16 20:00:00+00:00,0.18939310312271118,0.19043613970279694,0.1870311200618744,0.18979212641716003
2026-03-17 00:00:00+00:00,0.18953938782215118,0.19079485535621643,0.187151238322258,0.18721340596675873
2026-03-17 04:00:00+00:00,0.1878146082162857,0.18835298717021942,0.18329288065433502,0.18835298717021942
2026-03-17 08:00:00+00:00,0.18834421038627625,0.18965193629264832,0.18610906600952148,0.18610906600952148
2026-03-17 12:00:00+00:00,0.18611259758472443,0.18832029402256012,0.18444983661174774,0.1865670531988144
2026-03-17 16:00:00+00:00,0.18650324642658234,0.18851321935653687,0.1846926063299179,0.1862897425889969
2026-03-17 20:00:00+00:00,0.18636080622673035,0.19041627645492554,0.18579304218292236,0.18894056975841522
2026-03-18 00:00:00+00:00,0.18895798921585083,0.19359245896339417,0.18659646809101105,0.18998774886131287
2026-03-18 04:00:00+00:00,0.19027604162693024,0.19111672043800354,0.187473863363266,0.18879951536655426
2026-03-18 08:00:00+00:00,0.1893363893032074,0.1895255148410797,0.18106421828269958,0.18114455044269562
2026-03-18 12:00:00+00:00,0.18135814368724823,0.18137118220329285,0.17528750002384186,0.17655374109745026
2026-03-18 16:00:00+00:00,0.1762799769639969,0.17927518486976624,0.1740470677614212,0.17689305543899536
2026-03-18 20:00:00+00:00,0.17688527703285217,0.18254752457141876,0.17564168572425842,0.18047910928726196
2026-03-19 00:00:00+00:00,0.18062826991081238,0.18150295317173004,0.1781427264213562,0.17950409650802612
2026-03-19 04:00:00+00:00,0.17949819564819336,0.17980466783046722,0.17517238855361938,0.1764812171459198
2026-03-19 08:00:00+00:00,0.17638354003429413,0.1774654984474182,0.17475444078445435,0.17479650676250458
2026-03-19 12:00:00+00:00,0.17479996383190155,0.17498834431171417,0.1705152541399002,0.17179006338119507
2026-03-19 16:00:00+00:00,0.1718463897705078,0.17467981576919556,0.17095644772052765,0.17185892164707184
2026-03-19 20:00:00+00:00,0.17198024690151215,0.17349950969219208,0.1716446578502655,0.17293335497379303
2026-03-20 00:00:00+00:00,0.17290867865085602,0.1757352352142334,0.17234115302562714,0.17503531277179718
2026-03-20 04:00:00+00:00,0.174847811460495,0.17829135060310364,0.17463256418704987,0.17494595050811768
2026-03-20 08:00:00+00:00,0.1753363460302353,0.17882001399993896,0.17532476782798767,0.1776799112558365
2026-03-20 12:00:00+00:00,0.17768825590610504,0.18057109415531158,0.1764497607946396,0.18048669397830963
2026-03-20 16:00:00+00:00,0.18059925734996796,0.18106499314308167,0.17584337294101715,0.17709925770759583
2026-03-20 20:00:00+00:00,0.17711645364761353,0.1802978366613388,0.17592208087444305,0.1784626692533493
2026-03-21 00:00:00+00:00,0.1785009354352951,0.1798495501279831,0.178095743060112,0.17941103875637054
2026-03-21 04:00:00+00:00,0.17941297590732574,0.18044999241828918,0.17863774299621582,0.17915096879005432
2026-03-21 08:00:00+00:00,0.1791222095489502,0.18071486055850983,0.17909203469753265,0.1796898990869522
2026-03-21 12:00:00+00:00,0.17968864738941193,0.18163011968135834,0.17862339317798615,0.18163011968135834
2026-03-21 16:00:00+00:00,0.18213579058647156,0.18257685005664825,0.1794193685054779,0.1798117309808731
2026-03-21 20:00:00+00:00,0.17980924248695374,0.18264691531658173,0.17340180277824402,0.17364035546779633
2026-03-22 00:00:00+00:00,0.17390359938144684,0.17780707776546478,0.17189982533454895,0.17563606798648834
2026-03-22 04:00:00+00:00,0.17562921345233917,0.17596930265426636,0.17233394086360931,0.17238886654376984
2026-03-22 08:00:00+00:00,0.172392338514328,0.17388901114463806,0.1711282879114151,0.17285387217998505
2026-03-22 12:00:00+00:00,0.17283599078655243,0.17589348554611206,0.1725161373615265,0.17457276582717896
2026-03-22 16:00:00+00:00,0.17475484311580658,0.17536461353302002,0.17083704471588135,0.17128899693489075
2026-03-22 20:00:00+00:00,0.17170222103595734,0.1732645481824875,0.1678716391324997,0.17173244059085846
2026-03-23 00:00:00+00:00,0.1721324771642685,0.1761980652809143,0.17160873115062714,0.1758764684200287
2026-03-23 04:00:00+00:00,0.17585283517837524,0.17828397452831268,0.17380274832248688,0.1741652637720108
2026-03-23 08:00:00+00:00,0.17422562837600708,0.18026189506053925,0.17109428346157074,0.17585232853889465
2026-03-23 12:00:00+00:00,0.17594310641288757,0.18554283678531647,0.17594310641288757,0.18446072936058044
2026-03-23 16:00:00+00:00,0.18436086177825928,0.193476602435112,0.18323799967765808,0.1895902454853058
2026-03-23 20:00:00+00:00,0.1892964094877243,0.19052115082740784,0.1840219795703888,0.18653272092342377
2026-03-24 00:00:00+00:00,0.18646444380283356,0.18711169064044952,0.18451394140720367,0.18710857629776
2026-03-24 04:00:00+00:00,0.1870952546596527,0.18924252688884735,0.18611592054367065,0.18924252688884735
2026-03-24 08:00:00+00:00,0.1891663819551468,0.1910722851753235,0.18683753907680511,0.18684972822666168
2026-03-24 12:00:00+00:00,0.1868441253900528,0.1899852156639099,0.18589070439338684,0.18823528289794922
2026-03-24 16:00:00+00:00,0.1882183849811554,0.1908867508172989,0.18648460507392883,0.19056808948516846
2026-03-24 20:00:00+00:00,0.19044305384159088,0.1955585777759552,0.19025753438472748,0.1920422911643982
2026-03-25 00:00:00+00:00,0.1920274943113327,0.19340966641902924,0.19010412693023682,0.19162482023239136
2026-03-25 04:00:00+00:00,0.19161641597747803,0.1989477276802063,0.19110767543315887,0.19720955193042755
2026-03-25 08:00:00+00:00,0.1971990317106247,0.19837787747383118,0.19565393030643463,0.1971387416124344
2026-03-25 12:00:00+00:00,0.19710512459278107,0.20132704079151154,0.19453294575214386,0.19522929191589355
2026-03-25 16:00:00+00:00,0.1952110081911087,0.19687049090862274,0.1926094889640808,0.1926094889640808
2026-03-25 20:00:00+00:00,0.19267414510250092,0.19271382689476013,0.18952883780002594,0.1899675577878952
2026-03-26 00:00:00+00:00,0.18995089828968048,0.19083626568317413,0.1887606382369995,0.189914733171463
2026-03-26 04:00:00+00:00,0.18991094827651978,0.19014176726341248,0.18806008994579315,0.18875540792942047
2026-03-26 08:00:00+00:00,0.1887458711862564,0.18950757384300232,0.18587110936641693,0.18624474108219147
2026-03-26 12:00:00+00:00,0.1861170381307602,0.1887180358171463,0.18537850677967072,0.1871352195739746
2026-03-26 16:00:00+00:00,0.1871601641178131,0.1879950910806656,0.18425703048706055,0.18467265367507935
2026-03-26 20:00:00+00:00,0.18460579216480255,0.1891823261976242,0.18430310487747192,0.18691043555736542
2026-03-27 00:00:00+00:00,0.18689781427383423,0.18896964192390442,0.18643353879451752,0.18643738329410553
2026-03-27 04:00:00+00:00,0.18638212978839874,0.18638212978839874,0.1826373040676117,0.1844235509634018
2026-03-27 08:00:00+00:00,0.18447402119636536,0.18452249467372894,0.17539279162883759,0.17649957537651062
2026-03-27 12:00:00+00:00,0.17652785778045654,0.17659497261047363,0.17329303920269012,0.17329303920269012
2026-03-27 16:00:00+00:00,0.17328456044197083,0.17366692423820496,0.17070721089839935,0.1713433414697647
2026-03-27 20:00:00+00:00,0.17133988440036774,0.17906585335731506,0.16979765892028809,0.17029869556427002
2026-03-28 00:00:00+00:00,0.1703094094991684,0.17375831305980682,0.1703094094991684,0.17140574753284454
2026-03-28 04:00:00+00:00,0.1714014858007431,0.1736079305410385,0.17030099034309387,0.1736079305410385
2026-03-28 08:00:00+00:00,0.17374923825263977,0.17655935883522034,0.17374923825263977,0.1757865995168686
2026-03-28 12:00:00+00:00,0.17578794062137604,0.18206684291362762,0.1753334254026413,0.17957597970962524
2026-03-28 16:00:00+00:00,0.17951475083827972,0.17951475083827972,0.17799459397792816,0.17844432592391968
2026-03-28 20:00:00+00:00,0.1784941554069519,0.17939206957817078,0.17547990381717682,0.17549225687980652
2026-03-29 00:00:00+00:00,0.17549169063568115,0.1755482256412506,0.17376619577407837,0.17520341277122498
2026-03-29 04:00:00+00:00,0.17517340183258057,0.17555087804794312,0.1746254861354828,0.17521405220031738
2026-03-29 08:00:00+00:00,0.1751748025417328,0.1751748025417328,0.17387598752975464,0.17434163391590118
2026-03-29 12:00:00+00:00,0.17428968846797943,0.17428968846797943,0.1712585687637329,0.17248758673667908
2026-03-29 16:00:00+00:00,0.17237968742847443,0.17273972928524017,0.17134344577789307,0.17157891392707825
2026-03-29 20:00:00+00:00,0.17156066000461578,0.17385143041610718,0.1688494086265564,0.17104773223400116
2026-03-30 00:00:00+00:00,0.1710337996482849,0.17634053528308868,0.1710337996482849,0.17624174058437347
2026-03-30 04:00:00+00:00,0.17622965574264526,0.17947067320346832,0.17622965574264526,0.17945942282676697
2026-03-30 08:00:00+00:00,0.17944909632205963,0.1797952950000763,0.17678052186965942,0.17869676649570465
2026-03-30 12:00:00+00:00,0.1786920726299286,0.1793527603149414,0.1774471551179886,0.17883726954460144
2026-03-30 16:00:00+00:00,0.1788291186094284,0.17901961505413055,0.17552216351032257,0.17636223137378693
2026-03-30 20:00:00+00:00,0.1764025241136551,0.17909011244773865,0.1758093535900116,0.1764339804649353
2026-03-31 00:00:00+00:00,0.17648224532604218,0.18035897612571716,0.17607952654361725,0.1785186529159546
2026-03-31 04:00:00+00:00,0.178479865193367,0.17848725616931915,0.17668740451335907,0.1776193231344223
2026-03-31 08:00:00+00:00,0.1776144802570343,0.178292915225029,0.17369569838047028,0.1762532889842987
2026-03-31 12:00:00+00:00,0.17630596458911896,0.18033269047737122,0.17604929208755493,0.17630113661289215
2026-03-31 16:00:00+00:00,0.1762714982032776,0.18050365149974823,0.17587271332740784,0.1793537586927414
2026-03-31 20:00:00+00:00,0.17942458391189575,0.18068785965442657,0.17732016742229462,0.17825345695018768
2026-04-01 00:00:00+00:00,0.17871564626693726,0.18054284155368805,0.1775600165128708,0.1804412603378296
2026-04-01 04:00:00+00:00,0.1804455667734146,0.18369632959365845,0.17992617189884186,0.18340568244457245
2026-04-01 08:00:00+00:00,0.18339703977108002,0.18428091704845428,0.18207162618637085,0.18384452164173126
2026-04-01 12:00:00+00:00,0.1837894171476364,0.18610957264900208,0.18342620134353638,0.1850476861000061
2026-04-01 16:00:00+00:00,0.18532082438468933,0.1874566525220871,0.18353822827339172,0.1851194053888321
2026-04-01 20:00:00+00:00,0.18510377407073975,0.18510377407073975,0.18108110129833221,0.18108110129833221
2026-04-02 00:00:00+00:00,0.18113906681537628,0.18257372081279755,0.17512044310569763,0.17541588842868805
2026-04-02 04:00:00+00:00,0.17537596821784973,0.1788700968027115,0.17505989968776703,0.17820660769939423
2026-04-02 08:00:00+00:00,0.17820297181606293,0.17840926349163055,0.17596544325351715,0.17596544325351715
2026-04-02 12:00:00+00:00,0.17593058943748474,0.17953908443450928,0.17448846995830536,0.17748622596263885
2026-04-02 16:00:00+00:00,0.17748120427131653,0.17858658730983734,0.17619775235652924,0.17736583948135376
2026-04-02 20:00:00+00:00,0.17737817764282227,0.18027275800704956,0.1772453933954239,0.17920179665088654
2026-04-03 00:00:00+00:00,0.17920979857444763,0.1814696043729782,0.17793695628643036,0.18138405680656433
2026-04-03 04:00:00+00:00,0.18134313821792603,0.18463312089443207,0.18134313821792603,0.18319210410118103
2026-04-03 08:00:00+00:00,0.18306368589401245,0.18437282741069794,0.18212279677391052,0.18254418671131134
2026-04-03 12:00:00+00:00,0.18245193362236023,0.1827525645494461,0.1801304668188095,0.18112154304981232
2026-04-03 16:00:00+00:00,0.1811196208000183,0.18270182609558105,0.18079546093940735,0.18207553029060364
2026-04-03 20:00:00+00:00,0.18208853900432587,0.18309050798416138,0.1811082810163498,0.1815948337316513
2026-04-04 00:00:00+00:00,0.18163877725601196,0.1817699670791626,0.1782059520483017,0.1785241663455963
2026-04-04 04:00:00+00:00,0.1786307990550995,0.1804496794939041,0.17855803668498993,0.180444598197937
2026-04-04 08:00:00+00:00,0.18044330179691315,0.18054307997226715,0.17825961112976074,0.17910146713256836
2026-04-04 12:00:00+00:00,0.17910349369049072,0.18082892894744873,0.17762251198291779,0.17978520691394806
2026-04-04 16:00:00+00:00,0.17980538308620453,0.18365010619163513,0.17930898070335388,0.1823960542678833
2026-04-04 20:00:00+00:00,0.1824083775281906,0.18240849673748016,0.18102625012397766,0.18155454099178314
2026-04-05 00:00:00+00:00,0.18155606091022491,0.18170668184757233,0.1797989010810852,0.180353581905365
2026-04-05 04:00:00+00:00,0.18026141822338104,0.18073201179504395,0.17704413831233978,0.17708568274974823
2026-04-05 08:00:00+00:00,0.17707669734954834,0.177666574716568,0.17619453370571136,0.17664942145347595
2026-04-05 12:00:00+00:00,0.17672058939933777,0.17749765515327454,0.1743537187576294,0.17668375372886658
2026-04-05 16:00:00+00:00,0.17649182677268982,0.17649182677268982,0.17503896355628967,0.17518465220928192
2026-04-05 20:00:00+00:00,0.17521822452545166,0.18164855241775513,0.17443107068538666,0.18164855241775513
2026-04-06 00:00:00+00:00,0.18166518211364746,0.18596865236759186,0.18166518211364746,0.18426355719566345
2026-04-06 04:00:00+00:00,0.18485981225967407,0.18639014661312103,0.1840709149837494,0.18507720530033112
2026-04-06 08:00:00+00:00,0.1850779801607132,0.1901356279850006,0.18503163754940033,0.18951663374900818
2026-04-06 12:00:00+00:00,0.1898321658372879,0.19054709374904633,0.18643778562545776,0.186604306101799
2026-04-06 16:00:00+00:00,0.18660150468349457,0.18722976744174957,0.18520325422286987,0.18536867201328278
2026-04-06 20:00:00+00:00,0.1855030506849289,0.18618273735046387,0.17796066403388977,0.17861925065517426
2026-04-07 00:00:00+00:00,0.1782943159341812,0.1796884834766388,0.17775431275367737,0.17961205542087555
2026-04-07 04:00:00+00:00,0.1798495501279831,0.18084096908569336,0.1785963624715805,0.17949223518371582
2026-04-07 08:00:00+00:00,0.17949903011322021,0.18157309293746948,0.17788051068782806,0.17788051068782806
2026-04-07 12:00:00+00:00,0.17795400321483612,0.18001887202262878,0.17667175829410553,0.17915698885917664
2026-04-07 16:00:00+00:00,0.17916196584701538,0.18617793917655945,0.17914363741874695,0.18617793917655945
2026-04-07 20:00:00+00:00,0.1864544153213501,0.20178869366645813,0.1852421760559082,0.1995367556810379
2026-04-08 00:00:00+00:00,0.19951693713665009,0.19957664608955383,0.19547274708747864,0.19831246137619019
2026-04-08 04:00:00+00:00,0.19829583168029785,0.20132476091384888,0.19829583168029785,0.2003171294927597
2026-04-08 08:00:00+00:00,0.20045121014118195,0.2010098248720169,0.19684246182441711,0.19743826985359192
2026-04-08 12:00:00+00:00,0.19747009873390198,0.19779151678085327,0.19213137030601501,0.19353532791137695
2026-04-08 16:00:00+00:00,0.19358238577842712,0.1963071972131729,0.19246260821819305,0.19327853620052338
2026-04-08 20:00:00+00:00,0.19353102147579193,0.19771185517311096,0.19308456778526306,0.19404126703739166
2026-04-09 00:00:00+00:00,0.1940428763628006,0.19436725974082947,0.19151149690151215,0.19160756468772888
2026-04-09 04:00:00+00:00,0.19161103665828705,0.1923215240240097,0.18939094245433807,0.19089354574680328
2026-04-09 08:00:00+00:00,0.19086618721485138,0.19177553057670593,0.1891724169254303,0.19061268866062164
2026-04-09 12:00:00+00:00,0.19053307175636292,0.19712825119495392,0.19053307175636292,0.19702543318271637
2026-04-09 16:00:00+00:00,0.19708214700222015,0.19968585669994354,0.19686003029346466,0.19939829409122467
2026-04-09 20:00:00+00:00,0.19943790137767792,0.20482246577739716,0.1986033320426941,0.1986033320426941
2026-04-10 00:00:00+00:00,0.19856606423854828,0.2006387710571289,0.19797974824905396,0.1994394212961197
2026-04-10 04:00:00+00:00,0.19923342764377594,0.20152880251407623,0.19742362201213837,0.19742362201213837
2026-04-10 08:00:00+00:00,0.19698767364025116,0.19698767364025116,0.19477041065692902,0.19536453485488892
2026-04-10 12:00:00+00:00,0.19536031782627106,0.19963212311267853,0.19535578787326813,0.19834579527378082
2026-04-10 16:00:00+00:00,0.19833067059516907,0.2009405642747879,0.1969311684370041,0.2009405642747879
2026-04-10 20:00:00+00:00,0.20135155320167542,0.20135155320167542,0.19818086922168732,0.1982107162475586
2026-04-11 00:00:00+00:00,0.1982264369726181,0.1982845962047577,0.19493328034877777,0.1954166442155838
2026-04-11 04:00:00+00:00,0.19541938602924347,0.1955074667930603,0.19282793998718262,0.19393324851989746
2026-04-11 08:00:00+00:00,0.19393351674079895,0.1960541009902954,0.19377869367599487,0.19433270394802094
2026-04-11 12:00:00+00:00,0.19447459280490875,0.1957053393125534,0.1924562156200409,0.1956508904695511
2026-04-11 16:00:00+00:00,0.19578923285007477,0.20254084467887878,0.1954786628484726,0.20254084467887878
2026-04-11 20:00:00+00:00,0.20318695902824402,0.20413412153720856,0.19790434837341309,0.19875377416610718
2026-04-12 00:00:00+00:00,0.19875769317150116,0.19879035651683807,0.18980911374092102,0.19078317284584045
2026-04-12 04:00:00+00:00,0.1905246078968048,0.19153323769569397,0.1900039166212082,0.19038806855678558
2026-04-12 08:00:00+00:00,0.19017723202705383,0.19056962430477142,0.18923602998256683,0.1897394359111786
2026-04-12 12:00:00+00:00,0.18973949551582336,0.19104227423667908,0.18761883676052094,0.18795844912528992
2026-04-12 16:00:00+00:00,0.18795575201511383,0.19164852797985077,0.18766209483146667,0.1904565989971161
2026-04-12 20:00:00+00:00,0.19039347767829895,0.19177953898906708,0.18728086352348328,0.18745756149291992
2026-04-13 00:00:00+00:00,0.1874585598707199,0.18982934951782227,0.18731528520584106,0.1889273077249527
2026-04-13 04:00:00+00:00,0.1888125091791153,0.1896437555551529,0.1875675618648529,0.18764621019363403
2026-04-13 08:00:00+00:00,0.1875154823064804,0.18867407739162445,0.18712984025478363,0.18796102702617645
2026-04-13 12:00:00+00:00,0.18792900443077087,0.19035479426383972,0.18638697266578674,0.18649344146251678
2026-04-13 16:00:00+00:00,0.18654142320156097,0.19169484078884125,0.186080664396286,0.19168972969055176
2026-04-13 20:00:00+00:00,0.1916731297969818,0.20200000703334808,0.18799999356269836,0.20200000703334808
2026-04-14 00:00:00+00:00,0.20100000500679016,0.2029999941587448,0.1979999989271164,0.19900000095367432
2026-04-14 04:00:00+00:00,0.19900000095367432,0.20000000298023224,0.1940000057220459,0.1940000057220459
2026-04-14 08:00:00+00:00,0.1940000057220459,0.19900000095367432,0.1940000057220459,0.19699999690055847
2026-04-14 12:00:00+00:00,0.19699999690055847,0.20100000500679016,0.1940000057220459,0.1940000057220459
2026-04-14 16:00:00+00:00,0.1940000057220459,0.19599999487400055,0.19099999964237213,0.19099999964237213
2026-04-14 20:00:00+00:00,0.19300000369548798,0.1940000057220459,0.19099999964237213,0.19300000369548798
2026-04-15 00:00:00+00:00,0.19499999284744263,0.19699999690055847,0.1940000057220459,0.19499999284744263
2026-04-15 04:00:00+00:00,0.19499999284744263,0.19499999284744263,0.19099999964237213,0.19099999964237213
2026-04-15 08:00:00+00:00,0.19099999964237213,0.19499999284744263,0.19099999964237213,0.19499999284744263
2026-04-15 12:00:00+00:00,0.1940000057220459,0.19900000095367432,0.1940000057220459,0.19599999487400055
2026-04-15 16:00:00+00:00,0.19599999487400055,0.2029999941587448,0.19599999487400055,0.20100000500679016
2026-04-15 20:00:00+00:00,0.20000000298023224,0.20200000703334808,0.1979999989271164,0.20000000298023224
2026-04-16 00:00:00+00:00,0.20000000298023224,0.20900000631809235,0.19900000095367432,0.20800000429153442
2026-04-16 04:00:00+00:00,0.20800000429153442,0.21299999952316284,0.2070000022649765,0.21199999749660492
2026-04-16 08:00:00+00:00,0.21199999749660492,0.21199999749660492,0.20600000023841858,0.20900000631809235
2026-04-16 12:00:00+00:00,0.20999999344348907,0.21899999678134918,0.20800000429153442,0.21799999475479126
2026-04-16 16:00:00+00:00,0.21799999475479126,0.22699999809265137,0.20999999344348907,0.22499999403953552
2026-04-16 20:00:00+00:00,0.22499999403953552,0.22599999606609344,0.2160000056028366,0.21899999678134918
2026-04-17 00:00:00+00:00,0.21699999272823334,0.22100000083446503,0.21400000154972076,0.2160000056028366
2026-04-17 04:00:00+00:00,0.2160000056028366,0.2160000056028366,0.210999995470047,0.21400000154972076
2026-04-17 08:00:00+00:00,0.21299999952316284,0.2160000056028366,0.21199999749660492,0.2150000035762787
2026-04-17 12:00:00+00:00,0.21400000154972076,0.22499999403953552,0.21299999952316284,0.21899999678134918
2026-04-17 16:00:00+00:00,0.22200000286102295,0.2240000069141388,0.21799999475479126,0.2199999988079071
2026-04-17 20:00:00+00:00,0.2199999988079071,0.2199999988079071,0.21400000154972076,0.2150000035762787
2026-04-18 00:00:00+00:00,0.2150000035762787,0.2160000056028366,0.21400000154972076,0.2150000035762787
2026-04-18 04:00:00+00:00,0.2150000035762787,0.2160000056028366,0.21299999952316284,0.2150000035762787
2026-04-18 08:00:00+00:00,0.2150000035762787,0.2150000035762787,0.20600000023841858,0.2070000022649765
2026-04-18 12:00:00+00:00,0.20800000429153442,0.20800000429153442,0.20499999821186066,0.2070000022649765
2026-04-18 16:00:00+00:00,0.2070000022649765,0.20800000429153442,0.20200000703334808,0.2029999941587448
2026-04-18 20:00:00+00:00,0.20200000703334808,0.20499999821186066,0.20200000703334808,0.20200000703334808
2026-04-19 00:00:00+00:00,0.20200000703334808,0.20200000703334808,0.19900000095367432,0.20100000500679016
2026-04-19 04:00:00+00:00,0.20200000703334808,0.2029999941587448,0.20000000298023224,0.20100000500679016
2026-04-19 08:00:00+00:00,0.20000000298023224,0.20200000703334808,0.20000000298023224,0.20200000703334808
2026-04-19 12:00:00+00:00,0.20200000703334808,0.2070000022649765,0.20000000298023224,0.20399999618530273
2026-04-19 16:00:00+00:00,0.20499999821186066,0.20499999821186066,0.1979999989271164,0.20000000298023224
2026-04-19 20:00:00+00:00,0.20000000298023224,0.20000000298023224,0.19300000369548798,0.19499999284744263
2026-04-20 00:00:00+00:00,0.19499999284744263,0.19900000095367432,0.19499999284744263,0.19900000095367432
2026-04-20 04:00:00+00:00,0.1979999989271164,0.20100000500679016,0.19699999690055847,0.19900000095367432
2026-04-20 08:00:00+00:00,0.20000000298023224,0.20000000298023224,0.1979999989271164,0.20000000298023224
2026-04-20 12:00:00+00:00,0.19900000095367432,0.20000000298023224,0.19699999690055847,0.19900000095367432
2026-04-20 16:00:00+00:00,0.19900000095367432,0.20399999618530273,0.19900000095367432,0.20200000703334808
2026-04-20 20:00:00+00:00,0.20200000703334808,0.20399999618530273,0.19900000095367432,0.19900000095367432
2026-04-21 00:00:00+00:00,0.19900000095367432,0.20200000703334808,0.1979999989271164,0.1979999989271164
2026-04-21 04:00:00+00:00,0.1979999989271164,0.20100000500679016,0.1979999989271164,0.20000000298023224
2026-04-21 08:00:00+00:00,0.20000000298023224,0.20200000703334808,0.20000000298023224,0.20100000500679016
2026-04-21 12:00:00+00:00,0.20100000500679016,0.20100000500679016,0.1979999989271164,0.19900000095367432
2026-04-21 16:00:00+00:00,0.19900000095367432,0.20000000298023224,0.19200000166893005,0.19200000166893005
2026-04-21 20:00:00+00:00,0.19200000166893005,0.19699999690055847,0.19200000166893005,0.19699999690055847
2026-04-22 00:00:00+00:00,0.19699999690055847,0.20200000703334808,0.19599999487400055,0.20100000500679016
2026-04-22 04:00:00+00:00,0.20100000500679016,0.20499999821186066,0.20000000298023224,0.20200000703334808
2026-04-22 08:00:00+00:00,0.20200000703334808,0.2029999941587448,0.19900000095367432,0.20100000500679016
2026-04-22 12:00:00+00:00,0.20100000500679016,0.20100000500679016,0.19900000095367432,0.20000000298023224
2026-04-22 16:00:00+00:00,0.20000000298023224,0.20100000500679016,0.19599999487400055,0.19699999690055847
2026-04-22 20:00:00+00:00,0.19699999690055847,0.19699999690055847,0.1899999976158142,0.1899999976158142
2026-04-23 00:00:00+00:00,0.1899999976158142,0.1899999976158142,0.18000000715255737,0.18000000715255737
2026-04-23 04:00:00+00:00,0.18000000715255737,0.18400000035762787,0.18000000715255737,0.18000000715255737
2026-04-23 08:00:00+00:00,0.18000000715255737,0.1809999942779541,0.17800000309944153,0.18000000715255737
2026-04-23 12:00:00+00:00,0.18000000715255737,0.18199999630451202,0.17900000512599945,0.18199999630451202
2026-04-23 16:00:00+00:00,0.18199999630451202,0.18299999833106995,0.17599999904632568,0.17900000512599945
2026-04-23 20:00:00+00:00,0.17900000512599945,0.1809999942779541,0.17800000309944153,0.17900000512599945
2026-04-24 00:00:00+00:00,0.17900000512599945,0.18199999630451202,0.17800000309944153,0.17900000512599945
2026-04-24 04:00:00+00:00,0.17900000512599945,0.1809999942779541,0.17800000309944153,0.17900000512599945
2026-04-24 08:00:00+00:00,0.17900000512599945,0.18199999630451202,0.17900000512599945,0.18199999630451202
2026-04-24 12:00:00+00:00,0.18199999630451202,0.18299999833106995,0.17900000512599945,0.18199999630451202
2026-04-24 16:00:00+00:00,0.18199999630451202,0.18199999630451202,0.17900000512599945,0.1809999942779541
2026-04-24 20:00:00+00:00,0.1809999942779541,0.1809999942779541,0.17800000309944153,0.17900000512599945
2026-04-25 00:00:00+00:00,0.17900000512599945,0.18000000715255737,0.17800000309944153,0.18000000715255737
2026-04-25 04:00:00+00:00,0.18000000715255737,0.18000000715255737,0.17800000309944153,0.17900000512599945
2026-04-25 08:00:00+00:00,0.17900000512599945,0.1809999942779541,0.17800000309944153,0.17900000512599945
2026-04-25 12:00:00+00:00,0.17900000512599945,0.17900000512599945,0.1770000010728836,0.1770000010728836
2026-04-25 16:00:00+00:00,0.17800000309944153,0.17800000309944153,0.17599999904632568,0.17800000309944153
2026-04-25 20:00:00+00:00,0.17800000309944153,0.17900000512599945,0.17599999904632568,0.17800000309944153
2026-04-26 00:00:00+00:00,0.17800000309944153,0.17900000512599945,0.17800000309944153,0.17900000512599945
2026-04-26 04:00:00+00:00,0.17900000512599945,0.18000000715255737,0.17900000512599945,0.17900000512599945
2026-04-26 08:00:00+00:00,0.17900000512599945,0.1809999942779541,0.17900000512599945,0.18000000715255737
2026-04-26 12:00:00+00:00,0.18000000715255737,0.1809999942779541,0.17800000309944153,0.17800000309944153
2026-04-26 16:00:00+00:00,0.17800000309944153,0.18000000715255737,0.1770000010728836,0.17900000512599945
2026-04-26 20:00:00+00:00,0.17900000512599945,0.17900000512599945,0.1770000010728836,0.17900000512599945
2026-04-27 00:00:00+00:00,0.17900000512599945,0.18299999833106995,0.17800000309944153,0.18199999630451202
2026-04-27 04:00:00+00:00,0.18199999630451202,0.18199999630451202,0.17499999701976776,0.17599999904632568
2026-04-27 08:00:00+00:00,0.17599999904632568,0.1770000010728836,0.17499999701976776,0.1770000010728836
2026-04-27 12:00:00+00:00,0.1770000010728836,0.17800000309944153,0.1720000058412552,0.17499999701976776
2026-04-27 16:00:00+00:00,0.17499999701976776,0.1770000010728836,0.17399999499320984,0.17399999499320984
2026-04-27 20:00:00+00:00,0.17499999701976776,0.17800000309944153,0.17499999701976776,0.17800000309944153
2026-04-28 00:00:00+00:00,0.17800000309944153,0.17900000512599945,0.1770000010728836,0.17800000309944153
2026-04-28 04:00:00+00:00,0.17800000309944153,0.18000000715255737,0.17599999904632568,0.1770000010728836
2026-04-28 08:00:00+00:00,0.1770000010728836,0.17800000309944153,0.17499999701976776,0.1770000010728836
2026-04-28 12:00:00+00:00,0.1770000010728836,0.17900000512599945,0.17599999904632568,0.17800000309944153
2026-04-28 16:00:00+00:00,0.17800000309944153,0.18000000715255737,0.1770000010728836,0.17900000512599945
2026-04-28 20:00:00+00:00,0.17900000512599945,0.18000000715255737,0.17800000309944153,0.17900000512599945
2026-04-29 00:00:00+00:00,0.17900000512599945,0.18000000715255737,0.17800000309944153,0.18000000715255737
2026-04-29 04:00:00+00:00,0.18000000715255737,0.18299999833106995,0.17800000309944153,0.18199999630451202
2026-04-29 08:00:00+00:00,0.18199999630451202,0.18799999356269836,0.1809999942779541,0.18400000035762787
2026-04-29 12:00:00+00:00,0.18400000035762787,0.18400000035762787,0.17499999701976776,0.17499999701976776
2026-04-29 16:00:00+00:00,0.17499999701976776,0.1770000010728836,0.1720000058412552,0.17599999904632568
2026-04-29 20:00:00+00:00,0.17599999904632568,0.17900000512599945,0.17599999904632568,0.17800000309944153
2026-04-30 00:00:00+00:00,0.17800000309944153,0.1860000044107437,0.17800000309944153,0.1850000023841858
2026-04-30 04:00:00+00:00,0.1850000023841858,0.1850000023841858,0.18000000715255737,0.18199999630451202
2026-04-30 08:00:00+00:00,0.18199999630451202,0.18700000643730164,0.18000000715255737,0.18000000715255737
2026-04-30 12:00:00+00:00,0.18000000715255737,0.1899999976158142,0.18000000715255737,0.1889999955892563
2026-04-30 16:00:00+00:00,0.1889999955892563,0.1899999976158142,0.18400000035762787,0.1850000023841858
2026-04-30 20:00:00+00:00,0.1850000023841858,0.1860000044107437,0.18199999630451202,0.18400000035762787
2026-05-01 00:00:00+00:00,0.18400000035762787,0.19099999964237213,0.18400000035762787,0.18700000643730164
2026-05-01 04:00:00+00:00,0.18700000643730164,0.1889999955892563,0.1850000023841858,0.1850000023841858
2026-05-01 08:00:00+00:00,0.1850000023841858,0.18700000643730164,0.1850000023841858,0.1860000044107437
2026-05-01 12:00:00+00:00,0.1860000044107437,0.19499999284744263,0.1860000044107437,0.19300000369548798
2026-05-01 16:00:00+00:00,0.1940000057220459,0.19699999690055847,0.19200000166893005,0.19300000369548798
2026-05-01 20:00:00+00:00,0.19300000369548798,0.19300000369548798,0.18799999356269836,0.18799999356269836
2026-05-02 00:00:00+00:00,0.18799999356269836,0.1889999955892563,0.18700000643730164,0.18799999356269836
2026-05-02 04:00:00+00:00,0.18799999356269836,0.18799999356269836,0.1860000044107437,0.18700000643730164
2026-05-02 08:00:00+00:00,0.18700000643730164,0.1889999955892563,0.18700000643730164,0.18799999356269836
2026-05-02 12:00:00+00:00,0.18799999356269836,0.1940000057220459,0.1860000044107437,0.19300000369548798
2026-05-02 16:00:00+00:00,0.19300000369548798,0.19499999284744263,0.1889999955892563,0.1899999976158142
2026-05-02 20:00:00+00:00,0.1899999976158142,0.19200000166893005,0.1889999955892563,0.1899999976158142
2026-05-03 00:00:00+00:00,0.1899999976158142,0.1899999976158142,0.1860000044107437,0.18700000643730164
2026-05-03 04:00:00+00:00,0.18700000643730164,0.18700000643730164,0.1860000044107437,0.18700000643730164
2026-05-03 08:00:00+00:00,0.18700000643730164,0.18700000643730164,0.1850000023841858,0.1860000044107437
2026-05-03 12:00:00+00:00,0.1860000044107437,0.1889999955892563,0.1860000044107437,0.18700000643730164
2026-05-03 16:00:00+00:00,0.18700000643730164,0.1889999955892563,0.18700000643730164,0.1889999955892563
2026-05-03 20:00:00+00:00,0.1889999955892563,0.1899999976158142,0.18799999356269836,0.18799999356269836
2026-05-04 00:00:00+00:00,0.18799999356269836,0.19499999284744263,0.18700000643730164,0.1940000057220459
2026-05-04 04:00:00+00:00,0.1940000057220459,0.19499999284744263,0.19099999964237213,0.19200000166893005
2026-05-04 08:00:00+00:00,0.19200000166893005,0.19499999284744263,0.1889999955892563,0.19200000166893005
2026-05-04 12:00:00+00:00,0.19200000166893005,0.1940000057220459,0.19099999964237213,0.19200000166893005
2026-05-04 16:00:00+00:00,0.19200000166893005,0.19300000369548798,0.19099999964237213,0.19200000166893005
2026-05-04 20:00:00+00:00,0.19200000166893005,0.19300000369548798,0.1899999976158142,0.19099999964237213
2026-05-05 00:00:00+00:00,0.19099999964237213,0.1940000057220459,0.1899999976158142,0.19200000166893005
2026-05-05 04:00:00+00:00,0.19200000166893005,0.19499999284744263,0.19200000166893005,0.1940000057220459
2026-05-05 08:00:00+00:00,0.1940000057220459,0.19699999690055847,0.1940000057220459,0.19599999487400055
2026-05-05 12:00:00+00:00,0.19599999487400055,0.1979999989271164,0.19499999284744263,0.19499999284744263
2026-05-05 16:00:00+00:00,0.19499999284744263,0.1979999989271164,0.1940000057220459,0.19699999690055847
2026-05-05 20:00:00+00:00,0.19699999690055847,0.20100000500679016,0.19699999690055847,0.20000000298023224
2026-05-06 00:00:00+00:00,0.20000000298023224,0.21899999678134918,0.20000000298023224,0.2160000056028366
2026-05-06 04:00:00+00:00,0.2160000056028366,0.26499998569488525,0.2160000056028366,0.23000000417232513
2026-05-06 08:00:00+00:00,0.23000000417232513,0.2329999953508377,0.22200000286102295,0.22499999403953552
2026-05-06 12:00:00+00:00,0.22499999403953552,0.22599999606609344,0.21699999272823334,0.2199999988079071
2026-05-06 16:00:00+00:00,0.2199999988079071,0.22499999403953552,0.21899999678134918,0.2240000069141388
2026-05-06 20:00:00+00:00,0.22499999403953552,0.22599999606609344,0.21899999678134918,0.22100000083446503
2026-05-07 00:00:00+00:00,0.22100000083446503,0.22100000083446503,0.21199999749660492,0.21199999749660492
2026-05-07 04:00:00+00:00,0.21199999749660492,0.21699999272823334,0.20999999344348907,0.21699999272823334
2026-05-07 08:00:00+00:00,0.21699999272823334,0.21699999272823334,0.21400000154972076,0.2160000056028366
2026-05-07 12:00:00+00:00,0.2160000056028366,0.22100000083446503,0.2150000035762787,0.2199999988079071
2026-05-07 16:00:00+00:00,0.2199999988079071,0.22100000083446503,0.21699999272823334,0.21699999272823334
2026-05-07 20:00:00+00:00,0.21699999272823334,0.2199999988079071,0.21400000154972076,0.2199999988079071
2026-05-08 00:00:00+00:00,0.2199999988079071,0.22200000286102295,0.2156703919172287,0.2179415076971054
2026-05-08 04:00:00+00:00,0.21764694154262543,0.22053731977939606,0.21590496599674225,0.21690814197063446
2026-05-08 08:00:00+00:00,0.21697871387004852,0.21964173018932343,0.2164485901594162,0.21832451224327087
2026-05-08 12:00:00+00:00,0.21832451224327087,0.22499999403953552,0.21699999272823334,0.2240000069141388
2026-05-08 16:00:00+00:00,0.2240000069141388,0.2290000021457672,0.2199999988079071,0.22499999403953552
2026-05-08 20:00:00+00:00,0.22499999403953552,0.2280000001192093,0.2240000069141388,0.22599999606609344
2026-05-09 00:00:00+00:00,0.22599999606609344,0.2370000034570694,0.22499999403953552,0.2329999953508377
2026-05-09 04:00:00+00:00,0.23199999332427979,0.23399999737739563,0.22499999403953552,0.22599999606609344
2026-05-09 08:00:00+00:00,0.22599999606609344,0.2280000001192093,0.2240000069141388,0.22699999809265137
2026-05-09 12:00:00+00:00,0.22699999809265137,0.2290000021457672,0.22200000286102295,0.22200000286102295
2026-05-09 16:00:00+00:00,0.22200000286102295,0.22699999809265137,0.22200000286102295,0.22699999809265137
2026-05-09 20:00:00+00:00,0.22699999809265137,0.22699999809265137,0.2240000069141388,0.22599999606609344
2026-05-10 00:00:00+00:00,0.22499999403953552,0.22599999606609344,0.22200000286102295,0.22499999403953552
2026-05-10 04:00:00+00:00,0.22499999403953552,0.22499999403953552,0.22100000083446503,0.2240000069141388
2026-05-10 08:00:00+00:00,0.2240000069141388,0.22699999809265137,0.22300000488758087,0.22599999606609344
2026-05-10 12:00:00+00:00,0.22599999606609344,0.2280000001192093,0.22300000488758087,0.2280000001192093
2026-05-10 16:00:00+00:00,0.2280000001192093,0.24400000274181366,0.22699999809265137,0.23600000143051147
2026-05-10 20:00:00+00:00,0.2370000034570694,0.2370000034570694,0.22499999403953552,0.23199999332427979
2026-05-11 00:00:00+00:00,0.23199999332427979,0.23199999332427979,0.2199999988079071,0.22200000286102295
2026-05-11 04:00:00+00:00,0.22200000286102295,0.22699999809265137,0.22200000286102295,0.22499999403953552
2026-05-11 08:00:00+00:00,0.22499999403953552,0.2290000021457672,0.22499999403953552,0.2280000001192093
2026-05-11 12:00:00+00:00,0.2280000001192093,0.23100000619888306,0.22699999809265137,0.23000000417232513
2026-05-11 16:00:00+00:00,0.23000000417232513,0.23499999940395355,0.2280000001192093,0.23399999737739563
2026-05-11 20:00:00+00:00,0.23399999737739563,0.23499999940395355,0.23000000417232513,0.23100000619888306
2026-05-12 00:00:00+00:00,0.23100000619888306,0.23100000619888306,0.22599999606609344,0.22599999606609344
2026-05-12 04:00:00+00:00,0.22599999606609344,0.2290000021457672,0.22599999606609344,0.22699999809265137
2026-05-12 08:00:00+00:00,0.22699999809265137,0.2280000001192093,0.22200000286102295,0.22300000488758087
2026-05-12 12:00:00+00:00,0.22300000488758087,0.22300000488758087,0.2160000056028366,0.21799999475479126
2026-05-12 16:00:00+00:00,0.21799999475479126,0.22100000083446503,0.2160000056028366,0.22100000083446503
2026-05-12 20:00:00+00:00,0.22100000083446503,0.22300000488758087,0.21899999678134918,0.22100000083446503
2026-05-13 00:00:00+00:00,0.22100000083446503,0.22699999809265137,0.22100000083446503,0.22599999606609344
2026-05-13 04:00:00+00:00,0.22599999606609344,0.23000000417232513,0.22599999606609344,0.22699999809265137
2026-05-13 08:00:00+00:00,0.22699999809265137,0.23199999332427979,0.22699999809265137,0.22699999809265137
2026-05-13 12:00:00+00:00,0.22699999809265137,0.2280000001192093,0.21299999952316284,0.21299999952316284
2026-05-13 16:00:00+00:00,0.21299999952316284,0.2199999988079071,0.21299999952316284,0.2160000056028366
2026-05-13 20:00:00+00:00,0.2160000056028366,0.21699999272823334,0.2150000035762787,0.2160000056028366
2026-05-14 00:00:00+00:00,0.2160000056028366,0.21899999678134918,0.21299999952316284,0.21299999952316284
2026-05-14 04:00:00+00:00,0.21299999952316284,0.21799999475479126,0.21299999952316284,0.2160000056028366
2026-05-14 08:00:00+00:00,0.2160000056028366,0.21699999272823334,0.21400000154972076,0.21400000154972076
2026-05-14 12:00:00+00:00,0.21400000154972076,0.2240000069141388,0.21400000154972076,0.22300000488758087
2026-05-14 16:00:00+00:00,0.22300000488758087,0.2290000021457672,0.22300000488758087,0.22499999403953552
2026-05-14 20:00:00+00:00,0.22499999403953552,0.22599999606609344,0.2199999988079071,0.2199999988079071
2026-05-15 00:00:00+00:00,0.2199999988079071,0.22200000286102295,0.21799999475479126,0.21899999678134918
2026-05-15 04:00:00+00:00,0.21899999678134918,0.21899999678134918,0.210999995470047,0.21299999952316284
2026-05-15 08:00:00+00:00,0.21299999952316284,0.21400000154972076,0.210999995470047,0.21199999749660492
2026-05-15 12:00:00+00:00,0.21199999749660492,0.21199999749660492,0.20100000500679016,0.20399999618530273
2026-05-15 16:00:00+00:00,0.20399999618530273,0.2070000022649765,0.20399999618530273,0.2070000022649765
2026-05-15 20:00:00+00:00,0.2070000022649765,0.2070000022649765,0.20399999618530273,0.20399999618530273
2026-05-16 00:00:00+00:00,0.20399999618530273,0.20600000023841858,0.20399999618530273,0.20499999821186066
2026-05-16 04:00:00+00:00,0.20499999821186066,0.20499999821186066,0.19599999487400055,0.19900000095367432
2026-05-16 08:00:00+00:00,0.19900000095367432,0.20000000298023224,0.1940000057220459,0.1979999989271164
2026-05-16 12:00:00+00:00,0.1979999989271164,0.19900000095367432,0.19599999487400055,0.19900000095367432
2026-05-16 16:00:00+00:00,0.19900000095367432,0.20000000298023224,0.1979999989271164,0.1979999989271164
2026-05-16 20:00:00+00:00,0.1979999989271164,0.19900000095367432,0.19699999690055847,0.19699999690055847
2026-05-17 00:00:00+00:00,0.19699999690055847,0.19699999690055847,0.19499999284744263,0.19699999690055847
2026-05-17 04:00:00+00:00,0.19699999690055847,0.1979999989271164,0.19699999690055847,0.1979999989271164
2026-05-17 08:00:00+00:00,0.1979999989271164,0.20000000298023224,0.1979999989271164,0.19900000095367432
2026-05-17 12:00:00+00:00,0.19900000095367432,0.20100000500679016,0.19699999690055847,0.1979999989271164
2026-05-17 16:00:00+00:00,0.1979999989271164,0.1979999989271164,0.19499999284744263,0.19699999690055847
2026-05-17 20:00:00+00:00,0.19699999690055847,0.1979999989271164,0.1860000044107437,0.19300000369548798
2026-05-18 00:00:00+00:00,0.19300000369548798,0.19300000369548798,0.1899999976158142,0.19200000166893005
2026-05-18 04:00:00+00:00,0.19200000166893005,0.19300000369548798,0.18700000643730164,0.1889999955892563
2026-05-18 08:00:00+00:00,0.1889999955892563,0.19099999964237213,0.1889999955892563,0.19099999964237213
2026-05-18 12:00:00+00:00,0.19099999964237213,0.19300000369548798,0.18700000643730164,0.1889999955892563
2026-05-18 16:00:00+00:00,0.18799999356269836,0.19200000166893005,0.18700000643730164,0.19200000166893005
2026-05-18 20:00:00+00:00,0.19200000166893005,0.1940000057220459,0.19099999964237213,0.19300000369548798
2026-05-19 00:00:00+00:00,0.19300000369548798,0.19499999284744263,0.19099999964237213,0.19200000166893005
2026-05-19 04:00:00+00:00,0.19200000166893005,0.1940000057220459,0.19099999964237213,0.1940000057220459
2026-05-19 08:00:00+00:00,0.1940000057220459,0.1940000057220459,0.1889999955892563,0.1899999976158142
2026-05-19 12:00:00+00:00,0.1899999976158142,0.19300000369548798,0.1889999955892563,0.1889999955892563
2026-05-19 16:00:00+00:00,0.1889999955892563,0.19200000166893005,0.1889999955892563,0.1899999976158142
2026-05-19 20:00:00+00:00,0.1899999976158142,0.19200000166893005,0.18799999356269836,0.1899999976158142
2026-05-20 00:00:00+00:00,0.1899999976158142,0.19099999964237213,0.1889999955892563,0.19099999964237213
2026-05-20 04:00:00+00:00,0.19099999964237213,0.1940000057220459,0.1899999976158142,0.19300000369548798
2026-05-20 08:00:00+00:00,0.19300000369548798,0.1940000057220459,0.19200000166893005,0.19300000369548798
2026-05-20 12:00:00+00:00,0.19300000369548798,0.19599999487400055,0.19200000166893005,0.19499999284744263
2026-05-20 16:00:00+00:00,0.19499999284744263,0.19699999690055847,0.19499999284744263,0.19599999487400055
2026-05-20 20:00:00+00:00,0.19599999487400055,0.19599999487400055,0.19300000369548798,0.1940000057220459
2026-05-21 00:00:00+00:00,0.1940000057220459,0.19699999690055847,0.1940000057220459,0.19699999690055847
2026-05-21 04:00:00+00:00,0.19699999690055847,0.1979999989271164,0.19499999284744263,0.19699999690055847
2026-05-21 08:00:00+00:00,0.19699999690055847,0.1979999989271164,0.19300000369548798,0.19300000369548798
2026-05-21 12:00:00+00:00,0.19300000369548798,0.19599999487400055,0.19300000369548798,0.19599999487400055
2026-05-21 16:00:00+00:00,0.19599999487400055,0.20100000500679016,0.1940000057220459,0.20100000500679016
2026-05-21 20:00:00+00:00,0.20100000500679016,0.20200000703334808,0.19900000095367432,0.20000000298023224
2026-05-22 00:00:00+00:00,0.20000000298023224,0.20200000703334808,0.1979999989271164,0.20000000298023224
2026-05-22 04:00:00+00:00,0.20000000298023224,0.20200000703334808,0.20000000298023224,0.20100000500679016
2026-05-22 08:00:00+00:00,0.20100000500679016,0.20200000703334808,0.20000000298023224,0.20100000500679016
2026-05-22 12:00:00+00:00,0.20100000500679016,0.20399999618530273,0.1979999989271164,0.20000000298023224
2026-05-22 16:00:00+00:00,0.20000000298023224,0.20100000500679016,0.19200000166893005,0.19499999284744263
2026-05-22 20:00:00+00:00,0.19499999284744263,0.19499999284744263,0.1889999955892563,0.19099999964237213
2026-05-23 00:00:00+00:00,0.1899999976158142,0.19200000166893005,0.1899999976158142,0.19099999964237213
2026-05-23 04:00:00+00:00,0.19099999964237213,0.19099999964237213,0.18000000715255737,0.18199999630451202
2026-05-23 08:00:00+00:00,0.18199999630451202,0.18299999833106995,0.1809999942779541,0.18199999630451202
2026-05-23 12:00:00+00:00,0.18199999630451202,0.18799999356269836,0.1809999942779541,0.18700000643730164
2026-05-23 16:00:00+00:00,0.18700000643730164,0.19300000369548798,0.18700000643730164,0.19200000166893005
2026-05-23 20:00:00+00:00,0.19200000166893005,0.1979999989271164,0.19099999964237213,0.19300000369548798
2026-05-24 00:00:00+00:00,0.19300000369548798,0.1940000057220459,0.19200000166893005,0.19200000166893005
2026-05-24 04:00:00+00:00,0.19200000166893005,0.19300000369548798,0.1899999976158142,0.19200000166893005
2026-05-24 08:00:00+00:00,0.19200000166893005,0.19300000369548798,0.19099999964237213,0.19200000166893005
2026-05-24 12:00:00+00:00,0.19200000166893005,0.19200000166893005,0.1860000044107437,0.18799999356269836
2026-05-24 16:00:00+00:00,0.18799999356269836,0.1889999955892563,0.18799999356269836,0.18799999356269836
2026-05-24 20:00:00+00:00,0.18799999356269836,0.18799999356269836,0.18299999833106995,0.18700000643730164
2026-05-25 00:00:00+00:00,0.18700000643730164,0.18799999356269836,0.1860000044107437,0.18700000643730164
2026-05-25 04:00:00+00:00,0.18700000643730164,0.1899999976158142,0.18700000643730164,0.1889999955892563
2026-05-25 08:00:00+00:00,0.1889999955892563,0.19300000369548798,0.1889999955892563,0.19200000166893005
2026-05-25 12:00:00+00:00,0.19200000166893005,0.19699999690055847,0.19099999964237213,0.19699999690055847
2026-05-25 16:00:00+00:00,0.19699999690055847,0.19900000095367432,0.19499999284744263,0.19599999487400055
2026-05-25 20:00:00+00:00,0.19599999487400055,0.19599999487400055,0.19200000166893005,0.19300000369548798
2026-05-26 00:00:00+00:00,0.19300000369548798,0.1940000057220459,0.1889999955892563,0.19099999964237213
2026-05-26 04:00:00+00:00,0.19099999964237213,0.19599999487400055,0.1899999976158142,0.1940000057220459
2026-05-26 08:00:00+00:00,0.1940000057220459,0.1979999989271164,0.1940000057220459,0.1979999989271164
2026-05-26 12:00:00+00:00,0.1979999989271164,0.19900000095367432,0.1940000057220459,0.19499999284744263
2026-05-26 16:00:00+00:00,0.19499999284744263,0.19599999487400055,0.19099999964237213,0.1940000057220459
2026-05-26 20:00:00+00:00,0.1940000057220459,0.1940000057220459,0.19200000166893005,0.1940000057220459
2026-05-27 00:00:00+00:00,0.1940000057220459,0.19599999487400055,0.19099999964237213,0.19200000166893005
2026-05-27 04:00:00+00:00,0.19200000166893005,0.19599999487400055,0.1889999955892563,0.1940000057220459
2026-05-27 08:00:00+00:00,0.1940000057220459,0.19499999284744263,0.19200000166893005,0.19300000369548798
2026-05-27 12:00:00+00:00,0.19300000369548798,0.19599999487400055,0.19099999964237213,0.1940000057220459
2026-05-27 16:00:00+00:00,0.1940000057220459,0.19499999284744263,0.1889999955892563,0.19200000166893005
2026-05-27 20:00:00+00:00,0.19200000166893005,0.19300000369548798,0.1860000044107437,0.1860000044107437
2026-05-28 00:00:00+00:00,0.1860000044107437,0.18700000643730164,0.17800000309944153,0.17900000512599945
2026-05-28 04:00:00+00:00,0.17800000309944153,0.17900000512599945,0.17499999701976776,0.17900000512599945
2026-05-28 08:00:00+00:00,0.17900000512599945,0.17900000512599945,0.17499999701976776,0.17599999904632568
2026-05-28 12:00:00+00:00,0.17599999904632568,0.1770000010728836,0.17299999296665192,0.17599999904632568
2026-05-28 16:00:00+00:00,0.17599999904632568,0.1860000044107437,0.17599999904632568,0.1850000023841858
2026-05-28 20:00:00+00:00,0.1850000023841858,0.18700000643730164,0.18199999630451202,0.18400000035762787
2026-05-29 00:00:00+00:00,0.1850000023841858,0.1850000023841858,0.18299999833106995,0.18400000035762787
2026-05-29 04:00:00+00:00,0.18400000035762787,0.18700000643730164,0.18199999630451202,0.1860000044107437
2026-05-29 08:00:00+00:00,0.1860000044107437,0.1889999955892563,0.18400000035762787,0.18400000035762787
2026-05-29 12:00:00+00:00,0.18400000035762787,0.19099999964237213,0.18000000715255737,0.1889999955892563
2026-05-29 16:00:00+00:00,0.1889999955892563,0.19300000369548798,0.1860000044107437,0.1889999955892563
2026-05-29 20:00:00+00:00,0.1889999955892563,0.1889999955892563,0.1860000044107437,0.18700000643730164
2026-05-30 00:00:00+00:00,0.18700000643730164,0.19499999284744263,0.1860000044107437,0.19300000369548798
2026-05-30 04:00:00+00:00,0.19300000369548798,0.19300000369548798,0.18799999356269836,0.19099999964237213
2026-05-30 08:00:00+00:00,0.19099999964237213,0.19200000166893005,0.1899999976158142,0.19200000166893005
2026-05-30 12:00:00+00:00,0.19200000166893005,0.19300000369548798,0.1899999976158142,0.19099999964237213
2026-05-30 16:00:00+00:00,0.19099999964237213,0.19300000369548798,0.19099999964237213,0.19200000166893005
2026-05-30 20:00:00+00:00,0.19200000166893005,0.19300000369548798,0.1899999976158142,0.1899999976158142
2026-05-31 00:00:00+00:00,0.1899999976158142,0.19200000166893005,0.1899999976158142,0.19099999964237213
2026-05-31 04:00:00+00:00,0.19099999964237213,0.19200000166893005,0.1899999976158142,0.1899999976158142
2026-05-31 08:00:00+00:00,0.1899999976158142,0.19099999964237213,0.1889999955892563,0.1899999976158142
2026-05-31 12:00:00+00:00,0.1899999976158142,0.19099999964237213,0.1860000044107437,0.18700000643730164
2026-05-31 16:00:00+00:00,0.18700000643730164,0.18799999356269836,0.1850000023841858,0.18700000643730164
2026-05-31 20:00:00+00:00,0.18700000643730164,0.19300000369548798,0.18700000643730164,0.19099999964237213
2026-06-01 00:00:00+00:00,0.19099999964237213,0.19499999284744263,0.1899999976158142,0.19300000369548798
2026-06-01 04:00:00+00:00,0.19300000369548798,0.19300000369548798,0.1850000023841858,0.1850000023841858
2026-06-01 08:00:00+00:00,0.1850000023841858,0.18799999356269836,0.1850000023841858,0.1860000044107437
2026-06-01 12:00:00+00:00,0.1860000044107437,0.1860000044107437,0.18199999630451202,0.18299999833106995
2026-06-01 16:00:00+00:00,0.18299999833106995,0.19300000369548798,0.18199999630451202,0.19200000166893005
2026-06-01 20:00:00+00:00,0.19200000166893005,0.19300000369548798,0.1889999955892563,0.19099999964237213
2026-06-02 00:00:00+00:00,0.19099999964237213,0.19200000166893005,0.1860000044107437,0.19099999964237213
2026-06-02 04:00:00+00:00,0.19099999964237213,0.19200000166893005,0.1850000023841858,0.18700000643730164
2026-06-02 08:00:00+00:00,0.18700000643730164,0.18799999356269836,0.1860000044107437,0.18799999356269836
2026-06-02 12:00:00+00:00,0.18799999356269836,0.1899999976158142,0.17599999904632568,0.17800000309944153
2026-06-02 16:00:00+00:00,0.17800000309944153,0.18400000035762787,0.17399999499320984,0.17800000309944153
2026-06-02 20:00:00+00:00,0.17800000309944153,0.18000000715255737,0.17000000178813934,0.17499999701976776
2026-06-03 00:00:00+00:00,0.17499999701976776,0.17900000512599945,0.1720000058412552,0.17299999296665192
2026-06-03 04:00:00+00:00,0.17299999296665192,0.18799999356269836,0.17299999296665192,0.18700000643730164
2026-06-03 08:00:00+00:00,0.18700000643730164,0.19099999964237213,0.18299999833106995,0.18799999356269836
2026-06-03 12:00:00+00:00,0.18799999356269836,0.19300000369548798,0.18700000643730164,0.18700000643730164
2026-06-03 16:00:00+00:00,0.18700000643730164,0.1889999955892563,0.18299999833106995,0.1850000023841858
2026-06-03 20:00:00+00:00,0.1850000023841858,0.19599999487400055,0.18199999630451202,0.1899999976158142
2026-06-04 00:00:00+00:00,0.1899999976158142,0.19099999964237213,0.16500000655651093,0.1809999942779541
2026-06-04 04:00:00+00:00,0.18199999630451202,0.18400000035762787,0.1720000058412552,0.1720000058412552
2026-06-04 08:00:00+00:00,0.1720000058412552,0.1720000058412552,0.164000004529953,0.16699999570846558
2026-06-04 12:00:00+00:00,0.16699999570846558,0.18000000715255737,0.164000004529953,0.18000000715255737
2026-06-04 16:00:00+00:00,0.18000000715255737,0.18000000715255737,0.17100000381469727,0.17499999701976776
2026-06-04 20:00:00+00:00,0.17599999904632568,0.17599999904632568,0.164000004529953,0.1679999977350235
2026-06-05 00:00:00+00:00,0.1679999977350235,0.1679999977350235,0.15800000727176666,0.1589999943971634
2026-06-05 04:00:00+00:00,0.1589999943971634,0.16500000655651093,0.15000000596046448,0.1599999964237213
2026-06-05 08:00:00+00:00,0.1599999964237213,0.1599999964237213,0.1550000011920929,0.15600000321865082
2026-06-05 12:00:00+00:00,0.15600000321865082,0.1589999943971634,0.15000000596046448,0.15199999511241913
2026-06-05 16:00:00+00:00,0.1509999930858612,0.15600000321865082,0.14499999582767487,0.1509999930858612
2026-06-05 20:00:00+00:00,0.1509999930858612,0.15600000321865082,0.14900000393390656,0.15299999713897705
2026-06-06 00:00:00+00:00,0.15299999713897705,0.1550000011920929,0.14900000393390656,0.14900000393390656
2026-06-06 04:00:00+00:00,0.14900000393390656,0.15299999713897705,0.14000000059604645,0.15199999511241913
2026-06-06 08:00:00+00:00,0.15199999511241913,0.15299999713897705,0.14800000190734863,0.1509999930858612
2026-06-06 12:00:00+00:00,0.1509999930858612,0.1550000011920929,0.15000000596046448,0.15199999511241913
2026-06-06 16:00:00+00:00,0.15199999511241913,0.15199999511241913,0.14900000393390656,0.15000000596046448
2026-06-06 20:00:00+00:00,0.15000000596046448,0.15299999713897705,0.14900000393390656,0.15199999511241913
2026-06-07 00:00:00+00:00,0.15199999511241913,0.15700000524520874,0.15199999511241913,0.15600000321865082
2026-06-07 04:00:00+00:00,0.15600000321865082,0.15800000727176666,0.1550000011920929,0.15700000524520874
2026-06-07 08:00:00+00:00,0.15700000524520874,0.16099999845027924,0.15700000524520874,0.16099999845027924
2026-06-07 12:00:00+00:00,0.16099999845027924,0.16099999845027924,0.15600000321865082,0.1589999943971634
2026-06-07 16:00:00+00:00,0.1589999943971634,0.1599999964237213,0.15299999713897705,0.15399999916553497
2026-06-07 20:00:00+00:00,0.15399999916553497,0.16599999368190765,0.15399999916553497,0.1589999943971634
2026-06-08 00:00:00+00:00,0.1589999943971634,0.1599999964237213,0.15600000321865082,0.15800000727176666
2026-06-08 04:00:00+00:00,0.15800000727176666,0.1589999943971634,0.1550000011920929,0.1589999943971634
2026-06-08 08:00:00+00:00,0.1589999943971634,0.16300000250339508,0.15700000524520874,0.16200000047683716
2026-06-08 12:00:00+00:00,0.16200000047683716,0.164000004529953,0.1599999964237213,0.16300000250339508
2026-06-08 16:00:00+00:00,0.16300000250339508,0.164000004529953,0.16099999845027924,0.16099999845027924
2026-06-08 20:00:00+00:00,0.16099999845027924,0.16300000250339508,0.15800000727176666,0.15800000727176666
2026-06-09 00:00:00+00:00,0.15800000727176666,0.1589999943971634,0.15399999916553497,0.1550000011920929
2026-06-09 04:00:00+00:00,0.1550000011920929,0.1599999964237213,0.1550000011920929,0.1589999943971634
2026-06-09 08:00:00+00:00,0.1589999943971634,0.1589999943971634,0.15600000321865082,0.15700000524520874
2026-06-09 12:00:00+00:00,0.15700000524520874,0.1589999943971634,0.15299999713897705,0.15399999916553497
2026-06-09 16:00:00+00:00,0.15399999916553497,0.15700000524520874,0.1509999930858612,0.15600000321865082
2026-06-09 20:00:00+00:00,0.15600000321865082,0.15700000524520874,0.1550000011920929,0.1550000011920929
2026-06-10 00:00:00+00:00,0.15399999916553497,0.1550000011920929,0.15199999511241913,0.15199999511241913
2026-06-10 04:00:00+00:00,0.15199999511241913,0.15399999916553497,0.1509999930858612,0.15299999713897705
2026-06-10 08:00:00+00:00,0.15299999713897705,0.15299999713897705,0.14900000393390656,0.15000000596046448
2026-06-10 12:00:00+00:00,0.15000000596046448,0.1550000011920929,0.14900000393390656,0.15399999916553497
2026-06-10 16:00:00+00:00,0.15399999916553497,0.15399999916553497,0.14800000190734863,0.14800000190734863
2026-06-10 20:00:00+00:00,0.14800000190734863,0.14800000190734863,0.14499999582767487,0.1469999998807907
2026-06-11 00:00:00+00:00,0.1469999998807907,0.15299999713897705,0.1469999998807907,0.15299999713897705
2026-06-11 04:00:00+00:00,0.15299999713897705,0.15399999916553497,0.15199999511241913,0.15199999511241913
2026-06-11 08:00:00+00:00,0.15199999511241913,0.1550000011920929,0.15199999511241913,0.1550000011920929
2026-06-11 12:00:00+00:00,0.1550000011920929,0.1550000011920929,0.15299999713897705,0.1550000011920929
2026-06-11 16:00:00+00:00,0.1550000011920929,0.1599999964237213,0.15399999916553497,0.15700000524520874
2026-06-11 20:00:00+00:00,0.15700000524520874,0.15800000727176666,0.15600000321865082,0.15700000524520874
2026-06-12 00:00:00+00:00,0.15700000524520874,0.15800000727176666,0.15600000321865082,0.15700000524520874
2026-06-12 04:00:00+00:00,0.15700000524520874,0.15800000727176666,0.1550000011920929,0.1550000011920929
2026-06-12 08:00:00+00:00,0.1550000011920929,0.1589999943971634,0.1550000011920929,0.1589999943971634
2026-06-12 12:00:00+00:00,0.1589999943971634,0.16099999845027924,0.15600000321865082,0.15700000524520874
2026-06-12 16:00:00+00:00,0.15700000524520874,0.1599999964237213,0.15700000524520874,0.15800000727176666
2026-06-12 20:00:00+00:00,0.15800000727176666,0.1589999943971634,0.15700000524520874,0.15800000727176666
2026-06-13 00:00:00+00:00,0.15800000727176666,0.1599999964237213,0.15700000524520874,0.1589999943971634
2026-06-13 04:00:00+00:00,0.1589999943971634,0.16099999845027924,0.15700000524520874,0.16099999845027924
2026-06-13 08:00:00+00:00,0.16099999845027924,0.16300000250339508,0.1599999964237213,0.16300000250339508
2026-06-13 12:00:00+00:00,0.16300000250339508,0.164000004529953,0.16200000047683716,0.16300000250339508
2026-06-13 16:00:00+00:00,0.16300000250339508,0.16300000250339508,0.1599999964237213,0.16099999845027924
2026-06-13 20:00:00+00:00,0.16099999845027924,0.16200000047683716,0.1599999964237213,0.1599999964237213
2026-06-14 00:00:00+00:00,0.1599999964237213,0.16099999845027924,0.1599999964237213,0.1599999964237213
2026-06-14 04:00:00+00:00,0.1599999964237213,0.1599999964237213,0.15800000727176666,0.1589999943971634
2026-06-14 08:00:00+00:00,0.1589999943971634,0.1589999943971634,0.15800000727176666,0.1589999943971634
2026-06-14 12:00:00+00:00,0.1589999943971634,0.1589999943971634,0.1550000011920929,0.15700000524520874
2026-06-14 16:00:00+00:00,0.15700000524520874,0.15700000524520874,0.1550000011920929,0.15700000524520874
2026-06-14 20:00:00+00:00,0.15700000524520874,0.164000004529953,0.15700000524520874,0.164000004529953
2026-06-15 00:00:00+00:00,0.164000004529953,0.16699999570846558,0.164000004529953,0.16599999368190765
2026-06-15 04:00:00+00:00,0.16599999368190765,0.16699999570846558,0.16599999368190765,0.16699999570846558
2026-06-15 08:00:00+00:00,0.16699999570846558,0.17000000178813934,0.16599999368190765,0.16899999976158142
2026-06-15 12:00:00+00:00,0.16899999976158142,0.17499999701976776,0.16899999976158142,0.17399999499320984
2026-06-15 16:00:00+00:00,0.17399999499320984,0.17499999701976776,0.1679999977350235,0.16899999976158142
2026-06-15 20:00:00+00:00,0.16899999976158142,0.17000000178813934,0.16599999368190765,0.1679999977350235
2026-06-16 00:00:00+00:00,0.1679999977350235,0.16899999976158142,0.16500000655651093,0.1679999977350235
2026-06-16 04:00:00+00:00,0.1679999977350235,0.17000000178813934,0.16599999368190765,0.17000000178813934
2026-06-16 08:00:00+00:00,0.17000000178813934,0.1720000058412552,0.16899999976158142,0.17000000178813934
2026-06-16 12:00:00+00:00,0.17000000178813934,0.1720000058412552,0.16500000655651093,0.1679999977350235
2026-06-16 16:00:00+00:00,0.1679999977350235,0.17000000178813934,0.16599999368190765,0.1679999977350235
2026-06-16 20:00:00+00:00,0.1679999977350235,0.1720000058412552,0.1679999977350235,0.17000000178813934
2026-06-17 00:00:00+00:00,0.17000000178813934,0.17900000512599945,0.17000000178813934,0.17399999499320984
2026-06-17 04:00:00+00:00,0.17399999499320984,0.17499999701976776,0.17000000178813934,0.17000000178813934
2026-06-17 08:00:00+00:00,0.17000000178813934,0.17100000381469727,0.16599999368190765,0.16699999570846558
2026-06-17 12:00:00+00:00,0.16699999570846558,0.17299999296665192,0.16599999368190765,0.17299999296665192
2026-06-17 16:00:00+00:00,0.17299999296665192,0.17399999499320984,0.16599999368190765,0.16599999368190765
2026-06-17 20:00:00+00:00,0.16599999368190765,0.1679999977350235,0.164000004529953,0.16699999570846558
2026-06-18 00:00:00+00:00,0.16699999570846558,0.17000000178813934,0.16500000655651093,0.16599999368190765
2026-06-18 04:00:00+00:00,0.16599999368190765,0.16699999570846558,0.16300000250339508,0.16699999570846558
2026-06-18 08:00:00+00:00,0.16699999570846558,0.1679999977350235,0.16599999368190765,0.16599999368190765
2026-06-18 12:00:00+00:00,0.16599999368190765,0.16899999976158142,0.1589999943971634,0.1599999964237213
2026-06-18 16:00:00+00:00,0.1599999964237213,0.16300000250339508,0.1599999964237213,0.16300000250339508
2026-06-18 20:00:00+00:00,0.16300000250339508,0.16699999570846558,0.16300000250339508,0.16599999368190765
2026-06-19 00:00:00+00:00,0.16699999570846558,0.16699999570846558,0.16200000047683716,0.16300000250339508
2026-06-19 04:00:00+00:00,0.16300000250339508,0.164000004529953,0.16099999845027924,0.16099999845027924
2026-06-19 08:00:00+00:00,0.16099999845027924,0.16300000250339508,0.1589999943971634,0.1599999964237213
2026-06-19 12:00:00+00:00,0.1599999964237213,0.16500000655651093,0.1599999964237213,0.16300000250339508
2026-06-19 16:00:00+00:00,0.16300000250339508,0.164000004529953,0.1599999964237213,0.16099999845027924
2026-06-19 20:00:00+00:00,0.16099999845027924,0.16300000250339508,0.1599999964237213,0.16200000047683716
2026-06-20 00:00:00+00:00,0.16200000047683716,0.16300000250339508,0.1599999964237213,0.16099999845027924
2026-06-20 04:00:00+00:00,0.16099999845027924,0.16500000655651093,0.16099999845027924,0.16300000250339508
2026-06-20 08:00:00+00:00,0.16300000250339508,0.16300000250339508,0.16200000047683716,0.16300000250339508
2026-06-20 12:00:00+00:00,0.16300000250339508,0.164000004529953,0.1589999943971634,0.16300000250339508
2026-06-20 16:00:00+00:00,0.16300000250339508,0.16300000250339508,0.1599999964237213,0.16099999845027924
2026-06-20 20:00:00+00:00,0.16099999845027924,0.164000004529953,0.1599999964237213,0.16300000250339508
2026-06-21 00:00:00+00:00,0.16300000250339508,0.164000004529953,0.16200000047683716,0.16300000250339508
2026-06-21 04:00:00+00:00,0.16300000250339508,0.16300000250339508,0.16200000047683716,0.16200000047683716
2026-06-21 08:00:00+00:00,0.16200000047683716,0.16500000655651093,0.16099999845027924,0.16200000047683716
2026-06-21 12:00:00+00:00,0.16200000047683716,0.1679999977350235,0.16200000047683716,0.1679999977350235
2026-06-21 16:00:00+00:00,0.1679999977350235,0.1679999977350235,0.16500000655651093,0.16500000655651093
2026-06-21 20:00:00+00:00,0.16500000655651093,0.16500000655651093,0.1599999964237213,0.1599999964237213
2026-06-22 00:00:00+00:00,0.1599999964237213,0.16699999570846558,0.1599999964237213,0.16200000047683716
2026-06-22 04:00:00+00:00,0.16200000047683716,0.16500000655651093,0.16200000047683716,0.16500000655651093
2026-06-22 08:00:00+00:00,0.16500000655651093,0.17000000178813934,0.164000004529953,0.16899999976158142
2026-06-22 12:00:00+00:00,0.16899999976158142,0.1720000058412552,0.1679999977350235,0.1679999977350235
2026-06-22 16:00:00+00:00,0.1679999977350235,0.16899999976158142,0.164000004529953,0.16500000655651093
2026-06-22 20:00:00+00:00,0.16500000655651093,0.16500000655651093,0.16200000047683716,0.16300000250339508
2026-06-23 00:00:00+00:00,0.16300000250339508,0.16599999368190765,0.16200000047683716,0.16500000655651093
2026-06-23 04:00:00+00:00,0.16500000655651093,0.16500000655651093,0.15800000727176666,0.1589999943971634
2026-06-23 08:00:00+00:00,0.1589999943971634,0.1589999943971634,0.15399999916553497,0.15700000524520874
2026-06-23 12:00:00+00:00,0.15700000524520874,0.1589999943971634,0.15399999916553497,0.1550000011920929
2026-06-23 16:00:00+00:00,0.1550000011920929,0.15600000321865082,0.15399999916553497,0.15600000321865082
2026-06-23 20:00:00+00:00,0.15600000321865082,0.15800000727176666,0.15600000321865082,0.15700000524520874
2026-06-24 00:00:00+00:00,0.15700000524520874,0.15800000727176666,0.1550000011920929,0.15600000321865082
2026-06-24 04:00:00+00:00,0.1550000011920929,0.15700000524520874,0.15299999713897705,0.1550000011920929
2026-06-24 08:00:00+00:00,0.1550000011920929,0.15600000321865082,0.15299999713897705,0.1550000011920929
2026-06-24 12:00:00+00:00,0.1550000011920929,0.1550000011920929,0.1469999998807907,0.1469999998807907
2026-06-24 16:00:00+00:00,0.1469999998807907,0.14800000190734863,0.14100000262260437,0.14399999380111694
2026-06-24 20:00:00+00:00,0.14399999380111694,0.1509999930858612,0.14399999380111694,0.14900000393390656
2026-06-25 00:00:00+00:00,0.14900000393390656,0.15000000596046448,0.14800000190734863,0.14900000393390656
2026-06-25 04:00:00+00:00,0.14900000393390656,0.15399999916553497,0.14900000393390656,0.15199999511241913
2026-06-25 08:00:00+00:00,0.15199999511241913,0.15199999511241913,0.14900000393390656,0.14900000393390656
2026-06-25 12:00:00+00:00,0.14900000393390656,0.1509999930858612,0.13699999451637268,0.1420000046491623
2026-06-25 16:00:00+00:00,0.1420000046491623,0.14399999380111694,0.13899999856948853,0.14000000059604645
2026-06-25 20:00:00+00:00,0.14000000059604645,0.14399999380111694,0.14000000059604645,0.14399999380111694
2026-06-26 00:00:00+00:00,0.14399999380111694,0.14399999380111694,0.13699999451637268,0.14300000667572021
2026-06-26 04:00:00+00:00,0.14300000667572021,0.14800000190734863,0.1420000046491623,0.1469999998807907
2026-06-26 08:00:00+00:00,0.1469999998807907,0.1469999998807907,0.14300000667572021,0.14300000667572021
2026-06-26 12:00:00+00:00,0.14300000667572021,0.14900000393390656,0.14300000667572021,0.14800000190734863
2026-06-26 16:00:00+00:00,0.14800000190734863,0.15600000321865082,0.14800000190734863,0.15399999916553497
2026-06-26 20:00:00+00:00,0.15399999916553497,0.15700000524520874,0.15199999511241913,0.15399999916553497
2026-06-27 00:00:00+00:00,0.15399999916553497,0.16599999368190765,0.15399999916553497,0.16300000250339508
2026-06-27 04:00:00+00:00,0.16300000250339508,0.16899999976158142,0.1599999964237213,0.1679999977350235
2026-06-27 08:00:00+00:00,0.1679999977350235,0.17299999296665192,0.164000004529953,0.17000000178813934
2026-06-27 12:00:00+00:00,0.16899999976158142,0.17900000512599945,0.16899999976158142,0.17900000512599945
2026-06-27 16:00:00+00:00,0.17900000512599945,0.18400000035762787,0.16899999976158142,0.17000000178813934
2026-06-27 20:00:00+00:00,0.17000000178813934,0.17000000178813934,0.16599999368190765,0.16599999368190765
2026-06-28 00:00:00+00:00,0.16599999368190765,0.16699999570846558,0.16500000655651093,0.16699999570846558
2026-06-28 04:00:00+00:00,0.16699999570846558,0.1720000058412552,0.16500000655651093,0.17000000178813934
2026-06-28 08:00:00+00:00,0.17000000178813934,0.17800000309944153,0.17000000178813934,0.17399999499320984
2026-06-28 12:00:00+00:00,0.17499999701976776,0.17800000309944153,0.1720000058412552,0.17399999499320984
2026-06-28 16:00:00+00:00,0.17399999499320984,0.17599999904632568,0.1679999977350235,0.1679999977350235
2026-06-28 20:00:00+00:00,0.1679999977350235,0.17399999499320984,0.1679999977350235,0.17299999296665192
2026-06-29 00:00:00+00:00,0.17299999296665192,0.18199999630451202,0.17100000381469727,0.17800000309944153
2026-06-29 04:00:00+00:00,0.17800000309944153,0.18400000035762787,0.17399999499320984,0.18199999630451202
2026-06-29 08:00:00+00:00,0.18199999630451202,0.18299999833106995,0.17900000512599945,0.17900000512599945
2026-06-29 12:00:00+00:00,0.17900000512599945,0.1860000044107437,0.17599999904632568,0.1770000010728836
2026-06-29 16:00:00+00:00,0.1770000010728836,0.1860000044107437,0.1770000010728836,0.1809999942779541
2026-06-29 20:00:00+00:00,0.1809999942779541,0.18199999630451202,0.17499999701976776,0.17499999701976776
2026-06-30 00:00:00+00:00,0.17499999701976776,0.17599999904632568,0.17100000381469727,0.17399999499320984
2026-06-30 04:00:00+00:00,0.17399999499320984,0.17599999904632568,0.17299999296665192,0.17399999499320984
2026-06-30 08:00:00+00:00,0.17399999499320984,0.17399999499320984,0.17100000381469727,0.17100000381469727
2026-06-30 12:00:00+00:00,0.17100000381469727,0.17100000381469727,0.16699999570846558,0.16899999976158142
2026-06-30 16:00:00+00:00,0.16899999976158142,0.17000000178813934,0.16699999570846558,0.1679999977350235
2026-06-30 20:00:00+00:00,0.1679999977350235,0.1679999977350235,0.16500000655651093,0.16599999368190765
2026-07-01 00:00:00+00:00,0.16599999368190765,0.16699999570846558,0.1599999964237213,0.16699999570846558
2026-07-01 04:00:00+00:00,0.16699999570846558,0.17000000178813934,0.16200000047683716,0.164000004529953
2026-07-01 08:00:00+00:00,0.164000004529953,0.16699999570846558,0.16300000250339508,0.16699999570846558
2026-07-01 12:00:00+00:00,0.16699999570846558,0.17599999904632568,0.16500000655651093,0.17499999701976776
2026-07-01 16:00:00+00:00,0.17499999701976776,0.17599999904632568,0.1679999977350235,0.1679999977350235
2026-07-01 20:00:00+00:00,0.1679999977350235,0.17299999296665192,0.1679999977350235,0.1679999977350235
2026-07-02 00:00:00+00:00,0.1679999977350235,0.1720000058412552,0.16599999368190765,0.1720000058412552
2026-07-02 04:00:00+00:00,0.1720000058412552,0.17299999296665192,0.16899999976158142,0.17000000178813934
2026-07-02 08:00:00+00:00,0.17000000178813934,0.18000000715255737,0.17000000178813934,0.17900000512599945
2026-07-02 12:00:00+00:00,0.17900000512599945,0.1809999942779541,0.17100000381469727,0.1720000058412552
2026-07-02 16:00:00+00:00,0.1720000058412552,0.17499999701976776,0.17100000381469727,0.1720000058412552
2026-07-02 20:00:00+00:00,0.1720000058412552,0.17299999296665192,0.17100000381469727,0.17299999296665192
2026-07-03 00:00:00+00:00,0.17299999296665192,0.17499999701976776,0.17100000381469727,0.1720000058412552
2026-07-03 04:00:00+00:00,0.1720000058412552,0.17399999499320984,0.1720000058412552,0.17299999296665192
2026-07-03 08:00:00+00:00,0.17299999296665192,0.17900000512599945,0.1720000058412552,0.17800000309944153
2026-07-03 12:00:00+00:00,0.17800000309944153,0.18000000715255737,0.17499999701976776,0.1770000010728836
2026-07-03 16:00:00+00:00,0.1770000010728836,0.18000000715255737,0.17599999904632568,0.17800000309944153
2026-07-03 20:00:00+00:00,0.17800000309944153,0.18400000035762787,0.17800000309944153,0.18199999630451202
2026-07-04 00:00:00+00:00,0.18199999630451202,0.18400000035762787,0.17800000309944153,0.18199999630451202
2026-07-04 04:00:00+00:00,0.18199999630451202,0.18299999833106995,0.1770000010728836,0.1770000010728836
2026-07-04 08:00:00+00:00,0.1770000010728836,0.17800000309944153,0.17299999296665192,0.1770000010728836
2026-07-04 12:00:00+00:00,0.1770000010728836,0.18199999630451202,0.1770000010728836,0.1809999942779541
2026-07-04 16:00:00+00:00,0.1809999942779541,0.18299999833106995,0.17900000512599945,0.17900000512599945
2026-07-04 20:00:00+00:00,0.17900000512599945,0.17900000512599945,0.17499999701976776,0.17599999904632568
2026-07-05 00:00:00+00:00,0.17599999904632568,0.17599999904632568,0.1720000058412552,0.17299999296665192
2026-07-05 04:00:00+00:00,0.17299999296665192,0.17399999499320984,0.1720000058412552,0.17399999499320984
2026-07-05 08:00:00+00:00,0.17399999499320984,0.17399999499320984,0.17100000381469727,0.17299999296665192
2026-07-05 12:00:00+00:00,0.17299999296665192,0.17599999904632568,0.1720000058412552,0.17499999701976776
2026-07-05 16:00:00+00:00,0.17499999701976776,0.17499999701976776,0.17299999296665192,0.17499999701976776
2026-07-05 20:00:00+00:00,0.17499999701976776,0.18000000715255737,0.17399999499320984,0.17800000309944153
2026-07-06 00:00:00+00:00,0.17800000309944153,0.17900000512599945,0.17599999904632568,0.1770000010728836
2026-07-06 04:00:00+00:00,0.1770000010728836,0.17900000512599945,0.17299999296665192,0.17599999904632568
2026-07-06 08:00:00+00:00,0.17599999904632568,0.17599999904632568,0.1720000058412552,0.1720000058412552
2026-07-06 12:00:00+00:00,0.1720000058412552,0.17499999701976776,0.1679999977350235,0.17499999701976776
2026-07-06 16:00:00+00:00,0.17499999701976776,0.17599999904632568,0.17000000178813934,0.1720000058412552
2026-07-06 20:00:00+00:00,0.1720000058412552,0.17599999904632568,0.17100000381469727,0.1720000058412552
2026-07-07 00:00:00+00:00,0.1720000058412552,0.1720000058412552,0.1679999977350235,0.1679999977350235
2026-07-07 04:00:00+00:00,0.1679999977350235,0.16899999976158142,0.16599999368190765,0.1679999977350235
2026-07-07 08:00:00+00:00,0.1679999977350235,0.1679999977350235,0.16699999570846558,0.1679999977350235
2026-07-07 12:00:00+00:00,0.1679999977350235,0.17100000381469727,0.16599999368190765,0.17000000178813934
2026-07-07 16:00:00+00:00,0.17000000178813934,0.17000000178813934,0.16599999368190765,0.1679999977350235
2026-07-07 20:00:00+00:00,0.1679999977350235,0.16899999976158142,0.164000004529953,0.16500000655651093
2026-07-08 00:00:00+00:00,0.16500000655651093,0.16599999368190765,0.1589999943971634,0.1599999964237213
2026-07-08 04:00:00+00:00,0.1599999964237213,0.1599999964237213,0.15700000524520874,0.1589999943971634
2026-07-08 08:00:00+00:00,0.1589999943971634,0.1589999943971634,0.15399999916553497,0.15800000727176666
2026-07-08 12:00:00+00:00,0.15800000727176666,0.15800000727176666,0.1550000011920929,0.15700000524520874
2026-07-08 16:00:00+00:00,0.15700000524520874,0.15800000727176666,0.15600000321865082,0.15700000524520874
2026-07-08 20:00:00+00:00,0.15700000524520874,0.15800000727176666,0.15600000321865082,0.15800000727176666
2026-07-09 00:00:00+00:00,0.15800000727176666,0.1589999943971634,0.15700000524520874,0.15800000727176666
2026-07-09 04:00:00+00:00,0.15800000727176666,0.16099999845027924,0.15800000727176666,0.1599999964237213
2026-07-09 08:00:00+00:00,0.1599999964237213,0.1599999964237213,0.15800000727176666,0.1589999943971634
2026-07-09 12:00:00+00:00,0.1589999943971634,0.16099999845027924,0.15800000727176666,0.1589999943971634
2026-07-09 16:00:00+00:00,0.1589999943971634,0.1599999964237213,0.15800000727176666,0.1589999943971634
2026-07-09 20:00:00+00:00,0.1589999943971634,0.1599999964237213,0.15700000524520874,0.15800000727176666
2026-07-10 00:00:00+00:00,0.15800000727176666,0.1599999964237213,0.15700000524520874,0.1599999964237213
2026-07-10 04:00:00+00:00,0.1599999964237213,0.16099999845027924,0.15800000727176666,0.15800000727176666
2026-07-10 08:00:00+00:00,0.15800000727176666,0.1599999964237213,0.15800000727176666,0.1599999964237213
2026-07-10 12:00:00+00:00,0.1599999964237213,0.1599999964237213,0.1509999930858612,0.15199999511241913
2026-07-10 16:00:00+00:00,0.15199999511241913,0.1550000011920929,0.15199999511241913,0.15399999916553497
2026-07-10 20:00:00+00:00,0.15399999916553497,0.1550000011920929,0.15299999713897705,0.15299999713897705
2026-07-11 00:00:00+00:00,0.15299999713897705,0.1550000011920929,0.15199999511241913,0.15399999916553497
2026-07-11 04:00:00+00:00,0.15399999916553497,0.1550000011920929,0.15299999713897705,0.15299999713897705
2026-07-11 08:00:00+00:00,0.15299999713897705,0.15399999916553497,0.1509999930858612,0.15299999713897705
2026-07-11 12:00:00+00:00,0.15299999713897705,0.1550000011920929,0.15199999511241913,0.15299999713897705
2026-07-11 16:00:00+00:00,0.15299999713897705,0.15399999916553497,0.15199999511241913,0.15299999713897705
2026-07-11 20:00:00+00:00,0.15299999713897705,0.1550000011920929,0.15000000596046448,0.15000000596046448
2026-07-12 00:00:00+00:00,0.15000000596046448,0.15299999713897705,0.14900000393390656,0.15199999511241913
2026-07-12 04:00:00+00:00,0.15199999511241913,0.15199999511241913,0.14900000393390656,0.15000000596046448
2026-07-12 08:00:00+00:00,0.15000000596046448,0.15000000596046448,0.14900000393390656,0.15000000596046448
2026-07-12 12:00:00+00:00,0.15000000596046448,0.1509999930858612,0.14900000393390656,0.15000000596046448
2026-07-12 16:00:00+00:00,0.15000000596046448,0.1509999930858612,0.14900000393390656,0.1509999930858612
2026-07-12 20:00:00+00:00,0.1509999930858612,0.1509999930858612,0.14800000190734863,0.14900000393390656
2026-07-13 00:00:00+00:00,0.14900000393390656,0.15199999511241913,0.1469999998807907,0.14800000190734863
2026-07-13 04:00:00+00:00,0.14800000190734863,0.1509999930858612,0.14800000190734863,0.15000000596046448
2026-07-13 08:00:00+00:00,0.15000000596046448,0.1509999930858612,0.14900000393390656,0.1509999930858612
2026-07-13 12:00:00+00:00,0.1509999930858612,0.15199999511241913,0.14900000393390656,0.14900000393390656
2026-07-13 16:00:00+00:00,0.14900000393390656,0.1509999930858612,0.14800000190734863,0.15000000596046448
2026-07-13 20:00:00+00:00,0.15000000596046448,0.1509999930858612,0.14800000190734863,0.1509999930858612
2026-07-14 00:00:00+00:00,0.1509999930858612,0.1550000011920929,0.1509999930858612,0.15399999916553497
2026-07-14 04:00:00+00:00,0.15399999916553497,0.15600000321865082,0.15199999511241913,0.15299999713897705
2026-07-14 08:00:00+00:00,0.15299999713897705,0.15299999713897705,0.1509999930858612,0.1509999930858612
2026-07-14 12:00:00+00:00,0.1509999930858612,0.15399999916553497,0.1509999930858612,0.15299999713897705
2026-07-14 16:00:00+00:00,0.15299999713897705,0.15399999916553497,0.15299999713897705,0.15299999713897705
2026-07-14 20:00:00+00:00,0.15299999713897705,0.15399999916553497,0.15199999511241913,0.15299999713897705
2026-07-15 00:00:00+00:00,0.15299999713897705,0.15600000321865082,0.15299999713897705,0.1550000011920929
2026-07-15 04:00:00+00:00,0.1550000011920929,0.15600000321865082,0.15299999713897705,0.15299999713897705
2026-07-15 08:00:00+00:00,0.15299999713897705,0.1550000011920929,0.15199999511241913,0.15299999713897705
2026-07-15 12:00:00+00:00,0.15299999713897705,0.15700000524520874,0.15299999713897705,0.15399999916553497
2026-07-15 16:00:00+00:00,0.15399999916553497,0.1550000011920929,0.15199999511241913,0.15299999713897705
2026-07-15 20:00:00+00:00,0.15299999713897705,0.15399999916553497,0.15199999511241913,0.15199999511241913
2026-07-16 00:00:00+00:00,0.15199999511241913,0.15399999916553497,0.1509999930858612,0.15199999511241913
2026-07-16 04:00:00+00:00,0.15199999511241913,0.15199999511241913,0.15000000596046448,0.15000000596046448
2026-07-16 08:00:00+00:00,0.15000000596046448,0.15199999511241913,0.14900000393390656,0.1509999930858612
2026-07-16 12:00:00+00:00,0.1509999930858612,0.15600000321865082,0.1509999930858612,0.1550000011920929
2026-07-16 16:00:00+00:00,0.1550000011920929,0.1550000011920929,0.15199999511241913,0.15399999916553497
2026-07-16 20:00:00+00:00,0.15399999916553497,0.1550000011920929,0.15000000596046448,0.1509999930858612
2026-07-17 00:00:00+00:00,0.1509999930858612,0.15199999511241913,0.15000000596046448,0.15199999511241913
2026-07-17 04:00:00+00:00,0.15199999511241913,0.15399999916553497,0.1509999930858612,0.15299999713897705
2026-07-17 08:00:00+00:00,0.15199999511241913,0.1550000011920929,0.15199999511241913,0.15299999713897705
2026-07-17 12:00:00+00:00,0.15299999713897705,0.1550000011920929,0.1509999930858612,0.15399999916553497
2026-07-17 16:00:00+00:00,0.15399999916553497,0.15600000321865082,0.15399999916553497,0.1550000011920929
2026-07-17 20:00:00+00:00,0.1550000011920929,0.15600000321865082,0.15399999916553497,0.15600000321865082
2026-07-18 00:00:00+00:00,0.15600000321865082,0.15800000727176666,0.15399999916553497,0.15700000524520874
2026-07-18 04:00:00+00:00,0.15700000524520874,0.15700000524520874,0.15299999713897705,0.15299999713897705
2026-07-18 08:00:00+00:00,0.15299999713897705,0.15399999916553497,0.15199999511241913,0.15299999713897705
2026-07-18 12:00:00+00:00,0.15299999713897705,0.15399999916553497,0.1509999930858612,0.15399999916553497
2026-07-18 16:00:00+00:00,0.15399999916553497,0.1550000011920929,0.15299999713897705,0.15399999916553497
2026-07-18 20:00:00+00:00,0.15399999916553497,0.1550000011920929,0.15299999713897705,0.15399999916553497
2026-07-19 00:00:00+00:00,0.15399999916553497,0.1550000011920929,0.15299999713897705,0.15299999713897705
2026-07-19 04:00:00+00:00,0.15299999713897705,0.15399999916553497,0.15199999511241913,0.15199999511241913
2026-07-19 08:00:00+00:00,0.15199999511241913,0.15399999916553497,0.15199999511241913,0.15299999713897705
2026-07-19 12:00:00+00:00,0.15299999713897705,0.15399999916553497,0.15199999511241913,0.15299999713897705
2026-07-19 16:00:00+00:00,0.15299999713897705,0.15299999713897705,0.1509999930858612,0.15199999511241913
2026-07-19 20:00:00+00:00,0.15199999511241913,0.15399999916553497,0.15199999511241913,0.15399999916553497
2026-07-20 00:00:00+00:00,0.1550000011920929,0.1550000011920929,0.15299999713897705,0.15299999713897705
2026-07-20 04:00:00+00:00,0.15299999713897705,0.15299999713897705,0.14900000393390656,0.1509999930858612
2026-07-20 08:00:00+00:00,0.1509999930858612,0.1509999930858612,0.14900000393390656,0.1509999930858612
2026-07-20 12:00:00+00:00,0.1509999930858612,0.15399999916553497,0.14800000190734863,0.15399999916553497
2026-07-20 16:00:00+00:00,0.15399999916553497,0.15600000321865082,0.15299999713897705,0.15299999713897705
2026-07-20 20:00:00+00:00,0.15299999713897705,0.1550000011920929,0.15199999511241913,0.15199999511241913
2026-07-21 00:00:00+00:00,0.15199999511241913,0.15299999713897705,0.15000000596046448,0.15299999713897705
2026-07-21 04:00:00+00:00,0.15299999713897705,0.15399999916553497,0.15199999511241913,0.15299999713897705
2026-07-21 08:00:00+00:00,0.15299999713897705,0.15600000321865082,0.15299999713897705,0.1550000011920929
2026-07-21 12:00:00+00:00,0.1550000011920929,0.1550000011920929,0.15299999713897705,0.15399999916553497
2026-07-21 16:00:00+00:00,0.15399999916553497,0.15399999916553497,0.15199999511241913,0.15299999713897705
2026-07-21 20:00:00+00:00,0.15299999713897705,0.15299999713897705,0.1509999930858612,0.15299999713897705
2026-07-22 00:00:00+00:00,0.15299999713897705,0.15399999916553497,0.15199999511241913,0.15299999713897705
2026-07-22 04:00:00+00:00,0.15299999713897705,0.15399999916553497,0.1509999930858612,0.1509999930858612
2026-07-22 08:00:00+00:00,0.1509999930858612,0.15299999713897705,0.1509999930858612,0.1509999930858612
2026-07-22 12:00:00+00:00,0.1509999930858612,0.1550000011920929,0.15000000596046448,0.15399999916553497
2026-07-22 16:00:00+00:00,0.15399999916553497,0.1550000011920929,0.15299999713897705,0.15399999916553497
2026-07-22 20:00:00+00:00,0.15399999916553497,0.15600000321865082,0.15399999916553497,0.1550000011920929
2026-07-23 00:00:00+00:00,0.15299999713897705,0.15399999916553497,0.15199999511241913,0.15299999713897705
