Datetime,Open,High,Low,Close
2024-07-23 00:00:00+00:00,0.6103216409683228,0.6143792271614075,0.6039283871650696,0.6136350035667419
2024-07-23 04:00:00+00:00,0.6137669086456299,0.6165673732757568,0.5959342122077942,0.5996385216712952
2024-07-23 08:00:00+00:00,0.5996663570404053,0.6067546010017395,0.5938910841941833,0.5973697304725647
2024-07-23 12:00:00+00:00,0.5972187519073486,0.602669894695282,0.589124858379364,0.601476788520813
2024-07-23 16:00:00+00:00,0.6015107035636902,0.6015107035636902,0.5843186974525452,0.5961575508117676
2024-07-23 20:00:00+00:00,0.5958700180053711,0.6020873785018921,0.5935885310173035,0.5974595546722412
2024-07-24 00:00:00+00:00,0.5974878668785095,0.6045233011245728,0.5928145051002502,0.604426383972168
2024-07-24 04:00:00+00:00,0.6044425368309021,0.6053837537765503,0.5978111624717712,0.6032453775405884
2024-07-24 08:00:00+00:00,0.6032719016075134,0.6320521235466003,0.6026134490966797,0.6301794052124023
2024-07-24 12:00:00+00:00,0.6300044655799866,0.6321554780006409,0.6202653646469116,0.6244956851005554
2024-07-24 16:00:00+00:00,0.6243568062782288,0.6248493790626526,0.6168603301048279,0.623074471950531
2024-07-24 20:00:00+00:00,0.6230335831642151,0.6273870468139648,0.607322096824646,0.6188518404960632
2024-07-25 00:00:00+00:00,0.6187501549720764,0.6215029954910278,0.5975989103317261,0.6060641407966614
2024-07-25 04:00:00+00:00,0.6058720350265503,0.6119709014892578,0.5990956425666809,0.6104427576065063
2024-07-25 08:00:00+00:00,0.6101114153862,0.6118793487548828,0.6004058718681335,0.6109426617622375
2024-07-25 12:00:00+00:00,0.6108841896057129,0.623717188835144,0.6027646660804749,0.617567241191864
2024-07-25 16:00:00+00:00,0.6175966858863831,0.6234792470932007,0.5986567139625549,0.6011659502983093
2024-07-25 20:00:00+00:00,0.6009501814842224,0.6017085909843445,0.5870916247367859,0.5998141169548035
2024-07-26 00:00:00+00:00,0.5998207330703735,0.6075699925422668,0.5984323620796204,0.6050283908843994
2024-07-26 04:00:00+00:00,0.605012834072113,0.6084526777267456,0.5995289087295532,0.5995289087295532
2024-07-26 08:00:00+00:00,0.599450409412384,0.6039621829986572,0.5975193381309509,0.6017020344734192
2024-07-26 12:00:00+00:00,0.6016522645950317,0.6016522645950317,0.5875166654586792,0.5926653146743774
2024-07-26 16:00:00+00:00,0.5927160382270813,0.6021109819412231,0.590822160243988,0.6004732251167297
2024-07-26 20:00:00+00:00,0.600443959236145,0.605268120765686,0.5977959632873535,0.6040689945220947
2024-07-27 00:00:00+00:00,0.603887677192688,0.603887677192688,0.5955626964569092,0.5974164605140686
2024-07-27 04:00:00+00:00,0.5973308086395264,0.6035948395729065,0.5969972014427185,0.6013292670249939
2024-07-27 08:00:00+00:00,0.6012619733810425,0.6029603481292725,0.5984326601028442,0.6012844443321228
2024-07-27 12:00:00+00:00,0.6011884808540344,0.6086520552635193,0.5970332622528076,0.5986825823783875
2024-07-27 16:00:00+00:00,0.5987344980239868,0.6000649929046631,0.5911203026771545,0.5971500277519226
2024-07-27 20:00:00+00:00,0.5972318649291992,0.601425051689148,0.5867538452148438,0.5967950820922852
2024-07-28 00:00:00+00:00,0.5959956645965576,0.6024128794670105,0.5922061800956726,0.6003878712654114
2024-07-28 04:00:00+00:00,0.6002393364906311,0.6045591235160828,0.5970547199249268,0.6040472388267517
2024-07-28 08:00:00+00:00,0.6040673851966858,0.6126001477241516,0.6031713485717773,0.6031743884086609
2024-07-28 12:00:00+00:00,0.6031597256660461,0.6044934391975403,0.597713053226471,0.6032332181930542
2024-07-28 16:00:00+00:00,0.6033465266227722,0.6051574349403381,0.600348711013794,0.6029126048088074
2024-07-28 20:00:00+00:00,0.6028993129730225,0.6028993129730225,0.5984143018722534,0.6019442081451416
2024-07-29 00:00:00+00:00,0.6018506288528442,0.6086291670799255,0.601036012172699,0.6066391468048096
2024-07-29 04:00:00+00:00,0.6066237688064575,0.6108145117759705,0.6058803200721741,0.6101732850074768
2024-07-29 08:00:00+00:00,0.6102039813995361,0.6113295555114746,0.6060215830802917,0.6087058186531067
2024-07-29 12:00:00+00:00,0.6087039113044739,0.6105570793151855,0.5951662063598633,0.5989798903465271
2024-07-29 16:00:00+00:00,0.5989779233932495,0.6061609983444214,0.5933008193969727,0.6054359078407288
2024-07-29 20:00:00+00:00,0.605427622795105,0.6089335680007935,0.6005772948265076,0.6020837426185608
2024-07-30 00:00:00+00:00,0.6020542979240417,0.6038956046104431,0.5962544083595276,0.6008989214897156
2024-07-30 04:00:00+00:00,0.6009010076522827,0.6016370058059692,0.5972903966903687,0.599917471408844
2024-07-30 08:00:00+00:00,0.5998990535736084,0.6349313855171204,0.5980768203735352,0.6318531036376953
2024-07-30 12:00:00+00:00,0.6318168640136719,0.6339014172554016,0.6131308078765869,0.6188169717788696
2024-07-30 16:00:00+00:00,0.6186507344245911,0.6339451670646667,0.6181010603904724,0.6274669766426086
2024-07-30 20:00:00+00:00,0.6277713775634766,0.6308361291885376,0.6207831501960754,0.627861499786377
2024-07-31 00:00:00+00:00,0.6278213858604431,0.6574985384941101,0.6265344023704529,0.6494216918945312
2024-07-31 04:00:00+00:00,0.6494091749191284,0.6536532640457153,0.6388847827911377,0.6468174457550049
2024-07-31 08:00:00+00:00,0.6466695666313171,0.6545095443725586,0.6442766189575195,0.6495051383972168
2024-07-31 12:00:00+00:00,0.649444580078125,0.6553488373756409,0.6458098888397217,0.6534265875816345
2024-07-31 16:00:00+00:00,0.6533185839653015,0.6533185839653015,0.6330431699752808,0.6333176493644714
2024-07-31 20:00:00+00:00,0.6333022117614746,0.6342258453369141,0.6238044500350952,0.6239343881607056
2024-08-01 00:00:00+00:00,0.6238834261894226,0.6294234395027161,0.6096499562263489,0.6113151907920837
2024-08-01 04:00:00+00:00,0.611262321472168,0.6130074262619019,0.5986530780792236,0.6086501479148865
2024-08-01 08:00:00+00:00,0.6085979342460632,0.6103948354721069,0.6018305420875549,0.6102254390716553
2024-08-01 12:00:00+00:00,0.6101927161216736,0.6129071116447449,0.5851893424987793,0.5888031125068665
2024-08-01 16:00:00+00:00,0.5881714224815369,0.5881714224815369,0.572106659412384,0.5823912620544434
2024-08-01 20:00:00+00:00,0.5823928117752075,0.5989754796028137,0.5788568258285522,0.596463143825531
2024-08-02 00:00:00+00:00,0.5964329242706299,0.5964329242706299,0.5810637474060059,0.5876303315162659
2024-08-02 04:00:00+00:00,0.5875341892242432,0.5875341892242432,0.559400200843811,0.5730654001235962
2024-08-02 08:00:00+00:00,0.5729442238807678,0.5776482224464417,0.567280113697052,0.574849545955658
2024-08-02 12:00:00+00:00,0.5748224258422852,0.5791203379631042,0.5496669411659241,0.562487006187439
2024-08-02 16:00:00+00:00,0.5620229840278625,0.5651713013648987,0.5558293461799622,0.5636261701583862
2024-08-02 20:00:00+00:00,0.5633905529975891,0.5719056725502014,0.5593343377113342,0.5607713460922241
2024-08-03 00:00:00+00:00,0.5607126355171204,0.5641043186187744,0.5446314215660095,0.5640791058540344
2024-08-03 04:00:00+00:00,0.5639476180076599,0.576528787612915,0.5620875954627991,0.5755177736282349
2024-08-03 08:00:00+00:00,0.5755684971809387,0.5755684971809387,0.566121518611908,0.5709121227264404
2024-08-03 12:00:00+00:00,0.5708311796188354,0.5729947090148926,0.5579925179481506,0.5579925179481506
2024-08-03 16:00:00+00:00,0.5580124855041504,0.5651605725288391,0.544925332069397,0.5449554920196533
2024-08-03 20:00:00+00:00,0.5441793203353882,0.5581871271133423,0.54253751039505,0.5563898682594299
2024-08-04 00:00:00+00:00,0.5563226342201233,0.5579893589019775,0.5516412854194641,0.5570811629295349
2024-08-04 04:00:00+00:00,0.5570853352546692,0.5582848191261292,0.5472697019577026,0.5476564168930054
2024-08-04 08:00:00+00:00,0.5476610064506531,0.5504899024963379,0.5434173345565796,0.5435513257980347
2024-08-04 12:00:00+00:00,0.5436232089996338,0.5492082834243774,0.5263294577598572,0.5284249186515808
2024-08-04 16:00:00+00:00,0.5284992456436157,0.5364626049995422,0.5165919065475464,0.5361651182174683
2024-08-04 20:00:00+00:00,0.5360763669013977,0.5393503308296204,0.5233561396598816,0.5233957767486572
2024-08-05 00:00:00+00:00,0.5233466625213623,0.5248674154281616,0.4675273001194,0.47659072279930115
2024-08-05 04:00:00+00:00,0.47567063570022583,0.4802287817001343,0.4427105188369751,0.4705359935760498
2024-08-05 08:00:00+00:00,0.470355749130249,0.470355749130249,0.440382182598114,0.45247364044189453
2024-08-05 12:00:00+00:00,0.4523501694202423,0.49165797233581543,0.434772253036499,0.4897214472293854
2024-08-05 16:00:00+00:00,0.4895334243774414,0.49838173389434814,0.47465184330940247,0.4795931279659271
2024-08-05 20:00:00+00:00,0.47952431440353394,0.4993046224117279,0.47952431440353394,0.48945796489715576
2024-08-06 00:00:00+00:00,0.48929837346076965,0.5153387188911438,0.48929837346076965,0.5129554271697998
2024-08-06 04:00:00+00:00,0.5128778219223022,0.5184480547904968,0.5074564814567566,0.5170353651046753
2024-08-06 08:00:00+00:00,0.5170004963874817,0.5170004963874817,0.4991193115711212,0.5048404932022095
2024-08-06 12:00:00+00:00,0.504684329032898,0.5164657235145569,0.49626749753952026,0.5108133554458618
2024-08-06 16:00:00+00:00,0.5109504461288452,0.5170973539352417,0.5095781087875366,0.5128304362297058
2024-08-06 20:00:00+00:00,0.5128382444381714,0.5150259137153625,0.5045254230499268,0.5056968331336975
2024-08-07 00:00:00+00:00,0.5058552026748657,0.5167649984359741,0.5023765563964844,0.5160474181175232
2024-08-07 04:00:00+00:00,0.5159679055213928,0.5188229084014893,0.5104279518127441,0.514385461807251
2024-08-07 08:00:00+00:00,0.5141789317131042,0.5191211104393005,0.5136317610740662,0.5149111747741699
2024-08-07 12:00:00+00:00,0.5148599147796631,0.5172425508499146,0.4942913353443146,0.5008092522621155
2024-08-07 16:00:00+00:00,0.5005968809127808,0.5282043814659119,0.4985980689525604,0.5282043814659119
2024-08-07 20:00:00+00:00,0.5299516916275024,0.6406195163726807,0.5198497176170349,0.6008485555648804
2024-08-08 00:00:00+00:00,0.6009946465492249,0.6226262450218201,0.5812752842903137,0.6151906847953796
2024-08-08 04:00:00+00:00,0.6146896481513977,0.6161960363388062,0.5964616537094116,0.606421947479248
2024-08-08 08:00:00+00:00,0.6063124537467957,0.6205267310142517,0.6063124537467957,0.6150731444358826
2024-08-08 12:00:00+00:00,0.615132749080658,0.6178327798843384,0.6027945876121521,0.613670289516449
2024-08-08 16:00:00+00:00,0.6138079166412354,0.6411305665969849,0.6086735129356384,0.6235825419425964
2024-08-08 20:00:00+00:00,0.6229633092880249,0.6229633092880249,0.6074005961418152,0.6175801753997803
2024-08-09 00:00:00+00:00,0.6175692677497864,0.6232593655586243,0.6102421879768372,0.6146979331970215
2024-08-09 04:00:00+00:00,0.61478590965271,0.6163389086723328,0.5996319055557251,0.6032661199569702
2024-08-09 08:00:00+00:00,0.603209376335144,0.6048839092254639,0.5841720104217529,0.5877137780189514
2024-08-09 12:00:00+00:00,0.5874309539794922,0.5879462361335754,0.5692842602729797,0.5734128952026367
2024-08-09 16:00:00+00:00,0.5734152793884277,0.5837253928184509,0.5734152793884277,0.5823148488998413
2024-08-09 20:00:00+00:00,0.5815677046775818,0.582675576210022,0.5752533078193665,0.5811509490013123
2024-08-10 00:00:00+00:00,0.5811371803283691,0.5928979516029358,0.5796298384666443,0.5898694396018982
2024-08-10 04:00:00+00:00,0.589656412601471,0.5913259983062744,0.585111141204834,0.586220383644104
2024-08-10 08:00:00+00:00,0.586263120174408,0.5901732444763184,0.5855997204780579,0.5893257260322571
2024-08-10 12:00:00+00:00,0.5893531441688538,0.6013343930244446,0.5893531441688538,0.5999380946159363
2024-08-10 16:00:00+00:00,0.5986943244934082,0.6008405685424805,0.590002179145813,0.5912290215492249
2024-08-10 20:00:00+00:00,0.5912545323371887,0.5953617095947266,0.5851303935050964,0.5855855941772461
2024-08-11 00:00:00+00:00,0.5853407979011536,0.5930418968200684,0.5848660469055176,0.5896379947662354
2024-08-11 04:00:00+00:00,0.5896648168563843,0.5929325819015503,0.5873703360557556,0.591628909111023
2024-08-11 08:00:00+00:00,0.5916488766670227,0.592406690120697,0.5750730037689209,0.576826274394989
2024-08-11 12:00:00+00:00,0.5767403244972229,0.5767403244972229,0.5660094022750854,0.5671579241752625
2024-08-11 16:00:00+00:00,0.5670640468597412,0.5710450410842896,0.560721755027771,0.5613512396812439
2024-08-11 20:00:00+00:00,0.5611151456832886,0.5611151456832886,0.547806978225708,0.5529314279556274
2024-08-12 00:00:00+00:00,0.5529882311820984,0.5659767985343933,0.5524455308914185,0.5650331377983093
2024-08-12 04:00:00+00:00,0.564987063407898,0.5696146488189697,0.558964729309082,0.5682100057601929
2024-08-12 08:00:00+00:00,0.5682411789894104,0.579037070274353,0.5681774020195007,0.5772003531455994
2024-08-12 12:00:00+00:00,0.5766509175300598,0.5768355131149292,0.5594578385353088,0.5725533366203308
2024-08-12 16:00:00+00:00,0.5723181366920471,0.5782833695411682,0.5622791647911072,0.5696295499801636
2024-08-12 20:00:00+00:00,0.5695903897285461,0.5718967318534851,0.5610272288322449,0.5687685012817383
2024-08-13 00:00:00+00:00,0.568799614906311,0.5722648501396179,0.5649163722991943,0.5652598142623901
2024-08-13 04:00:00+00:00,0.5653436779975891,0.5725944638252258,0.563950777053833,0.5720857977867126
2024-08-13 08:00:00+00:00,0.5723221898078918,0.5777496099472046,0.5667653679847717,0.5753415822982788
2024-08-13 12:00:00+00:00,0.5753300786018372,0.5780996084213257,0.568954348564148,0.5738248229026794
2024-08-13 16:00:00+00:00,0.5739284753799438,0.582947850227356,0.5739284753799438,0.5783414244651794
2024-08-13 20:00:00+00:00,0.578361988067627,0.5795272588729858,0.5751314163208008,0.5764081478118896
2024-08-14 00:00:00+00:00,0.5764490962028503,0.5809741020202637,0.5723045468330383,0.5795214176177979
2024-08-14 04:00:00+00:00,0.5795183777809143,0.5810344219207764,0.5753439664840698,0.5770549774169922
2024-08-14 08:00:00+00:00,0.5770993828773499,0.5818272233009338,0.5758746266365051,0.5806666612625122
2024-08-14 12:00:00+00:00,0.5804268717765808,0.5817371606826782,0.5664757490158081,0.5746048092842102
2024-08-14 16:00:00+00:00,0.5745410919189453,0.5754045248031616,0.5691986680030823,0.5715650916099548
2024-08-14 20:00:00+00:00,0.5703917145729065,0.5703917145729065,0.567099392414093,0.5691918730735779
2024-08-15 00:00:00+00:00,0.5691602826118469,0.5738334059715271,0.5686172842979431,0.5720390677452087
2024-08-15 04:00:00+00:00,0.5721273422241211,0.5723336935043335,0.5639049410820007,0.5662170648574829
2024-08-15 08:00:00+00:00,0.5662171244621277,0.5698015093803406,0.5634811520576477,0.5693239569664001
2024-08-15 12:00:00+00:00,0.5693768858909607,0.5726342797279358,0.5678765773773193,0.5723748207092285
2024-08-15 16:00:00+00:00,0.5723270177841187,0.5723270177841187,0.5544554591178894,0.5564131140708923
2024-08-15 20:00:00+00:00,0.5564820170402527,0.562248706817627,0.5525531768798828,0.560956597328186
2024-08-16 00:00:00+00:00,0.5609521269798279,0.5685045719146729,0.5587365031242371,0.5630749464035034
2024-08-16 04:00:00+00:00,0.5630168914794922,0.5691531896591187,0.5622673034667969,0.5671634078025818
2024-08-16 08:00:00+00:00,0.5672003626823425,0.5702572464942932,0.5657523274421692,0.566428542137146
2024-08-16 12:00:00+00:00,0.5663866996765137,0.5674456357955933,0.5548745393753052,0.5578457117080688
2024-08-16 16:00:00+00:00,0.5578698515892029,0.568572998046875,0.5574713349342346,0.5665891766548157
2024-08-16 20:00:00+00:00,0.5667068362236023,0.5678071975708008,0.5639660954475403,0.5645138025283813
2024-08-17 00:00:00+00:00,0.5644900798797607,0.5651980638504028,0.5621280074119568,0.5633981823921204
2024-08-17 04:00:00+00:00,0.5633888244628906,0.5659734010696411,0.5629489421844482,0.5647327303886414
2024-08-17 08:00:00+00:00,0.564805269241333,0.5652529001235962,0.5633714199066162,0.5649451017379761
2024-08-17 12:00:00+00:00,0.56497722864151,0.5691627264022827,0.5649371147155762,0.567539632320404
2024-08-17 16:00:00+00:00,0.567531943321228,0.5705392360687256,0.5673140287399292,0.5676116943359375
2024-08-17 20:00:00+00:00,0.5675744414329529,0.5677711963653564,0.5651843547821045,0.5663238167762756
2024-08-18 00:00:00+00:00,0.5663554072380066,0.5691394805908203,0.565672755241394,0.5667682886123657
2024-08-18 04:00:00+00:00,0.5667302012443542,0.5667302012443542,0.5652730464935303,0.5654796957969666
2024-08-18 08:00:00+00:00,0.565477728843689,0.5699321627616882,0.5651534795761108,0.5674802660942078
2024-08-18 12:00:00+00:00,0.5675461888313293,0.5786360502243042,0.5675461888313293,0.5735923647880554
2024-08-18 16:00:00+00:00,0.5736107230186462,0.5751170516014099,0.5694590210914612,0.5726003646850586
2024-08-18 20:00:00+00:00,0.5726008415222168,0.5740658640861511,0.5639044046401978,0.5639044046401978
2024-08-19 00:00:00+00:00,0.5638460516929626,0.5676870346069336,0.5623267889022827,0.5663988590240479
2024-08-19 04:00:00+00:00,0.5664097666740417,0.5759263038635254,0.565767228603363,0.5736748576164246
2024-08-19 08:00:00+00:00,0.5737093687057495,0.5894978046417236,0.5737093687057495,0.584096372127533
2024-08-19 12:00:00+00:00,0.5855827331542969,0.5860285758972168,0.5764093399047852,0.5803536772727966
2024-08-19 16:00:00+00:00,0.5802052617073059,0.6084324717521667,0.5795910358428955,0.602975606918335
2024-08-19 20:00:00+00:00,0.6029694080352783,0.6029694080352783,0.5953798890113831,0.5986097455024719
2024-08-20 00:00:00+00:00,0.5986140370368958,0.6093847751617432,0.5980013608932495,0.6067219376564026
2024-08-20 04:00:00+00:00,0.6069025993347168,0.6131097078323364,0.6065638661384583,0.6073288321495056
2024-08-20 08:00:00+00:00,0.6073374152183533,0.6144468188285828,0.6073374152183533,0.6089559197425842
2024-08-20 12:00:00+00:00,0.6089590787887573,0.6092361807823181,0.5889542698860168,0.5904011726379395
2024-08-20 16:00:00+00:00,0.5904176831245422,0.6027709245681763,0.590383768081665,0.6011897921562195
2024-08-20 20:00:00+00:00,0.6012997627258301,0.6012997627258301,0.5936774611473083,0.5944418907165527
2024-08-21 00:00:00+00:00,0.5943587422370911,0.6002210378646851,0.5933076739311218,0.596110463142395
2024-08-21 04:00:00+00:00,0.5960932374000549,0.599263608455658,0.594845175743103,0.5985093116760254
2024-08-21 08:00:00+00:00,0.5985214710235596,0.5994318127632141,0.5946158170700073,0.5969946980476379
2024-08-21 12:00:00+00:00,0.5969182252883911,0.5972829461097717,0.5867795348167419,0.5933540463447571
2024-08-21 16:00:00+00:00,0.5932866930961609,0.6052265167236328,0.5912784337997437,0.601874053478241
2024-08-21 20:00:00+00:00,0.6024823784828186,0.6038737893104553,0.5994775891304016,0.6002786159515381
2024-08-22 00:00:00+00:00,0.600347638130188,0.6010410785675049,0.5940837860107422,0.598414421081543
2024-08-22 04:00:00+00:00,0.5984386205673218,0.6038651466369629,0.5972726345062256,0.6020152568817139
2024-08-22 08:00:00+00:00,0.6019924283027649,0.6037394404411316,0.5990555882453918,0.6033371686935425
2024-08-22 12:00:00+00:00,0.6033111214637756,0.6033111214637756,0.5956169366836548,0.5964564085006714
2024-08-22 16:00:00+00:00,0.5964338183403015,0.6000201106071472,0.5958774089813232,0.5991179347038269
2024-08-22 20:00:00+00:00,0.5991374254226685,0.5992415547370911,0.595221996307373,0.5976001620292664
2024-08-23 00:00:00+00:00,0.5976113677024841,0.601399838924408,0.5972020626068115,0.5985289812088013
2024-08-23 04:00:00+00:00,0.5985357165336609,0.6012113690376282,0.5974018573760986,0.5994089245796204
2024-08-23 08:00:00+00:00,0.599439799785614,0.6005487442016602,0.597625732421875,0.5976330041885376
2024-08-23 12:00:00+00:00,0.597611665725708,0.6026850938796997,0.5944469571113586,0.5998209714889526
2024-08-23 16:00:00+00:00,0.5998197793960571,0.609549343585968,0.5989252924919128,0.6077564358711243
2024-08-23 20:00:00+00:00,0.6077685356140137,0.6154587864875793,0.6069892048835754,0.6112378239631653
2024-08-24 00:00:00+00:00,0.6112643480300903,0.6114386916160583,0.6056468486785889,0.6084611415863037
2024-08-24 04:00:00+00:00,0.6084410548210144,0.6122749447822571,0.6071716547012329,0.609794020652771
2024-08-24 08:00:00+00:00,0.609693706035614,0.6143394708633423,0.608453094959259,0.6116020679473877
2024-08-24 12:00:00+00:00,0.6114038228988647,0.63041090965271,0.6110196113586426,0.6198884844779968
2024-08-24 16:00:00+00:00,0.6198856830596924,0.6259791254997253,0.6187301874160767,0.620062530040741
2024-08-24 20:00:00+00:00,0.6200968623161316,0.624152660369873,0.6086493730545044,0.6131096482276917
2024-08-25 00:00:00+00:00,0.6131168603897095,0.613743245601654,0.6058523058891296,0.6072357892990112
2024-08-25 04:00:00+00:00,0.6070501804351807,0.6093543767929077,0.5967028737068176,0.5986592769622803
2024-08-25 08:00:00+00:00,0.598750114440918,0.6028280258178711,0.5981867909431458,0.601591944694519
2024-08-25 12:00:00+00:00,0.6016260385513306,0.6056616902351379,0.6010355949401855,0.6029436588287354
2024-08-25 16:00:00+00:00,0.6029930114746094,0.6042258739471436,0.6003393530845642,0.6006419658660889
2024-08-25 20:00:00+00:00,0.6006407737731934,0.6044254899024963,0.600057065486908,0.6001859307289124
2024-08-26 00:00:00+00:00,0.6004966497421265,0.6021768450737,0.593256413936615,0.5967943668365479
2024-08-26 04:00:00+00:00,0.5968426465988159,0.5980342030525208,0.5928875207901001,0.5952205657958984
2024-08-26 08:00:00+00:00,0.5952645540237427,0.5992134213447571,0.5947622060775757,0.5963793396949768
2024-08-26 12:00:00+00:00,0.5963903665542603,0.5963903665542603,0.5878378748893738,0.5936206579208374
2024-08-26 16:00:00+00:00,0.5931392312049866,0.5936489701271057,0.5804761648178101,0.5818718075752258
2024-08-26 20:00:00+00:00,0.5816774368286133,0.5899342894554138,0.5806279182434082,0.5874537825584412
2024-08-27 00:00:00+00:00,0.5874888300895691,0.5940071940422058,0.5873766541481018,0.593046247959137
2024-08-27 04:00:00+00:00,0.5930721163749695,0.5942195653915405,0.5875329971313477,0.5908240079879761
2024-08-27 08:00:00+00:00,0.5908674597740173,0.5922369956970215,0.5846613645553589,0.5874572992324829
2024-08-27 12:00:00+00:00,0.5872951745986938,0.5982978940010071,0.585951030254364,0.5943397283554077
2024-08-27 16:00:00+00:00,0.5942767262458801,0.5994877219200134,0.5926088094711304,0.5929617881774902
2024-08-27 20:00:00+00:00,0.5932114720344543,0.5932114720344543,0.5584307312965393,0.5675475001335144
2024-08-28 00:00:00+00:00,0.5668323636054993,0.5693740248680115,0.5616067051887512,0.5681207180023193
2024-08-28 04:00:00+00:00,0.5680212378501892,0.5747932195663452,0.5680212378501892,0.570589005947113
2024-08-28 08:00:00+00:00,0.5694915056228638,0.5835888981819153,0.5680612325668335,0.5814192891120911
2024-08-28 12:00:00+00:00,0.581410825252533,0.5841801762580872,0.5654433369636536,0.5688399076461792
2024-08-28 16:00:00+00:00,0.5688412189483643,0.5768064856529236,0.5582309365272522,0.5746310353279114
2024-08-28 20:00:00+00:00,0.574421226978302,0.5759185552597046,0.5668805241584778,0.5698490738868713
2024-08-29 00:00:00+00:00,0.5698344707489014,0.5732195973396301,0.568619966506958,0.5712631940841675
2024-08-29 04:00:00+00:00,0.5712612867355347,0.5763934850692749,0.5707777738571167,0.5750118494033813
2024-08-29 08:00:00+00:00,0.5750133991241455,0.5757491588592529,0.5719782114028931,0.5752068161964417
2024-08-29 12:00:00+00:00,0.5751408338546753,0.5751858949661255,0.5715881586074829,0.5724008083343506
2024-08-29 16:00:00+00:00,0.5723393559455872,0.5753534436225891,0.5607818961143494,0.5627489686012268
2024-08-29 20:00:00+00:00,0.5628477931022644,0.5649694800376892,0.5592858791351318,0.562057614326477
2024-08-30 00:00:00+00:00,0.5620755553245544,0.5647369623184204,0.5608610510826111,0.5618470907211304
2024-08-30 04:00:00+00:00,0.5617766380310059,0.5650220513343811,0.5594457983970642,0.5645325183868408
2024-08-30 08:00:00+00:00,0.56461101770401,0.5651053190231323,0.5619230270385742,0.5639718174934387
2024-08-30 12:00:00+00:00,0.5639036893844604,0.5667060613632202,0.5488379597663879,0.5488379597663879
2024-08-30 16:00:00+00:00,0.549159049987793,0.5625864863395691,0.5482009649276733,0.5624192953109741
2024-08-30 20:00:00+00:00,0.5623359680175781,0.5672692060470581,0.5608034133911133,0.5670262575149536
2024-08-31 00:00:00+00:00,0.5669649243354797,0.5679532289505005,0.5652273893356323,0.5652323961257935
2024-08-31 04:00:00+00:00,0.5652170777320862,0.5682803392410278,0.5650116801261902,0.566933274269104
2024-08-31 08:00:00+00:00,0.5668667554855347,0.5717450380325317,0.5653254389762878,0.5690189599990845
2024-08-31 12:00:00+00:00,0.569056510925293,0.5696991682052612,0.5653371214866638,0.5662029981613159
2024-08-31 16:00:00+00:00,0.5662071108818054,0.5677716135978699,0.5633259415626526,0.5677596926689148
2024-08-31 20:00:00+00:00,0.5677940845489502,0.5681419968605042,0.5659372210502625,0.5663118958473206
2024-09-01 00:00:00+00:00,0.5663220286369324,0.566566526889801,0.5594524145126343,0.5608263611793518
2024-09-01 04:00:00+00:00,0.560822069644928,0.560822069644928,0.5544626116752625,0.5589437484741211
2024-09-01 08:00:00+00:00,0.5589856505393982,0.5600997805595398,0.5563941597938538,0.5579058527946472
2024-09-01 12:00:00+00:00,0.5579081773757935,0.5587493777275085,0.5529062747955322,0.5566125512123108
2024-09-01 16:00:00+00:00,0.5566713809967041,0.5604957938194275,0.5528249740600586,0.5590790510177612
2024-09-01 20:00:00+00:00,0.5591172575950623,0.561752438545227,0.5449312925338745,0.5479863882064819
2024-09-02 00:00:00+00:00,0.5479080080986023,0.5503056049346924,0.5470579862594604,0.549656331539154
2024-09-02 04:00:00+00:00,0.5496907830238342,0.5505393743515015,0.5454893708229065,0.5461258292198181
2024-09-02 08:00:00+00:00,0.5461366176605225,0.5569053292274475,0.5461366176605225,0.5553700923919678
2024-09-02 12:00:00+00:00,0.5551666617393494,0.5591066479682922,0.5516195297241211,0.5581393837928772
2024-09-02 16:00:00+00:00,0.5582256317138672,0.566486656665802,0.5560756325721741,0.5664699673652649
2024-09-02 20:00:00+00:00,0.5674726963043213,0.5682480335235596,0.5650599598884583,0.567587673664093
2024-09-03 00:00:00+00:00,0.5676422715187073,0.571979284286499,0.566082775592804,0.5668205618858337
2024-09-03 04:00:00+00:00,0.5667795538902283,0.569019615650177,0.5655508637428284,0.569019615650177
2024-09-03 08:00:00+00:00,0.5690208673477173,0.5714854598045349,0.566765546798706,0.569372832775116
2024-09-03 12:00:00+00:00,0.5694159269332886,0.5719217658042908,0.5583975315093994,0.5595675706863403
2024-09-03 16:00:00+00:00,0.5593223571777344,0.5650319457054138,0.5592762231826782,0.5645312666893005
2024-09-03 20:00:00+00:00,0.5653795599937439,0.5670582056045532,0.5573984384536743,0.5573984384536743
2024-09-04 00:00:00+00:00,0.5570937395095825,0.5601601600646973,0.5402465462684631,0.5536307096481323
2024-09-04 04:00:00+00:00,0.5531206130981445,0.5549348592758179,0.550076961517334,0.5542691946029663
2024-09-04 08:00:00+00:00,0.5544747710227966,0.5565121173858643,0.5496344566345215,0.551520824432373
2024-09-04 12:00:00+00:00,0.5509822368621826,0.56251460313797,0.5480121970176697,0.56251460313797
2024-09-04 16:00:00+00:00,0.5625190138816833,0.5644969940185547,0.556930422782898,0.5572631359100342
2024-09-04 20:00:00+00:00,0.5576032400131226,0.5607699155807495,0.55645751953125,0.5581767559051514
2024-09-05 00:00:00+00:00,0.5580683350563049,0.5594264268875122,0.5527940988540649,0.5534295439720154
2024-09-05 04:00:00+00:00,0.5531114339828491,0.5543667674064636,0.5510215759277344,0.5536323189735413
2024-09-05 08:00:00+00:00,0.5536106824874878,0.5543265342712402,0.5489625930786133,0.5502781867980957
2024-09-05 12:00:00+00:00,0.5502296090126038,0.5548253655433655,0.5466431975364685,0.5471950173377991
2024-09-05 16:00:00+00:00,0.5466458201408386,0.5475397109985352,0.5414973497390747,0.5425602793693542
2024-09-05 20:00:00+00:00,0.5426197648048401,0.5448521971702576,0.5421327948570251,0.5441950559616089
2024-09-06 00:00:00+00:00,0.5443759560585022,0.5469942688941956,0.5411416888237,0.5460375547409058
2024-09-06 04:00:00+00:00,0.546043336391449,0.546325147151947,0.5334581732749939,0.535610020160675
2024-09-06 08:00:00+00:00,0.5356191992759705,0.5385265946388245,0.5345290303230286,0.5383346676826477
2024-09-06 12:00:00+00:00,0.538340151309967,0.5446882843971252,0.525749683380127,0.5262089371681213
2024-09-06 16:00:00+00:00,0.5260834693908691,0.5261433124542236,0.5139649510383606,0.5157926678657532
2024-09-06 20:00:00+00:00,0.5154297351837158,0.5216599702835083,0.5060657262802124,0.5213482975959778
2024-09-07 00:00:00+00:00,0.5212239027023315,0.523683488368988,0.5200590491294861,0.5221142768859863
2024-09-07 04:00:00+00:00,0.5222517848014832,0.5304453372955322,0.5222517848014832,0.5297558903694153
2024-09-07 08:00:00+00:00,0.5299780964851379,0.5299780964851379,0.5269650816917419,0.5273051261901855
2024-09-07 12:00:00+00:00,0.5277548432350159,0.5327150225639343,0.5277548432350159,0.5319047570228577
2024-09-07 16:00:00+00:00,0.5318596363067627,0.5320256948471069,0.5271079540252686,0.5308100581169128
2024-09-07 20:00:00+00:00,0.5306061506271362,0.5306084752082825,0.5235499143600464,0.5250927805900574
2024-09-08 00:00:00+00:00,0.5250385999679565,0.5280176997184753,0.5244379639625549,0.5280176997184753
2024-09-08 04:00:00+00:00,0.5280865430831909,0.5301268100738525,0.5280865430831909,0.5295721888542175
2024-09-08 08:00:00+00:00,0.5293789505958557,0.5310078263282776,0.5286324620246887,0.5292856693267822
2024-09-08 12:00:00+00:00,0.5292398929595947,0.5293711423873901,0.5232619643211365,0.5232619643211365
2024-09-08 16:00:00+00:00,0.5232076644897461,0.5270317196846008,0.521809995174408,0.5256099700927734
2024-09-08 20:00:00+00:00,0.5256167054176331,0.5307924747467041,0.524452269077301,0.5293100476264954
2024-09-09 00:00:00+00:00,0.5293367505073547,0.5307698845863342,0.5278283357620239,0.5303331017494202
2024-09-09 04:00:00+00:00,0.5303391218185425,0.5311444997787476,0.5275298953056335,0.5308449864387512
2024-09-09 08:00:00+00:00,0.5308606624603271,0.5333442091941833,0.5304168462753296,0.5313617587089539
2024-09-09 12:00:00+00:00,0.5313637256622314,0.5330305695533752,0.5285443067550659,0.5300517678260803
2024-09-09 16:00:00+00:00,0.5300216674804688,0.53889000415802,0.5296596884727478,0.5387502312660217
2024-09-09 20:00:00+00:00,0.5388274788856506,0.5421631932258606,0.5369917154312134,0.5396333932876587
2024-09-10 00:00:00+00:00,0.539665699005127,0.539665699005127,0.5340853333473206,0.5340873003005981
2024-09-10 04:00:00+00:00,0.5340493321418762,0.5398883819580078,0.533988893032074,0.5395277738571167
2024-09-10 08:00:00+00:00,0.5395203232765198,0.5412184596061707,0.5369784832000732,0.5387091636657715
2024-09-10 12:00:00+00:00,0.538697361946106,0.5401066541671753,0.5360861420631409,0.5370485186576843
2024-09-10 16:00:00+00:00,0.5369012951850891,0.5412187576293945,0.5361859798431396,0.5403711795806885
2024-09-10 20:00:00+00:00,0.5403942465782166,0.5426063537597656,0.5398310422897339,0.5410768389701843
2024-09-11 00:00:00+00:00,0.5410604476928711,0.5410604476928711,0.5329873561859131,0.5332962274551392
2024-09-11 04:00:00+00:00,0.5332967638969421,0.5348634123802185,0.5308632254600525,0.5338897109031677
2024-09-11 08:00:00+00:00,0.5338843464851379,0.5342956185340881,0.5319372415542603,0.5339357256889343
2024-09-11 12:00:00+00:00,0.5339207649230957,0.5347058773040771,0.5239654779434204,0.5321055054664612
2024-09-11 16:00:00+00:00,0.5321096181869507,0.5380719304084778,0.5320934057235718,0.5372616648674011
2024-09-11 20:00:00+00:00,0.5372235774993896,0.5375397801399231,0.5351079702377319,0.5353062748908997
2024-09-12 00:00:00+00:00,0.5353066921234131,0.5389361381530762,0.5341312885284424,0.5374941229820251
2024-09-12 04:00:00+00:00,0.5374764800071716,0.538748025894165,0.535485029220581,0.5381854772567749
2024-09-12 08:00:00+00:00,0.5381868481636047,0.5392788052558899,0.5371116995811462,0.5372456908226013
2024-09-12 12:00:00+00:00,0.537233293056488,0.5806654691696167,0.536392092704773,0.557317316532135
2024-09-12 16:00:00+00:00,0.5574068427085876,0.5634980201721191,0.555372416973114,0.5624023675918579
2024-09-12 20:00:00+00:00,0.5626323819160461,0.566096305847168,0.5616602301597595,0.5625759959220886
2024-09-13 00:00:00+00:00,0.5625718235969543,0.563025712966919,0.5564537644386292,0.5611461997032166
2024-09-13 04:00:00+00:00,0.5611116290092468,0.5721161365509033,0.5607390403747559,0.5638027191162109
2024-09-13 08:00:00+00:00,0.5637868642807007,0.5683227777481079,0.5628828406333923,0.5629099607467651
2024-09-13 12:00:00+00:00,0.5628315806388855,0.5723497271537781,0.5628315806388855,0.571414053440094
2024-09-13 16:00:00+00:00,0.5713381171226501,0.5714558959007263,0.5670902729034424,0.5671075582504272
2024-09-13 20:00:00+00:00,0.5672929286956787,0.5744969248771667,0.5672929286956787,0.5731491446495056
2024-09-14 00:00:00+00:00,0.5731807947158813,0.5797619819641113,0.5711837410926819,0.5781053304672241
2024-09-14 04:00:00+00:00,0.5780794620513916,0.5801835060119629,0.5753077864646912,0.5795867443084717
2024-09-14 08:00:00+00:00,0.5795527696609497,0.5913865566253662,0.5789301991462708,0.587392270565033
2024-09-14 12:00:00+00:00,0.5874068140983582,0.5897785425186157,0.584334135055542,0.5871772766113281
2024-09-14 16:00:00+00:00,0.5871973037719727,0.5930236577987671,0.586993932723999,0.5911251306533813
2024-09-14 20:00:00+00:00,0.5911163091659546,0.5985521078109741,0.5906847715377808,0.5961992740631104
2024-09-15 00:00:00+00:00,0.5962035059928894,0.5962035059928894,0.5880451202392578,0.5883771181106567
2024-09-15 04:00:00+00:00,0.5883685946464539,0.5896284580230713,0.5862110257148743,0.58882075548172
2024-09-15 08:00:00+00:00,0.5888404846191406,0.5902778506278992,0.5820775032043457,0.5835879445075989
2024-09-15 12:00:00+00:00,0.5835541486740112,0.5894116759300232,0.5829904079437256,0.588530421257019
2024-09-15 16:00:00+00:00,0.5885173082351685,0.5886795520782471,0.5830193161964417,0.5841438174247742
2024-09-15 20:00:00+00:00,0.5840986371040344,0.5840986371040344,0.5705563426017761,0.570974588394165
2024-09-16 00:00:00+00:00,0.5709496140480042,0.5712070465087891,0.5608184933662415,0.5680694580078125
2024-09-16 04:00:00+00:00,0.568173885345459,0.5743672251701355,0.5674887299537659,0.5719432234764099
2024-09-16 08:00:00+00:00,0.5719497203826904,0.5742750763893127,0.5693551898002625,0.5708708763122559
2024-09-16 12:00:00+00:00,0.5708644390106201,0.5734568238258362,0.5657994151115417,0.5687663555145264
2024-09-16 16:00:00+00:00,0.5687824487686157,0.5898202657699585,0.5687257051467896,0.5884572267532349
2024-09-16 20:00:00+00:00,0.588119387626648,0.588119387626648,0.5792698860168457,0.585416853427887
2024-09-17 00:00:00+00:00,0.585730791091919,0.587685763835907,0.5793675780296326,0.5868713855743408
2024-09-17 04:00:00+00:00,0.5868492722511292,0.5899661779403687,0.583976686000824,0.5855650305747986
2024-09-17 08:00:00+00:00,0.5854846239089966,0.5878381133079529,0.5842964053153992,0.5851619243621826
2024-09-17 12:00:00+00:00,0.5850411057472229,0.5931077003479004,0.5813633799552917,0.5906158089637756
2024-09-17 16:00:00+00:00,0.5906814932823181,0.5906814932823181,0.5852044820785522,0.588219940662384
2024-09-17 20:00:00+00:00,0.5884671211242676,0.5892922878265381,0.5838268399238586,0.5845010876655579
2024-09-18 00:00:00+00:00,0.5844612121582031,0.5844612121582031,0.5766551494598389,0.5810424089431763
2024-09-18 04:00:00+00:00,0.581025242805481,0.581025242805481,0.5762404203414917,0.5778933763504028
2024-09-18 08:00:00+00:00,0.5778607130050659,0.5780060291290283,0.570651113986969,0.5740013122558594
2024-09-18 12:00:00+00:00,0.5737534165382385,0.5737534165382385,0.5630918145179749,0.565133273601532
2024-09-18 16:00:00+00:00,0.5650668144226074,0.579505443572998,0.5646419525146484,0.574827253818512
2024-09-18 20:00:00+00:00,0.5748482346534729,0.5854660272598267,0.5724732875823975,0.585247814655304
2024-09-19 00:00:00+00:00,0.5852990746498108,0.5894272923469543,0.5819118022918701,0.5851945281028748
2024-09-19 04:00:00+00:00,0.5852317214012146,0.5881729125976562,0.5830050706863403,0.5849077701568604
2024-09-19 08:00:00+00:00,0.5849253535270691,0.5861415266990662,0.5819893479347229,0.5857279896736145
2024-09-19 12:00:00+00:00,0.5857492685317993,0.5924205780029297,0.5841739773750305,0.5862401723861694
2024-09-19 16:00:00+00:00,0.5862918496131897,0.5940314531326294,0.5862918496131897,0.589741051197052
2024-09-19 20:00:00+00:00,0.5897443294525146,0.5933317542076111,0.5854374170303345,0.587377667427063
2024-09-20 00:00:00+00:00,0.587306797504425,0.5876947641372681,0.5780898332595825,0.5874418020248413
2024-09-20 04:00:00+00:00,0.5876551270484924,0.5921149849891663,0.5862919092178345,0.5908787250518799
2024-09-20 08:00:00+00:00,0.5909680128097534,0.5910035967826843,0.5844196081161499,0.5852558612823486
2024-09-20 12:00:00+00:00,0.5852572917938232,0.5875012278556824,0.578323245048523,0.5802591443061829
2024-09-20 16:00:00+00:00,0.5802567601203918,0.5837360620498657,0.5769668817520142,0.5831705331802368
2024-09-20 20:00:00+00:00,0.5831677317619324,0.5879676938056946,0.5831677317619324,0.5851705074310303
2024-09-21 00:00:00+00:00,0.5851687788963318,0.5852037072181702,0.5809243321418762,0.5817868709564209
2024-09-21 04:00:00+00:00,0.5817940831184387,0.5835685133934021,0.5805744528770447,0.5834149122238159
2024-09-21 08:00:00+00:00,0.583425760269165,0.5853368043899536,0.5828238129615784,0.5846530795097351
2024-09-21 12:00:00+00:00,0.5846490859985352,0.5876929759979248,0.5838769674301147,0.5869234204292297
2024-09-21 16:00:00+00:00,0.5869317650794983,0.6098633408546448,0.5869317650794983,0.6009235382080078
2024-09-21 20:00:00+00:00,0.6008683443069458,0.6034396886825562,0.5956000685691833,0.5981457233428955
2024-09-22 00:00:00+00:00,0.5978627800941467,0.6040437817573547,0.5959039330482483,0.5993784070014954
2024-09-22 04:00:00+00:00,0.5990774035453796,0.5997363328933716,0.5940967202186584,0.5958977341651917
2024-09-22 08:00:00+00:00,0.5960580110549927,0.5968197584152222,0.5914679169654846,0.5933159589767456
2024-09-22 12:00:00+00:00,0.5933050513267517,0.5937423706054688,0.5854474306106567,0.5892080664634705
2024-09-22 16:00:00+00:00,0.589167058467865,0.5928837060928345,0.5862097144126892,0.590505838394165
2024-09-22 20:00:00+00:00,0.5902643799781799,0.5917752981185913,0.5796117782592773,0.5876209735870361
2024-09-23 00:00:00+00:00,0.587568998336792,0.5951306819915771,0.5816353559494019,0.5936789512634277
2024-09-23 04:00:00+00:00,0.5936599373817444,0.5952118039131165,0.588483452796936,0.5890285968780518
2024-09-23 08:00:00+00:00,0.588908314704895,0.5896685719490051,0.5841793417930603,0.5861306190490723
2024-09-23 12:00:00+00:00,0.5864096283912659,0.5899770259857178,0.5847434997558594,0.5885511636734009
2024-09-23 16:00:00+00:00,0.5883851051330566,0.5888375043869019,0.584782600402832,0.5875611305236816
2024-09-23 20:00:00+00:00,0.5875599980354309,0.5875847935676575,0.5842903256416321,0.5850648283958435
2024-09-24 00:00:00+00:00,0.5850513577461243,0.585892379283905,0.5819795727729797,0.5851617455482483
2024-09-24 04:00:00+00:00,0.5851925611495972,0.587356448173523,0.5839337706565857,0.5867221355438232
2024-09-24 08:00:00+00:00,0.5866934657096863,0.5902798175811768,0.5866934657096863,0.58808434009552
2024-09-24 12:00:00+00:00,0.5880740880966187,0.5907756090164185,0.5824205279350281,0.5838813185691833
2024-09-24 16:00:00+00:00,0.5838375091552734,0.5914365649223328,0.5829865336418152,0.5913669466972351
2024-09-24 20:00:00+00:00,0.5913479328155518,0.5923768281936646,0.5890137553215027,0.5915452837944031
2024-09-25 00:00:00+00:00,0.5915331244468689,0.594774067401886,0.590042233467102,0.5926302075386047
2024-09-25 04:00:00+00:00,0.5927203297615051,0.5934885144233704,0.5857387185096741,0.587482750415802
2024-09-25 08:00:00+00:00,0.5874556303024292,0.5906127095222473,0.5869696140289307,0.5906127095222473
2024-09-25 12:00:00+00:00,0.5906170606613159,0.5918219089508057,0.5859496593475342,0.5859496593475342
2024-09-25 16:00:00+00:00,0.586000382900238,0.5873496532440186,0.5834763050079346,0.5852569937705994
2024-09-25 20:00:00+00:00,0.5852466821670532,0.587215006351471,0.5829935669898987,0.5835439562797546
2024-09-26 00:00:00+00:00,0.5835181474685669,0.5842492580413818,0.5769472718238831,0.5819065570831299
2024-09-26 04:00:00+00:00,0.5819012522697449,0.5885992050170898,0.5818856358528137,0.5882789492607117
2024-09-26 08:00:00+00:00,0.5882788300514221,0.5909045338630676,0.5864033102989197,0.5899456739425659
2024-09-26 12:00:00+00:00,0.5899157524108887,0.593532383441925,0.5886192321777344,0.5928410291671753
2024-09-26 16:00:00+00:00,0.5928118824958801,0.5959876179695129,0.5916042923927307,0.5933738350868225
2024-09-26 20:00:00+00:00,0.5933438539505005,0.5934156775474548,0.5883126258850098,0.5904243588447571
2024-09-27 00:00:00+00:00,0.5904404520988464,0.590925931930542,0.5833213925361633,0.5864836573600769
2024-09-27 04:00:00+00:00,0.5864970088005066,0.5922406911849976,0.5864970088005066,0.5892391204833984
2024-09-27 08:00:00+00:00,0.589268684387207,0.5920482873916626,0.5862808227539062,0.5870221853256226
2024-09-27 12:00:00+00:00,0.5870451331138611,0.5969210267066956,0.5870451331138611,0.5888965129852295
2024-09-27 16:00:00+00:00,0.5888919234275818,0.5911597013473511,0.5863671898841858,0.5863896012306213
2024-09-27 20:00:00+00:00,0.586437463760376,0.5892487168312073,0.5853926539421082,0.5889350771903992
2024-09-28 00:00:00+00:00,0.5889381766319275,0.5927556157112122,0.5886120796203613,0.5907558798789978
2024-09-28 04:00:00+00:00,0.59077388048172,0.6080144643783569,0.5865494012832642,0.6074076294898987
2024-09-28 08:00:00+00:00,0.6077820658683777,0.6213200092315674,0.5981777906417847,0.6175296306610107
2024-09-28 12:00:00+00:00,0.6175185441970825,0.6238587498664856,0.6128199100494385,0.6180390119552612
2024-09-28 16:00:00+00:00,0.6180140972137451,0.6256267428398132,0.6166360378265381,0.62252277135849
2024-09-28 20:00:00+00:00,0.6225675344467163,0.6232528686523438,0.6134206652641296,0.614799976348877
2024-09-29 00:00:00+00:00,0.6147132515907288,0.615506649017334,0.6088257431983948,0.6128993630409241
2024-09-29 04:00:00+00:00,0.612908124923706,0.6312905550003052,0.6120973229408264,0.6285963654518127
2024-09-29 08:00:00+00:00,0.6285950541496277,0.6301829814910889,0.6229608058929443,0.6245889067649841
2024-09-29 12:00:00+00:00,0.6246325373649597,0.6619289517402649,0.6229175925254822,0.6605224609375
2024-09-29 16:00:00+00:00,0.660645604133606,0.660645604133606,0.6496753096580505,0.6526795625686646
2024-09-29 20:00:00+00:00,0.6526776552200317,0.6526776552200317,0.6380036473274231,0.6419454216957092
2024-09-30 00:00:00+00:00,0.6417646408081055,0.650225818157196,0.6358932256698608,0.6454691886901855
2024-09-30 04:00:00+00:00,0.645478367805481,0.6524041295051575,0.6422922015190125,0.6453887224197388
2024-09-30 08:00:00+00:00,0.645359218120575,0.6521413922309875,0.6261932849884033,0.6307387351989746
2024-09-30 12:00:00+00:00,0.6306475400924683,0.6361020803451538,0.6190476417541504,0.6190476417541504
2024-09-30 16:00:00+00:00,0.618739664554596,0.6232950091362,0.6178011894226074,0.6229929327964783
2024-09-30 20:00:00+00:00,0.6229330897331238,0.6244902610778809,0.6111512184143066,0.6114920377731323
2024-10-01 00:00:00+00:00,0.6115186214447021,0.6238583922386169,0.6115186214447021,0.6230347156524658
2024-10-01 04:00:00+00:00,0.6230775117874146,0.6286119222640991,0.6184569597244263,0.6278600096702576
2024-10-01 08:00:00+00:00,0.628019392490387,0.6335456967353821,0.6262452006340027,0.6294603943824768
2024-10-01 12:00:00+00:00,0.6294117569923401,0.6297425031661987,0.5983525514602661,0.6122745275497437
2024-10-01 16:00:00+00:00,0.6121447682380676,0.6234161257743835,0.5843327641487122,0.6119155287742615
2024-10-01 20:00:00+00:00,0.6115092039108276,0.6136445999145508,0.591621458530426,0.5975194573402405
2024-10-02 00:00:00+00:00,0.5975130200386047,0.6056657433509827,0.5966318249702454,0.6033206582069397
2024-10-02 04:00:00+00:00,0.6032904386520386,0.6043451428413391,0.5974190831184387,0.6011589765548706
2024-10-02 08:00:00+00:00,0.6011669635772705,0.6028732061386108,0.5826517939567566,0.5855823159217834
2024-10-02 12:00:00+00:00,0.5856048464775085,0.5893440842628479,0.5788065791130066,0.5844356417655945
2024-10-02 16:00:00+00:00,0.5844695568084717,0.5895320177078247,0.5674614906311035,0.5759235620498657
2024-10-02 20:00:00+00:00,0.5757558941841125,0.5772445797920227,0.5307586193084717,0.5398188233375549
2024-10-03 00:00:00+00:00,0.5396969318389893,0.5435547828674316,0.5261461138725281,0.5375270843505859
2024-10-03 04:00:00+00:00,0.5376230478286743,0.5411407351493835,0.5217220783233643,0.5217220783233643
2024-10-03 08:00:00+00:00,0.5211655497550964,0.5245978832244873,0.5100857019424438,0.5177246332168579
2024-10-03 12:00:00+00:00,0.5176817178726196,0.5262067317962646,0.5132632255554199,0.5217189788818359
2024-10-03 16:00:00+00:00,0.5223632454872131,0.5272083878517151,0.513340175151825,0.5272083878517151
2024-10-03 20:00:00+00:00,0.5271946787834167,0.5271946787834167,0.5219510197639465,0.5219531059265137
2024-10-04 00:00:00+00:00,0.5219325423240662,0.52632075548172,0.5157347321510315,0.5242751836776733
2024-10-04 04:00:00+00:00,0.5243298411369324,0.5286440253257751,0.5211091637611389,0.5239999294281006
2024-10-04 08:00:00+00:00,0.5240232944488525,0.5275273323059082,0.5224570035934448,0.5248785018920898
2024-10-04 12:00:00+00:00,0.5248362421989441,0.5271971821784973,0.5172366499900818,0.521510899066925
2024-10-04 16:00:00+00:00,0.5216029286384583,0.5383495688438416,0.5216029286384583,0.5362055897712708
2024-10-04 20:00:00+00:00,0.5362604856491089,0.5362727046012878,0.5324884653091431,0.5343171954154968
2024-10-05 00:00:00+00:00,0.5343096256256104,0.5346671342849731,0.5277519226074219,0.5284432768821716
2024-10-05 04:00:00+00:00,0.5283913612365723,0.5344604849815369,0.5273893475532532,0.5331029891967773
2024-10-05 08:00:00+00:00,0.5331369638442993,0.534852921962738,0.5315326452255249,0.5316283702850342
2024-10-05 12:00:00+00:00,0.5316112637519836,0.5326926708221436,0.5294241309165955,0.5308080911636353
2024-10-05 16:00:00+00:00,0.5307766795158386,0.5341789126396179,0.5269143581390381,0.532924473285675
2024-10-05 20:00:00+00:00,0.5330499410629272,0.5336623787879944,0.5275201797485352,0.5294969081878662
2024-10-06 00:00:00+00:00,0.5294963717460632,0.5326623320579529,0.5285195112228394,0.5297794342041016
2024-10-06 04:00:00+00:00,0.5297248959541321,0.5321611166000366,0.5289621949195862,0.5310711860656738
2024-10-06 08:00:00+00:00,0.5310755968093872,0.5316743850708008,0.5289314985275269,0.530832052230835
2024-10-06 12:00:00+00:00,0.5308356881141663,0.5366268157958984,0.5304771065711975,0.5365816354751587
2024-10-06 16:00:00+00:00,0.5366051197052002,0.5367056131362915,0.5321703553199768,0.532183051109314
2024-10-06 20:00:00+00:00,0.5321208238601685,0.5342137813568115,0.5305541753768921,0.5335924625396729
2024-10-07 00:00:00+00:00,0.533603847026825,0.5434459447860718,0.5332760810852051,0.5401879549026489
2024-10-07 04:00:00+00:00,0.5402172207832336,0.5428639054298401,0.5399887561798096,0.5407817363739014
2024-10-07 08:00:00+00:00,0.5407540798187256,0.5420161485671997,0.5317520499229431,0.5359998941421509
2024-10-07 12:00:00+00:00,0.5360862016677856,0.5441557765007019,0.5360862016677856,0.5402655601501465
2024-10-07 16:00:00+00:00,0.5403420329093933,0.5453080534934998,0.535507082939148,0.5400665402412415
2024-10-07 20:00:00+00:00,0.5400126576423645,0.5401559472084045,0.5299330353736877,0.5299330353736877
2024-10-08 00:00:00+00:00,0.5299056768417358,0.5331196784973145,0.5292030572891235,0.5322696566581726
2024-10-08 04:00:00+00:00,0.5322971343994141,0.534115195274353,0.5255223512649536,0.527351975440979
2024-10-08 08:00:00+00:00,0.5273527503013611,0.5312738418579102,0.5267518162727356,0.5312738418579102
2024-10-08 12:00:00+00:00,0.5312654972076416,0.5315352082252502,0.5223068594932556,0.5248215794563293
2024-10-08 16:00:00+00:00,0.5248264074325562,0.5301707983016968,0.52387535572052,0.5300551652908325
2024-10-08 20:00:00+00:00,0.5300220847129822,0.5331050157546997,0.5290274620056152,0.5308523178100586
2024-10-09 00:00:00+00:00,0.5308356285095215,0.5340269207954407,0.529974639415741,0.53276127576828
2024-10-09 04:00:00+00:00,0.5327656269073486,0.5339024066925049,0.5292540788650513,0.5308281183242798
2024-10-09 08:00:00+00:00,0.5307340621948242,0.5332568287849426,0.5290409326553345,0.5323087573051453
2024-10-09 12:00:00+00:00,0.5322216749191284,0.5322285294532776,0.5266284346580505,0.5313134789466858
2024-10-09 16:00:00+00:00,0.5312349200248718,0.5331162214279175,0.5287471413612366,0.5297308564186096
2024-10-09 20:00:00+00:00,0.5297330617904663,0.5297330617904663,0.5218642354011536,0.5243222713470459
2024-10-10 00:00:00+00:00,0.5242928266525269,0.5282800793647766,0.5228608250617981,0.5275566577911377
2024-10-10 04:00:00+00:00,0.527344822883606,0.5278908610343933,0.5251923203468323,0.5255427360534668
2024-10-10 08:00:00+00:00,0.5254327058792114,0.5280146598815918,0.5238760709762573,0.5280146598815918
2024-10-10 12:00:00+00:00,0.5288112759590149,0.5411993265151978,0.5277218818664551,0.5355201959609985
2024-10-10 16:00:00+00:00,0.5352156162261963,0.5388322472572327,0.525153398513794,0.5261797308921814
2024-10-10 20:00:00+00:00,0.5260569453239441,0.5299860835075378,0.5252788662910461,0.5299803018569946
2024-10-11 00:00:00+00:00,0.5299856662750244,0.5356385111808777,0.5296162366867065,0.5351184606552124
2024-10-11 04:00:00+00:00,0.53496915102005,0.5397521257400513,0.5329780578613281,0.5390628576278687
2024-10-11 08:00:00+00:00,0.5384995341300964,0.5400510430335999,0.5352098941802979,0.5357158780097961
2024-10-11 12:00:00+00:00,0.5356749296188354,0.538070559501648,0.5345078110694885,0.538070559501648
2024-10-11 16:00:00+00:00,0.5380995273590088,0.5415111780166626,0.5367256999015808,0.5411484837532043
2024-10-11 20:00:00+00:00,0.5412273406982422,0.5415525436401367,0.5381737947463989,0.5382952690124512
2024-10-12 00:00:00+00:00,0.5383388996124268,0.5390874743461609,0.5357782244682312,0.5360758304595947
2024-10-12 04:00:00+00:00,0.5361038446426392,0.5383703112602234,0.5360763072967529,0.5380645394325256
2024-10-12 08:00:00+00:00,0.5380831360816956,0.5414068698883057,0.5380281805992126,0.5394958257675171
2024-10-12 12:00:00+00:00,0.5394840240478516,0.5424581170082092,0.539033830165863,0.5414153933525085
2024-10-12 16:00:00+00:00,0.5414284467697144,0.5418972373008728,0.5375258326530457,0.5381649732589722
2024-10-12 20:00:00+00:00,0.538165271282196,0.5398003458976746,0.5375382304191589,0.5395588874816895
2024-10-13 00:00:00+00:00,0.5394941568374634,0.5394941568374634,0.5356126427650452,0.5357704758644104
2024-10-13 04:00:00+00:00,0.535796582698822,0.5373690128326416,0.535796582698822,0.5364385843276978
2024-10-13 08:00:00+00:00,0.5365018248558044,0.537017822265625,0.5316364765167236,0.5316694378852844
2024-10-13 12:00:00+00:00,0.5316365957260132,0.5330044627189636,0.5258026719093323,0.5280447602272034
2024-10-13 16:00:00+00:00,0.5280410051345825,0.5303357243537903,0.5257061719894409,0.5274209380149841
2024-10-13 20:00:00+00:00,0.5273963809013367,0.5315510034561157,0.5266035199165344,0.531541109085083
2024-10-14 00:00:00+00:00,0.5315186381340027,0.5387000441551208,0.5284173488616943,0.538099467754364
2024-10-14 04:00:00+00:00,0.5380768179893494,0.5388322472572327,0.5360187888145447,0.5385387539863586
2024-10-14 08:00:00+00:00,0.5385105609893799,0.5407407283782959,0.5369890332221985,0.5383067727088928
2024-10-14 12:00:00+00:00,0.5382994413375854,0.5509923696517944,0.5379316806793213,0.5508241057395935
2024-10-14 16:00:00+00:00,0.5505737662315369,0.5505737662315369,0.5446959733963013,0.5470433235168457
2024-10-14 20:00:00+00:00,0.5470663905143738,0.5487174391746521,0.5446006059646606,0.5480212569236755
2024-10-15 00:00:00+00:00,0.5480416417121887,0.5544871091842651,0.5468944907188416,0.5481099486351013
2024-10-15 04:00:00+00:00,0.5480084419250488,0.5495274066925049,0.5429579615592957,0.5459491610527039
2024-10-15 08:00:00+00:00,0.5458980202674866,0.54639732837677,0.5352787375450134,0.5352787375450134
2024-10-15 12:00:00+00:00,0.5353406667709351,0.5474950075149536,0.5327767729759216,0.5390791296958923
2024-10-15 16:00:00+00:00,0.5390608906745911,0.5451809763908386,0.5389655232429504,0.5436064600944519
2024-10-15 20:00:00+00:00,0.5436311364173889,0.5437723398208618,0.5375638604164124,0.5414532423019409
2024-10-16 00:00:00+00:00,0.5414549112319946,0.5445376634597778,0.539720356464386,0.5429613590240479
2024-10-16 04:00:00+00:00,0.542971134185791,0.5437930822372437,0.5379700064659119,0.5388907790184021
2024-10-16 08:00:00+00:00,0.5388936400413513,0.5451683402061462,0.5388909578323364,0.5443251729011536
2024-10-16 12:00:00+00:00,0.5443107485771179,0.5509560108184814,0.5435614585876465,0.5479034781455994
2024-10-16 16:00:00+00:00,0.5478537082672119,0.5527282953262329,0.5470584630966187,0.5522671341896057
2024-10-16 20:00:00+00:00,0.5523841381072998,0.5531062483787537,0.5480481386184692,0.5480481386184692
2024-10-17 00:00:00+00:00,0.5480519533157349,0.5496828556060791,0.5461935997009277,0.549027144908905
2024-10-17 04:00:00+00:00,0.5490494966506958,0.5639301538467407,0.5490494966506958,0.5537384152412415
2024-10-17 08:00:00+00:00,0.5537946820259094,0.5579231977462769,0.5518498420715332,0.5524184107780457
2024-10-17 12:00:00+00:00,0.552423357963562,0.5564398169517517,0.5484507083892822,0.553463876247406
2024-10-17 16:00:00+00:00,0.5534433722496033,0.5535106062889099,0.5428594350814819,0.5442457795143127
2024-10-17 20:00:00+00:00,0.5442448258399963,0.5475754141807556,0.5435135364532471,0.5436601042747498
2024-10-18 00:00:00+00:00,0.5436916351318359,0.5462081432342529,0.5405094623565674,0.5437857508659363
2024-10-18 04:00:00+00:00,0.5437179207801819,0.5517937541007996,0.5423848032951355,0.550015389919281
2024-10-18 08:00:00+00:00,0.5499647259712219,0.5523645281791687,0.5467012524604797,0.5467012524604797
2024-10-18 12:00:00+00:00,0.5466280579566956,0.5470572710037231,0.5429626703262329,0.5462496280670166
2024-10-18 16:00:00+00:00,0.5462203621864319,0.5485171675682068,0.5437425971031189,0.5458359718322754
2024-10-18 20:00:00+00:00,0.5459821820259094,0.5466852188110352,0.5451026558876038,0.5465413331985474
2024-10-19 00:00:00+00:00,0.5465454459190369,0.5495002865791321,0.5456321835517883,0.5477920174598694
2024-10-19 04:00:00+00:00,0.5477607846260071,0.5483655333518982,0.5458349585533142,0.545861542224884
2024-10-19 08:00:00+00:00,0.545854389667511,0.5474344491958618,0.5433270931243896,0.5433270931243896
2024-10-19 12:00:00+00:00,0.5433640480041504,0.545329749584198,0.5433639883995056,0.5443279147148132
2024-10-19 16:00:00+00:00,0.5443490147590637,0.5443490147590637,0.5410928726196289,0.541479766368866
2024-10-19 20:00:00+00:00,0.5414888858795166,0.5443843007087708,0.5414674282073975,0.5442421436309814
2024-10-20 00:00:00+00:00,0.5442323684692383,0.5443100333213806,0.5418371558189392,0.5428785681724548
2024-10-20 04:00:00+00:00,0.542860209941864,0.5432802438735962,0.5403866171836853,0.5403866171836853
2024-10-20 08:00:00+00:00,0.5403870940208435,0.5418621301651001,0.5376908183097839,0.5408417582511902
2024-10-20 12:00:00+00:00,0.540848970413208,0.5440515279769897,0.537930965423584,0.5440515279769897
2024-10-20 16:00:00+00:00,0.5441383719444275,0.5449031591415405,0.5423141121864319,0.5426888465881348
2024-10-20 20:00:00+00:00,0.5426810383796692,0.5479620099067688,0.5424432158470154,0.5476393103599548
2024-10-21 00:00:00+00:00,0.5478740930557251,0.5497483015060425,0.5456949472427368,0.5474200248718262
2024-10-21 04:00:00+00:00,0.5474284887313843,0.5531451106071472,0.5463387966156006,0.5488541722297668
2024-10-21 08:00:00+00:00,0.5485790967941284,0.5594310760498047,0.5485790967941284,0.553238570690155
2024-10-21 12:00:00+00:00,0.5532311201095581,0.5544561743736267,0.543267548084259,0.5457152128219604
2024-10-21 16:00:00+00:00,0.5457682013511658,0.547471284866333,0.541630208492279,0.547471284866333
2024-10-21 20:00:00+00:00,0.547423779964447,0.5476224422454834,0.5444517731666565,0.5448626279830933
2024-10-22 00:00:00+00:00,0.5448695421218872,0.5458991527557373,0.5406950116157532,0.5430662035942078
2024-10-22 04:00:00+00:00,0.5430755615234375,0.5487252473831177,0.5430219769477844,0.5471788644790649
2024-10-22 08:00:00+00:00,0.5471645593643188,0.5471645593643188,0.5319856405258179,0.5338339805603027
2024-10-22 12:00:00+00:00,0.5338564515113831,0.535090446472168,0.530449628829956,0.5335937738418579
2024-10-22 16:00:00+00:00,0.5336049199104309,0.5347165465354919,0.5306663513183594,0.5341153144836426
2024-10-22 20:00:00+00:00,0.534081220626831,0.5355633497238159,0.5322475433349609,0.5333783030509949
2024-10-23 00:00:00+00:00,0.5333980321884155,0.5334951877593994,0.5302637219429016,0.5309013724327087
2024-10-23 04:00:00+00:00,0.5309197306632996,0.5314541459083557,0.5258654356002808,0.526490330696106
2024-10-23 08:00:00+00:00,0.526500403881073,0.5272442698478699,0.523068368434906,0.5262302160263062
2024-10-23 12:00:00+00:00,0.5262465476989746,0.5282957553863525,0.5228945016860962,0.5234575271606445
2024-10-23 16:00:00+00:00,0.5235030651092529,0.5237016677856445,0.5128284692764282,0.5209972858428955
2024-10-23 20:00:00+00:00,0.5210064053535461,0.5260521769523621,0.5208791494369507,0.5256205201148987
2024-10-24 00:00:00+00:00,0.525618851184845,0.5293136239051819,0.5252742171287537,0.5284588932991028
2024-10-24 04:00:00+00:00,0.5284613370895386,0.5315287709236145,0.5281993746757507,0.5284828543663025
2024-10-24 08:00:00+00:00,0.5284805297851562,0.5295214056968689,0.5246056318283081,0.5277789831161499
2024-10-24 12:00:00+00:00,0.5277618765830994,0.5305405855178833,0.5275552272796631,0.5289104580879211
2024-10-24 16:00:00+00:00,0.5289413332939148,0.5323162078857422,0.528157114982605,0.5322842597961426
2024-10-24 20:00:00+00:00,0.5322685241699219,0.5332857370376587,0.5309813618659973,0.5317611694335938
2024-10-25 00:00:00+00:00,0.5317531228065491,0.5317531228065491,0.5283955931663513,0.5288487076759338
2024-10-25 04:00:00+00:00,0.528844952583313,0.528844952583313,0.5208141207695007,0.523667573928833
2024-10-25 08:00:00+00:00,0.5236430764198303,0.5268339514732361,0.5223384499549866,0.5263465642929077
2024-10-25 12:00:00+00:00,0.5263341665267944,0.526950478553772,0.5213627219200134,0.5217477083206177
2024-10-25 16:00:00+00:00,0.5219064354896545,0.5226684212684631,0.5122461915016174,0.5144535303115845
2024-10-25 20:00:00+00:00,0.5144680738449097,0.5170791745185852,0.49360156059265137,0.5019170641899109
2024-10-26 00:00:00+00:00,0.501846432685852,0.5113490223884583,0.49972081184387207,0.5113490223884583
2024-10-26 04:00:00+00:00,0.5113629698753357,0.5141036510467529,0.5113271474838257,0.5138588547706604
2024-10-26 08:00:00+00:00,0.5138528943061829,0.5144047141075134,0.5130676627159119,0.5140459537506104
2024-10-26 12:00:00+00:00,0.5140414834022522,0.5141770839691162,0.5065306425094604,0.5087410807609558
2024-10-26 16:00:00+00:00,0.5087304711341858,0.5125007629394531,0.5087304711341858,0.512421727180481
2024-10-26 20:00:00+00:00,0.5124021172523499,0.5140926837921143,0.5116099715232849,0.5127602815628052
2024-10-27 00:00:00+00:00,0.512769341468811,0.5155876874923706,0.5118561387062073,0.5155876874923706
2024-10-27 04:00:00+00:00,0.5156917572021484,0.5156917572021484,0.5140165686607361,0.5144450068473816
2024-10-27 08:00:00+00:00,0.5144391059875488,0.5147769451141357,0.5106675028800964,0.5115004181861877
2024-10-27 12:00:00+00:00,0.5115086436271667,0.5162317752838135,0.5115086436271667,0.516190767288208
2024-10-27 16:00:00+00:00,0.5165188908576965,0.5169381499290466,0.5131962895393372,0.5143406391143799
2024-10-27 20:00:00+00:00,0.5143646597862244,0.5171359181404114,0.5132041573524475,0.5163814425468445
2024-10-28 00:00:00+00:00,0.5163390636444092,0.5166833996772766,0.512472927570343,0.512644350528717
2024-10-28 04:00:00+00:00,0.5126276612281799,0.517711877822876,0.5114056468009949,0.5158727765083313
2024-10-28 08:00:00+00:00,0.5158843994140625,0.5201489925384521,0.5157950520515442,0.5193641185760498
2024-10-28 12:00:00+00:00,0.519354522228241,0.5208109617233276,0.513964831829071,0.513964831829071
2024-10-28 16:00:00+00:00,0.5139275193214417,0.5182183980941772,0.5126102566719055,0.5170356035232544
2024-10-28 20:00:00+00:00,0.5171392560005188,0.5202524662017822,0.5164127945899963,0.5192325115203857
2024-10-29 00:00:00+00:00,0.5192170143127441,0.525462806224823,0.5184788107872009,0.5227940082550049
2024-10-29 04:00:00+00:00,0.5227968692779541,0.5273300409317017,0.5227628946304321,0.526322066783905
2024-10-29 08:00:00+00:00,0.526167094707489,0.526167094707489,0.5229067802429199,0.5253292322158813
2024-10-29 12:00:00+00:00,0.5253833532333374,0.5270050168037415,0.523855447769165,0.5253238081932068
2024-10-29 16:00:00+00:00,0.5254116058349609,0.530273973941803,0.5254116058349609,0.5268540978431702
2024-10-29 20:00:00+00:00,0.5267978310585022,0.5283509492874146,0.5220692157745361,0.5278719663619995
2024-10-30 00:00:00+00:00,0.5279260873794556,0.5280367136001587,0.5232661962509155,0.5255141258239746
2024-10-30 04:00:00+00:00,0.5255273580551147,0.5259991884231567,0.5230894684791565,0.5236077904701233
2024-10-30 08:00:00+00:00,0.5236652493476868,0.5250723361968994,0.5206129550933838,0.5206129550933838
2024-10-30 12:00:00+00:00,0.5206176042556763,0.525443971157074,0.5196169018745422,0.5236344337463379
2024-10-30 16:00:00+00:00,0.5236658453941345,0.5238839983940125,0.5218057632446289,0.5225492715835571
2024-10-30 20:00:00+00:00,0.52251797914505,0.5250324606895447,0.5214278101921082,0.5229735970497131
2024-10-31 00:00:00+00:00,0.5229526162147522,0.5233368873596191,0.5205212235450745,0.5213443636894226
2024-10-31 04:00:00+00:00,0.5213524699211121,0.521605908870697,0.5170948505401611,0.5179401636123657
2024-10-31 08:00:00+00:00,0.5179096460342407,0.5205068588256836,0.5157479643821716,0.5185811519622803
2024-10-31 12:00:00+00:00,0.5185750722885132,0.5192193984985352,0.5095266699790955,0.5107706189155579
2024-10-31 16:00:00+00:00,0.5107196569442749,0.5109698176383972,0.5039212107658386,0.5065574645996094
2024-10-31 20:00:00+00:00,0.506378173828125,0.510422945022583,0.5059602856636047,0.5092366337776184
2024-11-01 00:00:00+00:00,0.5094463229179382,0.5170543193817139,0.5048832893371582,0.5170543193817139
2024-11-01 04:00:00+00:00,0.5171718001365662,0.520365834236145,0.5103999376296997,0.511967122554779
2024-11-01 08:00:00+00:00,0.511946439743042,0.5233299732208252,0.511388897895813,0.5185965299606323
2024-11-01 12:00:00+00:00,0.5185697674751282,0.5230021476745605,0.5144631862640381,0.5168370604515076
2024-11-01 16:00:00+00:00,0.5167033076286316,0.5209135413169861,0.5131555199623108,0.51559978723526
2024-11-01 20:00:00+00:00,0.5157301425933838,0.5164913535118103,0.509381115436554,0.5128682851791382
2024-11-02 00:00:00+00:00,0.5128863453865051,0.5157448053359985,0.5128515958786011,0.5146386623382568
2024-11-02 04:00:00+00:00,0.5146452188491821,0.5150586366653442,0.5123307108879089,0.512985348701477
2024-11-02 08:00:00+00:00,0.512947142124176,0.5131338238716125,0.5111094117164612,0.5116795301437378
2024-11-02 12:00:00+00:00,0.51168292760849,0.5127578377723694,0.5080216526985168,0.5101984739303589
2024-11-02 16:00:00+00:00,0.510189950466156,0.5113015174865723,0.5087940096855164,0.5098999738693237
2024-11-02 20:00:00+00:00,0.5099030137062073,0.5101976990699768,0.5084584951400757,0.509853720664978
2024-11-03 00:00:00+00:00,0.5098893642425537,0.5107282996177673,0.49997803568840027,0.5025487542152405
2024-11-03 04:00:00+00:00,0.5026223063468933,0.5070568919181824,0.5024393796920776,0.5061101913452148
2024-11-03 08:00:00+00:00,0.5059525370597839,0.5061431527137756,0.5020898580551147,0.502524197101593
2024-11-03 12:00:00+00:00,0.5025572180747986,0.5031893253326416,0.49369290471076965,0.49660205841064453
2024-11-03 16:00:00+00:00,0.4966469407081604,0.5008752346038818,0.494801789522171,0.5008752346038818
2024-11-03 20:00:00+00:00,0.5009260177612305,0.5045202970504761,0.5007479190826416,0.5029430389404297
2024-11-04 00:00:00+00:00,0.5029524564743042,0.5076570510864258,0.5010398030281067,0.5073749423027039
2024-11-04 04:00:00+00:00,0.5073180198669434,0.5079540014266968,0.5039718151092529,0.5041356086730957
2024-11-04 08:00:00+00:00,0.504488468170166,0.5138039588928223,0.504488468170166,0.512211799621582
2024-11-04 12:00:00+00:00,0.5121939778327942,0.5121939778327942,0.5089033246040344,0.5105496048927307
2024-11-04 16:00:00+00:00,0.5104995965957642,0.5130003094673157,0.5070949792861938,0.5070949792861938
2024-11-04 20:00:00+00:00,0.5071002840995789,0.5071592926979065,0.49713653326034546,0.5031508207321167
2024-11-05 00:00:00+00:00,0.5032397508621216,0.5053879022598267,0.5020872354507446,0.5049381256103516
2024-11-05 04:00:00+00:00,0.5049648284912109,0.5147654414176941,0.5049648284912109,0.5147654414176941
2024-11-05 08:00:00+00:00,0.5147454738616943,0.5178074836730957,0.5091680884361267,0.5092296004295349
2024-11-05 12:00:00+00:00,0.5092050433158875,0.5139110088348389,0.5064681768417358,0.5097121000289917
2024-11-05 16:00:00+00:00,0.5097347497940063,0.5143002271652222,0.5097347497940063,0.5097731947898865
2024-11-05 20:00:00+00:00,0.5096357464790344,0.5152183175086975,0.509213387966156,0.514002799987793
2024-11-06 00:00:00+00:00,0.5140535235404968,0.5356690287590027,0.5140535235404968,0.5339183211326599
2024-11-06 04:00:00+00:00,0.5338970422744751,0.5418398380279541,0.5312163829803467,0.5371851325035095
2024-11-06 08:00:00+00:00,0.5371751189231873,0.5371751189231873,0.5274142622947693,0.5349873304367065
2024-11-06 12:00:00+00:00,0.5349834561347961,0.5357111692428589,0.5283253192901611,0.5314077138900757
2024-11-06 16:00:00+00:00,0.5313333868980408,0.5363706350326538,0.5310498476028442,0.5363170504570007
2024-11-06 20:00:00+00:00,0.5364207625389099,0.546570897102356,0.5364207625389099,0.5424267649650574
2024-11-07 00:00:00+00:00,0.5423892736434937,0.5737257599830627,0.5384741425514221,0.5593225359916687
2024-11-07 04:00:00+00:00,0.5594466924667358,0.5616099834442139,0.5512152314186096,0.5563285946846008
2024-11-07 08:00:00+00:00,0.5562503337860107,0.5565945506095886,0.5474382638931274,0.5474382638931274
2024-11-07 12:00:00+00:00,0.5474165081977844,0.5498498678207397,0.5420551300048828,0.549641489982605
2024-11-07 16:00:00+00:00,0.5496852993965149,0.5552346110343933,0.5496852993965149,0.5551759004592896
2024-11-07 20:00:00+00:00,0.5553064942359924,0.5582423210144043,0.5511090159416199,0.554732084274292
2024-11-08 00:00:00+00:00,0.5549213290214539,0.5596421957015991,0.5487566590309143,0.5495331287384033
2024-11-08 04:00:00+00:00,0.5495898127555847,0.5526977777481079,0.5476242303848267,0.5510831475257874
2024-11-08 08:00:00+00:00,0.5510745644569397,0.552226185798645,0.5472458004951477,0.5508611798286438
2024-11-08 12:00:00+00:00,0.5508440732955933,0.5575482249259949,0.550262451171875,0.551893413066864
2024-11-08 16:00:00+00:00,0.5520887970924377,0.5546329021453857,0.5432677268981934,0.5525760054588318
2024-11-08 20:00:00+00:00,0.5524296164512634,0.5542465448379517,0.5470227003097534,0.5540786981582642
2024-11-09 00:00:00+00:00,0.5532808899879456,0.5534759163856506,0.5461309552192688,0.5464089512825012
2024-11-09 04:00:00+00:00,0.5463786721229553,0.5547043681144714,0.5463786721229553,0.5530814528465271
2024-11-09 08:00:00+00:00,0.5531055331230164,0.5560712814331055,0.551586925983429,0.552926242351532
2024-11-09 12:00:00+00:00,0.5532696843147278,0.5532696843147278,0.5459296703338623,0.548865020275116
2024-11-09 16:00:00+00:00,0.5485745072364807,0.5515027046203613,0.5455765724182129,0.5502316951751709
2024-11-09 20:00:00+00:00,0.5502369999885559,0.5613808035850525,0.5497730374336243,0.5594797134399414
2024-11-10 00:00:00+00:00,0.5594120025634766,0.573495090007782,0.5562001466751099,0.5725078582763672
2024-11-10 04:00:00+00:00,0.5724521279335022,0.5899069905281067,0.5713399648666382,0.5835592150688171
2024-11-10 08:00:00+00:00,0.5842716693878174,0.5873340368270874,0.581777036190033,0.58652663230896
2024-11-10 12:00:00+00:00,0.5865587592124939,0.6154838800430298,0.5837679505348206,0.6036804914474487
2024-11-10 16:00:00+00:00,0.6038347482681274,0.6139712333679199,0.595385730266571,0.5954617261886597
2024-11-10 20:00:00+00:00,0.5954990386962891,0.5969242453575134,0.5677374601364136,0.5893822908401489
2024-11-11 00:00:00+00:00,0.589255154132843,0.5979321599006653,0.5875230431556702,0.5940117835998535
2024-11-11 04:00:00+00:00,0.5941599011421204,0.5953468680381775,0.5721580982208252,0.5776057243347168
2024-11-11 08:00:00+00:00,0.5775720477104187,0.5875498056411743,0.5775240063667297,0.5875498056411743
2024-11-11 12:00:00+00:00,0.5874854326248169,0.5942556262016296,0.5778823494911194,0.5906137824058533
2024-11-11 16:00:00+00:00,0.590592086315155,0.5973448157310486,0.5898707509040833,0.5973448157310486
2024-11-11 20:00:00+00:00,0.5975273251533508,0.6307059526443481,0.5975273251533508,0.6204667687416077
2024-11-12 00:00:00+00:00,0.6206262111663818,0.6210798621177673,0.6012773513793945,0.6062008142471313
2024-11-12 04:00:00+00:00,0.6062300801277161,0.6161351203918457,0.5991976261138916,0.6161351203918457
2024-11-12 08:00:00+00:00,0.6161028146743774,0.6949846148490906,0.615411102771759,0.6460955739021301
2024-11-12 12:00:00+00:00,0.6459963917732239,0.7009334564208984,0.6299585103988647,0.6788190007209778
2024-11-12 16:00:00+00:00,0.6791484951972961,0.7024737000465393,0.6672847867012024,0.6912046074867249
2024-11-12 20:00:00+00:00,0.6915333867073059,0.7348036766052246,0.6915333867073059,0.7076361179351807
2024-11-13 00:00:00+00:00,0.707229733467102,0.7295002937316895,0.6717872619628906,0.6736751198768616
2024-11-13 04:00:00+00:00,0.6731169819831848,0.6755914688110352,0.642672061920166,0.6608480215072632
2024-11-13 08:00:00+00:00,0.6610387563705444,0.6763436794281006,0.6557889580726624,0.6763436794281006
2024-11-13 12:00:00+00:00,0.6764385104179382,0.7187260389328003,0.6667799353599548,0.7124595046043396
2024-11-13 16:00:00+00:00,0.7126903533935547,0.739861786365509,0.6818414330482483,0.682115912437439
2024-11-13 20:00:00+00:00,0.6820197701454163,0.6918271780014038,0.6716431379318237,0.6902879476547241
2024-11-14 00:00:00+00:00,0.6903102993965149,0.7038983702659607,0.6844270825386047,0.6963696479797363
2024-11-14 04:00:00+00:00,0.6967059373855591,0.7036650776863098,0.6866065263748169,0.698296308517456
2024-11-14 08:00:00+00:00,0.6983840465545654,0.7199499607086182,0.6983840465545654,0.7185646891593933
2024-11-14 12:00:00+00:00,0.7185611128807068,0.7450292706489563,0.7055796384811401,0.7144365906715393
2024-11-14 16:00:00+00:00,0.7140581607818604,0.7975209355354309,0.7094448208808899,0.7950855493545532
2024-11-14 20:00:00+00:00,0.7939760684967041,0.8447508811950684,0.7614471912384033,0.7730079889297485
2024-11-15 00:00:00+00:00,0.7731687426567078,0.8292658925056458,0.7725821137428284,0.8195021152496338
2024-11-15 04:00:00+00:00,0.8201016187667847,0.8367788791656494,0.7871041893959045,0.7871041893959045
2024-11-15 08:00:00+00:00,0.786933183670044,0.8289129734039307,0.7764036655426025,0.8270909190177917
2024-11-15 12:00:00+00:00,0.8269788026809692,0.9096042513847351,0.8184264898300171,0.866656482219696
2024-11-15 16:00:00+00:00,0.8662981390953064,0.8938313126564026,0.8631072640419006,0.8934065103530884
2024-11-15 20:00:00+00:00,0.8969018459320068,0.9240254163742065,0.8718582987785339,0.8920916318893433
2024-11-16 00:00:00+00:00,0.8920122385025024,0.9148167371749878,0.8800435066223145,0.912541925907135
2024-11-16 04:00:00+00:00,0.9117048382759094,0.980165421962738,0.9086664319038391,0.970806896686554
2024-11-16 08:00:00+00:00,0.971114993095398,1.0776711702346802,0.9643940925598145,1.0369020700454712
2024-11-16 12:00:00+00:00,1.040339469909668,1.2550628185272217,1.0334296226501465,1.104327917098999
2024-11-16 16:00:00+00:00,1.1085636615753174,1.2029237747192383,1.0909106731414795,1.1848134994506836
2024-11-16 20:00:00+00:00,1.184557318687439,1.1997953653335571,1.11116623878479,1.119087815284729
2024-11-17 00:00:00+00:00,1.1214107275009155,1.1545945405960083,1.046586036682129,1.0564587116241455
2024-11-17 04:00:00+00:00,1.0573657751083374,1.0850245952606201,1.0056381225585938,1.0689469575881958
2024-11-17 08:00:00+00:00,1.0685538053512573,1.0958918333053589,1.0415414571762085,1.0415414571762085
2024-11-17 12:00:00+00:00,1.0401673316955566,1.1351875066757202,1.0394072532653809,1.0806806087493896
2024-11-17 16:00:00+00:00,1.0827670097351074,1.0844632387161255,1.03516685962677,1.039380669593811
2024-11-17 20:00:00+00:00,1.0382188558578491,1.0694798231124878,1.0354127883911133,1.054343581199646
2024-11-18 00:00:00+00:00,1.0558258295059204,1.1355291604995728,1.0558258295059204,1.1211670637130737
2024-11-18 04:00:00+00:00,1.1203832626342773,1.1829582452774048,1.1170226335525513,1.1690407991409302
2024-11-18 08:00:00+00:00,1.1696192026138306,1.1700575351715088,1.1167223453521729,1.1191033124923706
2024-11-18 12:00:00+00:00,1.1205075979232788,1.173845887184143,1.108255386352539,1.1703331470489502
2024-11-18 16:00:00+00:00,1.1703028678894043,1.1703028678894043,1.0777614116668701,1.0919245481491089
2024-11-18 20:00:00+00:00,1.091776728630066,1.1354540586471558,1.0871511697769165,1.1178938150405884
2024-11-19 00:00:00+00:00,1.1172608137130737,1.1457942724227905,1.115056037902832,1.1368714570999146
2024-11-19 04:00:00+00:00,1.136863112449646,1.138686180114746,1.1011425256729126,1.1039260625839233
2024-11-19 08:00:00+00:00,1.103750228881836,1.1060031652450562,1.0891515016555786,1.1023036241531372
2024-11-19 12:00:00+00:00,1.1023138761520386,1.117935299873352,1.0739210844039917,1.0976159572601318
2024-11-19 16:00:00+00:00,1.097407341003418,1.1164679527282715,1.0875788927078247,1.1093683242797852
2024-11-19 20:00:00+00:00,1.1092004776000977,1.1164336204528809,1.075857400894165,1.101942539215088
2024-11-20 00:00:00+00:00,1.1018445491790771,1.1148416996002197,1.066449761390686,1.0779138803482056
2024-11-20 04:00:00+00:00,1.0779999494552612,1.0929601192474365,1.0722973346710205,1.0833897590637207
2024-11-20 08:00:00+00:00,1.0831729173660278,1.135802984237671,1.0815935134887695,1.1214168071746826
2024-11-20 12:00:00+00:00,1.121707797050476,1.1465221643447876,1.1152693033218384,1.120758295059204
2024-11-20 16:00:00+00:00,1.1223936080932617,1.1282144784927368,1.0691052675247192,1.0847772359848022
2024-11-20 20:00:00+00:00,1.0848551988601685,1.1169874668121338,1.0787802934646606,1.1023050546646118
2024-11-21 00:00:00+00:00,1.1024937629699707,1.1286940574645996,1.082099199295044,1.0967953205108643
2024-11-21 04:00:00+00:00,1.0969483852386475,1.1270177364349365,1.0869282484054565,1.1116976737976074
2024-11-21 08:00:00+00:00,1.1115975379943848,1.1329598426818848,1.1093634366989136,1.109920859336853
2024-11-21 12:00:00+00:00,1.1102337837219238,1.1535606384277344,1.0999537706375122,1.105205774307251
2024-11-21 16:00:00+00:00,1.1048532724380493,1.2338106632232666,1.1007107496261597,1.1690716743469238
2024-11-21 20:00:00+00:00,1.170433759689331,1.2502392530441284,1.1683709621429443,1.2502392530441284
2024-11-22 00:00:00+00:00,1.2539849281311035,1.402044653892517,1.2539849281311035,1.3826870918273926
2024-11-22 04:00:00+00:00,1.3828657865524292,1.4256037473678589,1.3686563968658447,1.3686563968658447
2024-11-22 08:00:00+00:00,1.368536353111267,1.4666943550109863,1.368536353111267,1.4639813899993896
2024-11-22 12:00:00+00:00,1.4641000032424927,1.4963815212249756,1.3843843936920166,1.4442893266677856
2024-11-22 16:00:00+00:00,1.444095492362976,1.487223744392395,1.408740758895874,1.4315418004989624
2024-11-22 20:00:00+00:00,1.4321528673171997,1.4886575937271118,1.4321528673171997,1.4690321683883667
2024-11-23 00:00:00+00:00,1.4701027870178223,1.6170662641525269,1.4701027870178223,1.5688523054122925
2024-11-23 04:00:00+00:00,1.5687605142593384,1.5687605142593384,1.509264588356018,1.544951319694519
2024-11-23 08:00:00+00:00,1.5449002981185913,1.5708881616592407,1.5233749151229858,1.548890233039856
2024-11-23 12:00:00+00:00,1.5483721494674683,1.586869239807129,1.5278358459472656,1.554850459098816
2024-11-23 16:00:00+00:00,1.55565345287323,1.5705913305282593,1.4349952936172485,1.4784332513809204
2024-11-23 20:00:00+00:00,1.478219747543335,1.4952526092529297,1.4297292232513428,1.4689996242523193
2024-11-24 00:00:00+00:00,1.4692822694778442,1.5090841054916382,1.4444316625595093,1.4746453762054443
2024-11-24 04:00:00+00:00,1.4748151302337646,1.4802300930023193,1.440946340560913,1.4649932384490967
2024-11-24 08:00:00+00:00,1.4652423858642578,1.468096137046814,1.387307047843933,1.3873764276504517
2024-11-24 12:00:00+00:00,1.3878968954086304,1.4023571014404297,1.3113917112350464,1.3113917112350464
2024-11-24 16:00:00+00:00,1.3122764825820923,1.4006186723709106,1.308637022972107,1.3827757835388184
2024-11-24 20:00:00+00:00,1.382175326347351,1.4583255052566528,1.382157802581787,1.4320428371429443
2024-11-25 00:00:00+00:00,1.4320428371429443,1.4320428371429443,1.3644036054611206,1.4040353298187256
2024-11-25 04:00:00+00:00,1.4042620658874512,1.5019623041152954,1.4042620658874512,1.4813276529312134
2024-11-25 08:00:00+00:00,1.4809187650680542,1.5337268114089966,1.472909688949585,1.4804167747497559
2024-11-25 12:00:00+00:00,1.4803022146224976,1.484500527381897,1.3861693143844604,1.4312695264816284
2024-11-25 16:00:00+00:00,1.4303137063980103,1.5063837766647339,1.4187160730361938,1.4774055480957031
2024-11-25 20:00:00+00:00,1.4772592782974243,1.4772592782974243,1.3868963718414307,1.4154235124588013
2024-11-26 00:00:00+00:00,1.415239691734314,1.4558444023132324,1.407142162322998,1.4498552083969116
2024-11-26 04:00:00+00:00,1.4492425918579102,1.4544578790664673,1.4118115901947021,1.426885962486267
2024-11-26 08:00:00+00:00,1.4259835481643677,1.4259835481643677,1.2951884269714355,1.3283605575561523
2024-11-26 12:00:00+00:00,1.3291517496109009,1.3811358213424683,1.317740559577942,1.35042405128479
2024-11-26 16:00:00+00:00,1.350275993347168,1.3930280208587646,1.3415313959121704,1.3771167993545532
2024-11-26 20:00:00+00:00,1.3779276609420776,1.416369915008545,1.3779276609420776,1.4013121128082275
2024-11-27 00:00:00+00:00,1.4008501768112183,1.4151673316955566,1.3625922203063965,1.3661714792251587
2024-11-27 04:00:00+00:00,1.3661041259765625,1.4151902198791504,1.357378363609314,1.4149069786071777
2024-11-27 08:00:00+00:00,1.4144279956817627,1.4601539373397827,1.4091976881027222,1.432054877281189
2024-11-27 12:00:00+00:00,1.4317680597305298,1.500961184501648,1.4126969575881958,1.500961184501648
2024-11-27 16:00:00+00:00,1.4986544847488403,1.4993870258331299,1.4695783853530884,1.484095811843872
2024-11-27 20:00:00+00:00,1.4844138622283936,1.5179353952407837,1.4698762893676758,1.4728472232818604
2024-11-28 00:00:00+00:00,1.4727444648742676,1.4834685325622559,1.4464232921600342,1.4652291536331177
2024-11-28 04:00:00+00:00,1.4652684926986694,1.489439606666565,1.4600342512130737,1.4602484703063965
2024-11-28 08:00:00+00:00,1.4610919952392578,1.4705973863601685,1.44503653049469,1.465423583984375
2024-11-28 12:00:00+00:00,1.4654332399368286,1.4745147228240967,1.4345451593399048,1.4365618228912354
2024-11-28 16:00:00+00:00,1.43648099899292,1.480330467224121,1.4355961084365845,1.4758096933364868
2024-11-28 20:00:00+00:00,1.4769909381866455,1.542364478111267,1.4674206972122192,1.541333794593811
2024-11-29 00:00:00+00:00,1.541981816291809,1.5740091800689697,1.5279327630996704,1.5528796911239624
2024-11-29 04:00:00+00:00,1.5528665781021118,1.6396814584732056,1.5419491529464722,1.5966179370880127
2024-11-29 08:00:00+00:00,1.59560227394104,1.6791510581970215,1.5950679779052734,1.6496299505233765
2024-11-29 12:00:00+00:00,1.649945616722107,1.7668958902359009,1.649945616722107,1.7313405275344849
2024-11-29 16:00:00+00:00,1.7265913486480713,1.7332576513290405,1.683210849761963,1.727113962173462
2024-11-29 20:00:00+00:00,1.7273081541061401,1.8115313053131104,1.7221616506576538,1.7967153787612915
2024-11-30 00:00:00+00:00,1.8024240732192993,1.8473503589630127,1.7707815170288086,1.813985824584961
2024-11-30 04:00:00+00:00,1.8142343759536743,1.9422361850738525,1.8085248470306396,1.9122676849365234
2024-11-30 08:00:00+00:00,1.9133230447769165,1.9282022714614868,1.8545029163360596,1.8953973054885864
2024-11-30 12:00:00+00:00,1.894842505455017,1.8970752954483032,1.829203724861145,1.8784409761428833
2024-11-30 16:00:00+00:00,1.8789652585983276,1.907728672027588,1.8616498708724976,1.900465488433838
2024-11-30 20:00:00+00:00,1.9005918502807617,1.9539391994476318,1.884678840637207,1.9441063404083252
2024-12-01 00:00:00+00:00,1.9477527141571045,1.9496172666549683,1.853734016418457,1.889783263206482
2024-12-01 04:00:00+00:00,1.8900065422058105,1.8994314670562744,1.8585602045059204,1.8745300769805908
2024-12-01 08:00:00+00:00,1.8749266862869263,1.9457098245620728,1.8725905418395996,1.9019335508346558
2024-12-01 12:00:00+00:00,1.908225417137146,1.9189651012420654,1.897538185119629,1.900866985321045
2024-12-01 16:00:00+00:00,1.9015694856643677,2.124509334564209,1.8859302997589111,2.121795654296875
2024-12-01 20:00:00+00:00,2.121443748474121,2.3307573795318604,2.094709634780884,2.32074236869812
2024-12-02 00:00:00+00:00,2.3160457611083984,2.4911534786224365,2.2986178398132324,2.3956689834594727
2024-12-02 04:00:00+00:00,2.4006266593933105,2.4640777111053467,2.366460084915161,2.4413628578186035
2024-12-02 08:00:00+00:00,2.4416308403015137,2.4467830657958984,2.2445123195648193,2.318789482116699
2024-12-02 12:00:00+00:00,2.3168294429779053,2.718041181564331,2.3080086708068848,2.7009549140930176
2024-12-02 16:00:00+00:00,2.7012572288513184,2.8495192527770996,2.6054768562316895,2.7475390434265137
2024-12-02 20:00:00+00:00,2.7456040382385254,2.7893431186676025,2.6538989543914795,2.715675115585327
2024-12-03 00:00:00+00:00,2.7183356285095215,2.7440383434295654,2.660870313644409,2.743150234222412
2024-12-03 04:00:00+00:00,2.746293544769287,2.7639567852020264,2.540562152862549,2.627629041671753
2024-12-03 08:00:00+00:00,2.6249258518218994,2.8437578678131104,2.5771005153656006,2.8437578678131104
2024-12-03 12:00:00+00:00,2.841721534729004,2.862447500228882,2.36739182472229,2.498250961303711
2024-12-03 16:00:00+00:00,2.5043108463287354,2.5890862941741943,2.4970788955688477,2.567790985107422
2024-12-03 20:00:00+00:00,2.5659806728363037,2.683349609375,2.5255637168884277,2.5255637168884277
2024-12-04 00:00:00+00:00,2.5238964557647705,2.5758461952209473,2.5124502182006836,2.5531349182128906
2024-12-04 04:00:00+00:00,2.551210641860962,2.6411492824554443,2.546093463897705,2.6265366077423096
2024-12-04 08:00:00+00:00,2.6259336471557617,2.6699140071868896,2.6158833503723145,2.621372938156128
2024-12-04 12:00:00+00:00,2.6196608543395996,2.6196608543395996,2.5034115314483643,2.5053248405456543
2024-12-04 16:00:00+00:00,2.50754714012146,2.5142433643341064,2.344456195831299,2.4198782444000244
2024-12-04 20:00:00+00:00,2.4176173210144043,2.4399499893188477,2.3000423908233643,2.3576176166534424
2024-12-05 00:00:00+00:00,2.3576924800872803,2.3917295932769775,2.192911386489868,2.2510476112365723
2024-12-05 04:00:00+00:00,2.2517263889312744,2.378854513168335,2.2517263889312744,2.3766610622406006
2024-12-05 08:00:00+00:00,2.3762307167053223,2.484768867492676,2.3662707805633545,2.410493850708008
2024-12-05 12:00:00+00:00,2.4093334674835205,2.4113991260528564,2.320547580718994,2.3782384395599365
2024-12-05 16:00:00+00:00,2.378016948699951,2.429338216781616,2.331907033920288,2.333599328994751
2024-12-05 20:00:00+00:00,2.3342795372009277,2.34600567817688,2.2320854663848877,2.2509114742279053
2024-12-06 00:00:00+00:00,2.2489359378814697,2.3349735736846924,2.2408056259155273,2.3103861808776855
2024-12-06 04:00:00+00:00,2.3114171028137207,2.393594980239868,2.3101911544799805,2.323659896850586
2024-12-06 08:00:00+00:00,2.323481798171997,2.3351943492889404,2.2533040046691895,2.273158550262451
2024-12-06 12:00:00+00:00,2.2733471393585205,2.373599052429199,2.268378496170044,2.3330132961273193
2024-12-06 16:00:00+00:00,2.3326735496520996,2.4081778526306152,2.3326735496520996,2.36384916305542
2024-12-06 20:00:00+00:00,2.365161895751953,2.460484266281128,2.365161895751953,2.424744129180908
2024-12-07 00:00:00+00:00,2.426952362060547,2.4999964237213135,2.406346321105957,2.420011281967163
2024-12-07 04:00:00+00:00,2.419900894165039,2.445270299911499,2.3973586559295654,2.4054391384124756
2024-12-07 08:00:00+00:00,2.4064743518829346,2.4450409412384033,2.4039831161499023,2.434622049331665
2024-12-07 12:00:00+00:00,2.434138059616089,2.5425455570220947,2.428826332092285,2.5425455570220947
2024-12-07 16:00:00+00:00,2.5422749519348145,2.5609326362609863,2.4788801670074463,2.516996383666992
2024-12-07 20:00:00+00:00,2.517378807067871,2.6165454387664795,2.5112245082855225,2.6165454387664795
2024-12-08 00:00:00+00:00,2.610316276550293,2.6126246452331543,2.573214292526245,2.5911169052124023
2024-12-08 04:00:00+00:00,2.5906412601470947,2.5906412601470947,2.535339117050171,2.558590888977051
2024-12-08 08:00:00+00:00,2.557986259460449,2.557986259460449,2.4932973384857178,2.5429797172546387
2024-12-08 12:00:00+00:00,2.5430243015289307,2.5651209354400635,2.517634391784668,2.5455691814422607
2024-12-08 16:00:00+00:00,2.545675277709961,2.640838861465454,2.5444893836975098,2.592982292175293
2024-12-08 20:00:00+00:00,2.585491418838501,2.6183643341064453,2.5603673458099365,2.608304738998413
2024-12-09 00:00:00+00:00,2.6024904251098633,2.6042516231536865,2.451420545578003,2.462918758392334
2024-12-09 04:00:00+00:00,2.4665722846984863,2.4914050102233887,2.41296124458313,2.4474456310272217
2024-12-09 08:00:00+00:00,2.4473657608032227,2.4473657608032227,2.3589847087860107,2.378480911254883
2024-12-09 12:00:00+00:00,2.379411220550537,2.4598138332366943,2.3732190132141113,2.3841826915740967
2024-12-09 16:00:00+00:00,2.3843343257904053,2.4371535778045654,2.381880283355713,2.412858009338379
2024-12-09 20:00:00+00:00,2.411358594894409,2.411358594894409,2.1117894649505615,2.219236373901367
2024-12-10 00:00:00+00:00,2.2191622257232666,2.2675247192382812,2.056468963623047,2.14727520942688
2024-12-10 04:00:00+00:00,2.1505227088928223,2.220223903656006,2.0970263481140137,2.201761245727539
2024-12-10 08:00:00+00:00,2.2026305198669434,2.252840042114258,2.1861188411712646,2.2250587940216064
2024-12-10 12:00:00+00:00,2.2250471115112305,2.2250471115112305,2.054720640182495,2.054720640182495
2024-12-10 16:00:00+00:00,2.054746389389038,2.1321842670440674,1.920790672302246,2.1321842670440674
2024-12-10 20:00:00+00:00,2.131972074508667,2.408942222595215,2.12619686126709,2.369309425354004
2024-12-11 00:00:00+00:00,2.368948459625244,2.3807365894317627,2.239593267440796,2.2977428436279297
2024-12-11 04:00:00+00:00,2.298617362976074,2.352576494216919,2.298617362976074,2.2996954917907715
2024-12-11 08:00:00+00:00,2.2978692054748535,2.3959949016571045,2.293834924697876,2.3599355220794678
2024-12-11 12:00:00+00:00,2.3598692417144775,2.4656310081481934,2.3374154567718506,2.4487104415893555
2024-12-11 16:00:00+00:00,2.4491517543792725,2.456709861755371,2.391042947769165,2.432755947113037
2024-12-11 20:00:00+00:00,2.4327282905578613,2.441850185394287,2.4007787704467773,2.4007787704467773
2024-12-12 00:00:00+00:00,2.399388551712036,2.4277701377868652,2.3589251041412354,2.4009573459625244
2024-12-12 04:00:00+00:00,2.402299165725708,2.481609582901001,2.402299165725708,2.426102876663208
2024-12-12 08:00:00+00:00,2.4259800910949707,2.448625087738037,2.385284900665283,2.4044487476348877
2024-12-12 12:00:00+00:00,2.405120611190796,2.4444549083709717,2.4039368629455566,2.4235363006591797
2024-12-12 16:00:00+00:00,2.4221770763397217,2.4407548904418945,2.3473384380340576,2.3473384380340576
2024-12-12 20:00:00+00:00,2.347810745239258,2.3941445350646973,2.320117712020874,2.3427271842956543
2024-12-13 00:00:00+00:00,2.342209577560425,2.36430025100708,2.3142714500427246,2.3533849716186523
2024-12-13 04:00:00+00:00,2.3533318042755127,2.3533318042755127,2.2947490215301514,2.320735216140747
2024-12-13 08:00:00+00:00,2.320157527923584,2.348773956298828,2.3046278953552246,2.3411366939544678
2024-12-13 12:00:00+00:00,2.340611457824707,2.470435619354248,2.3385956287384033,2.3994264602661133
2024-12-13 16:00:00+00:00,2.400263547897339,2.442840576171875,2.393803119659424,2.421741485595703
2024-12-13 20:00:00+00:00,2.4205946922302246,2.441523790359497,2.41463041305542,2.4213192462921143
2024-12-14 00:00:00+00:00,2.421452045440674,2.4714152812957764,2.4063405990600586,2.4679741859436035
2024-12-14 04:00:00+00:00,2.466923952102661,2.5199363231658936,2.45061993598938,2.4889261722564697
2024-12-14 08:00:00+00:00,2.4888899326324463,2.499389886856079,2.430284261703491,2.430284261703491
2024-12-14 12:00:00+00:00,2.4306344985961914,2.434915542602539,2.373338460922241,2.400660514831543
2024-12-14 16:00:00+00:00,2.4009528160095215,2.4094865322113037,2.3719263076782227,2.397294044494629
2024-12-14 20:00:00+00:00,2.3968288898468018,2.407196521759033,2.357942581176758,2.398702621459961
2024-12-15 00:00:00+00:00,2.398709297180176,2.4343020915985107,2.3889145851135254,2.414947032928467
2024-12-15 04:00:00+00:00,2.4146921634674072,2.4425265789031982,2.3926265239715576,2.3981003761291504
2024-12-15 08:00:00+00:00,2.3983163833618164,2.4312515258789062,2.391815423965454,2.426854133605957
2024-12-15 12:00:00+00:00,2.427549123764038,2.427549123764038,2.3930840492248535,2.4151315689086914
2024-12-15 16:00:00+00:00,2.4151251316070557,2.434685230255127,2.4070284366607666,2.4070284366607666
2024-12-15 20:00:00+00:00,2.4069180488586426,2.464655637741089,2.3701326847076416,2.4469990730285645
2024-12-16 00:00:00+00:00,2.4471564292907715,2.463297128677368,2.392604351043701,2.4012274742126465
2024-12-16 04:00:00+00:00,2.4028146266937256,2.4146761894226074,2.39874529838562,2.4024016857147217
2024-12-16 08:00:00+00:00,2.4030373096466064,2.404613733291626,2.3451602458953857,2.346010446548462
2024-12-16 12:00:00+00:00,2.3476333618164062,2.3943910598754883,2.3474302291870117,2.372215986251831
2024-12-16 16:00:00+00:00,2.372443914413452,2.5674071311950684,2.372443914413452,2.470580577850342
2024-12-16 20:00:00+00:00,2.470933675765991,2.5231661796569824,2.463982343673706,2.4885976314544678
2024-12-17 00:00:00+00:00,2.4882941246032715,2.4882941246032715,2.445798397064209,2.4843735694885254
2024-12-17 04:00:00+00:00,2.484412431716919,2.5417492389678955,2.4641294479370117,2.531186103820801
2024-12-17 08:00:00+00:00,2.531297206878662,2.7173871994018555,2.531297206878662,2.6815669536590576
2024-12-17 12:00:00+00:00,2.6822404861450195,2.7082934379577637,2.5624518394470215,2.5874269008636475
2024-12-17 16:00:00+00:00,2.588132381439209,2.6511683464050293,2.579961061477661,2.5961358547210693
2024-12-17 20:00:00+00:00,2.59706711769104,2.625018835067749,2.52890682220459,2.5652313232421875
2024-12-18 00:00:00+00:00,2.565441370010376,2.5841217041015625,2.5283024311065674,2.5284695625305176
2024-12-18 04:00:00+00:00,2.5281460285186768,2.530726194381714,2.4803104400634766,2.511291265487671
2024-12-18 08:00:00+00:00,2.511263608932495,2.5831949710845947,2.4969122409820557,2.580230712890625
2024-12-18 12:00:00+00:00,2.5801327228546143,2.5801327228546143,2.4611685276031494,2.4711525440216064
2024-12-18 16:00:00+00:00,2.4721264839172363,2.505225658416748,2.427438497543335,2.427438497543335
2024-12-18 20:00:00+00:00,2.423821210861206,2.423821210861206,2.2875401973724365,2.3033041954040527
2024-12-19 00:00:00+00:00,2.3056085109710693,2.359555721282959,2.1829848289489746,2.359555721282959
2024-12-19 04:00:00+00:00,2.3582942485809326,2.3824214935302734,2.3385567665100098,2.381786823272705
2024-12-19 08:00:00+00:00,2.379582643508911,2.4260544776916504,2.3525969982147217,2.4118587970733643
2024-12-19 12:00:00+00:00,2.4113993644714355,2.4121313095092773,2.2795796394348145,2.320617198944092
2024-12-19 16:00:00+00:00,2.320643186569214,2.341931104660034,2.2026164531707764,2.2121455669403076
2024-12-19 20:00:00+00:00,2.226119041442871,2.284536600112915,2.170393466949463,2.2488820552825928
2024-12-20 00:00:00+00:00,2.2482786178588867,2.34489369392395,2.2307629585266113,2.3268001079559326
2024-12-20 04:00:00+00:00,2.326991319656372,2.3372068405151367,2.254302740097046,2.286311626434326
2024-12-20 08:00:00+00:00,2.286985397338867,2.2871286869049072,1.9732694625854492,1.984342336654663
2024-12-20 12:00:00+00:00,1.9824117422103882,2.239250659942627,1.9701955318450928,2.220822811126709
2024-12-20 16:00:00+00:00,2.220088005065918,2.3092777729034424,2.2134363651275635,2.2883596420288086
2024-12-20 20:00:00+00:00,2.2878308296203613,2.292335271835327,2.21747088432312,2.276900053024292
2024-12-21 00:00:00+00:00,2.2770586013793945,2.309856653213501,2.2558209896087646,2.2844507694244385
2024-12-21 04:00:00+00:00,2.2879745960235596,2.3815901279449463,2.2879745960235596,2.3586127758026123
2024-12-21 08:00:00+00:00,2.3573083877563477,2.3619673252105713,2.294407844543457,2.3057472705841064
2024-12-21 12:00:00+00:00,2.3064322471618652,2.3064322471618652,2.2044599056243896,2.257458448410034
2024-12-21 16:00:00+00:00,2.257235050201416,2.2615768909454346,2.2062699794769287,2.234062433242798
2024-12-21 20:00:00+00:00,2.2342753410339355,2.254585027694702,2.2101874351501465,2.2377936840057373
2024-12-22 00:00:00+00:00,2.2372260093688965,2.253096580505371,2.2127654552459717,2.2364556789398193
2024-12-22 04:00:00+00:00,2.236954689025879,2.242602586746216,2.1819541454315186,2.2253878116607666
2024-12-22 08:00:00+00:00,2.2255308628082275,2.2888970375061035,2.2255308628082275,2.264136552810669
2024-12-22 12:00:00+00:00,2.2635083198547363,2.2727742195129395,2.203627586364746,2.2203638553619385
2024-12-22 16:00:00+00:00,2.2201366424560547,2.2560837268829346,2.1939001083374023,2.1939001083374023
2024-12-22 20:00:00+00:00,2.1940839290618896,2.221947431564331,2.167569398880005,2.199439287185669
2024-12-23 00:00:00+00:00,2.1995203495025635,2.2156665325164795,2.135857582092285,2.2154958248138428
2024-12-23 04:00:00+00:00,2.215895175933838,2.22788667678833,2.1627445220947266,2.1742746829986572
2024-12-23 08:00:00+00:00,2.174804449081421,2.219895124435425,2.174804449081421,2.2002663612365723
2024-12-23 12:00:00+00:00,2.20021653175354,2.2196226119995117,2.1394381523132324,2.1424548625946045
2024-12-23 16:00:00+00:00,2.1424436569213867,2.1983802318573,2.1407196521759033,2.1800999641418457
2024-12-23 20:00:00+00:00,2.1802215576171875,2.267571449279785,2.1802215576171875,2.257052183151245
2024-12-24 00:00:00+00:00,2.2575631141662598,2.2587106227874756,2.216026782989502,2.245185136795044
2024-12-24 04:00:00+00:00,2.2453596591949463,2.260828733444214,2.2293307781219482,2.24499773979187
2024-12-24 08:00:00+00:00,2.2448461055755615,2.25447678565979,2.222877264022827,2.2420711517333984
2024-12-24 12:00:00+00:00,2.242168426513672,2.3298981189727783,2.229649305343628,2.3203399181365967
2024-12-24 16:00:00+00:00,2.3202157020568848,2.3451297283172607,2.3086166381835938,2.3107070922851562
2024-12-24 20:00:00+00:00,2.309858798980713,2.3359687328338623,2.282249927520752,2.324633836746216
2024-12-25 00:00:00+00:00,2.3244073390960693,2.3244073390960693,2.2863681316375732,2.292701244354248
2024-12-25 04:00:00+00:00,2.2932276725769043,2.3081541061401367,2.2825958728790283,2.2830100059509277
2024-12-25 08:00:00+00:00,2.283297300338745,2.326174020767212,2.2825660705566406,2.284740447998047
2024-12-25 12:00:00+00:00,2.28204607963562,2.295478105545044,2.268728733062744,2.279280662536621
2024-12-25 16:00:00+00:00,2.2791576385498047,2.304861307144165,2.263831615447998,2.304861307144165
2024-12-25 20:00:00+00:00,2.304924964904785,2.3114192485809326,2.292381763458252,2.296022891998291
2024-12-26 00:00:00+00:00,2.2957987785339355,2.311342716217041,2.266533613204956,2.2728705406188965
2024-12-26 04:00:00+00:00,2.2727136611938477,2.2727136611938477,2.2370188236236572,2.243382692337036
2024-12-26 08:00:00+00:00,2.243032455444336,2.243032455444336,2.1671862602233887,2.1897199153900146
2024-12-26 12:00:00+00:00,2.1896932125091553,2.1896932125091553,2.1591742038726807,2.165811777114868
2024-12-26 16:00:00+00:00,2.16569447517395,2.1825075149536133,2.1421914100646973,2.1641008853912354
2024-12-26 20:00:00+00:00,2.163926601409912,2.174027919769287,2.134695291519165,2.154330015182495
2024-12-27 00:00:00+00:00,2.15427827835083,2.1831979751586914,2.1386520862579346,2.173333168029785
2024-12-27 04:00:00+00:00,2.1732563972473145,2.1837079524993896,2.136657953262329,2.140554189682007
2024-12-27 08:00:00+00:00,2.1407530307769775,2.2311630249023438,2.1407530307769775,2.2094626426696777
2024-12-27 12:00:00+00:00,2.2112503051757812,2.2112503051757812,2.1333425045013428,2.140470266342163
2024-12-27 16:00:00+00:00,2.14080548286438,2.1748106479644775,2.1238515377044678,2.1748106479644775
2024-12-27 20:00:00+00:00,2.174464225769043,2.1759917736053467,2.133202314376831,2.1416666507720947
2024-12-28 00:00:00+00:00,2.1428470611572266,2.1523892879486084,2.135093927383423,2.1516199111938477
2024-12-28 04:00:00+00:00,2.151740550994873,2.1651363372802734,2.1445906162261963,2.1528432369232178
2024-12-28 08:00:00+00:00,2.1527485847473145,2.1707265377044678,2.1527485847473145,2.16644287109375
2024-12-28 12:00:00+00:00,2.1665585041046143,2.188481092453003,2.1581897735595703,2.169844150543213
2024-12-28 16:00:00+00:00,2.169637441635132,2.1978402137756348,2.169637441635132,2.188164472579956
2024-12-28 20:00:00+00:00,2.187917470932007,2.199380397796631,2.1799020767211914,2.180833101272583
2024-12-29 00:00:00+00:00,2.1807703971862793,2.183946371078491,2.168768882751465,2.183755397796631
2024-12-29 04:00:00+00:00,2.1837120056152344,2.1916871070861816,2.1743717193603516,2.1916871070861816
2024-12-29 08:00:00+00:00,2.192178249359131,2.192178249359131,2.175081729888916,2.175081729888916
2024-12-29 12:00:00+00:00,2.1750690937042236,2.1798646450042725,2.1509361267089844,2.1635239124298096
2024-12-29 16:00:00+00:00,2.1630518436431885,2.1630518436431885,2.136521339416504,2.1393966674804688
2024-12-29 20:00:00+00:00,2.138348340988159,2.138348340988159,2.072361946105957,2.093189001083374
2024-12-30 00:00:00+00:00,2.0930888652801514,2.141561985015869,2.085430860519409,2.097947597503662
2024-12-30 04:00:00+00:00,2.0973875522613525,2.106428623199463,2.0485763549804688,2.0613033771514893
2024-12-30 08:00:00+00:00,2.061697244644165,2.0797579288482666,2.050812005996704,2.07480525970459
2024-12-30 12:00:00+00:00,2.0740818977355957,2.0905959606170654,2.0002307891845703,2.0194013118743896
2024-12-30 16:00:00+00:00,2.0198938846588135,2.099494457244873,2.00551700592041,2.099494457244873
2024-12-30 20:00:00+00:00,2.0995490550994873,2.130793809890747,2.0495808124542236,2.0575454235076904
2024-12-31 00:00:00+00:00,2.0573487281799316,2.059643268585205,2.0165672302246094,2.0197036266326904
2024-12-31 04:00:00+00:00,2.0191032886505127,2.0325050354003906,2.014131784439087,2.0292739868164062
2024-12-31 08:00:00+00:00,2.029292345046997,2.091217517852783,2.029292345046997,2.0736424922943115
2024-12-31 12:00:00+00:00,2.0735130310058594,2.1408796310424805,2.0735130310058594,2.1281726360321045
2024-12-31 16:00:00+00:00,2.127746343612671,2.127746343612671,2.0687355995178223,2.0888328552246094
2024-12-31 20:00:00+00:00,2.0887818336486816,2.0991361141204834,2.0733482837677,2.080120801925659
2025-01-01 00:00:00+00:00,2.080014228820801,2.1058261394500732,2.079347848892212,2.1019065380096436
2025-01-01 04:00:00+00:00,2.1021907329559326,2.1419315338134766,2.098452091217041,2.12475323677063
2025-01-01 08:00:00+00:00,2.1240103244781494,2.1356418132781982,2.0903384685516357,2.132573127746582
2025-01-01 12:00:00+00:00,2.1326828002929688,2.221276044845581,2.1310231685638428,2.221276044845581
2025-01-01 16:00:00+00:00,2.221069097518921,2.3262510299682617,2.2156074047088623,2.3084726333618164
2025-01-01 20:00:00+00:00,2.309617519378662,2.346414089202881,2.29325795173645,2.322408437728882
2025-01-02 00:00:00+00:00,2.3228330612182617,2.432633876800537,2.3228330612182617,2.419031858444214
2025-01-02 04:00:00+00:00,2.4189627170562744,2.4201488494873047,2.347733974456787,2.365816593170166
2025-01-02 08:00:00+00:00,2.365551471710205,2.410947322845459,2.365551471710205,2.403660774230957
2025-01-02 12:00:00+00:00,2.4031851291656494,2.417229652404785,2.3832764625549316,2.401236057281494
2025-01-02 16:00:00+00:00,2.4010958671569824,2.430114984512329,2.3792052268981934,2.389742374420166
2025-01-02 20:00:00+00:00,2.389188289642334,2.407677412033081,2.370541572570801,2.4033751487731934
2025-01-03 00:00:00+00:00,2.4030628204345703,2.4673304557800293,2.3974647521972656,2.4673304557800293
2025-01-03 04:00:00+00:00,2.467284679412842,2.467284679412842,2.40698504447937,2.415825366973877
2025-01-03 08:00:00+00:00,2.415534019470215,2.4284350872039795,2.4062302112579346,2.406404495239258
2025-01-03 12:00:00+00:00,2.406735897064209,2.4443442821502686,2.4037816524505615,2.4443442821502686
2025-01-03 16:00:00+00:00,2.4443442821502686,2.474412202835083,2.43972110748291,2.471453905105591
2025-01-03 20:00:00+00:00,2.47156023979187,2.47156023979187,2.44525146484375,2.452897071838379
2025-01-04 00:00:00+00:00,2.455569267272949,2.503537654876709,2.4334256649017334,2.4661848545074463
2025-01-04 04:00:00+00:00,2.4645259380340576,2.4645259380340576,2.444514513015747,2.448324680328369
2025-01-04 08:00:00+00:00,2.447838544845581,2.449096202850342,2.4318480491638184,2.440420627593994
2025-01-04 12:00:00+00:00,2.4406797885894775,2.459641933441162,2.407790422439575,2.412611961364746
2025-01-04 16:00:00+00:00,2.4126999378204346,2.4321823120117188,2.4126999378204346,2.422240734100342
2025-01-04 20:00:00+00:00,2.4221718311309814,2.4404072761535645,2.418879747390747,2.4195797443389893
2025-01-05 00:00:00+00:00,2.420729398727417,2.425386428833008,2.3818228244781494,2.3888378143310547
2025-01-05 04:00:00+00:00,2.3889102935791016,2.412820339202881,2.3889102935791016,2.4002320766448975
2025-01-05 08:00:00+00:00,2.400205612182617,2.4008474349975586,2.3343794345855713,2.3541173934936523
2025-01-05 12:00:00+00:00,2.3539066314697266,2.3781368732452393,2.3481626510620117,2.368842124938965
2025-01-05 16:00:00+00:00,2.3685362339019775,2.407963991165161,2.362617015838623,2.383718490600586
2025-01-05 20:00:00+00:00,2.383747100830078,2.4125287532806396,2.383747100830078,2.3997256755828857
2025-01-06 00:00:00+00:00,2.399606227874756,2.4366180896759033,2.3769569396972656,2.4121623039245605
2025-01-06 04:00:00+00:00,2.4130513668060303,2.4211530685424805,2.3923497200012207,2.392354965209961
2025-01-06 08:00:00+00:00,2.392531156539917,2.4010047912597656,2.3771915435791016,2.3963894844055176
2025-01-06 12:00:00+00:00,2.396320343017578,2.447441816329956,2.3775947093963623,2.434457778930664
2025-01-06 16:00:00+00:00,2.43641996383667,2.4548401832580566,2.406628131866455,2.428352117538452
2025-01-06 20:00:00+00:00,2.4272825717926025,2.428952932357788,2.4099173545837402,2.4187941551208496
2025-01-07 00:00:00+00:00,2.41886568069458,2.4222049713134766,2.3965182304382324,2.4060862064361572
2025-01-07 04:00:00+00:00,2.4065282344818115,2.445348024368286,2.4065282344818115,2.4282033443450928
2025-01-07 08:00:00+00:00,2.4281060695648193,2.45939040184021,2.4111368656158447,2.41984486579895
2025-01-07 12:00:00+00:00,2.422008514404297,2.439054489135742,2.2957041263580322,2.320993185043335
2025-01-07 16:00:00+00:00,2.320549964904785,2.3420188426971436,2.2728042602539062,2.2794954776763916
2025-01-07 20:00:00+00:00,2.2795281410217285,2.3017396926879883,2.26601505279541,2.2723605632781982
2025-01-08 00:00:00+00:00,2.272427558898926,2.3629488945007324,2.272427558898926,2.323076009750366
2025-01-08 04:00:00+00:00,2.322622776031494,2.3295645713806152,2.26520037651062,2.288917303085327
2025-01-08 08:00:00+00:00,2.2884881496429443,2.3336598873138428,2.2884881496429443,2.3218884468078613
2025-01-08 12:00:00+00:00,2.32302188873291,2.3631863594055176,2.284433364868164,2.3033552169799805
2025-01-08 16:00:00+00:00,2.3042449951171875,2.3312108516693115,2.212951898574829,2.3187801837921143
2025-01-08 20:00:00+00:00,2.3155617713928223,2.394893169403076,2.3013274669647217,2.375307559967041
2025-01-09 00:00:00+00:00,2.3748786449432373,2.38907527923584,2.345531702041626,2.3508613109588623
2025-01-09 04:00:00+00:00,2.3506650924682617,2.3632545471191406,2.301532030105591,2.310609817504883
2025-01-09 08:00:00+00:00,2.310976982116699,2.3284130096435547,2.292438268661499,2.300384998321533
2025-01-09 12:00:00+00:00,2.3015289306640625,2.33474063873291,2.240300416946411,2.324230909347534
2025-01-09 16:00:00+00:00,2.3207247257232666,2.3277158737182617,2.2736451625823975,2.2852258682250977
2025-01-09 20:00:00+00:00,2.2833454608917236,2.2954342365264893,2.2573580741882324,2.2751667499542236
2025-01-10 00:00:00+00:00,2.2747931480407715,2.2929000854492188,2.263669729232788,2.286959648132324
2025-01-10 04:00:00+00:00,2.2871196269989014,2.3225104808807373,2.2846546173095703,2.3137152194976807
2025-01-10 08:00:00+00:00,2.313105583190918,2.319668769836426,2.3037521839141846,2.307798385620117
2025-01-10 12:00:00+00:00,2.3085150718688965,2.317425012588501,2.25769305229187,2.2908380031585693
2025-01-10 16:00:00+00:00,2.2906322479248047,2.358914375305176,2.2715632915496826,2.3568975925445557
2025-01-10 20:00:00+00:00,2.3569719791412354,2.363680124282837,2.3352084159851074,2.3432459831237793
2025-01-11 00:00:00+00:00,2.343031644821167,2.3592185974121094,2.3302605152130127,2.3308701515197754
2025-01-11 04:00:00+00:00,2.3309402465820312,2.344076633453369,2.3288135528564453,2.342378616333008
2025-01-11 08:00:00+00:00,2.342435598373413,2.427823066711426,2.337205648422241,2.418755054473877
2025-01-11 12:00:00+00:00,2.4196174144744873,2.4225473403930664,2.3832943439483643,2.4074909687042236
2025-01-11 16:00:00+00:00,2.407783031463623,2.5279390811920166,2.4014084339141846,2.5279390811920166
2025-01-11 20:00:00+00:00,2.527918815612793,2.5917093753814697,2.5115580558776855,2.576788902282715
2025-01-12 00:00:00+00:00,2.577918767929077,2.577918767929077,2.5111441612243652,2.5348658561706543
2025-01-12 04:00:00+00:00,2.539072036743164,2.5504844188690186,2.515503406524658,2.5396792888641357
2025-01-12 08:00:00+00:00,2.539734125137329,2.54683256149292,2.473304510116577,2.4947011470794678
2025-01-12 12:00:00+00:00,2.494755506515503,2.5274081230163574,2.492461919784546,2.5198557376861572
2025-01-12 16:00:00+00:00,2.5212173461914062,2.5476529598236084,2.520989418029785,2.5456340312957764
2025-01-12 20:00:00+00:00,2.5457029342651367,2.5457029342651367,2.488210439682007,2.506373405456543
2025-01-13 00:00:00+00:00,2.5058436393737793,2.5587100982666016,2.49829363822937,2.5129730701446533
2025-01-13 04:00:00+00:00,2.507267713546753,2.5343515872955322,2.4513068199157715,2.459135055541992
2025-01-13 08:00:00+00:00,2.459357976913452,2.460202693939209,2.348471164703369,2.348471164703369
2025-01-13 12:00:00+00:00,2.3481593132019043,2.483832359313965,2.3397891521453857,2.4649083614349365
2025-01-13 16:00:00+00:00,2.464723587036133,2.4899673461914062,2.431076765060425,2.4625449180603027
2025-01-13 20:00:00+00:00,2.462301015853882,2.548189401626587,2.4540231227874756,2.522891044616699
2025-01-14 00:00:00+00:00,2.523174524307251,2.5490734577178955,2.5182673931121826,2.5320191383361816
2025-01-14 04:00:00+00:00,2.533067226409912,2.5480916500091553,2.516223669052124,2.516749382019043
2025-01-14 08:00:00+00:00,2.5164780616760254,2.595191717147827,2.5164780616760254,2.5712714195251465
2025-01-14 12:00:00+00:00,2.573270559310913,2.5891711711883545,2.5498788356781006,2.577275037765503
2025-01-14 16:00:00+00:00,2.5778262615203857,2.6869797706604004,2.559335947036743,2.6698780059814453
2025-01-14 20:00:00+00:00,2.669300079345703,2.67525053024292,2.646721601486206,2.6691668033599854
2025-01-15 00:00:00+00:00,2.666717052459717,2.867414712905884,2.6593809127807617,2.825321912765503
2025-01-15 04:00:00+00:00,2.825829267501831,2.885542869567871,2.7894504070281982,2.8667330741882324
2025-01-15 08:00:00+00:00,2.866325855255127,2.8690991401672363,2.725090742111206,2.755211591720581
2025-01-15 12:00:00+00:00,2.756706953048706,2.990558385848999,2.7338879108428955,2.976499319076538
2025-01-15 16:00:00+00:00,2.9744410514831543,2.995647668838501,2.882970094680786,2.946828603744507
2025-01-15 20:00:00+00:00,2.9468257427215576,3.177440643310547,2.9399170875549316,3.1583940982818604
2025-01-16 00:00:00+00:00,3.1559364795684814,3.1559364795684814,2.948064088821411,3.0363640785217285
2025-01-16 04:00:00+00:00,3.04005765914917,3.136734962463379,3.04005765914917,3.0924034118652344
2025-01-16 08:00:00+00:00,3.0924084186553955,3.193902015686035,3.040968894958496,3.193902015686035
2025-01-16 12:00:00+00:00,3.1939690113067627,3.3566746711730957,3.173550605773926,3.3099818229675293
2025-01-16 16:00:00+00:00,3.3115310668945312,3.3860318660736084,3.306497573852539,3.350022315979004
2025-01-16 20:00:00+00:00,3.348902940750122,3.348902940750122,3.1777875423431396,3.2453205585479736
2025-01-17 00:00:00+00:00,3.2486300468444824,3.341949462890625,3.2486300468444824,3.303431749343872
2025-01-17 04:00:00+00:00,3.3045010566711426,3.3406641483306885,3.291651964187622,3.302372932434082
2025-01-17 08:00:00+00:00,3.305628776550293,3.3230838775634766,3.235278367996216,3.309422016143799
2025-01-17 12:00:00+00:00,3.2948250770568848,3.2948250770568848,3.193220615386963,3.203450918197632
2025-01-17 16:00:00+00:00,3.202125310897827,3.2558999061584473,3.1834475994110107,3.238349437713623
2025-01-17 20:00:00+00:00,3.2353415489196777,3.3094146251678467,3.2353415489196777,3.2986676692962646
2025-01-18 00:00:00+00:00,3.2978103160858154,3.2978103160858154,3.2114412784576416,3.237300157546997
2025-01-18 04:00:00+00:00,3.2374448776245117,3.2385165691375732,3.0968708992004395,3.116103172302246
2025-01-18 08:00:00+00:00,3.1116840839385986,3.16670560836792,3.0732929706573486,3.1654722690582275
2025-01-18 12:00:00+00:00,3.165601968765259,3.2402472496032715,3.1556668281555176,3.186870813369751
2025-01-18 16:00:00+00:00,3.1854183673858643,3.207444667816162,3.141321897506714,3.2067947387695312
2025-01-18 20:00:00+00:00,3.20719575881958,3.282205820083618,3.1756012439727783,3.2739830017089844
2025-01-19 00:00:00+00:00,3.2672786712646484,3.2838892936706543,3.228659152984619,3.2514419555664062
2025-01-19 04:00:00+00:00,3.2510855197906494,3.2510855197906494,3.1736605167388916,3.178255558013916
2025-01-19 08:00:00+00:00,3.1784191131591797,3.1784191131591797,3.0388331413269043,3.045503616333008
2025-01-19 12:00:00+00:00,3.045391321182251,3.151341438293457,3.045391321182251,3.1441426277160645
2025-01-19 16:00:00+00:00,3.1430420875549316,3.219850540161133,3.129910707473755,3.2165005207061768
2025-01-19 20:00:00+00:00,3.2165579795837402,3.2258801460266113,2.905046224594116,2.954352617263794
2025-01-20 00:00:00+00:00,2.958162546157837,3.122844696044922,2.931401252746582,3.1040544509887695
2025-01-20 04:00:00+00:00,3.1069204807281494,3.2377607822418213,3.079648733139038,3.200571298599243
2025-01-20 08:00:00+00:00,3.198437452316284,3.3247323036193848,3.198437452316284,3.308387517929077
2025-01-20 12:00:00+00:00,3.3102846145629883,3.345940113067627,3.229386568069458,3.2701966762542725
2025-01-20 16:00:00+00:00,3.2714600563049316,3.3120346069335938,3.069453239440918,3.157423496246338
2025-01-20 20:00:00+00:00,3.1570932865142822,3.165262460708618,3.0547986030578613,3.0998330116271973
2025-01-21 00:00:00+00:00,3.101363182067871,3.179504871368408,3.0789411067962646,3.10813307762146
2025-01-21 04:00:00+00:00,3.1064205169677734,3.1064205169677734,3.023531675338745,3.0610408782958984
2025-01-21 08:00:00+00:00,3.06272554397583,3.1111927032470703,3.05259108543396,3.100651979446411
2025-01-21 12:00:00+00:00,3.1019232273101807,3.1441707611083984,3.086940288543701,3.1203300952911377
2025-01-21 16:00:00+00:00,3.1205811500549316,3.2337825298309326,3.119199514389038,3.197864532470703
2025-01-21 20:00:00+00:00,3.1987380981445312,3.199618339538574,3.1520955562591553,3.169414758682251
2025-01-22 00:00:00+00:00,3.1702117919921875,3.2014105319976807,3.1702117919921875,3.1734466552734375
2025-01-22 04:00:00+00:00,3.174215793609619,3.1838033199310303,3.155795097351074,3.1686718463897705
2025-01-22 08:00:00+00:00,3.1710495948791504,3.2185401916503906,3.1486592292785645,3.2161004543304443
2025-01-22 12:00:00+00:00,3.2209584712982178,3.254993200302124,3.160768508911133,3.1696879863739014
2025-01-22 16:00:00+00:00,3.169379711151123,3.254349708557129,3.147257089614868,3.2323434352874756
2025-01-22 20:00:00+00:00,3.221656560897827,3.272343635559082,3.1584038734436035,3.1710562705993652
2025-01-23 00:00:00+00:00,3.177206516265869,3.177206516265869,3.1224920749664307,3.1485402584075928
2025-01-23 04:00:00+00:00,3.1487820148468018,3.150379180908203,3.1086816787719727,3.128390312194824
2025-01-23 08:00:00+00:00,3.1279473304748535,3.128131628036499,3.0726871490478516,3.0829179286956787
2025-01-23 12:00:00+00:00,3.0831973552703857,3.158231258392334,3.0412955284118652,3.133794069290161
2025-01-23 16:00:00+00:00,3.1337366104125977,3.172781229019165,3.0702481269836426,3.077641010284424
2025-01-23 20:00:00+00:00,3.077946662902832,3.156935214996338,3.069687604904175,3.119809627532959
2025-01-24 00:00:00+00:00,3.1199393272399902,3.1275219917297363,3.0591354370117188,3.125648021697998
2025-01-24 04:00:00+00:00,3.1256296634674072,3.1717522144317627,3.118239164352417,3.167562961578369
2025-01-24 08:00:00+00:00,3.1668787002563477,3.198484420776367,3.164309501647949,3.1963558197021484
2025-01-24 12:00:00+00:00,3.196239948272705,3.20068359375,3.1454918384552,3.1631178855895996
2025-01-24 16:00:00+00:00,3.1633903980255127,3.1666133403778076,3.1370816230773926,3.1401708126068115
2025-01-24 20:00:00+00:00,3.1402053833007812,3.142380714416504,3.0863637924194336,3.103482961654663
2025-01-25 00:00:00+00:00,3.1030914783477783,3.1316614151000977,3.1008565425872803,3.130629062652588
2025-01-25 04:00:00+00:00,3.1323232650756836,3.1324758529663086,3.0966525077819824,3.107520580291748
2025-01-25 08:00:00+00:00,3.107539176940918,3.11427640914917,3.0827181339263916,3.11427640914917
2025-01-25 12:00:00+00:00,3.114377975463867,3.140528440475464,3.1090714931488037,3.1405258178710938
2025-01-25 16:00:00+00:00,3.1406137943267822,3.141482353210449,3.1136252880096436,3.1242446899414062
2025-01-25 20:00:00+00:00,3.1242446899414062,3.1403307914733887,3.109675645828247,3.109701633453369
2025-01-26 00:00:00+00:00,3.1096742153167725,3.139770030975342,3.1075356006622314,3.135828733444214
2025-01-26 04:00:00+00:00,3.135206937789917,3.140230417251587,3.125744342803955,3.1395885944366455
2025-01-26 08:00:00+00:00,3.1397151947021484,3.140903949737549,3.1137146949768066,3.131225824356079
2025-01-26 12:00:00+00:00,3.131150245666504,3.131150245666504,3.1136574745178223,3.1165573596954346
2025-01-26 16:00:00+00:00,3.116475820541382,3.135732412338257,3.10945463180542,3.1305270195007324
2025-01-26 20:00:00+00:00,3.1305482387542725,3.130714178085327,3.0238447189331055,3.0262274742126465
2025-01-27 00:00:00+00:00,3.025355100631714,3.0355944633483887,2.9533135890960693,3.0042800903320312
2025-01-27 04:00:00+00:00,3.0041182041168213,3.0041182041168213,2.7130472660064697,2.8151750564575195
2025-01-27 08:00:00+00:00,2.8147506713867188,2.825498104095459,2.7281112670898438,2.7996482849121094
2025-01-27 12:00:00+00:00,2.7944061756134033,2.979926347732544,2.777200698852539,2.9614124298095703
2025-01-27 16:00:00+00:00,2.9570932388305664,3.0111899375915527,2.8862571716308594,2.90458607673645
2025-01-27 20:00:00+00:00,2.9068212509155273,3.0535080432891846,2.9068212509155273,3.0535080432891846
2025-01-28 00:00:00+00:00,3.0534400939941406,3.091313123703003,3.0115928649902344,3.085125207901001
2025-01-28 04:00:00+00:00,3.0860345363616943,3.143064260482788,3.0860345363616943,3.1031413078308105
2025-01-28 08:00:00+00:00,3.1038224697113037,3.141563892364502,3.078852415084839,3.141563892364502
2025-01-28 12:00:00+00:00,3.140355110168457,3.2076010704040527,3.123823642730713,3.176070213317871
2025-01-28 16:00:00+00:00,3.1786866188049316,3.1898305416107178,3.1273608207702637,3.1393167972564697
2025-01-28 20:00:00+00:00,3.1373279094696045,3.1373279094696045,3.0184733867645264,3.061098337173462
2025-01-29 00:00:00+00:00,3.0603792667388916,3.088783025741577,3.057354211807251,3.0836353302001953
2025-01-29 04:00:00+00:00,3.0834271907806396,3.1192069053649902,3.077312707901001,3.106262445449829
2025-01-29 08:00:00+00:00,3.105332851409912,3.122673749923706,3.078523635864258,3.0835025310516357
2025-01-29 12:00:00+00:00,3.083725929260254,3.0958383083343506,3.0322465896606445,3.0640196800231934
2025-01-29 16:00:00+00:00,3.0641086101531982,3.1086058616638184,2.979069471359253,3.0751121044158936
2025-01-29 20:00:00+00:00,3.073035717010498,3.127164125442505,3.055786371231079,3.0684783458709717
2025-01-30 00:00:00+00:00,3.068728446960449,3.120835781097412,3.0538716316223145,3.120384931564331
2025-01-30 04:00:00+00:00,3.1200027465820312,3.128618001937866,3.101017951965332,3.107370138168335
2025-01-30 08:00:00+00:00,3.1076009273529053,3.1125426292419434,3.099189519882202,3.103102207183838
2025-01-30 12:00:00+00:00,3.1031484603881836,3.1492111682891846,3.0860326290130615,3.125413179397583
2025-01-30 16:00:00+00:00,3.125091791152954,3.1378376483917236,3.103015184402466,3.130488872528076
2025-01-30 20:00:00+00:00,3.1304259300231934,3.1502082347869873,3.119563102722168,3.13104510307312
2025-01-31 00:00:00+00:00,3.1306967735290527,3.1310460567474365,3.084162712097168,3.0930819511413574
2025-01-31 04:00:00+00:00,3.0930263996124268,3.095506191253662,3.072355031967163,3.0780892372131348
2025-01-31 08:00:00+00:00,3.078176259994507,3.099500894546509,3.060736656188965,3.0959513187408447
2025-01-31 12:00:00+00:00,3.098266839981079,3.111919641494751,3.075880765914917,3.1060264110565186
2025-01-31 16:00:00+00:00,3.1048598289489746,3.1048598289489746,3.0215346813201904,3.034349203109741
2025-01-31 20:00:00+00:00,3.034409999847412,3.0460596084594727,3.006535530090332,3.035398483276367
2025-02-01 00:00:00+00:00,3.0354487895965576,3.068225622177124,3.0314671993255615,3.0380897521972656
2025-02-01 04:00:00+00:00,3.0383315086364746,3.0561349391937256,3.03043270111084,3.03043270111084
2025-02-01 08:00:00+00:00,3.0305004119873047,3.0374114513397217,2.9661035537719727,2.9896883964538574
2025-02-01 12:00:00+00:00,2.9907257556915283,3.0048441886901855,2.9573452472686768,2.9707818031311035
2025-02-01 16:00:00+00:00,2.9710519313812256,2.9973039627075195,2.9178130626678467,2.9317562580108643
2025-02-01 20:00:00+00:00,2.932631492614746,2.9424428939819336,2.8381552696228027,2.88446307182312
2025-02-02 00:00:00+00:00,2.880716323852539,2.9521329402923584,2.8410847187042236,2.841317653656006
2025-02-02 04:00:00+00:00,2.8412301540374756,2.921231269836426,2.8341479301452637,2.881819486618042
2025-02-02 08:00:00+00:00,2.880748748779297,2.9098622798919678,2.800506830215454,2.8050198554992676
2025-02-02 12:00:00+00:00,2.8032948970794678,2.846421718597412,2.742814779281616,2.8103740215301514
2025-02-02 16:00:00+00:00,2.8098270893096924,2.8098270893096924,2.512183666229248,2.6586527824401855
2025-02-02 20:00:00+00:00,2.6566693782806396,2.7099435329437256,2.4924612045288086,2.5797953605651855
2025-02-03 00:00:00+00:00,2.579012632369995,2.579012632369995,1.9493805170059204,2.2498316764831543
2025-02-03 04:00:00+00:00,2.254836320877075,2.4423577785491943,2.143937826156616,2.438267230987549
2025-02-03 08:00:00+00:00,2.4377317428588867,2.4377317428588867,2.316244125366211,2.3665878772735596
2025-02-03 12:00:00+00:00,2.376889944076538,2.571688413619995,2.229081869125366,2.5608296394348145
2025-02-03 16:00:00+00:00,2.5595929622650146,2.7798500061035156,2.557427406311035,2.771230697631836
2025-02-03 20:00:00+00:00,2.7686192989349365,2.7686192989349365,2.6614131927490234,2.701308488845825
2025-02-04 00:00:00+00:00,2.7012851238250732,2.774869441986084,2.697371482849121,2.7198023796081543
2025-02-04 04:00:00+00:00,2.72025728225708,2.7259130477905273,2.4842755794525146,2.4890668392181396
2025-02-04 08:00:00+00:00,2.4864892959594727,2.622385263442993,2.484205484390259,2.59690523147583
2025-02-04 12:00:00+00:00,2.596510887145996,2.678253173828125,2.5940093994140625,2.630002021789551
2025-02-04 16:00:00+00:00,2.629514217376709,2.7092642784118652,2.604381561279297,2.6203012466430664
2025-02-04 20:00:00+00:00,2.604184865951538,2.6148979663848877,2.4366772174835205,2.535369396209717
2025-02-05 00:00:00+00:00,2.533936023712158,2.5593655109405518,2.4809343814849854,2.507166862487793
2025-02-05 04:00:00+00:00,2.506798505783081,2.537935256958008,2.491823434829712,2.5154688358306885
2025-02-05 08:00:00+00:00,2.5151991844177246,2.551065683364868,2.5027828216552734,2.551065683364868
2025-02-05 12:00:00+00:00,2.5508980751037598,2.565659761428833,2.49359393119812,2.504176616668701
2025-02-05 16:00:00+00:00,2.5039281845092773,2.504718780517578,2.356757164001465,2.437668800354004
2025-02-05 20:00:00+00:00,2.4368042945861816,2.459444761276245,2.3688976764678955,2.3822574615478516
2025-02-06 00:00:00+00:00,2.381969690322876,2.432032585144043,2.381969690322876,2.426013469696045
2025-02-06 04:00:00+00:00,2.426544189453125,2.46455454826355,2.4225733280181885,2.4427106380462646
2025-02-06 08:00:00+00:00,2.442783832550049,2.4638795852661133,2.4282543659210205,2.452662944793701
2025-02-06 12:00:00+00:00,2.451462745666504,2.451462745666504,2.296755075454712,2.303903579711914
2025-02-06 16:00:00+00:00,2.314687728881836,2.3634560108184814,2.2934417724609375,2.2976040840148926
2025-02-06 20:00:00+00:00,2.2967357635498047,2.35495662689209,2.2967159748077393,2.3268959522247314
2025-02-07 00:00:00+00:00,2.3268730640411377,2.367141008377075,2.316056489944458,2.3538224697113037
2025-02-07 04:00:00+00:00,2.353442668914795,2.3690104484558105,2.286395311355591,2.2910404205322266
2025-02-07 08:00:00+00:00,2.290510416030884,2.429319143295288,2.284853935241699,2.4143741130828857
2025-02-07 12:00:00+00:00,2.418898582458496,2.533257484436035,2.3861467838287354,2.4765193462371826
2025-02-07 16:00:00+00:00,2.4735875129699707,2.5007126331329346,2.421490430831909,2.434985876083374
2025-02-07 20:00:00+00:00,2.4344844818115234,2.4344844818115234,2.354203939437866,2.393624782562256
2025-02-08 00:00:00+00:00,2.3949949741363525,2.4193665981292725,2.3810932636260986,2.3849830627441406
2025-02-08 04:00:00+00:00,2.383216142654419,2.4012019634246826,2.3559505939483643,2.398503541946411
2025-02-08 08:00:00+00:00,2.39836049079895,2.4140613079071045,2.3763959407806396,2.4082212448120117
2025-02-08 12:00:00+00:00,2.4098517894744873,2.42978835105896,2.388166666030884,2.3915903568267822
2025-02-08 16:00:00+00:00,2.3911325931549072,2.432014226913452,2.382502555847168,2.4243760108947754
2025-02-08 20:00:00+00:00,2.4247782230377197,2.4337055683135986,2.4073562622070312,2.4243500232696533
2025-02-09 00:00:00+00:00,2.4242258071899414,2.491807222366333,2.4114885330200195,2.491119861602783
2025-02-09 04:00:00+00:00,2.504321813583374,2.504321813583374,2.4551472663879395,2.468104600906372
2025-02-09 08:00:00+00:00,2.467776298522949,2.4897303581237793,2.4450294971466064,2.4450294971466064
2025-02-09 12:00:00+00:00,2.4441585540771484,2.4474916458129883,2.38765287399292,2.4251022338867188
2025-02-09 16:00:00+00:00,2.4265024662017822,2.431981325149536,2.3916032314300537,2.3997302055358887
2025-02-09 20:00:00+00:00,2.3994100093841553,2.419166326522827,2.3199868202209473,2.3969154357910156
2025-02-10 00:00:00+00:00,2.3967678546905518,2.431410789489746,2.330235004425049,2.383176565170288
2025-02-10 04:00:00+00:00,2.3832433223724365,2.414942741394043,2.3817408084869385,2.4072036743164062
2025-02-10 08:00:00+00:00,2.4072039127349854,2.4492030143737793,2.4057183265686035,2.4313101768493652
2025-02-10 12:00:00+00:00,2.431131601333618,2.468350887298584,2.412130832672119,2.422045946121216
2025-02-10 16:00:00+00:00,2.4221315383911133,2.4425477981567383,2.414638042449951,2.4259073734283447
2025-02-10 20:00:00+00:00,2.4257800579071045,2.438896656036377,2.4119200706481934,2.422748327255249
2025-02-11 00:00:00+00:00,2.4225375652313232,2.4640090465545654,2.422492027282715,2.441335439682007
2025-02-11 04:00:00+00:00,2.441319227218628,2.524514675140381,2.441319227218628,2.5047075748443604
2025-02-11 08:00:00+00:00,2.5039706230163574,2.5111608505249023,2.479856491088867,2.4950788021087646
2025-02-11 12:00:00+00:00,2.4951584339141846,2.4962029457092285,2.4431347846984863,2.4711737632751465
2025-02-11 16:00:00+00:00,2.4707601070404053,2.4789626598358154,2.3767342567443848,2.390244245529175
2025-02-11 20:00:00+00:00,2.3899762630462646,2.442845582962036,2.3880414962768555,2.4142191410064697
2025-02-12 00:00:00+00:00,2.4141898155212402,2.423935890197754,2.387260913848877,2.3902950286865234
2025-02-12 04:00:00+00:00,2.390368938446045,2.414581298828125,2.385270595550537,2.407815933227539
2025-02-12 08:00:00+00:00,2.40745210647583,2.4272541999816895,2.403790235519409,2.4208896160125732
2025-02-12 12:00:00+00:00,2.421041488647461,2.4498918056488037,2.3499889373779297,2.4024147987365723
2025-02-12 16:00:00+00:00,2.4010794162750244,2.459352731704712,2.384147882461548,2.4486563205718994
2025-02-12 20:00:00+00:00,2.4484238624572754,2.490575075149536,2.4431605339050293,2.4711689949035645
2025-02-13 00:00:00+00:00,2.4727869033813477,2.481184720993042,2.4567019939422607,2.481057643890381
2025-02-13 04:00:00+00:00,2.4820261001586914,2.484482526779175,2.434577465057373,2.4423282146453857
2025-02-13 08:00:00+00:00,2.441073417663574,2.4540047645568848,2.4294862747192383,2.4398601055145264
2025-02-13 12:00:00+00:00,2.4413132667541504,2.4641268253326416,2.4258852005004883,2.448089838027954
2025-02-13 16:00:00+00:00,2.447436571121216,2.471414804458618,2.425354480743408,2.458113431930542
2025-02-13 20:00:00+00:00,2.4562127590179443,2.5939269065856934,2.4562127590179443,2.562502145767212
2025-02-14 00:00:00+00:00,2.5624618530273438,2.5883584022521973,2.535353183746338,2.5882718563079834
2025-02-14 04:00:00+00:00,2.591146230697632,2.5931379795074463,2.542503595352173,2.5849273204803467
2025-02-14 08:00:00+00:00,2.5864224433898926,2.77242112159729,2.5864224433898926,2.733552932739258
2025-02-14 12:00:00+00:00,2.7334823608398438,2.743934154510498,2.6860694885253906,2.727803945541382
2025-02-14 16:00:00+00:00,2.727644920349121,2.8262012004852295,2.7049360275268555,2.7814464569091797
2025-02-14 20:00:00+00:00,2.7821459770202637,2.8072509765625,2.7014694213867188,2.740086793899536
2025-02-15 00:00:00+00:00,2.740119218826294,2.827005624771118,2.729344129562378,2.8175740242004395
2025-02-15 04:00:00+00:00,2.8148603439331055,2.8148603439331055,2.7512598037719727,2.764624834060669
2025-02-15 08:00:00+00:00,2.7644598484039307,2.814784049987793,2.7644598484039307,2.7973275184631348
2025-02-15 12:00:00+00:00,2.7979319095611572,2.8178794384002686,2.7663276195526123,2.7836506366729736
2025-02-15 16:00:00+00:00,2.7813079357147217,2.7833127975463867,2.7433059215545654,2.7451400756835938
2025-02-15 20:00:00+00:00,2.7452926635742188,2.763225555419922,2.7218551635742188,2.76155161857605
2025-02-16 00:00:00+00:00,2.7615792751312256,2.7957026958465576,2.7601776123046875,2.7799577713012695
2025-02-16 04:00:00+00:00,2.7806754112243652,2.802145481109619,2.7625796794891357,2.763170003890991
2025-02-16 08:00:00+00:00,2.7612788677215576,2.775212287902832,2.7455029487609863,2.765371799468994
2025-02-16 12:00:00+00:00,2.7654433250427246,2.7654433250427246,2.712233543395996,2.7267966270446777
2025-02-16 16:00:00+00:00,2.7265233993530273,2.7381300926208496,2.700218677520752,2.7279458045959473
2025-02-16 20:00:00+00:00,2.7276270389556885,2.763477325439453,2.722932815551758,2.728055238723755
2025-02-17 00:00:00+00:00,2.7285099029541016,2.7614479064941406,2.7081639766693115,2.716132640838623
2025-02-17 04:00:00+00:00,2.7144362926483154,2.7162439823150635,2.640688896179199,2.656167984008789
2025-02-17 08:00:00+00:00,2.6559858322143555,2.6976158618927,2.6479837894439697,2.675482749938965
2025-02-17 12:00:00+00:00,2.675511598587036,2.7270772457122803,2.6500332355499268,2.6500332355499268
2025-02-17 16:00:00+00:00,2.6496217250823975,2.661747455596924,2.6159839630126953,2.6515324115753174
2025-02-17 20:00:00+00:00,2.6514832973480225,2.683901071548462,2.6484127044677734,2.6581504344940186
2025-02-18 00:00:00+00:00,2.658266067504883,2.6665055751800537,2.6313211917877197,2.660519599914551
2025-02-18 04:00:00+00:00,2.659369707107544,2.6638293266296387,2.5518577098846436,2.563992500305176
2025-02-18 08:00:00+00:00,2.563715934753418,2.603229522705078,2.553680419921875,2.573007822036743
2025-02-18 12:00:00+00:00,2.5736327171325684,2.6239631175994873,2.534355878829956,2.5436131954193115
2025-02-18 16:00:00+00:00,2.543132781982422,2.5518295764923096,2.4738943576812744,2.5139501094818115
2025-02-18 20:00:00+00:00,2.513350486755371,2.5648818016052246,2.4985125064849854,2.5589516162872314
2025-02-19 00:00:00+00:00,2.5590715408325195,2.5715553760528564,2.5233991146087646,2.5542447566986084
2025-02-19 04:00:00+00:00,2.5539369583129883,2.5618391036987305,2.518253803253174,2.559216022491455
2025-02-19 08:00:00+00:00,2.558986186981201,2.6219992637634277,2.5461480617523193,2.620013952255249
2025-02-19 12:00:00+00:00,2.6197638511657715,2.620457410812378,2.5813491344451904,2.608091115951538
2025-02-19 16:00:00+00:00,2.6089117527008057,2.6869583129882812,2.6078972816467285,2.663872241973877
2025-02-19 20:00:00+00:00,2.660869836807251,2.7435555458068848,2.660801887512207,2.7408087253570557
2025-02-20 00:00:00+00:00,2.7401466369628906,2.744669198989868,2.6845755577087402,2.7073044776916504
2025-02-20 04:00:00+00:00,2.7071239948272705,2.729123830795288,2.6742517948150635,2.6925008296966553
2025-02-20 08:00:00+00:00,2.6918468475341797,2.7081680297851562,2.6836750507354736,2.6836750507354736
2025-02-20 12:00:00+00:00,2.68327260017395,2.7405104637145996,2.6781387329101562,2.6781387329101562
2025-02-20 16:00:00+00:00,2.6770591735839844,2.727210283279419,2.674170970916748,2.7078871726989746
2025-02-20 20:00:00+00:00,2.708047866821289,2.7132625579833984,2.6755869388580322,2.6908462047576904
2025-02-21 00:00:00+00:00,2.6907689571380615,2.6922459602355957,2.644491672515869,2.6449854373931885
2025-02-21 04:00:00+00:00,2.6450250148773193,2.673433542251587,2.6450250148773193,2.6604387760162354
2025-02-21 08:00:00+00:00,2.660161018371582,2.6905839443206787,2.6563398838043213,2.656635046005249
2025-02-21 12:00:00+00:00,2.653348445892334,2.7089924812316895,2.5958521366119385,2.615732431411743
2025-02-21 16:00:00+00:00,2.6158607006073,2.639313220977783,2.512946367263794,2.5241081714630127
2025-02-21 20:00:00+00:00,2.523897886276245,2.5733931064605713,2.521951675415039,2.5701217651367188
2025-02-22 00:00:00+00:00,2.5702035427093506,2.596447467803955,2.556293249130249,2.570425271987915
2025-02-22 04:00:00+00:00,2.570816993713379,2.5923190116882324,2.570816993713379,2.584406852722168
2025-02-22 08:00:00+00:00,2.5841424465179443,2.592660427093506,2.5697333812713623,2.5902223587036133
2025-02-22 12:00:00+00:00,2.5901362895965576,2.5968921184539795,2.581777811050415,2.593076705932617
2025-02-22 16:00:00+00:00,2.592714309692383,2.6068577766418457,2.5861644744873047,2.5876612663269043
2025-02-22 20:00:00+00:00,2.587664842605591,2.587664842605591,2.5736217498779297,2.5757060050964355
2025-02-23 00:00:00+00:00,2.575623035430908,2.575623035430908,2.5447254180908203,2.5529346466064453
2025-02-23 04:00:00+00:00,2.5530927181243896,2.596952438354492,2.548534631729126,2.589280605316162
2025-02-23 08:00:00+00:00,2.5893285274505615,2.590222120285034,2.56961989402771,2.5704762935638428
2025-02-23 12:00:00+00:00,2.5704190731048584,2.572545289993286,2.5259385108947754,2.526857852935791
2025-02-23 16:00:00+00:00,2.5261237621307373,2.5644102096557617,2.5240864753723145,2.552677869796753
2025-02-23 20:00:00+00:00,2.552779197692871,2.5777647495269775,2.5481631755828857,2.577012300491333
2025-02-24 00:00:00+00:00,2.5770022869110107,2.6004557609558105,2.4898970127105713,2.501659631729126
2025-02-24 04:00:00+00:00,2.500401020050049,2.503065347671509,2.4501867294311523,2.4952456951141357
2025-02-24 08:00:00+00:00,2.494953155517578,2.494953155517578,2.439169406890869,2.490424156188965
2025-02-24 12:00:00+00:00,2.489689588546753,2.4935646057128906,2.408620834350586,2.4260365962982178
2025-02-24 16:00:00+00:00,2.4288477897644043,2.47371244430542,2.3942394256591797,2.4083609580993652
2025-02-24 20:00:00+00:00,2.4079535007476807,2.4451611042022705,2.272307872772217,2.2758700847625732
2025-02-25 00:00:00+00:00,2.276367664337158,2.3290703296661377,2.2351953983306885,2.2970449924468994
2025-02-25 04:00:00+00:00,2.294738531112671,2.3003573417663574,2.1232388019561768,2.1609532833099365
2025-02-25 08:00:00+00:00,2.1598622798919678,2.2087907791137695,2.0762085914611816,2.1944656372070312
2025-02-25 12:00:00+00:00,2.193838357925415,2.2615039348602295,2.16697359085083,2.2143642902374268
2025-02-25 16:00:00+00:00,2.212890863418579,2.256352424621582,2.1757380962371826,2.256352424621582
2025-02-25 20:00:00+00:00,2.258615016937256,2.357797145843506,2.2467474937438965,2.320730686187744
2025-02-26 00:00:00+00:00,2.318333387374878,2.3247811794281006,2.277737617492676,2.3156216144561768
2025-02-26 04:00:00+00:00,2.3125126361846924,2.3223743438720703,2.2707691192626953,2.28678560256958
2025-02-26 08:00:00+00:00,2.285937786102295,2.3173999786376953,2.271343469619751,2.282884359359741
2025-02-26 12:00:00+00:00,2.2822883129119873,2.2950499057769775,2.2012290954589844,2.2731332778930664
2025-02-26 16:00:00+00:00,2.2734856605529785,2.2734856605529785,2.1540720462799072,2.1846320629119873
2025-02-26 20:00:00+00:00,2.1832175254821777,2.238281488418579,2.1621975898742676,2.1924500465393066
2025-02-27 00:00:00+00:00,2.1925833225250244,2.210132122039795,2.1628353595733643,2.20375657081604
2025-02-27 04:00:00+00:00,2.2033743858337402,2.233529567718506,2.1740167140960693,2.226963758468628
2025-02-27 08:00:00+00:00,2.2263166904449463,2.2532026767730713,2.204458475112915,2.2390103340148926
2025-02-27 12:00:00+00:00,2.2383408546447754,2.241511344909668,2.1730988025665283,2.2019472122192383
2025-02-27 16:00:00+00:00,2.201111078262329,2.2285637855529785,2.1759965419769287,2.1904454231262207
2025-02-27 20:00:00+00:00,2.1878130435943604,2.2043399810791016,2.149679660797119,2.1986401081085205
2025-02-28 00:00:00+00:00,2.197111129760742,2.1974899768829346,2.0242249965667725,2.028681755065918
2025-02-28 04:00:00+00:00,2.025818347930908,2.0450069904327393,1.9925833940505981,1.9991813898086548
2025-02-28 08:00:00+00:00,1.9982877969741821,2.053454875946045,1.9589085578918457,2.0307834148406982
2025-02-28 12:00:00+00:00,2.030841827392578,2.1532082557678223,2.0171713829040527,2.141645908355713
2025-02-28 16:00:00+00:00,2.1428980827331543,2.157604217529297,2.120098114013672,2.1457631587982178
2025-02-28 20:00:00+00:00,2.1461915969848633,2.152559995651245,2.1248257160186768,2.145338296890259
2025-03-01 00:00:00+00:00,2.1446878910064697,2.208521604537964,2.123345375061035,2.1860833168029785
2025-03-01 04:00:00+00:00,2.1850039958953857,2.2121500968933105,2.1653642654418945,2.1681716442108154
2025-03-01 08:00:00+00:00,2.1678097248077393,2.1896047592163086,2.1452744007110596,2.157517194747925
2025-03-01 12:00:00+00:00,2.157555103302002,2.169003963470459,2.1290602684020996,2.1510560512542725
2025-03-01 16:00:00+00:00,2.1508750915527344,2.171673059463501,2.1387619972229004,2.1701347827911377
2025-03-01 20:00:00+00:00,2.1696858406066895,2.2057271003723145,2.162719964981079,2.19059419631958
2025-03-02 00:00:00+00:00,2.1899209022521973,2.2581582069396973,2.1774394512176514,2.256979465484619
2025-03-02 04:00:00+00:00,2.2541043758392334,2.294290065765381,2.2421023845672607,2.2763118743896484
2025-03-02 08:00:00+00:00,2.276193618774414,2.2817373275756836,2.255352735519409,2.277390241622925
2025-03-02 12:00:00+00:00,2.2770919799804688,2.6496171951293945,2.2254443168640137,2.600893974304199
2025-03-02 16:00:00+00:00,2.59401273727417,2.964118480682373,2.59401273727417,2.873746871948242
2025-03-02 20:00:00+00:00,2.872555732727051,2.9519028663635254,2.8471646308898926,2.9454185962677
2025-03-03 00:00:00+00:00,2.909353256225586,2.909353256225586,2.7711338996887207,2.7930057048797607
2025-03-03 04:00:00+00:00,2.792114019393921,2.8187882900238037,2.647317409515381,2.6907427310943604
2025-03-03 08:00:00+00:00,2.690471887588501,2.693783760070801,2.5417163372039795,2.6323282718658447
2025-03-03 12:00:00+00:00,2.632005214691162,2.703068256378174,2.5792977809906006,2.6076712608337402
2025-03-03 16:00:00+00:00,2.60768461227417,2.625993490219116,2.361747980117798,2.361747980117798
2025-03-03 20:00:00+00:00,2.3569366931915283,2.4159772396087646,2.311833143234253,2.3857150077819824
2025-03-04 00:00:00+00:00,2.3853647708892822,2.4156460762023926,2.230536937713623,2.310508966445923
2025-03-04 04:00:00+00:00,2.2997326850891113,2.3656015396118164,2.2927958965301514,2.3219056129455566
2025-03-04 08:00:00+00:00,2.3216676712036133,2.399643898010254,2.310682535171509,2.3656115531921387
2025-03-04 12:00:00+00:00,2.3652307987213135,2.4836974143981934,2.297595739364624,2.4011027812957764
2025-03-04 16:00:00+00:00,2.401939630508423,2.5097498893737793,2.3281264305114746,2.4994561672210693
2025-03-04 20:00:00+00:00,2.4991893768310547,2.512838363647461,2.43333101272583,2.45515513420105
2025-03-05 00:00:00+00:00,2.4550890922546387,2.523371696472168,2.438209056854248,2.474045515060425
2025-03-05 04:00:00+00:00,2.4689712524414062,2.4689712524414062,2.4181244373321533,2.4497854709625244
2025-03-05 08:00:00+00:00,2.449141025543213,2.5330400466918945,2.448582172393799,2.4815359115600586
2025-03-05 12:00:00+00:00,2.4809300899505615,2.502859592437744,2.4300501346588135,2.4495460987091064
2025-03-05 16:00:00+00:00,2.448922634124756,2.508969306945801,2.4356024265289307,2.5005593299865723
2025-03-05 20:00:00+00:00,2.499803066253662,2.5121920108795166,2.49177622795105,2.500549554824829
2025-03-06 00:00:00+00:00,2.5005195140838623,2.5334553718566895,2.4744009971618652,2.511657953262329
2025-03-06 04:00:00+00:00,2.511821746826172,2.548520565032959,2.5031850337982178,2.514230966567993
2025-03-06 08:00:00+00:00,2.513782501220703,2.6330509185791016,2.5136547088623047,2.612769603729248
2025-03-06 12:00:00+00:00,2.6131479740142822,2.6295411586761475,2.556790590286255,2.621541976928711
2025-03-06 16:00:00+00:00,2.622426986694336,2.632661819458008,2.5328845977783203,2.594790458679199
2025-03-06 20:00:00+00:00,2.5869922637939453,2.6212005615234375,2.583512306213379,2.601729154586792
2025-03-07 00:00:00+00:00,2.601440668106079,2.610011100769043,2.392270088195801,2.4773213863372803
2025-03-07 04:00:00+00:00,2.4760613441467285,2.512449026107788,2.4727113246917725,2.50246262550354
2025-03-07 08:00:00+00:00,2.5044503211975098,2.559575319290161,2.497786045074463,2.527984619140625
2025-03-07 12:00:00+00:00,2.5295982360839844,2.553438663482666,2.490239143371582,2.503502368927002
2025-03-07 16:00:00+00:00,2.5035879611968994,2.512096405029297,2.392472743988037,2.481015205383301
2025-03-07 20:00:00+00:00,2.4813106060028076,2.5263261795043945,2.358731269836426,2.3816022872924805
2025-03-08 00:00:00+00:00,2.381540536880493,2.405940294265747,2.3346519470214844,2.34572696685791
2025-03-08 04:00:00+00:00,2.343686819076538,2.3712453842163086,2.3362550735473633,2.3622090816497803
2025-03-08 08:00:00+00:00,2.3621420860290527,2.3666722774505615,2.30960750579834,2.310861825942993
2025-03-08 12:00:00+00:00,2.3113210201263428,2.362774610519409,2.3113210201263428,2.3527379035949707
2025-03-08 16:00:00+00:00,2.351057767868042,2.356328248977661,2.315943717956543,2.354921579360962
2025-03-08 20:00:00+00:00,2.3550219535827637,2.3613879680633545,2.31752610206604,2.3234262466430664
2025-03-09 00:00:00+00:00,2.3241984844207764,2.348691940307617,2.3087270259857178,2.326152801513672
2025-03-09 04:00:00+00:00,2.3264007568359375,2.3408327102661133,2.317512273788452,2.336665630340576
2025-03-09 08:00:00+00:00,2.338045120239258,2.3385837078094482,2.2494897842407227,2.2554032802581787
2025-03-09 12:00:00+00:00,2.2553296089172363,2.2553296089172363,2.177034378051758,2.1839516162872314
2025-03-09 16:00:00+00:00,2.1844210624694824,2.190713882446289,2.0912528038024902,2.163660764694214
2025-03-09 20:00:00+00:00,2.163536787033081,2.199521780014038,2.127272129058838,2.1344714164733887
2025-03-10 00:00:00+00:00,2.1385793685913086,2.1960480213165283,2.094630718231201,2.175663948059082
2025-03-10 04:00:00+00:00,2.172483444213867,2.2013626098632812,2.1638731956481934,2.180163621902466
2025-03-10 08:00:00+00:00,2.1806411743164062,2.250798225402832,2.136281728744507,2.215195417404175
2025-03-10 12:00:00+00:00,2.2144997119903564,2.218729257583618,2.0799739360809326,2.1268510818481445
2025-03-10 16:00:00+00:00,2.1243906021118164,2.1243906021118164,2.0015103816986084,2.07135272026062
2025-03-10 20:00:00+00:00,2.0721895694732666,2.0846426486968994,2.0181944370269775,2.0181944370269775
2025-03-11 00:00:00+00:00,2.018697500228882,2.05379056930542,1.9168353080749512,2.052366256713867
2025-03-11 04:00:00+00:00,2.0513854026794434,2.119640588760376,2.047762870788574,2.095517635345459
2025-03-11 08:00:00+00:00,2.0944714546203613,2.159780740737915,2.0941989421844482,2.154170036315918
2025-03-11 12:00:00+00:00,2.1562304496765137,2.1567039489746094,2.06235408782959,2.1357147693634033
2025-03-11 16:00:00+00:00,2.1368653774261475,2.202042818069458,2.086047410964966,2.201864719390869
2025-03-11 20:00:00+00:00,2.2070066928863525,2.2070066928863525,2.166710376739502,2.1669280529022217
2025-03-12 00:00:00+00:00,2.167275905609131,2.2378530502319336,2.1643738746643066,2.1704838275909424
2025-03-12 04:00:00+00:00,2.170006275177002,2.1896517276763916,2.1473093032836914,2.1895058155059814
2025-03-12 08:00:00+00:00,2.1891000270843506,2.231531858444214,2.1732187271118164,2.2071518898010254
2025-03-12 12:00:00+00:00,2.207252025604248,2.2564306259155273,2.142190456390381,2.185379981994629
2025-03-12 16:00:00+00:00,2.1988706588745117,2.2480478286743164,2.198169469833374,2.2412943840026855
2025-03-12 20:00:00+00:00,2.23862624168396,2.2408030033111572,2.2154510021209717,2.2407453060150146
2025-03-13 00:00:00+00:00,2.239952325820923,2.2549848556518555,2.2295737266540527,2.2407076358795166
2025-03-13 04:00:00+00:00,2.240631580352783,2.250868558883667,2.2211484909057617,2.235975980758667
2025-03-13 08:00:00+00:00,2.234560966491699,2.2781474590301514,2.219022274017334,2.2760086059570312
2025-03-13 12:00:00+00:00,2.277777910232544,2.3365323543548584,2.277777910232544,2.283416748046875
2025-03-13 16:00:00+00:00,2.2833240032196045,2.3016722202301025,2.221384048461914,2.241647720336914
2025-03-13 20:00:00+00:00,2.2407331466674805,2.2725625038146973,2.223273515701294,2.251248359680176
2025-03-14 00:00:00+00:00,2.251079797744751,2.296231269836426,2.240255117416382,2.2821598052978516
2025-03-14 04:00:00+00:00,2.284680128097534,2.3059654235839844,2.2827446460723877,2.296553373336792
2025-03-14 08:00:00+00:00,2.2953433990478516,2.3289740085601807,2.294527769088745,2.316793441772461
2025-03-14 12:00:00+00:00,2.316580057144165,2.382814884185791,2.300584554672241,2.357830286026001
2025-03-14 16:00:00+00:00,2.3593826293945312,2.367750644683838,2.3396847248077393,2.355520248413086
2025-03-14 20:00:00+00:00,2.3553147315979004,2.3692612648010254,2.335538625717163,2.3564298152923584
2025-03-15 00:00:00+00:00,2.3566346168518066,2.4266467094421387,2.3565680980682373,2.421266555786133
2025-03-15 04:00:00+00:00,2.421499013900757,2.4711363315582275,2.3778467178344727,2.396660327911377
2025-03-15 08:00:00+00:00,2.396369218826294,2.42404842376709,2.391972303390503,2.42404842376709
2025-03-15 12:00:00+00:00,2.424027919769287,2.4513485431671143,2.418837308883667,2.428852081298828
2025-03-15 16:00:00+00:00,2.4278976917266846,2.4278976917266846,2.3995108604431152,2.4012699127197266
2025-03-15 20:00:00+00:00,2.401514768600464,2.4167673587799072,2.3862273693084717,2.393275022506714
2025-03-16 00:00:00+00:00,2.392228126525879,2.4083523750305176,2.366875171661377,2.383755683898926
2025-03-16 04:00:00+00:00,2.3835484981536865,2.394805669784546,2.3736963272094727,2.3826093673706055
2025-03-16 08:00:00+00:00,2.3826069831848145,2.383880138397217,2.295830726623535,2.297329902648926
2025-03-16 12:00:00+00:00,2.2974178791046143,2.3172643184661865,2.2745769023895264,2.2984840869903564
2025-03-16 16:00:00+00:00,2.298102855682373,2.336914300918579,2.293388843536377,2.2963881492614746
2025-03-16 20:00:00+00:00,2.2964179515838623,2.319856882095337,2.2888362407684326,2.2978007793426514
2025-03-17 00:00:00+00:00,2.2958836555480957,2.355246067047119,2.2958836555480957,2.355246067047119
2025-03-17 04:00:00+00:00,2.3553695678710938,2.3657186031341553,2.312645196914673,2.338144063949585
2025-03-17 08:00:00+00:00,2.3373496532440186,2.3527867794036865,2.324103832244873,2.341223955154419
2025-03-17 12:00:00+00:00,2.343437433242798,2.354050397872925,2.313868522644043,2.3487303256988525
2025-03-17 16:00:00+00:00,2.345917224884033,2.3758368492126465,2.3339037895202637,2.3629682064056396
2025-03-17 20:00:00+00:00,2.3616578578948975,2.3616578578948975,2.3367037773132324,2.340630292892456
2025-03-18 00:00:00+00:00,2.3404541015625,2.3404541015625,2.2795865535736084,2.283351421356201
2025-03-18 04:00:00+00:00,2.2836596965789795,2.2979109287261963,2.247769594192505,2.286888360977173
2025-03-18 08:00:00+00:00,2.2870285511016846,2.3000640869140625,2.2641217708587646,2.264373302459717
2025-03-18 12:00:00+00:00,2.26224684715271,2.265929698944092,2.2316014766693115,2.236994743347168
2025-03-18 16:00:00+00:00,2.2367382049560547,2.262407064437866,2.2264249324798584,2.262407064437866
2025-03-18 20:00:00+00:00,2.2624266147613525,2.2911593914031982,2.2522706985473633,2.28695011138916
2025-03-19 00:00:00+00:00,2.2866742610931396,2.3020682334899902,2.2692103385925293,2.2931971549987793
2025-03-19 04:00:00+00:00,2.2935540676116943,2.301112413406372,2.2842512130737305,2.293745994567871
2025-03-19 08:00:00+00:00,2.2941343784332275,2.3437340259552,2.2941343784332275,2.3358206748962402
2025-03-19 12:00:00+00:00,2.3357198238372803,2.571244478225708,2.319068431854248,2.554908514022827
2025-03-19 16:00:00+00:00,2.5555500984191895,2.5577054023742676,2.4719314575195312,2.487053155899048
2025-03-19 20:00:00+00:00,2.4876832962036133,2.5543148517608643,2.480123519897461,2.5458524227142334
2025-03-20 00:00:00+00:00,2.549053430557251,2.5506715774536133,2.4830403327941895,2.4861044883728027
2025-03-20 04:00:00+00:00,2.4861388206481934,2.4861388206481934,2.4355738162994385,2.4662511348724365
2025-03-20 08:00:00+00:00,2.465935468673706,2.5139646530151367,2.465935468673706,2.490504741668701
2025-03-20 12:00:00+00:00,2.4888947010040283,2.514810800552368,2.4419162273406982,2.442122220993042
2025-03-20 16:00:00+00:00,2.4408044815063477,2.4487507343292236,2.394942283630371,2.436584949493408
2025-03-20 20:00:00+00:00,2.436422109603882,2.4525554180145264,2.4143850803375244,2.4349098205566406
2025-03-21 00:00:00+00:00,2.4346914291381836,2.4614498615264893,2.4157369136810303,2.4263381958007812
2025-03-21 04:00:00+00:00,2.426442861557007,2.433267593383789,2.3855395317077637,2.4077656269073486
2025-03-21 08:00:00+00:00,2.4078569412231445,2.4174256324768066,2.37575364112854,2.3886044025421143
2025-03-21 12:00:00+00:00,2.3885695934295654,2.3966543674468994,2.359975814819336,2.3732433319091797
2025-03-21 16:00:00+00:00,2.3729355335235596,2.4144067764282227,2.3647072315216064,2.3988242149353027
2025-03-21 20:00:00+00:00,2.4000210762023926,2.4082047939300537,2.377840518951416,2.379134178161621
2025-03-22 00:00:00+00:00,2.3792061805725098,2.4029645919799805,2.376152992248535,2.3885810375213623
2025-03-22 04:00:00+00:00,2.3885083198547363,2.40960431098938,2.3860270977020264,2.4015369415283203
2025-03-22 08:00:00+00:00,2.401925563812256,2.412661552429199,2.387514352798462,2.3932862281799316
2025-03-22 12:00:00+00:00,2.393082618713379,2.394972562789917,2.3695197105407715,2.3775370121002197
2025-03-22 16:00:00+00:00,2.376157522201538,2.391155481338501,2.374544382095337,2.380685329437256
2025-03-22 20:00:00+00:00,2.381166934967041,2.382120370864868,2.3621411323547363,2.3679146766662598
2025-03-23 00:00:00+00:00,2.3698995113372803,2.390976905822754,2.3670096397399902,2.388227701187134
2025-03-23 04:00:00+00:00,2.387746810913086,2.398728609085083,2.378948450088501,2.397498369216919
2025-03-23 08:00:00+00:00,2.397080659866333,2.4211535453796387,2.3860232830047607,2.4063196182250977
2025-03-23 12:00:00+00:00,2.405867576599121,2.4179885387420654,2.396507501602173,2.4136099815368652
2025-03-23 16:00:00+00:00,2.4136388301849365,2.4156527519226074,2.3881478309631348,2.400230646133423
2025-03-23 20:00:00+00:00,2.4008352756500244,2.435511827468872,2.3897342681884766,2.4347856044769287
2025-03-24 00:00:00+00:00,2.436851978302002,2.4507651329040527,2.415482997894287,2.442002296447754
2025-03-24 04:00:00+00:00,2.4422919750213623,2.4658756256103516,2.4422919750213623,2.4454426765441895
2025-03-24 08:00:00+00:00,2.445195436477661,2.4758172035217285,2.444570779800415,2.4604170322418213
2025-03-24 12:00:00+00:00,2.4602856636047363,2.501505136489868,2.4461703300476074,2.472846508026123
2025-03-24 16:00:00+00:00,2.4732348918914795,2.47530460357666,2.449744939804077,2.468332290649414
2025-03-24 20:00:00+00:00,2.4668359756469727,2.4758455753326416,2.433717966079712,2.447725772857666
2025-03-25 00:00:00+00:00,2.4498791694641113,2.4617385864257812,2.4130003452301025,2.413078546524048
2025-03-25 04:00:00+00:00,2.4132707118988037,2.4339568614959717,2.410249948501587,2.4228169918060303
2025-03-25 08:00:00+00:00,2.422808885574341,2.4486451148986816,2.422808885574341,2.445582628250122
2025-03-25 12:00:00+00:00,2.4457528591156006,2.454695463180542,2.431954860687256,2.438373565673828
2025-03-25 16:00:00+00:00,2.4385993480682373,2.4713311195373535,2.4286985397338867,2.4618430137634277
2025-03-25 20:00:00+00:00,2.4611308574676514,2.4684858322143555,2.438199758529663,2.451704740524292
2025-03-26 00:00:00+00:00,2.4511773586273193,2.476163864135742,2.4382739067077637,2.4385344982147217
2025-03-26 04:00:00+00:00,2.439497232437134,2.4653656482696533,2.4381234645843506,2.4642348289489746
2025-03-26 08:00:00+00:00,2.463975429534912,2.470843553543091,2.4565582275390625,2.4578444957733154
2025-03-26 12:00:00+00:00,2.4576992988586426,2.45847487449646,2.4028000831604004,2.404723882675171
2025-03-26 16:00:00+00:00,2.4045701026916504,2.4126410484313965,2.3635644912719727,2.373279094696045
2025-03-26 20:00:00+00:00,2.371201753616333,2.387476921081543,2.3322641849517822,2.3490707874298096
2025-03-27 00:00:00+00:00,2.3492045402526855,2.3881895542144775,2.3480324745178223,2.377998113632202
2025-03-27 04:00:00+00:00,2.3779141902923584,2.378662347793579,2.35540771484375,2.364374876022339
2025-03-27 08:00:00+00:00,2.365363359451294,2.378638744354248,2.3434805870056152,2.3434805870056152
2025-03-27 12:00:00+00:00,2.343075752258301,2.3642537593841553,2.307483434677124,2.3451995849609375
2025-03-27 16:00:00+00:00,2.3408102989196777,2.3543710708618164,2.3223025798797607,2.3417727947235107
2025-03-27 20:00:00+00:00,2.341089963912964,2.356318473815918,2.3333346843719482,2.3381078243255615
2025-03-28 00:00:00+00:00,2.3387134075164795,2.3407602310180664,2.3045318126678467,2.3107709884643555
2025-03-28 04:00:00+00:00,2.3108925819396973,2.3122923374176025,2.2215254306793213,2.2215254306793213
2025-03-28 08:00:00+00:00,2.221564531326294,2.239802360534668,2.19785213470459,2.2258074283599854
2025-03-28 12:00:00+00:00,2.2258691787719727,2.236992359161377,2.1805496215820312,2.1805496215820312
2025-03-28 16:00:00+00:00,2.1805715560913086,2.1891181468963623,2.1603305339813232,2.1789650917053223
2025-03-28 20:00:00+00:00,2.1787807941436768,2.2085485458374023,2.164341449737549,2.2035834789276123
2025-03-29 00:00:00+00:00,2.204399585723877,2.2213711738586426,2.1369972229003906,2.1758604049682617
2025-03-29 04:00:00+00:00,2.1758646965026855,2.184081554412842,2.1181795597076416,2.124490976333618
2025-03-29 08:00:00+00:00,2.123957395553589,2.1407365798950195,2.0652718544006348,2.078557252883911
2025-03-29 12:00:00+00:00,2.080082654953003,2.138270616531372,2.080082654953003,2.109518051147461
2025-03-29 16:00:00+00:00,2.109114646911621,2.1311779022216797,2.0798451900482178,2.1268081665039062
2025-03-29 20:00:00+00:00,2.1270291805267334,2.140496253967285,2.105787515640259,2.1399989128112793
2025-03-30 00:00:00+00:00,2.1363513469696045,2.2109756469726562,2.120302200317383,2.1859307289123535
2025-03-30 04:00:00+00:00,2.1842222213745117,2.19104266166687,2.1656675338745117,2.1784956455230713
2025-03-30 08:00:00+00:00,2.1779112815856934,2.1971867084503174,2.1583356857299805,2.162280559539795
2025-03-30 12:00:00+00:00,2.1632728576660156,2.167280435562134,2.1279726028442383,2.1395137310028076
2025-03-30 16:00:00+00:00,2.138927698135376,2.1673550605773926,2.121408700942993,2.1442911624908447
2025-03-30 20:00:00+00:00,2.1443471908569336,2.159292221069336,2.1110925674438477,2.136141538619995
2025-03-31 00:00:00+00:00,2.136471748352051,2.1372628211975098,2.0817975997924805,2.082207679748535
2025-03-31 04:00:00+00:00,2.0817906856536865,2.111478805541992,2.057070732116699,2.0602684020996094
2025-03-31 08:00:00+00:00,2.0613808631896973,2.0904533863067627,2.0276846885681152,2.083648681640625
2025-03-31 12:00:00+00:00,2.0834786891937256,2.134925127029419,2.0676655769348145,2.1248912811279297
2025-03-31 16:00:00+00:00,2.1240670680999756,2.129399061203003,2.0847654342651367,2.0939786434173584
2025-03-31 20:00:00+00:00,2.091782569885254,2.1028196811676025,2.077322483062744,2.08992600440979
2025-04-01 00:00:00+00:00,2.08837890625,2.11247181892395,2.068246841430664,2.096449136734009
2025-04-01 04:00:00+00:00,2.0964701175689697,2.1181082725524902,2.091381549835205,2.0937891006469727
2025-04-01 08:00:00+00:00,2.0948030948638916,2.189351797103882,2.0948030948638916,2.130275011062622
2025-04-01 12:00:00+00:00,2.1324315071105957,2.1725454330444336,2.1095707416534424,2.161698579788208
2025-04-01 16:00:00+00:00,2.1614058017730713,2.164449453353882,2.1247870922088623,2.1387341022491455
2025-04-01 20:00:00+00:00,2.1392269134521484,2.152022123336792,2.1248152256011963,2.139589786529541
2025-04-02 00:00:00+00:00,2.138951301574707,2.138951301574707,2.08866024017334,2.103325843811035
2025-04-02 04:00:00+00:00,2.0998852252960205,2.1085498332977295,2.0700700283050537,2.1085498332977295
2025-04-02 08:00:00+00:00,2.108889579772949,2.1307766437530518,2.1008927822113037,2.114003896713257
2025-04-02 12:00:00+00:00,2.1139090061187744,2.1872754096984863,2.1057753562927246,2.1769652366638184
2025-04-02 16:00:00+00:00,2.17582106590271,2.1788673400878906,2.13472580909729,2.1557726860046387
2025-04-02 20:00:00+00:00,2.156269073486328,2.216554641723633,1.9943130016326904,2.0249991416931152
2025-04-03 00:00:00+00:00,2.02543044090271,2.0697379112243652,2.015854835510254,2.0607590675354004
2025-04-03 04:00:00+00:00,2.061145305633545,2.0798263549804688,2.0358266830444336,2.0524022579193115
2025-04-03 08:00:00+00:00,2.0520739555358887,2.055086851119995,2.018324136734009,2.030564308166504
2025-04-03 12:00:00+00:00,2.0308642387390137,2.038534641265869,1.9696577787399292,2.0031449794769287
2025-04-03 16:00:00+00:00,2.0029256343841553,2.067014694213867,1.9936984777450562,2.0532615184783936
2025-04-03 20:00:00+00:00,2.052515745162964,2.064666271209717,2.0379819869995117,2.0624351501464844
2025-04-04 00:00:00+00:00,2.06352162361145,2.0710642337799072,2.0430877208709717,2.0510082244873047
2025-04-04 04:00:00+00:00,2.050391435623169,2.0915467739105225,2.0454046726226807,2.0894205570220947
2025-04-04 08:00:00+00:00,2.0893847942352295,2.099161148071289,2.02256178855896,2.04121732711792
2025-04-04 12:00:00+00:00,2.0425450801849365,2.144860029220581,2.0405259132385254,2.1303040981292725
2025-04-04 16:00:00+00:00,2.128389835357666,2.1405141353607178,2.102553129196167,2.124030351638794
2025-04-04 20:00:00+00:00,2.1249876022338867,2.150099277496338,2.11808180809021,2.1289522647857666
2025-04-05 00:00:00+00:00,2.129390001296997,2.141026735305786,2.1146836280822754,2.1170506477355957
2025-04-05 04:00:00+00:00,2.1169586181640625,2.137923240661621,2.1169421672821045,2.1353647708892822
2025-04-05 08:00:00+00:00,2.1354026794433594,2.1654164791107178,2.1286675930023193,2.1623611450195312
2025-04-05 12:00:00+00:00,2.1616384983062744,2.1706488132476807,2.118549108505249,2.123148202896118
2025-04-05 16:00:00+00:00,2.1220715045928955,2.1361632347106934,2.1186814308166504,2.1187944412231445
2025-04-05 20:00:00+00:00,2.1191534996032715,2.1438567638397217,2.1189749240875244,2.1437227725982666
2025-04-06 00:00:00+00:00,2.1432409286499023,2.156184196472168,2.12398362159729,2.1290698051452637
2025-04-06 04:00:00+00:00,2.1294188499450684,2.13533616065979,2.088778495788574,2.091139554977417
2025-04-06 08:00:00+00:00,2.0927610397338867,2.099355936050415,2.0796501636505127,2.085442066192627
2025-04-06 12:00:00+00:00,2.0854759216308594,2.089949131011963,2.049880266189575,2.0747604370117188
2025-04-06 16:00:00+00:00,2.0735321044921875,2.0735321044921875,1.981553077697754,1.9977357387542725
2025-04-06 20:00:00+00:00,1.9968016147613525,1.9999940395355225,1.8692612648010254,1.9178948402404785
2025-04-07 00:00:00+00:00,1.9174777269363403,1.949025273323059,1.8038142919540405,1.8138401508331299
2025-04-07 04:00:00+00:00,1.818540334701538,1.8310880661010742,1.6403586864471436,1.6877689361572266
2025-04-07 08:00:00+00:00,1.6865090131759644,1.8044365644454956,1.6799777746200562,1.7616784572601318
2025-04-07 12:00:00+00:00,1.766008734703064,1.9926213026046753,1.751662015914917,1.8786201477050781
2025-04-07 16:00:00+00:00,1.8781920671463013,1.9146307706832886,1.8482320308685303,1.896022081375122
2025-04-07 20:00:00+00:00,1.8949016332626343,1.9453175067901611,1.8911899328231812,1.8967347145080566
2025-04-08 00:00:00+00:00,1.896967887878418,1.9294625520706177,1.8667055368423462,1.900010347366333
2025-04-08 04:00:00+00:00,1.904740571975708,1.9165257215499878,1.851595401763916,1.8673886060714722
2025-04-08 08:00:00+00:00,1.8673125505447388,1.9586390256881714,1.8544116020202637,1.9538625478744507
2025-04-08 12:00:00+00:00,1.9613538980484009,1.9654545783996582,1.8943681716918945,1.90341055393219
2025-04-08 16:00:00+00:00,1.9034643173217773,1.9046436548233032,1.8104403018951416,1.8225888013839722
2025-04-08 20:00:00+00:00,1.822363018989563,1.8378905057907104,1.7820764780044556,1.7945020198822021
2025-04-09 00:00:00+00:00,1.7939358949661255,1.8075823783874512,1.727067470550537,1.7481588125228882
2025-04-09 04:00:00+00:00,1.7460638284683228,1.8359246253967285,1.7460638284683228,1.8324674367904663
2025-04-09 08:00:00+00:00,1.832269310951233,1.8415076732635498,1.7684284448623657,1.781026840209961
2025-04-09 12:00:00+00:00,1.7806522846221924,1.8416868448257446,1.7708312273025513,1.8294769525527954
2025-04-09 16:00:00+00:00,1.8294098377227783,2.065150499343872,1.829124093055725,2.035482168197632
2025-04-09 20:00:00+00:00,2.0364811420440674,2.085447072982788,2.0348873138427734,2.0517518520355225
2025-04-10 00:00:00+00:00,2.0523252487182617,2.0523252487182617,1.975635290145874,1.9978729486465454
2025-04-10 04:00:00+00:00,1.9984800815582275,2.0148181915283203,1.9778789281845093,1.9905660152435303
2025-04-10 08:00:00+00:00,1.9904539585113525,2.010082721710205,1.9827419519424438,1.997538447380066
2025-04-10 12:00:00+00:00,1.9979521036148071,2.024502754211426,1.9303759336471558,1.9343805313110352
2025-04-10 16:00:00+00:00,1.935552716255188,1.9681580066680908,1.93043851852417,1.966676950454712
2025-04-10 20:00:00+00:00,1.9648995399475098,1.9910563230514526,1.9604297876358032,1.9664973020553589
2025-04-11 00:00:00+00:00,1.9650702476501465,2.00174617767334,1.9501405954360962,1.9975426197052002
2025-04-11 04:00:00+00:00,1.9979779720306396,2.0102527141571045,1.9922512769699097,2.0060811042785645
2025-04-11 08:00:00+00:00,2.006075382232666,2.030937671661377,1.9969956874847412,2.008242130279541
2025-04-11 12:00:00+00:00,2.008557081222534,2.021077871322632,1.9898390769958496,2.0024044513702393
2025-04-11 16:00:00+00:00,2.002239227294922,2.0611727237701416,1.9937803745269775,2.0452494621276855
2025-04-11 20:00:00+00:00,2.044924259185791,2.049030303955078,2.0131685733795166,2.0238866806030273
2025-04-12 00:00:00+00:00,2.022169828414917,2.0230634212493896,2.004782199859619,2.013392448425293
2025-04-12 04:00:00+00:00,2.012697219848633,2.055924892425537,2.01031756401062,2.055325746536255
2025-04-12 08:00:00+00:00,2.05540132522583,2.070234537124634,2.0522446632385254,2.062403917312622
2025-04-12 12:00:00+00:00,2.0622572898864746,2.1698546409606934,2.060753345489502,2.1535000801086426
2025-04-12 16:00:00+00:00,2.1537604331970215,2.160522937774658,2.119971990585327,2.1394553184509277
2025-04-12 20:00:00+00:00,2.1396026611328125,2.1636271476745605,2.13824462890625,2.1586334705352783
2025-04-13 00:00:00+00:00,2.1586802005767822,2.170261859893799,2.138235330581665,2.1572108268737793
2025-04-13 04:00:00+00:00,2.157106637954712,2.157242774963379,2.1293933391571045,2.1458704471588135
2025-04-13 08:00:00+00:00,2.1457395553588867,2.2323834896087646,2.137784719467163,2.1980903148651123
2025-04-13 12:00:00+00:00,2.2001471519470215,2.202300548553467,2.1338400840759277,2.14815616607666
2025-04-13 16:00:00+00:00,2.1483452320098877,2.1814401149749756,2.108289957046509,2.1205761432647705
2025-04-13 20:00:00+00:00,2.120262861251831,2.136079788208008,2.088240385055542,2.1202194690704346
2025-04-14 00:00:00+00:00,2.118999719619751,2.1720805168151855,2.115330457687378,2.1392111778259277
2025-04-14 04:00:00+00:00,2.1393940448760986,2.1565194129943848,2.111448287963867,2.127636671066284
2025-04-14 08:00:00+00:00,2.127551317214966,2.1542251110076904,2.1186366081237793,2.153456211090088
2025-04-14 12:00:00+00:00,2.1535160541534424,2.173826217651367,2.114595651626587,2.1203253269195557
2025-04-14 16:00:00+00:00,2.117008686065674,2.1629786491394043,2.110506772994995,2.151425361633301
2025-04-14 20:00:00+00:00,2.1526026725769043,2.154351234436035,2.125401258468628,2.126732587814331
2025-04-15 00:00:00+00:00,2.126626968383789,2.153919219970703,2.1204562187194824,2.1538825035095215
2025-04-15 04:00:00+00:00,2.153608798980713,2.157830238342285,2.1337270736694336,2.1508631706237793
2025-04-15 08:00:00+00:00,2.1509478092193604,2.178928852081299,2.1481306552886963,2.1512818336486816
2025-04-15 12:00:00+00:00,2.151445150375366,2.181147813796997,2.13040828704834,2.13472843170166
2025-04-15 16:00:00+00:00,2.1348819732666016,2.140737771987915,2.1085517406463623,2.1202452182769775
2025-04-15 20:00:00+00:00,2.1199569702148438,2.12515926361084,2.0852601528167725,2.0884952545166016
2025-04-16 00:00:00+00:00,2.085754871368408,2.0952227115631104,2.068963050842285,2.0822579860687256
2025-04-16 04:00:00+00:00,2.082392454147339,2.088744640350342,2.04695725440979,2.050248622894287
2025-04-16 08:00:00+00:00,2.0506718158721924,2.0891339778900146,2.0398612022399902,2.088139295578003
2025-04-16 12:00:00+00:00,2.0882511138916016,2.1173489093780518,2.0686330795288086,2.097158193588257
2025-04-16 16:00:00+00:00,2.095843553543091,2.1156527996063232,2.0571722984313965,2.1131551265716553
2025-04-16 20:00:00+00:00,2.1121981143951416,2.113712787628174,2.0804049968719482,2.0832560062408447
2025-04-17 00:00:00+00:00,2.083143472671509,2.087010145187378,2.0648000240325928,2.0699517726898193
2025-04-17 04:00:00+00:00,2.0699102878570557,2.105757474899292,2.068366765975952,2.0899388790130615
2025-04-17 08:00:00+00:00,2.0901784896850586,2.1049985885620117,2.087153434753418,2.1024513244628906
2025-04-17 12:00:00+00:00,2.1023449897766113,2.1124982833862305,2.0626466274261475,2.068023443222046
2025-04-17 16:00:00+00:00,2.068176746368408,2.102421283721924,2.0563881397247314,2.067307710647583
2025-04-17 20:00:00+00:00,2.067465305328369,2.0776634216308594,2.063325881958008,2.0664477348327637
2025-04-18 00:00:00+00:00,2.0671894550323486,2.067225694656372,2.0470001697540283,2.055849552154541
2025-04-18 04:00:00+00:00,2.0558133125305176,2.068772554397583,2.0487332344055176,2.0687355995178223
2025-04-18 08:00:00+00:00,2.0692086219787598,2.079969644546509,2.0691654682159424,2.078421115875244
2025-04-18 12:00:00+00:00,2.078542947769165,2.0846948623657227,2.0582773685455322,2.059377908706665
2025-04-18 16:00:00+00:00,2.059281826019287,2.0862350463867188,2.0583159923553467,2.0783441066741943
2025-04-18 20:00:00+00:00,2.0784358978271484,2.08308744430542,2.059213399887085,2.063520908355713
2025-04-19 00:00:00+00:00,2.063227653503418,2.08503794670105,2.059398651123047,2.08503794670105
2025-04-19 04:00:00+00:00,2.084984064102173,2.0924015045166016,2.0777053833007812,2.088665246963501
2025-04-19 08:00:00+00:00,2.088677406311035,2.0953798294067383,2.0811617374420166,2.0822601318359375
2025-04-19 12:00:00+00:00,2.0822956562042236,2.091203212738037,2.077709436416626,2.077972412109375
2025-04-19 16:00:00+00:00,2.077955484390259,2.0920753479003906,2.0672121047973633,2.083949089050293
2025-04-19 20:00:00+00:00,2.0839154720306396,2.090348482131958,2.0814948081970215,2.087319850921631
2025-04-20 00:00:00+00:00,2.087195634841919,2.092197895050049,2.080918550491333,2.082742214202881
2025-04-20 04:00:00+00:00,2.0828003883361816,2.085705280303955,2.064314126968384,2.0693843364715576
2025-04-20 08:00:00+00:00,2.06943416595459,2.070051431655884,2.0408222675323486,2.0424013137817383
2025-04-20 12:00:00+00:00,2.042478084564209,2.0593807697296143,2.0423038005828857,2.04726505279541
2025-04-20 16:00:00+00:00,2.047632932662964,2.080554485321045,2.047335147857666,2.078491449356079
2025-04-20 20:00:00+00:00,2.0789551734924316,2.088588237762451,2.061892509460449,2.077000856399536
2025-04-21 00:00:00+00:00,2.078446865081787,2.1213958263397217,2.0777363777160645,2.1112518310546875
2025-04-21 04:00:00+00:00,2.111088514328003,2.1365857124328613,2.109286308288574,2.126209259033203
2025-04-21 08:00:00+00:00,2.126272678375244,2.1390879154205322,2.1117324829101562,2.1170825958251953
2025-04-21 12:00:00+00:00,2.117213487625122,2.1360316276550293,2.10697078704834,2.115121603012085
2025-04-21 16:00:00+00:00,2.1156387329101562,2.1159260272979736,2.0633153915405273,2.088996648788452
2025-04-21 20:00:00+00:00,2.088667154312134,2.088667154312134,2.0717976093292236,2.0854969024658203
2025-04-22 00:00:00+00:00,2.0854084491729736,2.099762439727783,2.0696210861206055,2.0823512077331543
2025-04-22 04:00:00+00:00,2.0828635692596436,2.0933120250701904,2.0689592361450195,2.0920984745025635
2025-04-22 08:00:00+00:00,2.0924007892608643,2.104954957962036,2.0922014713287354,2.099104166030884
2025-04-22 12:00:00+00:00,2.0990312099456787,2.1879303455352783,2.0969324111938477,2.1521990299224854
2025-04-22 16:00:00+00:00,2.15348744392395,2.1647045612335205,2.1433937549591064,2.156050205230713
2025-04-22 20:00:00+00:00,2.1559314727783203,2.237795114517212,2.1504428386688232,2.21545672416687
2025-04-23 00:00:00+00:00,2.215330123901367,2.235543966293335,2.1976161003112793,2.235440731048584
2025-04-23 04:00:00+00:00,2.2356369495391846,2.2548840045928955,2.223737955093384,2.250244617462158
2025-04-23 08:00:00+00:00,2.2502853870391846,2.299516439437866,2.2502853870391846,2.2571167945861816
2025-04-23 12:00:00+00:00,2.2573704719543457,2.2933402061462402,2.1998114585876465,2.2264251708984375
2025-04-23 16:00:00+00:00,2.2270238399505615,2.249760389328003,2.2029905319213867,2.218893051147461
2025-04-23 20:00:00+00:00,2.219020366668701,2.2299647331237793,2.213131904602051,2.2173595428466797
2025-04-24 00:00:00+00:00,2.2181832790374756,2.2215888500213623,2.1767518520355225,2.1767518520355225
2025-04-24 04:00:00+00:00,2.1757495403289795,2.1923844814300537,2.1463623046875,2.148930549621582
2025-04-24 08:00:00+00:00,2.14892315864563,2.1571874618530273,2.1246135234832764,2.1550869941711426
2025-04-24 12:00:00+00:00,2.1553852558135986,2.21937894821167,2.1525700092315674,2.212578773498535
2025-04-24 16:00:00+00:00,2.2124619483947754,2.2272849082946777,2.1885111331939697,2.208827018737793
2025-04-24 20:00:00+00:00,2.208387613296509,2.2121236324310303,2.1924941539764404,2.204403877258301
2025-04-25 00:00:00+00:00,2.2046918869018555,2.214797019958496,2.1676721572875977,2.182868719100952
2025-04-25 04:00:00+00:00,2.18279767036438,2.2034060955047607,2.179187297821045,2.1937625408172607
2025-04-25 08:00:00+00:00,2.1940457820892334,2.20819091796875,2.1879196166992188,2.2009382247924805
2025-04-25 12:00:00+00:00,2.2009711265563965,2.2168619632720947,2.1781930923461914,2.203890323638916
2025-04-25 16:00:00+00:00,2.2036001682281494,2.209275722503662,2.186721086502075,2.1943492889404297
2025-04-25 20:00:00+00:00,2.1948068141937256,2.201092481613159,2.1803524494171143,2.1830735206604004
2025-04-26 00:00:00+00:00,2.1829183101654053,2.2034225463867188,2.1829183101654053,2.1905362606048584
2025-04-26 04:00:00+00:00,2.190633773803711,2.245467185974121,2.182372808456421,2.22888445854187
2025-04-26 08:00:00+00:00,2.2281792163848877,2.2308509349823,2.1902713775634766,2.194161891937256
2025-04-26 12:00:00+00:00,2.19425106048584,2.2016615867614746,2.189147710800171,2.2015109062194824
2025-04-26 16:00:00+00:00,2.2013425827026367,2.205815076828003,2.1967194080352783,2.199211597442627
2025-04-26 20:00:00+00:00,2.1995327472686768,2.2015531063079834,2.189197540283203,2.193193197250366
2025-04-27 00:00:00+00:00,2.1930274963378906,2.204361915588379,2.165133476257324,2.1768577098846436
2025-04-27 04:00:00+00:00,2.176887035369873,2.178908109664917,2.164071798324585,2.172445058822632
2025-04-27 08:00:00+00:00,2.1724486351013184,2.1828064918518066,2.1715149879455566,2.1824839115142822
2025-04-27 12:00:00+00:00,2.1823084354400635,2.2483103275299072,2.176968812942505,2.228363037109375
2025-04-27 16:00:00+00:00,2.2284457683563232,2.278371572494507,2.2209789752960205,2.278371572494507
2025-04-27 20:00:00+00:00,2.278903007507324,2.2903687953948975,2.2505125999450684,2.256237506866455
2025-04-28 00:00:00+00:00,2.256131887435913,2.2619357109069824,2.227177381515503,2.2616677284240723
2025-04-28 04:00:00+00:00,2.261209726333618,2.334970712661743,2.2604362964630127,2.3317806720733643
2025-04-28 08:00:00+00:00,2.331879138946533,2.3518738746643066,2.3131513595581055,2.317161798477173
2025-04-28 12:00:00+00:00,2.317603349685669,2.326007127761841,2.2559876441955566,2.2731924057006836
2025-04-28 16:00:00+00:00,2.2731196880340576,2.2967309951782227,2.2658591270446777,2.294664144515991
2025-04-28 20:00:00+00:00,2.2943146228790283,2.3021481037139893,2.286903142929077,2.295112371444702
2025-04-29 00:00:00+00:00,2.2951502799987793,2.3117823600769043,2.2795708179473877,2.2885353565216064
2025-04-29 04:00:00+00:00,2.2885212898254395,2.290844678878784,2.2667531967163086,2.2880523204803467
2025-04-29 08:00:00+00:00,2.288013458251953,2.303816795349121,2.2803993225097656,2.291588068008423
2025-04-29 12:00:00+00:00,2.291656255722046,2.2925548553466797,2.269709825515747,2.2925548553466797
2025-04-29 16:00:00+00:00,2.292633056640625,2.3028273582458496,2.2865817546844482,2.294966459274292
2025-04-29 20:00:00+00:00,2.29449200630188,2.295414924621582,2.2238872051239014,2.2407920360565186
2025-04-30 00:00:00+00:00,2.23930025100708,2.249340295791626,2.2282650470733643,2.2484118938446045
2025-04-30 04:00:00+00:00,2.2485244274139404,2.2582035064697266,2.2107033729553223,2.220004081726074
2025-04-30 08:00:00+00:00,2.2201437950134277,2.2373602390289307,2.2149648666381836,2.2373602390289307
2025-04-30 12:00:00+00:00,2.237441301345825,2.2387983798980713,2.13029146194458,2.1610100269317627
2025-04-30 16:00:00+00:00,2.1611294746398926,2.2043368816375732,2.152414321899414,2.198246479034424
2025-04-30 20:00:00+00:00,2.1981465816497803,2.210047721862793,2.190927505493164,2.1915719509124756
2025-05-01 00:00:00+00:00,2.191575050354004,2.219353437423706,2.191193103790283,2.205127000808716
2025-05-01 04:00:00+00:00,2.2049946784973145,2.2147598266601562,2.195037841796875,2.2025601863861084
2025-05-01 08:00:00+00:00,2.2013866901397705,2.24075984954834,2.20011568069458,2.2379310131073
2025-05-01 12:00:00+00:00,2.23787522315979,2.2546310424804688,2.2219889163970947,2.2396240234375
2025-05-01 16:00:00+00:00,2.2392609119415283,2.2527010440826416,2.2201426029205322,2.2201426029205322
2025-05-01 20:00:00+00:00,2.220243453979492,2.22699236869812,2.211444139480591,2.214167594909668
2025-05-02 00:00:00+00:00,2.21415114402771,2.2320802211761475,2.2108919620513916,2.22538423538208
2025-05-02 04:00:00+00:00,2.225365161895752,2.231663942337036,2.1957218647003174,2.196028232574463
2025-05-02 08:00:00+00:00,2.196305513381958,2.219837188720703,2.1949594020843506,2.2165896892547607
2025-05-02 12:00:00+00:00,2.2165462970733643,2.2386834621429443,2.209383726119995,2.2186124324798584
2025-05-02 16:00:00+00:00,2.2185821533203125,2.235334873199463,2.2043871879577637,2.2061643600463867
2025-05-02 20:00:00+00:00,2.2084405422210693,2.2167675495147705,2.1979525089263916,2.2098281383514404
2025-05-03 00:00:00+00:00,2.2097275257110596,2.2189862728118896,2.199219226837158,2.2135331630706787
2025-05-03 04:00:00+00:00,2.2131664752960205,2.2182536125183105,2.2018558979034424,2.204169273376465
2025-05-03 08:00:00+00:00,2.20402193069458,2.207305431365967,2.1867480278015137,2.189397096633911
2025-05-03 12:00:00+00:00,2.1895511150360107,2.2153513431549072,2.1895055770874023,2.2097716331481934
2025-05-03 16:00:00+00:00,2.209674835205078,2.211146116256714,2.1811931133270264,2.195270538330078
2025-05-03 20:00:00+00:00,2.1951615810394287,2.199240207672119,2.1862809658050537,2.188363552093506
2025-05-04 00:00:00+00:00,2.188331365585327,2.215344190597534,2.1868553161621094,2.2024388313293457
2025-05-04 04:00:00+00:00,2.2020511627197266,2.2121171951293945,2.194851875305176,2.2100846767425537
2025-05-04 08:00:00+00:00,2.210840940475464,2.2109005451202393,2.180161237716675,2.190004348754883
2025-05-04 12:00:00+00:00,2.1897711753845215,2.2006614208221436,2.176896572113037,2.1979024410247803
2025-05-04 16:00:00+00:00,2.1974642276763916,2.1982786655426025,2.1679368019104004,2.1761748790740967
2025-05-04 20:00:00+00:00,2.1762404441833496,2.185432195663452,2.1541788578033447,2.1577651500701904
2025-05-05 00:00:00+00:00,2.1577370166778564,2.169557809829712,2.1386280059814453,2.1502559185028076
2025-05-05 04:00:00+00:00,2.1485934257507324,2.182100296020508,2.1485934257507324,2.175740957260132
2025-05-05 08:00:00+00:00,2.176633358001709,2.1926429271698,2.142507314682007,2.146556854248047
2025-05-05 12:00:00+00:00,2.143611192703247,2.1530566215515137,2.109872579574585,2.114744186401367
2025-05-05 16:00:00+00:00,2.115107536315918,2.161060094833374,2.115107536315918,2.1439807415008545
2025-05-05 20:00:00+00:00,2.1434171199798584,2.148959159851074,2.1195735931396484,2.1355319023132324
2025-05-06 00:00:00+00:00,2.135030746459961,2.138278007507324,2.0973312854766846,2.1184816360473633
2025-05-06 04:00:00+00:00,2.118393659591675,2.123669147491455,2.095756769180298,2.0988430976867676
2025-05-06 08:00:00+00:00,2.09891414642334,2.1063075065612793,2.0833616256713867,2.0881099700927734
2025-05-06 12:00:00+00:00,2.0883870124816895,2.119689464569092,2.080801486968994,2.110157012939453
2025-05-06 16:00:00+00:00,2.11047625541687,2.1443817615509033,2.1063714027404785,2.1373679637908936
2025-05-06 20:00:00+00:00,2.1368772983551025,2.157317638397217,2.114617347717285,2.155345916748047
2025-05-07 00:00:00+00:00,2.1550118923187256,2.1694159507751465,2.139836311340332,2.1476166248321533
2025-05-07 04:00:00+00:00,2.147770881652832,2.153412103652954,2.1298739910125732,2.140148401260376
2025-05-07 08:00:00+00:00,2.140233039855957,2.150219678878784,2.137596607208252,2.1420328617095947
2025-05-07 12:00:00+00:00,2.1420552730560303,2.1445364952087402,2.1243178844451904,2.1280689239501953
2025-05-07 16:00:00+00:00,2.127768039703369,2.131988525390625,2.1090145111083984,2.1146886348724365
2025-05-07 20:00:00+00:00,2.1145524978637695,2.135739326477051,2.110225200653076,2.126173257827759
2025-05-08 00:00:00+00:00,2.1262056827545166,2.1805672645568848,2.1194469928741455,2.1805672645568848
2025-05-08 04:00:00+00:00,2.181478261947632,2.204308271408081,2.1701784133911133,2.188239336013794
2025-05-08 08:00:00+00:00,2.1882870197296143,2.215049982070923,2.1882870197296143,2.207350969314575
2025-05-08 12:00:00+00:00,2.2076098918914795,2.2680349349975586,2.205382823944092,2.2484164237976074
2025-05-08 16:00:00+00:00,2.2479910850524902,2.2676198482513428,2.2315690517425537,2.2676198482513428
2025-05-08 20:00:00+00:00,2.2681450843811035,2.3239147663116455,2.261406898498535,2.323310375213623
2025-05-09 00:00:00+00:00,2.3267412185668945,2.327828884124756,2.2978267669677734,2.2978267669677734
2025-05-09 04:00:00+00:00,2.297898530960083,2.3513870239257812,2.2903573513031006,2.3360259532928467
2025-05-09 08:00:00+00:00,2.3367362022399902,2.425191879272461,2.3367362022399902,2.3991429805755615
2025-05-09 12:00:00+00:00,2.397636890411377,2.4008841514587402,2.3401145935058594,2.3481955528259277
2025-05-09 16:00:00+00:00,2.3485610485076904,2.3641228675842285,2.3271071910858154,2.3506269454956055
2025-05-09 20:00:00+00:00,2.3520960807800293,2.360971450805664,2.3337650299072266,2.3446285724639893
2025-05-10 00:00:00+00:00,2.3438913822174072,2.3755669593811035,2.3402650356292725,2.366314172744751
2025-05-10 04:00:00+00:00,2.366318464279175,2.3932876586914062,2.355316638946533,2.3932876586914062
2025-05-10 08:00:00+00:00,2.392259359359741,2.4181101322174072,2.3723137378692627,2.3811094760894775
2025-05-10 12:00:00+00:00,2.3806116580963135,2.4164955615997314,2.3806116580963135,2.3997604846954346
2025-05-10 16:00:00+00:00,2.3987464904785156,2.445875644683838,2.39840030670166,2.4197022914886475
2025-05-10 20:00:00+00:00,2.4196438789367676,2.4726617336273193,2.408616304397583,2.4720299243927
2025-05-11 00:00:00+00:00,2.4717354774475098,2.476052761077881,2.3882861137390137,2.404874086380005
2025-05-11 04:00:00+00:00,2.404784917831421,2.4161603450775146,2.3460116386413574,2.3567042350769043
2025-05-11 08:00:00+00:00,2.3562357425689697,2.3831746578216553,2.351850986480713,2.3831746578216553
2025-05-11 12:00:00+00:00,2.384910821914673,2.3867619037628174,2.342973470687866,2.3438220024108887
2025-05-11 16:00:00+00:00,2.343761682510376,2.379727602005005,2.3339450359344482,2.3721988201141357
2025-05-11 20:00:00+00:00,2.372187614440918,2.3765053749084473,2.359419822692871,2.3665688037872314
2025-05-12 00:00:00+00:00,2.366631507873535,2.405953884124756,2.359375,2.393655776977539
2025-05-12 04:00:00+00:00,2.395625352859497,2.4444286823272705,2.381976842880249,2.4086875915527344
2025-05-12 08:00:00+00:00,2.4087166786193848,2.47916316986084,2.3964450359344482,2.451916456222534
2025-05-12 12:00:00+00:00,2.451185941696167,2.6396772861480713,2.451185941696167,2.596224546432495
2025-05-12 16:00:00+00:00,2.5962820053100586,2.6093199253082275,2.463113307952881,2.503358840942383
2025-05-12 20:00:00+00:00,2.5196964740753174,2.5531387329101562,2.507478713989258,2.544633150100708
2025-05-13 00:00:00+00:00,2.5442566871643066,2.544576644897461,2.436143636703491,2.436143636703491
2025-05-13 04:00:00+00:00,2.4302241802215576,2.510671854019165,2.430067777633667,2.499195098876953
2025-05-13 08:00:00+00:00,2.499213695526123,2.5608789920806885,2.4894566535949707,2.5306408405303955
2025-05-13 12:00:00+00:00,2.533215045928955,2.554028034210205,2.5154531002044678,2.542281150817871
2025-05-13 16:00:00+00:00,2.542506694793701,2.6002252101898193,2.542506694793701,2.578357458114624
2025-05-13 20:00:00+00:00,2.580610990524292,2.599266290664673,2.5661978721618652,2.586733341217041
2025-05-14 00:00:00+00:00,2.5863311290740967,2.59244704246521,2.5451912879943848,2.5545871257781982
2025-05-14 04:00:00+00:00,2.5560526847839355,2.6219704151153564,2.549377918243408,2.6219704151153564
2025-05-14 08:00:00+00:00,2.6190574169158936,2.645684242248535,2.5663743019104004,2.611048936843872
2025-05-14 12:00:00+00:00,2.6116039752960205,2.623959541320801,2.554462432861328,2.560086965560913
2025-05-14 16:00:00+00:00,2.560214042663574,2.567037582397461,2.525172472000122,2.5634450912475586
2025-05-14 20:00:00+00:00,2.565481185913086,2.568370819091797,2.543221950531006,2.5526978969573975
2025-05-15 00:00:00+00:00,2.552000045776367,2.5708084106445312,2.517240285873413,2.5242068767547607
2025-05-15 04:00:00+00:00,2.5235631465911865,2.5323967933654785,2.4542346000671387,2.4654078483581543
2025-05-15 08:00:00+00:00,2.4650988578796387,2.498765468597412,2.453314781188965,2.4742448329925537
2025-05-15 12:00:00+00:00,2.475403308868408,2.485398769378662,2.4115474224090576,2.464064121246338
2025-05-15 16:00:00+00:00,2.4646525382995605,2.50270676612854,2.4256908893585205,2.442871332168579
2025-05-15 20:00:00+00:00,2.4473512172698975,2.456850290298462,2.3590338230133057,2.380357503890991
2025-05-16 00:00:00+00:00,2.384097099304199,2.416015148162842,2.350745677947998,2.415205955505371
2025-05-16 04:00:00+00:00,2.414897918701172,2.426831007003784,2.404597282409668,2.4086883068084717
2025-05-16 08:00:00+00:00,2.408750057220459,2.4347262382507324,2.3777549266815186,2.424290180206299
2025-05-16 12:00:00+00:00,2.4244096279144287,2.436661720275879,2.4104440212249756,2.4205057621002197
2025-05-16 16:00:00+00:00,2.420924663543701,2.4281275272369385,2.3978934288024902,2.415698289871216
2025-05-16 20:00:00+00:00,2.4163458347320557,2.421454906463623,2.3680593967437744,2.3809845447540283
2025-05-17 00:00:00+00:00,2.380452871322632,2.380467653274536,2.3176143169403076,2.3679873943328857
2025-05-17 04:00:00+00:00,2.368968963623047,2.3883111476898193,2.3663365840911865,2.377735137939453
2025-05-17 08:00:00+00:00,2.379958152770996,2.3806538581848145,2.3451688289642334,2.3569536209106445
2025-05-17 12:00:00+00:00,2.356682062149048,2.356682062149048,2.320984125137329,2.3364648818969727
2025-05-17 16:00:00+00:00,2.3360984325408936,2.3463542461395264,2.3035337924957275,2.3379430770874023
2025-05-17 20:00:00+00:00,2.3372247219085693,2.3604583740234375,2.3296892642974854,2.3543643951416016
2025-05-18 00:00:00+00:00,2.354072093963623,2.367527723312378,2.3537092208862305,2.359198808670044
2025-05-18 04:00:00+00:00,2.3591532707214355,2.3966991901397705,2.3591532707214355,2.396695375442505
2025-05-18 08:00:00+00:00,2.3967444896698,2.40543270111084,2.3877546787261963,2.388770580291748
2025-05-18 12:00:00+00:00,2.3887569904327393,2.4419660568237305,2.382556915283203,2.4362525939941406
2025-05-18 16:00:00+00:00,2.4365217685699463,2.4425086975097656,2.372692584991455,2.374244213104248
2025-05-18 20:00:00+00:00,2.3691320419311523,2.433955430984497,2.3525211811065674,2.4334733486175537
2025-05-19 00:00:00+00:00,2.431213617324829,2.4354782104492188,2.3529205322265625,2.3532233238220215
2025-05-19 04:00:00+00:00,2.350860834121704,2.361124038696289,2.2873642444610596,2.3103244304656982
2025-05-19 08:00:00+00:00,2.3099613189697266,2.3253352642059326,2.2913386821746826,2.3249454498291016
2025-05-19 12:00:00+00:00,2.325044870376587,2.3557708263397217,2.2960610389709473,2.3480286598205566
2025-05-19 16:00:00+00:00,2.3482933044433594,2.384860038757324,2.3403544425964355,2.384860038757324
2025-05-19 20:00:00+00:00,2.392731189727783,2.392731189727783,2.3694324493408203,2.3813793659210205
2025-05-20 00:00:00+00:00,2.3812854290008545,2.4051260948181152,2.376532793045044,2.381042718887329
2025-05-20 04:00:00+00:00,2.38104248046875,2.3921163082122803,2.349597692489624,2.350308656692505
2025-05-20 08:00:00+00:00,2.3503849506378174,2.3573014736175537,2.3370425701141357,2.3468425273895264
2025-05-20 12:00:00+00:00,2.3468947410583496,2.3468947410583496,2.324871778488159,2.345198154449463
2025-05-20 16:00:00+00:00,2.344747543334961,2.360285758972168,2.317587375640869,2.35874605178833
2025-05-20 20:00:00+00:00,2.356008768081665,2.3620691299438477,2.340994358062744,2.3567399978637695
2025-05-21 00:00:00+00:00,2.3567042350769043,2.365609645843506,2.336381673812866,2.360529899597168
2025-05-21 04:00:00+00:00,2.3598780632019043,2.3870668411254883,2.3451857566833496,2.3494932651519775
2025-05-21 08:00:00+00:00,2.3495163917541504,2.3596653938293457,2.335045337677002,2.353071689605713
2025-05-21 12:00:00+00:00,2.353027105331421,2.4035990238189697,2.348203182220459,2.402585029602051
2025-05-21 16:00:00+00:00,2.4023118019104004,2.4260940551757812,2.339893102645874,2.387146472930908
2025-05-21 20:00:00+00:00,2.3874456882476807,2.411585569381714,2.374006509780884,2.398926258087158
2025-05-22 00:00:00+00:00,2.3987226486206055,2.420027017593384,2.3926594257354736,2.418779134750366
2025-05-22 04:00:00+00:00,2.418505907058716,2.419698715209961,2.3926210403442383,2.405648708343506
2025-05-22 08:00:00+00:00,2.4054839611053467,2.451462745666504,2.4054839611053467,2.435159921646118
2025-05-22 12:00:00+00:00,2.4345059394836426,2.4375624656677246,2.4172489643096924,2.4334421157836914
2025-05-22 16:00:00+00:00,2.433467149734497,2.4358890056610107,2.4176197052001953,2.421151876449585
2025-05-22 20:00:00+00:00,2.4213714599609375,2.4302892684936523,2.4072906970977783,2.429795265197754
2025-05-23 00:00:00+00:00,2.429940938949585,2.476168632507324,2.4255917072296143,2.4744787216186523
2025-05-23 04:00:00+00:00,2.474215030670166,2.474896192550659,2.4155333042144775,2.4242043495178223
2025-05-23 08:00:00+00:00,2.425880193710327,2.451904773712158,2.3647091388702393,2.365435838699341
2025-05-23 12:00:00+00:00,2.3568849563598633,2.3816747665405273,2.3280391693115234,2.3655078411102295
2025-05-23 16:00:00+00:00,2.3647704124450684,2.3735673427581787,2.3478057384490967,2.3478057384490967
2025-05-23 20:00:00+00:00,2.3429179191589355,2.344332218170166,2.29056715965271,2.294456958770752
2025-05-24 00:00:00+00:00,2.294412851333618,2.3354990482330322,2.292794942855835,2.334083318710327
2025-05-24 04:00:00+00:00,2.334200143814087,2.3472683429718018,2.331326961517334,2.33723521232605
2025-05-24 08:00:00+00:00,2.337303876876831,2.358762264251709,2.3345208168029785,2.3538506031036377
2025-05-24 12:00:00+00:00,2.3534488677978516,2.356178045272827,2.347393751144409,2.3516957759857178
2025-05-24 16:00:00+00:00,2.351862907409668,2.353525161743164,2.3455798625946045,2.3489365577697754
2025-05-24 20:00:00+00:00,2.3489365577697754,2.3507654666900635,2.3251633644104004,2.3329834938049316
2025-05-25 00:00:00+00:00,2.3327724933624268,2.334730863571167,2.299941062927246,2.3246700763702393
2025-05-25 04:00:00+00:00,2.3247342109680176,2.3251800537109375,2.3042566776275635,2.3084840774536133
2025-05-25 08:00:00+00:00,2.3085134029388428,2.3085134029388428,2.2836809158325195,2.292372465133667
2025-05-25 12:00:00+00:00,2.2925405502319336,2.309246301651001,2.2707748413085938,2.28739595413208
2025-05-25 16:00:00+00:00,2.2875165939331055,2.3112311363220215,2.2753915786743164,2.310542345046997
2025-05-25 20:00:00+00:00,2.310051679611206,2.344154119491577,2.3024842739105225,2.3429505825042725
2025-05-26 00:00:00+00:00,2.342892646789551,2.353259325027466,2.3367345333099365,2.343700647354126
2025-05-26 04:00:00+00:00,2.3435022830963135,2.3579492568969727,2.3384597301483154,2.349832534790039
2025-05-26 08:00:00+00:00,2.349851131439209,2.353580951690674,2.333112955093384,2.334977149963379
2025-05-26 12:00:00+00:00,2.3349478244781494,2.3432648181915283,2.3157835006713867,2.335017442703247
2025-05-26 16:00:00+00:00,2.3339407444000244,2.335301160812378,2.2990097999572754,2.313509941101074
2025-05-26 20:00:00+00:00,2.3120529651641846,2.3200457096099854,2.3035926818847656,2.3106436729431152
2025-05-27 00:00:00+00:00,2.3110311031341553,2.315985918045044,2.2730255126953125,2.2977051734924316
2025-05-27 04:00:00+00:00,2.297700881958008,2.3086445331573486,2.287256956100464,2.300156354904175
2025-05-27 08:00:00+00:00,2.300374984741211,2.322312831878662,2.300374984741211,2.318936824798584
2025-05-27 12:00:00+00:00,2.3192026615142822,2.3520069122314453,2.3174314498901367,2.3390305042266846
2025-05-27 16:00:00+00:00,2.3391809463500977,2.348252534866333,2.3342251777648926,2.3385767936706543
2025-05-27 20:00:00+00:00,2.338031053543091,2.338031053543091,2.307799816131592,2.3187005519866943
2025-05-28 00:00:00+00:00,2.318582773208618,2.32133150100708,2.3054938316345215,2.312312364578247
2025-05-28 04:00:00+00:00,2.312330722808838,2.315354108810425,2.287806749343872,2.2957303524017334
2025-05-28 08:00:00+00:00,2.2958827018737793,2.3096039295196533,2.2915472984313965,2.309147596359253
2025-05-28 12:00:00+00:00,2.3089518547058105,2.3147051334381104,2.2557764053344727,2.2557764053344727
2025-05-28 16:00:00+00:00,2.255723237991333,2.2674810886383057,2.2347514629364014,2.2347779273986816
2025-05-28 20:00:00+00:00,2.233917474746704,2.2795565128326416,2.230663776397705,2.274259090423584
2025-05-29 00:00:00+00:00,2.2742433547973633,2.3110578060150146,2.2698543071746826,2.2914528846740723
2025-05-29 04:00:00+00:00,2.291635751724243,2.2928709983825684,2.2786571979522705,2.2798445224761963
2025-05-29 08:00:00+00:00,2.2799599170684814,2.303165912628174,2.279794931411743,2.299891471862793
2025-05-29 12:00:00+00:00,2.300206184387207,2.3067266941070557,2.2690749168395996,2.2804040908813477
2025-05-29 16:00:00+00:00,2.2801461219787598,2.2888364791870117,2.256474018096924,2.263373851776123
2025-05-29 20:00:00+00:00,2.2631380558013916,2.28129506111145,2.244147539138794,2.244246482849121
2025-05-30 00:00:00+00:00,2.2442374229431152,2.250532627105713,2.1613614559173584,2.2182319164276123
2025-05-30 04:00:00+00:00,2.218048095703125,2.223682165145874,2.1812376976013184,2.1927173137664795
2025-05-30 08:00:00+00:00,2.1925106048583984,2.2116827964782715,2.177152156829834,2.2098376750946045
2025-05-30 12:00:00+00:00,2.2091314792633057,2.209296226501465,2.167604684829712,2.1867270469665527
2025-05-30 16:00:00+00:00,2.186647891998291,2.204805850982666,2.146052360534668,2.1895625591278076
2025-05-30 20:00:00+00:00,2.1889877319335938,2.1955668926239014,2.1384639739990234,2.1387228965759277
2025-05-31 00:00:00+00:00,2.13901948928833,2.1460580825805664,2.0856847763061523,2.1087470054626465
2025-05-31 04:00:00+00:00,2.1087470054626465,2.142130136489868,2.1038169860839844,2.1319525241851807
2025-05-31 08:00:00+00:00,2.1319193840026855,2.1484298706054688,2.1311428546905518,2.1389923095703125
2025-05-31 12:00:00+00:00,2.1391544342041016,2.1814286708831787,2.1391544342041016,2.174901008605957
2025-05-31 16:00:00+00:00,2.174835681915283,2.2037341594696045,2.173949956893921,2.1938157081604004
2025-05-31 20:00:00+00:00,2.1937100887298584,2.2004799842834473,2.1747982501983643,2.175107717514038
2025-06-01 00:00:00+00:00,2.1751396656036377,2.1772255897521973,2.152822971343994,2.165321111679077
2025-06-01 04:00:00+00:00,2.1652159690856934,2.1763017177581787,2.1587016582489014,2.159855604171753
2025-06-01 08:00:00+00:00,2.1599464416503906,2.1601667404174805,2.129178524017334,2.144770860671997
2025-06-01 12:00:00+00:00,2.1447296142578125,2.155430316925049,2.1311533451080322,2.1527328491210938
2025-06-01 16:00:00+00:00,2.152693271636963,2.1760973930358887,2.1503243446350098,2.1670331954956055
2025-06-01 20:00:00+00:00,2.1674094200134277,2.1870908737182617,2.157330274581909,2.1791837215423584
2025-06-02 00:00:00+00:00,2.179293155670166,2.1828134059906006,2.153503894805908,2.1588947772979736
2025-06-02 04:00:00+00:00,2.158742904663086,2.177828073501587,2.1584627628326416,2.1643598079681396
2025-06-02 08:00:00+00:00,2.164348602294922,2.1786272525787354,2.1388986110687256,2.1439154148101807
2025-06-02 12:00:00+00:00,2.1436281204223633,2.161912679672241,2.140842914581299,2.1598458290100098
2025-06-02 16:00:00+00:00,2.1599795818328857,2.1776931285858154,2.1521291732788086,2.1649043560028076
2025-06-02 20:00:00+00:00,2.1651053428649902,2.2028329372406006,2.1651053428649902,2.1977550983428955
2025-06-03 00:00:00+00:00,2.197709798812866,2.2207202911376953,2.190892219543457,2.195749521255493
2025-06-03 04:00:00+00:00,2.1957647800445557,2.2053017616271973,2.190244436264038,2.1904823780059814
2025-06-03 08:00:00+00:00,2.190544366836548,2.2145674228668213,2.186152935028076,2.2145674228668213
2025-06-03 12:00:00+00:00,2.214524507522583,2.2732181549072266,2.210524082183838,2.27006196975708
2025-06-03 16:00:00+00:00,2.269355297088623,2.2762718200683594,2.244807004928589,2.2762718200683594
2025-06-03 20:00:00+00:00,2.2772233486175537,2.2802958488464355,2.2420554161071777,2.246840238571167
2025-06-04 00:00:00+00:00,2.2468154430389404,2.2634613513946533,2.234285831451416,2.2545998096466064
2025-06-04 04:00:00+00:00,2.254478931427002,2.254478931427002,2.230876922607422,2.235804796218872
2025-06-04 08:00:00+00:00,2.235691785812378,2.264164686203003,2.2354578971862793,2.2541449069976807
2025-06-04 12:00:00+00:00,2.2545650005340576,2.260063648223877,2.224289655685425,2.253279447555542
2025-06-04 16:00:00+00:00,2.2531919479370117,2.2531919479370117,2.21115779876709,2.2112560272216797
2025-06-04 20:00:00+00:00,2.210442304611206,2.215757131576538,2.1982078552246094,2.2023205757141113
2025-06-05 00:00:00+00:00,2.202324867248535,2.214139699935913,2.20033597946167,2.2055976390838623
2025-06-05 04:00:00+00:00,2.2056970596313477,2.213930606842041,2.187075138092041,2.187633752822876
2025-06-05 08:00:00+00:00,2.1875743865966797,2.2088840007781982,2.1872916221618652,2.2048797607421875
2025-06-05 12:00:00+00:00,2.2050440311431885,2.22524094581604,2.1824278831481934,2.197730779647827
2025-06-05 16:00:00+00:00,2.197054386138916,2.197054386138916,2.1247541904449463,2.1357035636901855
2025-06-05 20:00:00+00:00,2.1353237628936768,2.1353237628936768,2.064880609512329,2.0976452827453613
2025-06-06 00:00:00+00:00,2.0974931716918945,2.1298022270202637,2.0886688232421875,2.1298022270202637
2025-06-06 04:00:00+00:00,2.129818916320801,2.1429226398468018,2.124121904373169,2.132256031036377
2025-06-06 08:00:00+00:00,2.1319310665130615,2.156055212020874,2.1316778659820557,2.1499619483947754
2025-06-06 12:00:00+00:00,2.150146961212158,2.188826560974121,2.150146961212158,2.184812307357788
2025-06-06 16:00:00+00:00,2.185145378112793,2.1856491565704346,2.1666135787963867,2.1753311157226562
2025-06-06 20:00:00+00:00,2.1754555702209473,2.181530714035034,2.1615726947784424,2.1624069213867188
2025-06-07 00:00:00+00:00,2.162400007247925,2.1798183917999268,2.1520135402679443,2.1798183917999268
2025-06-07 04:00:00+00:00,2.1798839569091797,2.190235137939453,2.1736385822296143,2.1868815422058105
2025-06-07 08:00:00+00:00,2.186638832092285,2.1888725757598877,2.177215099334717,2.1840426921844482
2025-06-07 12:00:00+00:00,2.184197425842285,2.1910293102264404,2.181309938430786,2.183913230895996
2025-06-07 16:00:00+00:00,2.1838390827178955,2.1866238117218018,2.1745150089263916,2.177633285522461
2025-06-07 20:00:00+00:00,2.1775784492492676,2.186628818511963,2.1773386001586914,2.17854642868042
2025-06-08 00:00:00+00:00,2.178366184234619,2.1784050464630127,2.169238805770874,2.1768147945404053
2025-06-08 04:00:00+00:00,2.1767804622650146,2.2229321002960205,2.1734867095947266,2.206901788711548
2025-06-08 08:00:00+00:00,2.2068774700164795,2.245457887649536,2.2045366764068604,2.2430195808410645
2025-06-08 12:00:00+00:00,2.242927312850952,2.2885525226593018,2.242927312850952,2.281423330307007
2025-06-08 16:00:00+00:00,2.2810544967651367,2.2917160987854004,2.2751049995422363,2.2893009185791016
2025-06-08 20:00:00+00:00,2.289461135864258,2.2941529750823975,2.2587058544158936,2.265488624572754
2025-06-09 00:00:00+00:00,2.265561103820801,2.2671592235565186,2.2348384857177734,2.2418317794799805
2025-06-09 04:00:00+00:00,2.2419626712799072,2.242375135421753,2.225620985031128,2.232071876525879
2025-06-09 08:00:00+00:00,2.232093095779419,2.269054651260376,2.2319376468658447,2.269054651260376
2025-06-09 12:00:00+00:00,2.2690482139587402,2.2695984840393066,2.245295524597168,2.265456438064575
2025-06-09 16:00:00+00:00,2.265542984008789,2.312039852142334,2.2642061710357666,2.296412467956543
2025-06-09 20:00:00+00:00,2.2962260246276855,2.327829360961914,2.2962260246276855,2.320373773574829
2025-06-10 00:00:00+00:00,2.320535898208618,2.324780225753784,2.2997560501098633,2.3008382320404053
2025-06-10 04:00:00+00:00,2.3007612228393555,2.3013298511505127,2.2761669158935547,2.2851710319519043
2025-06-10 08:00:00+00:00,2.2851386070251465,2.312715530395508,2.2725884914398193,2.3045830726623535
2025-06-10 12:00:00+00:00,2.304637908935547,2.3165478706359863,2.2688441276550293,2.277893304824829
2025-06-10 16:00:00+00:00,2.2776706218719482,2.310410976409912,2.2710516452789307,2.291041135787964
2025-06-10 20:00:00+00:00,2.2919321060180664,2.3105030059814453,2.287357807159424,2.30531644821167
2025-06-11 00:00:00+00:00,2.3054399490356445,2.30998158454895,2.2823307514190674,2.297419548034668
2025-06-11 04:00:00+00:00,2.2974019050598145,2.2990450859069824,2.2859227657318115,2.294524669647217
2025-06-11 08:00:00+00:00,2.2944560050964355,2.326124906539917,2.2939257621765137,2.3149027824401855
2025-06-11 12:00:00+00:00,2.3148539066314697,2.33518123626709,2.3072509765625,2.326225519180298
2025-06-11 16:00:00+00:00,2.326089382171631,2.328968048095703,2.2873027324676514,2.2873027324676514
2025-06-11 20:00:00+00:00,2.2875077724456787,2.299682855606079,2.2572450637817383,2.2708730697631836
2025-06-12 00:00:00+00:00,2.2708446979522705,2.2711527347564697,2.239971160888672,2.2458159923553467
2025-06-12 04:00:00+00:00,2.245763063430786,2.2572109699249268,2.2356598377227783,2.2383906841278076
2025-06-12 08:00:00+00:00,2.238368034362793,2.2487895488739014,2.226228952407837,2.2264275550842285
2025-06-12 12:00:00+00:00,2.226393461227417,2.2516028881073,2.223569869995117,2.2310640811920166
2025-06-12 16:00:00+00:00,2.2310593128204346,2.2550055980682373,2.207742214202881,2.207754373550415
2025-06-12 20:00:00+00:00,2.207076072692871,2.211822986602783,2.177015542984009,2.1947319507598877
2025-06-13 00:00:00+00:00,2.1944198608398438,2.1944198608398438,2.08929443359375,2.130876064300537
2025-06-13 04:00:00+00:00,2.130679130554199,2.130679130554199,2.096850633621216,2.1304538249969482
2025-06-13 08:00:00+00:00,2.130280017852783,2.156154155731201,2.1267290115356445,2.1561405658721924
2025-06-13 12:00:00+00:00,2.156069040298462,2.1626193523406982,2.126208782196045,2.1487491130828857
2025-06-13 16:00:00+00:00,2.1486988067626953,2.1578385829925537,2.1199135780334473,2.1265950202941895
2025-06-13 20:00:00+00:00,2.125657796859741,2.1504554748535156,2.1239430904388428,2.1490345001220703
2025-06-14 00:00:00+00:00,2.1490519046783447,2.1601338386535645,2.1352651119232178,2.1601338386535645
2025-06-14 04:00:00+00:00,2.1600685119628906,2.1689579486846924,2.152466297149658,2.1666486263275146
2025-06-14 08:00:00+00:00,2.1666789054870605,2.177988290786743,2.1616370677948,2.177248239517212
2025-06-14 12:00:00+00:00,2.1772778034210205,2.178354024887085,2.148099184036255,2.1484787464141846
2025-06-14 16:00:00+00:00,2.148578405380249,2.151468515396118,2.118529796600342,2.1296823024749756
2025-06-14 20:00:00+00:00,2.1298611164093018,2.1459522247314453,2.113941192626953,2.1414003372192383
2025-06-15 00:00:00+00:00,2.1410670280456543,2.1536848545074463,2.140232801437378,2.1527440547943115
2025-06-15 04:00:00+00:00,2.152832269668579,2.1619112491607666,2.1504228115081787,2.1526873111724854
2025-06-15 08:00:00+00:00,2.152758836746216,2.166918992996216,2.148683786392212,2.1600565910339355
2025-06-15 12:00:00+00:00,2.159717559814453,2.1748790740966797,2.1592776775360107,2.1644322872161865
2025-06-15 16:00:00+00:00,2.164593458175659,2.171018600463867,2.160015344619751,2.163395643234253
2025-06-15 20:00:00+00:00,2.163501739501953,2.16983962059021,2.144155740737915,2.167177200317383
2025-06-16 00:00:00+00:00,2.167178153991699,2.1860578060150146,2.1541476249694824,2.1737060546875
2025-06-16 04:00:00+00:00,2.1735997200012207,2.2016515731811523,2.1729252338409424,2.2010583877563477
2025-06-16 08:00:00+00:00,2.2014517784118652,2.244187593460083,2.1952195167541504,2.244187593460083
2025-06-16 12:00:00+00:00,2.244507312774658,2.295931339263916,2.244507312774658,2.2895004749298096
2025-06-16 16:00:00+00:00,2.2903974056243896,2.335484504699707,2.2903974056243896,2.3346869945526123
2025-06-16 20:00:00+00:00,2.334857702255249,2.335087776184082,2.241692066192627,2.241692066192627
2025-06-17 00:00:00+00:00,2.241811990737915,2.254884719848633,2.2108535766601562,2.249300718307495
2025-06-17 04:00:00+00:00,2.249211311340332,2.2520673274993896,2.2291102409362793,2.237454414367676
2025-06-17 08:00:00+00:00,2.2372963428497314,2.2372963428497314,2.1904280185699463,2.1937108039855957
2025-06-17 12:00:00+00:00,2.193706512451172,2.2236437797546387,2.167625665664673,2.176909923553467
2025-06-17 16:00:00+00:00,2.177281379699707,2.202751398086548,2.146367073059082,2.195021629333496
2025-06-17 20:00:00+00:00,2.193746566772461,2.193746566772461,2.147038698196411,2.160707950592041
2025-06-18 00:00:00+00:00,2.160592794418335,2.176347494125366,2.1550066471099854,2.1678106784820557
2025-06-18 04:00:00+00:00,2.1678004264831543,2.174691677093506,2.149836540222168,2.161595582962036
2025-06-18 08:00:00+00:00,2.1624979972839355,2.1677956581115723,2.127394437789917,2.141737461090088
2025-06-18 12:00:00+00:00,2.1417155265808105,2.1611053943634033,2.1211235523223877,2.1538119316101074
2025-06-18 16:00:00+00:00,2.15378475189209,2.15378475189209,2.131516933441162,2.1521477699279785
2025-06-18 20:00:00+00:00,2.1492841243743896,2.179716110229492,2.1401174068450928,2.1696815490722656
2025-06-19 00:00:00+00:00,2.169966220855713,2.1816320419311523,2.158292531967163,2.1653335094451904
2025-06-19 04:00:00+00:00,2.165403127670288,2.1748995780944824,2.156068801879883,2.156667947769165
2025-06-19 08:00:00+00:00,2.156672477722168,2.165320634841919,2.150383710861206,2.153209686279297
2025-06-19 12:00:00+00:00,2.153141498565674,2.158020496368408,2.1464178562164307,2.147303581237793
2025-06-19 16:00:00+00:00,2.147143602371216,2.1760787963867188,2.1468231678009033,2.1733076572418213
2025-06-19 20:00:00+00:00,2.1728768348693848,2.1739158630371094,2.162017822265625,2.165940761566162
2025-06-20 00:00:00+00:00,2.165982961654663,2.1720573902130127,2.157630681991577,2.157630681991577
2025-06-20 04:00:00+00:00,2.156604051589966,2.167008638381958,2.1423392295837402,2.1669836044311523
2025-06-20 08:00:00+00:00,2.1670610904693604,2.1754512786865234,2.164411783218384,2.1733219623565674
2025-06-20 12:00:00+00:00,2.173349380493164,2.178417682647705,2.1349737644195557,2.1349737644195557
2025-06-20 16:00:00+00:00,2.134798288345337,2.1368112564086914,2.0893402099609375,2.128695249557495
2025-06-20 20:00:00+00:00,2.1285927295684814,2.1461751461029053,2.1107418537139893,2.120344638824463
2025-06-21 00:00:00+00:00,2.1203393936157227,2.132225751876831,2.1178247928619385,2.1316096782684326
2025-06-21 04:00:00+00:00,2.131326675415039,2.133991241455078,2.120306968688965,2.133991241455078
2025-06-21 08:00:00+00:00,2.134012222290039,2.143744468688965,2.134012222290039,2.1395037174224854
2025-06-21 12:00:00+00:00,2.139085054397583,2.1403653621673584,2.11078143119812,2.1171677112579346
2025-06-21 16:00:00+00:00,2.1171133518218994,2.1192970275878906,2.0730230808258057,2.073237180709839
2025-06-21 20:00:00+00:00,2.072280168533325,2.092434883117676,2.027991771697998,2.0577495098114014
2025-06-22 00:00:00+00:00,2.0648045539855957,2.0870697498321533,2.0459413528442383,2.0560462474823
2025-06-22 04:00:00+00:00,2.056457281112671,2.0882506370544434,2.056457281112671,2.06950306892395
2025-06-22 08:00:00+00:00,2.06935715675354,2.0757241249084473,2.0177414417266846,2.024231433868408
2025-06-22 12:00:00+00:00,2.0244851112365723,2.02695369720459,1.9335373640060425,1.936341643333435
2025-06-22 16:00:00+00:00,1.9358128309249878,1.9814367294311523,1.9329683780670166,1.9624329805374146
2025-06-22 20:00:00+00:00,1.9645754098892212,2.019423484802246,1.913395881652832,2.014104127883911
2025-06-23 00:00:00+00:00,2.0143978595733643,2.0298681259155273,2.0066232681274414,2.0180888175964355
2025-06-23 04:00:00+00:00,2.018124580383301,2.0347836017608643,2.014277458190918,2.024733066558838
2025-06-23 08:00:00+00:00,2.024656057357788,2.026143789291382,1.9909218549728394,2.0013632774353027
2025-06-23 12:00:00+00:00,2.00138783454895,2.033395528793335,1.9927687644958496,2.0010733604431152
2025-06-23 16:00:00+00:00,2.000753402709961,2.0616908073425293,1.967616319656372,2.061436653137207
2025-06-23 20:00:00+00:00,2.0603325366973877,2.1682794094085693,2.0603325366973877,2.1663084030151367
2025-06-24 00:00:00+00:00,2.1651535034179688,2.1662213802337646,2.134349822998047,2.1515109539031982
2025-06-24 04:00:00+00:00,2.151477098464966,2.2047860622406006,2.1502203941345215,2.179885149002075
2025-06-24 08:00:00+00:00,2.1801400184631348,2.2008752822875977,2.1656339168548584,2.1809144020080566
2025-06-24 12:00:00+00:00,2.1811704635620117,2.19171404838562,2.1702988147735596,2.1873316764831543
2025-06-24 16:00:00+00:00,2.1874911785125732,2.2083349227905273,2.1874911785125732,2.198293447494507
2025-06-24 20:00:00+00:00,2.199357032775879,2.215935468673706,2.181621789932251,2.1908111572265625
2025-06-25 00:00:00+00:00,2.190715789794922,2.1981897354125977,2.180910587310791,2.180968999862671
2025-06-25 04:00:00+00:00,2.180903673171997,2.187913417816162,2.1726644039154053,2.1860406398773193
2025-06-25 08:00:00+00:00,2.1865930557250977,2.196951389312744,2.1769516468048096,2.196645975112915
2025-06-25 12:00:00+00:00,2.1967263221740723,2.22538161277771,2.1803207397460938,2.1830925941467285
2025-06-25 16:00:00+00:00,2.183347225189209,2.2027275562286377,2.1757781505584717,2.201925277709961
2025-06-25 20:00:00+00:00,2.2032644748687744,2.204144239425659,2.1782400608062744,2.1858608722686768
2025-06-26 00:00:00+00:00,2.186038017272949,2.211606502532959,2.1829023361206055,2.1952879428863525
2025-06-26 04:00:00+00:00,2.195349931716919,2.197599411010742,2.1854212284088135,2.191721200942993
2025-06-26 08:00:00+00:00,2.191626787185669,2.1951076984405518,2.172489881515503,2.173140525817871
2025-06-26 12:00:00+00:00,2.172968864440918,2.172968864440918,2.1124517917633057,2.122204303741455
2025-06-26 16:00:00+00:00,2.1209402084350586,2.134251832962036,2.1003549098968506,2.133012056350708
2025-06-26 20:00:00+00:00,2.132195472717285,2.144859552383423,2.105088233947754,2.1058542728424072
2025-06-27 00:00:00+00:00,2.1058528423309326,2.110273838043213,2.0854239463806152,2.1083970069885254
2025-06-27 04:00:00+00:00,2.1067922115325928,2.1125783920288086,2.0841939449310303,2.0854098796844482
2025-06-27 08:00:00+00:00,2.0854153633117676,2.103684663772583,2.0854153633117676,2.0890796184539795
2025-06-27 12:00:00+00:00,2.089200735092163,2.100393056869507,2.0721800327301025,2.097822427749634
2025-06-27 16:00:00+00:00,2.0975823402404785,2.1184041500091553,2.0772716999053955,2.0978288650512695
2025-06-27 20:00:00+00:00,2.097569227218628,2.150428295135498,2.0962278842926025,2.1426267623901367
2025-06-28 00:00:00+00:00,2.1425983905792236,2.1898257732391357,2.1365251541137695,2.1858298778533936
2025-06-28 04:00:00+00:00,2.1858859062194824,2.200371503829956,2.1786909103393555,2.192744255065918
2025-06-28 08:00:00+00:00,2.1924967765808105,2.1936299800872803,2.1827309131622314,2.1936299800872803
2025-06-28 12:00:00+00:00,2.193453073501587,2.2038285732269287,2.185131549835205,2.2037484645843506
2025-06-28 16:00:00+00:00,2.2038049697875977,2.206634759902954,2.186737060546875,2.186737060546875
2025-06-28 20:00:00+00:00,2.1868364810943604,2.188129186630249,2.1794328689575195,2.186039924621582
2025-06-29 00:00:00+00:00,2.185554265975952,2.189905881881714,2.1789517402648926,2.1863083839416504
2025-06-29 04:00:00+00:00,2.186182737350464,2.1886253356933594,2.182145595550537,2.184356451034546
2025-06-29 08:00:00+00:00,2.184354543685913,2.196751356124878,2.184354543685913,2.195857048034668
2025-06-29 12:00:00+00:00,2.195878267288208,2.1965646743774414,2.181948184967041,2.185046672821045
2025-06-29 16:00:00+00:00,2.1849923133850098,2.1945297718048096,2.1833720207214355,2.189020872116089
2025-06-29 20:00:00+00:00,2.1889235973358154,2.2181589603424072,2.1825153827667236,2.20707106590271
2025-06-30 00:00:00+00:00,2.2071242332458496,2.2095119953155518,2.1966421604156494,2.198089838027954
2025-06-30 04:00:00+00:00,2.1980977058410645,2.1980977058410645,2.175907611846924,2.1875154972076416
2025-06-30 08:00:00+00:00,2.187260150909424,2.187743663787842,2.1720099449157715,2.178670883178711
2025-06-30 12:00:00+00:00,2.1786627769470215,2.1983754634857178,2.1721866130828857,2.194340705871582
2025-06-30 16:00:00+00:00,2.1941378116607666,2.320439577102661,2.193643569946289,2.320439577102661
2025-06-30 20:00:00+00:00,2.3203060626983643,2.3203060626983643,2.2387096881866455,2.2387096881866455
2025-07-01 00:00:00+00:00,2.238628387451172,2.2521438598632812,2.2267544269561768,2.2363877296447754
2025-07-01 04:00:00+00:00,2.2364890575408936,2.237440824508667,2.2099506855010986,2.2242090702056885
2025-07-01 08:00:00+00:00,2.2244863510131836,2.2244863510131836,2.19553542137146,2.197500228881836
2025-07-01 12:00:00+00:00,2.1989798545837402,2.205580234527588,2.1792566776275635,2.189919948577881
2025-07-01 16:00:00+00:00,2.189847469329834,2.1994597911834717,2.164990186691284,2.164990186691284
2025-07-01 20:00:00+00:00,2.1638107299804688,2.1799676418304443,2.151797294616699,2.172179698944092
2025-07-02 00:00:00+00:00,2.171736478805542,2.186436653137207,2.1626980304718018,2.186436653137207
2025-07-02 04:00:00+00:00,2.1863467693328857,2.196665048599243,2.183682441711426,2.1933863162994385
2025-07-02 08:00:00+00:00,2.1931567192077637,2.2016382217407227,2.175410509109497,2.176424026489258
2025-07-02 12:00:00+00:00,2.176511287689209,2.2150626182556152,2.1712958812713623,2.2148962020874023
2025-07-02 16:00:00+00:00,2.2147815227508545,2.277635097503662,2.2119901180267334,2.2646501064300537
2025-07-02 20:00:00+00:00,2.2653615474700928,2.2654919624328613,2.233785390853882,2.233785390853882
2025-07-03 00:00:00+00:00,2.233842372894287,2.2465553283691406,2.2293944358825684,2.2444417476654053
2025-07-03 04:00:00+00:00,2.243715524673462,2.2825987339019775,2.242868185043335,2.28090763092041
2025-07-03 08:00:00+00:00,2.2809371948242188,2.305128335952759,2.2780747413635254,2.297194719314575
2025-07-03 12:00:00+00:00,2.2971692085266113,2.30619215965271,2.2420270442962646,2.2420976161956787
2025-07-03 16:00:00+00:00,2.242398738861084,2.281780242919922,2.242398738861084,2.271070957183838
2025-07-03 20:00:00+00:00,2.2715859413146973,2.2795753479003906,2.255316734313965,2.2576332092285156
2025-07-04 00:00:00+00:00,2.257552146911621,2.26712965965271,2.242837905883789,2.2501657009124756
2025-07-04 04:00:00+00:00,2.2501060962677,2.2511823177337646,2.220440149307251,2.221769094467163
2025-07-04 08:00:00+00:00,2.2216379642486572,2.2401371002197266,2.2133936882019043,2.238496780395508
2025-07-04 12:00:00+00:00,2.238544464111328,2.2429308891296387,2.2120416164398193,2.2153656482696533
2025-07-04 16:00:00+00:00,2.215317726135254,2.224501848220825,2.2006165981292725,2.2109503746032715
2025-07-04 20:00:00+00:00,2.2109529972076416,2.2288196086883545,2.210655927658081,2.2211008071899414
2025-07-05 00:00:00+00:00,2.221029758453369,2.2277755737304688,2.2148871421813965,2.226426362991333
2025-07-05 04:00:00+00:00,2.2264323234558105,2.2333738803863525,2.220209836959839,2.224931478500366
2025-07-05 08:00:00+00:00,2.225071430206299,2.2265865802764893,2.2139313220977783,2.2242519855499268
2025-07-05 12:00:00+00:00,2.224179744720459,2.230340003967285,2.217358350753784,2.2243778705596924
2025-07-05 16:00:00+00:00,2.224111795425415,2.2246789932250977,2.2036948204040527,2.213630437850952
2025-07-05 20:00:00+00:00,2.2139103412628174,2.2200191020965576,2.2093822956085205,2.2185237407684326
2025-07-06 00:00:00+00:00,2.218477725982666,2.221116781234741,2.2115533351898193,2.2163941860198975
2025-07-06 04:00:00+00:00,2.216395854949951,2.2335963249206543,2.216395854949951,2.227839708328247
2025-07-06 08:00:00+00:00,2.227830410003662,2.2835493087768555,2.2276601791381836,2.2645654678344727
2025-07-06 12:00:00+00:00,2.26340651512146,2.2868001461029053,2.2628769874572754,2.276747465133667
2025-07-06 16:00:00+00:00,2.2768564224243164,2.278931140899658,2.24983549118042,2.261655330657959
2025-07-06 20:00:00+00:00,2.2619900703430176,2.284794569015503,2.2619900703430176,2.2725439071655273
2025-07-07 00:00:00+00:00,2.272463321685791,2.2782275676727295,2.2593483924865723,2.2721405029296875
2025-07-07 04:00:00+00:00,2.272120714187622,2.2733795642852783,2.258599042892456,2.2695260047912598
2025-07-07 08:00:00+00:00,2.270016670227051,2.296159267425537,2.269301652908325,2.2812321186065674
2025-07-07 12:00:00+00:00,2.2816855907440186,2.3469045162200928,2.273700714111328,2.337054491043091
2025-07-07 16:00:00+00:00,2.336840867996216,2.348315477371216,2.2866930961608887,2.2998318672180176
2025-07-07 20:00:00+00:00,2.299560785293579,2.299560785293579,2.2647509574890137,2.274075984954834
2025-07-08 00:00:00+00:00,2.273688793182373,2.273688793182373,2.250070095062256,2.2637758255004883
2025-07-08 04:00:00+00:00,2.263704538345337,2.2740235328674316,2.2591235637664795,2.2739388942718506
2025-07-08 08:00:00+00:00,2.274210214614868,2.299487352371216,2.274210214614868,2.294069766998291
2025-07-08 12:00:00+00:00,2.2940359115600586,2.3004090785980225,2.281083822250366,2.2861297130584717
2025-07-08 16:00:00+00:00,2.285996913909912,2.318598985671997,2.285996913909912,2.316190719604492
2025-07-08 20:00:00+00:00,2.316340684890747,2.3196306228637695,2.2985873222351074,2.3112337589263916
2025-07-09 00:00:00+00:00,2.3110544681549072,2.3150596618652344,2.299095392227173,2.303731918334961
2025-07-09 04:00:00+00:00,2.303849935531616,2.3351659774780273,2.303354501724243,2.3324084281921387
2025-07-09 08:00:00+00:00,2.332362413406372,2.383920907974243,2.3320486545562744,2.3823935985565186
2025-07-09 12:00:00+00:00,2.3825266361236572,2.398125648498535,2.3587775230407715,2.38027286529541
2025-07-09 16:00:00+00:00,2.3801825046539307,2.423182725906372,2.377148389816284,2.4223403930664062
2025-07-09 20:00:00+00:00,2.4222147464752197,2.4222147464752197,2.388824224472046,2.4056363105773926
2025-07-10 00:00:00+00:00,2.405151128768921,2.434312582015991,2.397446870803833,2.422712564468384
2025-07-10 04:00:00+00:00,2.421128511428833,2.4394118785858154,2.414492130279541,2.4335825443267822
2025-07-10 08:00:00+00:00,2.434922456741333,2.458214282989502,2.43104887008667,2.455157518386841
2025-07-10 12:00:00+00:00,2.4551730155944824,2.4584712982177734,2.4244325160980225,2.4565553665161133
2025-07-10 16:00:00+00:00,2.4558606147766113,2.5050747394561768,2.4499733448028564,2.498119592666626
2025-07-10 20:00:00+00:00,2.5011253356933594,2.5572333335876465,2.4961397647857666,2.5466811656951904
2025-07-11 00:00:00+00:00,2.5463974475860596,2.5890092849731445,2.517979621887207,2.576295852661133
2025-07-11 04:00:00+00:00,2.576225757598877,2.5954275131225586,2.5586934089660645,2.5780673027038574
2025-07-11 08:00:00+00:00,2.578251600265503,2.6467390060424805,2.578251600265503,2.6295180320739746
2025-07-11 12:00:00+00:00,2.6289520263671875,2.9349608421325684,2.6279354095458984,2.782710075378418
2025-07-11 16:00:00+00:00,2.781801462173462,2.8460426330566406,2.7305214405059814,2.845167398452759
2025-07-11 20:00:00+00:00,2.8465359210968018,2.849531412124634,2.668152332305908,2.7348501682281494
2025-07-12 00:00:00+00:00,2.7312729358673096,2.830230236053467,2.6942803859710693,2.797018051147461
2025-07-12 04:00:00+00:00,2.79707932472229,2.8025083541870117,2.76246976852417,2.766223669052124
2025-07-12 08:00:00+00:00,2.7660958766937256,2.841085433959961,2.7660958766937256,2.805088758468628
2025-07-12 12:00:00+00:00,2.8052468299865723,2.807015895843506,2.6705758571624756,2.680634021759033
2025-07-12 16:00:00+00:00,2.6811044216156006,2.750349998474121,2.680027723312378,2.7361581325531006
2025-07-12 20:00:00+00:00,2.736058235168457,2.741316080093384,2.6871981620788574,2.737666368484497
2025-07-13 00:00:00+00:00,2.7381322383880615,2.779655933380127,2.7269484996795654,2.768320322036743
2025-07-13 04:00:00+00:00,2.7682671546936035,2.8078489303588867,2.7615408897399902,2.7965540885925293
2025-07-13 08:00:00+00:00,2.7987148761749268,2.808528423309326,2.7746856212615967,2.782014846801758
2025-07-13 12:00:00+00:00,2.786813735961914,2.8784549236297607,2.7863903045654297,2.834312677383423
2025-07-13 16:00:00+00:00,2.838076591491699,2.8765721321105957,2.8204827308654785,2.855532169342041
2025-07-13 20:00:00+00:00,2.848628282546997,2.860645055770874,2.794973611831665,2.835923194885254
2025-07-14 00:00:00+00:00,2.8365931510925293,2.934734582901001,2.8276467323303223,2.9268760681152344
2025-07-14 04:00:00+00:00,2.9271161556243896,2.970667600631714,2.900373935699463,2.9588961601257324
2025-07-14 08:00:00+00:00,2.9581007957458496,3.0103518962860107,2.9343550205230713,2.981133222579956
2025-07-14 12:00:00+00:00,2.980886697769165,3.019927740097046,2.9172093868255615,2.9394898414611816
2025-07-14 16:00:00+00:00,2.9400360584259033,2.993168354034424,2.915426731109619,2.916984796524048
2025-07-14 20:00:00+00:00,2.9185099601745605,2.9567408561706543,2.8848037719726562,2.9548838138580322
2025-07-15 00:00:00+00:00,2.9551029205322266,2.9568700790405273,2.8090391159057617,2.8484692573547363
2025-07-15 04:00:00+00:00,2.848511219024658,2.883004665374756,2.8284685611724854,2.8605122566223145
2025-07-15 08:00:00+00:00,2.8594117164611816,2.9235589504241943,2.8275504112243652,2.9016430377960205
2025-07-15 12:00:00+00:00,2.9020397663116455,2.928577423095703,2.8520560264587402,2.8917744159698486
2025-07-15 16:00:00+00:00,2.8917171955108643,2.9401607513427734,2.86428165435791,2.865975856781006
2025-07-15 20:00:00+00:00,2.8658275604248047,2.9262278079986572,2.8606083393096924,2.918947696685791
2025-07-16 00:00:00+00:00,2.9188191890716553,2.9346923828125,2.8831913471221924,2.9035232067108154
2025-07-16 04:00:00+00:00,2.9034645557403564,2.9376001358032227,2.894376516342163,2.9319236278533936
2025-07-16 08:00:00+00:00,2.9318270683288574,2.9612395763397217,2.9257776737213135,2.9502532482147217
2025-07-16 12:00:00+00:00,2.9503841400146484,3.002763032913208,2.9497604370117188,2.9749324321746826
2025-07-16 16:00:00+00:00,2.975353956222534,3.0690391063690186,2.9714906215667725,3.0464484691619873
2025-07-16 20:00:00+00:00,3.0478434562683105,3.0970683097839355,3.027790069580078,3.0413777828216553
2025-07-17 00:00:00+00:00,3.040924072265625,3.074695348739624,3.005979061126709,3.0248990058898926
2025-07-17 04:00:00+00:00,3.025377035140991,3.1685233116149902,3.019118309020996,3.15714693069458
2025-07-17 08:00:00+00:00,3.15671968460083,3.2950243949890137,3.1470353603363037,3.2689523696899414
2025-07-17 12:00:00+00:00,3.2685883045196533,3.2711682319641113,3.191650390625,3.258030891418457
2025-07-17 16:00:00+00:00,3.2573344707489014,3.384991407394409,3.231642007827759,3.322389602661133
2025-07-17 20:00:00+00:00,3.319506883621216,3.5405988693237305,3.3045589923858643,3.4949169158935547
2025-07-18 00:00:00+00:00,3.4943084716796875,3.65000057220459,3.4812471866607666,3.6108179092407227
2025-07-18 04:00:00+00:00,3.6102848052978516,3.632429599761963,3.4721009731292725,3.474268913269043
2025-07-18 08:00:00+00:00,3.4735703468322754,3.5060904026031494,3.4058122634887695,3.488285779953003
2025-07-18 12:00:00+00:00,3.4886364936828613,3.530423879623413,3.361354112625122,3.379258871078491
2025-07-18 16:00:00+00:00,3.379197835922241,3.4730842113494873,3.3734042644500732,3.446462392807007
2025-07-18 20:00:00+00:00,3.443895101547241,3.4504752159118652,3.370582342147827,3.4181602001190186
2025-07-19 00:00:00+00:00,3.4178037643432617,3.4768764972686768,3.410895586013794,3.4499287605285645
2025-07-19 04:00:00+00:00,3.45021915435791,3.479649066925049,3.428635358810425,3.468461513519287
2025-07-19 08:00:00+00:00,3.468491792678833,3.47139573097229,3.3985655307769775,3.3985655307769775
2025-07-19 12:00:00+00:00,3.3989458084106445,3.424330234527588,3.3625285625457764,3.413534164428711
2025-07-19 16:00:00+00:00,3.413038492202759,3.448451519012451,3.409303665161133,3.428859233856201
2025-07-19 20:00:00+00:00,3.429335355758667,3.4421958923339844,3.3854575157165527,3.42938494682312
2025-07-20 00:00:00+00:00,3.423264265060425,3.449141502380371,3.391692876815796,3.436375141143799
2025-07-20 04:00:00+00:00,3.4357705116271973,3.4565837383270264,3.4062814712524414,3.4417855739593506
2025-07-20 08:00:00+00:00,3.441710948944092,3.5211009979248047,3.441710948944092,3.4982898235321045
2025-07-20 12:00:00+00:00,3.4982492923736572,3.5398519039154053,3.484832286834717,3.5201916694641113
2025-07-20 16:00:00+00:00,3.520134449005127,3.554039239883423,3.4976677894592285,3.5261669158935547
2025-07-20 20:00:00+00:00,3.526313543319702,3.526313543319702,3.430185556411743,3.459537982940674
2025-07-21 00:00:00+00:00,3.4591970443725586,3.4881844520568848,3.416292190551758,3.482104778289795
2025-07-21 04:00:00+00:00,3.4816863536834717,3.5744574069976807,3.4762253761291504,3.568716526031494
2025-07-21 08:00:00+00:00,3.5684726238250732,3.57564115524292,3.5325770378112793,3.539141893386841
2025-07-21 12:00:00+00:00,3.5388314723968506,3.6417033672332764,3.5126380920410156,3.615353584289551
2025-07-21 16:00:00+00:00,3.6145224571228027,3.6210289001464844,3.53788161277771,3.5409109592437744
2025-07-21 20:00:00+00:00,3.546523332595825,3.574110984802246,3.5211234092712402,3.5556373596191406
2025-07-22 00:00:00+00:00,3.5536909103393555,3.568617582321167,3.471717596054077,3.4993016719818115
2025-07-22 04:00:00+00:00,3.50093936920166,3.50093936920166,3.434464693069458,3.477642297744751
2025-07-22 08:00:00+00:00,3.478135347366333,3.514834403991699,3.4330546855926514,3.514834403991699
2025-07-22 12:00:00+00:00,3.514909505844116,3.5322463512420654,3.46189546585083,3.5104243755340576
2025-07-22 16:00:00+00:00,3.5073912143707275,3.575547695159912,3.499706745147705,3.5374674797058105
2025-07-22 20:00:00+00:00,3.535750150680542,3.552631139755249,3.52205753326416,3.5516724586486816
2025-07-23 00:00:00+00:00,3.5516810417175293,3.5516810417175293,3.4929616451263428,3.494148015975952
2025-07-23 04:00:00+00:00,3.4939677715301514,3.509518623352051,3.467362403869629,3.469242572784424
2025-07-23 08:00:00+00:00,3.4687554836273193,3.474623680114746,3.435032367706299,3.4511940479278564
2025-07-23 12:00:00+00:00,3.451205015182495,3.451205015182495,3.245959520339966,3.317552328109741
2025-07-23 16:00:00+00:00,3.3169615268707275,3.3170762062072754,3.171759605407715,3.222661256790161
2025-07-23 20:00:00+00:00,3.191667079925537,3.208228826522827,3.0732603073120117,3.1849400997161865
2025-07-24 00:00:00+00:00,3.1846048831939697,3.2342185974121094,3.1620075702667236,3.1958062648773193
2025-07-24 04:00:00+00:00,3.1956589221954346,3.1956589221954346,2.9904654026031494,3.0660505294799805
2025-07-24 08:00:00+00:00,3.0657365322113037,3.1773135662078857,3.063488006591797,3.1761271953582764
2025-07-24 12:00:00+00:00,3.1730055809020996,3.2600300312042236,3.1302249431610107,3.222162961959839
2025-07-24 16:00:00+00:00,3.2231388092041016,3.257337808609009,3.1756491661071777,3.2362217903137207
2025-07-24 20:00:00+00:00,3.23175048828125,3.2380027770996094,3.1377041339874268,3.1438913345336914
2025-07-25 00:00:00+00:00,3.1443097591400146,3.1506335735321045,3.054812431335449,3.071432113647461
2025-07-25 04:00:00+00:00,3.071733236312866,3.115616798400879,3.050950527191162,3.055243730545044
2025-07-25 08:00:00+00:00,3.05830454826355,3.149096965789795,3.05830454826355,3.137932538986206
2025-07-25 12:00:00+00:00,3.1375958919525146,3.1443493366241455,3.0116233825683594,3.041970729827881
2025-07-25 16:00:00+00:00,3.041846513748169,3.095759153366089,3.030925750732422,3.083244562149048
2025-07-25 20:00:00+00:00,3.0780341625213623,3.148732900619507,3.0780341625213623,3.1416842937469482
2025-07-26 00:00:00+00:00,3.1417744159698486,3.153756856918335,3.113363027572632,3.1458728313446045
2025-07-26 04:00:00+00:00,3.1459271907806396,3.1741738319396973,3.143057107925415,3.1572039127349854
2025-07-26 08:00:00+00:00,3.157113552093506,3.210050344467163,3.1567156314849854,3.185901641845703
2025-07-26 12:00:00+00:00,3.1869659423828125,3.1950011253356934,3.1800966262817383,3.191190242767334
2025-07-26 16:00:00+00:00,3.1915431022644043,3.21323561668396,3.1634693145751953,3.194265604019165
2025-07-26 20:00:00+00:00,3.1935651302337646,3.204437017440796,3.16741943359375,3.16741943359375
2025-07-27 00:00:00+00:00,3.1675679683685303,3.203739643096924,3.163055896759033,3.1992011070251465
2025-07-27 04:00:00+00:00,3.199329376220703,3.23637318611145,3.1906063556671143,3.191155433654785
2025-07-27 08:00:00+00:00,3.191192865371704,3.210164785385132,3.170987129211426,3.177922010421753
2025-07-27 12:00:00+00:00,3.1786153316497803,3.2045235633850098,3.171414613723755,3.1857755184173584
2025-07-27 16:00:00+00:00,3.1858184337615967,3.2264323234558105,3.181105852127075,3.207850217819214
2025-07-27 20:00:00+00:00,3.2081449031829834,3.2476394176483154,3.192678928375244,3.2412493228912354
2025-07-28 00:00:00+00:00,3.2406795024871826,3.287782669067383,3.227085828781128,3.268706798553467
2025-07-28 04:00:00+00:00,3.269062042236328,3.324357032775879,3.253702163696289,3.2750906944274902
2025-07-28 08:00:00+00:00,3.274963855743408,3.274963855743408,3.226503372192383,3.2452168464660645
2025-07-28 12:00:00+00:00,3.24511981010437,3.2475996017456055,3.151517391204834,3.1635026931762695
2025-07-28 16:00:00+00:00,3.1603939533233643,3.1794803142547607,3.1256279945373535,3.152590036392212
2025-07-28 20:00:00+00:00,3.157595634460449,3.160503625869751,3.114267587661743,3.1159017086029053
2025-07-29 00:00:00+00:00,3.1219241619110107,3.145217180252075,3.095151424407959,3.140735387802124
2025-07-29 04:00:00+00:00,3.1405255794525146,3.180253744125366,3.1259689331054688,3.174189329147339
2025-07-29 08:00:00+00:00,3.1746089458465576,3.1826345920562744,3.1184537410736084,3.136409044265747
2025-07-29 12:00:00+00:00,3.13724422454834,3.169698476791382,3.082124710083008,3.1068646907806396
2025-07-29 16:00:00+00:00,3.1053736209869385,3.1595563888549805,3.0615859031677246,3.1244263648986816
2025-07-29 20:00:00+00:00,3.1237783432006836,3.134038209915161,3.0964372158050537,3.1284313201904297
2025-07-30 00:00:00+00:00,3.1283042430877686,3.147724151611328,3.096827507019043,3.141648769378662
2025-07-30 04:00:00+00:00,3.141564130783081,3.1443092823028564,3.1072027683258057,3.115269660949707
2025-07-30 08:00:00+00:00,3.115704298019409,3.138817310333252,3.0486745834350586,3.048769950866699
2025-07-30 12:00:00+00:00,3.048537254333496,3.1471667289733887,3.047616958618164,3.143089532852173
2025-07-30 16:00:00+00:00,3.1429553031921387,3.1575565338134766,3.0199837684631348,3.1078121662139893
2025-07-30 20:00:00+00:00,3.106255531311035,3.1137101650238037,3.0663340091705322,3.098276138305664
2025-07-31 00:00:00+00:00,3.098034620285034,3.14359188079834,3.092097759246826,3.140711545944214
2025-07-31 04:00:00+00:00,3.1403684616088867,3.1500797271728516,3.1327412128448486,3.149876832962036
2025-07-31 08:00:00+00:00,3.1501269340515137,3.1735618114471436,3.149435520172119,3.1498563289642334
2025-07-31 12:00:00+00:00,3.1498239040374756,3.150322675704956,3.0861308574676514,3.1002893447875977
2025-07-31 16:00:00+00:00,3.1004526615142822,3.133533000946045,3.054431200027466,3.054431200027466
2025-07-31 20:00:00+00:00,3.0558278560638428,3.0635054111480713,3.0197665691375732,3.0251121520996094
2025-08-01 00:00:00+00:00,3.0246503353118896,3.0246503353118896,2.9473001956939697,2.999692440032959
2025-08-01 04:00:00+00:00,2.999750852584839,2.999750852584839,2.9414100646972656,2.952108144760132
2025-08-01 08:00:00+00:00,2.9521734714508057,2.968032121658325,2.908395528793335,2.968032121658325
2025-08-01 12:00:00+00:00,2.9680793285369873,3.0517988204956055,2.94020414352417,3.0416510105133057
2025-08-01 16:00:00+00:00,3.041909694671631,3.0467755794525146,2.987938404083252,3.0210013389587402
2025-08-01 20:00:00+00:00,3.020261526107788,3.0235326290130615,2.9109880924224854,2.9644839763641357
2025-08-02 00:00:00+00:00,2.9642858505249023,2.9811294078826904,2.953645706176758,2.979835271835327
2025-08-02 04:00:00+00:00,2.9815444946289062,3.01682186126709,2.953538179397583,2.988205671310425
2025-08-02 08:00:00+00:00,2.9880943298339844,2.9967126846313477,2.935274124145508,2.943239688873291
2025-08-02 12:00:00+00:00,2.9429404735565186,2.9429404735565186,2.8322863578796387,2.8322863578796387
2025-08-02 16:00:00+00:00,2.830000162124634,2.863520860671997,2.750802993774414,2.779416799545288
2025-08-02 20:00:00+00:00,2.779827833175659,2.8156797885894775,2.7479536533355713,2.766434669494629
2025-08-03 00:00:00+00:00,2.766538143157959,2.838163137435913,2.7463841438293457,2.838163137435913
2025-08-03 04:00:00+00:00,2.837867498397827,2.8668761253356934,2.8166191577911377,2.8640267848968506
2025-08-03 08:00:00+00:00,2.864318370819092,2.8922500610351562,2.8548054695129395,2.878593683242798
2025-08-03 12:00:00+00:00,2.8787012100219727,2.8991103172302246,2.8630030155181885,2.895387649536133
2025-08-03 16:00:00+00:00,2.8951995372772217,2.9245989322662354,2.889375686645508,2.9153904914855957
2025-08-03 20:00:00+00:00,2.9156177043914795,2.9578776359558105,2.904390811920166,2.949549674987793
2025-08-04 00:00:00+00:00,2.9495370388031006,3.027621269226074,2.93660831451416,3.00010085105896
2025-08-04 04:00:00+00:00,2.999943494796753,3.0159852504730225,2.969489574432373,3.015871047973633
2025-08-04 08:00:00+00:00,3.0160107612609863,3.021519184112549,2.9803595542907715,2.993583917617798
2025-08-04 12:00:00+00:00,2.9934542179107666,3.073026657104492,2.98217511177063,3.0319175720214844
2025-08-04 16:00:00+00:00,3.031736373901367,3.0880892276763916,3.031736373901367,3.0448405742645264
2025-08-04 20:00:00+00:00,3.045682430267334,3.0846753120422363,3.0442638397216797,3.072805404663086
2025-08-05 00:00:00+00:00,3.072774648666382,3.102800130844116,3.0375115871429443,3.040292739868164
2025-08-05 04:00:00+00:00,3.040001392364502,3.053360939025879,3.0034549236297607,3.00917387008667
2025-08-05 08:00:00+00:00,3.008842706680298,3.075857162475586,3.0041685104370117,3.0615525245666504
2025-08-05 12:00:00+00:00,3.061643123626709,3.0625722408294678,2.965390920639038,2.9658572673797607
2025-08-05 16:00:00+00:00,2.9665095806121826,2.989785671234131,2.9509377479553223,2.954594135284424
2025-08-05 20:00:00+00:00,2.950590133666992,2.972330093383789,2.9249014854431152,2.963749408721924
2025-08-06 00:00:00+00:00,2.963777780532837,2.963777780532837,2.9120609760284424,2.917985677719116
2025-08-06 04:00:00+00:00,2.915846109390259,2.9634575843811035,2.9064390659332275,2.9534451961517334
2025-08-06 08:00:00+00:00,2.9545698165893555,2.955388307571411,2.9222958087921143,2.9449143409729004
2025-08-06 12:00:00+00:00,2.9449846744537354,2.99867844581604,2.930650472640991,2.99867844581604
2025-08-06 16:00:00+00:00,3.0040183067321777,3.0171828269958496,2.9745864868164062,3.0037341117858887
2025-08-06 20:00:00+00:00,3.00555419921875,3.0097243785858154,2.985280990600586,2.991886615753174
2025-08-07 00:00:00+00:00,2.9918246269226074,3.007758378982544,2.970182418823242,2.97072172164917
2025-08-07 04:00:00+00:00,2.9705564975738525,3.0093307495117188,2.9683644771575928,3.0035030841827393
2025-08-07 08:00:00+00:00,3.003478527069092,3.085134267807007,2.990816593170166,3.0798723697662354
2025-08-07 12:00:00+00:00,3.0797927379608154,3.083068370819092,3.0438623428344727,3.0646579265594482
2025-08-07 16:00:00+00:00,3.064540386199951,3.086280107498169,3.020331382751465,3.086280107498169
2025-08-07 20:00:00+00:00,3.0879266262054443,3.3267922401428223,3.0879266262054443,3.3182408809661865
2025-08-08 00:00:00+00:00,3.3164331912994385,3.3692896366119385,3.2772066593170166,3.3692896366119385
2025-08-08 04:00:00+00:00,3.3696587085723877,3.3758068084716797,3.314363718032837,3.353904962539673
2025-08-08 08:00:00+00:00,3.3530328273773193,3.3574767112731934,3.3084123134613037,3.3366851806640625
2025-08-08 12:00:00+00:00,3.336688280105591,3.3594977855682373,3.213433027267456,3.22347354888916
2025-08-08 16:00:00+00:00,3.223642110824585,3.3055951595306396,3.223642110824585,3.3055951595306396
2025-08-08 20:00:00+00:00,3.30877685546875,3.3242313861846924,3.282335042953491,3.287048101425171
2025-08-09 00:00:00+00:00,3.287155866622925,3.308457612991333,3.2824461460113525,3.2921206951141357
2025-08-09 04:00:00+00:00,3.2921016216278076,3.331514358520508,3.290550470352173,3.3214969635009766
2025-08-09 08:00:00+00:00,3.3213329315185547,3.344721555709839,3.3082118034362793,3.3102993965148926
2025-08-09 12:00:00+00:00,3.3105711936950684,3.3248672485351562,3.2655160427093506,3.272905111312866
2025-08-09 16:00:00+00:00,3.2734222412109375,3.2914814949035645,3.261681318283081,3.2621030807495117
2025-08-09 20:00:00+00:00,3.2625904083251953,3.2716009616851807,3.2165794372558594,3.2278800010681152
2025-08-10 00:00:00+00:00,3.2283711433410645,3.2605338096618652,3.2253060340881348,3.256887435913086
2025-08-10 04:00:00+00:00,3.25703763961792,3.2762610912323,3.1708152294158936,3.1871163845062256
2025-08-10 08:00:00+00:00,3.186939001083374,3.215681314468384,3.1670525074005127,3.193896532058716
2025-08-10 12:00:00+00:00,3.1937177181243896,3.2014565467834473,3.1602513790130615,3.1840415000915527
2025-08-10 16:00:00+00:00,3.1843390464782715,3.2135379314422607,3.184187173843384,3.209273338317871
2025-08-10 20:00:00+00:00,3.2091245651245117,3.2091245651245117,3.160853385925293,3.187868118286133
2025-08-11 00:00:00+00:00,3.187828540802002,3.2697601318359375,3.17832088470459,3.262803554534912
2025-08-11 04:00:00+00:00,3.262803554534912,3.2833170890808105,3.244513511657715,3.244513511657715
2025-08-11 08:00:00+00:00,3.2454471588134766,3.326261281967163,3.2117836475372314,3.220144271850586
2025-08-11 12:00:00+00:00,3.219139337539673,3.2307732105255127,3.1822071075439453,3.204908847808838
2025-08-11 16:00:00+00:00,3.2049560546875,3.2192416191101074,3.153362274169922,3.1538941860198975
2025-08-11 20:00:00+00:00,3.1521308422088623,3.1682541370391846,3.1223394870758057,3.1344926357269287
2025-08-12 00:00:00+00:00,3.1343393325805664,3.1750779151916504,3.132385492324829,3.15014910697937
2025-08-12 04:00:00+00:00,3.150158643722534,3.1632466316223145,3.1253645420074463,3.153759717941284
2025-08-12 08:00:00+00:00,3.15498948097229,3.160456895828247,3.1121742725372314,3.1536636352539062
2025-08-12 12:00:00+00:00,3.1533679962158203,3.216341495513916,3.145132303237915,3.213366985321045
2025-08-12 16:00:00+00:00,3.2132208347320557,3.2750284671783447,3.2098922729492188,3.2750284671783447
2025-08-12 20:00:00+00:00,3.2785236835479736,3.299419641494751,3.2611031532287598,3.266509771347046
2025-08-13 00:00:00+00:00,3.266447067260742,3.266447067260742,3.2075860500335693,3.2431845664978027
2025-08-13 04:00:00+00:00,3.242950439453125,3.254185914993286,3.209442138671875,3.234985828399658
2025-08-13 08:00:00+00:00,3.2348172664642334,3.2935357093811035,3.2348172664642334,3.2862462997436523
2025-08-13 12:00:00+00:00,3.286015033721924,3.3235485553741455,3.2385754585266113,3.25539493560791
2025-08-13 16:00:00+00:00,3.25577449798584,3.280069351196289,3.25154972076416,3.2774899005889893
2025-08-13 20:00:00+00:00,3.2776193618774414,3.290278911590576,3.258559226989746,3.281736373901367
2025-08-14 00:00:00+00:00,3.2797462940216064,3.345641613006592,3.2760117053985596,3.3302974700927734
2025-08-14 04:00:00+00:00,3.329634189605713,3.3329086303710938,3.2396881580352783,3.2541420459747314
2025-08-14 08:00:00+00:00,3.254185438156128,3.254955291748047,3.2058498859405518,3.2166690826416016
2025-08-14 12:00:00+00:00,3.21706223487854,3.2320070266723633,3.081033229827881,3.1042821407318115
2025-08-14 16:00:00+00:00,3.1041207313537598,3.1041207313537598,3.0562684535980225,3.075385808944702
2025-08-14 20:00:00+00:00,3.0741472244262695,3.091057538986206,3.037256956100464,3.0835559368133545
2025-08-15 00:00:00+00:00,3.0834343433380127,3.1228344440460205,3.0819337368011475,3.1190762519836426
2025-08-15 04:00:00+00:00,3.1188066005706787,3.1420302391052246,3.111563205718994,3.1188621520996094
2025-08-15 08:00:00+00:00,3.1188557147979736,3.1273157596588135,3.10335636138916,3.115055799484253
2025-08-15 12:00:00+00:00,3.1143360137939453,3.1250643730163574,3.0195140838623047,3.0315630435943604
2025-08-15 16:00:00+00:00,3.0311832427978516,3.086704730987549,3.0095410346984863,3.0665693283081055
2025-08-15 20:00:00+00:00,3.066664218902588,3.0986602306365967,3.0602056980133057,3.0786688327789307
2025-08-16 00:00:00+00:00,3.0788683891296387,3.114423990249634,3.078214168548584,3.11250901222229
2025-08-16 04:00:00+00:00,3.1122546195983887,3.127232313156128,3.096177339553833,3.1268832683563232
2025-08-16 08:00:00+00:00,3.126859426498413,3.1561853885650635,3.1108243465423584,3.1108243465423584
2025-08-16 12:00:00+00:00,3.1098623275756836,3.1248586177825928,3.104764938354492,3.1063151359558105
2025-08-16 16:00:00+00:00,3.1063804626464844,3.1129684448242188,3.0980024337768555,3.105522394180298
2025-08-16 20:00:00+00:00,3.1051108837127686,3.1095919609069824,3.096640110015869,3.108128070831299
2025-08-17 00:00:00+00:00,3.1076672077178955,3.123652935028076,3.08833384513855,3.1223702430725098
2025-08-17 04:00:00+00:00,3.12261700630188,3.139841318130493,3.116075038909912,3.1202211380004883
2025-08-17 08:00:00+00:00,3.120236873626709,3.140079975128174,3.115999937057495,3.130479335784912
2025-08-17 12:00:00+00:00,3.1304616928100586,3.1450374126434326,3.1172189712524414,3.1450374126434326
2025-08-17 16:00:00+00:00,3.1449899673461914,3.1464109420776367,3.0920162200927734,3.0920162200927734
2025-08-17 20:00:00+00:00,3.092062473297119,3.1140997409820557,3.0889859199523926,3.0890424251556396
2025-08-18 00:00:00+00:00,3.0888705253601074,3.0920333862304688,2.975149393081665,2.993338108062744
2025-08-18 04:00:00+00:00,2.9931228160858154,3.0057551860809326,2.9651310443878174,2.967430353164673
2025-08-18 08:00:00+00:00,2.9669785499572754,2.977801561355591,2.947357654571533,2.965987205505371
2025-08-18 12:00:00+00:00,2.96547794342041,3.0200648307800293,2.96547794342041,3.01849102973938
2025-08-18 16:00:00+00:00,3.018620491027832,3.0911672115325928,3.0075321197509766,3.0833380222320557
2025-08-18 20:00:00+00:00,3.0833091735839844,3.095601797103882,3.0592496395111084,3.0614871978759766
2025-08-19 00:00:00+00:00,3.062969923019409,3.079077959060669,2.9898018836975098,2.9924211502075195
2025-08-19 04:00:00+00:00,2.991743326187134,3.0266735553741455,2.984168529510498,3.0044493675231934
2025-08-19 08:00:00+00:00,3.00435471534729,3.0224199295043945,2.998649835586548,3.017711639404297
2025-08-19 12:00:00+00:00,3.0177183151245117,3.0266504287719727,2.9341225624084473,2.9341225624084473
2025-08-19 16:00:00+00:00,2.9332611560821533,2.93392276763916,2.8849003314971924,2.885485887527466
2025-08-19 20:00:00+00:00,2.8853342533111572,2.90368914604187,2.852461338043213,2.8530657291412354
2025-08-20 00:00:00+00:00,2.8552229404449463,2.8978021144866943,2.8552229404449463,2.8884055614471436
2025-08-20 04:00:00+00:00,2.888427257537842,2.900022029876709,2.8693277835845947,2.8693277835845947
2025-08-20 08:00:00+00:00,2.869314670562744,2.9089720249176025,2.86557674407959,2.884498357772827
2025-08-20 12:00:00+00:00,2.8848178386688232,2.931405782699585,2.8268144130706787,2.9038145542144775
2025-08-20 16:00:00+00:00,2.9035706520080566,2.9817769527435303,2.9035706520080566,2.9817769527435303
2025-08-20 20:00:00+00:00,2.982144594192505,2.9830586910247803,2.9505722522735596,2.950749158859253
2025-08-21 00:00:00+00:00,2.9506664276123047,2.9518916606903076,2.9163057804107666,2.933119058609009
2025-08-21 04:00:00+00:00,2.9330694675445557,2.9375011920928955,2.8984053134918213,2.907651424407959
2025-08-21 08:00:00+00:00,2.9077072143554688,2.9140431880950928,2.888148546218872,2.902313232421875
2025-08-21 12:00:00+00:00,2.9022934436798096,2.9187207221984863,2.8768928050994873,2.8856897354125977
2025-08-21 16:00:00+00:00,2.885699987411499,2.9169087409973145,2.858567714691162,2.858567714691162
2025-08-21 20:00:00+00:00,2.860264301300049,2.8862597942352295,2.844200372695923,2.850512981414795
2025-08-22 00:00:00+00:00,2.8507676124572754,2.8824000358581543,2.8279318809509277,2.8295938968658447
2025-08-22 04:00:00+00:00,2.8301098346710205,2.871202230453491,2.8301098346710205,2.8644487857818604
2025-08-22 08:00:00+00:00,2.8642539978027344,2.872056245803833,2.809903860092163,2.809903860092163
2025-08-22 12:00:00+00:00,2.809762477874756,3.037713050842285,2.7845206260681152,3.02970552444458
2025-08-22 16:00:00+00:00,3.028433084487915,3.0959789752960205,3.0251190662384033,3.0944786071777344
2025-08-22 20:00:00+00:00,3.09012770652771,3.0978622436523438,3.0659868717193604,3.075775384902954
2025-08-23 00:00:00+00:00,3.0755648612976074,3.0755648612976074,2.973397731781006,2.9932987689971924
2025-08-23 04:00:00+00:00,2.993285894393921,3.066866636276245,2.992466926574707,3.0598607063293457
2025-08-23 08:00:00+00:00,3.0597236156463623,3.065901279449463,3.029731512069702,3.040266513824463
2025-08-23 12:00:00+00:00,3.0404860973358154,3.0418927669525146,3.0102572441101074,3.019477128982544
2025-08-23 16:00:00+00:00,3.0194618701934814,3.029074192047119,3.0114150047302246,3.029074192047119
2025-08-23 20:00:00+00:00,3.0291523933410645,3.0532875061035156,3.0262699127197266,3.0462262630462646
2025-08-24 00:00:00+00:00,3.0474417209625244,3.07674503326416,3.045769214630127,3.0528104305267334
2025-08-24 04:00:00+00:00,3.0526785850524902,3.0542056560516357,3.0305521488189697,3.038266181945801
2025-08-24 08:00:00+00:00,3.03814959526062,3.0436813831329346,2.9990663528442383,3.0081305503845215
2025-08-24 12:00:00+00:00,3.008126735687256,3.038102388381958,3.0067873001098633,3.014972686767578
2025-08-24 16:00:00+00:00,3.0148229598999023,3.1235008239746094,3.014106035232544,3.022374391555786
2025-08-24 20:00:00+00:00,3.025042772293091,3.0425007343292236,3.0069544315338135,3.0258772373199463
2025-08-25 00:00:00+00:00,3.0254759788513184,3.0487139225006104,2.9803926944732666,3.0338168144226074
2025-08-25 04:00:00+00:00,3.03054141998291,3.03054141998291,2.935070753097534,2.93717885017395
2025-08-25 08:00:00+00:00,2.937267541885376,2.956037998199463,2.92655086517334,2.940725326538086
2025-08-25 12:00:00+00:00,2.9408481121063232,2.9698424339294434,2.937786102294922,2.9534294605255127
2025-08-25 16:00:00+00:00,2.9535632133483887,2.9646177291870117,2.892305374145508,2.892305374145508
2025-08-25 20:00:00+00:00,2.8904662132263184,2.8906755447387695,2.835221529006958,2.8612582683563232
2025-08-26 00:00:00+00:00,2.8612747192382812,2.8969337940216064,2.8580451011657715,2.8874289989471436
2025-08-26 04:00:00+00:00,2.8874759674072266,2.9284799098968506,2.886786937713623,2.9161288738250732
2025-08-26 08:00:00+00:00,2.916246175765991,2.923239231109619,2.893862724304199,2.901174783706665
2025-08-26 12:00:00+00:00,2.901327133178711,2.939624786376953,2.8909318447113037,2.932140827178955
2025-08-26 16:00:00+00:00,2.9324824810028076,3.0732219219207764,2.929475784301758,3.0723588466644287
2025-08-26 20:00:00+00:00,3.0668089389801025,3.0668089389801025,3.005777597427368,3.0122318267822266
2025-08-27 00:00:00+00:00,3.0126256942749023,3.0126256942749023,2.983849048614502,3.0071611404418945
2025-08-27 04:00:00+00:00,3.0069994926452637,3.025796890258789,2.987189292907715,2.993373155593872
2025-08-27 08:00:00+00:00,2.993459463119507,3.019008159637451,2.993459463119507,2.9995882511138916
2025-08-27 12:00:00+00:00,2.9995107650756836,3.0290517807006836,2.9941599369049072,3.0145719051361084
2025-08-27 16:00:00+00:00,3.0152478218078613,3.0422165393829346,3.000251054763794,3.0010361671447754
2025-08-27 20:00:00+00:00,3.0043647289276123,3.0141823291778564,2.9652199745178223,2.96671986579895
2025-08-28 00:00:00+00:00,2.9672024250030518,2.9872305393218994,2.960174798965454,2.9822402000427246
2025-08-28 04:00:00+00:00,2.981997013092041,3.0106606483459473,2.979353427886963,2.999190092086792
2025-08-28 08:00:00+00:00,2.999276638031006,3.014967918395996,2.9954001903533936,3.0064697265625
2025-08-28 12:00:00+00:00,3.0065860748291016,3.0239059925079346,2.973923444747925,2.980192184448242
2025-08-28 16:00:00+00:00,2.9802403450012207,2.997270345687866,2.9516260623931885,2.9516260623931885
2025-08-28 20:00:00+00:00,2.951235771179199,2.976447582244873,2.946488618850708,2.9670495986938477
2025-08-29 00:00:00+00:00,2.967179775238037,2.971026659011841,2.939958095550537,2.9423768520355225
2025-08-29 04:00:00+00:00,2.9422972202301025,2.9422972202301025,2.8661136627197266,2.8714568614959717
2025-08-29 08:00:00+00:00,2.8719723224639893,2.884775400161743,2.8481462001800537,2.874213218688965
2025-08-29 12:00:00+00:00,2.8744606971740723,2.8960461616516113,2.8230228424072266,2.8413054943084717
2025-08-29 16:00:00+00:00,2.84079647064209,2.8448386192321777,2.803586721420288,2.821070909500122
2025-08-29 20:00:00+00:00,2.8173677921295166,2.8248400688171387,2.781665563583374,2.8219330310821533
2025-08-30 00:00:00+00:00,2.821687698364258,2.8234493732452393,2.771862030029297,2.8155343532562256
2025-08-30 04:00:00+00:00,2.8155272006988525,2.833040237426758,2.8131370544433594,2.8315060138702393
2025-08-30 08:00:00+00:00,2.8314273357391357,2.8319382667541504,2.799388885498047,2.8123910427093506
2025-08-30 12:00:00+00:00,2.811063289642334,2.811063289642334,2.7793807983398438,2.8068487644195557
2025-08-30 16:00:00+00:00,2.806898355484009,2.8168368339538574,2.802168369293213,2.809002637863159
2025-08-30 20:00:00+00:00,2.810600996017456,2.8181910514831543,2.80177903175354,2.8181910514831543
2025-08-31 00:00:00+00:00,2.8186824321746826,2.8641812801361084,2.8186824321746826,2.8496038913726807
2025-08-31 04:00:00+00:00,2.8498265743255615,2.8540639877319336,2.825227975845337,2.82900333404541
2025-08-31 08:00:00+00:00,2.8291015625,2.84346342086792,2.8151204586029053,2.823798894882202
2025-08-31 12:00:00+00:00,2.8239269256591797,2.8239269256591797,2.804049253463745,2.822845458984375
2025-08-31 16:00:00+00:00,2.8229238986968994,2.8229238986968994,2.8024089336395264,2.8024089336395264
2025-08-31 20:00:00+00:00,2.801288366317749,2.81653094291687,2.774482011795044,2.7766811847686768
2025-09-01 00:00:00+00:00,2.7767226696014404,2.7767226696014404,2.732531785964966,2.744755744934082
2025-09-01 04:00:00+00:00,2.7443671226501465,2.788555860519409,2.7065207958221436,2.788555860519409
2025-09-01 08:00:00+00:00,2.7951536178588867,2.834273338317871,2.769961357116699,2.773002862930298
2025-09-01 12:00:00+00:00,2.772455930709839,2.7784836292266846,2.7577123641967773,2.7611851692199707
2025-09-01 16:00:00+00:00,2.7635693550109863,2.7726826667785645,2.722900629043579,2.772488832473755
2025-09-01 20:00:00+00:00,2.7726457118988037,2.7735323905944824,2.710264205932617,2.753837823867798
2025-09-02 00:00:00+00:00,2.754516363143921,2.7988157272338867,2.751035451889038,2.79776668548584
2025-09-02 04:00:00+00:00,2.7977867126464844,2.813587188720703,2.788585901260376,2.793391704559326
2025-09-02 08:00:00+00:00,2.7935831546783447,2.819690704345703,2.7935831546783447,2.797985076904297
2025-09-02 12:00:00+00:00,2.798299789428711,2.842398166656494,2.7691867351531982,2.7908644676208496
2025-09-02 16:00:00+00:00,2.7912075519561768,2.8236637115478516,2.7855279445648193,2.823626756668091
2025-09-02 20:00:00+00:00,2.824209451675415,2.862377643585205,2.82033371925354,2.8618476390838623
2025-09-03 00:00:00+00:00,2.8583011627197266,2.8609297275543213,2.827664852142334,2.841128349304199
2025-09-03 04:00:00+00:00,2.8413631916046143,2.8413631916046143,2.814056158065796,2.818586826324463
2025-09-03 08:00:00+00:00,2.818662166595459,2.859989643096924,2.818662166595459,2.85856032371521
2025-09-03 12:00:00+00:00,2.8583247661590576,2.8848235607147217,2.8455541133880615,2.87326717376709
2025-09-03 16:00:00+00:00,2.873126745223999,2.873126745223999,2.8455262184143066,2.864227533340454
2025-09-03 20:00:00+00:00,2.8645570278167725,2.8671512603759766,2.8413925170898438,2.844904661178589
2025-09-04 00:00:00+00:00,2.845008134841919,2.856231212615967,2.8359129428863525,2.8460304737091064
2025-09-04 04:00:00+00:00,2.8460094928741455,2.8590450286865234,2.816760540008545,2.826427936553955
2025-09-04 08:00:00+00:00,2.8261399269104004,2.8515360355377197,2.8256540298461914,2.8429934978485107
2025-09-04 12:00:00+00:00,2.842930793762207,2.8462915420532227,2.8083300590515137,2.812701463699341
2025-09-04 16:00:00+00:00,2.812523126602173,2.822599411010742,2.791163444519043,2.7920520305633545
2025-09-04 20:00:00+00:00,2.7912886142730713,2.8234055042266846,2.789743185043335,2.7958168983459473
2025-09-05 00:00:00+00:00,2.7956836223602295,2.8119723796844482,2.7814855575561523,2.806413173675537
2025-09-05 04:00:00+00:00,2.8065788745880127,2.8476788997650146,2.8049278259277344,2.844142198562622
2025-09-05 08:00:00+00:00,2.8442745208740234,2.8515560626983643,2.8299148082733154,2.8441364765167236
2025-09-05 12:00:00+00:00,2.8441526889801025,2.882605791091919,2.8044021129608154,2.818253517150879
2025-09-05 16:00:00+00:00,2.818225145339966,2.8572874069213867,2.8081536293029785,2.8572874069213867
2025-09-05 20:00:00+00:00,2.8582165241241455,2.8642454147338867,2.8162434101104736,2.8162479400634766
2025-09-06 00:00:00+00:00,2.8161754608154297,2.8278064727783203,2.813748359680176,2.8276188373565674
2025-09-06 04:00:00+00:00,2.8276383876800537,2.8276383876800537,2.814892530441284,2.820129871368408
2025-09-06 08:00:00+00:00,2.820141553878784,2.8203108310699463,2.802260160446167,2.8049843311309814
2025-09-06 12:00:00+00:00,2.804999351501465,2.8171579837799072,2.803427219390869,2.8037867546081543
2025-09-06 16:00:00+00:00,2.8036372661590576,2.807124137878418,2.7945384979248047,2.7945427894592285
2025-09-06 20:00:00+00:00,2.7946014404296875,2.812608242034912,2.7946014404296875,2.8108551502227783
2025-09-07 00:00:00+00:00,2.8109335899353027,2.824706554412842,2.81068754196167,2.8233556747436523
2025-09-07 04:00:00+00:00,2.8233542442321777,2.8332881927490234,2.8199715614318848,2.83052921295166
2025-09-07 08:00:00+00:00,2.8305985927581787,2.8365561962127686,2.8275091648101807,2.831718921661377
2025-09-07 12:00:00+00:00,2.831669330596924,2.910120725631714,2.829512596130371,2.8976998329162598
2025-09-07 16:00:00+00:00,2.8980793952941895,2.899254560470581,2.8536155223846436,2.8636879920959473
2025-09-07 20:00:00+00:00,2.863614082336426,2.8905231952667236,2.8595376014709473,2.8785557746887207
2025-09-08 00:00:00+00:00,2.8784453868865967,2.898576259613037,2.8672611713409424,2.8891825675964355
2025-09-08 04:00:00+00:00,2.8893003463745117,2.907866954803467,2.8763790130615234,2.9049296379089355
2025-09-08 08:00:00+00:00,2.906094789505005,2.951059579849243,2.906094789505005,2.937217950820923
2025-09-08 12:00:00+00:00,2.9370486736297607,2.991210460662842,2.9361119270324707,2.984178304672241
2025-09-08 16:00:00+00:00,2.9842488765716553,2.9878551959991455,2.9645023345947266,2.977341890335083
2025-09-08 20:00:00+00:00,2.9769184589385986,2.9820399284362793,2.9573678970336914,2.9704031944274902
2025-09-09 00:00:00+00:00,2.970263957977295,2.97617506980896,2.935276985168457,2.948634147644043
2025-09-09 04:00:00+00:00,2.9488983154296875,3.02244234085083,2.947087287902832,3.0177719593048096
2025-09-09 08:00:00+00:00,3.0179319381713867,3.0329113006591797,3.0014894008636475,3.0072617530822754
2025-09-09 12:00:00+00:00,3.0043106079101562,3.025794267654419,2.9386038780212402,2.948903799057007
2025-09-09 16:00:00+00:00,2.948854923248291,2.971972703933716,2.946791648864746,2.967507839202881
2025-09-09 20:00:00+00:00,2.9671030044555664,2.9671030044555664,2.9419312477111816,2.9466097354888916
2025-09-10 00:00:00+00:00,2.946725606918335,2.9625680446624756,2.936954975128174,2.9609718322753906
2025-09-10 04:00:00+00:00,2.9611575603485107,2.9791269302368164,2.9485859870910645,2.9791269302368164
2025-09-10 08:00:00+00:00,2.979234218597412,2.9843335151672363,2.9626376628875732,2.9711501598358154
2025-09-10 12:00:00+00:00,2.971137285232544,3.0198404788970947,2.971137285232544,3.0036442279815674
2025-09-10 16:00:00+00:00,3.003636360168457,3.012570858001709,2.9721615314483643,2.9802732467651367
2025-09-10 20:00:00+00:00,2.9799537658691406,2.9855988025665283,2.974398612976074,2.9817256927490234
2025-09-11 00:00:00+00:00,2.9827864170074463,3.0078837871551514,2.97922945022583,3.0078837871551514
2025-09-11 04:00:00+00:00,3.0081534385681152,3.011406898498535,2.993253231048584,3.002662420272827
2025-09-11 08:00:00+00:00,3.0029306411743164,3.0296242237091064,3.0007312297821045,3.007798910140991
2025-09-11 12:00:00+00:00,3.0077617168426514,3.0271217823028564,2.9815337657928467,2.9965107440948486
2025-09-11 16:00:00+00:00,2.9965741634368896,3.0317113399505615,2.992689371109009,3.0242812633514404
2025-09-11 20:00:00+00:00,3.027207851409912,3.0473287105560303,3.0124971866607666,3.0409419536590576
2025-09-12 00:00:00+00:00,3.040886640548706,3.0676591396331787,3.0347940921783447,3.0378482341766357
2025-09-12 04:00:00+00:00,3.0379605293273926,3.072122812271118,3.031785011291504,3.065683364868164
2025-09-12 08:00:00+00:00,3.0658276081085205,3.067089796066284,3.041152000427246,3.041152000427246
2025-09-12 12:00:00+00:00,3.040529727935791,3.059598445892334,3.021298408508301,3.030522584915161
2025-09-12 16:00:00+00:00,3.029034376144409,3.0930755138397217,3.0261881351470947,3.0930755138397217
2025-09-12 20:00:00+00:00,3.0925097465515137,3.12831449508667,3.0889406204223633,3.1076180934906006
2025-09-13 00:00:00+00:00,3.1074585914611816,3.119688034057617,3.0946028232574463,3.1146109104156494
2025-09-13 04:00:00+00:00,3.11456036567688,3.12052059173584,3.102085590362549,3.118422746658325
2025-09-13 08:00:00+00:00,3.1182446479797363,3.1833972930908203,3.1139187812805176,3.1748178005218506
2025-09-13 12:00:00+00:00,3.1749093532562256,3.1773664951324463,3.130277395248413,3.1323461532592773
2025-09-13 16:00:00+00:00,3.132429838180542,3.1389925479888916,3.096386671066284,3.1128787994384766
2025-09-13 20:00:00+00:00,3.1128480434417725,3.12724232673645,3.111903429031372,3.1214466094970703
2025-09-14 00:00:00+00:00,3.1213388442993164,3.125075340270996,3.090045690536499,3.1010074615478516
2025-09-14 04:00:00+00:00,3.1009645462036133,3.1088922023773193,3.0815553665161133,3.08373761177063
2025-09-14 08:00:00+00:00,3.0838823318481445,3.092972993850708,3.059108018875122,3.059347152709961
2025-09-14 12:00:00+00:00,3.0595133304595947,3.0653936862945557,3.013350248336792,3.0316262245178223
2025-09-14 16:00:00+00:00,3.031878709793091,3.057684898376465,3.031623601913452,3.036848545074463
2025-09-14 20:00:00+00:00,3.0374274253845215,3.0546462535858154,3.029700756072998,3.0325214862823486
2025-09-15 00:00:00+00:00,3.0322179794311523,3.0525717735290527,3.017894744873047,3.0525717735290527
2025-09-15 04:00:00+00:00,3.0520431995391846,3.0664572715759277,3.022279977798462,3.0266342163085938
2025-09-15 08:00:00+00:00,3.026202917098999,3.026202917098999,2.963670492172241,2.9999682903289795
2025-09-15 12:00:00+00:00,2.9999420642852783,3.0375068187713623,2.988142967224121,3.0242202281951904
2025-09-15 16:00:00+00:00,3.024292469024658,3.033285140991211,2.9924259185791016,2.9935121536254883
2025-09-15 20:00:00+00:00,2.9931819438934326,3.0036115646362305,2.9882726669311523,2.9916927814483643
2025-09-16 00:00:00+00:00,2.9846079349517822,2.998070001602173,2.9804646968841553,2.983792304992676
2025-09-16 04:00:00+00:00,2.983677387237549,3.006488800048828,2.970379590988159,3.0034549236297607
2025-09-16 08:00:00+00:00,3.020817279815674,3.0385873317718506,3.020127058029175,3.030019521713257
2025-09-16 12:00:00+00:00,3.030081033706665,3.046478748321533,3.011737108230591,3.0397515296936035
2025-09-16 16:00:00+00:00,3.039785146713257,3.057191848754883,3.035658121109009,3.0513741970062256
2025-09-16 20:00:00+00:00,3.051203966140747,3.057706356048584,3.038492441177368,3.038492441177368
2025-09-17 00:00:00+00:00,3.0387706756591797,3.0447914600372314,3.019803047180176,3.019803047180176
2025-09-17 04:00:00+00:00,3.0184273719787598,3.03878116607666,3.009554624557495,3.0357553958892822
2025-09-17 08:00:00+00:00,3.0356550216674805,3.0356550216674805,3.0084478855133057,3.010913610458374
2025-09-17 12:00:00+00:00,3.0108602046966553,3.034273147583008,3.0102715492248535,3.0259299278259277
2025-09-17 16:00:00+00:00,3.0233514308929443,3.0568161010742188,2.9894707202911377,3.038084030151367
2025-09-17 20:00:00+00:00,3.037339448928833,3.1061432361602783,3.010087728500366,3.084949493408203
2025-09-18 00:00:00+00:00,3.0850353240966797,3.1086902618408203,3.0745506286621094,3.107612371444702
2025-09-18 04:00:00+00:00,3.1069698333740234,3.1069698333740234,3.0591342449188232,3.0916762351989746
2025-09-18 08:00:00+00:00,3.091825246810913,3.132340669631958,3.091825246810913,3.1313629150390625
2025-09-18 12:00:00+00:00,3.13529634475708,3.13529634475708,3.1102659702301025,3.115051031112671
2025-09-18 16:00:00+00:00,3.1149349212646484,3.120650053024292,3.092892646789551,3.1117660999298096
2025-09-18 20:00:00+00:00,3.1118037700653076,3.1118037700653076,3.0628960132598877,3.076272964477539
2025-09-19 00:00:00+00:00,3.0763003826141357,3.091825246810913,3.0493242740631104,3.049811840057373
2025-09-19 04:00:00+00:00,3.0483739376068115,3.0531766414642334,3.0280468463897705,3.0397558212280273
2025-09-19 08:00:00+00:00,3.0396673679351807,3.047236680984497,3.025256395339966,3.0319840908050537
2025-09-19 12:00:00+00:00,3.0321602821350098,3.0451982021331787,2.994880199432373,3.011364698410034
2025-09-19 16:00:00+00:00,3.0113914012908936,3.017119884490967,2.988612413406372,2.988612413406372
2025-09-19 20:00:00+00:00,2.988515853881836,3.000977039337158,2.9828176498413086,2.9918317794799805
2025-09-20 00:00:00+00:00,2.991396188735962,3.000762462615967,2.985426187515259,2.992889881134033
2025-09-20 04:00:00+00:00,2.9928834438323975,3.009580373764038,2.9908018112182617,3.009580373764038
2025-09-20 08:00:00+00:00,3.0097551345825195,3.0097551345825195,2.9803130626678467,2.99019718170166
2025-09-20 12:00:00+00:00,2.9902448654174805,2.9943339824676514,2.972700357437134,2.988565683364868
2025-09-20 16:00:00+00:00,2.9901340007781982,2.9930930137634277,2.9749698638916016,2.9762556552886963
2025-09-20 20:00:00+00:00,2.976017475128174,2.9862382411956787,2.9738714694976807,2.9789304733276367
2025-09-21 00:00:00+00:00,2.9787895679473877,2.9997284412384033,2.975994348526001,2.999436140060425
2025-09-21 04:00:00+00:00,2.999459743499756,3.0127813816070557,2.9960672855377197,3.000765323638916
2025-09-21 08:00:00+00:00,3.000885009765625,3.0014076232910156,2.9668498039245605,2.977386474609375
2025-09-21 12:00:00+00:00,2.977385997772217,2.9887425899505615,2.9740514755249023,2.980903148651123
2025-09-21 16:00:00+00:00,2.981818437576294,2.98598313331604,2.9581706523895264,2.982365369796753
2025-09-21 20:00:00+00:00,2.983302593231201,2.9925243854522705,2.969379186630249,2.973418712615967
2025-09-22 00:00:00+00:00,2.973205089569092,2.9745213985443115,2.8837668895721436,2.9053406715393066
2025-09-22 04:00:00+00:00,2.9045307636260986,2.9053258895874023,2.7789721488952637,2.8111603260040283
2025-09-22 08:00:00+00:00,2.8085997104644775,2.821765184402466,2.800105094909668,2.818692922592163
2025-09-22 12:00:00+00:00,2.817899465560913,2.8690757751464844,2.8101024627685547,2.8611903190612793
2025-09-22 16:00:00+00:00,2.861875295639038,2.8700361251831055,2.822098970413208,2.822098970413208
2025-09-22 20:00:00+00:00,2.8263137340545654,2.856184244155884,2.8219175338745117,2.853025197982788
2025-09-23 00:00:00+00:00,2.8537240028381348,2.8708701133728027,2.805375576019287,2.863922595977783
2025-09-23 04:00:00+00:00,2.8644237518310547,2.882077932357788,2.843381404876709,2.8694326877593994
2025-09-23 08:00:00+00:00,2.8683559894561768,2.873213291168213,2.8563547134399414,2.861963987350464
2025-09-23 12:00:00+00:00,2.861523151397705,2.88350510597229,2.857846260070801,2.8780224323272705
2025-09-23 16:00:00+00:00,2.878931760787964,2.8923304080963135,2.8437728881835938,2.8514556884765625
2025-09-23 20:00:00+00:00,2.8532276153564453,2.857271432876587,2.8217949867248535,2.828120470046997
2025-09-24 00:00:00+00:00,2.8279526233673096,2.8426132202148438,2.812481164932251,2.812481164932251
2025-09-24 04:00:00+00:00,2.8135855197906494,2.8750860691070557,2.803658962249756,2.8741793632507324
2025-09-24 08:00:00+00:00,2.87427020072937,2.883258819580078,2.870497465133667,2.878561019897461
2025-09-24 12:00:00+00:00,2.8790011405944824,2.945002555847168,2.876116991043091,2.9431614875793457
2025-09-24 16:00:00+00:00,2.940736770629883,2.9928596019744873,2.93386173248291,2.9910805225372314
2025-09-24 20:00:00+00:00,2.9817113876342773,2.9817113876342773,2.9268054962158203,2.9280545711517334
2025-09-25 00:00:00+00:00,2.9276158809661865,2.9430923461914062,2.873386859893799,2.873411178588867
2025-09-25 04:00:00+00:00,2.8735060691833496,2.8753437995910645,2.836747884750366,2.845921039581299
2025-09-25 08:00:00+00:00,2.846128463745117,2.8524169921875,2.8112339973449707,2.8144214153289795
2025-09-25 12:00:00+00:00,2.814582109451294,2.85896372795105,2.811018228530884,2.826899766921997
2025-09-25 16:00:00+00:00,2.8319308757781982,2.8351614475250244,2.7389800548553467,2.7584316730499268
2025-09-25 20:00:00+00:00,2.7602269649505615,2.769150733947754,2.738847255706787,2.7423644065856934
2025-09-26 00:00:00+00:00,2.7427315711975098,2.7742745876312256,2.7427315711975098,2.7619662284851074
2025-09-26 04:00:00+00:00,2.762092351913452,2.77357816696167,2.7442519664764404,2.7504875659942627
2025-09-26 08:00:00+00:00,2.7568471431732178,2.768693208694458,2.704148769378662,2.729140520095825
2025-09-26 12:00:00+00:00,2.7290658950805664,2.7653708457946777,2.7056429386138916,2.7367894649505615
2025-09-26 16:00:00+00:00,2.7369394302368164,2.8083598613739014,2.7363438606262207,2.7964742183685303
2025-09-26 20:00:00+00:00,2.795888900756836,2.7962868213653564,2.774280548095703,2.785804271697998
2025-09-27 00:00:00+00:00,2.7858002185821533,2.7907543182373047,2.7712583541870117,2.785963773727417
2025-09-27 04:00:00+00:00,2.785912275314331,2.8011953830718994,2.779135227203369,2.7819769382476807
2025-09-27 08:00:00+00:00,2.7819771766662598,2.7933268547058105,2.7664830684661865,2.7786457538604736
2025-09-27 12:00:00+00:00,2.77862811088562,2.787774085998535,2.776353597640991,2.7844600677490234
2025-09-27 16:00:00+00:00,2.784489870071411,2.7947301864624023,2.7682042121887207,2.7919774055480957
2025-09-27 20:00:00+00:00,2.79195499420166,2.826075553894043,2.7906880378723145,2.8077144622802734
2025-09-28 00:00:00+00:00,2.8076486587524414,2.813776731491089,2.781973361968994,2.784257411956787
2025-09-28 04:00:00+00:00,2.7840936183929443,2.792673349380493,2.7791945934295654,2.7889888286590576
2025-09-28 08:00:00+00:00,2.789004325866699,2.793445110321045,2.7745866775512695,2.7777023315429688
2025-09-28 12:00:00+00:00,2.7776710987091064,2.811769962310791,2.770050525665283,2.8085739612579346
2025-09-28 16:00:00+00:00,2.808950662612915,2.831519603729248,2.8067569732666016,2.8283536434173584
2025-09-28 20:00:00+00:00,2.828434467315674,2.866607666015625,2.828214645385742,2.866586923599243
2025-09-29 00:00:00+00:00,2.86689829826355,2.8820557594299316,2.8540308475494385,2.8636670112609863
2025-09-29 04:00:00+00:00,2.8640201091766357,2.9029078483581543,2.8487355709075928,2.8886473178863525
2025-09-29 08:00:00+00:00,2.888828754425049,2.891765594482422,2.8564352989196777,2.8564352989196777
2025-09-29 12:00:00+00:00,2.8563966751098633,2.9153668880462646,2.8487513065338135,2.894080400466919
2025-09-29 16:00:00+00:00,2.894214630126953,2.899461030960083,2.870999336242676,2.8988070487976074
2025-09-29 20:00:00+00:00,2.8986496925354004,2.9123246669769287,2.8826255798339844,2.8826632499694824
2025-09-30 00:00:00+00:00,2.882692337036133,2.890881061553955,2.873406171798706,2.876814603805542
2025-09-30 04:00:00+00:00,2.876847267150879,2.9061362743377686,2.8767495155334473,2.878115653991699
2025-09-30 08:00:00+00:00,2.8779702186584473,2.8779702186584473,2.8380379676818848,2.8496124744415283
2025-09-30 12:00:00+00:00,2.8494668006896973,2.861210823059082,2.8184814453125,2.8275723457336426
2025-09-30 16:00:00+00:00,2.8274035453796387,2.8671624660491943,2.820843458175659,2.865427017211914
2025-09-30 20:00:00+00:00,2.865368366241455,2.876678705215454,2.838020086288452,2.8469419479370117
2025-10-01 00:00:00+00:00,2.846860408782959,2.857985734939575,2.816903591156006,2.8183248043060303
2025-10-01 04:00:00+00:00,2.8182790279388428,2.855900526046753,2.8182790279388428,2.855695962905884
2025-10-01 08:00:00+00:00,2.8556368350982666,2.94892954826355,2.854722499847412,2.944301128387451
2025-10-01 12:00:00+00:00,2.944230556488037,2.9562430381774902,2.9310142993927,2.9404282569885254
2025-10-01 16:00:00+00:00,2.941082239151001,2.9587061405181885,2.9229862689971924,2.9587061405181885
2025-10-01 20:00:00+00:00,2.95772647857666,2.95772647857666,2.929567575454712,2.9472944736480713
2025-10-02 00:00:00+00:00,2.9472010135650635,2.9866790771484375,2.9434194564819336,2.973865509033203
2025-10-02 04:00:00+00:00,2.97383451461792,2.9851250648498535,2.9591171741485596,2.9705488681793213
2025-10-02 08:00:00+00:00,2.9704370498657227,2.993792772293091,2.9699320793151855,2.980862617492676
2025-10-02 12:00:00+00:00,2.9809863567352295,2.989616870880127,2.9538075923919678,2.988215684890747
2025-10-02 16:00:00+00:00,2.988651990890503,3.099212408065796,2.988651990890503,3.099212408065796
2025-10-02 20:00:00+00:00,3.09899640083313,3.09899640083313,3.030829429626465,3.0393426418304443
2025-10-03 00:00:00+00:00,3.039257526397705,3.039360284805298,3.0085463523864746,3.0241761207580566
2025-10-03 04:00:00+00:00,3.0242788791656494,3.034315824508667,3.0173707008361816,3.0327625274658203
2025-10-03 08:00:00+00:00,3.033029556274414,3.0561952590942383,3.028454065322876,3.040339231491089
2025-10-03 12:00:00+00:00,3.040292978286743,3.064591646194458,3.0155556201934814,3.064591646194458
2025-10-03 16:00:00+00:00,3.065249443054199,3.092376470565796,3.0255253314971924,3.038344383239746
2025-10-03 20:00:00+00:00,3.038081407546997,3.0549392700195312,3.0249969959259033,3.040886640548706
2025-10-04 00:00:00+00:00,3.040915012359619,3.0499584674835205,3.012173652648926,3.0234100818634033
2025-10-04 04:00:00+00:00,3.023322343826294,3.0307838916778564,3.017728567123413,3.020113468170166
2025-10-04 08:00:00+00:00,3.0195155143737793,3.020771026611328,2.986377477645874,2.991105079650879
2025-10-04 12:00:00+00:00,2.9911375045776367,3.0034396648406982,2.945605754852295,2.952802896499634
2025-10-04 16:00:00+00:00,2.952829122543335,2.9556257724761963,2.9425861835479736,2.94693922996521
2025-10-04 20:00:00+00:00,2.9471561908721924,2.9725122451782227,2.9471561908721924,2.9693450927734375
2025-10-05 00:00:00+00:00,2.96929931640625,3.0241286754608154,2.9580817222595215,3.010498285293579
2025-10-05 04:00:00+00:00,3.010443925857544,3.063302993774414,3.0096685886383057,3.063302993774414
2025-10-05 08:00:00+00:00,3.063072443008423,3.0679588317871094,3.0074219703674316,3.0225274562835693
2025-10-05 12:00:00+00:00,3.022545099258423,3.022545099258423,2.9921932220458984,3.0134356021881104
2025-10-05 16:00:00+00:00,3.0132789611816406,3.014089822769165,2.9529030323028564,2.9529030323028564
2025-10-05 20:00:00+00:00,2.9513354301452637,2.980292558670044,2.9510209560394287,2.970616579055786
2025-10-06 00:00:00+00:00,2.9704885482788086,2.9851999282836914,2.959855556488037,2.9778761863708496
2025-10-06 04:00:00+00:00,2.978039503097534,2.9967598915100098,2.964857339859009,2.972062349319458
2025-10-06 08:00:00+00:00,2.972144842147827,3.004976749420166,2.972144842147827,2.9964828491210938
2025-10-06 12:00:00+00:00,2.9964168071746826,3.0357067584991455,2.98909330368042,3.035438060760498
2025-10-06 16:00:00+00:00,3.034562826156616,3.0464274883270264,3.025269031524658,3.0265910625457764
2025-10-06 20:00:00+00:00,3.0266003608703613,3.0298681259155273,2.990466356277466,2.9907114505767822
2025-10-07 00:00:00+00:00,2.9897804260253906,2.9980175495147705,2.9806203842163086,2.98834490776062
2025-10-07 04:00:00+00:00,2.98833966255188,2.9997098445892334,2.9647200107574463,2.9717419147491455
2025-10-07 08:00:00+00:00,2.971839189529419,2.9795641899108887,2.958554983139038,2.9736287593841553
2025-10-07 12:00:00+00:00,2.973569393157959,2.989284038543701,2.88016414642334,2.8855185508728027
2025-10-07 16:00:00+00:00,2.8856565952301025,2.902327299118042,2.8597609996795654,2.8597609996795654
2025-10-07 20:00:00+00:00,2.860281467437744,2.881131887435913,2.855015277862549,2.8559765815734863
2025-10-08 00:00:00+00:00,2.8557615280151367,2.879788398742676,2.8470897674560547,2.8493964672088623
2025-10-08 04:00:00+00:00,2.8492205142974854,2.8631279468536377,2.844557046890259,2.8577215671539307
2025-10-08 08:00:00+00:00,2.857910394668579,2.8813583850860596,2.857910394668579,2.8759140968322754
2025-10-08 12:00:00+00:00,2.8760218620300293,2.8864529132843018,2.8609015941619873,2.866816759109497
2025-10-08 16:00:00+00:00,2.8668410778045654,2.9228761196136475,2.866370916366577,2.9097445011138916
2025-10-08 20:00:00+00:00,2.909708023071289,2.910903215408325,2.8788769245147705,2.8807849884033203
2025-10-09 00:00:00+00:00,2.880826473236084,2.880826473236084,2.828308343887329,2.845102548599243
2025-10-09 04:00:00+00:00,2.8449976444244385,2.8472228050231934,2.8180148601531982,2.822166919708252
2025-10-09 08:00:00+00:00,2.8189406394958496,2.827453851699829,2.78875732421875,2.8273844718933105
2025-10-09 12:00:00+00:00,2.8272342681884766,2.83659291267395,2.795358180999756,2.8055458068847656
2025-10-09 16:00:00+00:00,2.80548357963562,2.8081183433532715,2.7810497283935547,2.781398057937622
2025-10-09 20:00:00+00:00,2.784696578979492,2.816451072692871,2.784696578979492,2.80491042137146
2025-10-10 00:00:00+00:00,2.804095983505249,2.828706979751587,2.7940995693206787,2.8169398307800293
2025-10-10 04:00:00+00:00,2.8165197372436523,2.8303048610687256,2.80355167388916,2.8074734210968018
2025-10-10 08:00:00+00:00,2.807257652282715,2.8282711505889893,2.805159330368042,2.821288824081421
2025-10-10 12:00:00+00:00,2.821310520172119,2.8335978984832764,2.7316906452178955,2.741393566131592
2025-10-10 16:00:00+00:00,2.740924596786499,2.757053852081299,2.6647093296051025,2.6792616844177246
2025-10-10 20:00:00+00:00,2.679349899291992,2.6966023445129395,1.5615332126617432,2.3587536811828613
2025-10-11 00:00:00+00:00,2.3587377071380615,2.45062255859375,2.3222014904022217,2.392577886581421
2025-10-11 04:00:00+00:00,2.3923773765563965,2.4483845233917236,2.3923773765563965,2.4134886264801025
2025-10-11 08:00:00+00:00,2.414395809173584,2.501220703125,2.4088363647460938,2.475992441177368
2025-10-11 12:00:00+00:00,2.476184129714966,2.4852349758148193,2.4336769580841064,2.482025384902954
2025-10-11 16:00:00+00:00,2.481623888015747,2.4921748638153076,2.401047945022583,2.4040825366973877
2025-10-11 20:00:00+00:00,2.404651165008545,2.411179304122925,2.339571237564087,2.385955810546875
2025-10-12 00:00:00+00:00,2.384817123413086,2.386174201965332,2.321237325668335,2.340287208557129
2025-10-12 04:00:00+00:00,2.3410146236419678,2.3994526863098145,2.3410146236419678,2.3911688327789307
2025-10-12 08:00:00+00:00,2.3915438652038574,2.404587984085083,2.378274917602539,2.3965938091278076
2025-10-12 12:00:00+00:00,2.39656138420105,2.5037925243377686,2.3724098205566406,2.4876174926757812
2025-10-12 16:00:00+00:00,2.4878478050231934,2.5515522956848145,2.4878478050231934,2.5503480434417725
2025-10-12 20:00:00+00:00,2.5503368377685547,2.581024646759033,2.516159772872925,2.5350899696350098
2025-10-13 00:00:00+00:00,2.534430742263794,2.5736284255981445,2.5223472118377686,2.55289363861084
2025-10-13 04:00:00+00:00,2.554438829421997,2.635392665863037,2.5422027111053467,2.6224639415740967
2025-10-13 08:00:00+00:00,2.6226847171783447,2.642031669616699,2.5607879161834717,2.573551654815674
2025-10-13 12:00:00+00:00,2.5734620094299316,2.60895037651062,2.558171033859253,2.589874267578125
2025-10-13 16:00:00+00:00,2.589561939239502,2.6393885612487793,2.582181692123413,2.626171588897705
2025-10-13 20:00:00+00:00,2.6260225772857666,2.645176887512207,2.6052284240722656,2.6064934730529785
2025-10-14 00:00:00+00:00,2.6064400672912598,2.6204729080200195,2.5556650161743164,2.5629680156707764
2025-10-14 04:00:00+00:00,2.56276535987854,2.564492702484131,2.446852922439575,2.450385808944702
2025-10-14 08:00:00+00:00,2.4512319564819336,2.475538969039917,2.419084072113037,2.4553403854370117
2025-10-14 12:00:00+00:00,2.455143928527832,2.495002031326294,2.4077413082122803,2.495002031326294
2025-10-14 16:00:00+00:00,2.4958953857421875,2.52538800239563,2.47153639793396,2.474838972091675
2025-10-14 20:00:00+00:00,2.486506938934326,2.511134624481201,2.4812514781951904,2.505666732788086
2025-10-15 00:00:00+00:00,2.5057098865509033,2.525212049484253,2.4862406253814697,2.4918830394744873
2025-10-15 04:00:00+00:00,2.491837739944458,2.506483793258667,2.48390793800354,2.506483793258667
2025-10-15 08:00:00+00:00,2.506866455078125,2.5401840209960938,2.489959478378296,2.495816469192505
2025-10-15 12:00:00+00:00,2.495614528656006,2.508289098739624,2.4317266941070557,2.433431625366211
2025-10-15 16:00:00+00:00,2.4337704181671143,2.4476425647735596,2.408311367034912,2.408311367034912
2025-10-15 20:00:00+00:00,2.408700466156006,2.4201173782348633,2.3905153274536133,2.4126718044281006
2025-10-16 00:00:00+00:00,2.4123728275299072,2.431612253189087,2.4038004875183105,2.42159366607666
2025-10-16 04:00:00+00:00,2.4214515686035156,2.4301037788391113,2.4057724475860596,2.411954641342163
2025-10-16 08:00:00+00:00,2.412109375,2.455810785293579,2.3637442588806152,2.4547841548919678
2025-10-16 12:00:00+00:00,2.454636812210083,2.462449550628662,2.351794719696045,2.351905107498169
2025-10-16 16:00:00+00:00,2.3551952838897705,2.396456480026245,2.3174753189086914,2.3300602436065674
2025-10-16 20:00:00+00:00,2.3311712741851807,2.332430601119995,2.287660837173462,2.3289902210235596
2025-10-17 00:00:00+00:00,2.3289425373077393,2.3789453506469727,2.3237061500549316,2.3597524166107178
2025-10-17 04:00:00+00:00,2.359471321105957,2.359471321105957,2.2387993335723877,2.25561785697937
2025-10-17 08:00:00+00:00,2.240588903427124,2.2880215644836426,2.199037790298462,2.2808585166931152
2025-10-17 12:00:00+00:00,2.2810375690460205,2.3018407821655273,2.2451820373535156,2.2948975563049316
2025-10-17 16:00:00+00:00,2.303947687149048,2.319307804107666,2.281747817993164,2.2996885776519775
2025-10-17 20:00:00+00:00,2.2986221313476562,2.340205669403076,2.2942659854888916,2.294410467147827
2025-10-18 00:00:00+00:00,2.2947275638580322,2.343212127685547,2.2947275638580322,2.338067054748535
2025-10-18 04:00:00+00:00,2.3384158611297607,2.373992443084717,2.3180060386657715,2.3591206073760986
2025-10-18 08:00:00+00:00,2.358999252319336,2.3781392574310303,2.351261854171753,2.3781392574310303
2025-10-18 12:00:00+00:00,2.3788647651672363,2.3915460109710693,2.3447232246398926,2.351395606994629
2025-10-18 16:00:00+00:00,2.351325750350952,2.3703219890594482,2.33760666847229,2.3660292625427246
2025-10-18 20:00:00+00:00,2.367677688598633,2.371675968170166,2.3541641235351562,2.3605098724365234
2025-10-19 00:00:00+00:00,2.3606841564178467,2.3661391735076904,2.339768171310425,2.3661391735076904
2025-10-19 04:00:00+00:00,2.3694920539855957,2.3694920539855957,2.3460044860839844,2.3488357067108154
2025-10-19 08:00:00+00:00,2.3493006229400635,2.3961997032165527,2.3212475776672363,2.377309560775757
2025-10-19 12:00:00+00:00,2.3766489028930664,2.4135241508483887,2.3669612407684326,2.4006106853485107
2025-10-19 16:00:00+00:00,2.4021623134613037,2.416887044906616,2.3920090198516846,2.4009933471679688
2025-10-19 20:00:00+00:00,2.4010376930236816,2.409874677658081,2.388758420944214,2.3906521797180176
2025-10-20 00:00:00+00:00,2.3914272785186768,2.4370615482330322,2.359672784805298,2.4358532428741455
2025-10-20 04:00:00+00:00,2.436058282852173,2.476375102996826,2.4341464042663574,2.4662888050079346
2025-10-20 08:00:00+00:00,2.4665908813476562,2.4784317016601562,2.454331398010254,2.457470655441284
2025-10-20 12:00:00+00:00,2.4576563835144043,2.4790658950805664,2.4491569995880127,2.4730656147003174
2025-10-20 16:00:00+00:00,2.4729137420654297,2.5430819988250732,2.4371755123138428,2.539367914199829
2025-10-20 20:00:00+00:00,2.5372636318206787,2.5372636318206787,2.4865078926086426,2.4934191703796387
2025-10-21 00:00:00+00:00,2.49556040763855,2.49556040763855,2.4519267082214355,2.4552557468414307
2025-10-21 04:00:00+00:00,2.4552905559539795,2.4552905559539795,2.415039300918579,2.427734136581421
2025-10-21 08:00:00+00:00,2.4275991916656494,2.432201862335205,2.4044864177703857,2.432201862335205
2025-10-21 12:00:00+00:00,2.4323084354400635,2.531001567840576,2.411207675933838,2.5202200412750244
2025-10-21 16:00:00+00:00,2.5208380222320557,2.5229837894439697,2.479227304458618,2.498786211013794
2025-10-21 20:00:00+00:00,2.4979500770568848,2.4979500770568848,2.4199345111846924,2.4242796897888184
2025-10-22 00:00:00+00:00,2.4237122535705566,2.434115409851074,2.409489631652832,2.421992063522339
2025-10-22 04:00:00+00:00,2.4219589233398438,2.437762498855591,2.394461154937744,2.410033702850342
2025-10-22 08:00:00+00:00,2.410088539123535,2.410088539123535,2.3779313564300537,2.396343946456909
2025-10-22 12:00:00+00:00,2.396343946456909,2.4103944301605225,2.3755943775177,2.3995132446289062
2025-10-22 16:00:00+00:00,2.399622917175293,2.403463840484619,2.3683598041534424,2.3683598041534424
2025-10-22 20:00:00+00:00,2.3761327266693115,2.3791558742523193,2.335207939147949,2.3638622760772705
2025-10-23 00:00:00+00:00,2.3639609813690186,2.3858561515808105,2.363368272781372,2.3806114196777344
2025-10-23 04:00:00+00:00,2.380585193634033,2.417711019515991,2.3790366649627686,2.4085042476654053
2025-10-23 08:00:00+00:00,2.4084880352020264,2.4167544841766357,2.393216133117676,2.393216133117676
2025-10-23 12:00:00+00:00,2.393106460571289,2.4159882068634033,2.3808350563049316,2.4123120307922363
2025-10-23 16:00:00+00:00,2.412226676940918,2.423159122467041,2.395803689956665,2.4066076278686523
2025-10-23 20:00:00+00:00,2.406886339187622,2.4069440364837646,2.3839848041534424,2.3951404094696045
2025-10-24 00:00:00+00:00,2.3952791690826416,2.4085426330566406,2.3889472484588623,2.4085426330566406
2025-10-24 04:00:00+00:00,2.4084057807922363,2.4462828636169434,2.406555652618408,2.4384093284606934
2025-10-24 08:00:00+00:00,2.4385313987731934,2.4600448608398438,2.437066078186035,2.453483819961548
2025-10-24 12:00:00+00:00,2.455765962600708,2.5117509365081787,2.455765962600708,2.478687047958374
2025-10-24 16:00:00+00:00,2.4789419174194336,2.510504961013794,2.465442657470703,2.510103464126587
2025-10-24 20:00:00+00:00,2.50740909576416,2.512319564819336,2.500657558441162,2.5075273513793945
2025-10-25 00:00:00+00:00,2.5077433586120605,2.5587494373321533,2.5058438777923584,2.5397377014160156
2025-10-25 04:00:00+00:00,2.5399773120880127,2.5674185752868652,2.5390727519989014,2.5428292751312256
2025-10-25 08:00:00+00:00,2.5427517890930176,2.5682132244110107,2.5310075283050537,2.5667672157287598
2025-10-25 12:00:00+00:00,2.5666520595550537,2.6164984703063965,2.562345504760742,2.600118398666382
2025-10-25 16:00:00+00:00,2.599961996078491,2.6448655128479004,2.589916467666626,2.6086394786834717
2025-10-25 20:00:00+00:00,2.6082139015197754,2.615993022918701,2.592041254043579,2.5964505672454834
2025-10-26 00:00:00+00:00,2.5964243412017822,2.6255269050598145,2.595031499862671,2.600801467895508
2025-10-26 04:00:00+00:00,2.6008217334747314,2.6248462200164795,2.6008217334747314,2.6232588291168213
2025-10-26 08:00:00+00:00,2.623197317123413,2.6585428714752197,2.62022066116333,2.6472740173339844
2025-10-26 12:00:00+00:00,2.6472511291503906,2.652038335800171,2.630709409713745,2.640983819961548
2025-10-26 16:00:00+00:00,2.641063928604126,2.641063928604126,2.6109297275543213,2.612896203994751
2025-10-26 20:00:00+00:00,2.6129443645477295,2.656510829925537,2.604322671890259,2.645143747329712
2025-10-27 00:00:00+00:00,2.6449177265167236,2.666433811187744,2.626267194747925,2.632841110229492
2025-10-27 04:00:00+00:00,2.633358955383301,2.6678457260131836,2.630528450012207,2.630528450012207
2025-10-27 08:00:00+00:00,2.6303091049194336,2.636568069458008,2.6090290546417236,2.63044810295105
2025-10-27 12:00:00+00:00,2.630382537841797,2.6611411571502686,2.607536792755127,2.659912347793579
2025-10-27 16:00:00+00:00,2.660104274749756,2.693289279937744,2.658449649810791,2.6702358722686768
2025-10-27 20:00:00+00:00,2.669525146484375,2.669525146484375,2.626675844192505,2.634643793106079
2025-10-28 00:00:00+00:00,2.634235382080078,2.6462361812591553,2.625133514404297,2.628234624862671
2025-10-28 12:00:00+00:00,2.6419055461883545,2.6419055461883545,2.6209170818328857,2.633347272872925
2025-10-28 16:00:00+00:00,2.633695125579834,2.677032232284546,2.6173110008239746,2.6202688217163086
2025-10-28 20:00:00+00:00,2.625566244125366,2.6360232830047607,2.574132204055786,2.6059634685516357
2025-10-29 00:00:00+00:00,2.6045565605163574,2.6261558532714844,2.603093147277832,2.610231876373291
2025-10-29 04:00:00+00:00,2.610274314880371,2.63419508934021,2.6091294288635254,2.6337363719940186
2025-10-29 08:00:00+00:00,2.633753538131714,2.65779709815979,2.6255998611450195,2.6515860557556152
2025-10-29 12:00:00+00:00,2.651376724243164,2.6625800132751465,2.61932373046875,2.6213443279266357
2025-10-29 16:00:00+00:00,2.6217222213745117,2.655694007873535,2.570512056350708,2.5885229110717773
2025-10-29 20:00:00+00:00,2.5885229110717773,2.6155571937561035,2.544029474258423,2.551989793777466
2025-10-30 00:00:00+00:00,2.5519907474517822,2.587777853012085,2.5345957279205322,2.5762104988098145
2025-10-30 04:00:00+00:00,2.578325033187866,2.589812755584717,2.4955801963806152,2.5827839374542236
2025-10-30 08:00:00+00:00,2.58329176902771,2.58632230758667,2.5462677478790283,2.5462677478790283
2025-10-30 12:00:00+00:00,2.547675371170044,2.5489726066589355,2.4513700008392334,2.454143524169922
2025-10-30 16:00:00+00:00,2.4542131423950195,2.4647748470306396,2.39731502532959,2.4008712768554688
2025-10-30 20:00:00+00:00,2.398232936859131,2.4397225379943848,2.390456199645996,2.4397225379943848
2025-10-31 00:00:00+00:00,2.439607858657837,2.480576515197754,2.437345504760742,2.4644417762756348
2025-10-31 04:00:00+00:00,2.46596360206604,2.4906115531921387,2.46596360206604,2.4738399982452393
2025-10-31 08:00:00+00:00,2.4737887382507324,2.508585214614868,2.470712184906006,2.508585214614868
2025-10-31 12:00:00+00:00,2.5092504024505615,2.5436131954193115,2.4969193935394287,2.5203962326049805
2025-10-31 16:00:00+00:00,2.520719289779663,2.546682119369507,2.4924840927124023,2.5461905002593994
2025-10-31 20:00:00+00:00,2.545583963394165,2.545583963394165,2.5053515434265137,2.5087335109710693
2025-11-01 00:00:00+00:00,2.5086851119995117,2.5148885250091553,2.4939119815826416,2.5141584873199463
2025-11-01 04:00:00+00:00,2.5141708850860596,2.5210139751434326,2.4993343353271484,2.5042309761047363
2025-11-01 08:00:00+00:00,2.5043580532073975,2.5120794773101807,2.500908613204956,2.501662254333496
2025-11-01 12:00:00+00:00,2.5015649795532227,2.504014492034912,2.480006456375122,2.498847723007202
2025-11-01 16:00:00+00:00,2.4993815422058105,2.5119199752807617,2.4993815422058105,2.506284236907959
2025-11-01 20:00:00+00:00,2.5062506198883057,2.513273000717163,2.4929797649383545,2.505152940750122
2025-11-02 00:00:00+00:00,2.504788875579834,2.510575771331787,2.496439218521118,2.5066277980804443
2025-11-02 04:00:00+00:00,2.506588935852051,2.5350375175476074,2.506056070327759,2.534189462661743
2025-11-02 08:00:00+00:00,2.5342063903808594,2.545557737350464,2.5123963356018066,2.5454015731811523
2025-11-02 12:00:00+00:00,2.5395631790161133,2.5453336238861084,2.504711151123047,2.504711151123047
2025-11-02 16:00:00+00:00,2.5042433738708496,2.5042433738708496,2.479602098464966,2.486764907836914
2025-11-02 20:00:00+00:00,2.487539291381836,2.528952121734619,2.4853081703186035,2.528952121734619
2025-11-03 00:00:00+00:00,2.5268616676330566,2.529682159423828,2.4298150539398193,2.4300649166107178
2025-11-03 04:00:00+00:00,2.430018901824951,2.450934648513794,2.395080327987671,2.417628288269043
2025-11-03 08:00:00+00:00,2.417243719100952,2.4231455326080322,2.3898556232452393,2.403475761413574
2025-11-03 12:00:00+00:00,2.4033260345458984,2.4248902797698975,2.3314120769500732,2.3314120769500732
2025-11-03 16:00:00+00:00,2.330941677093506,2.383862257003784,2.326321840286255,2.3310117721557617
2025-11-03 20:00:00+00:00,2.329784393310547,2.329784393310547,2.266249418258667,2.3093531131744385
2025-11-04 00:00:00+00:00,2.309312582015991,2.3591418266296387,2.3036248683929443,2.355855703353882
2025-11-04 04:00:00+00:00,2.3555562496185303,2.359689235687256,2.2384700775146484,2.2458176612854004
2025-11-04 08:00:00+00:00,2.245790481567383,2.2787749767303467,2.2380404472351074,2.277008295059204
2025-11-04 12:00:00+00:00,2.2774250507354736,2.317873239517212,2.2507379055023193,2.2815465927124023
2025-11-04 16:00:00+00:00,2.281177043914795,2.289324998855591,2.1631860733032227,2.1725494861602783
2025-11-04 20:00:00+00:00,2.1726176738739014,2.221419334411621,2.07728910446167,2.2106244564056396
2025-11-05 00:00:00+00:00,2.210270881652832,2.2501304149627686,2.1106553077697754,2.239492177963257
2025-11-05 04:00:00+00:00,2.2393295764923096,2.257131814956665,2.2298743724823,2.2489278316497803
2025-11-05 08:00:00+00:00,2.248643398284912,2.248643398284912,2.211911916732788,2.2394676208496094
2025-11-05 12:00:00+00:00,2.239250659942627,2.2761642932891846,2.233933687210083,2.273972749710083
2025-11-05 16:00:00+00:00,2.273906946182251,2.3234572410583496,2.2564046382904053,2.3234572410583496
2025-11-05 20:00:00+00:00,2.322199583053589,2.3707854747772217,2.322199583053589,2.3452134132385254
2025-11-06 00:00:00+00:00,2.345029830932617,2.3857712745666504,2.3138859272003174,2.360332727432251
2025-11-06 04:00:00+00:00,2.3602380752563477,2.3618574142456055,2.3168418407440186,2.327606678009033
2025-11-06 08:00:00+00:00,2.3271324634552,2.3291125297546387,2.2928848266601562,2.2990362644195557
2025-11-06 12:00:00+00:00,2.2991139888763428,2.306971788406372,2.232771158218384,2.2345283031463623
2025-11-06 16:00:00+00:00,2.235060930252075,2.2414801120758057,2.209014654159546,2.210529088973999
2025-11-06 20:00:00+00:00,2.2100024223327637,2.2215542793273926,2.18689227104187,2.2108514308929443
2025-11-07 00:00:00+00:00,2.2108583450317383,2.2327656745910645,2.197805166244507,2.22645902633667
2025-11-07 04:00:00+00:00,2.2279789447784424,2.236395835876465,2.21563982963562,2.230175733566284
2025-11-07 08:00:00+00:00,2.2315142154693604,2.2318115234375,2.1719448566436768,2.188114643096924
2025-11-07 12:00:00+00:00,2.1882312297821045,2.215829610824585,2.158259630203247,2.2153804302215576
2025-11-07 16:00:00+00:00,2.2147741317749023,2.3507113456726074,2.204287528991699,2.34896183013916
2025-11-07 20:00:00+00:00,2.3506791591644287,2.3662681579589844,2.3143184185028076,2.3143184185028076
2025-11-08 00:00:00+00:00,2.3141491413116455,2.330402374267578,2.301619291305542,2.3215994834899902
2025-11-08 04:00:00+00:00,2.3202834129333496,2.3326306343078613,2.2987592220306396,2.3225786685943604
2025-11-08 08:00:00+00:00,2.322115421295166,2.3298239707946777,2.2943475246429443,2.2943971157073975
2025-11-08 12:00:00+00:00,2.294818639755249,2.2984681129455566,2.247206211090088,2.253814220428467
2025-11-08 16:00:00+00:00,2.2541539669036865,2.276554822921753,2.253448724746704,2.2709786891937256
2025-11-08 20:00:00+00:00,2.2721712589263916,2.2868874073028564,2.2721712589263916,2.2849225997924805
2025-11-09 00:00:00+00:00,2.2849271297454834,2.2851645946502686,2.2445576190948486,2.2536816596984863
2025-11-09 04:00:00+00:00,2.2536206245422363,2.2950971126556396,2.2536206245422363,2.2941949367523193
2025-11-09 08:00:00+00:00,2.2947912216186523,2.2947912216186523,2.2564361095428467,2.274927854537964
2025-11-09 12:00:00+00:00,2.2748517990112305,2.3237102031707764,2.2721869945526123,2.3175227642059326
2025-11-09 16:00:00+00:00,2.3168978691101074,2.346975326538086,2.3038594722747803,2.346975326538086
2025-11-09 20:00:00+00:00,2.3484878540039062,2.3770432472229004,2.3291220664978027,2.367645502090454
2025-11-10 00:00:00+00:00,2.367635488510132,2.4726450443267822,2.3569400310516357,2.462954521179199
2025-11-10 04:00:00+00:00,2.462644100189209,2.4874649047851562,2.4475183486938477,2.4816091060638428
2025-11-10 08:00:00+00:00,2.481590509414673,2.5668864250183105,2.47357439994812,2.542858362197876
2025-11-10 12:00:00+00:00,2.5427544116973877,2.5644097328186035,2.5038554668426514,2.5263562202453613
2025-11-10 16:00:00+00:00,2.526571035385132,2.5590927600860596,2.5200045108795166,2.55393385887146
2025-11-10 20:00:00+00:00,2.5533218383789062,2.5768797397613525,2.516042947769165,2.526350975036621
2025-11-11 00:00:00+00:00,2.5263400077819824,2.5652060508728027,2.5169992446899414,2.5309908390045166
2025-11-11 04:00:00+00:00,2.530689001083374,2.530689001083374,2.448928117752075,2.449185609817505
2025-11-11 08:00:00+00:00,2.448812961578369,2.4681901931762695,2.443209409713745,2.459214210510254
2025-11-11 12:00:00+00:00,2.4597580432891846,2.467707872390747,2.4317028522491455,2.436589479446411
2025-11-11 16:00:00+00:00,2.43670654296875,2.439026355743408,2.4149060249328613,2.416529655456543
2025-11-11 20:00:00+00:00,2.416760206222534,2.418261766433716,2.382352590560913,2.3917229175567627
2025-11-12 00:00:00+00:00,2.3914196491241455,2.411003828048706,2.386634111404419,2.3994040489196777
2025-11-12 04:00:00+00:00,2.399512767791748,2.405104398727417,2.3713700771331787,2.3714938163757324
2025-11-12 08:00:00+00:00,2.3716928958892822,2.4363021850585938,2.3716928958892822,2.4363021850585938
2025-11-12 12:00:00+00:00,2.4362268447875977,2.447227716445923,2.3697011470794678,2.3697011470794678
2025-11-12 16:00:00+00:00,2.3702027797698975,2.3702027797698975,2.3204333782196045,2.3393847942352295
2025-11-12 20:00:00+00:00,2.3392221927642822,2.3916773796081543,2.3368940353393555,2.386906385421753
2025-11-13 00:00:00+00:00,2.3868846893310547,2.501145839691162,2.3868069648742676,2.498016834259033
2025-11-13 04:00:00+00:00,2.494352340698242,2.5169827938079834,2.4599900245666504,2.4918861389160156
2025-11-13 08:00:00+00:00,2.4921834468841553,2.5200464725494385,2.4765117168426514,2.492971181869507
2025-11-13 12:00:00+00:00,2.493046283721924,2.4961018562316895,2.4292049407958984,2.4292049407958984
2025-11-13 16:00:00+00:00,2.429763078689575,2.4362173080444336,2.3194756507873535,2.3194756507873535
2025-11-13 20:00:00+00:00,2.3192527294158936,2.343310832977295,2.2848339080810547,2.331117868423462
2025-11-14 00:00:00+00:00,2.3310112953186035,2.335515022277832,2.293776512145996,2.3100087642669678
2025-11-14 04:00:00+00:00,2.3105523586273193,2.3199169635772705,2.25347638130188,2.3088765144348145
2025-11-14 08:00:00+00:00,2.309032678604126,2.309032678604126,2.259995460510254,2.264603614807129
2025-11-14 12:00:00+00:00,2.265089273452759,2.3235232830047607,2.2314460277557373,2.3152146339416504
2025-11-14 16:00:00+00:00,2.3143491744995117,2.3355746269226074,2.2829015254974365,2.304717779159546
2025-11-14 20:00:00+00:00,2.3054568767547607,2.3121933937072754,2.233877182006836,2.243969678878784
2025-11-15 00:00:00+00:00,2.243974208831787,2.2976717948913574,2.243832588195801,2.2942023277282715
2025-11-15 04:00:00+00:00,2.2940781116485596,2.2940781116485596,2.274864912033081,2.2817516326904297
2025-11-15 08:00:00+00:00,2.2820510864257812,2.283344268798828,2.244149684906006,2.255547046661377
2025-11-15 12:00:00+00:00,2.2557685375213623,2.273498773574829,2.24947190284729,2.2556309700012207
2025-11-15 16:00:00+00:00,2.255234956741333,2.2631402015686035,2.231318473815918,2.2558140754699707
2025-11-15 20:00:00+00:00,2.2556869983673096,2.2582342624664307,2.219324827194214,2.2352538108825684
2025-11-16 00:00:00+00:00,2.2354302406311035,2.251674175262451,2.196791410446167,2.2477104663848877
2025-11-16 04:00:00+00:00,2.247807264328003,2.2665202617645264,2.240623950958252,2.263878583908081
2025-11-16 08:00:00+00:00,2.263850688934326,2.2762978076934814,2.2328803539276123,2.2350738048553467
2025-11-16 12:00:00+00:00,2.2348170280456543,2.2408618927001953,2.188833713531494,2.188833713531494
2025-11-16 16:00:00+00:00,2.186335325241089,2.2200160026550293,2.1612355709075928,2.2148759365081787
2025-11-16 20:00:00+00:00,2.2147457599639893,2.225231885910034,2.1803412437438965,2.216594696044922
2025-11-17 00:00:00+00:00,2.216306447982788,2.2537167072296143,2.205991744995117,2.2537167072296143
2025-11-17 04:00:00+00:00,2.253894090652466,2.2652926445007324,2.2441937923431396,2.2618939876556396
2025-11-17 08:00:00+00:00,2.2619683742523193,2.275387763977051,2.2619683742523193,2.268998384475708
2025-11-17 12:00:00+00:00,2.2692089080810547,2.290720224380493,2.2013511657714844,2.2073867321014404
2025-11-17 16:00:00+00:00,2.207521677017212,2.215465784072876,2.1239728927612305,2.1250667572021484
2025-11-17 20:00:00+00:00,2.1248576641082764,2.16801381111145,2.1183090209960938,2.1620798110961914
2025-11-18 00:00:00+00:00,2.1607422828674316,2.164201259613037,2.115553140640259,2.1585183143615723
2025-11-18 04:00:00+00:00,2.1616623401641846,2.168118953704834,2.133376121520996,2.1586177349090576
2025-11-18 08:00:00+00:00,2.1586508750915527,2.195352077484131,2.1586508750915527,2.1839053630828857
2025-11-18 12:00:00+00:00,2.1837728023529053,2.220951795578003,2.1556057929992676,2.2107934951782227
2025-11-18 16:00:00+00:00,2.2113428115844727,2.236372232437134,2.204104423522949,2.225205659866333
2025-11-18 20:00:00+00:00,2.2275376319885254,2.2368481159210205,2.2034096717834473,2.216479539871216
2025-11-19 00:00:00+00:00,2.216352701187134,2.216352701187134,2.1880910396575928,2.188560724258423
2025-11-19 04:00:00+00:00,2.1882708072662354,2.1882708072662354,2.1288869380950928,2.167863607406616
2025-11-19 08:00:00+00:00,2.1677842140197754,2.1677842140197754,2.131704092025757,2.131704092025757
2025-11-19 12:00:00+00:00,2.1311328411102295,2.1415205001831055,2.0834672451019287,2.0835440158843994
2025-11-19 16:00:00+00:00,2.0838353633880615,2.0931289196014404,2.033358573913574,2.0384573936462402
2025-11-19 20:00:00+00:00,2.0379514694213867,2.1128344535827637,2.0281996726989746,2.107919216156006
2025-11-20 00:00:00+00:00,2.107828140258789,2.1353096961975098,2.0966477394104004,2.132740020751953
2025-11-20 04:00:00+00:00,2.132775068283081,2.1462011337280273,2.1203322410583496,2.1384265422821045
2025-11-20 08:00:00+00:00,2.1383612155914307,2.1383612155914307,2.1098058223724365,2.1134986877441406
2025-11-20 12:00:00+00:00,2.1134233474731445,2.1311795711517334,2.0897555351257324,2.0907256603240967
2025-11-20 16:00:00+00:00,2.0894410610198975,2.0894410610198975,1.978682279586792,2.0041439533233643
2025-11-20 20:00:00+00:00,2.0035736560821533,2.0461690425872803,1.9895912408828735,1.9987144470214844
2025-11-21 00:00:00+00:00,1.9984415769577026,2.023308277130127,1.971143364906311,1.9864170551300049
2025-11-21 04:00:00+00:00,1.9859416484832764,1.988101601600647,1.9068329334259033,1.9184030294418335
2025-11-21 08:00:00+00:00,1.9183779954910278,1.9510595798492432,1.8759534358978271,1.8759534358978271
2025-11-21 12:00:00+00:00,1.875075101852417,1.9588443040847778,1.8380736112594604,1.9103105068206787
2025-11-21 16:00:00+00:00,1.9106903076171875,1.9909366369247437,1.8935210704803467,1.945065975189209
2025-11-21 20:00:00+00:00,1.9455209970474243,1.9605236053466797,1.906254529953003,1.9503921270370483
2025-11-22 00:00:00+00:00,1.9502235651016235,1.960140585899353,1.9349517822265625,1.9478349685668945
2025-11-22 04:00:00+00:00,1.9476876258850098,1.9531283378601074,1.915853500366211,1.950013518333435
2025-11-22 08:00:00+00:00,1.9502919912338257,1.9503931999206543,1.901078462600708,1.9206032752990723
2025-11-22 12:00:00+00:00,1.9203948974609375,1.934384822845459,1.8937405347824097,1.9257246255874634
2025-11-22 16:00:00+00:00,1.9265295267105103,1.9465221166610718,1.9235674142837524,1.9315016269683838
2025-11-22 20:00:00+00:00,1.931487798690796,1.9624676704406738,1.9230188131332397,1.9497545957565308
2025-11-23 00:00:00+00:00,1.949979305267334,2.0419323444366455,1.949979305267334,2.031526803970337
2025-11-23 04:00:00+00:00,2.0310263633728027,2.0697970390319824,2.02028751373291,2.022571086883545
2025-11-23 08:00:00+00:00,2.023104667663574,2.0506997108459473,2.023104667663574,2.02921986579895
2025-11-23 12:00:00+00:00,2.029271364212036,2.062401056289673,2.029271364212036,2.062401056289673
2025-11-23 16:00:00+00:00,2.06221604347229,2.077228307723999,2.0449295043945312,2.076519012451172
2025-11-23 20:00:00+00:00,2.0764217376708984,2.0799155235290527,2.045649528503418,2.046398639678955
2025-11-24 00:00:00+00:00,2.046612501144409,2.10009503364563,2.0267863273620605,2.082918167114258
2025-11-24 04:00:00+00:00,2.082918167114258,2.0983383655548096,2.0492358207702637,2.0659003257751465
2025-11-24 08:00:00+00:00,2.0654497146606445,2.0732619762420654,2.0414071083068848,2.0584328174591064
2025-11-24 12:00:00+00:00,2.0584168434143066,2.0946438312530518,2.049548387527466,2.089418411254883
2025-11-24 16:00:00+00:00,2.089078426361084,2.2358086109161377,2.089078426361084,2.2326226234436035
2025-11-24 20:00:00+00:00,2.2329938411712646,2.2783117294311523,2.2233829498291016,2.22585129737854
2025-11-25 00:00:00+00:00,2.226033926010132,2.2593584060668945,2.226033926010132,2.241698980331421
2025-11-25 04:00:00+00:00,2.2420802116394043,2.255220651626587,2.22310471534729,2.22310471534729
2025-11-25 08:00:00+00:00,2.2232069969177246,2.2232069969177246,2.1876602172851562,2.196568012237549
2025-11-25 12:00:00+00:00,2.19655442237854,2.230778694152832,2.1626994609832764,2.1877565383911133
2025-11-25 16:00:00+00:00,2.187425136566162,2.2057700157165527,2.151808977127075,2.1708643436431885
2025-11-25 20:00:00+00:00,2.171243190765381,2.2141523361206055,2.1695597171783447,2.1985433101654053
2025-11-26 00:00:00+00:00,2.2005512714385986,2.20947527885437,2.1761953830718994,2.1765074729919434
2025-11-26 04:00:00+00:00,2.1761996746063232,2.2026054859161377,2.172273874282837,2.2026054859161377
2025-11-26 08:00:00+00:00,2.2027623653411865,2.2038965225219727,2.1699931621551514,2.171182155609131
2025-11-26 12:00:00+00:00,2.1712677478790283,2.174099922180176,2.148709535598755,2.167898416519165
2025-11-26 16:00:00+00:00,2.1683053970336914,2.2500340938568115,2.1683053970336914,2.2344367504119873
2025-11-26 20:00:00+00:00,2.23313570022583,2.23313570022583,2.214491844177246,2.2242846488952637
2025-11-27 00:00:00+00:00,2.2232751846313477,2.232724666595459,2.2087197303771973,2.211836576461792
2025-11-27 04:00:00+00:00,2.2116079330444336,2.2180001735687256,2.1989824771881104,2.205399513244629
2025-11-27 08:00:00+00:00,2.205350160598755,2.2062625885009766,2.1868457794189453,2.189878463745117
2025-11-27 12:00:00+00:00,2.1899240016937256,2.2015395164489746,2.1754159927368164,2.2015395164489746
2025-11-27 16:00:00+00:00,2.201697587966919,2.228780746459961,2.201028347015381,2.2237794399261475
2025-11-27 20:00:00+00:00,2.2235755920410156,2.231029987335205,2.200800895690918,2.200831890106201
2025-11-28 00:00:00+00:00,2.2006661891937256,2.2014036178588867,2.1709821224212646,2.1867103576660156
2025-11-28 04:00:00+00:00,2.1861021518707275,2.2151336669921875,2.18308687210083,2.1971676349639893
2025-11-28 08:00:00+00:00,2.1973273754119873,2.2429654598236084,2.192190170288086,2.195812702178955
2025-11-28 12:00:00+00:00,2.1960318088531494,2.2628252506256104,2.1923062801361084,2.249525308609009
2025-11-28 16:00:00+00:00,2.2496001720428467,2.2496001720428467,2.1620986461639404,2.1894168853759766
2025-11-28 20:00:00+00:00,2.189518928527832,2.19055438041687,2.1794373989105225,2.179481267929077
2025-11-29 16:00:00+00:00,2.204663038253784,2.204663038253784,2.1945557594299316,2.1945557594299316
2025-11-29 20:00:00+00:00,2.1947238445281982,2.2116386890411377,2.1909871101379395,2.2033703327178955
2025-11-30 00:00:00+00:00,2.2031307220458984,2.2123255729675293,2.1931588649749756,2.2070274353027344
2025-11-30 04:00:00+00:00,2.2069008350372314,2.2086124420166016,2.1933810710906982,2.2003986835479736
2025-11-30 08:00:00+00:00,2.2003209590911865,2.203791856765747,2.186182737350464,2.187638998031616
2025-11-30 12:00:00+00:00,2.187506675720215,2.206671714782715,2.1870787143707275,2.1952106952667236
2025-11-30 16:00:00+00:00,2.1953108310699463,2.2112576961517334,2.1953108310699463,2.199960947036743
2025-11-30 20:00:00+00:00,2.199840784072876,2.2025020122528076,2.160642623901367,2.160642623901367
2025-12-01 00:00:00+00:00,2.160752058029175,2.160752058029175,2.04776930809021,2.050079345703125
2025-12-01 04:00:00+00:00,2.050002098083496,2.056957244873047,2.0233654975891113,2.056957244873047
2025-12-01 08:00:00+00:00,2.0568206310272217,2.0579798221588135,2.0368669033050537,2.03691029548645
2025-12-01 12:00:00+00:00,2.037160634994507,2.04243540763855,1.9888577461242676,2.0116629600524902
2025-12-01 16:00:00+00:00,2.010648250579834,2.0107948780059814,1.9896442890167236,1.9953678846359253
2025-12-01 20:00:00+00:00,1.9950687885284424,2.0408594608306885,1.9950687885284424,2.0309157371520996
2025-12-02 00:00:00+00:00,2.030778408050537,2.030778408050537,2.005324602127075,2.024171829223633
2025-12-02 04:00:00+00:00,2.0239806175231934,2.0254502296447754,2.01135516166687,2.0160322189331055
2025-12-02 08:00:00+00:00,2.0160322189331055,2.038914918899536,1.9984817504882812,2.0385756492614746
2025-12-02 12:00:00+00:00,2.0385043621063232,2.1588759422302246,2.0301496982574463,2.157590389251709
2025-12-02 16:00:00+00:00,2.157585382461548,2.178431272506714,2.1403884887695312,2.1747186183929443
2025-12-02 20:00:00+00:00,2.1748945713043213,2.175546169281006,2.1514928340911865,2.1554696559906006
2025-12-03 00:00:00+00:00,2.1551806926727295,2.1872992515563965,2.1437323093414307,2.1782994270324707
2025-12-03 04:00:00+00:00,2.178269624710083,2.217318058013916,2.17561674118042,2.192241668701172
2025-12-03 08:00:00+00:00,2.1922237873077393,2.1941568851470947,2.171154499053955,2.1768221855163574
2025-12-03 12:00:00+00:00,2.176805019378662,2.1919703483581543,2.1494531631469727,2.170182466506958
2025-12-03 16:00:00+00:00,2.1702980995178223,2.190051794052124,2.1651744842529297,2.185941457748413
2025-12-03 20:00:00+00:00,2.1859467029571533,2.2088398933410645,2.1848442554473877,2.2015881538391113
2025-12-04 00:00:00+00:00,2.2011637687683105,2.2096898555755615,2.1900131702423096,2.1954755783081055
2025-12-04 04:00:00+00:00,2.195533037185669,2.197735548019409,2.170177459716797,2.172299385070801
2025-12-04 08:00:00+00:00,2.1723694801330566,2.1755149364471436,2.145200252532959,2.151097297668457
2025-12-04 12:00:00+00:00,2.151154041290283,2.153150796890259,2.1203055381774902,2.150475263595581
2025-12-04 16:00:00+00:00,2.1530303955078125,2.155142307281494,2.0745251178741455,2.0990304946899414
2025-12-04 20:00:00+00:00,2.0987935066223145,2.1080727577209473,2.0928075313568115,2.0975451469421387
2025-12-05 00:00:00+00:00,2.097151756286621,2.1113674640655518,2.091921091079712,2.0920512676239014
2025-12-05 04:00:00+00:00,2.092607021331787,2.0981080532073975,2.0791897773742676,2.0945754051208496
2025-12-05 08:00:00+00:00,2.0944058895111084,2.0944058895111084,2.0581934452056885,2.069551467895508
2025-12-05 12:00:00+00:00,2.0695621967315674,2.093323230743408,2.0607099533081055,2.075951337814331
2025-12-05 16:00:00+00:00,2.0761101245880127,2.076509475708008,2.0180392265319824,2.0409016609191895
2025-12-05 20:00:00+00:00,2.0402772426605225,2.0402772426605225,2.023475170135498,2.0376060009002686
2025-12-06 00:00:00+00:00,2.0370121002197266,2.0413854122161865,2.020723342895508,2.0392866134643555
2025-12-06 04:00:00+00:00,2.039289951324463,2.049147367477417,2.0307159423828125,2.0315101146698
2025-12-06 08:00:00+00:00,2.0313751697540283,2.0330326557159424,2.018765926361084,2.0326106548309326
2025-12-06 12:00:00+00:00,2.032683849334717,2.0449182987213135,2.0253841876983643,2.032714366912842
2025-12-06 16:00:00+00:00,2.0312869548797607,2.0374701023101807,2.0248496532440186,2.0256428718566895
2025-12-06 20:00:00+00:00,2.0256807804107666,2.035280466079712,2.0255117416381836,2.0326266288757324
2025-12-07 00:00:00+00:00,2.032562017440796,2.0716028213500977,2.0321977138519287,2.070420980453491
2025-12-07 04:00:00+00:00,2.07035231590271,2.0713441371917725,2.031158208847046,2.031158208847046
2025-12-07 08:00:00+00:00,2.031222343444824,2.0357534885406494,2.027838706970215,2.034226655960083
2025-12-07 12:00:00+00:00,2.03421950340271,2.0498077869415283,2.0002245903015137,2.0489120483398438
2025-12-07 16:00:00+00:00,2.0501503944396973,2.108682155609131,2.042275905609131,2.0860211849212646
2025-12-07 20:00:00+00:00,2.0860280990600586,2.092667818069458,2.0231564044952393,2.043468475341797
2025-12-08 00:00:00+00:00,2.0436577796936035,2.0874569416046143,2.0370664596557617,2.072021722793579
2025-12-08 04:00:00+00:00,2.0720925331115723,2.0926320552825928,2.0720925331115723,2.0851433277130127
2025-12-08 08:00:00+00:00,2.085385322570801,2.115684747695923,2.083860158920288,2.091693639755249
2025-12-08 12:00:00+00:00,2.091428279876709,2.1057841777801514,2.0719070434570312,2.0791304111480713
2025-12-08 16:00:00+00:00,2.0787484645843506,2.084261655807495,2.06978440284729,2.0807063579559326
2025-12-08 20:00:00+00:00,2.080469846725464,2.091442584991455,2.071833610534668,2.073106288909912
2025-12-09 00:00:00+00:00,2.0729711055755615,2.080300807952881,2.0594990253448486,2.070390224456787
2025-12-09 04:00:00+00:00,2.070408582687378,2.070408582687378,2.045546293258667,2.0606703758239746
2025-12-09 08:00:00+00:00,2.0607120990753174,2.068727493286133,2.051175355911255,2.068727493286133
2025-12-09 12:00:00+00:00,2.068716049194336,2.1162960529327393,2.052551507949829,2.1143546104431152
2025-12-09 16:00:00+00:00,2.1144347190856934,2.1740243434906006,2.1144347190856934,2.13492751121521
2025-12-09 20:00:00+00:00,2.1346089839935303,2.1346089839935303,2.0932862758636475,2.108422040939331
2025-12-10 00:00:00+00:00,2.108492851257324,2.108875036239624,2.083310127258301,2.084437608718872
2025-12-10 04:00:00+00:00,2.083432912826538,2.0939767360687256,2.0792410373687744,2.0835678577423096
2025-12-10 08:00:00+00:00,2.0836079120635986,2.0941529273986816,2.066930055618286,2.071437120437622
2025-12-10 12:00:00+00:00,2.071516752243042,2.071977138519287,2.060879945755005,2.061978578567505
2025-12-10 16:00:00+00:00,2.0619778633117676,2.081247568130493,2.055344581604004,2.0698297023773193
2025-12-10 20:00:00+00:00,2.0694663524627686,2.107454538345337,2.04168701171875,2.0439352989196777
2025-12-11 00:00:00+00:00,2.0433685779571533,2.04641056060791,1.99634850025177,2.001694679260254
2025-12-11 04:00:00+00:00,1.9996511936187744,2.0190744400024414,1.9991861581802368,2.0074965953826904
2025-12-11 08:00:00+00:00,2.007115125656128,2.018202543258667,2.0032525062561035,2.010263442993164
2025-12-11 12:00:00+00:00,2.0101120471954346,2.013957977294922,1.9866033792495728,1.9964672327041626
2025-12-11 16:00:00+00:00,1.9969605207443237,2.0241711139678955,1.98723566532135,2.0156586170196533
2025-12-11 20:00:00+00:00,2.0159225463867188,2.052788019180298,2.0125527381896973,2.0355002880096436
2025-12-12 00:00:00+00:00,2.0354299545288086,2.0421652793884277,2.0218145847320557,2.0327630043029785
2025-12-12 04:00:00+00:00,2.032731056213379,2.041391611099243,2.0261805057525635,2.038191795349121
2025-12-12 08:00:00+00:00,2.0378031730651855,2.0435447692871094,2.026876926422119,2.0420660972595215
2025-12-12 12:00:00+00:00,2.042227268218994,2.0453550815582275,1.9881833791732788,1.9881833791732788
2025-12-12 16:00:00+00:00,1.982659935951233,2.023916482925415,1.9804532527923584,2.0035042762756348
2025-12-12 20:00:00+00:00,2.0038061141967773,2.016623020172119,1.9993661642074585,2.0091450214385986
2025-12-13 00:00:00+00:00,2.009129047393799,2.023014545440674,2.0089266300201416,2.022602081298828
2025-12-13 04:00:00+00:00,2.0232598781585693,2.0471553802490234,2.023197650909424,2.028628349304199
2025-12-13 08:00:00+00:00,2.028562068939209,2.042146682739258,2.028562068939209,2.0345003604888916
2025-12-13 12:00:00+00:00,2.034494638442993,2.0419976711273193,2.0301296710968018,2.030294179916382
2025-12-13 16:00:00+00:00,2.030294179916382,2.0320184230804443,2.016763210296631,2.019946336746216
2025-12-13 20:00:00+00:00,2.0203359127044678,2.024475574493408,2.0127573013305664,2.0239975452423096
2025-12-14 00:00:00+00:00,2.023280143737793,2.0300135612487793,2.019536018371582,2.02504301071167
2025-12-14 04:00:00+00:00,2.024977684020996,2.0254156589508057,2.0124425888061523,2.0193049907684326
2025-12-14 08:00:00+00:00,2.0195045471191406,2.0231168270111084,1.9962706565856934,2.0011706352233887
2025-12-14 12:00:00+00:00,2.0013160705566406,2.006540298461914,1.9915947914123535,1.9935351610183716
2025-12-14 16:00:00+00:00,1.9934206008911133,2.0018463134765625,1.9853461980819702,1.988569974899292
2025-12-14 20:00:00+00:00,1.9887076616287231,1.9946199655532837,1.9732692241668701,1.9792851209640503
2025-12-15 00:00:00+00:00,1.9795013666152954,2.0092575550079346,1.9780528545379639,1.9959903955459595
2025-12-15 04:00:00+00:00,1.995861291885376,2.00307559967041,1.9942305088043213,1.9954371452331543
2025-12-15 08:00:00+00:00,1.9954451322555542,1.9997034072875977,1.9855146408081055,1.9880439043045044
2025-12-15 12:00:00+00:00,1.988090991973877,1.988090991973877,1.9187276363372803,1.9225516319274902
2025-12-15 16:00:00+00:00,1.9241611957550049,1.928739309310913,1.8777172565460205,1.8984017372131348
2025-12-15 20:00:00+00:00,1.898186206817627,1.898767352104187,1.8817343711853027,1.8986819982528687
2025-12-16 00:00:00+00:00,1.898456335067749,1.898456335067749,1.862117052078247,1.8706672191619873
2025-12-16 04:00:00+00:00,1.8707658052444458,1.8964604139328003,1.861519694328308,1.8769487142562866
2025-12-16 08:00:00+00:00,1.8769384622573853,1.9238412380218506,1.8763765096664429,1.9193787574768066
2025-12-16 12:00:00+00:00,1.9194029569625854,1.9433928728103638,1.905994176864624,1.9433928728103638
2025-12-16 16:00:00+00:00,1.9424301385879517,1.9424301385879517,1.9164576530456543,1.9275623559951782
2025-12-16 20:00:00+00:00,1.9274036884307861,1.9309964179992676,1.9204844236373901,1.930084228515625
2025-12-17 00:00:00+00:00,1.9289698600769043,1.9348978996276855,1.9156602621078491,1.9273790121078491
2025-12-17 04:00:00+00:00,1.926857829093933,1.9280658960342407,1.909581184387207,1.9243499040603638
2025-12-17 08:00:00+00:00,1.9241814613342285,1.9241814613342285,1.8992549180984497,1.9129350185394287
2025-12-17 12:00:00+00:00,1.9130187034606934,1.9818893671035767,1.9063551425933838,1.9135384559631348
2025-12-17 16:00:00+00:00,1.9135891199111938,1.9183107614517212,1.8503140211105347,1.863507866859436
2025-12-17 20:00:00+00:00,1.8637686967849731,1.881871223449707,1.857486367225647,1.861844778060913
2025-12-18 00:00:00+00:00,1.862199306488037,1.8685096502304077,1.8530049324035645,1.8550865650177002
2025-12-18 04:00:00+00:00,1.8550691604614258,1.8591246604919434,1.8294661045074463,1.8383358716964722
2025-12-18 08:00:00+00:00,1.8387356996536255,1.8791733980178833,1.8387356996536255,1.8755412101745605
2025-12-18 12:00:00+00:00,1.8769060373306274,1.930562973022461,1.8731670379638672,1.9179739952087402
2025-12-18 16:00:00+00:00,1.9180917739868164,1.9180917739868164,1.8051731586456299,1.8056018352508545
2025-12-18 20:00:00+00:00,1.8061933517456055,1.8216116428375244,1.8043197393417358,1.8077774047851562
2025-12-19 00:00:00+00:00,1.8076260089874268,1.848969578742981,1.772857904434204,1.8411457538604736
2025-12-19 04:00:00+00:00,1.8412935733795166,1.8734279870986938,1.8264142274856567,1.8649911880493164
2025-12-19 08:00:00+00:00,1.8653010129928589,1.8697474002838135,1.8602417707443237,1.869386911392212
2025-12-19 12:00:00+00:00,1.869397759437561,1.9004762172698975,1.8662772178649902,1.8744640350341797
2025-12-19 16:00:00+00:00,1.8745622634887695,1.9158235788345337,1.8745622634887695,1.9088693857192993
2025-12-19 20:00:00+00:00,1.9084031581878662,1.9148120880126953,1.9018069505691528,1.9073899984359741
2025-12-20 00:00:00+00:00,1.9074257612228394,1.9076285362243652,1.8951398134231567,1.903830885887146
2025-12-20 04:00:00+00:00,1.903599500656128,1.915961742401123,1.8998976945877075,1.9130380153656006
2025-12-20 08:00:00+00:00,1.9130690097808838,1.9533778429031372,1.9130690097808838,1.941759467124939
2025-12-20 12:00:00+00:00,1.9418224096298218,1.9453240633010864,1.9189457893371582,1.9208343029022217
2025-12-20 16:00:00+00:00,1.9211024045944214,1.9293352365493774,1.9196131229400635,1.9247112274169922
2025-12-20 20:00:00+00:00,1.924349308013916,1.9351905584335327,1.923886775970459,1.9324028491973877
2025-12-21 00:00:00+00:00,1.932358741760254,1.939073085784912,1.9194589853286743,1.9291352033615112
2025-12-21 04:00:00+00:00,1.9290345907211304,1.9291131496429443,1.9202349185943604,1.9235931634902954
2025-12-21 08:00:00+00:00,1.9241694211959839,1.9471838474273682,1.9229274988174438,1.9331495761871338
2025-12-21 12:00:00+00:00,1.9336140155792236,1.9367883205413818,1.896828293800354,1.9039418697357178
2025-12-21 16:00:00+00:00,1.903968334197998,1.9172114133834839,1.9005310535430908,1.9172114133834839
2025-12-21 20:00:00+00:00,1.9172693490982056,1.9243972301483154,1.9066178798675537,1.9220247268676758
2025-12-22 00:00:00+00:00,1.9219814538955688,1.9400136470794678,1.9103221893310547,1.9204431772232056
2025-12-22 04:00:00+00:00,1.9202144145965576,1.927230715751648,1.914281964302063,1.9261704683303833
2025-12-22 08:00:00+00:00,1.9263416528701782,1.9347409009933472,1.9161843061447144,1.9340895414352417
2025-12-22 12:00:00+00:00,1.9340606927871704,1.9436882734298706,1.9252278804779053,1.9335155487060547
2025-12-22 16:00:00+00:00,1.9334691762924194,1.940226674079895,1.9026128053665161,1.9027189016342163
2025-12-22 20:00:00+00:00,1.9028160572052002,1.9069867134094238,1.8928056955337524,1.902764081954956
2025-12-23 00:00:00+00:00,1.9026238918304443,1.9070125818252563,1.887713074684143,1.8930498361587524
2025-12-23 04:00:00+00:00,1.8919034004211426,1.894331693649292,1.8746079206466675,1.8818490505218506
2025-12-23 08:00:00+00:00,1.8818057775497437,1.904093623161316,1.8764605522155762,1.9040768146514893
2025-12-23 12:00:00+00:00,1.9040477275848389,1.9040477275848389,1.866700291633606,1.881150245666504
2025-12-23 16:00:00+00:00,1.8811514377593994,1.8904348611831665,1.8694583177566528,1.8815418481826782
2025-12-23 20:00:00+00:00,1.8817647695541382,1.8910282850265503,1.8727946281433105,1.8727946281433105
2025-12-24 00:00:00+00:00,1.8727281093597412,1.8758349418640137,1.8470486402511597,1.860878348350525
2025-12-24 04:00:00+00:00,1.860866665840149,1.8656758069992065,1.8375813961029053,1.856109857559204
2025-12-24 08:00:00+00:00,1.8558286428451538,1.873629093170166,1.8523447513580322,1.868849754333496
2025-12-24 12:00:00+00:00,1.8687514066696167,1.8755866289138794,1.8553316593170166,1.862033486366272
2025-12-24 16:00:00+00:00,1.8621439933776855,1.866136074066162,1.8506178855895996,1.8609437942504883
2025-12-24 20:00:00+00:00,1.8610762357711792,1.8679146766662598,1.860313892364502,1.8611665964126587
2025-12-25 00:00:00+00:00,1.8611924648284912,1.8724974393844604,1.8565495014190674,1.8693698644638062
2025-12-25 04:00:00+00:00,1.8693933486938477,1.874556064605713,1.8660361766815186,1.8734732866287231
2025-12-25 08:00:00+00:00,1.873463749885559,1.8773983716964722,1.8544429540634155,1.8586336374282837
2025-12-25 12:00:00+00:00,1.8585457801818848,1.885102391242981,1.855745792388916,1.8828251361846924
2025-12-25 16:00:00+00:00,1.882752776145935,1.882752776145935,1.8652087450027466,1.8716843128204346
2025-12-25 20:00:00+00:00,1.871659278869629,1.8718887567520142,1.830260157585144,1.831839680671692
2025-12-26 00:00:00+00:00,1.8317747116088867,1.8761423826217651,1.825568675994873,1.8633912801742554
2025-12-26 04:00:00+00:00,1.8630707263946533,1.8801937103271484,1.854979157447815,1.8633776903152466
2025-12-26 08:00:00+00:00,1.8633924722671509,1.8786543607711792,1.8622019290924072,1.8711628913879395
2025-12-26 12:00:00+00:00,1.8711390495300293,1.877504825592041,1.830143690109253,1.832521677017212
2025-12-26 16:00:00+00:00,1.8334646224975586,1.8465856313705444,1.8334646224975586,1.8442878723144531
2025-12-26 20:00:00+00:00,1.8447297811508179,1.8570165634155273,1.8421810865402222,1.8429622650146484
2025-12-27 00:00:00+00:00,1.8426309823989868,1.8515496253967285,1.8414403200149536,1.8502634763717651
2025-12-27 04:00:00+00:00,1.8506578207015991,1.8506578207015991,1.8457716703414917,1.847170114517212
2025-12-27 08:00:00+00:00,1.846880316734314,1.8534371852874756,1.8461896181106567,1.8505394458770752
2025-12-27 12:00:00+00:00,1.8509830236434937,1.8516606092453003,1.8432167768478394,1.8490839004516602
2025-12-27 16:00:00+00:00,1.8490662574768066,1.8547779321670532,1.843793511390686,1.8540918827056885
2025-12-27 20:00:00+00:00,1.854223608970642,1.8737589120864868,1.8535088300704956,1.8728525638580322
2025-12-28 00:00:00+00:00,1.8726767301559448,1.8750560283660889,1.8682726621627808,1.8731400966644287
2025-12-28 04:00:00+00:00,1.8731340169906616,1.8767929077148438,1.872035264968872,1.872518539428711
2025-12-28 08:00:00+00:00,1.872512936592102,1.8737130165100098,1.86300790309906,1.8702073097229004
2025-12-28 12:00:00+00:00,1.8702315092086792,1.8734593391418457,1.864791750907898,1.869316816329956
2025-12-28 16:00:00+00:00,1.86923348903656,1.8700679540634155,1.8538873195648193,1.8556631803512573
2025-12-28 20:00:00+00:00,1.8558218479156494,1.8675965070724487,1.8541460037231445,1.8643572330474854
2025-12-29 00:00:00+00:00,1.8642436265945435,1.9138917922973633,1.862599492073059,1.9136073589324951
2025-12-29 04:00:00+00:00,1.9132293462753296,1.9140535593032837,1.8911120891571045,1.8989001512527466
2025-12-29 08:00:00+00:00,1.898781657218933,1.9018703699111938,1.8681572675704956,1.8706640005111694
2025-12-29 12:00:00+00:00,1.870526909828186,1.874364972114563,1.8556076288223267,1.8648886680603027
2025-12-29 16:00:00+00:00,1.8645703792572021,1.865097999572754,1.851204752922058,1.8512741327285767
2025-12-29 20:00:00+00:00,1.8513572216033936,1.85379159450531,1.8455209732055664,1.8477401733398438
2025-12-30 00:00:00+00:00,1.8482255935668945,1.8601341247558594,1.8441519737243652,1.8598546981811523
2025-12-30 04:00:00+00:00,1.8595579862594604,1.8646358251571655,1.8541631698608398,1.8579785823822021
2025-12-30 08:00:00+00:00,1.8580310344696045,1.8678011894226074,1.8580310344696045,1.8592634201049805
2025-12-30 12:00:00+00:00,1.8601148128509521,1.876400351524353,1.8574132919311523,1.8761887550354004
2025-12-30 16:00:00+00:00,1.8761286735534668,1.8826154470443726,1.8694885969161987,1.874082326889038
2025-12-30 20:00:00+00:00,1.8740684986114502,1.8755584955215454,1.8661434650421143,1.875494122505188
2025-12-31 00:00:00+00:00,1.8747297525405884,1.8805835247039795,1.8681364059448242,1.8689504861831665
2025-12-31 04:00:00+00:00,1.8689247369766235,1.8730387687683105,1.866186499595642,1.8693386316299438
2025-12-31 08:00:00+00:00,1.86934494972229,1.8775333166122437,1.864050030708313,1.8763247728347778
2025-12-31 12:00:00+00:00,1.8764477968215942,1.8780055046081543,1.8527032136917114,1.8572368621826172
2025-12-31 16:00:00+00:00,1.856813669204712,1.8568475246429443,1.8257131576538086,1.8269984722137451
2025-12-31 20:00:00+00:00,1.8268308639526367,1.841922402381897,1.8116357326507568,1.8399792909622192
2026-01-01 00:00:00+00:00,1.8399866819381714,1.843624472618103,1.832692265510559,1.832692265510559
2026-01-01 04:00:00+00:00,1.8319621086120605,1.8495410680770874,1.825240969657898,1.8390804529190063
2026-01-01 08:00:00+00:00,1.8390700817108154,1.8519539833068848,1.8390700817108154,1.8519539833068848
2026-01-01 12:00:00+00:00,1.8519866466522217,1.858868956565857,1.8496356010437012,1.858868956565857
2026-01-01 16:00:00+00:00,1.8590259552001953,1.8709229230880737,1.8555068969726562,1.870402216911316
2026-01-01 20:00:00+00:00,1.870402216911316,1.8779350519180298,1.8663859367370605,1.8779350519180298
2026-01-02 00:00:00+00:00,1.8777636289596558,1.8888717889785767,1.867539405822754,1.8868848085403442
2026-01-02 04:00:00+00:00,1.8869539499282837,1.887190818786621,1.869234561920166,1.8698657751083374
2026-01-02 08:00:00+00:00,1.8697993755340576,1.9017633199691772,1.8696078062057495,1.888829231262207
2026-01-02 12:00:00+00:00,1.8888475894927979,1.9224985837936401,1.8881038427352905,1.91621994972229
2026-01-02 16:00:00+00:00,1.9161642789840698,1.9933021068572998,1.9161642789840698,1.9910380840301514
2026-01-02 20:00:00+00:00,1.9911246299743652,2.022834539413452,1.9806565046310425,2.0058014392852783
2026-01-03 00:00:00+00:00,2.006054401397705,2.0370686054229736,2.006054401397705,2.0368056297302246
2026-01-03 04:00:00+00:00,2.0383141040802,2.053532600402832,1.9896310567855835,1.9939383268356323
2026-01-03 08:00:00+00:00,1.993356704711914,2.0204782485961914,1.993356704711914,1.9982160329818726
2026-01-03 12:00:00+00:00,1.998564600944519,2.0153708457946777,1.995754361152649,2.005833148956299
2026-01-03 16:00:00+00:00,2.0057907104492188,2.0085458755493164,1.9981012344360352,2.0048882961273193
2026-01-03 20:00:00+00:00,2.004889726638794,2.017695426940918,1.999930500984192,2.017404317855835
2026-01-04 00:00:00+00:00,2.0174977779388428,2.0586044788360596,2.0171597003936768,2.056866407394409
2026-01-04 04:00:00+00:00,2.0571227073669434,2.0766115188598633,2.0550053119659424,2.07240629196167
2026-01-04 08:00:00+00:00,2.0718421936035156,2.0935633182525635,2.0615127086639404,2.0928707122802734
2026-01-04 12:00:00+00:00,2.092914342880249,2.116752862930298,2.083505630493164,2.0908122062683105
2026-01-04 16:00:00+00:00,2.090733051300049,2.0986886024475098,2.074680805206299,2.0815048217773438
2026-01-04 20:00:00+00:00,2.0815258026123047,2.098635673522949,2.0814363956451416,2.0900304317474365
2026-01-05 00:00:00+00:00,2.0900380611419678,2.1608498096466064,2.08896803855896,2.1423637866973877
2026-01-05 04:00:00+00:00,2.142347812652588,2.1425461769104004,2.113615036010742,2.131340742111206
2026-01-05 08:00:00+00:00,2.1317358016967773,2.149035930633545,2.1275415420532227,2.13224458694458
2026-01-05 12:00:00+00:00,2.132239580154419,2.1665940284729004,2.113044500350952,2.1665940284729004
2026-01-05 16:00:00+00:00,2.1657421588897705,2.277139902114868,2.1657421588897705,2.2755510807037354
2026-01-05 20:00:00+00:00,2.2779672145843506,2.3597986698150635,2.2779672145843506,2.348780632019043
2026-01-06 00:00:00+00:00,2.348585844039917,2.4101483821868896,2.3216168880462646,2.384232997894287
2026-01-06 04:00:00+00:00,2.3849081993103027,2.4018332958221436,2.3270585536956787,2.3308794498443604
2026-01-06 08:00:00+00:00,2.3309836387634277,2.3727869987487793,2.329411029815674,2.3720436096191406
2026-01-06 12:00:00+00:00,2.374333381652832,2.3905587196350098,2.3387398719787598,2.339524507522583
2026-01-06 16:00:00+00:00,2.345698595046997,2.3503618240356445,2.213348627090454,2.2274231910705566
2026-01-06 20:00:00+00:00,2.227635145187378,2.307774782180786,2.227635145187378,2.3068950176239014
2026-01-07 00:00:00+00:00,2.3042476177215576,2.316556215286255,2.258385419845581,2.2638537883758545
2026-01-07 04:00:00+00:00,2.2639639377593994,2.282606840133667,2.2496862411499023,2.275883197784424
2026-01-07 08:00:00+00:00,2.277519464492798,2.2853033542633057,2.234264373779297,2.249915599822998
2026-01-07 12:00:00+00:00,2.249479055404663,2.252354383468628,2.1874523162841797,2.19267201423645
2026-01-07 16:00:00+00:00,2.1941158771514893,2.217369556427002,2.1724021434783936,2.194657564163208
2026-01-07 20:00:00+00:00,2.193697452545166,2.1940698623657227,2.156625747680664,2.1671249866485596
2026-01-08 00:00:00+00:00,2.16668438911438,2.186174154281616,2.147521734237671,2.147646427154541
2026-01-08 04:00:00+00:00,2.1489145755767822,2.1669604778289795,2.1027274131774902,2.1164493560791016
2026-01-08 08:00:00+00:00,2.116452217102051,2.128326892852783,2.0819101333618164,2.087944269180298
2026-01-08 12:00:00+00:00,2.0885941982269287,2.1144044399261475,2.0660769939422607,2.1144044399261475
2026-01-08 16:00:00+00:00,2.1160669326782227,2.1621322631835938,2.1151952743530273,2.135460376739502
2026-01-08 20:00:00+00:00,2.135685920715332,2.1409406661987305,2.1158132553100586,2.122422456741333
2026-01-09 00:00:00+00:00,2.121964931488037,2.1359965801239014,2.1097323894500732,2.1315441131591797
2026-01-09 04:00:00+00:00,2.1318368911743164,2.14205002784729,2.1218080520629883,2.1218080520629883
2026-01-09 08:00:00+00:00,2.121511220932007,2.121511220932007,2.0745742321014404,2.1004157066345215
2026-01-09 12:00:00+00:00,2.100447654724121,2.153425455093384,2.0846898555755615,2.1100046634674072
2026-01-09 16:00:00+00:00,2.1103761196136475,2.1382651329040527,2.0784308910369873,2.083320140838623
2026-01-09 20:00:00+00:00,2.081244945526123,2.0959157943725586,2.0792410373687744,2.091646671295166
2026-01-10 00:00:00+00:00,2.0924854278564453,2.0974438190460205,2.087069511413574,2.0895957946777344
2026-01-10 04:00:00+00:00,2.089460611343384,2.0974059104919434,2.0801455974578857,2.0974059104919434
2026-01-10 08:00:00+00:00,2.097590446472168,2.1016857624053955,2.0891027450561523,2.099095582962036
2026-01-10 12:00:00+00:00,2.0991694927215576,2.1062469482421875,2.0871524810791016,2.090927839279175
2026-01-10 16:00:00+00:00,2.09079909324646,2.0972766876220703,2.086672306060791,2.090841293334961
2026-01-10 20:00:00+00:00,2.091298818588257,2.0923452377319336,2.085087299346924,2.088012933731079
2026-01-11 00:00:00+00:00,2.0880322456359863,2.0927329063415527,2.0853865146636963,2.0921268463134766
2026-01-11 04:00:00+00:00,2.0921378135681152,2.0942676067352295,2.0848217010498047,2.0904197692871094
2026-01-11 08:00:00+00:00,2.090113878250122,2.0942981243133545,2.086763858795166,2.0931267738342285
2026-01-11 12:00:00+00:00,2.093073844909668,2.104299783706665,2.085183620452881,2.086524248123169
2026-01-11 16:00:00+00:00,2.0865485668182373,2.0985097885131836,2.0846216678619385,2.085294723510742
2026-01-11 20:00:00+00:00,2.0852367877960205,2.0852367877960205,2.0496363639831543,2.071061134338379
2026-01-12 00:00:00+00:00,2.070913314819336,2.100820779800415,2.0377726554870605,2.0830795764923096
2026-01-12 04:00:00+00:00,2.0831503868103027,2.0913000106811523,2.0521368980407715,2.054060935974121
2026-01-12 08:00:00+00:00,2.053546190261841,2.056290864944458,2.0339393615722656,2.045660972595215
2026-01-12 12:00:00+00:00,2.0457146167755127,2.089715003967285,2.04288911819458,2.089715003967285
2026-01-12 16:00:00+00:00,2.0896735191345215,2.1050901412963867,2.060004472732544,2.0689709186553955
2026-01-12 20:00:00+00:00,2.068883180618286,2.0720221996307373,2.041318655014038,2.052546739578247
2026-01-13 00:00:00+00:00,2.0524966716766357,2.0596859455108643,2.045912265777588,2.0470056533813477
2026-01-13 04:00:00+00:00,2.0467886924743652,2.0721242427825928,2.0467886924743652,2.0509798526763916
2026-01-13 08:00:00+00:00,2.051180362701416,2.0706067085266113,2.051180362701416,2.0587856769561768
2026-01-13 12:00:00+00:00,2.058523654937744,2.096252918243408,2.0557093620300293,2.096158742904663
2026-01-13 16:00:00+00:00,2.0971245765686035,2.13566517829895,2.086561441421509,2.135572671890259
2026-01-13 20:00:00+00:00,2.138362407684326,2.1796443462371826,2.1207473278045654,2.1638011932373047
2026-01-14 00:00:00+00:00,2.1639084815979004,2.1855456829071045,2.1579277515411377,2.180715560913086
2026-01-14 04:00:00+00:00,2.1814229488372803,2.182101249694824,2.1346442699432373,2.1468915939331055
2026-01-14 08:00:00+00:00,2.146965980529785,2.150862216949463,2.11352801322937,2.11352801322937
2026-01-14 12:00:00+00:00,2.113957166671753,2.171135902404785,2.112910747528076,2.153186082839966
2026-01-14 16:00:00+00:00,2.1532318592071533,2.1724538803100586,2.1276705265045166,2.146601915359497
2026-01-14 20:00:00+00:00,2.146479606628418,2.156979560852051,2.1330504417419434,2.1397318840026855
2026-01-15 00:00:00+00:00,2.139739513397217,2.142378330230713,2.08504056930542,2.0879600048065186
2026-01-15 04:00:00+00:00,2.0879757404327393,2.1036274433135986,2.0872697830200195,2.099132776260376
2026-01-15 08:00:00+00:00,2.099113702774048,2.120049238204956,2.0959038734436035,2.111752510070801
2026-01-15 12:00:00+00:00,2.111621379852295,2.129757881164551,2.073868989944458,2.0817711353302
2026-01-15 16:00:00+00:00,2.0828309059143066,2.0946836471557617,2.0550761222839355,2.0640292167663574
2026-01-15 20:00:00+00:00,2.064408540725708,2.0788562297821045,2.059657335281372,2.078119993209839
2026-01-16 00:00:00+00:00,2.0781655311584473,2.0848352909088135,2.0654938220977783,2.0654938220977783
2026-01-16 04:00:00+00:00,2.0654168128967285,2.075636148452759,2.0584867000579834,2.071711778640747
2026-01-16 08:00:00+00:00,2.071716785430908,2.078662395477295,2.059514284133911,2.063974142074585
2026-01-16 12:00:00+00:00,2.064066171646118,2.0661227703094482,2.0294852256774902,2.03342866897583
2026-01-16 16:00:00+00:00,2.033100128173828,2.054643154144287,2.031675100326538,2.0533344745635986
2026-01-16 20:00:00+00:00,2.053391456604004,2.0776612758636475,2.0481743812561035,2.0682153701782227
2026-01-17 00:00:00+00:00,2.068063259124756,2.068063259124756,2.0540659427642822,2.0547049045562744
2026-01-17 04:00:00+00:00,2.054574728012085,2.0646753311157227,2.054574728012085,2.0580785274505615
2026-01-17 08:00:00+00:00,2.057513475418091,2.0656235218048096,2.0574963092803955,2.0614702701568604
2026-01-17 12:00:00+00:00,2.061433792114258,2.0804269313812256,2.058610677719116,2.0804269313812256
2026-01-17 16:00:00+00:00,2.0804357528686523,2.0804357528686523,2.07019305229187,2.0734753608703613
2026-01-17 20:00:00+00:00,2.073197841644287,2.0739970207214355,2.060720205307007,2.062373399734497
2026-01-18 00:00:00+00:00,2.0625979900360107,2.0659666061401367,2.0497312545776367,2.0576467514038086
2026-01-18 04:00:00+00:00,2.0575454235076904,2.058502674102783,2.050252676010132,2.0533149242401123
2026-01-18 08:00:00+00:00,2.053182601928711,2.060504913330078,2.0510098934173584,2.0547025203704834
2026-01-18 12:00:00+00:00,2.054723024368286,2.0579214096069336,2.0475103855133057,2.0494725704193115
2026-01-18 16:00:00+00:00,2.049494743347168,2.063920497894287,2.0468077659606934,2.053032398223877
2026-01-18 20:00:00+00:00,2.0531435012817383,2.06091570854187,1.991735577583313,1.9926230907440186
2026-01-19 00:00:00+00:00,1.9925767183303833,1.9925767183303833,1.927056074142456,1.96610689163208
2026-01-19 04:00:00+00:00,1.966141939163208,1.9716042280197144,1.9534869194030762,1.9595897197723389
2026-01-19 08:00:00+00:00,1.9597289562225342,1.9811919927597046,1.9597289562225342,1.9716075658798218
2026-01-19 12:00:00+00:00,1.9715901613235474,1.9816577434539795,1.9661636352539062,1.9806734323501587
2026-01-19 16:00:00+00:00,1.9806491136550903,2.025184392929077,1.9804199934005737,2.0129644870758057
2026-01-19 20:00:00+00:00,2.0129027366638184,2.014080047607422,1.9820077419281006,1.9863815307617188
2026-01-20 00:00:00+00:00,1.9863430261611938,1.9878886938095093,1.9563229084014893,1.9597742557525635
2026-01-20 04:00:00+00:00,1.9597898721694946,1.9703857898712158,1.9446016550064087,1.9494060277938843
2026-01-20 08:00:00+00:00,1.9494596719741821,1.9505729675292969,1.9215339422225952,1.9294377565383911
2026-01-20 12:00:00+00:00,1.9290028810501099,1.9346096515655518,1.9109433889389038,1.9115468263626099
2026-01-20 16:00:00+00:00,1.9126564264297485,1.924054503440857,1.8952854871749878,1.8996784687042236
2026-01-20 20:00:00+00:00,1.8997948169708252,1.9075489044189453,1.8839234113693237,1.8895692825317383
2026-01-21 00:00:00+00:00,1.8892583847045898,1.9116777181625366,1.8887009620666504,1.8997763395309448
2026-01-21 04:00:00+00:00,1.8997763395309448,1.92221999168396,1.8997763395309448,1.9062626361846924
2026-01-21 08:00:00+00:00,1.9065043926239014,1.9127285480499268,1.8925237655639648,1.8925237655639648
2026-01-21 12:00:00+00:00,1.8925114870071411,1.9563136100769043,1.8818771839141846,1.9563136100769043
2026-01-21 16:00:00+00:00,1.956045389175415,1.9780665636062622,1.8756887912750244,1.9712095260620117
2026-01-21 20:00:00+00:00,1.9712269306182861,1.9848034381866455,1.941562533378601,1.9455596208572388
2026-01-22 00:00:00+00:00,1.9457048177719116,1.9640731811523438,1.9425960779190063,1.9463019371032715
2026-01-22 04:00:00+00:00,1.9461764097213745,1.9555611610412598,1.9452943801879883,1.9467328786849976
2026-01-22 08:00:00+00:00,1.9467378854751587,1.9620627164840698,1.9424247741699219,1.9426895380020142
2026-01-22 12:00:00+00:00,1.9426367282867432,1.9467693567276,1.902387022972107,1.9121267795562744
2026-01-22 16:00:00+00:00,1.9123785495758057,1.9329310655593872,1.90645170211792,1.9319969415664673
2026-01-22 20:00:00+00:00,1.9320058822631836,1.9320058822631836,1.9157183170318604,1.9216742515563965
2026-01-23 00:00:00+00:00,1.9216632843017578,1.9234880208969116,1.9078261852264404,1.9120277166366577
2026-01-23 04:00:00+00:00,1.9124850034713745,1.9213147163391113,1.9039355516433716,1.9108706712722778
2026-01-23 08:00:00+00:00,1.9110901355743408,1.91159188747406,1.9019784927368164,1.911159634590149
2026-01-23 12:00:00+00:00,1.9113595485687256,1.9160152673721313,1.8888955116271973,1.9159754514694214
2026-01-23 16:00:00+00:00,1.916735053062439,1.9583511352539062,1.916735053062439,1.9234066009521484
2026-01-23 20:00:00+00:00,1.9231152534484863,1.9247479438781738,1.9085360765457153,1.9195300340652466
2026-01-24 00:00:00+00:00,1.9194978475570679,1.9232029914855957,1.9152873754501343,1.9212268590927124
2026-01-24 04:00:00+00:00,1.9211534261703491,1.9244736433029175,1.9148081541061401,1.9164243936538696
2026-01-24 08:00:00+00:00,1.9163892269134521,1.9181309938430786,1.913022518157959,1.9147753715515137
2026-01-24 12:00:00+00:00,1.9147529602050781,1.9208966493606567,1.9107072353363037,1.9107072353363037
2026-01-24 16:00:00+00:00,1.9106934070587158,1.9177443981170654,1.909602165222168,1.913746953010559
2026-01-24 20:00:00+00:00,1.9137614965438843,1.9196276664733887,1.9124014377593994,1.9131205081939697
2026-01-25 00:00:00+00:00,1.9129233360290527,1.9135817289352417,1.8963261842727661,1.8978497982025146
2026-01-25 04:00:00+00:00,1.89804208278656,1.900476098060608,1.8924620151519775,1.8925222158432007
2026-01-25 08:00:00+00:00,1.8925230503082275,1.9076908826828003,1.8862227201461792,1.8994617462158203
2026-01-25 12:00:00+00:00,1.8994871377944946,1.8996105194091797,1.8840038776397705,1.8848190307617188
2026-01-25 16:00:00+00:00,1.8849269151687622,1.8849269151687622,1.8145073652267456,1.8157182931900024
2026-01-25 20:00:00+00:00,1.8158800601959229,1.8378669023513794,1.8138712644577026,1.832876443862915
2026-01-26 00:00:00+00:00,1.833092451095581,1.8846149444580078,1.833092451095581,1.8643827438354492
2026-01-26 04:00:00+00:00,1.8645529747009277,1.8883761167526245,1.8645529747009277,1.8804082870483398
2026-01-26 08:00:00+00:00,1.880380630493164,1.8919702768325806,1.876102089881897,1.8893529176712036
2026-01-26 12:00:00+00:00,1.8893179893493652,1.937290072441101,1.8893179893493652,1.9230283498764038
2026-01-26 16:00:00+00:00,1.923201560974121,1.9290452003479004,1.899433970451355,1.9052891731262207
2026-01-26 20:00:00+00:00,1.90529465675354,1.9093550443649292,1.8888565301895142,1.9034881591796875
2026-01-27 00:00:00+00:00,1.9027851819992065,1.9133483171463013,1.8971168994903564,1.9071154594421387
2026-01-27 04:00:00+00:00,1.9069994688034058,1.9129366874694824,1.8935644626617432,1.8955886363983154
2026-01-27 08:00:00+00:00,1.8958771228790283,1.899318814277649,1.880846619606018,1.8879141807556152
2026-01-27 12:00:00+00:00,1.8878390789031982,1.891090989112854,1.8740235567092896,1.890158772468567
2026-01-27 16:00:00+00:00,1.8900864124298096,1.9108142852783203,1.8773258924484253,1.9042202234268188
2026-01-27 20:00:00+00:00,1.904225468635559,1.9253569841384888,1.9041974544525146,1.9139281511306763
2026-01-28 00:00:00+00:00,1.9139842987060547,1.9147893190383911,1.893784523010254,1.899690866470337
2026-01-28 04:00:00+00:00,1.899577021598816,1.920968770980835,1.895670771598816,1.9130181074142456
2026-01-28 08:00:00+00:00,1.9130048751831055,1.9366083145141602,1.905479907989502,1.9365215301513672
2026-01-28 12:00:00+00:00,1.9367952346801758,1.9379206895828247,1.9033452272415161,1.9061260223388672
2026-01-28 16:00:00+00:00,1.9056555032730103,1.9211177825927734,1.9020601511001587,1.9187768697738647
2026-01-28 20:00:00+00:00,1.9175095558166504,1.9257956743240356,1.9070146083831787,1.9087555408477783
2026-01-29 00:00:00+00:00,1.90850830078125,1.9085936546325684,1.8697670698165894,1.8741459846496582
2026-01-29 04:00:00+00:00,1.8739659786224365,1.8858141899108887,1.865218162536621,1.884255290031433
2026-01-29 08:00:00+00:00,1.8838707208633423,1.8838707208633423,1.8658665418624878,1.868255853652954
2026-01-29 12:00:00+00:00,1.8683868646621704,1.8741495609283447,1.7899432182312012,1.8021855354309082
2026-01-29 16:00:00+00:00,1.8019800186157227,1.838402509689331,1.7774858474731445,1.788071870803833
2026-01-29 20:00:00+00:00,1.7878832817077637,1.8092565536499023,1.7847282886505127,1.8050880432128906
2026-01-30 00:00:00+00:00,1.805070400238037,1.8093211650848389,1.7285135984420776,1.7459626197814941
2026-01-30 04:00:00+00:00,1.7456876039505005,1.7658498287200928,1.7350913286209106,1.7564926147460938
2026-01-30 08:00:00+00:00,1.7565969228744507,1.7652840614318848,1.7357306480407715,1.7652509212493896
2026-01-30 12:00:00+00:00,1.7669299840927124,1.7731740474700928,1.7444616556167603,1.7579612731933594
2026-01-30 16:00:00+00:00,1.7581865787506104,1.7801086902618408,1.7135812044143677,1.7734512090682983
2026-01-30 20:00:00+00:00,1.7727950811386108,1.7727950811386108,1.717248797416687,1.7324262857437134
2026-01-31 00:00:00+00:00,1.7323875427246094,1.7491734027862549,1.7323875427246094,1.741442322731018
2026-01-31 04:00:00+00:00,1.741447925567627,1.7451528310775757,1.714443325996399,1.716630220413208
2026-01-31 08:00:00+00:00,1.7165043354034424,1.7178587913513184,1.683404564857483,1.6985927820205688
2026-01-31 12:00:00+00:00,1.6986440420150757,1.6986846923828125,1.6178232431411743,1.6371183395385742
2026-01-31 16:00:00+00:00,1.6370394229888916,1.6444721221923828,1.547796607017517,1.5859955549240112
2026-01-31 20:00:00+00:00,1.5851058959960938,1.648787021636963,1.5738029479980469,1.6454658508300781
2026-02-01 00:00:00+00:00,1.64584219455719,1.6732221841812134,1.6447935104370117,1.6649196147918701
2026-02-01 04:00:00+00:00,1.664922833442688,1.671052098274231,1.6481446027755737,1.660412311553955
2026-02-01 08:00:00+00:00,1.6604382991790771,1.6725119352340698,1.6329307556152344,1.647800326347351
2026-02-01 12:00:00+00:00,1.6476967334747314,1.6480008363723755,1.5789932012557983,1.593045949935913
2026-02-01 16:00:00+00:00,1.5926434993743896,1.6208157539367676,1.5858545303344727,1.5934537649154663
2026-02-01 20:00:00+00:00,1.5945109128952026,1.6077420711517334,1.5614824295043945,1.5913969278335571
2026-02-02 00:00:00+00:00,1.5911020040512085,1.6127574443817139,1.532645583152771,1.5790373086929321
2026-02-02 04:00:00+00:00,1.5788756608963013,1.5929807424545288,1.5350656509399414,1.5816658735275269
2026-02-02 08:00:00+00:00,1.5812668800354004,1.6239593029022217,1.5799691677093506,1.6217769384384155
2026-02-02 12:00:00+00:00,1.6212334632873535,1.6473171710968018,1.6212334632873535,1.63937246799469
2026-02-02 16:00:00+00:00,1.6393996477127075,1.6529382467269897,1.6261811256408691,1.6271121501922607
2026-02-02 20:00:00+00:00,1.6264089345932007,1.630308747291565,1.6141383647918701,1.6205580234527588
2026-02-03 00:00:00+00:00,1.6203672885894775,1.6203672885894775,1.590274691581726,1.6112693548202515
2026-02-03 04:00:00+00:00,1.6110386848449707,1.6226122379302979,1.5998395681381226,1.6163331270217896
2026-02-03 08:00:00+00:00,1.6161314249038696,1.622902274131775,1.5959827899932861,1.604134202003479
2026-02-03 12:00:00+00:00,1.6039626598358154,1.6148138046264648,1.5813013315200806,1.6148138046264648
2026-02-03 16:00:00+00:00,1.614769697189331,1.6161860227584839,1.5295486450195312,1.5796788930892944
2026-02-03 20:00:00+00:00,1.5798488855361938,1.6253817081451416,1.5663888454437256,1.5742262601852417
2026-02-04 00:00:00+00:00,1.5753333568572998,1.6012707948684692,1.5681811571121216,1.597963571548462
2026-02-04 04:00:00+00:00,1.5978456735610962,1.6049602031707764,1.583740234375,1.6026562452316284
2026-02-04 08:00:00+00:00,1.6027696132659912,1.6087294816970825,1.579511284828186,1.59108567237854
2026-02-04 12:00:00+00:00,1.5908865928649902,1.5946816205978394,1.5371531248092651,1.5404715538024902
2026-02-04 16:00:00+00:00,1.540614366531372,1.5513468980789185,1.504805326461792,1.5513468980789185
2026-02-04 20:00:00+00:00,1.551104187965393,1.551104187965393,1.497360110282898,1.5104670524597168
2026-02-05 00:00:00+00:00,1.509689211845398,1.509689211845398,1.4402154684066772,1.4402154684066772
2026-02-05 04:00:00+00:00,1.440464735031128,1.453655481338501,1.418741226196289,1.432187557220459
2026-02-05 08:00:00+00:00,1.4318913221359253,1.4378503561019897,1.345375418663025,1.359787106513977
2026-02-05 12:00:00+00:00,1.3603402376174927,1.3773925304412842,1.277177333831787,1.2934486865997314
2026-02-05 16:00:00+00:00,1.293891429901123,1.2992535829544067,1.211065649986267,1.211065649986267
2026-02-05 20:00:00+00:00,1.2112812995910645,1.2566379308700562,1.150820255279541,1.2135064601898193
2026-02-06 00:00:00+00:00,1.2126734256744385,1.2855572700500488,1.1339051723480225,1.2656742334365845
2026-02-06 04:00:00+00:00,1.2664045095443726,1.3292597532272339,1.2651344537734985,1.292525053024292
2026-02-06 08:00:00+00:00,1.292383074760437,1.3780711889266968,1.2878021001815796,1.3667813539505005
2026-02-06 12:00:00+00:00,1.366963505744934,1.5387649536132812,1.3600026369094849,1.5165804624557495
2026-02-06 16:00:00+00:00,1.5166348218917847,1.5263292789459229,1.44144606590271,1.4558560848236084
2026-02-06 20:00:00+00:00,1.4558660984039307,1.4917380809783936,1.4454448223114014,1.4714220762252808
2026-02-07 00:00:00+00:00,1.471075177192688,1.482306957244873,1.438488483428955,1.4715769290924072
2026-02-07 04:00:00+00:00,1.472033977508545,1.480883240699768,1.4123256206512451,1.4136364459991455
2026-02-07 08:00:00+00:00,1.413491129875183,1.4263923168182373,1.3880728483200073,1.390254020690918
2026-02-07 12:00:00+00:00,1.390293002128601,1.4282318353652954,1.390293002128601,1.4074933528900146
2026-02-07 16:00:00+00:00,1.407597541809082,1.4444496631622314,1.407597541809082,1.4292885065078735
2026-02-07 20:00:00+00:00,1.4298285245895386,1.4382719993591309,1.4168871641159058,1.4242016077041626
2026-02-08 00:00:00+00:00,1.424073576927185,1.4377069473266602,1.4146003723144531,1.4149391651153564
2026-02-08 04:00:00+00:00,1.415342092514038,1.423810362815857,1.4138810634613037,1.4183636903762817
2026-02-08 08:00:00+00:00,1.4184352159500122,1.4538460969924927,1.4184352159500122,1.4482128620147705
2026-02-08 12:00:00+00:00,1.4490485191345215,1.4655253887176514,1.4350883960723877,1.4378275871276855
2026-02-08 16:00:00+00:00,1.4378161430358887,1.448845386505127,1.4145227670669556,1.4485929012298584
2026-02-08 20:00:00+00:00,1.4485689401626587,1.455726981163025,1.426199197769165,1.4321683645248413
2026-02-09 00:00:00+00:00,1.4320319890975952,1.4514394998550415,1.4217383861541748,1.450717568397522
2026-02-09 04:00:00+00:00,1.451049566268921,1.451049566268921,1.4237048625946045,1.4249430894851685
2026-02-09 08:00:00+00:00,1.4247934818267822,1.4274566173553467,1.374929428100586,1.390435814857483
2026-02-09 12:00:00+00:00,1.3920011520385742,1.4456440210342407,1.3920011520385742,1.4430861473083496
2026-02-09 16:00:00+00:00,1.4431252479553223,1.4568625688552856,1.4357140064239502,1.4519202709197998
2026-02-09 20:00:00+00:00,1.451793909072876,1.4553784132003784,1.436126947402954,1.436126947402954
2026-02-10 00:00:00+00:00,1.4361388683319092,1.4494024515151978,1.4314219951629639,1.433805227279663
2026-02-10 04:00:00+00:00,1.433676838874817,1.4483935832977295,1.4165316820144653,1.4222654104232788
2026-02-10 08:00:00+00:00,1.4220623970031738,1.4336328506469727,1.4071224927902222,1.4071224927902222
2026-02-10 12:00:00+00:00,1.4072766304016113,1.4196778535842896,1.396142601966858,1.4067962169647217
2026-02-10 16:00:00+00:00,1.4068042039871216,1.4265632629394531,1.3971856832504272,1.4010632038116455
2026-02-10 20:00:00+00:00,1.4011949300765991,1.4023373126983643,1.3933590650558472,1.3994907140731812
2026-02-11 00:00:00+00:00,1.3993921279907227,1.4188319444656372,1.3979551792144775,1.4050899744033813
2026-02-11 04:00:00+00:00,1.4050250053405762,1.4072904586791992,1.3584166765213013,1.3685781955718994
2026-02-11 08:00:00+00:00,1.3674439191818237,1.3776299953460693,1.3577818870544434,1.3776299953460693
2026-02-11 12:00:00+00:00,1.3776650428771973,1.401612401008606,1.349302887916565,1.3555662631988525
2026-02-11 16:00:00+00:00,1.3551667928695679,1.3823655843734741,1.3451216220855713,1.3786265850067139
2026-02-11 20:00:00+00:00,1.37848699092865,1.3938997983932495,1.3605642318725586,1.368018627166748
2026-02-12 00:00:00+00:00,1.3681743144989014,1.3838086128234863,1.3681743144989014,1.3755724430084229
2026-02-12 04:00:00+00:00,1.3755801916122437,1.3853060007095337,1.3725632429122925,1.3804881572723389
2026-02-12 08:00:00+00:00,1.3805819749832153,1.4037067890167236,1.3778209686279297,1.4014724493026733
2026-02-12 12:00:00+00:00,1.401617407798767,1.401617407798767,1.3774068355560303,1.3775073289871216
2026-02-12 16:00:00+00:00,1.3764538764953613,1.3764538764953613,1.3490123748779297,1.3653182983398438
2026-02-12 20:00:00+00:00,1.364863395690918,1.3664482831954956,1.3493845462799072,1.3620609045028687
2026-02-13 00:00:00+00:00,1.3619717359542847,1.3688663244247437,1.349819540977478,1.3624885082244873
2026-02-13 04:00:00+00:00,1.3625234365463257,1.365634799003601,1.3489727973937988,1.3522394895553589
2026-02-13 08:00:00+00:00,1.3524173498153687,1.369297742843628,1.3524173498153687,1.3672358989715576
2026-02-13 12:00:00+00:00,1.3667702674865723,1.4160302877426147,1.3599594831466675,1.4034538269042969
2026-02-13 16:00:00+00:00,1.4032098054885864,1.4239752292633057,1.4021241664886475,1.4125717878341675
2026-02-13 20:00:00+00:00,1.4114826917648315,1.4146218299865723,1.399069905281067,1.4074562788009644
2026-02-14 00:00:00+00:00,1.406640648841858,1.416202425956726,1.4059921503067017,1.415810227394104
2026-02-14 04:00:00+00:00,1.4156789779663086,1.4218109846115112,1.4086964130401611,1.4217402935028076
2026-02-14 08:00:00+00:00,1.4217239618301392,1.4692167043685913,1.4217239618301392,1.4692167043685913
2026-02-14 12:00:00+00:00,1.4702121019363403,1.4749072790145874,1.4544059038162231,1.4683823585510254
2026-02-14 16:00:00+00:00,1.468367576599121,1.4985504150390625,1.4596551656723022,1.4968265295028687
2026-02-14 20:00:00+00:00,1.4968674182891846,1.510892391204834,1.48985755443573,1.5100336074829102
2026-02-15 00:00:00+00:00,1.509116768836975,1.5413280725479126,1.5079691410064697,1.5278575420379639
2026-02-15 04:00:00+00:00,1.5273619890213013,1.639484167098999,1.5271025896072388,1.639484167098999
2026-02-15 08:00:00+00:00,1.6464694738388062,1.660913348197937,1.5604981184005737,1.5607738494873047
2026-02-15 12:00:00+00:00,1.5610259771347046,1.5621564388275146,1.5153127908706665,1.5239880084991455
2026-02-15 16:00:00+00:00,1.5225918292999268,1.5226681232452393,1.45088529586792,1.4539059400558472
2026-02-15 20:00:00+00:00,1.4537931680679321,1.4878474473953247,1.4479278326034546,1.4748482704162598
2026-02-16 00:00:00+00:00,1.4742604494094849,1.483896255493164,1.4553889036178589,1.4610146284103394
2026-02-16 04:00:00+00:00,1.4610252380371094,1.473911166191101,1.4505630731582642,1.46049964427948
2026-02-16 08:00:00+00:00,1.46052086353302,1.5084962844848633,1.46052086353302,1.4851125478744507
2026-02-16 12:00:00+00:00,1.485062599182129,1.5107674598693848,1.4656941890716553,1.474326491355896
2026-02-16 16:00:00+00:00,1.4744101762771606,1.4905436038970947,1.4728776216506958,1.4768685102462769
2026-02-16 20:00:00+00:00,1.476643681526184,1.4911150932312012,1.4703515768051147,1.4867472648620605
2026-02-17 00:00:00+00:00,1.4867929220199585,1.490170955657959,1.47640061378479,1.4840140342712402
2026-02-17 04:00:00+00:00,1.4839552640914917,1.486847162246704,1.4702426195144653,1.473953127861023
2026-02-17 08:00:00+00:00,1.4729485511779785,1.4750205278396606,1.45107901096344,1.4512779712677002
2026-02-17 12:00:00+00:00,1.4513683319091797,1.4601386785507202,1.430755376815796,1.4549731016159058
2026-02-17 16:00:00+00:00,1.4553422927856445,1.4910227060317993,1.4553422927856445,1.4846292734146118
2026-02-17 20:00:00+00:00,1.4846831560134888,1.4899510145187378,1.4719152450561523,1.4744268655776978
2026-02-18 00:00:00+00:00,1.4742094278335571,1.4813523292541504,1.4654669761657715,1.4805057048797607
2026-02-18 04:00:00+00:00,1.4802601337432861,1.4860777854919434,1.4758708477020264,1.486024260520935
2026-02-18 08:00:00+00:00,1.4857507944107056,1.4903185367584229,1.4677473306655884,1.4696353673934937
2026-02-18 12:00:00+00:00,1.4678306579589844,1.4866669178009033,1.4563344717025757,1.4778093099594116
2026-02-18 16:00:00+00:00,1.4769234657287598,1.4769399166107178,1.4222359657287598,1.4223309755325317
2026-02-18 20:00:00+00:00,1.4226528406143188,1.4293333292007446,1.412213921546936,1.4216320514678955
2026-02-19 00:00:00+00:00,1.4216235876083374,1.4286659955978394,1.415799856185913,1.4286659955978394
2026-02-19 04:00:00+00:00,1.4286972284317017,1.4342141151428223,1.4075040817260742,1.431168794631958
2026-02-19 08:00:00+00:00,1.4312635660171509,1.4312760829925537,1.4077725410461426,1.4087706804275513
2026-02-19 12:00:00+00:00,1.4088715314865112,1.4119261503219604,1.388615369796753,1.3953485488891602
2026-02-19 16:00:00+00:00,1.3957552909851074,1.415830373764038,1.3855774402618408,1.4111063480377197
2026-02-19 20:00:00+00:00,1.4112284183502197,1.4119478464126587,1.39652419090271,1.4063804149627686
2026-02-20 00:00:00+00:00,1.4063302278518677,1.426194190979004,1.4059360027313232,1.4117999076843262
2026-02-20 04:00:00+00:00,1.4118164777755737,1.4218579530715942,1.403211236000061,1.4181983470916748
2026-02-20 08:00:00+00:00,1.4188827276229858,1.4264706373214722,1.4059498310089111,1.4070625305175781
2026-02-20 12:00:00+00:00,1.4056949615478516,1.426861047744751,1.3807631731033325,1.426861047744751
2026-02-20 16:00:00+00:00,1.4282399415969849,1.4345979690551758,1.4100555181503296,1.4235862493515015
2026-02-20 20:00:00+00:00,1.4232250452041626,1.429572582244873,1.4169632196426392,1.4294109344482422
2026-02-21 00:00:00+00:00,1.4293200969696045,1.432719349861145,1.420483112335205,1.4245721101760864
2026-02-21 04:00:00+00:00,1.4246376752853394,1.4340877532958984,1.4246376752853394,1.4311496019363403
2026-02-21 08:00:00+00:00,1.430837869644165,1.444023609161377,1.4280091524124146,1.4432392120361328
2026-02-21 12:00:00+00:00,1.4433027505874634,1.460539698600769,1.4364937543869019,1.4513574838638306
2026-02-21 16:00:00+00:00,1.451014518737793,1.451014518737793,1.4374579191207886,1.443414330482483
2026-02-21 20:00:00+00:00,1.4432899951934814,1.4432899951934814,1.4311347007751465,1.4316507577896118
2026-02-22 00:00:00+00:00,1.4310189485549927,1.4327107667922974,1.420441746711731,1.4226933717727661
2026-02-22 04:00:00+00:00,1.4227635860443115,1.4247846603393555,1.4189109802246094,1.4210072755813599
2026-02-22 08:00:00+00:00,1.4210530519485474,1.424324870109558,1.4180244207382202,1.423230528831482
2026-02-22 12:00:00+00:00,1.4232441186904907,1.4232441186904907,1.3887373208999634,1.3940820693969727
2026-02-22 16:00:00+00:00,1.3940569162368774,1.3940569162368774,1.3850129842758179,1.3865883350372314
2026-02-22 20:00:00+00:00,1.386522889137268,1.4000732898712158,1.3815007209777832,1.393072247505188
2026-02-23 00:00:00+00:00,1.392877221107483,1.3929052352905273,1.3345296382904053,1.3422514200210571
2026-02-23 04:00:00+00:00,1.3421376943588257,1.3763697147369385,1.3369799852371216,1.3724212646484375
2026-02-23 08:00:00+00:00,1.3723713159561157,1.4039759635925293,1.362862467765808,1.3961273431777954
2026-02-23 12:00:00+00:00,1.3964884281158447,1.4194960594177246,1.3713836669921875,1.3716875314712524
2026-02-23 16:00:00+00:00,1.3705337047576904,1.3771090507507324,1.3549703359603882,1.3588203191757202
2026-02-23 20:00:00+00:00,1.3575892448425293,1.3656638860702515,1.3516417741775513,1.3516417741775513
2026-02-24 00:00:00+00:00,1.351775050163269,1.358441948890686,1.3302961587905884,1.33203125
2026-02-24 04:00:00+00:00,1.3320403099060059,1.3402800559997559,1.3234518766403198,1.3250486850738525
2026-02-24 08:00:00+00:00,1.3251616954803467,1.3346728086471558,1.3234766721725464,1.3330591917037964
2026-02-24 12:00:00+00:00,1.3333603143692017,1.351409673690796,1.3181513547897339,1.349292516708374
2026-02-24 16:00:00+00:00,1.3495912551879883,1.3643162250518799,1.347955584526062,1.3560097217559814
2026-02-24 20:00:00+00:00,1.35595703125,1.3618494272232056,1.3440523147583008,1.3488953113555908
2026-02-25 00:00:00+00:00,1.3487329483032227,1.3908976316452026,1.343224048614502,1.3698521852493286
2026-02-25 04:00:00+00:00,1.369638204574585,1.3737049102783203,1.3555268049240112,1.3654922246932983
2026-02-25 08:00:00+00:00,1.365456461906433,1.3829058408737183,1.3644026517868042,1.3827677965164185
2026-02-25 12:00:00+00:00,1.3833582401275635,1.4424668550491333,1.3823654651641846,1.4396158456802368
2026-02-25 16:00:00+00:00,1.4415130615234375,1.4746174812316895,1.4396573305130005,1.4641261100769043
2026-02-25 20:00:00+00:00,1.4644217491149902,1.485640525817871,1.4230479001998901,1.4336693286895752
2026-02-26 00:00:00+00:00,1.4338188171386719,1.444758653640747,1.4218543767929077,1.4433377981185913
2026-02-26 04:00:00+00:00,1.4431366920471191,1.4650427103042603,1.4327465295791626,1.4342806339263916
2026-02-26 08:00:00+00:00,1.4342443943023682,1.4548543691635132,1.4342443943023682,1.4361085891723633
2026-02-26 12:00:00+00:00,1.4362322092056274,1.4441618919372559,1.4139612913131714,1.4202053546905518
2026-02-26 16:00:00+00:00,1.4202015399932861,1.4211013317108154,1.385305643081665,1.4075366258621216
2026-02-26 20:00:00+00:00,1.4071160554885864,1.411091923713684,1.390604019165039,1.4019964933395386
2026-02-27 00:00:00+00:00,1.402087688446045,1.411812663078308,1.396593689918518,1.40775465965271
2026-02-27 04:00:00+00:00,1.4077423810958862,1.4181030988693237,1.4055126905441284,1.4156880378723145
2026-02-27 08:00:00+00:00,1.415820598602295,1.424272060394287,1.3820849657058716,1.3825749158859253
2026-02-27 12:00:00+00:00,1.382598638534546,1.384121298789978,1.3557039499282837,1.356374740600586
2026-02-27 16:00:00+00:00,1.3571414947509766,1.3628522157669067,1.3409700393676758,1.3510464429855347
2026-02-27 20:00:00+00:00,1.3509788513183594,1.3560311794281006,1.345264196395874,1.3559107780456543
2026-02-28 00:00:00+00:00,1.3559045791625977,1.3638314008712769,1.3547072410583496,1.3547072410583496
2026-02-28 04:00:00+00:00,1.3548963069915771,1.3563976287841797,1.2978041172027588,1.3052829504013062
2026-02-28 08:00:00+00:00,1.3053524494171143,1.3053524494171143,1.273024559020996,1.2946703433990479
2026-02-28 12:00:00+00:00,1.294710636138916,1.3401471376419067,1.2942320108413696,1.3247379064559937
2026-02-28 16:00:00+00:00,1.3247562646865845,1.356419563293457,1.318285346031189,1.3540629148483276
2026-02-28 20:00:00+00:00,1.3543580770492554,1.3892567157745361,1.3532894849777222,1.3772294521331787
2026-03-01 00:00:00+00:00,1.3780606985092163,1.4320183992385864,1.3683409690856934,1.4172755479812622
2026-03-01 04:00:00+00:00,1.4179872274398804,1.419984221458435,1.391574501991272,1.3985962867736816
2026-03-01 08:00:00+00:00,1.3984886407852173,1.3987979888916016,1.3713306188583374,1.3769091367721558
2026-03-01 12:00:00+00:00,1.3769278526306152,1.3971959352493286,1.3643873929977417,1.3823453187942505
2026-03-01 16:00:00+00:00,1.3820104598999023,1.3848779201507568,1.356799840927124,1.3573887348175049
2026-03-01 20:00:00+00:00,1.3574485778808594,1.3622150421142578,1.3391995429992676,1.3517242670059204
2026-03-02 00:00:00+00:00,1.3517593145370483,1.3766998052597046,1.3517593145370483,1.3744089603424072
2026-03-02 04:00:00+00:00,1.3744027614593506,1.3744027614593506,1.3394641876220703,1.3474280834197998
2026-03-02 08:00:00+00:00,1.3473355770111084,1.3590408563613892,1.340893030166626,1.351741075515747
2026-03-02 12:00:00+00:00,1.3517370223999023,1.411817193031311,1.3373202085494995,1.3986111879348755
2026-03-02 16:00:00+00:00,1.399174690246582,1.4164551496505737,1.3855080604553223,1.4008533954620361
2026-03-02 20:00:00+00:00,1.4009507894515991,1.4049783945083618,1.389617681503296,1.391001582145691
2026-03-03 00:00:00+00:00,1.3909422159194946,1.3937054872512817,1.3685455322265625,1.3735332489013672
2026-03-03 04:00:00+00:00,1.3735697269439697,1.3751009702682495,1.3590484857559204,1.3626314401626587
2026-03-03 08:00:00+00:00,1.3627349138259888,1.3663796186447144,1.3436596393585205,1.3528082370758057
2026-03-03 12:00:00+00:00,1.3528398275375366,1.3641290664672852,1.3425288200378418,1.3611656427383423
2026-03-03 16:00:00+00:00,1.3619812726974487,1.382216453552246,1.3568034172058105,1.3622405529022217
2026-03-03 20:00:00+00:00,1.3622541427612305,1.3661470413208008,1.3507064580917358,1.3605633974075317
2026-03-04 00:00:00+00:00,1.3605040311813354,1.367371678352356,1.3472803831100464,1.349150538444519
2026-03-04 04:00:00+00:00,1.3518402576446533,1.373091697692871,1.347078800201416,1.373091697692871
2026-03-04 08:00:00+00:00,1.3734586238861084,1.4211207628250122,1.3703618049621582,1.3992818593978882
2026-03-04 12:00:00+00:00,1.3993215560913086,1.4580605030059814,1.3857179880142212,1.4580605030059814
2026-03-04 16:00:00+00:00,1.4593507051467896,1.4689202308654785,1.4382736682891846,1.4606196880340576
2026-03-04 20:00:00+00:00,1.4603064060211182,1.4641779661178589,1.4205491542816162,1.430206537246704
2026-03-05 00:00:00+00:00,1.4312679767608643,1.4324743747711182,1.41755211353302,1.420163631439209
2026-03-05 04:00:00+00:00,1.4200758934020996,1.4292879104614258,1.4099806547164917,1.4116835594177246
2026-03-05 08:00:00+00:00,1.4120501279830933,1.450740933418274,1.4110374450683594,1.437001347541809
2026-03-05 12:00:00+00:00,1.4369902610778809,1.4412835836410522,1.4127784967422485,1.41378653049469
2026-03-05 16:00:00+00:00,1.4145411252975464,1.420234203338623,1.3991196155548096,1.412149429321289
2026-03-05 20:00:00+00:00,1.4119607210159302,1.4182512760162354,1.4029196500778198,1.4030816555023193
2026-03-06 00:00:00+00:00,1.4032323360443115,1.4128519296646118,1.400917410850525,1.4046623706817627
2026-03-06 04:00:00+00:00,1.4049139022827148,1.4075250625610352,1.393773078918457,1.4075204133987427
2026-03-06 08:00:00+00:00,1.4074406623840332,1.4074548482894897,1.3934310674667358,1.3945989608764648
2026-03-06 12:00:00+00:00,1.3947471380233765,1.3950111865997314,1.3546833992004395,1.3570724725723267
2026-03-06 16:00:00+00:00,1.3569507598876953,1.3646128177642822,1.347127914428711,1.3633465766906738
2026-03-06 20:00:00+00:00,1.3634663820266724,1.3706200122833252,1.3559857606887817,1.3635761737823486
2026-03-07 00:00:00+00:00,1.3635541200637817,1.3727993965148926,1.3633111715316772,1.3668688535690308
2026-03-07 04:00:00+00:00,1.3668817281723022,1.3677332401275635,1.362869143486023,1.3669005632400513
2026-03-07 08:00:00+00:00,1.3670313358306885,1.3722872734069824,1.3642783164978027,1.3707653284072876
2026-03-07 12:00:00+00:00,1.3702950477600098,1.3702950477600098,1.3561738729476929,1.357210397720337
2026-03-07 16:00:00+00:00,1.357205867767334,1.3640687465667725,1.3501957654953003,1.3501957654953003
2026-03-07 20:00:00+00:00,1.350256323814392,1.3581947088241577,1.350256323814392,1.3564250469207764
2026-03-08 00:00:00+00:00,1.3564221858978271,1.3595409393310547,1.3464057445526123,1.349755048751831
2026-03-08 04:00:00+00:00,1.3497523069381714,1.361298680305481,1.3437368869781494,1.3601112365722656
2026-03-08 08:00:00+00:00,1.3601754903793335,1.3705718517303467,1.3562899827957153,1.35842764377594
2026-03-08 12:00:00+00:00,1.3583189249038696,1.3583632707595825,1.3441052436828613,1.3458943367004395
2026-03-08 16:00:00+00:00,1.3458244800567627,1.358809232711792,1.3397425413131714,1.3549799919128418
2026-03-08 20:00:00+00:00,1.3550655841827393,1.3595489263534546,1.329154372215271,1.3416247367858887
2026-03-09 00:00:00+00:00,1.3413695096969604,1.3619624376296997,1.339672327041626,1.3502448797225952
2026-03-09 04:00:00+00:00,1.3504204750061035,1.3565822839736938,1.336930751800537,1.340349555015564
2026-03-09 08:00:00+00:00,1.3406063318252563,1.3613557815551758,1.3405946493148804,1.350929617881775
2026-03-09 12:00:00+00:00,1.3506667613983154,1.3714511394500732,1.3503661155700684,1.361975908279419
2026-03-09 16:00:00+00:00,1.360548734664917,1.3814165592193604,1.3577332496643066,1.371565818786621
2026-03-09 20:00:00+00:00,1.3718750476837158,1.3763959407806396,1.3615427017211914,1.3618422746658325
2026-03-10 00:00:00+00:00,1.3621118068695068,1.3902349472045898,1.3620145320892334,1.3763138055801392
2026-03-10 04:00:00+00:00,1.3755912780761719,1.3884202241897583,1.3751908540725708,1.3860191106796265
2026-03-10 08:00:00+00:00,1.3863593339920044,1.4181183576583862,1.3863593339920044,1.3916553258895874
2026-03-10 12:00:00+00:00,1.391666054725647,1.4376626014709473,1.384659767150879,1.4274895191192627
2026-03-10 16:00:00+00:00,1.4305572509765625,1.4344559907913208,1.3818410634994507,1.3822673559188843
2026-03-10 20:00:00+00:00,1.382962942123413,1.394145131111145,1.3810195922851562,1.386428952217102
2026-03-11 00:00:00+00:00,1.3864266872406006,1.3902158737182617,1.3793386220932007,1.3795832395553589
2026-03-11 04:00:00+00:00,1.3789957761764526,1.3895267248153687,1.3756693601608276,1.379138708114624
2026-03-11 08:00:00+00:00,1.3790608644485474,1.3799771070480347,1.373790979385376,1.373790979385376
2026-03-11 12:00:00+00:00,1.3738529682159424,1.406960368156433,1.3718860149383545,1.3834033012390137
2026-03-11 16:00:00+00:00,1.383264183998108,1.4046275615692139,1.3826240301132202,1.389923095703125
2026-03-11 20:00:00+00:00,1.3899507522583008,1.3937915563583374,1.3846797943115234,1.3848804235458374
2026-03-12 00:00:00+00:00,1.3849364519119263,1.3850375413894653,1.372200608253479,1.374000906944275
2026-03-12 04:00:00+00:00,1.3740341663360596,1.3775657415390015,1.3679251670837402,1.3764564990997314
2026-03-12 08:00:00+00:00,1.3764580488204956,1.3922311067581177,1.3753166198730469,1.3882551193237305
2026-03-12 12:00:00+00:00,1.3884620666503906,1.3919841051101685,1.3690032958984375,1.3799846172332764
2026-03-12 16:00:00+00:00,1.380109429359436,1.3842231035232544,1.371182918548584,1.3799817562103271
2026-03-12 20:00:00+00:00,1.3797638416290283,1.3881757259368896,1.3725547790527344,1.3846381902694702
2026-03-13 00:00:00+00:00,1.3846837282180786,1.419630765914917,1.3846428394317627,1.4120070934295654
2026-03-13 04:00:00+00:00,1.412007451057434,1.424283504486084,1.4083342552185059,1.4144728183746338
2026-03-13 08:00:00+00:00,1.4144285917282104,1.4372193813323975,1.4144285917282104,1.4209755659103394
2026-03-13 12:00:00+00:00,1.4209799766540527,1.4495635032653809,1.4091441631317139,1.4091441631317139
2026-03-13 16:00:00+00:00,1.4093351364135742,1.4137637615203857,1.392324447631836,1.4015480279922485
2026-03-13 20:00:00+00:00,1.4014735221862793,1.405193567276001,1.391457438468933,1.3989084959030151
2026-03-14 00:00:00+00:00,1.3989574909210205,1.4025369882583618,1.3938300609588623,1.4008588790893555
2026-03-14 04:00:00+00:00,1.4008651971817017,1.4032089710235596,1.3878846168518066,1.3945873975753784
2026-03-14 08:00:00+00:00,1.3945097923278809,1.3967880010604858,1.3890587091445923,1.392372488975525
2026-03-14 12:00:00+00:00,1.392409324645996,1.394405722618103,1.3893852233886719,1.3906642198562622
2026-03-14 16:00:00+00:00,1.3906443119049072,1.3935381174087524,1.388782262802124,1.3906519412994385
2026-03-14 20:00:00+00:00,1.3906195163726807,1.4074339866638184,1.3897192478179932,1.4072681665420532
2026-03-15 00:00:00+00:00,1.4070392847061157,1.4190714359283447,1.4035066366195679,1.4132611751556396
2026-03-15 04:00:00+00:00,1.41329824924469,1.4191027879714966,1.4072998762130737,1.4076213836669922
2026-03-15 08:00:00+00:00,1.4076718091964722,1.4196490049362183,1.4076718091964722,1.4195560216903687
2026-03-15 12:00:00+00:00,1.4195393323898315,1.428244948387146,1.4148448705673218,1.416906714439392
2026-03-15 16:00:00+00:00,1.4169429540634155,1.420946717262268,1.411089539527893,1.4129483699798584
2026-03-15 20:00:00+00:00,1.4128847122192383,1.4589976072311401,1.411500096321106,1.447568416595459
2026-03-16 00:00:00+00:00,1.44777512550354,1.4746640920639038,1.4370747804641724,1.4679521322250366
2026-03-16 04:00:00+00:00,1.467861294746399,1.4858179092407227,1.467861294746399,1.4844497442245483
2026-03-16 08:00:00+00:00,1.4841045141220093,1.4878398180007935,1.4671574831008911,1.4704899787902832
2026-03-16 12:00:00+00:00,1.470406174659729,1.5118954181671143,1.4702463150024414,1.4947237968444824
2026-03-16 16:00:00+00:00,1.4947504997253418,1.5413215160369873,1.4936693906784058,1.5228872299194336
2026-03-16 20:00:00+00:00,1.5256726741790771,1.5501272678375244,1.5250368118286133,1.5435667037963867
2026-03-17 00:00:00+00:00,1.5435404777526855,1.6006819009780884,1.5373046398162842,1.541309118270874
2026-03-17 04:00:00+00:00,1.543579339981079,1.5498771667480469,1.5085633993148804,1.5311883687973022
2026-03-17 08:00:00+00:00,1.5311245918273926,1.5320863723754883,1.5051593780517578,1.5106748342514038
2026-03-17 12:00:00+00:00,1.5106521844863892,1.5182071924209595,1.498788833618164,1.5132406949996948
2026-03-17 16:00:00+00:00,1.5135385990142822,1.5385569334030151,1.5135385990142822,1.5321271419525146
2026-03-17 20:00:00+00:00,1.5329105854034424,1.5347141027450562,1.5185133218765259,1.5186004638671875
2026-03-18 00:00:00+00:00,1.5185298919677734,1.537840723991394,1.510838270187378,1.5368962287902832
2026-03-18 04:00:00+00:00,1.5371841192245483,1.5391789674758911,1.5165019035339355,1.5194952487945557
2026-03-18 08:00:00+00:00,1.5194867849349976,1.5262447595596313,1.486992359161377,1.4893206357955933
2026-03-18 12:00:00+00:00,1.4895988702774048,1.4895988702774048,1.4426907300949097,1.4433014392852783
2026-03-18 16:00:00+00:00,1.4429831504821777,1.465471625328064,1.4392313957214355,1.4538896083831787
2026-03-18 20:00:00+00:00,1.4527651071548462,1.470086932182312,1.4450405836105347,1.4638537168502808
2026-03-19 00:00:00+00:00,1.4639368057250977,1.4750205278396606,1.4574317932128906,1.4740679264068604
2026-03-19 04:00:00+00:00,1.4740822315216064,1.474106788635254,1.4531551599502563,1.4620635509490967
2026-03-19 08:00:00+00:00,1.4619873762130737,1.4696019887924194,1.4537614583969116,1.458245873451233
2026-03-19 12:00:00+00:00,1.458241581916809,1.458241581916809,1.4280014038085938,1.4337292909622192
2026-03-19 16:00:00+00:00,1.4334650039672852,1.4518604278564453,1.4235100746154785,1.4454809427261353
2026-03-19 20:00:00+00:00,1.4454323053359985,1.4548081159591675,1.4444488286972046,1.4473192691802979
2026-03-20 00:00:00+00:00,1.447351336479187,1.4598228931427002,1.4464467763900757,1.4538114070892334
2026-03-20 04:00:00+00:00,1.4537297487258911,1.4589394330978394,1.446736454963684,1.454848051071167
2026-03-20 08:00:00+00:00,1.4547829627990723,1.4629367589950562,1.4442750215530396,1.446015477180481
2026-03-20 12:00:00+00:00,1.4463599920272827,1.4519762992858887,1.4302308559417725,1.4374855756759644
2026-03-20 16:00:00+00:00,1.4375499486923218,1.441206455230713,1.4272466897964478,1.4360830783843994
2026-03-20 20:00:00+00:00,1.4359506368637085,1.450146198272705,1.4298169612884521,1.4454470872879028
2026-03-21 00:00:00+00:00,1.4453779458999634,1.4480923414230347,1.4429649114608765,1.4463393688201904
2026-03-21 04:00:00+00:00,1.4463348388671875,1.4502652883529663,1.4446216821670532,1.4446216821670532
2026-03-21 08:00:00+00:00,1.4445157051086426,1.4451313018798828,1.4382163286209106,1.4424197673797607
2026-03-21 12:00:00+00:00,1.4423879384994507,1.445223331451416,1.4358742237091064,1.437904715538025
2026-03-21 16:00:00+00:00,1.4379216432571411,1.4412157535552979,1.4349911212921143,1.4376609325408936
2026-03-21 20:00:00+00:00,1.4376287460327148,1.4421972036361694,1.4060121774673462,1.4066853523254395
2026-03-22 00:00:00+00:00,1.4080945253372192,1.4241390228271484,1.4024814367294312,1.4185296297073364
2026-03-22 04:00:00+00:00,1.4184324741363525,1.4193260669708252,1.406091332435608,1.406091332435608
2026-03-22 08:00:00+00:00,1.4060183763504028,1.4060183763504028,1.3875048160552979,1.391641616821289
2026-03-22 12:00:00+00:00,1.3913708925247192,1.4050706624984741,1.3913708925247192,1.3931314945220947
2026-03-22 16:00:00+00:00,1.3931819200515747,1.3955321311950684,1.382074236869812,1.3846611976623535
2026-03-22 20:00:00+00:00,1.384700059890747,1.392016887664795,1.3737082481384277,1.3848844766616821
2026-03-23 00:00:00+00:00,1.3848693370819092,1.390151858329773,1.3774601221084595,1.381017804145813
2026-03-23 04:00:00+00:00,1.3810184001922607,1.393082857131958,1.3643559217453003,1.3733959197998047
2026-03-23 08:00:00+00:00,1.3733309507369995,1.432565689086914,1.3635469675064087,1.411977767944336
2026-03-23 12:00:00+00:00,1.4118815660476685,1.4630796909332275,1.407175898551941,1.4342974424362183
2026-03-23 16:00:00+00:00,1.4340202808380127,1.4447532892227173,1.4289112091064453,1.4346870183944702
2026-03-23 20:00:00+00:00,1.434569001197815,1.438873052597046,1.4251339435577393,1.4318950176239014
2026-03-24 00:00:00+00:00,1.4318455457687378,1.4325809478759766,1.4093520641326904,1.4143178462982178
2026-03-24 04:00:00+00:00,1.4143446683883667,1.4276238679885864,1.4060091972351074,1.4276238679885864
2026-03-24 08:00:00+00:00,1.427688479423523,1.4296317100524902,1.4146310091018677,1.4215737581253052
2026-03-24 12:00:00+00:00,1.4217655658721924,1.4223346710205078,1.3975214958190918,1.4021801948547363
2026-03-24 16:00:00+00:00,1.4021140336990356,1.4026463031768799,1.3853763341903687,1.3885236978530884
2026-03-24 20:00:00+00:00,1.3884000778198242,1.4165308475494385,1.3865630626678467,1.4154236316680908
2026-03-25 00:00:00+00:00,1.415421485900879,1.422945499420166,1.4075473546981812,1.4136619567871094
2026-03-25 04:00:00+00:00,1.4134544134140015,1.4250802993774414,1.4114205837249756,1.4199873208999634
2026-03-25 08:00:00+00:00,1.4199188947677612,1.4348753690719604,1.4143381118774414,1.4277398586273193
2026-03-25 12:00:00+00:00,1.4278870820999146,1.4303816556930542,1.4033551216125488,1.4063541889190674
2026-03-25 16:00:00+00:00,1.4063795804977417,1.4185575246810913,1.4063795804977417,1.4095860719680786
2026-03-25 20:00:00+00:00,1.4099879264831543,1.4196175336837769,1.4099879264831543,1.4142379760742188
2026-03-26 00:00:00+00:00,1.4142545461654663,1.4149397611618042,1.3971648216247559,1.4008575677871704
2026-03-26 04:00:00+00:00,1.4008643627166748,1.4039067029953003,1.3820240497589111,1.3854560852050781
2026-03-26 08:00:00+00:00,1.385428547859192,1.385428547859192,1.3699852228164673,1.3720118999481201
2026-03-26 12:00:00+00:00,1.3719881772994995,1.3810774087905884,1.3571058511734009,1.3597913980484009
2026-03-26 16:00:00+00:00,1.3599021434783936,1.364708423614502,1.338477611541748,1.3491753339767456
2026-03-26 20:00:00+00:00,1.348440408706665,1.3683409690856934,1.3448264598846436,1.3600934743881226
2026-03-27 00:00:00+00:00,1.360153317451477,1.3706310987472534,1.3585121631622314,1.3638532161712646
2026-03-27 04:00:00+00:00,1.3638498783111572,1.3665679693222046,1.357107400894165,1.357690453529358
2026-03-27 08:00:00+00:00,1.357717752456665,1.3583474159240723,1.3332504034042358,1.3348591327667236
2026-03-27 12:00:00+00:00,1.334831953048706,1.3429136276245117,1.3273255825042725,1.3338927030563354
2026-03-27 16:00:00+00:00,1.3340262174606323,1.3356672525405884,1.3193426132202148,1.3250007629394531
2026-03-27 20:00:00+00:00,1.324928641319275,1.331174373626709,1.3206565380096436,1.3250154256820679
2026-03-28 00:00:00+00:00,1.3250367641448975,1.3276896476745605,1.3210265636444092,1.3263919353485107
2026-03-28 04:00:00+00:00,1.3264408111572266,1.3395578861236572,1.3258373737335205,1.3395578861236572
2026-03-28 08:00:00+00:00,1.3396037817001343,1.341970443725586,1.3357970714569092,1.3398576974868774
2026-03-28 12:00:00+00:00,1.3398200273513794,1.3543866872787476,1.3370627164840698,1.3518848419189453
2026-03-28 16:00:00+00:00,1.3524298667907715,1.3532406091690063,1.3431211709976196,1.3436359167099
2026-03-28 20:00:00+00:00,1.3436444997787476,1.346731424331665,1.331945776939392,1.3327994346618652
2026-03-29 00:00:00+00:00,1.3327820301055908,1.339359164237976,1.330474615097046,1.3379650115966797
2026-03-29 04:00:00+00:00,1.3380080461502075,1.3386359214782715,1.3302651643753052,1.3336201906204224
2026-03-29 08:00:00+00:00,1.3336162567138672,1.338201880455017,1.3314971923828125,1.3377799987792969
2026-03-29 12:00:00+00:00,1.337740182876587,1.337740182876587,1.3222496509552002,1.324945330619812
2026-03-29 16:00:00+00:00,1.3248825073242188,1.3274955749511719,1.3164514303207397,1.316658616065979
2026-03-29 20:00:00+00:00,1.3166807889938354,1.3282153606414795,1.302761197090149,1.327289342880249
2026-03-30 00:00:00+00:00,1.327332615852356,1.3526089191436768,1.3255665302276611,1.3513401746749878
2026-03-30 04:00:00+00:00,1.3512485027313232,1.3567923307418823,1.3485658168792725,1.3558357954025269
2026-03-30 08:00:00+00:00,1.3557807207107544,1.3635793924331665,1.3450634479522705,1.3492923974990845
2026-03-30 12:00:00+00:00,1.349313497543335,1.3537397384643555,1.3353608846664429,1.345562219619751
2026-03-30 16:00:00+00:00,1.3454697132110596,1.3454697132110596,1.3173032999038696,1.321580410003662
2026-03-30 20:00:00+00:00,1.3217644691467285,1.3318735361099243,1.3203099966049194,1.3225847482681274
2026-03-31 00:00:00+00:00,1.3226933479309082,1.342097282409668,1.3195616006851196,1.3257068395614624
2026-03-31 04:00:00+00:00,1.3256289958953857,1.3258477449417114,1.3157739639282227,1.3183906078338623
2026-03-31 08:00:00+00:00,1.3184782266616821,1.3211658000946045,1.3058888912200928,1.3132990598678589
2026-03-31 12:00:00+00:00,1.3134558200836182,1.334526538848877,1.31263267993927,1.3171528577804565
2026-03-31 16:00:00+00:00,1.316923975944519,1.344294786453247,1.3154277801513672,1.3408706188201904
2026-03-31 20:00:00+00:00,1.3413419723510742,1.34852135181427,1.3334755897521973,1.3402701616287231
2026-04-01 00:00:00+00:00,1.3402217626571655,1.3471728563308716,1.3319754600524902,1.3460127115249634
2026-04-01 04:00:00+00:00,1.3461271524429321,1.3647409677505493,1.3383769989013672,1.35702645778656
2026-04-01 08:00:00+00:00,1.3567452430725098,1.3572193384170532,1.349295735359192,1.3538947105407715
2026-04-01 12:00:00+00:00,1.3538999557495117,1.3566431999206543,1.3466659784317017,1.3566431999206543
2026-04-01 16:00:00+00:00,1.356637716293335,1.365980863571167,1.346936821937561,1.3496854305267334
2026-04-01 20:00:00+00:00,1.3497952222824097,1.3541349172592163,1.3442314863204956,1.3477647304534912
2026-04-02 00:00:00+00:00,1.3478065729141235,1.3555477857589722,1.3087999820709229,1.311760425567627
2026-04-02 04:00:00+00:00,1.3118796348571777,1.3172404766082764,1.307280421257019,1.316908359527588
2026-04-02 08:00:00+00:00,1.3168976306915283,1.3168976306915283,1.299476981163025,1.2995744943618774
2026-04-02 12:00:00+00:00,1.299683690071106,1.301720142364502,1.2818024158477783,1.298884630203247
2026-04-02 16:00:00+00:00,1.2991350889205933,1.3094990253448486,1.2959527969360352,1.3079452514648438
2026-04-02 20:00:00+00:00,1.3075237274169922,1.320174217224121,1.3056174516677856,1.3186914920806885
2026-04-03 00:00:00+00:00,1.318755865097046,1.3212472200393677,1.304077386856079,1.3200784921646118
2026-04-03 04:00:00+00:00,1.320369839668274,1.3242522478103638,1.315368413925171,1.318899393081665
2026-04-03 08:00:00+00:00,1.3189107179641724,1.3222674131393433,1.3112298250198364,1.3219610452651978
2026-04-03 12:00:00+00:00,1.3219397068023682,1.3288352489471436,1.3156638145446777,1.3189697265625
2026-04-03 16:00:00+00:00,1.3189400434494019,1.3246357440948486,1.3143746852874756,1.3178386688232422
2026-04-03 20:00:00+00:00,1.3178455829620361,1.3210465908050537,1.313942313194275,1.3179106712341309
2026-04-04 00:00:00+00:00,1.317934513092041,1.3185484409332275,1.313850998878479,1.3159310817718506
2026-04-04 04:00:00+00:00,1.3159301280975342,1.3198119401931763,1.3156342506408691,1.3159369230270386
2026-04-04 08:00:00+00:00,1.3159375190734863,1.316038727760315,1.3083709478378296,1.3113783597946167
2026-04-04 12:00:00+00:00,1.3114584684371948,1.315101981163025,1.308543086051941,1.312593698501587
2026-04-04 16:00:00+00:00,1.3126319646835327,1.3200937509536743,1.3113282918930054,1.31815505027771
2026-04-04 20:00:00+00:00,1.3178960084915161,1.3180772066116333,1.3140978813171387,1.3155704736709595
2026-04-05 00:00:00+00:00,1.315353274345398,1.3170567750930786,1.3120688199996948,1.314190149307251
2026-04-05 04:00:00+00:00,1.3141083717346191,1.3147200345993042,1.2972986698150635,1.2977503538131714
2026-04-05 08:00:00+00:00,1.2977169752120972,1.3022525310516357,1.297331690788269,1.2991153001785278
2026-04-05 12:00:00+00:00,1.2990710735321045,1.2993851900100708,1.2811146974563599,1.297990322113037
2026-04-05 16:00:00+00:00,1.2980165481567383,1.3054436445236206,1.2973350286483765,1.2998006343841553
2026-04-05 20:00:00+00:00,1.2998292446136475,1.3290088176727295,1.2979272603988647,1.3254958391189575
2026-04-06 00:00:00+00:00,1.3254109621047974,1.3449596166610718,1.3254109621047974,1.3373923301696777
2026-04-06 04:00:00+00:00,1.3374934196472168,1.3444336652755737,1.3365099430084229,1.3443219661712646
2026-04-06 08:00:00+00:00,1.3442596197128296,1.3558588027954102,1.3389228582382202,1.3496791124343872
2026-04-06 12:00:00+00:00,1.3496674299240112,1.35112726688385,1.3427929878234863,1.3500463962554932
2026-04-06 16:00:00+00:00,1.350210189819336,1.351894497871399,1.3362504243850708,1.3391140699386597
2026-04-06 20:00:00+00:00,1.3407856225967407,1.342986822128296,1.3154537677764893,1.321211338043213
2026-04-07 00:00:00+00:00,1.321121335029602,1.3244469165802002,1.314234733581543,1.3166728019714355
2026-04-07 04:00:00+00:00,1.316657543182373,1.3189886808395386,1.3076039552688599,1.3128780126571655
2026-04-07 08:00:00+00:00,1.3127827644348145,1.3226779699325562,1.3045061826705933,1.3061400651931763
2026-04-07 12:00:00+00:00,1.3061392307281494,1.312195062637329,1.2961755990982056,1.2975624799728394
2026-04-07 16:00:00+00:00,1.2976033687591553,1.3142116069793701,1.296355962753296,1.3140902519226074
2026-04-07 20:00:00+00:00,1.314071536064148,1.3923466205596924,1.314071536064148,1.3814895153045654
2026-04-08 00:00:00+00:00,1.3813468217849731,1.3815683126449585,1.3622816801071167,1.3702011108398438
2026-04-08 04:00:00+00:00,1.3702071905136108,1.3854389190673828,1.3702071905136108,1.3786118030548096
2026-04-08 08:00:00+00:00,1.3793809413909912,1.3840805292129517,1.3733803033828735,1.377519965171814
2026-04-08 12:00:00+00:00,1.3775849342346191,1.3866209983825684,1.3474808931350708,1.3548603057861328
2026-04-08 16:00:00+00:00,1.3548595905303955,1.3614041805267334,1.3459291458129883,1.348436951637268
2026-04-08 20:00:00+00:00,1.3490684032440186,1.3561460971832275,1.3401820659637451,1.3423771858215332
2026-04-09 00:00:00+00:00,1.342392086982727,1.342392086982727,1.3288356065750122,1.3320096731185913
2026-04-09 04:00:00+00:00,1.3319412469863892,1.335064172744751,1.32831609249115,1.332197666168213
2026-04-09 08:00:00+00:00,1.3321967124938965,1.3376907110214233,1.3282439708709717,1.3289943933486938
2026-04-09 12:00:00+00:00,1.3289443254470825,1.3537590503692627,1.3236569166183472,1.353201150894165
2026-04-09 16:00:00+00:00,1.353148341178894,1.3596612215042114,1.3480981588363647,1.3563908338546753
2026-04-09 20:00:00+00:00,1.356458306312561,1.3650933504104614,1.3435347080230713,1.3441168069839478
2026-04-10 00:00:00+00:00,1.3441402912139893,1.3493926525115967,1.3417863845825195,1.342330813407898
2026-04-10 04:00:00+00:00,1.3420299291610718,1.3479490280151367,1.3370217084884644,1.3370217084884644
2026-04-10 08:00:00+00:00,1.3370341062545776,1.3446450233459473,1.3360451459884644,1.3414595127105713
2026-04-10 12:00:00+00:00,1.3416000604629517,1.3594332933425903,1.3399323225021362,1.349267601966858
2026-04-10 16:00:00+00:00,1.3483943939208984,1.3622138500213623,1.3483943939208984,1.3614469766616821
2026-04-10 20:00:00+00:00,1.3617072105407715,1.3649929761886597,1.3554816246032715,1.3566040992736816
2026-04-11 00:00:00+00:00,1.3565945625305176,1.357339859008789,1.3509756326675415,1.3524128198623657
2026-04-11 04:00:00+00:00,1.3524317741394043,1.3524317741394043,1.3455709218978882,1.3470731973648071
2026-04-11 08:00:00+00:00,1.347084641456604,1.3488339185714722,1.3450924158096313,1.3464516401290894
2026-04-11 12:00:00+00:00,1.346431851387024,1.3474920988082886,1.3421661853790283,1.3464891910552979
2026-04-11 16:00:00+00:00,1.3465123176574707,1.3739017248153687,1.3464441299438477,1.3703689575195312
2026-04-11 20:00:00+00:00,1.3706482648849487,1.371721625328064,1.3535913228988647,1.3554513454437256
2026-04-12 00:00:00+00:00,1.355446696281433,1.3556805849075317,1.3293840885162354,1.3319456577301025
2026-04-12 04:00:00+00:00,1.3317886590957642,1.3318201303482056,1.3283861875534058,1.3311609029769897
2026-04-12 08:00:00+00:00,1.3310437202453613,1.333603858947754,1.328309416770935,1.3335970640182495
2026-04-12 12:00:00+00:00,1.3336008787155151,1.3345125913619995,1.3225897550582886,1.324781060218811
2026-04-12 16:00:00+00:00,1.324777364730835,1.3338664770126343,1.3245166540145874,1.3314340114593506
2026-04-12 20:00:00+00:00,1.3314483165740967,1.3378276824951172,1.323675513267517,1.324998378753662
2026-04-13 00:00:00+00:00,1.3250377178192139,1.3326163291931152,1.324629306793213,1.3260809183120728
2026-04-13 04:00:00+00:00,1.3259148597717285,1.3359415531158447,1.3226957321166992,1.3268300294876099
2026-04-13 08:00:00+00:00,1.3267537355422974,1.330080509185791,1.323858618736267,1.3265492916107178
2026-04-13 12:00:00+00:00,1.3258166313171387,1.3448423147201538,1.324394941329956,1.3342101573944092
2026-04-13 16:00:00+00:00,1.3347474336624146,1.3550812005996704,1.3321187496185303,1.3550812005996704
2026-04-13 20:00:00+00:00,1.3548170328140259,1.381057620048523,1.3461601734161377,1.3766673803329468
2026-04-14 00:00:00+00:00,1.376632809638977,1.376632809638977,1.3615301847457886,1.3668631315231323
2026-04-14 04:00:00+00:00,1.3671910762786865,1.3753985166549683,1.3625271320343018,1.369391679763794
2026-04-14 08:00:00+00:00,1.3691729307174683,1.3760980367660522,1.3681777715682983,1.370286464691162
2026-04-14 12:00:00+00:00,1.370160460472107,1.3928327560424805,1.365923523902893,1.3760261535644531
2026-04-14 16:00:00+00:00,1.375876784324646,1.3800705671310425,1.3550686836242676,1.3602694272994995
2026-04-14 20:00:00+00:00,1.3605427742004395,1.3665000200271606,1.3559999465942383,1.3624999523162842
2026-04-15 00:00:00+00:00,1.3623000383377075,1.367400050163269,1.3558000326156616,1.3581000566482544
2026-04-15 04:00:00+00:00,1.358299970626831,1.3621000051498413,1.3515000343322754,1.3524999618530273
2026-04-15 08:00:00+00:00,1.3519999980926514,1.3645000457763672,1.3514000177383423,1.3640999794006348
2026-04-15 12:00:00+00:00,1.3641999959945679,1.3839000463485718,1.3617000579833984,1.3737000226974487
2026-04-15 16:00:00+00:00,1.3733999729156494,1.408400058746338,1.3720999956130981,1.4002000093460083
2026-04-15 20:00:00+00:00,1.4004000425338745,1.4031000137329102,1.3812999725341797,1.392699956893921
2026-04-16 00:00:00+00:00,1.3930000066757202,1.416100025177002,1.3869999647140503,1.4067000150680542
2026-04-16 04:00:00+00:00,1.406599998474121,1.413100004196167,1.4014999866485596,1.4062999486923218
2026-04-16 08:00:00+00:00,1.4061000347137451,1.4228999614715576,1.4019999504089355,1.409999966621399
2026-04-16 12:00:00+00:00,1.410099983215332,1.4349000453948975,1.3934999704360962,1.4292999505996704
2026-04-16 16:00:00+00:00,1.429800033569336,1.4664000272750854,1.4155000448226929,1.4652999639511108
2026-04-16 20:00:00+00:00,1.4651999473571777,1.4664000272750854,1.4443000555038452,1.4535000324249268
2026-04-17 00:00:00+00:00,1.4535000324249268,1.4559999704360962,1.422700047492981,1.430999994277954
2026-04-17 04:00:00+00:00,1.4318000078201294,1.4401999711990356,1.4249000549316406,1.4377000331878662
2026-04-17 08:00:00+00:00,1.4377000331878662,1.4594999551773071,1.4328999519348145,1.4479999542236328
2026-04-17 12:00:00+00:00,1.4479999542236328,1.510599970817566,1.444599986076355,1.4869999885559082
2026-04-17 16:00:00+00:00,1.486799955368042,1.501099944114685,1.4738999605178833,1.4881999492645264
2026-04-17 20:00:00+00:00,1.4882999658584595,1.4902000427246094,1.473099946975708,1.476199984550476
2026-04-18 00:00:00+00:00,1.4757000207901,1.482699990272522,1.4677000045776367,1.469099998474121
2026-04-18 04:00:00+00:00,1.468400001525879,1.4778000116348267,1.4644999504089355,1.4746999740600586
2026-04-18 08:00:00+00:00,1.4747999906539917,1.4759999513626099,1.4255000352859497,1.4320000410079956
2026-04-18 12:00:00+00:00,1.4320000410079956,1.4402999877929688,1.430299997329712,1.4364999532699585
2026-04-18 16:00:00+00:00,1.4362000226974487,1.4394999742507935,1.4241000413894653,1.4276000261306763
2026-04-18 20:00:00+00:00,1.4276000261306763,1.4390000104904175,1.424399971961975,1.432800054550171
2026-04-19 00:00:00+00:00,1.432800054550171,1.4392999410629272,1.4246000051498413,1.4300999641418457
2026-04-19 04:00:00+00:00,1.4301999807357788,1.4438999891281128,1.4156999588012695,1.420799970626831
2026-04-19 08:00:00+00:00,1.4204000234603882,1.43149995803833,1.413699984550476,1.4300999641418457
2026-04-19 12:00:00+00:00,1.430299997329712,1.44760000705719,1.423799991607666,1.4320000410079956
2026-04-19 16:00:00+00:00,1.4322999715805054,1.4328999519348145,1.4121999740600586,1.4177000522613525
2026-04-19 20:00:00+00:00,1.417799949645996,1.417799949645996,1.392899990081787,1.3946000337600708
2026-04-20 00:00:00+00:00,1.3949999809265137,1.4138000011444092,1.3939000368118286,1.4115999937057495
2026-04-20 04:00:00+00:00,1.4115999937057495,1.432800054550171,1.3955999612808228,1.4158999919891357
2026-04-20 08:00:00+00:00,1.4160000085830688,1.4280999898910522,1.4083000421524048,1.4158999919891357
2026-04-20 12:00:00+00:00,1.4155999422073364,1.4342000484466553,1.4097000360488892,1.433500051498413
2026-04-20 16:00:00+00:00,1.4336999654769897,1.437600016593933,1.4230999946594238,1.430799961090088
2026-04-20 20:00:00+00:00,1.430400013923645,1.4341000318527222,1.4220000505447388,1.4249999523162842
2026-04-21 00:00:00+00:00,1.4251999855041504,1.4323999881744385,1.420300006866455,1.4246000051498413
2026-04-21 04:00:00+00:00,1.4246000051498413,1.4427000284194946,1.424399971961975,1.4397000074386597
2026-04-21 08:00:00+00:00,1.4399000406265259,1.4495999813079834,1.437999963760376,1.4401999711990356
2026-04-21 12:00:00+00:00,1.4401999711990356,1.4452999830245972,1.426200032234192,1.4329999685287476
2026-04-21 16:00:00+00:00,1.43340003490448,1.4361000061035156,1.4119000434875488,1.413599967956543
2026-04-21 20:00:00+00:00,1.413599967956543,1.4345999956130981,1.412500023841858,1.434000015258789
2026-04-22 00:00:00+00:00,1.4345999956130981,1.450600028038025,1.4270000457763672,1.4431999921798706
2026-04-22 04:00:00+00:00,1.444200038909912,1.4608999490737915,1.4417999982833862,1.4544999599456787
2026-04-22 08:00:00+00:00,1.4551000595092773,1.4558000564575195,1.4488999843597412,1.454800009727478
2026-04-22 12:00:00+00:00,1.4550000429153442,1.4629000425338745,1.44760000705719,1.4570000171661377
2026-04-22 16:00:00+00:00,1.4573999643325806,1.4594999551773071,1.437600016593933,1.441499948501587
2026-04-22 20:00:00+00:00,1.44159996509552,1.4433000087738037,1.4292999505996704,1.4297000169754028
2026-04-23 00:00:00+00:00,1.4300999641418457,1.43149995803833,1.4120999574661255,1.4168000221252441
2026-04-23 04:00:00+00:00,1.4163999557495117,1.4256999492645264,1.4153000116348267,1.4213000535964966
2026-04-23 08:00:00+00:00,1.4215999841690063,1.4217000007629395,1.409500002861023,1.4169000387191772
2026-04-23 12:00:00+00:00,1.416700005531311,1.4375,1.4142999649047852,1.4321999549865723
2026-04-23 16:00:00+00:00,1.4323999881744385,1.44159996509552,1.4217000007629395,1.429900050163269
2026-04-23 20:00:00+00:00,1.4299999475479126,1.4407999515533447,1.4279999732971191,1.4392999410629272
2026-04-24 00:00:00+00:00,1.4394999742507935,1.4455000162124634,1.4290000200271606,1.4311000108718872
2026-04-24 04:00:00+00:00,1.430899977684021,1.4341000318527222,1.4263999462127686,1.4330999851226807
2026-04-24 08:00:00+00:00,1.4330999851226807,1.440500020980835,1.424399971961975,1.4390000104904175
2026-04-24 12:00:00+00:00,1.4387999773025513,1.448799967765808,1.4294999837875366,1.4486000537872314
2026-04-24 16:00:00+00:00,1.448799967765808,1.4507999420166016,1.434000015258789,1.4391000270843506
2026-04-24 20:00:00+00:00,1.4394999742507935,1.4434000253677368,1.430799961090088,1.4337999820709229
2026-04-25 00:00:00+00:00,1.433500051498413,1.4381999969482422,1.4320000410079956,1.4371000528335571
2026-04-25 04:00:00+00:00,1.4371999502182007,1.4375,1.43149995803833,1.4337999820709229
2026-04-25 08:00:00+00:00,1.43340003490448,1.437000036239624,1.4299999475479126,1.4312000274658203
2026-04-25 12:00:00+00:00,1.4311000108718872,1.4323999881744385,1.4253000020980835,1.4258999824523926
2026-04-25 16:00:00+00:00,1.4257999658584595,1.4283000230789185,1.4193999767303467,1.420699954032898
2026-04-25 20:00:00+00:00,1.4208999872207642,1.4258999824523926,1.419100046157837,1.424399971961975
2026-04-26 00:00:00+00:00,1.4241000413894653,1.4242000579833984,1.4183000326156616,1.4187999963760376
2026-04-26 04:00:00+00:00,1.4184999465942383,1.4297000169754028,1.4184999465942383,1.4294999837875366
2026-04-26 08:00:00+00:00,1.4294999837875366,1.4319000244140625,1.4259999990463257,1.4306999444961548
2026-04-26 12:00:00+00:00,1.430799961090088,1.4320000410079956,1.4235999584197998,1.4292999505996704
2026-04-26 16:00:00+00:00,1.4294999837875366,1.4362000226974487,1.4229999780654907,1.4306000471115112
2026-04-26 20:00:00+00:00,1.430799961090088,1.4359999895095825,1.4210000038146973,1.430999994277954
2026-04-27 00:00:00+00:00,1.4311000108718872,1.4470000267028809,1.4256000518798828,1.4426000118255615
2026-04-27 04:00:00+00:00,1.4423999786376953,1.4427000284194946,1.413100004196167,1.4149999618530273
2026-04-27 08:00:00+00:00,1.4146000146865845,1.4192999601364136,1.4127000570297241,1.413699984550476
2026-04-27 12:00:00+00:00,1.413699984550476,1.4150999784469604,1.3839999437332153,1.388100028038025
2026-04-27 16:00:00+00:00,1.3873000144958496,1.3969000577926636,1.385699987411499,1.392699956893921
2026-04-27 20:00:00+00:00,1.392699956893921,1.401900053024292,1.38919997215271,1.4005999565124512
2026-04-28 00:00:00+00:00,1.4007999897003174,1.4007999897003174,1.3884999752044678,1.392799973487854
2026-04-28 04:00:00+00:00,1.3930000066757202,1.3971999883651733,1.3848999738693237,1.3930000066757202
2026-04-28 08:00:00+00:00,1.3930000066757202,1.3956999778747559,1.3791999816894531,1.3811999559402466
2026-04-28 12:00:00+00:00,1.381700038909912,1.3844000101089478,1.3681000471115112,1.375100016593933
2026-04-28 16:00:00+00:00,1.375100016593933,1.3863999843597412,1.3700000047683716,1.3824000358581543
2026-04-28 20:00:00+00:00,1.3824000358581543,1.3846999406814575,1.3782999515533447,1.3803000450134277
2026-04-29 00:00:00+00:00,1.3803000450134277,1.389799952507019,1.3767000436782837,1.3890999555587769
2026-04-29 04:00:00+00:00,1.38919997215271,1.3973000049591064,1.3876999616622925,1.3918999433517456
2026-04-29 08:00:00+00:00,1.392300009727478,1.4063999652862549,1.3889000415802002,1.3945000171661377
2026-04-29 12:00:00+00:00,1.3945000171661377,1.3946000337600708,1.3588000535964966,1.3614000082015991
2026-04-29 16:00:00+00:00,1.361199975013733,1.3688000440597534,1.3460999727249146,1.3526999950408936
2026-04-29 20:00:00+00:00,1.3528000116348267,1.3716000318527222,1.3528000116348267,1.3688000440597534
2026-04-30 00:00:00+00:00,1.36899995803833,1.3842999935150146,1.3672000169754028,1.3729000091552734
2026-04-30 04:00:00+00:00,1.3729000091552734,1.374500036239624,1.3585000038146973,1.3743000030517578
2026-04-30 08:00:00+00:00,1.3746000528335571,1.3795000314712524,1.3660000562667847,1.3690999746322632
2026-04-30 12:00:00+00:00,1.3690999746322632,1.375599980354309,1.3624000549316406,1.3688000440597534
2026-04-30 16:00:00+00:00,1.3688000440597534,1.3739999532699585,1.3621000051498413,1.3703999519348145
2026-04-30 20:00:00+00:00,1.3701000213623047,1.3717999458312988,1.363700032234192,1.367400050163269
2026-05-01 00:00:00+00:00,1.367300033569336,1.379699945449829,1.364400029182434,1.3758000135421753
2026-05-01 04:00:00+00:00,1.3763999938964844,1.378499984741211,1.3716000318527222,1.3747999668121338
2026-05-01 08:00:00+00:00,1.3747999668121338,1.3804999589920044,1.3717000484466553,1.378000020980835
2026-05-01 12:00:00+00:00,1.3782000541687012,1.3997000455856323,1.3774000406265259,1.3960000276565552
2026-05-01 16:00:00+00:00,1.396399974822998,1.3984999656677246,1.388700008392334,1.3937000036239624
2026-05-01 20:00:00+00:00,1.3940000534057617,1.3949999809265137,1.3813999891281128,1.385699987411499
2026-05-02 00:00:00+00:00,1.3860000371932983,1.3903000354766846,1.3812999725341797,1.3859000205993652
2026-05-02 04:00:00+00:00,1.385699987411499,1.388200044631958,1.382699966430664,1.3854999542236328
2026-05-02 08:00:00+00:00,1.38510000705719,1.3907999992370605,1.3838000297546387,1.385599970817566
2026-05-02 12:00:00+00:00,1.385599970817566,1.3941999673843384,1.384600043296814,1.3933000564575195
2026-05-02 16:00:00+00:00,1.3934999704360962,1.3949999809265137,1.3895000219345093,1.3944000005722046
2026-05-02 20:00:00+00:00,1.394700050354004,1.4000999927520752,1.3899999856948853,1.3937000036239624
2026-05-03 00:00:00+00:00,1.3940000534057617,1.3945000171661377,1.381600022315979,1.3838000297546387
2026-05-03 04:00:00+00:00,1.3834999799728394,1.3885999917984009,1.382099986076355,1.3860000371932983
2026-05-03 08:00:00+00:00,1.3860000371932983,1.398300051689148,1.385599970817566,1.3948999643325806
2026-05-03 12:00:00+00:00,1.395300030708313,1.3986999988555908,1.392799973487854,1.3955999612808228
2026-05-03 16:00:00+00:00,1.3956999778747559,1.3980000019073486,1.392300009727478,1.3949999809265137
2026-05-03 20:00:00+00:00,1.3947999477386475,1.4039000272750854,1.3867000341415405,1.3877999782562256
2026-05-04 00:00:00+00:00,1.3877999782562256,1.4148000478744507,1.3830000162124634,1.4127000570297241
2026-05-04 04:00:00+00:00,1.4132000207901,1.4205000400543213,1.4018000364303589,1.4104000329971313
2026-05-04 08:00:00+00:00,1.4101999998092651,1.4192999601364136,1.3854999542236328,1.3939000368118286
2026-05-04 12:00:00+00:00,1.3934999704360962,1.4134999513626099,1.388800024986267,1.3990999460220337
2026-05-04 16:00:00+00:00,1.3992999792099,1.4115999937057495,1.3939000368118286,1.3976999521255493
2026-05-04 20:00:00+00:00,1.3971999883651733,1.4012000560760498,1.3901000022888184,1.3914999961853027
2026-05-05 00:00:00+00:00,1.3914999961853027,1.409500002861023,1.3902000188827515,1.405500054359436
2026-05-05 04:00:00+00:00,1.4057999849319458,1.4098000526428223,1.3997999429702759,1.4069000482559204
2026-05-05 08:00:00+00:00,1.406599998474121,1.40910005569458,1.4018000364303589,1.4079999923706055
2026-05-05 12:00:00+00:00,1.4077999591827393,1.4206000566482544,1.4046000242233276,1.4119000434875488
2026-05-05 16:00:00+00:00,1.412500023841858,1.4151999950408936,1.4047000408172607,1.413100004196167
2026-05-05 20:00:00+00:00,1.4134999513626099,1.4217000007629395,1.4093999862670898,1.4127999544143677
2026-05-06 00:00:00+00:00,1.412600040435791,1.4240000247955322,1.4076000452041626,1.4220000505447388
2026-05-06 04:00:00+00:00,1.4221999645233154,1.4354000091552734,1.414199948310852,1.4313000440597534
2026-05-06 08:00:00+00:00,1.430899977684021,1.4571000337600708,1.4299999475479126,1.4509999752044678
2026-05-06 12:00:00+00:00,1.4508999586105347,1.4519000053405762,1.4134000539779663,1.430299997329712
2026-05-06 16:00:00+00:00,1.4301999807357788,1.4342000484466553,1.4214999675750732,1.4283000230789185
2026-05-06 20:00:00+00:00,1.4283000230789185,1.4292000532150269,1.4168000221252441,1.4249000549316406
2026-05-07 00:00:00+00:00,1.4248000383377075,1.4257999658584595,1.4040000438690186,1.4052000045776367
2026-05-07 04:00:00+00:00,1.4052000045776367,1.4214999675750732,1.4042999744415283,1.4198999404907227
2026-05-07 08:00:00+00:00,1.4198999404907227,1.4211000204086304,1.4069000482559204,1.4098000526428223
2026-05-07 12:00:00+00:00,1.4093999862670898,1.4150999784469604,1.3847999572753906,1.3904999494552612
2026-05-07 16:00:00+00:00,1.3903000354766846,1.3964999914169312,1.3847999572753906,1.3858000040054321
2026-05-07 20:00:00+00:00,1.3860000371932983,1.392899990081787,1.3801000118255615,1.3868999481201172
2026-05-08 00:00:00+00:00,1.3871999979019165,1.3894000053405762,1.3811041116714478,1.3854035139083862
2026-05-08 04:00:00+00:00,1.385424017906189,1.3867863416671753,1.3783600330352783,1.3836015462875366
2026-05-08 08:00:00+00:00,1.3836498260498047,1.3916258811950684,1.382851243019104,1.3910949230194092
2026-05-08 12:00:00+00:00,1.391323208808899,1.3981000185012817,1.3837000131607056,1.3970999717712402
2026-05-08 16:00:00+00:00,1.3973000049591064,1.4271999597549438,1.3924000263214111,1.4204000234603882
2026-05-08 20:00:00+00:00,1.4182000160217285,1.4235999584197998,1.4110000133514404,1.4180999994277954
2026-05-09 00:00:00+00:00,1.4180999994277954,1.434999942779541,1.4178999662399292,1.4290000200271606
2026-05-09 04:00:00+00:00,1.4290000200271606,1.434499979019165,1.4225000143051147,1.423699975013733
2026-05-09 08:00:00+00:00,1.4234000444412231,1.4256000518798828,1.4172999858856201,1.4220999479293823
2026-05-09 12:00:00+00:00,1.4220999479293823,1.422700047492981,1.4119000434875488,1.414199948310852
2026-05-09 16:00:00+00:00,1.4144999980926514,1.4248000383377075,1.4112000465393066,1.4239000082015991
2026-05-09 20:00:00+00:00,1.4239000082015991,1.4249999523162842,1.419100046157837,1.4204000234603882
2026-05-10 00:00:00+00:00,1.4199999570846558,1.4225000143051147,1.4115999937057495,1.416700005531311
2026-05-10 04:00:00+00:00,1.4169000387191772,1.4213999509811401,1.4153000116348267,1.4198999404907227
2026-05-10 08:00:00+00:00,1.419800043106079,1.430400013923645,1.4183000326156616,1.4229999780654907
2026-05-10 12:00:00+00:00,1.4229999780654907,1.4449000358581543,1.4211000204086304,1.4443000555038452
2026-05-10 16:00:00+00:00,1.4443999528884888,1.5068000555038452,1.4427000284194946,1.4866000413894653
2026-05-10 20:00:00+00:00,1.4867000579833984,1.4895000457763672,1.4390000104904175,1.4733999967575073
2026-05-11 00:00:00+00:00,1.4736000299453735,1.4780000448226929,1.4399000406265259,1.448699951171875
2026-05-11 04:00:00+00:00,1.448099970817566,1.458799958229065,1.4423999786376953,1.448799967765808
2026-05-11 08:00:00+00:00,1.4493000507354736,1.457900047302246,1.4419000148773193,1.457800030708313
2026-05-11 12:00:00+00:00,1.4579999446868896,1.4881000518798828,1.4527000188827515,1.4845999479293823
2026-05-11 16:00:00+00:00,1.4845000505447388,1.4866000413894653,1.4664000272750854,1.4788999557495117
2026-05-11 20:00:00+00:00,1.479099988937378,1.482699990272522,1.468400001525879,1.4775999784469604
2026-05-12 00:00:00+00:00,1.4767999649047852,1.4845999479293823,1.4565000534057617,1.4596999883651733
2026-05-12 04:00:00+00:00,1.4593000411987305,1.4687000513076782,1.454300045967102,1.462499976158142
2026-05-12 08:00:00+00:00,1.462499976158142,1.4707000255584717,1.4438999891281128,1.448699951171875
2026-05-12 12:00:00+00:00,1.4486000537872314,1.455399990081787,1.4183000326156616,1.423799991607666
2026-05-12 16:00:00+00:00,1.4240000247955322,1.4427000284194946,1.4198999404907227,1.4408999681472778
2026-05-12 20:00:00+00:00,1.440999984741211,1.444000005722046,1.4345999956130981,1.436900019645691
2026-05-13 00:00:00+00:00,1.4365999698638916,1.4529000520706177,1.4347000122070312,1.4520000219345093
2026-05-13 04:00:00+00:00,1.4520000219345093,1.4646999835968018,1.4495999813079834,1.4621000289916992
2026-05-13 08:00:00+00:00,1.4622999429702759,1.469099998474121,1.4471999406814575,1.448199987411499
2026-05-13 12:00:00+00:00,1.4479999542236328,1.4493000507354736,1.4113999605178833,1.412600040435791
2026-05-13 16:00:00+00:00,1.4127000570297241,1.433500051498413,1.4119999408721924,1.4184000492095947
2026-05-13 20:00:00+00:00,1.4187999963760376,1.427299976348877,1.4150999784469604,1.426800012588501
2026-05-14 00:00:00+00:00,1.4265999794006348,1.434399962425232,1.4204000234603882,1.4220000505447388
2026-05-14 04:00:00+00:00,1.4220999479293823,1.4390000104904175,1.4206000566482544,1.4318000078201294
2026-05-14 08:00:00+00:00,1.4319000244140625,1.4386999607086182,1.426800012588501,1.4320000410079956
2026-05-14 12:00:00+00:00,1.4319000244140625,1.4738999605178833,1.431399941444397,1.472599983215332
2026-05-14 16:00:00+00:00,1.4730000495910645,1.5499999523162842,1.4644999504089355,1.5161999464035034
2026-05-14 20:00:00+00:00,1.516800045967102,1.516800045967102,1.482800006866455,1.4852999448776245
2026-05-15 00:00:00+00:00,1.4851000308990479,1.499899983406067,1.4759000539779663,1.4889999628067017
2026-05-15 04:00:00+00:00,1.4889999628067017,1.4900000095367432,1.4531999826431274,1.4694000482559204
2026-05-15 08:00:00+00:00,1.4693000316619873,1.4768999814987183,1.461300015449524,1.468000054359436
2026-05-15 12:00:00+00:00,1.468000054359436,1.469099998474121,1.4270000457763672,1.4348000288009644
2026-05-15 16:00:00+00:00,1.4349000453948975,1.4500999450683594,1.4315999746322632,1.433899998664856
2026-05-15 20:00:00+00:00,1.434499979019165,1.4364999532699585,1.4292999505996704,1.433500051498413
2026-05-16 00:00:00+00:00,1.4333000183105469,1.438599944114685,1.4312000274658203,1.4349000453948975
2026-05-16 04:00:00+00:00,1.4345999956130981,1.4357999563217163,1.4042999744415283,1.4163000583648682
2026-05-16 08:00:00+00:00,1.4157999753952026,1.4176000356674194,1.395799994468689,1.4104000329971313
2026-05-16 12:00:00+00:00,1.4103000164031982,1.4148000478744507,1.4056999683380127,1.414199948310852
2026-05-16 16:00:00+00:00,1.4139000177383423,1.4191999435424805,1.413100004196167,1.4158999919891357
2026-05-16 20:00:00+00:00,1.4163000583648682,1.4185999631881714,1.4117000102996826,1.4132000207901
2026-05-17 00:00:00+00:00,1.4133000373840332,1.417099952697754,1.4020999670028687,1.4117000102996826
2026-05-17 04:00:00+00:00,1.4115999937057495,1.4210000038146973,1.4113999605178833,1.417799949645996
2026-05-17 08:00:00+00:00,1.4183000326156616,1.4283000230789185,1.413100004196167,1.4222999811172485
2026-05-17 12:00:00+00:00,1.4222999811172485,1.426300048828125,1.4097000360488892,1.412500023841858
2026-05-17 16:00:00+00:00,1.412500023841858,1.4225000143051147,1.4062000513076782,1.4218000173568726
2026-05-17 20:00:00+00:00,1.4218000173568726,1.4256999492645264,1.3732000589370728,1.4007999897003174
2026-05-18 00:00:00+00:00,1.4005000591278076,1.4018000364303589,1.3841999769210815,1.3924000263214111
2026-05-18 04:00:00+00:00,1.3925000429153442,1.3990000486373901,1.3787000179290771,1.3860000371932983
2026-05-18 08:00:00+00:00,1.386199951171875,1.395799994468689,1.3753000497817993,1.389799952507019
2026-05-18 12:00:00+00:00,1.389799952507019,1.4013999700546265,1.368499994277954,1.3756999969482422
2026-05-18 16:00:00+00:00,1.3756999969482422,1.3898999691009521,1.3634999990463257,1.3866000175476074
2026-05-18 20:00:00+00:00,1.3871999979019165,1.3950999975204468,1.381100058555603,1.38919997215271
2026-05-19 00:00:00+00:00,1.3896000385284424,1.3967000246047974,1.3769999742507935,1.3825000524520874
2026-05-19 04:00:00+00:00,1.3825000524520874,1.3885999917984009,1.377500057220459,1.3876999616622925
2026-05-19 08:00:00+00:00,1.3877999782562256,1.3878999948501587,1.367300033569336,1.3710999488830566
2026-05-19 12:00:00+00:00,1.371000051498413,1.3804999589920044,1.360200047492981,1.3660999536514282
2026-05-19 16:00:00+00:00,1.3664000034332275,1.3729000091552734,1.3551000356674194,1.3559999465942383
2026-05-19 20:00:00+00:00,1.3561999797821045,1.364400029182434,1.3519999980926514,1.3603999614715576
2026-05-20 00:00:00+00:00,1.3604999780654907,1.3626999855041504,1.3466999530792236,1.3547999858856201
2026-05-20 04:00:00+00:00,1.3547999858856201,1.3725999593734741,1.3519999980926514,1.3668999671936035
2026-05-20 08:00:00+00:00,1.3672000169754028,1.3743000030517578,1.3631000518798828,1.364300012588501
2026-05-20 12:00:00+00:00,1.3639999628067017,1.3789000511169434,1.357699990272522,1.3734999895095825
2026-05-20 16:00:00+00:00,1.3736000061035156,1.3789000511169434,1.363800048828125,1.371500015258789
2026-05-20 20:00:00+00:00,1.371000051498413,1.371500015258789,1.3590999841690063,1.3657000064849854
2026-05-21 00:00:00+00:00,1.3652000427246094,1.3841999769210815,1.3650000095367432,1.3828999996185303
2026-05-21 04:00:00+00:00,1.3832999467849731,1.3842999935150146,1.3681999444961548,1.375100016593933
2026-05-21 08:00:00+00:00,1.375,1.384600043296814,1.3623000383377075,1.3624999523162842
2026-05-21 12:00:00+00:00,1.3624999523162842,1.367300033569336,1.350000023841858,1.3601000308990479
2026-05-21 16:00:00+00:00,1.3602999448776245,1.3848999738693237,1.3557000160217285,1.3782000541687012
2026-05-21 20:00:00+00:00,1.3782000541687012,1.379699945449829,1.3681000471115112,1.3726999759674072
2026-05-22 00:00:00+00:00,1.3730000257492065,1.3733999729156494,1.363700032234192,1.37090003490448
2026-05-22 04:00:00+00:00,1.371000051498413,1.3746999502182007,1.3555999994277954,1.363800048828125
2026-05-22 08:00:00+00:00,1.3632999658584595,1.3671000003814697,1.3538000583648682,1.3603999614715576
2026-05-22 12:00:00+00:00,1.3604999780654907,1.36899995803833,1.3459999561309814,1.3518999814987183
2026-05-22 16:00:00+00:00,1.3523999452590942,1.3580000400543213,1.3336000442504883,1.336899995803833
2026-05-22 20:00:00+00:00,1.3372000455856323,1.3423999547958374,1.3286000490188599,1.3323999643325806
2026-05-23 00:00:00+00:00,1.3330999612808228,1.3407000303268433,1.325600028038025,1.3394999504089355
2026-05-23 04:00:00+00:00,1.3395999670028687,1.3396999835968018,1.3013999462127686,1.3107999563217163
2026-05-23 08:00:00+00:00,1.3104000091552734,1.3248000144958496,1.305400013923645,1.3233000040054321
2026-05-23 12:00:00+00:00,1.323099970817566,1.340499997138977,1.3228000402450562,1.3344000577926636
2026-05-23 16:00:00+00:00,1.3346999883651733,1.3487000465393066,1.3325999975204468,1.3451999425888062
2026-05-23 20:00:00+00:00,1.3456000089645386,1.3741999864578247,1.3438999652862549,1.3565000295639038
2026-05-24 00:00:00+00:00,1.3567999601364136,1.3621000051498413,1.3553999662399292,1.3590999841690063
2026-05-24 04:00:00+00:00,1.3596999645233154,1.3626999855041504,1.3533999919891357,1.3579000234603882
2026-05-24 08:00:00+00:00,1.3581000566482544,1.368899941444397,1.3559999465942383,1.3634999990463257
2026-05-24 12:00:00+00:00,1.363800048828125,1.3641999959945679,1.3382999897003174,1.3466999530792236
2026-05-24 16:00:00+00:00,1.3468999862670898,1.3526999950408936,1.344499945640564,1.3476999998092651
2026-05-24 20:00:00+00:00,1.3478000164031982,1.3522000312805176,1.330899953842163,1.3492000102996826
2026-05-25 00:00:00+00:00,1.3494000434875488,1.3550000190734863,1.3417999744415283,1.3452999591827393
2026-05-25 04:00:00+00:00,1.3454999923706055,1.3594000339508057,1.3437999486923218,1.3569999933242798
2026-05-25 08:00:00+00:00,1.357200026512146,1.3633999824523926,1.355299949645996,1.356600046157837
2026-05-25 12:00:00+00:00,1.3566999435424805,1.363700032234192,1.354200005531311,1.3579000234603882
2026-05-25 16:00:00+00:00,1.3579000234603882,1.3630000352859497,1.3532999753952026,1.3561999797821045
2026-05-25 20:00:00+00:00,1.3558000326156616,1.358199954032898,1.3458000421524048,1.3490999937057495
2026-05-26 00:00:00+00:00,1.3492000102996826,1.3499000072479248,1.3330999612808228,1.3388999700546265
2026-05-26 04:00:00+00:00,1.3391000032424927,1.3494999408721924,1.3379000425338745,1.3391000032424927
2026-05-26 08:00:00+00:00,1.3389999866485596,1.3579000234603882,1.3380999565124512,1.350600004196167
2026-05-26 12:00:00+00:00,1.350600004196167,1.363800048828125,1.3382999897003174,1.3436000347137451
2026-05-26 16:00:00+00:00,1.3436000347137451,1.344099998474121,1.3250000476837158,1.329699993133545
2026-05-26 20:00:00+00:00,1.330199956893921,1.332800030708313,1.3265000581741333,1.3271000385284424
2026-05-27 00:00:00+00:00,1.3273999691009521,1.3313000202178955,1.3244999647140503,1.325700044631958
2026-05-27 04:00:00+00:00,1.3253999948501587,1.3350000381469727,1.319700002670288,1.3300000429153442
2026-05-27 08:00:00+00:00,1.3295999765396118,1.335800051689148,1.3265000581741333,1.3279000520706177
2026-05-27 12:00:00+00:00,1.3279000520706177,1.3402999639511108,1.316499948501587,1.333799958229065
2026-05-27 16:00:00+00:00,1.333899974822998,1.336300015449524,1.3150999546051025,1.3279999494552612
2026-05-27 20:00:00+00:00,1.3279999494552612,1.332200050354004,1.3014999628067017,1.3056000471115112
2026-05-28 00:00:00+00:00,1.3055000305175781,1.3092000484466553,1.2733999490737915,1.2771999835968018
2026-05-28 04:00:00+00:00,1.2769999504089355,1.2914999723434448,1.2656999826431274,1.291200041770935
2026-05-28 08:00:00+00:00,1.2913999557495117,1.294100046157837,1.2841999530792236,1.285599946975708
2026-05-28 12:00:00+00:00,1.2855000495910645,1.3125,1.2817000150680542,1.3100999593734741
2026-05-28 16:00:00+00:00,1.309999942779541,1.3365000486373901,1.3050999641418457,1.3140000104904175
2026-05-28 20:00:00+00:00,1.3138999938964844,1.323199987411499,1.3087999820709229,1.3136999607086182
2026-05-29 00:00:00+00:00,1.3136999607086182,1.318600058555603,1.301800012588501,1.3104000091552734
2026-05-29 04:00:00+00:00,1.3106000423431396,1.319200038909912,1.3020999431610107,1.3148000240325928
2026-05-29 08:00:00+00:00,1.3143999576568604,1.325700044631958,1.3056000471115112,1.3097000122070312
2026-05-29 12:00:00+00:00,1.3097000122070312,1.3316999673843384,1.2929999828338623,1.3207999467849731
2026-05-29 16:00:00+00:00,1.3209999799728394,1.3308000564575195,1.308899998664856,1.3188999891281128
2026-05-29 20:00:00+00:00,1.319200038909912,1.3289999961853027,1.3127000331878662,1.3279999494552612
2026-05-30 00:00:00+00:00,1.3281999826431274,1.364300012588501,1.326300024986267,1.3486000299453735
2026-05-30 04:00:00+00:00,1.3488999605178833,1.3509000539779663,1.3356000185012817,1.3410999774932861
2026-05-30 08:00:00+00:00,1.3411999940872192,1.343999981880188,1.3357000350952148,1.3387999534606934
2026-05-30 12:00:00+00:00,1.3387999534606934,1.3451000452041626,1.335800051689148,1.3407000303268433
2026-05-30 16:00:00+00:00,1.3408000469207764,1.3521000146865845,1.3394999504089355,1.3458000421524048
2026-05-30 20:00:00+00:00,1.345900058746338,1.3499000072479248,1.336300015449524,1.3387999534606934
2026-05-31 00:00:00+00:00,1.3393000364303589,1.343999981880188,1.3346999883651733,1.3428000211715698
2026-05-31 04:00:00+00:00,1.3428000211715698,1.3447999954223633,1.3315000534057617,1.3335000276565552
2026-05-31 08:00:00+00:00,1.3336999416351318,1.3411999940872192,1.3323999643325806,1.339900016784668
2026-05-31 12:00:00+00:00,1.3401000499725342,1.3461999893188477,1.3260999917984009,1.3286000490188599
2026-05-31 16:00:00+00:00,1.3286000490188599,1.3308000564575195,1.319200038909912,1.3244999647140503
2026-05-31 20:00:00+00:00,1.3248000144958496,1.3406000137329102,1.3248000144958496,1.3312000036239624
2026-06-01 00:00:00+00:00,1.3312000036239624,1.3387999534606934,1.3172999620437622,1.3289999961853027
2026-06-01 04:00:00+00:00,1.3289999961853027,1.3312000036239624,1.3014999628067017,1.3016999959945679
2026-06-01 08:00:00+00:00,1.3020000457763672,1.3080999851226807,1.2970999479293823,1.3020999431610107
2026-06-01 12:00:00+00:00,1.3035999536514282,1.3049999475479126,1.277899980545044,1.2800999879837036
2026-06-01 16:00:00+00:00,1.2803000211715698,1.3026000261306763,1.2776000499725342,1.2980999946594238
2026-06-01 20:00:00+00:00,1.2984999418258667,1.2994999885559082,1.2851999998092651,1.2955000400543213
2026-06-02 00:00:00+00:00,1.2950999736785889,1.2950999736785889,1.267799973487854,1.2862999439239502
2026-06-02 04:00:00+00:00,1.2867000102996826,1.2878999710083008,1.257699966430664,1.2662999629974365
2026-06-02 08:00:00+00:00,1.2666000127792358,1.2675000429153442,1.2554999589920044,1.2594000101089478
2026-06-02 12:00:00+00:00,1.2594000101089478,1.266800045967102,1.215000033378601,1.2201999425888062
2026-06-02 16:00:00+00:00,1.219599962234497,1.2417999505996704,1.205399990081787,1.2194000482559204
2026-06-02 20:00:00+00:00,1.219599962234497,1.2307000160217285,1.1948000192642212,1.2101000547409058
2026-06-03 00:00:00+00:00,1.2106000185012817,1.2303999662399292,1.1885000467300415,1.1964999437332153
2026-06-03 04:00:00+00:00,1.1969000101089478,1.2474000453948975,1.1969000101089478,1.2417000532150269
2026-06-03 08:00:00+00:00,1.2412999868392944,1.243499994277954,1.2323999404907227,1.2353999614715576
2026-06-03 12:00:00+00:00,1.2354999780654907,1.2359999418258667,1.2194000482559204,1.2232999801635742
2026-06-03 16:00:00+00:00,1.2240999937057495,1.2271000146865845,1.200600028038025,1.2024999856948853
2026-06-03 20:00:00+00:00,1.2021000385284424,1.218400001525879,1.1861000061035156,1.1994999647140503
2026-06-04 00:00:00+00:00,1.1994999647140503,1.2096999883651733,1.1416000127792358,1.207900047302246
2026-06-04 04:00:00+00:00,1.2077000141143799,1.2103999853134155,1.166200041770935,1.1663999557495117
2026-06-04 08:00:00+00:00,1.167099952697754,1.1708999872207642,1.1404999494552612,1.1547000408172607
2026-06-04 12:00:00+00:00,1.1552000045776367,1.181399941444397,1.1492999792099,1.1678999662399292
2026-06-04 16:00:00+00:00,1.1676000356674194,1.1822999715805054,1.1584999561309814,1.1735999584197998
2026-06-04 20:00:00+00:00,1.1740000247955322,1.17739999294281,1.1539000272750854,1.1676000356674194
2026-06-05 00:00:00+00:00,1.166599988937378,1.17330002784729,1.1318000555038452,1.1333999633789062
2026-06-05 04:00:00+00:00,1.1339999437332153,1.1476999521255493,1.0920000076293945,1.135599970817566
2026-06-05 08:00:00+00:00,1.135200023651123,1.144700050354004,1.1159000396728516,1.1180000305175781
2026-06-05 12:00:00+00:00,1.1181999444961548,1.1365000009536743,1.091599941253662,1.0994000434875488
2026-06-05 16:00:00+00:00,1.0992000102996826,1.1217000484466553,1.0688999891281128,1.0980000495910645
2026-06-05 20:00:00+00:00,1.0981999635696411,1.1193000078201294,1.0850000381469727,1.0973999500274658
2026-06-06 00:00:00+00:00,1.0976999998092651,1.1138999462127686,1.083400011062622,1.0853999853134155
2026-06-06 04:00:00+00:00,1.0852999687194824,1.1002999544143677,1.0503000020980835,1.0916999578475952
2026-06-06 08:00:00+00:00,1.0918999910354614,1.1032999753952026,1.0722999572753906,1.0872000455856323
2026-06-06 12:00:00+00:00,1.0870000123977661,1.1092000007629395,1.080299973487854,1.0954999923706055
2026-06-06 16:00:00+00:00,1.0951000452041626,1.101099967956543,1.0791000127792358,1.080399990081787
2026-06-06 20:00:00+00:00,1.080299973487854,1.0944000482559204,1.0772000551223755,1.093000054359436
2026-06-07 00:00:00+00:00,1.093000054359436,1.1239999532699585,1.0879000425338745,1.1181000471115112
2026-06-07 04:00:00+00:00,1.1180000305175781,1.1368999481201172,1.1096999645233154,1.1367000341415405
2026-06-07 08:00:00+00:00,1.1367000341415405,1.1692999601364136,1.1301000118255615,1.1396000385284424
2026-06-07 12:00:00+00:00,1.1398999691009521,1.1402000188827515,1.118399977684021,1.1332999467849731
2026-06-07 16:00:00+00:00,1.1337000131607056,1.1509000062942505,1.1207000017166138,1.1243000030517578
2026-06-07 20:00:00+00:00,1.1227999925613403,1.1700999736785889,1.1212999820709229,1.1549999713897705
2026-06-08 00:00:00+00:00,1.1548999547958374,1.1669000387191772,1.1419999599456787,1.1510000228881836
2026-06-08 04:00:00+00:00,1.1514999866485596,1.1519999504089355,1.1313999891281128,1.1469999551773071
2026-06-08 08:00:00+00:00,1.1467000246047974,1.164199948310852,1.1353000402450562,1.157099962234497
2026-06-08 12:00:00+00:00,1.157099962234497,1.1849000453948975,1.1455999612808228,1.170300006866455
2026-06-08 16:00:00+00:00,1.1705000400543213,1.1859999895095825,1.1576000452041626,1.1786999702453613
2026-06-08 20:00:00+00:00,1.1797000169754028,1.1854000091552734,1.1660000085830688,1.1678999662399292
2026-06-09 00:00:00+00:00,1.1675000190734863,1.170799970626831,1.1433000564575195,1.1543999910354614
2026-06-09 04:00:00+00:00,1.1541999578475952,1.1761000156402588,1.1505000591278076,1.1706000566482544
2026-06-09 08:00:00+00:00,1.1708999872207642,1.1718000173568726,1.1521999835968018,1.1549999713897705
2026-06-09 12:00:00+00:00,1.1542999744415283,1.166100025177002,1.126099944114685,1.1267000436782837
2026-06-09 16:00:00+00:00,1.127500057220459,1.146399974822998,1.117900013923645,1.1390999555587769
2026-06-09 20:00:00+00:00,1.1396000385284424,1.144700050354004,1.1332000494003296,1.1368999481201172
2026-06-10 00:00:00+00:00,1.1376999616622925,1.1405999660491943,1.1150000095367432,1.1186000108718872
2026-06-10 04:00:00+00:00,1.1186000108718872,1.1217999458312988,1.1061999797821045,1.1162999868392944
2026-06-10 08:00:00+00:00,1.1160999536514282,1.1161999702453613,1.100600004196167,1.103600025177002
2026-06-10 12:00:00+00:00,1.103600025177002,1.1366000175476074,1.1018999814987183,1.1275999546051025
2026-06-10 16:00:00+00:00,1.1276999711990356,1.128499984741211,1.0963000059127808,1.097000002861023
2026-06-10 20:00:00+00:00,1.097100019454956,1.1023000478744507,1.0887999534606934,1.0959999561309814
2026-06-11 00:00:00+00:00,1.0961999893188477,1.1210999488830566,1.0956000089645386,1.118399977684021
2026-06-11 04:00:00+00:00,1.1180000305175781,1.120300054550171,1.1105999946594238,1.1138999462127686
2026-06-11 08:00:00+00:00,1.1141999959945679,1.1246000528335571,1.1131999492645264,1.1212999820709229
2026-06-11 12:00:00+00:00,1.1212999820709229,1.121399998664856,1.1061999797821045,1.1117000579833984
2026-06-11 16:00:00+00:00,1.1119999885559082,1.1484999656677246,1.1032999753952026,1.142199993133545
2026-06-11 20:00:00+00:00,1.1425000429153442,1.1449999809265137,1.13100004196167,1.1411999464035034
2026-06-12 00:00:00+00:00,1.1412999629974365,1.148300051689148,1.1349999904632568,1.1426000595092773
2026-06-12 04:00:00+00:00,1.1430000066757202,1.1490999460220337,1.1262999773025513,1.1324000358581543
2026-06-12 08:00:00+00:00,1.132599949836731,1.1505000591278076,1.132599949836731,1.1403000354766846
2026-06-12 12:00:00+00:00,1.1397000551223755,1.156499981880188,1.125,1.1279000043869019
2026-06-12 16:00:00+00:00,1.1279000043869019,1.1376999616622925,1.125599980354309,1.131100058555603
2026-06-12 20:00:00+00:00,1.131100058555603,1.134600043296814,1.1276999711990356,1.1318000555038452
2026-06-13 00:00:00+00:00,1.1318000555038452,1.1404000520706177,1.1305999755859375,1.1331000328063965
2026-06-13 04:00:00+00:00,1.1331000328063965,1.1440000534057617,1.1291999816894531,1.1410000324249268
2026-06-13 08:00:00+00:00,1.1409000158309937,1.148900032043457,1.139799952507019,1.1478999853134155
2026-06-13 12:00:00+00:00,1.1478999853134155,1.1603000164031982,1.1464999914169312,1.155900001525879
2026-06-13 16:00:00+00:00,1.1561000347137451,1.1562000513076782,1.142300009727478,1.1469999551773071
2026-06-13 20:00:00+00:00,1.1469999551773071,1.1550999879837036,1.1446000337600708,1.1497999429702759
2026-06-14 00:00:00+00:00,1.1503000259399414,1.1562000513076782,1.1477999687194824,1.1532000303268433
2026-06-14 04:00:00+00:00,1.1533000469207764,1.1538000106811523,1.1424000263214111,1.145799994468689
2026-06-14 08:00:00+00:00,1.145900011062622,1.1483999490737915,1.1404999494552612,1.1433000564575195
2026-06-14 12:00:00+00:00,1.1434999704360962,1.1438000202178955,1.1263999938964844,1.1344000101089478
2026-06-14 16:00:00+00:00,1.1342999935150146,1.1385999917984009,1.1299999952316284,1.1325000524520874
2026-06-14 20:00:00+00:00,1.1328999996185303,1.1871999502182007,1.131100058555603,1.1854000091552734
2026-06-15 00:00:00+00:00,1.1856000423431396,1.1929999589920044,1.1771999597549438,1.1865999698638916
2026-06-15 04:00:00+00:00,1.1864999532699585,1.187999963760376,1.1797000169754028,1.1805000305175781
2026-06-15 08:00:00+00:00,1.1805000305175781,1.2324999570846558,1.1783000230789185,1.231600046157837
2026-06-15 12:00:00+00:00,1.2316999435424805,1.269700050354004,1.2259999513626099,1.2680000066757202
2026-06-15 16:00:00+00:00,1.2675000429153442,1.2924000024795532,1.257699966430664,1.2735999822616577
2026-06-15 20:00:00+00:00,1.274999976158142,1.2773000001907349,1.233299970626831,1.2374000549316406
2026-06-16 00:00:00+00:00,1.2373000383377075,1.242400050163269,1.2130999565124512,1.226699948310852
2026-06-16 04:00:00+00:00,1.2271000146865845,1.2380000352859497,1.2202999591827393,1.2348999977111816
2026-06-16 08:00:00+00:00,1.2340999841690063,1.251099944114685,1.232699990272522,1.2369999885559082
2026-06-16 12:00:00+00:00,1.2372000217437744,1.2549999952316284,1.204200029373169,1.2086999416351318
2026-06-16 16:00:00+00:00,1.2091000080108643,1.2299000024795532,1.2075999975204468,1.2193000316619873
2026-06-16 20:00:00+00:00,1.218999981880188,1.2244000434875488,1.214900016784668,1.2160999774932861
2026-06-17 00:00:00+00:00,1.2161999940872192,1.2268999814987183,1.207200050354004,1.2151000499725342
2026-06-17 04:00:00+00:00,1.215499997138977,1.2213000059127808,1.2045999765396118,1.208400011062622
2026-06-17 08:00:00+00:00,1.208400011062622,1.2094999551773071,1.1878000497817993,1.1919000148773193
2026-06-17 12:00:00+00:00,1.1926000118255615,1.2128000259399414,1.188099980354309,1.2127000093460083
2026-06-17 16:00:00+00:00,1.2130999565124512,1.2239999771118164,1.1764999628067017,1.179800033569336
2026-06-17 20:00:00+00:00,1.1797000169754028,1.1899000406265259,1.170699954032898,1.1857999563217163
2026-06-18 00:00:00+00:00,1.1858999729156494,1.1912000179290771,1.176900029182434,1.1776000261306763
2026-06-18 04:00:00+00:00,1.17739999294281,1.180299997329712,1.1618000268936157,1.1777000427246094
2026-06-18 08:00:00+00:00,1.1779999732971191,1.18149995803833,1.1605000495910645,1.1633000373840332
2026-06-18 12:00:00+00:00,1.163699984550476,1.1710000038146973,1.1318000555038452,1.1367000341415405
2026-06-18 16:00:00+00:00,1.1360000371932983,1.1474000215530396,1.1339999437332153,1.142699956893921
2026-06-18 20:00:00+00:00,1.142699956893921,1.153499960899353,1.1410000324249268,1.145300030708313
2026-06-19 00:00:00+00:00,1.1452000141143799,1.1518000364303589,1.135699987411499,1.1378999948501587
2026-06-19 04:00:00+00:00,1.1378999948501587,1.1390999555587769,1.1204999685287476,1.1241999864578247
2026-06-19 08:00:00+00:00,1.124400019645691,1.1299999952316284,1.1202000379562378,1.1261999607086182
2026-06-19 12:00:00+00:00,1.1266000270843506,1.1425000429153442,1.1190999746322632,1.1359000205993652
2026-06-19 16:00:00+00:00,1.135599970817566,1.138100028038025,1.1273000240325928,1.1303999423980713
2026-06-19 20:00:00+00:00,1.1304999589920044,1.1369999647140503,1.1261999607086182,1.1348999738693237
2026-06-20 00:00:00+00:00,1.134600043296814,1.1416000127792358,1.134600043296814,1.1389000415802002
2026-06-20 04:00:00+00:00,1.1390000581741333,1.1533000469207764,1.1377999782562256,1.146299958229065
2026-06-20 08:00:00+00:00,1.146299958229065,1.151900053024292,1.1439000368118286,1.146299958229065
2026-06-20 12:00:00+00:00,1.1464999914169312,1.1536999940872192,1.1330000162124634,1.1496000289916992
2026-06-20 16:00:00+00:00,1.149899959564209,1.149899959564209,1.1378999948501587,1.142799973487854
2026-06-20 20:00:00+00:00,1.142799973487854,1.1542999744415283,1.1424000263214111,1.1485999822616577
2026-06-21 00:00:00+00:00,1.1490000486373901,1.1502000093460083,1.1449999809265137,1.148300051689148
2026-06-21 04:00:00+00:00,1.148300051689148,1.1509000062942505,1.141800045967102,1.1461000442504883
2026-06-21 08:00:00+00:00,1.1461000442504883,1.1520999670028687,1.1402000188827515,1.1412999629974365
2026-06-21 12:00:00+00:00,1.1414999961853027,1.1502000093460083,1.1385999917984009,1.148300051689148
2026-06-21 16:00:00+00:00,1.1480000019073486,1.1480000019073486,1.1378999948501587,1.1441999673843384
2026-06-21 20:00:00+00:00,1.1442999839782715,1.145900011062622,1.1223000288009644,1.1236000061035156
2026-06-22 00:00:00+00:00,1.123900055885315,1.1503000259399414,1.123900055885315,1.1289000511169434
2026-06-22 04:00:00+00:00,1.12909996509552,1.138200044631958,1.1277999877929688,1.1360000371932983
2026-06-22 08:00:00+00:00,1.1365000009536743,1.148800015449524,1.1309000253677368,1.1469000577926636
2026-06-22 12:00:00+00:00,1.1469999551773071,1.162600040435791,1.1368000507354736,1.138700008392334
2026-06-22 16:00:00+00:00,1.1390000581741333,1.142899990081787,1.1289000511169434,1.1332999467849731
2026-06-22 20:00:00+00:00,1.1330000162124634,1.1363999843597412,1.1205999851226807,1.1283999681472778
2026-06-23 00:00:00+00:00,1.1277999877929688,1.132599949836731,1.1216000318527222,1.126099944114685
2026-06-23 04:00:00+00:00,1.1263999938964844,1.1267000436782837,1.107300043106079,1.1116000413894653
2026-06-23 08:00:00+00:00,1.111899971961975,1.1140999794006348,1.093500018119812,1.108199954032898
2026-06-23 12:00:00+00:00,1.108299970626831,1.1086000204086304,1.0913000106811523,1.0972000360488892
2026-06-23 16:00:00+00:00,1.0978000164031982,1.103700041770935,1.0943000316619873,1.1009000539779663
2026-06-23 20:00:00+00:00,1.1008000373840332,1.1104999780654907,1.1003999710083008,1.1088000535964966
2026-06-24 00:00:00+00:00,1.1087000370025635,1.1124000549316406,1.0976999998092651,1.1023000478744507
2026-06-24 04:00:00+00:00,1.1024999618530273,1.1053999662399292,1.0942000150680542,1.0972000360488892
2026-06-24 08:00:00+00:00,1.0973999500274658,1.1019999980926514,1.080899953842163,1.0944000482559204
2026-06-24 12:00:00+00:00,1.094499945640564,1.094499945640564,1.0551999807357788,1.0570000410079956
2026-06-24 16:00:00+00:00,1.05649995803833,1.069000005722046,1.045199990272522,1.055799961090088
2026-06-24 20:00:00+00:00,1.0556999444961548,1.0788999795913696,1.0527000427246094,1.0720000267028809
2026-06-25 00:00:00+00:00,1.0720000267028809,1.0765000581741333,1.0678000450134277,1.070199966430664
2026-06-25 04:00:00+00:00,1.0706000328063965,1.0881999731063843,1.0683000087738037,1.0852999687194824
2026-06-25 08:00:00+00:00,1.0853999853134155,1.0853999853134155,1.0664000511169434,1.0706000328063965
2026-06-25 12:00:00+00:00,1.0713000297546387,1.0772000551223755,1.0115000009536743,1.0334999561309814
2026-06-25 16:00:00+00:00,1.0339000225067139,1.0462000370025635,1.0253000259399414,1.0325000286102295
2026-06-25 20:00:00+00:00,1.0332000255584717,1.0469000339508057,1.0297000408172607,1.0419000387191772
2026-06-26 00:00:00+00:00,1.042199969291687,1.044700026512146,1.0080000162124634,1.0331000089645386
2026-06-26 04:00:00+00:00,1.0328999757766724,1.051200032234192,1.0253000259399414,1.0480999946594238
2026-06-26 08:00:00+00:00,1.0484999418258667,1.0492000579833984,1.018399953842163,1.0211999416351318
2026-06-26 12:00:00+00:00,1.0214999914169312,1.0479999780654907,1.0116000175476074,1.0436999797821045
2026-06-26 16:00:00+00:00,1.0442999601364136,1.0520999431610107,1.037500023841858,1.0499000549316406
2026-06-26 20:00:00+00:00,1.0475000143051147,1.0534000396728516,1.0368000268936157,1.047700047492981
2026-06-27 00:00:00+00:00,1.0475000143051147,1.0654000043869019,1.0425000190734863,1.0573999881744385
2026-06-27 04:00:00+00:00,1.0573999881744385,1.062600016593933,1.0514999628067017,1.0586999654769897
2026-06-27 08:00:00+00:00,1.0585999488830566,1.0587999820709229,1.0528000593185425,1.057800054550171
2026-06-27 12:00:00+00:00,1.0577000379562378,1.0743000507354736,1.055999994277954,1.073799967765808
2026-06-27 16:00:00+00:00,1.0740000009536743,1.075700044631958,1.0511000156402588,1.0526000261306763
2026-06-27 20:00:00+00:00,1.0528000593185425,1.0563000440597534,1.044100046157837,1.0460000038146973
2026-06-28 00:00:00+00:00,1.0460000038146973,1.0520999431610107,1.044100046157837,1.0484000444412231
2026-06-28 04:00:00+00:00,1.0485999584197998,1.0498000383377075,1.0405000448226929,1.0496000051498413
2026-06-28 08:00:00+00:00,1.0494999885559082,1.0575000047683716,1.044700026512146,1.051300048828125
2026-06-28 12:00:00+00:00,1.0514999628067017,1.055999994277954,1.0448999404907227,1.0507999658584595
2026-06-28 16:00:00+00:00,1.0508999824523926,1.051900029182434,1.038599967956543,1.0428999662399292
2026-06-28 20:00:00+00:00,1.0427000522613525,1.0505000352859497,1.031999945640564,1.0468000173568726
2026-06-29 00:00:00+00:00,1.0467000007629395,1.0542000532150269,1.0312999486923218,1.0491000413894653
2026-06-29 04:00:00+00:00,1.0492000579833984,1.0529999732971191,1.034600019454956,1.0475000143051147
2026-06-29 08:00:00+00:00,1.0475000143051147,1.0591000318527222,1.0405000448226929,1.0520999431610107
2026-06-29 12:00:00+00:00,1.052299976348877,1.0641000270843506,1.0384000539779663,1.0476000308990479
2026-06-29 16:00:00+00:00,1.0476000308990479,1.0750000476837158,1.0413000583648682,1.0729999542236328
2026-06-29 20:00:00+00:00,1.0736000537872314,1.0736000537872314,1.0540000200271606,1.0573999881744385
2026-06-30 00:00:00+00:00,1.0569000244140625,1.0575000047683716,1.0424000024795532,1.0436999797821045
2026-06-30 04:00:00+00:00,1.0435999631881714,1.0498000383377075,1.041200041770935,1.0458999872207642
2026-06-30 08:00:00+00:00,1.0461000204086304,1.0468000173568726,1.0355000495910645,1.0372999906539917
2026-06-30 12:00:00+00:00,1.0369000434875488,1.0433000326156616,1.0254000425338745,1.0321999788284302
2026-06-30 16:00:00+00:00,1.0325000286102295,1.0477999448776245,1.030500054359436,1.0439000129699707
2026-06-30 20:00:00+00:00,1.042199969291687,1.0448999404907227,1.0367000102996826,1.0383000373840332
2026-07-01 00:00:00+00:00,1.038699984550476,1.051300048828125,1.0210000276565552,1.049299955368042
2026-07-01 04:00:00+00:00,1.0492000579833984,1.052299976348877,1.0378999710083008,1.0425000190734863
2026-07-01 08:00:00+00:00,1.042199969291687,1.0477999448776245,1.035599946975708,1.0374000072479248
2026-07-01 12:00:00+00:00,1.0372999906539917,1.0644999742507935,1.0333000421524048,1.0597000122070312
2026-07-01 16:00:00+00:00,1.059999942779541,1.0645999908447266,1.0537999868392944,1.0604000091552734
2026-07-01 20:00:00+00:00,1.0602999925613403,1.0721999406814575,1.0508999824523926,1.051900029182434
2026-07-02 00:00:00+00:00,1.051800012588501,1.069000005722046,1.0439000129699707,1.06659996509552
2026-07-02 04:00:00+00:00,1.0667999982833862,1.0667999982833862,1.0543999671936035,1.0572999715805054
2026-07-02 08:00:00+00:00,1.0573999881744385,1.0846999883651733,1.0571000576019287,1.082800030708313
2026-07-02 12:00:00+00:00,1.082800030708313,1.111199975013733,1.082200050354004,1.0927000045776367
2026-07-02 16:00:00+00:00,1.093000054359436,1.0954999923706055,1.0824999809265137,1.0845999717712402
2026-07-02 20:00:00+00:00,1.0843000411987305,1.0871000289916992,1.0778000354766846,1.0870000123977661
2026-07-03 00:00:00+00:00,1.0870000123977661,1.094599962234497,1.0815999507904053,1.0895999670028687
2026-07-03 04:00:00+00:00,1.0895999670028687,1.1053999662399292,1.0875999927520752,1.1015000343322754
2026-07-03 08:00:00+00:00,1.1015000343322754,1.1116000413894653,1.0973999500274658,1.1088999509811401
2026-07-03 12:00:00+00:00,1.1090999841690063,1.1225999593734741,1.1024999618530273,1.1190999746322632
2026-07-03 16:00:00+00:00,1.1193000078201294,1.1444000005722046,1.1132999658584595,1.1308000087738037
2026-07-03 20:00:00+00:00,1.1303999423980713,1.1425000429153442,1.1262999773025513,1.1339000463485718
2026-07-04 00:00:00+00:00,1.1339999437332153,1.142199993133545,1.1304999589920044,1.1369999647140503
2026-07-04 04:00:00+00:00,1.1368999481201172,1.1485999822616577,1.132099986076355,1.138700008392334
2026-07-04 08:00:00+00:00,1.1390000581741333,1.1477999687194824,1.1341999769210815,1.139299988746643
2026-07-04 12:00:00+00:00,1.13919997215271,1.1783000230789185,1.13919997215271,1.1717000007629395
2026-07-04 16:00:00+00:00,1.1713999509811401,1.1830999851226807,1.1628999710083008,1.1675000190734863
2026-07-04 20:00:00+00:00,1.167099952697754,1.1690000295639038,1.1531000137329102,1.1562999486923218
2026-07-05 00:00:00+00:00,1.156499981880188,1.156499981880188,1.132699966430664,1.1374000310897827
2026-07-05 04:00:00+00:00,1.1374000310897827,1.1413999795913696,1.132699966430664,1.1390999555587769
2026-07-05 08:00:00+00:00,1.1390000581741333,1.1406999826431274,1.1239999532699585,1.131100058555603
2026-07-05 12:00:00+00:00,1.1309000253677368,1.1402000188827515,1.1279000043869019,1.1360000371932983
2026-07-05 16:00:00+00:00,1.136199951171875,1.1390000581741333,1.1308000087738037,1.1341999769210815
2026-07-05 20:00:00+00:00,1.1340999603271484,1.1684000492095947,1.1335999965667725,1.1562000513076782
2026-07-06 00:00:00+00:00,1.156499981880188,1.1603000164031982,1.1405999660491943,1.146299958229065
2026-07-06 04:00:00+00:00,1.1460000276565552,1.1476999521255493,1.1354999542236328,1.1447999477386475
2026-07-06 08:00:00+00:00,1.1449999809265137,1.1502000093460083,1.1332000494003296,1.1339999437332153
2026-07-06 12:00:00+00:00,1.1337000131607056,1.1446000337600708,1.1083999872207642,1.1437000036239624
2026-07-06 16:00:00+00:00,1.1440999507904053,1.1576000452041626,1.1390999555587769,1.1476999521255493
2026-07-06 20:00:00+00:00,1.1481000185012817,1.1638000011444092,1.1414999961853027,1.1442999839782715
2026-07-07 00:00:00+00:00,1.1445000171661377,1.1505999565124512,1.1267000436782837,1.1283999681472778
2026-07-07 04:00:00+00:00,1.128000020980835,1.1341999769210815,1.1204999685287476,1.1259000301361084
2026-07-07 08:00:00+00:00,1.126099944114685,1.1291999816894531,1.1190999746322632,1.1241999864578247
2026-07-07 12:00:00+00:00,1.1241999864578247,1.1318000555038452,1.1075999736785889,1.129699945449829
2026-07-07 16:00:00+00:00,1.1298999786376953,1.1339000463485718,1.1128000020980835,1.121500015258789
2026-07-07 20:00:00+00:00,1.1217999458312988,1.122499942779541,1.107200026512146,1.111299991607666
2026-07-08 00:00:00+00:00,1.111899971961975,1.1153000593185425,1.0901999473571777,1.094499945640564
2026-07-08 04:00:00+00:00,1.0951000452041626,1.09660005569458,1.085800051689148,1.0930999517440796
2026-07-08 08:00:00+00:00,1.0927000045776367,1.094099998474121,1.0750000476837158,1.0859999656677246
2026-07-08 12:00:00+00:00,1.0855000019073486,1.0877000093460083,1.0687999725341797,1.0729000568389893
2026-07-08 16:00:00+00:00,1.07260000705719,1.093999981880188,1.0722999572753906,1.0907000303268433
2026-07-08 20:00:00+00:00,1.090000033378601,1.0924999713897705,1.083400011062622,1.0901000499725342
2026-07-09 00:00:00+00:00,1.090000033378601,1.0976999998092651,1.0816999673843384,1.086899995803833
2026-07-09 04:00:00+00:00,1.087499976158142,1.1018999814987183,1.0841000080108643,1.0972000360488892
2026-07-09 08:00:00+00:00,1.0967999696731567,1.0982999801635742,1.0895999670028687,1.0924999713897705
2026-07-09 12:00:00+00:00,1.0922000408172607,1.0999000072479248,1.0882999897003174,1.0888999700546265
2026-07-09 16:00:00+00:00,1.0891000032424927,1.0994999408721924,1.0855000019073486,1.0968999862670898
2026-07-09 20:00:00+00:00,1.0968999862670898,1.0989999771118164,1.0917999744415283,1.0925999879837036
2026-07-10 00:00:00+00:00,1.0924999713897705,1.1088999509811401,1.0884000062942505,1.1060999631881714
2026-07-10 04:00:00+00:00,1.1061999797821045,1.111299991607666,1.1029000282287598,1.1051000356674194
2026-07-10 08:00:00+00:00,1.1051000356674194,1.1174999475479126,1.104099988937378,1.1117000579833984
2026-07-10 12:00:00+00:00,1.1116000413894653,1.113700032234192,1.09660005569458,1.1029000282287598
2026-07-10 16:00:00+00:00,1.1030000448226929,1.1060999631881714,1.096500039100647,1.1045000553131104
2026-07-10 20:00:00+00:00,1.1045000553131104,1.1057000160217285,1.1017999649047852,1.1038999557495117
2026-07-11 00:00:00+00:00,1.1038999557495117,1.1089999675750732,1.1009000539779663,1.1069999933242798
2026-07-11 04:00:00+00:00,1.1067999601364136,1.1085000038146973,1.1028000116348267,1.1068999767303467
2026-07-11 08:00:00+00:00,1.1067999601364136,1.1101000308990479,1.1051000356674194,1.1074999570846558
2026-07-11 12:00:00+00:00,1.1074999570846558,1.117400050163269,1.106600046157837,1.1124000549316406
2026-07-11 16:00:00+00:00,1.1124000549316406,1.118499994277954,1.1102999448776245,1.114799976348877
2026-07-11 20:00:00+00:00,1.114799976348877,1.1159000396728516,1.095900058746338,1.0960999727249146
2026-07-12 00:00:00+00:00,1.0952999591827393,1.0990999937057495,1.0887000560760498,1.0990999937057495
2026-07-12 04:00:00+00:00,1.0988999605178833,1.0994000434875488,1.0861999988555908,1.0908000469207764
2026-07-12 08:00:00+00:00,1.0906000137329102,1.0979000329971313,1.089900016784668,1.0957000255584717
2026-07-12 12:00:00+00:00,1.0954999923706055,1.1026999950408936,1.0952999591827393,1.1013000011444092
2026-07-12 16:00:00+00:00,1.1016000509262085,1.1031999588012695,1.09660005569458,1.0996999740600586
2026-07-12 20:00:00+00:00,1.100000023841858,1.1003999710083008,1.080299973487854,1.0853999853134155
2026-07-13 00:00:00+00:00,1.0855000019073486,1.1013000011444092,1.0671000480651855,1.0716999769210815
2026-07-13 04:00:00+00:00,1.0710999965667725,1.080899953842163,1.069700002670288,1.0787999629974365
2026-07-13 08:00:00+00:00,1.0788999795913696,1.0821000337600708,1.0750999450683594,1.0765000581741333
2026-07-13 12:00:00+00:00,1.07669997215271,1.079300045967102,1.065000057220459,1.0715999603271484
2026-07-13 16:00:00+00:00,1.0719000101089478,1.0735000371932983,1.055899977684021,1.066100001335144
2026-07-13 20:00:00+00:00,1.0662000179290771,1.0671000480651855,1.0526000261306763,1.0662000179290771
2026-07-14 00:00:00+00:00,1.06659996509552,1.069700002670288,1.059999942779541,1.0651999711990356
2026-07-14 04:00:00+00:00,1.0650999546051025,1.0717999935150146,1.063099980354309,1.0676000118255615
2026-07-14 08:00:00+00:00,1.0676000118255615,1.0716999769210815,1.066499948501587,1.0713000297546387
2026-07-14 12:00:00+00:00,1.0715999603271484,1.1096999645233154,1.0693000555038452,1.103700041770935
2026-07-14 16:00:00+00:00,1.104200005531311,1.1200000047683716,1.0986000299453735,1.1146999597549438
2026-07-14 20:00:00+00:00,1.1145999431610107,1.1152000427246094,1.1044000387191772,1.1109999418258667
2026-07-15 00:00:00+00:00,1.1115000247955322,1.1116000413894653,1.0981999635696411,1.103600025177002
2026-07-15 04:00:00+00:00,1.103700041770935,1.1124999523162842,1.0989999771118164,1.1030999422073364
2026-07-15 08:00:00+00:00,1.1035000085830688,1.111799955368042,1.1023999452590942,1.1075999736785889
2026-07-15 12:00:00+00:00,1.1075999736785889,1.1292999982833862,1.1047999858856201,1.1253999471664429
2026-07-15 16:00:00+00:00,1.1256999969482422,1.1262999773025513,1.107300043106079,1.1093000173568726
2026-07-15 20:00:00+00:00,1.1085000038146973,1.1181999444961548,1.1081000566482544,1.1126999855041504
2026-07-16 00:00:00+00:00,1.1126999855041504,1.117300033569336,1.1054999828338623,1.1122000217437744
2026-07-16 04:00:00+00:00,1.1122000217437744,1.1168999671936035,1.1031999588012695,1.1054999828338623
2026-07-16 08:00:00+00:00,1.1054999828338623,1.1092000007629395,1.0992000102996826,1.107800006866455
2026-07-16 12:00:00+00:00,1.1074999570846558,1.117400050163269,1.0992000102996826,1.1139999628067017
2026-07-16 16:00:00+00:00,1.1139999628067017,1.114300012588501,1.0872999429702759,1.0966999530792236
2026-07-16 20:00:00+00:00,1.0960999727249146,1.0982999801635742,1.0845999717712402,1.0861999988555908
2026-07-17 00:00:00+00:00,1.0859999656677246,1.094599962234497,1.0822999477386475,1.0915000438690186
2026-07-17 04:00:00+00:00,1.0914000272750854,1.0917999744415283,1.0785000324249268,1.082900047302246
2026-07-17 08:00:00+00:00,1.0829999446868896,1.087399959564209,1.0781999826431274,1.083799958229065
2026-07-17 12:00:00+00:00,1.0836999416351318,1.0856000185012817,1.0687999725341797,1.0823999643325806
2026-07-17 16:00:00+00:00,1.082200050354004,1.0950000286102295,1.0812000036239624,1.0906000137329102
2026-07-17 20:00:00+00:00,1.090499997138977,1.09089994430542,1.0860999822616577,1.0884000062942505
2026-07-18 00:00:00+00:00,1.0884000062942505,1.0910999774932861,1.0865999460220337,1.0894999504089355
2026-07-18 04:00:00+00:00,1.0895999670028687,1.090000033378601,1.0861999988555908,1.0881999731063843
2026-07-18 08:00:00+00:00,1.0882999897003174,1.0908000469207764,1.083299994468689,1.0880000591278076
2026-07-18 12:00:00+00:00,1.0880000591278076,1.0902999639511108,1.0830999612808228,1.085800051689148
2026-07-18 16:00:00+00:00,1.0860999822616577,1.094599962234497,1.0857000350952148,1.0927000045776367
2026-07-18 20:00:00+00:00,1.092900037765503,1.0973999500274658,1.0910999774932861,1.0922000408172607
2026-07-19 00:00:00+00:00,1.0921000242233276,1.0992000102996826,1.090999960899353,1.0943000316619873
2026-07-19 04:00:00+00:00,1.093999981880188,1.0979000329971313,1.0931999683380127,1.0944000482559204
2026-07-19 08:00:00+00:00,1.0950000286102295,1.0987999439239502,1.093400001525879,1.0961999893188477
2026-07-19 12:00:00+00:00,1.0963000059127808,1.1004999876022339,1.090399980545044,1.097100019454956
2026-07-19 16:00:00+00:00,1.0972000360488892,1.097599983215332,1.0889999866485596,1.0937999486923218
2026-07-19 20:00:00+00:00,1.0938999652862549,1.1009000539779663,1.09089994430542,1.097000002861023
2026-07-20 00:00:00+00:00,1.097100019454956,1.107100009918213,1.092900037765503,1.0992000102996826
2026-07-20 04:00:00+00:00,1.100000023841858,1.100000023841858,1.0822999477386475,1.0893000364303589
2026-07-20 08:00:00+00:00,1.0889999866485596,1.1059000492095947,1.0852999687194824,1.1049000024795532
2026-07-20 12:00:00+00:00,1.1049000024795532,1.1130000352859497,1.0857000350952148,1.111799955368042
2026-07-20 16:00:00+00:00,1.1124000549316406,1.1196999549865723,1.1093000173568726,1.1159000396728516
2026-07-20 20:00:00+00:00,1.1160000562667847,1.1176999807357788,1.1073999404907227,1.1117000579833984
2026-07-21 00:00:00+00:00,1.1114000082015991,1.124899983406067,1.1104999780654907,1.1237000226974487
2026-07-21 04:00:00+00:00,1.1237000226974487,1.1373000144958496,1.1210999488830566,1.1354999542236328
2026-07-21 08:00:00+00:00,1.1354000568389893,1.1368999481201172,1.1289000511169434,1.135699987411499
2026-07-21 12:00:00+00:00,1.1359000205993652,1.1562000513076782,1.1339999437332153,1.1542999744415283
2026-07-21 16:00:00+00:00,1.1543999910354614,1.1640000343322754,1.1477999687194824,1.1562000513076782
2026-07-21 20:00:00+00:00,1.1562999486923218,1.157099962234497,1.1375000476837158,1.1432000398635864
2026-07-22 00:00:00+00:00,1.1432000398635864,1.1470999717712402,1.1376999616622925,1.1382999420166016
2026-07-22 04:00:00+00:00,1.138100028038025,1.1416000127792358,1.1282999515533447,1.1303000450134277
2026-07-22 08:00:00+00:00,1.1303999423980713,1.139799952507019,1.1302000284194946,1.138100028038025
2026-07-22 12:00:00+00:00,1.1380000114440918,1.155400037765503,1.1332000494003296,1.1509000062942505
2026-07-22 16:00:00+00:00,1.1511000394821167,1.156999945640564,1.135699987411499,1.1368000507354736
2026-07-22 20:00:00+00:00,1.1365000009536743,1.141800045967102,1.1334999799728394,1.1411999464035034
2026-07-23 00:00:00+00:00,1.141800045967102,1.1446000337600708,1.1375000476837158,1.138800024986267
